ISO-10303-21;
HEADER;
/* Generated by software containing ST-Developer
 * from STEP Tools, Inc. (www.steptools.com) 
 */
/* OPTION: strings as raw bytes, not using required /X/ escapes */

FILE_DESCRIPTION(
/* description */ ('Unknown'),
/* implementation_level */ '2;1');

FILE_NAME(
/* name */ 'TS41-4539-35-WT-160-SMT-TR',
/* time_stamp */ '2026-02-04T08:20:40+02:00',
/* author */ ('Unknown'),
/* organization */ ('Unknown'),
/* preprocessor_version */ 'ST-DEVELOPER v19.4',
/* originating_system */ 'Solid Edge',
/* authorisation */ 'Unknown');

FILE_SCHEMA (('AUTOMOTIVE_DESIGN {1 0 10303 214 3 1 1}'));
ENDSEC;

DATA;
#10=PROPERTY_DEFINITION_REPRESENTATION(#14,#12);
#11=PROPERTY_DEFINITION_REPRESENTATION(#15,#13);
#12=REPRESENTATION('',(#16),#6098);
#13=REPRESENTATION('',(#17),#6098);
#14=PROPERTY_DEFINITION('pmi validation property','',#6103);
#15=PROPERTY_DEFINITION('pmi validation property','',#6103);
#16=VALUE_REPRESENTATION_ITEM('number of annotations',COUNT_MEASURE(0.));
#17=VALUE_REPRESENTATION_ITEM('number of views',COUNT_MEASURE(0.));
#18=SHAPE_REPRESENTATION_RELATIONSHIP('','',#4133,#19);
#19=ADVANCED_BREP_SHAPE_REPRESENTATION('',(#4131),#6098);
#20=CONICAL_SURFACE('',#4261,0.297781093774581,0.785398163397449);
#21=CONICAL_SURFACE('',#4263,0.197781093774581,0.785398163397449);
#22=B_SPLINE_CURVE_WITH_KNOTS('',3,(#5304,#5305,#5306,#5307),
 .UNSPECIFIED.,.F.,.F.,(4,4),(0.,9.22243288153878E-5),.UNSPECIFIED.);
#23=B_SPLINE_CURVE_WITH_KNOTS('',3,(#5317,#5318,#5319,#5320),
 .UNSPECIFIED.,.F.,.F.,(4,4),(0.,9.21851480236325E-5),.UNSPECIFIED.);
#24=B_SPLINE_CURVE_WITH_KNOTS('',3,(#5399,#5400,#5401,#5402),
 .UNSPECIFIED.,.F.,.F.,(4,4),(0.,9.21851480236328E-5),.UNSPECIFIED.);
#25=B_SPLINE_CURVE_WITH_KNOTS('',3,(#5411,#5412,#5413,#5414),
 .UNSPECIFIED.,.F.,.F.,(4,4),(0.,9.22243288153886E-5),.UNSPECIFIED.);
#26=B_SPLINE_CURVE_WITH_KNOTS('',3,(#5856,#5857,#5858,#5859),
 .UNSPECIFIED.,.F.,.F.,(4,4),(2.6796683236528E-5,3.20533798411618E-5),
 .UNSPECIFIED.);
#27=B_SPLINE_CURVE_WITH_KNOTS('',3,(#5863,#5864,#5865,#5866),
 .UNSPECIFIED.,.F.,.F.,(4,4),(0.,9.30211881931095E-5),.UNSPECIFIED.);
#28=B_SPLINE_CURVE_WITH_KNOTS('',3,(#5914,#5915,#5916,#5917),
 .UNSPECIFIED.,.F.,.F.,(4,4),(2.88319618232003E-5,0.000121881192254138),
 .UNSPECIFIED.);
#29=B_SPLINE_CURVE_WITH_KNOTS('',3,(#5921,#5922,#5923,#5924),
 .UNSPECIFIED.,.F.,.F.,(4,4),(0.,5.25900043364508E-6),.UNSPECIFIED.);
#30=ELLIPSE('',#4159,0.109907283994284,0.0951825000000004);
#31=ELLIPSE('',#4173,0.109907283994284,0.0951825000000004);
#32=ELLIPSE('',#4181,0.109907283994284,0.0951825000000004);
#33=ELLIPSE('',#4186,0.109907283994284,0.0951825000000004);
#34=ELLIPSE('',#4210,0.109907283994284,0.0951825000000004);
#35=ELLIPSE('',#4213,0.109907283994284,0.0951825000000004);
#36=ELLIPSE('',#4234,0.109907283994284,0.0951825000000004);
#37=ELLIPSE('',#4237,0.109907283994284,0.0951825000000004);
#38=CYLINDRICAL_SURFACE('',#4149,1.);
#39=CYLINDRICAL_SURFACE('',#4151,0.147000000000001);
#40=CYLINDRICAL_SURFACE('',#4155,0.147000000000001);
#41=CYLINDRICAL_SURFACE('',#4160,0.147000000000001);
#42=CYLINDRICAL_SURFACE('',#4164,0.147000000000001);
#43=CYLINDRICAL_SURFACE('',#4167,0.147000000000001);
#44=CYLINDRICAL_SURFACE('',#4169,0.147000000000001);
#45=CYLINDRICAL_SURFACE('',#4174,0.147000000000001);
#46=CYLINDRICAL_SURFACE('',#4182,0.147000000000001);
#47=CYLINDRICAL_SURFACE('',#4187,0.147000000000001);
#48=CYLINDRICAL_SURFACE('',#4189,0.147000000000001);
#49=CYLINDRICAL_SURFACE('',#4193,0.147000000000001);
#50=CYLINDRICAL_SURFACE('',#4195,0.147000000000001);
#51=CYLINDRICAL_SURFACE('',#4203,0.0514500000000002);
#52=CYLINDRICAL_SURFACE('',#4216,0.0514500000000002);
#53=CYLINDRICAL_SURFACE('',#4220,0.0514500000000002);
#54=CYLINDRICAL_SURFACE('',#4224,0.0514500000000002);
#55=CYLINDRICAL_SURFACE('',#4241,0.0514500000000002);
#56=CYLINDRICAL_SURFACE('',#4245,0.0514500000000002);
#57=CYLINDRICAL_SURFACE('',#4249,0.0514500000000002);
#58=CYLINDRICAL_SURFACE('',#4253,0.0514500000000002);
#59=CYLINDRICAL_SURFACE('',#4265,1.05181062208049);
#60=CYLINDRICAL_SURFACE('',#4267,0.2);
#61=CYLINDRICAL_SURFACE('',#4271,0.2);
#62=CYLINDRICAL_SURFACE('',#4274,0.150957632136572);
#63=CYLINDRICAL_SURFACE('',#4296,0.150957632136572);
#64=CYLINDRICAL_SURFACE('',#4317,0.059109350404775);
#65=CYLINDRICAL_SURFACE('',#4318,0.075);
#66=CYLINDRICAL_SURFACE('',#4319,0.131217396932285);
#67=CYLINDRICAL_SURFACE('',#4329,0.131217396932285);
#68=CYLINDRICAL_SURFACE('',#4330,0.075);
#69=CYLINDRICAL_SURFACE('',#4331,0.059109350404775);
#70=CYLINDRICAL_SURFACE('',#4366,0.0951825000000004);
#71=CYLINDRICAL_SURFACE('',#4367,0.0951825000000004);
#72=CYLINDRICAL_SURFACE('',#4368,0.0951825000000004);
#73=CYLINDRICAL_SURFACE('',#4369,0.0951825000000004);
#74=CYLINDRICAL_SURFACE('',#4370,0.0951825000000004);
#75=CYLINDRICAL_SURFACE('',#4371,0.0951825000000004);
#76=CYLINDRICAL_SURFACE('',#4372,0.0951825000000004);
#77=TOROIDAL_SURFACE('',#4147,0.9475,0.0525000000000001);
#78=CIRCLE('',#4136,0.0951825000000004);
#79=CIRCLE('',#4138,0.0951825000000004);
#80=CIRCLE('',#4146,0.9475);
#81=CIRCLE('',#4148,1.);
#82=CIRCLE('',#4150,1.);
#83=CIRCLE('',#4152,0.147000000000001);
#84=CIRCLE('',#4153,0.147000000000001);
#85=CIRCLE('',#4156,0.147000000000001);
#86=CIRCLE('',#4157,0.147000000000001);
#87=CIRCLE('',#4161,0.147000000000001);
#88=CIRCLE('',#4162,0.147000000000001);
#89=CIRCLE('',#4165,0.147000000000001);
#90=CIRCLE('',#4168,0.147000000000001);
#91=CIRCLE('',#4170,0.147000000000001);
#92=CIRCLE('',#4171,0.147000000000001);
#93=CIRCLE('',#4175,0.147000000000001);
#94=CIRCLE('',#4176,0.147000000000001);
#95=CIRCLE('',#4179,0.147000000000001);
#96=CIRCLE('',#4180,0.147000000000001);
#97=CIRCLE('',#4183,0.147000000000001);
#98=CIRCLE('',#4184,0.147000000000001);
#99=CIRCLE('',#4188,0.147000000000001);
#100=CIRCLE('',#4190,0.147000000000001);
#101=CIRCLE('',#4194,0.147000000000001);
#102=CIRCLE('',#4196,0.147000000000001);
#103=CIRCLE('',#4198,0.197781093774581);
#104=CIRCLE('',#4200,0.197781093774581);
#105=CIRCLE('',#4202,1.05181062208049);
#106=CIRCLE('',#4204,0.0514500000000002);
#107=CIRCLE('',#4205,0.0514500000000002);
#108=CIRCLE('',#4217,0.0514500000000002);
#109=CIRCLE('',#4218,0.0514500000000002);
#110=CIRCLE('',#4221,0.0514500000000002);
#111=CIRCLE('',#4222,0.0514500000000002);
#112=CIRCLE('',#4225,0.0514500000000002);
#113=CIRCLE('',#4226,0.0514500000000002);
#114=CIRCLE('',#4229,0.0951825000000004);
#115=CIRCLE('',#4230,0.0951825000000004);
#116=CIRCLE('',#4242,0.0514500000000002);
#117=CIRCLE('',#4243,0.0514500000000002);
#118=CIRCLE('',#4246,0.0514500000000002);
#119=CIRCLE('',#4247,0.0514500000000002);
#120=CIRCLE('',#4250,0.0514500000000002);
#121=CIRCLE('',#4251,0.0514500000000002);
#122=CIRCLE('',#4254,0.0514500000000002);
#123=CIRCLE('',#4255,0.0514500000000002);
#124=CIRCLE('',#4259,0.0951825000000004);
#125=CIRCLE('',#4260,0.0951825000000004);
#126=CIRCLE('',#4262,0.297781093774581);
#127=CIRCLE('',#4264,0.297781093774581);
#128=CIRCLE('',#4266,1.05181062208049);
#129=CIRCLE('',#4268,0.2);
#130=CIRCLE('',#4269,0.2);
#131=CIRCLE('',#4272,0.2);
#132=CIRCLE('',#4273,0.2);
#133=CIRCLE('',#4275,0.150957632136572);
#134=CIRCLE('',#4276,0.150957632136572);
#135=CIRCLE('',#4279,0.075);
#136=CIRCLE('',#4288,0.075);
#137=CIRCLE('',#4290,0.131217396932285);
#138=CIRCLE('',#4291,0.131217396932285);
#139=CIRCLE('',#4292,0.059109350404775);
#140=CIRCLE('',#4293,0.150957632136572);
#141=CIRCLE('',#4294,0.059109350404775);
#142=CIRCLE('',#4297,0.150957632136572);
#143=CIRCLE('',#4316,0.059109350404775);
#144=CIRCLE('',#4320,0.131217396932285);
#145=CIRCLE('',#4328,0.131217396932285);
#146=CIRCLE('',#4332,0.059109350404775);
#147=CIRCLE('',#4350,0.0951825000000004);
#148=CIRCLE('',#4353,0.0951825000000004);
#149=CIRCLE('',#4363,0.0951825000000004);
#150=CIRCLE('',#4365,0.0951825000000004);
#151=ORIENTED_EDGE('',*,*,#1017,.F.);
#152=ORIENTED_EDGE('',*,*,#1018,.T.);
#153=ORIENTED_EDGE('',*,*,#1019,.T.);
#154=ORIENTED_EDGE('',*,*,#1020,.T.);
#155=ORIENTED_EDGE('',*,*,#1021,.T.);
#156=ORIENTED_EDGE('',*,*,#1022,.T.);
#157=ORIENTED_EDGE('',*,*,#1023,.T.);
#158=ORIENTED_EDGE('',*,*,#1024,.T.);
#159=ORIENTED_EDGE('',*,*,#1025,.T.);
#160=ORIENTED_EDGE('',*,*,#1026,.F.);
#161=ORIENTED_EDGE('',*,*,#1027,.T.);
#162=ORIENTED_EDGE('',*,*,#1028,.F.);
#163=ORIENTED_EDGE('',*,*,#1029,.T.);
#164=ORIENTED_EDGE('',*,*,#1030,.F.);
#165=ORIENTED_EDGE('',*,*,#1031,.F.);
#166=ORIENTED_EDGE('',*,*,#1032,.F.);
#167=ORIENTED_EDGE('',*,*,#1033,.F.);
#168=ORIENTED_EDGE('',*,*,#1034,.F.);
#169=ORIENTED_EDGE('',*,*,#1031,.T.);
#170=ORIENTED_EDGE('',*,*,#1035,.F.);
#171=ORIENTED_EDGE('',*,*,#1024,.F.);
#172=ORIENTED_EDGE('',*,*,#1036,.T.);
#173=ORIENTED_EDGE('',*,*,#1030,.T.);
#174=ORIENTED_EDGE('',*,*,#1037,.T.);
#175=ORIENTED_EDGE('',*,*,#1025,.F.);
#176=ORIENTED_EDGE('',*,*,#1035,.T.);
#177=ORIENTED_EDGE('',*,*,#1020,.F.);
#178=ORIENTED_EDGE('',*,*,#1038,.T.);
#179=ORIENTED_EDGE('',*,*,#1026,.T.);
#180=ORIENTED_EDGE('',*,*,#1039,.F.);
#181=ORIENTED_EDGE('',*,*,#1034,.T.);
#182=ORIENTED_EDGE('',*,*,#1040,.F.);
#183=ORIENTED_EDGE('',*,*,#1021,.F.);
#184=ORIENTED_EDGE('',*,*,#1039,.T.);
#185=ORIENTED_EDGE('',*,*,#1032,.T.);
#186=ORIENTED_EDGE('',*,*,#1036,.F.);
#187=ORIENTED_EDGE('',*,*,#1023,.F.);
#188=ORIENTED_EDGE('',*,*,#1041,.T.);
#189=ORIENTED_EDGE('',*,*,#1033,.T.);
#190=ORIENTED_EDGE('',*,*,#1041,.F.);
#191=ORIENTED_EDGE('',*,*,#1022,.F.);
#192=ORIENTED_EDGE('',*,*,#1040,.T.);
#193=ORIENTED_EDGE('',*,*,#1042,.T.);
#194=ORIENTED_EDGE('',*,*,#1042,.F.);
#195=ORIENTED_EDGE('',*,*,#1043,.F.);
#196=ORIENTED_EDGE('',*,*,#1043,.T.);
#197=ORIENTED_EDGE('',*,*,#1044,.F.);
#198=ORIENTED_EDGE('',*,*,#1045,.F.);
#199=ORIENTED_EDGE('',*,*,#1046,.F.);
#200=ORIENTED_EDGE('',*,*,#1047,.F.);
#201=ORIENTED_EDGE('',*,*,#1048,.F.);
#202=ORIENTED_EDGE('',*,*,#1049,.F.);
#203=ORIENTED_EDGE('',*,*,#1046,.T.);
#204=ORIENTED_EDGE('',*,*,#1050,.T.);
#205=ORIENTED_EDGE('',*,*,#1051,.T.);
#206=ORIENTED_EDGE('',*,*,#1052,.F.);
#207=ORIENTED_EDGE('',*,*,#1053,.F.);
#208=ORIENTED_EDGE('',*,*,#1054,.F.);
#209=ORIENTED_EDGE('',*,*,#1051,.F.);
#210=ORIENTED_EDGE('',*,*,#1055,.F.);
#211=ORIENTED_EDGE('',*,*,#1047,.T.);
#212=ORIENTED_EDGE('',*,*,#1049,.T.);
#213=ORIENTED_EDGE('',*,*,#1054,.T.);
#214=ORIENTED_EDGE('',*,*,#1056,.T.);
#215=ORIENTED_EDGE('',*,*,#1057,.T.);
#216=ORIENTED_EDGE('',*,*,#1058,.T.);
#217=ORIENTED_EDGE('',*,*,#1059,.F.);
#218=ORIENTED_EDGE('',*,*,#1060,.F.);
#219=ORIENTED_EDGE('',*,*,#1061,.F.);
#220=ORIENTED_EDGE('',*,*,#1062,.F.);
#221=ORIENTED_EDGE('',*,*,#1063,.T.);
#222=ORIENTED_EDGE('',*,*,#1062,.T.);
#223=ORIENTED_EDGE('',*,*,#1064,.F.);
#224=ORIENTED_EDGE('',*,*,#1065,.T.);
#225=ORIENTED_EDGE('',*,*,#1066,.F.);
#226=ORIENTED_EDGE('',*,*,#1067,.T.);
#227=ORIENTED_EDGE('',*,*,#1057,.F.);
#228=ORIENTED_EDGE('',*,*,#1068,.F.);
#229=ORIENTED_EDGE('',*,*,#1055,.T.);
#230=ORIENTED_EDGE('',*,*,#1069,.T.);
#231=ORIENTED_EDGE('',*,*,#1070,.T.);
#232=ORIENTED_EDGE('',*,*,#1048,.T.);
#233=ORIENTED_EDGE('',*,*,#1071,.F.);
#234=ORIENTED_EDGE('',*,*,#1072,.T.);
#235=ORIENTED_EDGE('',*,*,#1073,.F.);
#236=ORIENTED_EDGE('',*,*,#1074,.F.);
#237=ORIENTED_EDGE('',*,*,#1075,.F.);
#238=ORIENTED_EDGE('',*,*,#1065,.F.);
#239=ORIENTED_EDGE('',*,*,#1076,.F.);
#240=ORIENTED_EDGE('',*,*,#1077,.F.);
#241=ORIENTED_EDGE('',*,*,#1078,.T.);
#242=ORIENTED_EDGE('',*,*,#1059,.T.);
#243=ORIENTED_EDGE('',*,*,#1063,.F.);
#244=ORIENTED_EDGE('',*,*,#1075,.T.);
#245=ORIENTED_EDGE('',*,*,#1079,.F.);
#246=ORIENTED_EDGE('',*,*,#1080,.T.);
#247=ORIENTED_EDGE('',*,*,#1071,.T.);
#248=ORIENTED_EDGE('',*,*,#1081,.F.);
#249=ORIENTED_EDGE('',*,*,#1082,.F.);
#250=ORIENTED_EDGE('',*,*,#1083,.F.);
#251=ORIENTED_EDGE('',*,*,#1084,.F.);
#252=ORIENTED_EDGE('',*,*,#1085,.T.);
#253=ORIENTED_EDGE('',*,*,#1086,.T.);
#254=ORIENTED_EDGE('',*,*,#1087,.F.);
#255=ORIENTED_EDGE('',*,*,#1082,.T.);
#256=ORIENTED_EDGE('',*,*,#1088,.T.);
#257=ORIENTED_EDGE('',*,*,#1089,.T.);
#258=ORIENTED_EDGE('',*,*,#1090,.F.);
#259=ORIENTED_EDGE('',*,*,#1091,.T.);
#260=ORIENTED_EDGE('',*,*,#1092,.F.);
#261=ORIENTED_EDGE('',*,*,#1093,.T.);
#262=ORIENTED_EDGE('',*,*,#1094,.T.);
#263=ORIENTED_EDGE('',*,*,#1095,.F.);
#264=ORIENTED_EDGE('',*,*,#1096,.F.);
#265=ORIENTED_EDGE('',*,*,#1097,.F.);
#266=ORIENTED_EDGE('',*,*,#1086,.F.);
#267=ORIENTED_EDGE('',*,*,#1087,.T.);
#268=ORIENTED_EDGE('',*,*,#1097,.T.);
#269=ORIENTED_EDGE('',*,*,#1098,.T.);
#270=ORIENTED_EDGE('',*,*,#1099,.T.);
#271=ORIENTED_EDGE('',*,*,#1100,.T.);
#272=ORIENTED_EDGE('',*,*,#1101,.F.);
#273=ORIENTED_EDGE('',*,*,#1083,.T.);
#274=ORIENTED_EDGE('',*,*,#1091,.F.);
#275=ORIENTED_EDGE('',*,*,#1102,.F.);
#276=ORIENTED_EDGE('',*,*,#1103,.F.);
#277=ORIENTED_EDGE('',*,*,#1104,.F.);
#278=ORIENTED_EDGE('',*,*,#1089,.F.);
#279=ORIENTED_EDGE('',*,*,#1105,.F.);
#280=ORIENTED_EDGE('',*,*,#1106,.F.);
#281=ORIENTED_EDGE('',*,*,#1107,.F.);
#282=ORIENTED_EDGE('',*,*,#1090,.T.);
#283=ORIENTED_EDGE('',*,*,#1107,.T.);
#284=ORIENTED_EDGE('',*,*,#1108,.F.);
#285=ORIENTED_EDGE('',*,*,#1102,.T.);
#286=ORIENTED_EDGE('',*,*,#1109,.T.);
#287=ORIENTED_EDGE('',*,*,#1110,.T.);
#288=ORIENTED_EDGE('',*,*,#1092,.T.);
#289=ORIENTED_EDGE('',*,*,#1104,.T.);
#290=ORIENTED_EDGE('',*,*,#1094,.F.);
#291=ORIENTED_EDGE('',*,*,#1111,.T.);
#292=ORIENTED_EDGE('',*,*,#1112,.F.);
#293=ORIENTED_EDGE('',*,*,#1113,.F.);
#294=ORIENTED_EDGE('',*,*,#1114,.F.);
#295=ORIENTED_EDGE('',*,*,#1115,.T.);
#296=ORIENTED_EDGE('',*,*,#1099,.F.);
#297=ORIENTED_EDGE('',*,*,#1116,.F.);
#298=ORIENTED_EDGE('',*,*,#1117,.T.);
#299=ORIENTED_EDGE('',*,*,#1118,.T.);
#300=ORIENTED_EDGE('',*,*,#1044,.T.);
#301=ORIENTED_EDGE('',*,*,#1119,.F.);
#302=ORIENTED_EDGE('',*,*,#1120,.F.);
#303=ORIENTED_EDGE('',*,*,#1121,.F.);
#304=ORIENTED_EDGE('',*,*,#1122,.F.);
#305=ORIENTED_EDGE('',*,*,#1123,.F.);
#306=ORIENTED_EDGE('',*,*,#1124,.F.);
#307=ORIENTED_EDGE('',*,*,#1123,.T.);
#308=ORIENTED_EDGE('',*,*,#1125,.T.);
#309=ORIENTED_EDGE('',*,*,#1126,.T.);
#310=ORIENTED_EDGE('',*,*,#1127,.F.);
#311=ORIENTED_EDGE('',*,*,#1126,.F.);
#312=ORIENTED_EDGE('',*,*,#1128,.T.);
#313=ORIENTED_EDGE('',*,*,#1129,.T.);
#314=ORIENTED_EDGE('',*,*,#1130,.T.);
#315=ORIENTED_EDGE('',*,*,#1131,.T.);
#316=ORIENTED_EDGE('',*,*,#1132,.F.);
#317=ORIENTED_EDGE('',*,*,#1129,.F.);
#318=ORIENTED_EDGE('',*,*,#1050,.F.);
#319=ORIENTED_EDGE('',*,*,#1045,.T.);
#320=ORIENTED_EDGE('',*,*,#1070,.F.);
#321=ORIENTED_EDGE('',*,*,#1133,.T.);
#322=ORIENTED_EDGE('',*,*,#1134,.T.);
#323=ORIENTED_EDGE('',*,*,#1135,.T.);
#324=ORIENTED_EDGE('',*,*,#1052,.T.);
#325=ORIENTED_EDGE('',*,*,#1136,.F.);
#326=ORIENTED_EDGE('',*,*,#1060,.T.);
#327=ORIENTED_EDGE('',*,*,#1078,.F.);
#328=ORIENTED_EDGE('',*,*,#1074,.T.);
#329=ORIENTED_EDGE('',*,*,#1137,.F.);
#330=ORIENTED_EDGE('',*,*,#1068,.T.);
#331=ORIENTED_EDGE('',*,*,#1056,.F.);
#332=ORIENTED_EDGE('',*,*,#1053,.T.);
#333=ORIENTED_EDGE('',*,*,#1135,.F.);
#334=ORIENTED_EDGE('',*,*,#1138,.T.);
#335=ORIENTED_EDGE('',*,*,#1064,.T.);
#336=ORIENTED_EDGE('',*,*,#1061,.T.);
#337=ORIENTED_EDGE('',*,*,#1136,.T.);
#338=ORIENTED_EDGE('',*,*,#1139,.T.);
#339=ORIENTED_EDGE('',*,*,#1140,.T.);
#340=ORIENTED_EDGE('',*,*,#1141,.F.);
#341=ORIENTED_EDGE('',*,*,#1076,.T.);
#342=ORIENTED_EDGE('',*,*,#1142,.F.);
#343=ORIENTED_EDGE('',*,*,#1143,.F.);
#344=ORIENTED_EDGE('',*,*,#1144,.T.);
#345=ORIENTED_EDGE('',*,*,#1145,.T.);
#346=ORIENTED_EDGE('',*,*,#1146,.T.);
#347=ORIENTED_EDGE('',*,*,#1147,.T.);
#348=ORIENTED_EDGE('',*,*,#1148,.F.);
#349=ORIENTED_EDGE('',*,*,#1145,.F.);
#350=ORIENTED_EDGE('',*,*,#1149,.F.);
#351=ORIENTED_EDGE('',*,*,#1147,.F.);
#352=ORIENTED_EDGE('',*,*,#1150,.F.);
#353=ORIENTED_EDGE('',*,*,#1151,.F.);
#354=ORIENTED_EDGE('',*,*,#1152,.F.);
#355=ORIENTED_EDGE('',*,*,#1151,.T.);
#356=ORIENTED_EDGE('',*,*,#1153,.F.);
#357=ORIENTED_EDGE('',*,*,#1154,.T.);
#358=ORIENTED_EDGE('',*,*,#1155,.F.);
#359=ORIENTED_EDGE('',*,*,#1154,.F.);
#360=ORIENTED_EDGE('',*,*,#1156,.F.);
#361=ORIENTED_EDGE('',*,*,#1157,.F.);
#362=ORIENTED_EDGE('',*,*,#1158,.T.);
#363=ORIENTED_EDGE('',*,*,#1159,.T.);
#364=ORIENTED_EDGE('',*,*,#1160,.F.);
#365=ORIENTED_EDGE('',*,*,#1157,.T.);
#366=ORIENTED_EDGE('',*,*,#1161,.F.);
#367=ORIENTED_EDGE('',*,*,#1159,.F.);
#368=ORIENTED_EDGE('',*,*,#1162,.F.);
#369=ORIENTED_EDGE('',*,*,#1163,.F.);
#370=ORIENTED_EDGE('',*,*,#1164,.F.);
#371=ORIENTED_EDGE('',*,*,#1163,.T.);
#372=ORIENTED_EDGE('',*,*,#1165,.F.);
#373=ORIENTED_EDGE('',*,*,#1121,.T.);
#374=ORIENTED_EDGE('',*,*,#1160,.T.);
#375=ORIENTED_EDGE('',*,*,#1161,.T.);
#376=ORIENTED_EDGE('',*,*,#1164,.T.);
#377=ORIENTED_EDGE('',*,*,#1120,.T.);
#378=ORIENTED_EDGE('',*,*,#1124,.T.);
#379=ORIENTED_EDGE('',*,*,#1127,.T.);
#380=ORIENTED_EDGE('',*,*,#1132,.T.);
#381=ORIENTED_EDGE('',*,*,#1166,.T.);
#382=ORIENTED_EDGE('',*,*,#1066,.T.);
#383=ORIENTED_EDGE('',*,*,#1137,.T.);
#384=ORIENTED_EDGE('',*,*,#1073,.T.);
#385=ORIENTED_EDGE('',*,*,#1167,.T.);
#386=ORIENTED_EDGE('',*,*,#1168,.T.);
#387=ORIENTED_EDGE('',*,*,#1169,.T.);
#388=ORIENTED_EDGE('',*,*,#1170,.F.);
#389=ORIENTED_EDGE('',*,*,#1142,.T.);
#390=ORIENTED_EDGE('',*,*,#1148,.T.);
#391=ORIENTED_EDGE('',*,*,#1149,.T.);
#392=ORIENTED_EDGE('',*,*,#1152,.T.);
#393=ORIENTED_EDGE('',*,*,#1155,.T.);
#394=ORIENTED_EDGE('',*,*,#1141,.T.);
#395=ORIENTED_EDGE('',*,*,#1171,.T.);
#396=ORIENTED_EDGE('',*,*,#1079,.T.);
#397=ORIENTED_EDGE('',*,*,#1077,.T.);
#398=ORIENTED_EDGE('',*,*,#1101,.T.);
#399=ORIENTED_EDGE('',*,*,#1172,.T.);
#400=ORIENTED_EDGE('',*,*,#1173,.T.);
#401=ORIENTED_EDGE('',*,*,#1084,.T.);
#402=ORIENTED_EDGE('',*,*,#1174,.T.);
#403=ORIENTED_EDGE('',*,*,#1095,.T.);
#404=ORIENTED_EDGE('',*,*,#1085,.F.);
#405=ORIENTED_EDGE('',*,*,#1081,.T.);
#406=ORIENTED_EDGE('',*,*,#1173,.F.);
#407=ORIENTED_EDGE('',*,*,#1175,.T.);
#408=ORIENTED_EDGE('',*,*,#1176,.F.);
#409=ORIENTED_EDGE('',*,*,#1098,.F.);
#410=ORIENTED_EDGE('',*,*,#1096,.T.);
#411=ORIENTED_EDGE('',*,*,#1174,.F.);
#412=ORIENTED_EDGE('',*,*,#1177,.F.);
#413=ORIENTED_EDGE('',*,*,#1178,.F.);
#414=ORIENTED_EDGE('',*,*,#1105,.T.);
#415=ORIENTED_EDGE('',*,*,#1088,.F.);
#416=ORIENTED_EDGE('',*,*,#1113,.T.);
#417=ORIENTED_EDGE('',*,*,#1179,.T.);
#418=ORIENTED_EDGE('',*,*,#1116,.T.);
#419=ORIENTED_EDGE('',*,*,#1108,.T.);
#420=ORIENTED_EDGE('',*,*,#1106,.T.);
#421=ORIENTED_EDGE('',*,*,#1178,.T.);
#422=ORIENTED_EDGE('',*,*,#1180,.F.);
#423=ORIENTED_EDGE('',*,*,#1181,.T.);
#424=ORIENTED_EDGE('',*,*,#1109,.F.);
#425=ORIENTED_EDGE('',*,*,#1103,.T.);
#426=ORIENTED_EDGE('',*,*,#1182,.T.);
#427=ORIENTED_EDGE('',*,*,#1183,.T.);
#428=ORIENTED_EDGE('',*,*,#1184,.F.);
#429=ORIENTED_EDGE('',*,*,#1185,.T.);
#430=ORIENTED_EDGE('',*,*,#1186,.T.);
#431=ORIENTED_EDGE('',*,*,#1185,.F.);
#432=ORIENTED_EDGE('',*,*,#1187,.F.);
#433=ORIENTED_EDGE('',*,*,#1188,.T.);
#434=ORIENTED_EDGE('',*,*,#1189,.F.);
#435=ORIENTED_EDGE('',*,*,#1190,.T.);
#436=ORIENTED_EDGE('',*,*,#1191,.T.);
#437=ORIENTED_EDGE('',*,*,#1188,.F.);
#438=ORIENTED_EDGE('',*,*,#1192,.F.);
#439=ORIENTED_EDGE('',*,*,#1193,.F.);
#440=ORIENTED_EDGE('',*,*,#1194,.F.);
#441=ORIENTED_EDGE('',*,*,#1190,.F.);
#442=ORIENTED_EDGE('',*,*,#1195,.T.);
#443=ORIENTED_EDGE('',*,*,#1196,.T.);
#444=ORIENTED_EDGE('',*,*,#1197,.F.);
#445=ORIENTED_EDGE('',*,*,#1193,.T.);
#446=ORIENTED_EDGE('',*,*,#1198,.F.);
#447=ORIENTED_EDGE('',*,*,#1199,.F.);
#448=ORIENTED_EDGE('',*,*,#1200,.F.);
#449=ORIENTED_EDGE('',*,*,#1196,.F.);
#450=ORIENTED_EDGE('',*,*,#1201,.F.);
#451=ORIENTED_EDGE('',*,*,#1202,.T.);
#452=ORIENTED_EDGE('',*,*,#1203,.T.);
#453=ORIENTED_EDGE('',*,*,#1199,.T.);
#454=ORIENTED_EDGE('',*,*,#1204,.F.);
#455=ORIENTED_EDGE('',*,*,#1205,.F.);
#456=ORIENTED_EDGE('',*,*,#1206,.F.);
#457=ORIENTED_EDGE('',*,*,#1202,.F.);
#458=ORIENTED_EDGE('',*,*,#1207,.T.);
#459=ORIENTED_EDGE('',*,*,#1208,.T.);
#460=ORIENTED_EDGE('',*,*,#1209,.F.);
#461=ORIENTED_EDGE('',*,*,#1205,.T.);
#462=ORIENTED_EDGE('',*,*,#1210,.F.);
#463=ORIENTED_EDGE('',*,*,#1211,.F.);
#464=ORIENTED_EDGE('',*,*,#1212,.F.);
#465=ORIENTED_EDGE('',*,*,#1208,.F.);
#466=ORIENTED_EDGE('',*,*,#1213,.T.);
#467=ORIENTED_EDGE('',*,*,#1211,.T.);
#468=ORIENTED_EDGE('',*,*,#1214,.F.);
#469=ORIENTED_EDGE('',*,*,#1215,.T.);
#470=ORIENTED_EDGE('',*,*,#1216,.T.);
#471=ORIENTED_EDGE('',*,*,#1215,.F.);
#472=ORIENTED_EDGE('',*,*,#1217,.F.);
#473=ORIENTED_EDGE('',*,*,#1218,.T.);
#474=ORIENTED_EDGE('',*,*,#1209,.T.);
#475=ORIENTED_EDGE('',*,*,#1212,.T.);
#476=ORIENTED_EDGE('',*,*,#1213,.F.);
#477=ORIENTED_EDGE('',*,*,#1216,.F.);
#478=ORIENTED_EDGE('',*,*,#1219,.T.);
#479=ORIENTED_EDGE('',*,*,#1220,.T.);
#480=ORIENTED_EDGE('',*,*,#1221,.F.);
#481=ORIENTED_EDGE('',*,*,#1222,.T.);
#482=ORIENTED_EDGE('',*,*,#1114,.T.);
#483=ORIENTED_EDGE('',*,*,#1179,.F.);
#484=ORIENTED_EDGE('',*,*,#1112,.T.);
#485=ORIENTED_EDGE('',*,*,#1223,.T.);
#486=ORIENTED_EDGE('',*,*,#1182,.F.);
#487=ORIENTED_EDGE('',*,*,#1186,.F.);
#488=ORIENTED_EDGE('',*,*,#1191,.F.);
#489=ORIENTED_EDGE('',*,*,#1194,.T.);
#490=ORIENTED_EDGE('',*,*,#1197,.T.);
#491=ORIENTED_EDGE('',*,*,#1200,.T.);
#492=ORIENTED_EDGE('',*,*,#1203,.F.);
#493=ORIENTED_EDGE('',*,*,#1206,.T.);
#494=ORIENTED_EDGE('',*,*,#1117,.F.);
#495=ORIENTED_EDGE('',*,*,#1224,.F.);
#496=ORIENTED_EDGE('',*,*,#1225,.T.);
#497=ORIENTED_EDGE('',*,*,#1118,.F.);
#498=ORIENTED_EDGE('',*,*,#1119,.T.);
#499=ORIENTED_EDGE('',*,*,#1226,.F.);
#500=ORIENTED_EDGE('',*,*,#1227,.F.);
#501=ORIENTED_EDGE('',*,*,#1228,.F.);
#502=ORIENTED_EDGE('',*,*,#1229,.F.);
#503=ORIENTED_EDGE('',*,*,#1220,.F.);
#504=ORIENTED_EDGE('',*,*,#1230,.F.);
#505=ORIENTED_EDGE('',*,*,#1231,.T.);
#506=ORIENTED_EDGE('',*,*,#1232,.T.);
#507=ORIENTED_EDGE('',*,*,#1233,.F.);
#508=ORIENTED_EDGE('',*,*,#1234,.F.);
#509=ORIENTED_EDGE('',*,*,#1235,.F.);
#510=ORIENTED_EDGE('',*,*,#1236,.F.);
#511=ORIENTED_EDGE('',*,*,#1169,.F.);
#512=ORIENTED_EDGE('',*,*,#1237,.F.);
#513=ORIENTED_EDGE('',*,*,#1238,.F.);
#514=ORIENTED_EDGE('',*,*,#1239,.T.);
#515=ORIENTED_EDGE('',*,*,#1240,.T.);
#516=ORIENTED_EDGE('',*,*,#1241,.F.);
#517=ORIENTED_EDGE('',*,*,#1240,.F.);
#518=ORIENTED_EDGE('',*,*,#1242,.T.);
#519=ORIENTED_EDGE('',*,*,#1243,.T.);
#520=ORIENTED_EDGE('',*,*,#1170,.T.);
#521=ORIENTED_EDGE('',*,*,#1236,.T.);
#522=ORIENTED_EDGE('',*,*,#1244,.F.);
#523=ORIENTED_EDGE('',*,*,#1245,.F.);
#524=ORIENTED_EDGE('',*,*,#1246,.T.);
#525=ORIENTED_EDGE('',*,*,#1247,.T.);
#526=ORIENTED_EDGE('',*,*,#1143,.T.);
#527=ORIENTED_EDGE('',*,*,#1165,.T.);
#528=ORIENTED_EDGE('',*,*,#1162,.T.);
#529=ORIENTED_EDGE('',*,*,#1158,.F.);
#530=ORIENTED_EDGE('',*,*,#1156,.T.);
#531=ORIENTED_EDGE('',*,*,#1153,.T.);
#532=ORIENTED_EDGE('',*,*,#1150,.T.);
#533=ORIENTED_EDGE('',*,*,#1146,.F.);
#534=ORIENTED_EDGE('',*,*,#1144,.F.);
#535=ORIENTED_EDGE('',*,*,#1247,.F.);
#536=ORIENTED_EDGE('',*,*,#1248,.T.);
#537=ORIENTED_EDGE('',*,*,#1249,.F.);
#538=ORIENTED_EDGE('',*,*,#1139,.F.);
#539=ORIENTED_EDGE('',*,*,#1138,.F.);
#540=ORIENTED_EDGE('',*,*,#1134,.F.);
#541=ORIENTED_EDGE('',*,*,#1130,.F.);
#542=ORIENTED_EDGE('',*,*,#1128,.F.);
#543=ORIENTED_EDGE('',*,*,#1125,.F.);
#544=ORIENTED_EDGE('',*,*,#1122,.T.);
#545=ORIENTED_EDGE('',*,*,#1168,.F.);
#546=ORIENTED_EDGE('',*,*,#1250,.T.);
#547=ORIENTED_EDGE('',*,*,#1249,.T.);
#548=ORIENTED_EDGE('',*,*,#1251,.T.);
#549=ORIENTED_EDGE('',*,*,#1234,.T.);
#550=ORIENTED_EDGE('',*,*,#1252,.F.);
#551=ORIENTED_EDGE('',*,*,#1253,.F.);
#552=ORIENTED_EDGE('',*,*,#1254,.T.);
#553=ORIENTED_EDGE('',*,*,#1255,.T.);
#554=ORIENTED_EDGE('',*,*,#1233,.T.);
#555=ORIENTED_EDGE('',*,*,#1256,.F.);
#556=ORIENTED_EDGE('',*,*,#1257,.F.);
#557=ORIENTED_EDGE('',*,*,#1230,.T.);
#558=ORIENTED_EDGE('',*,*,#1255,.F.);
#559=ORIENTED_EDGE('',*,*,#1258,.F.);
#560=ORIENTED_EDGE('',*,*,#1231,.F.);
#561=ORIENTED_EDGE('',*,*,#1257,.T.);
#562=ORIENTED_EDGE('',*,*,#1259,.T.);
#563=ORIENTED_EDGE('',*,*,#1260,.T.);
#564=ORIENTED_EDGE('',*,*,#1261,.F.);
#565=ORIENTED_EDGE('',*,*,#1262,.T.);
#566=ORIENTED_EDGE('',*,*,#1221,.T.);
#567=ORIENTED_EDGE('',*,*,#1229,.T.);
#568=ORIENTED_EDGE('',*,*,#1263,.F.);
#569=ORIENTED_EDGE('',*,*,#1214,.T.);
#570=ORIENTED_EDGE('',*,*,#1210,.T.);
#571=ORIENTED_EDGE('',*,*,#1207,.F.);
#572=ORIENTED_EDGE('',*,*,#1204,.T.);
#573=ORIENTED_EDGE('',*,*,#1201,.T.);
#574=ORIENTED_EDGE('',*,*,#1198,.T.);
#575=ORIENTED_EDGE('',*,*,#1195,.F.);
#576=ORIENTED_EDGE('',*,*,#1192,.T.);
#577=ORIENTED_EDGE('',*,*,#1189,.T.);
#578=ORIENTED_EDGE('',*,*,#1187,.T.);
#579=ORIENTED_EDGE('',*,*,#1184,.T.);
#580=ORIENTED_EDGE('',*,*,#1180,.T.);
#581=ORIENTED_EDGE('',*,*,#1177,.T.);
#582=ORIENTED_EDGE('',*,*,#1176,.T.);
#583=ORIENTED_EDGE('',*,*,#1261,.T.);
#584=ORIENTED_EDGE('',*,*,#1264,.T.);
#585=ORIENTED_EDGE('',*,*,#1265,.T.);
#586=ORIENTED_EDGE('',*,*,#1217,.T.);
#587=ORIENTED_EDGE('',*,*,#1266,.F.);
#588=ORIENTED_EDGE('',*,*,#1227,.T.);
#589=ORIENTED_EDGE('',*,*,#1219,.F.);
#590=ORIENTED_EDGE('',*,*,#1218,.F.);
#591=ORIENTED_EDGE('',*,*,#1265,.F.);
#592=ORIENTED_EDGE('',*,*,#1267,.T.);
#593=ORIENTED_EDGE('',*,*,#1268,.T.);
#594=ORIENTED_EDGE('',*,*,#1244,.T.);
#595=ORIENTED_EDGE('',*,*,#1235,.T.);
#596=ORIENTED_EDGE('',*,*,#1269,.T.);
#597=ORIENTED_EDGE('',*,*,#1252,.T.);
#598=ORIENTED_EDGE('',*,*,#1232,.F.);
#599=ORIENTED_EDGE('',*,*,#1258,.T.);
#600=ORIENTED_EDGE('',*,*,#1270,.T.);
#601=ORIENTED_EDGE('',*,*,#1228,.T.);
#602=ORIENTED_EDGE('',*,*,#1266,.T.);
#603=ORIENTED_EDGE('',*,*,#1271,.T.);
#604=ORIENTED_EDGE('',*,*,#1272,.T.);
#605=ORIENTED_EDGE('',*,*,#1273,.T.);
#606=ORIENTED_EDGE('',*,*,#1274,.T.);
#607=ORIENTED_EDGE('',*,*,#1275,.F.);
#608=ORIENTED_EDGE('',*,*,#1276,.F.);
#609=ORIENTED_EDGE('',*,*,#1277,.F.);
#610=ORIENTED_EDGE('',*,*,#1278,.F.);
#611=ORIENTED_EDGE('',*,*,#1279,.F.);
#612=ORIENTED_EDGE('',*,*,#1280,.F.);
#613=ORIENTED_EDGE('',*,*,#1281,.F.);
#614=ORIENTED_EDGE('',*,*,#1282,.F.);
#615=ORIENTED_EDGE('',*,*,#1283,.F.);
#616=ORIENTED_EDGE('',*,*,#1284,.F.);
#617=ORIENTED_EDGE('',*,*,#1285,.F.);
#618=ORIENTED_EDGE('',*,*,#1286,.F.);
#619=ORIENTED_EDGE('',*,*,#1287,.F.);
#620=ORIENTED_EDGE('',*,*,#1288,.F.);
#621=ORIENTED_EDGE('',*,*,#1289,.F.);
#622=ORIENTED_EDGE('',*,*,#1290,.T.);
#623=ORIENTED_EDGE('',*,*,#1237,.T.);
#624=ORIENTED_EDGE('',*,*,#1241,.T.);
#625=ORIENTED_EDGE('',*,*,#1291,.T.);
#626=ORIENTED_EDGE('',*,*,#1226,.T.);
#627=ORIENTED_EDGE('',*,*,#1225,.F.);
#628=ORIENTED_EDGE('',*,*,#1224,.T.);
#629=ORIENTED_EDGE('',*,*,#1272,.F.);
#630=ORIENTED_EDGE('',*,*,#1292,.F.);
#631=ORIENTED_EDGE('',*,*,#1293,.T.);
#632=ORIENTED_EDGE('',*,*,#1294,.T.);
#633=ORIENTED_EDGE('',*,*,#1273,.F.);
#634=ORIENTED_EDGE('',*,*,#1294,.F.);
#635=ORIENTED_EDGE('',*,*,#1295,.T.);
#636=ORIENTED_EDGE('',*,*,#1296,.T.);
#637=ORIENTED_EDGE('',*,*,#1274,.F.);
#638=ORIENTED_EDGE('',*,*,#1296,.F.);
#639=ORIENTED_EDGE('',*,*,#1297,.T.);
#640=ORIENTED_EDGE('',*,*,#1298,.T.);
#641=ORIENTED_EDGE('',*,*,#1299,.T.);
#642=ORIENTED_EDGE('',*,*,#1299,.F.);
#643=ORIENTED_EDGE('',*,*,#1300,.F.);
#644=ORIENTED_EDGE('',*,*,#1301,.F.);
#645=ORIENTED_EDGE('',*,*,#1275,.T.);
#646=ORIENTED_EDGE('',*,*,#1302,.T.);
#647=ORIENTED_EDGE('',*,*,#1276,.T.);
#648=ORIENTED_EDGE('',*,*,#1301,.T.);
#649=ORIENTED_EDGE('',*,*,#1303,.F.);
#650=ORIENTED_EDGE('',*,*,#1277,.T.);
#651=ORIENTED_EDGE('',*,*,#1302,.F.);
#652=ORIENTED_EDGE('',*,*,#1304,.F.);
#653=ORIENTED_EDGE('',*,*,#1305,.F.);
#654=ORIENTED_EDGE('',*,*,#1306,.T.);
#655=ORIENTED_EDGE('',*,*,#1278,.T.);
#656=ORIENTED_EDGE('',*,*,#1306,.F.);
#657=ORIENTED_EDGE('',*,*,#1307,.F.);
#658=ORIENTED_EDGE('',*,*,#1308,.T.);
#659=ORIENTED_EDGE('',*,*,#1279,.T.);
#660=ORIENTED_EDGE('',*,*,#1308,.F.);
#661=ORIENTED_EDGE('',*,*,#1309,.F.);
#662=ORIENTED_EDGE('',*,*,#1310,.T.);
#663=ORIENTED_EDGE('',*,*,#1280,.T.);
#664=ORIENTED_EDGE('',*,*,#1310,.F.);
#665=ORIENTED_EDGE('',*,*,#1311,.F.);
#666=ORIENTED_EDGE('',*,*,#1312,.T.);
#667=ORIENTED_EDGE('',*,*,#1281,.T.);
#668=ORIENTED_EDGE('',*,*,#1312,.F.);
#669=ORIENTED_EDGE('',*,*,#1313,.F.);
#670=ORIENTED_EDGE('',*,*,#1314,.T.);
#671=ORIENTED_EDGE('',*,*,#1282,.T.);
#672=ORIENTED_EDGE('',*,*,#1314,.F.);
#673=ORIENTED_EDGE('',*,*,#1315,.F.);
#674=ORIENTED_EDGE('',*,*,#1316,.T.);
#675=ORIENTED_EDGE('',*,*,#1283,.T.);
#676=ORIENTED_EDGE('',*,*,#1316,.F.);
#677=ORIENTED_EDGE('',*,*,#1317,.F.);
#678=ORIENTED_EDGE('',*,*,#1318,.T.);
#679=ORIENTED_EDGE('',*,*,#1284,.T.);
#680=ORIENTED_EDGE('',*,*,#1318,.F.);
#681=ORIENTED_EDGE('',*,*,#1319,.F.);
#682=ORIENTED_EDGE('',*,*,#1320,.T.);
#683=ORIENTED_EDGE('',*,*,#1285,.T.);
#684=ORIENTED_EDGE('',*,*,#1320,.F.);
#685=ORIENTED_EDGE('',*,*,#1321,.F.);
#686=ORIENTED_EDGE('',*,*,#1322,.T.);
#687=ORIENTED_EDGE('',*,*,#1286,.T.);
#688=ORIENTED_EDGE('',*,*,#1322,.F.);
#689=ORIENTED_EDGE('',*,*,#1323,.F.);
#690=ORIENTED_EDGE('',*,*,#1324,.T.);
#691=ORIENTED_EDGE('',*,*,#1287,.T.);
#692=ORIENTED_EDGE('',*,*,#1324,.F.);
#693=ORIENTED_EDGE('',*,*,#1325,.F.);
#694=ORIENTED_EDGE('',*,*,#1326,.F.);
#695=ORIENTED_EDGE('',*,*,#1327,.T.);
#696=ORIENTED_EDGE('',*,*,#1327,.F.);
#697=ORIENTED_EDGE('',*,*,#1328,.F.);
#698=ORIENTED_EDGE('',*,*,#1329,.F.);
#699=ORIENTED_EDGE('',*,*,#1288,.T.);
#700=ORIENTED_EDGE('',*,*,#1330,.F.);
#701=ORIENTED_EDGE('',*,*,#1331,.T.);
#702=ORIENTED_EDGE('',*,*,#1289,.T.);
#703=ORIENTED_EDGE('',*,*,#1329,.T.);
#704=ORIENTED_EDGE('',*,*,#1290,.F.);
#705=ORIENTED_EDGE('',*,*,#1331,.F.);
#706=ORIENTED_EDGE('',*,*,#1332,.T.);
#707=ORIENTED_EDGE('',*,*,#1333,.T.);
#708=ORIENTED_EDGE('',*,*,#1238,.T.);
#709=ORIENTED_EDGE('',*,*,#1333,.F.);
#710=ORIENTED_EDGE('',*,*,#1334,.F.);
#711=ORIENTED_EDGE('',*,*,#1335,.F.);
#712=ORIENTED_EDGE('',*,*,#1242,.F.);
#713=ORIENTED_EDGE('',*,*,#1239,.F.);
#714=ORIENTED_EDGE('',*,*,#1335,.T.);
#715=ORIENTED_EDGE('',*,*,#1336,.T.);
#716=ORIENTED_EDGE('',*,*,#1337,.T.);
#717=ORIENTED_EDGE('',*,*,#1245,.T.);
#718=ORIENTED_EDGE('',*,*,#1291,.F.);
#719=ORIENTED_EDGE('',*,*,#1243,.F.);
#720=ORIENTED_EDGE('',*,*,#1338,.F.);
#721=ORIENTED_EDGE('',*,*,#1339,.F.);
#722=ORIENTED_EDGE('',*,*,#1248,.F.);
#723=ORIENTED_EDGE('',*,*,#1246,.F.);
#724=ORIENTED_EDGE('',*,*,#1337,.F.);
#725=ORIENTED_EDGE('',*,*,#1339,.T.);
#726=ORIENTED_EDGE('',*,*,#1340,.T.);
#727=ORIENTED_EDGE('',*,*,#1341,.T.);
#728=ORIENTED_EDGE('',*,*,#1253,.T.);
#729=ORIENTED_EDGE('',*,*,#1269,.F.);
#730=ORIENTED_EDGE('',*,*,#1251,.F.);
#731=ORIENTED_EDGE('',*,*,#1254,.F.);
#732=ORIENTED_EDGE('',*,*,#1341,.F.);
#733=ORIENTED_EDGE('',*,*,#1342,.F.);
#734=ORIENTED_EDGE('',*,*,#1343,.F.);
#735=ORIENTED_EDGE('',*,*,#1344,.T.);
#736=ORIENTED_EDGE('',*,*,#1345,.T.);
#737=ORIENTED_EDGE('',*,*,#1346,.T.);
#738=ORIENTED_EDGE('',*,*,#1347,.T.);
#739=ORIENTED_EDGE('',*,*,#1348,.F.);
#740=ORIENTED_EDGE('',*,*,#1344,.F.);
#741=ORIENTED_EDGE('',*,*,#1349,.T.);
#742=ORIENTED_EDGE('',*,*,#1350,.T.);
#743=ORIENTED_EDGE('',*,*,#1351,.F.);
#744=ORIENTED_EDGE('',*,*,#1352,.F.);
#745=ORIENTED_EDGE('',*,*,#1353,.T.);
#746=ORIENTED_EDGE('',*,*,#1352,.T.);
#747=ORIENTED_EDGE('',*,*,#1354,.T.);
#748=ORIENTED_EDGE('',*,*,#1355,.T.);
#749=ORIENTED_EDGE('',*,*,#1345,.F.);
#750=ORIENTED_EDGE('',*,*,#1348,.T.);
#751=ORIENTED_EDGE('',*,*,#1356,.F.);
#752=ORIENTED_EDGE('',*,*,#1353,.F.);
#753=ORIENTED_EDGE('',*,*,#1355,.F.);
#754=ORIENTED_EDGE('',*,*,#1357,.T.);
#755=ORIENTED_EDGE('',*,*,#1358,.T.);
#756=ORIENTED_EDGE('',*,*,#1256,.T.);
#757=ORIENTED_EDGE('',*,*,#1343,.T.);
#758=ORIENTED_EDGE('',*,*,#1359,.F.);
#759=ORIENTED_EDGE('',*,*,#1259,.F.);
#760=ORIENTED_EDGE('',*,*,#1358,.F.);
#761=ORIENTED_EDGE('',*,*,#1360,.F.);
#762=ORIENTED_EDGE('',*,*,#1361,.F.);
#763=ORIENTED_EDGE('',*,*,#1361,.T.);
#764=ORIENTED_EDGE('',*,*,#1362,.T.);
#765=ORIENTED_EDGE('',*,*,#1363,.T.);
#766=ORIENTED_EDGE('',*,*,#1263,.T.);
#767=ORIENTED_EDGE('',*,*,#1270,.F.);
#768=ORIENTED_EDGE('',*,*,#1260,.F.);
#769=ORIENTED_EDGE('',*,*,#1364,.F.);
#770=ORIENTED_EDGE('',*,*,#1365,.F.);
#771=ORIENTED_EDGE('',*,*,#1267,.F.);
#772=ORIENTED_EDGE('',*,*,#1264,.F.);
#773=ORIENTED_EDGE('',*,*,#1363,.F.);
#774=ORIENTED_EDGE('',*,*,#1365,.T.);
#775=ORIENTED_EDGE('',*,*,#1366,.T.);
#776=ORIENTED_EDGE('',*,*,#1367,.T.);
#777=ORIENTED_EDGE('',*,*,#1292,.T.);
#778=ORIENTED_EDGE('',*,*,#1271,.F.);
#779=ORIENTED_EDGE('',*,*,#1268,.F.);
#780=ORIENTED_EDGE('',*,*,#1297,.F.);
#781=ORIENTED_EDGE('',*,*,#1295,.F.);
#782=ORIENTED_EDGE('',*,*,#1293,.F.);
#783=ORIENTED_EDGE('',*,*,#1367,.F.);
#784=ORIENTED_EDGE('',*,*,#1368,.F.);
#785=ORIENTED_EDGE('',*,*,#1369,.T.);
#786=ORIENTED_EDGE('',*,*,#1370,.F.);
#787=ORIENTED_EDGE('',*,*,#1371,.F.);
#788=ORIENTED_EDGE('',*,*,#1372,.T.);
#789=ORIENTED_EDGE('',*,*,#1373,.T.);
#790=ORIENTED_EDGE('',*,*,#1372,.F.);
#791=ORIENTED_EDGE('',*,*,#1374,.F.);
#792=ORIENTED_EDGE('',*,*,#1375,.T.);
#793=ORIENTED_EDGE('',*,*,#1376,.T.);
#794=ORIENTED_EDGE('',*,*,#1375,.F.);
#795=ORIENTED_EDGE('',*,*,#1377,.F.);
#796=ORIENTED_EDGE('',*,*,#1378,.T.);
#797=ORIENTED_EDGE('',*,*,#1379,.T.);
#798=ORIENTED_EDGE('',*,*,#1378,.F.);
#799=ORIENTED_EDGE('',*,*,#1380,.F.);
#800=ORIENTED_EDGE('',*,*,#1381,.T.);
#801=ORIENTED_EDGE('',*,*,#1382,.F.);
#802=ORIENTED_EDGE('',*,*,#1383,.T.);
#803=ORIENTED_EDGE('',*,*,#1384,.T.);
#804=ORIENTED_EDGE('',*,*,#1381,.F.);
#805=ORIENTED_EDGE('',*,*,#1385,.F.);
#806=ORIENTED_EDGE('',*,*,#1386,.F.);
#807=ORIENTED_EDGE('',*,*,#1304,.T.);
#808=ORIENTED_EDGE('',*,*,#1303,.T.);
#809=ORIENTED_EDGE('',*,*,#1300,.T.);
#810=ORIENTED_EDGE('',*,*,#1298,.F.);
#811=ORIENTED_EDGE('',*,*,#1387,.F.);
#812=ORIENTED_EDGE('',*,*,#1325,.T.);
#813=ORIENTED_EDGE('',*,*,#1323,.T.);
#814=ORIENTED_EDGE('',*,*,#1321,.T.);
#815=ORIENTED_EDGE('',*,*,#1319,.T.);
#816=ORIENTED_EDGE('',*,*,#1317,.T.);
#817=ORIENTED_EDGE('',*,*,#1315,.T.);
#818=ORIENTED_EDGE('',*,*,#1313,.T.);
#819=ORIENTED_EDGE('',*,*,#1311,.T.);
#820=ORIENTED_EDGE('',*,*,#1309,.T.);
#821=ORIENTED_EDGE('',*,*,#1307,.T.);
#822=ORIENTED_EDGE('',*,*,#1305,.T.);
#823=ORIENTED_EDGE('',*,*,#1388,.F.);
#824=ORIENTED_EDGE('',*,*,#1389,.F.);
#825=ORIENTED_EDGE('',*,*,#1332,.F.);
#826=ORIENTED_EDGE('',*,*,#1330,.T.);
#827=ORIENTED_EDGE('',*,*,#1328,.T.);
#828=ORIENTED_EDGE('',*,*,#1326,.T.);
#829=ORIENTED_EDGE('',*,*,#1346,.F.);
#830=ORIENTED_EDGE('',*,*,#1359,.T.);
#831=ORIENTED_EDGE('',*,*,#1342,.T.);
#832=ORIENTED_EDGE('',*,*,#1340,.F.);
#833=ORIENTED_EDGE('',*,*,#1338,.T.);
#834=ORIENTED_EDGE('',*,*,#1336,.F.);
#835=ORIENTED_EDGE('',*,*,#1334,.T.);
#836=ORIENTED_EDGE('',*,*,#1389,.T.);
#837=ORIENTED_EDGE('',*,*,#1390,.F.);
#838=ORIENTED_EDGE('',*,*,#1391,.F.);
#839=ORIENTED_EDGE('',*,*,#1392,.F.);
#840=ORIENTED_EDGE('',*,*,#1393,.T.);
#841=ORIENTED_EDGE('',*,*,#1394,.F.);
#842=ORIENTED_EDGE('',*,*,#1349,.F.);
#843=ORIENTED_EDGE('',*,*,#1395,.T.);
#844=ORIENTED_EDGE('',*,*,#1392,.T.);
#845=ORIENTED_EDGE('',*,*,#1396,.T.);
#846=ORIENTED_EDGE('',*,*,#1397,.T.);
#847=ORIENTED_EDGE('',*,*,#1393,.F.);
#848=ORIENTED_EDGE('',*,*,#1395,.F.);
#849=ORIENTED_EDGE('',*,*,#1398,.T.);
#850=ORIENTED_EDGE('',*,*,#1347,.F.);
#851=ORIENTED_EDGE('',*,*,#1394,.T.);
#852=ORIENTED_EDGE('',*,*,#1397,.F.);
#853=ORIENTED_EDGE('',*,*,#1399,.T.);
#854=ORIENTED_EDGE('',*,*,#1400,.F.);
#855=ORIENTED_EDGE('',*,*,#1401,.T.);
#856=ORIENTED_EDGE('',*,*,#1350,.F.);
#857=ORIENTED_EDGE('',*,*,#1356,.T.);
#858=ORIENTED_EDGE('',*,*,#1400,.T.);
#859=ORIENTED_EDGE('',*,*,#1402,.F.);
#860=ORIENTED_EDGE('',*,*,#1403,.F.);
#861=ORIENTED_EDGE('',*,*,#1404,.T.);
#862=ORIENTED_EDGE('',*,*,#1403,.T.);
#863=ORIENTED_EDGE('',*,*,#1405,.T.);
#864=ORIENTED_EDGE('',*,*,#1406,.T.);
#865=ORIENTED_EDGE('',*,*,#1406,.F.);
#866=ORIENTED_EDGE('',*,*,#1407,.T.);
#867=ORIENTED_EDGE('',*,*,#1408,.T.);
#868=ORIENTED_EDGE('',*,*,#1385,.T.);
#869=ORIENTED_EDGE('',*,*,#1368,.T.);
#870=ORIENTED_EDGE('',*,*,#1366,.F.);
#871=ORIENTED_EDGE('',*,*,#1364,.T.);
#872=ORIENTED_EDGE('',*,*,#1362,.F.);
#873=ORIENTED_EDGE('',*,*,#1360,.T.);
#874=ORIENTED_EDGE('',*,*,#1357,.F.);
#875=ORIENTED_EDGE('',*,*,#1354,.F.);
#876=ORIENTED_EDGE('',*,*,#1351,.T.);
#877=ORIENTED_EDGE('',*,*,#1401,.F.);
#878=ORIENTED_EDGE('',*,*,#1404,.F.);
#879=ORIENTED_EDGE('',*,*,#1384,.F.);
#880=ORIENTED_EDGE('',*,*,#1409,.T.);
#881=ORIENTED_EDGE('',*,*,#1410,.F.);
#882=ORIENTED_EDGE('',*,*,#1411,.T.);
#883=ORIENTED_EDGE('',*,*,#1412,.F.);
#884=ORIENTED_EDGE('',*,*,#1369,.F.);
#885=ORIENTED_EDGE('',*,*,#1373,.F.);
#886=ORIENTED_EDGE('',*,*,#1376,.F.);
#887=ORIENTED_EDGE('',*,*,#1379,.F.);
#888=ORIENTED_EDGE('',*,*,#1412,.T.);
#889=ORIENTED_EDGE('',*,*,#1413,.T.);
#890=ORIENTED_EDGE('',*,*,#1414,.F.);
#891=ORIENTED_EDGE('',*,*,#1370,.T.);
#892=ORIENTED_EDGE('',*,*,#1415,.F.);
#893=ORIENTED_EDGE('',*,*,#1416,.T.);
#894=ORIENTED_EDGE('',*,*,#1417,.T.);
#895=ORIENTED_EDGE('',*,*,#1382,.T.);
#896=ORIENTED_EDGE('',*,*,#1380,.T.);
#897=ORIENTED_EDGE('',*,*,#1377,.T.);
#898=ORIENTED_EDGE('',*,*,#1374,.T.);
#899=ORIENTED_EDGE('',*,*,#1371,.T.);
#900=ORIENTED_EDGE('',*,*,#1414,.T.);
#901=ORIENTED_EDGE('',*,*,#1418,.F.);
#902=ORIENTED_EDGE('',*,*,#1390,.T.);
#903=ORIENTED_EDGE('',*,*,#1388,.T.);
#904=ORIENTED_EDGE('',*,*,#1387,.T.);
#905=ORIENTED_EDGE('',*,*,#1386,.T.);
#906=ORIENTED_EDGE('',*,*,#1408,.F.);
#907=ORIENTED_EDGE('',*,*,#1419,.F.);
#908=ORIENTED_EDGE('',*,*,#1028,.T.);
#909=ORIENTED_EDGE('',*,*,#1420,.F.);
#910=ORIENTED_EDGE('',*,*,#1018,.F.);
#911=ORIENTED_EDGE('',*,*,#1421,.F.);
#912=ORIENTED_EDGE('',*,*,#1410,.T.);
#913=ORIENTED_EDGE('',*,*,#1422,.F.);
#914=ORIENTED_EDGE('',*,*,#1416,.F.);
#915=ORIENTED_EDGE('',*,*,#1423,.F.);
#916=ORIENTED_EDGE('',*,*,#1424,.T.);
#917=ORIENTED_EDGE('',*,*,#1425,.F.);
#918=ORIENTED_EDGE('',*,*,#1426,.F.);
#919=ORIENTED_EDGE('',*,*,#1421,.T.);
#920=ORIENTED_EDGE('',*,*,#1017,.T.);
#921=ORIENTED_EDGE('',*,*,#1037,.F.);
#922=ORIENTED_EDGE('',*,*,#1029,.F.);
#923=ORIENTED_EDGE('',*,*,#1419,.T.);
#924=ORIENTED_EDGE('',*,*,#1407,.F.);
#925=ORIENTED_EDGE('',*,*,#1405,.F.);
#926=ORIENTED_EDGE('',*,*,#1402,.T.);
#927=ORIENTED_EDGE('',*,*,#1399,.F.);
#928=ORIENTED_EDGE('',*,*,#1398,.F.);
#929=ORIENTED_EDGE('',*,*,#1396,.F.);
#930=ORIENTED_EDGE('',*,*,#1391,.T.);
#931=ORIENTED_EDGE('',*,*,#1418,.T.);
#932=ORIENTED_EDGE('',*,*,#1427,.T.);
#933=ORIENTED_EDGE('',*,*,#1428,.F.);
#934=ORIENTED_EDGE('',*,*,#1429,.F.);
#935=ORIENTED_EDGE('',*,*,#1423,.T.);
#936=ORIENTED_EDGE('',*,*,#1415,.T.);
#937=ORIENTED_EDGE('',*,*,#1413,.F.);
#938=ORIENTED_EDGE('',*,*,#1411,.F.);
#939=ORIENTED_EDGE('',*,*,#1430,.T.);
#940=ORIENTED_EDGE('',*,*,#1428,.T.);
#941=ORIENTED_EDGE('',*,*,#1431,.F.);
#942=ORIENTED_EDGE('',*,*,#1432,.T.);
#943=ORIENTED_EDGE('',*,*,#1433,.F.);
#944=ORIENTED_EDGE('',*,*,#1434,.T.);
#945=ORIENTED_EDGE('',*,*,#1435,.T.);
#946=ORIENTED_EDGE('',*,*,#1436,.F.);
#947=ORIENTED_EDGE('',*,*,#1437,.T.);
#948=ORIENTED_EDGE('',*,*,#1438,.F.);
#949=ORIENTED_EDGE('',*,*,#1439,.F.);
#950=ORIENTED_EDGE('',*,*,#1436,.T.);
#951=ORIENTED_EDGE('',*,*,#1440,.T.);
#952=ORIENTED_EDGE('',*,*,#1441,.F.);
#953=ORIENTED_EDGE('',*,*,#1442,.F.);
#954=ORIENTED_EDGE('',*,*,#1438,.T.);
#955=ORIENTED_EDGE('',*,*,#1443,.T.);
#956=ORIENTED_EDGE('',*,*,#1444,.F.);
#957=ORIENTED_EDGE('',*,*,#1445,.F.);
#958=ORIENTED_EDGE('',*,*,#1441,.T.);
#959=ORIENTED_EDGE('',*,*,#1446,.T.);
#960=ORIENTED_EDGE('',*,*,#1432,.F.);
#961=ORIENTED_EDGE('',*,*,#1447,.F.);
#962=ORIENTED_EDGE('',*,*,#1444,.T.);
#963=ORIENTED_EDGE('',*,*,#1435,.F.);
#964=ORIENTED_EDGE('',*,*,#1448,.T.);
#965=ORIENTED_EDGE('',*,*,#1424,.F.);
#966=ORIENTED_EDGE('',*,*,#1429,.T.);
#967=ORIENTED_EDGE('',*,*,#1430,.F.);
#968=ORIENTED_EDGE('',*,*,#1446,.F.);
#969=ORIENTED_EDGE('',*,*,#1443,.F.);
#970=ORIENTED_EDGE('',*,*,#1440,.F.);
#971=ORIENTED_EDGE('',*,*,#1437,.F.);
#972=ORIENTED_EDGE('',*,*,#1427,.F.);
#973=ORIENTED_EDGE('',*,*,#1426,.T.);
#974=ORIENTED_EDGE('',*,*,#1449,.T.);
#975=ORIENTED_EDGE('',*,*,#1433,.T.);
#976=ORIENTED_EDGE('',*,*,#1439,.T.);
#977=ORIENTED_EDGE('',*,*,#1442,.T.);
#978=ORIENTED_EDGE('',*,*,#1445,.T.);
#979=ORIENTED_EDGE('',*,*,#1447,.T.);
#980=ORIENTED_EDGE('',*,*,#1431,.T.);
#981=ORIENTED_EDGE('',*,*,#1449,.F.);
#982=ORIENTED_EDGE('',*,*,#1425,.T.);
#983=ORIENTED_EDGE('',*,*,#1448,.F.);
#984=ORIENTED_EDGE('',*,*,#1434,.F.);
#985=ORIENTED_EDGE('',*,*,#1019,.F.);
#986=ORIENTED_EDGE('',*,*,#1420,.T.);
#987=ORIENTED_EDGE('',*,*,#1027,.F.);
#988=ORIENTED_EDGE('',*,*,#1038,.F.);
#989=ORIENTED_EDGE('',*,*,#1417,.F.);
#990=ORIENTED_EDGE('',*,*,#1422,.T.);
#991=ORIENTED_EDGE('',*,*,#1409,.F.);
#992=ORIENTED_EDGE('',*,*,#1383,.F.);
#993=ORIENTED_EDGE('',*,*,#1166,.F.);
#994=ORIENTED_EDGE('',*,*,#1131,.F.);
#995=ORIENTED_EDGE('',*,*,#1133,.F.);
#996=ORIENTED_EDGE('',*,*,#1069,.F.);
#997=ORIENTED_EDGE('',*,*,#1058,.F.);
#998=ORIENTED_EDGE('',*,*,#1067,.F.);
#999=ORIENTED_EDGE('',*,*,#1222,.F.);
#1000=ORIENTED_EDGE('',*,*,#1262,.F.);
#1001=ORIENTED_EDGE('',*,*,#1175,.F.);
#1002=ORIENTED_EDGE('',*,*,#1172,.F.);
#1003=ORIENTED_EDGE('',*,*,#1100,.F.);
#1004=ORIENTED_EDGE('',*,*,#1115,.F.);
#1005=ORIENTED_EDGE('',*,*,#1181,.F.);
#1006=ORIENTED_EDGE('',*,*,#1183,.F.);
#1007=ORIENTED_EDGE('',*,*,#1223,.F.);
#1008=ORIENTED_EDGE('',*,*,#1111,.F.);
#1009=ORIENTED_EDGE('',*,*,#1093,.F.);
#1010=ORIENTED_EDGE('',*,*,#1110,.F.);
#1011=ORIENTED_EDGE('',*,*,#1140,.F.);
#1012=ORIENTED_EDGE('',*,*,#1250,.F.);
#1013=ORIENTED_EDGE('',*,*,#1167,.F.);
#1014=ORIENTED_EDGE('',*,*,#1072,.F.);
#1015=ORIENTED_EDGE('',*,*,#1080,.F.);
#1016=ORIENTED_EDGE('',*,*,#1171,.F.);
#1017=EDGE_CURVE('',#1450,#1451,#1737,.F.);
#1018=EDGE_CURVE('',#1450,#1452,#1738,.F.);
#1019=EDGE_CURVE('',#1452,#1453,#78,.T.);
#1020=EDGE_CURVE('',#1453,#1454,#1739,.T.);
#1021=EDGE_CURVE('',#1454,#1455,#1740,.T.);
#1022=EDGE_CURVE('',#1455,#1456,#1741,.T.);
#1023=EDGE_CURVE('',#1456,#1457,#1742,.T.);
#1024=EDGE_CURVE('',#1457,#1458,#1743,.T.);
#1025=EDGE_CURVE('',#1458,#1451,#1744,.T.);
#1026=EDGE_CURVE('',#1459,#1460,#1745,.T.);
#1027=EDGE_CURVE('',#1459,#1461,#79,.F.);
#1028=EDGE_CURVE('',#1462,#1461,#1746,.F.);
#1029=EDGE_CURVE('',#1462,#1463,#1747,.F.);
#1030=EDGE_CURVE('',#1464,#1463,#1748,.T.);
#1031=EDGE_CURVE('',#1465,#1464,#1749,.T.);
#1032=EDGE_CURVE('',#1466,#1465,#1750,.T.);
#1033=EDGE_CURVE('',#1467,#1466,#1751,.T.);
#1034=EDGE_CURVE('',#1460,#1467,#1752,.T.);
#1035=EDGE_CURVE('',#1458,#1464,#1753,.T.);
#1036=EDGE_CURVE('',#1457,#1465,#1754,.T.);
#1037=EDGE_CURVE('',#1463,#1451,#1755,.F.);
#1038=EDGE_CURVE('',#1453,#1459,#1756,.T.);
#1039=EDGE_CURVE('',#1454,#1460,#1757,.T.);
#1040=EDGE_CURVE('',#1455,#1467,#1758,.T.);
#1041=EDGE_CURVE('',#1456,#1466,#1759,.T.);
#1042=EDGE_CURVE('',#1468,#1468,#80,.F.);
#1043=EDGE_CURVE('',#1469,#1469,#81,.T.);
#1044=EDGE_CURVE('',#1470,#1470,#82,.T.);
#1045=EDGE_CURVE('',#1471,#1472,#83,.F.);
#1046=EDGE_CURVE('',#1473,#1471,#1760,.F.);
#1047=EDGE_CURVE('',#1474,#1473,#84,.F.);
#1048=EDGE_CURVE('',#1472,#1474,#1761,.T.);
#1049=EDGE_CURVE('',#1473,#1475,#1762,.T.);
#1050=EDGE_CURVE('',#1471,#1476,#1763,.T.);
#1051=EDGE_CURVE('',#1476,#1475,#1764,.T.);
#1052=EDGE_CURVE('',#1477,#1476,#85,.F.);
#1053=EDGE_CURVE('',#1478,#1477,#1765,.F.);
#1054=EDGE_CURVE('',#1475,#1478,#86,.F.);
#1055=EDGE_CURVE('',#1474,#1479,#1766,.T.);
#1056=EDGE_CURVE('',#1478,#1480,#1767,.T.);
#1057=EDGE_CURVE('',#1480,#1481,#1768,.F.);
#1058=EDGE_CURVE('',#1481,#1479,#30,.T.);
#1059=EDGE_CURVE('',#1482,#1483,#87,.F.);
#1060=EDGE_CURVE('',#1484,#1482,#1769,.F.);
#1061=EDGE_CURVE('',#1485,#1484,#88,.F.);
#1062=EDGE_CURVE('',#1483,#1485,#1770,.T.);
#1063=EDGE_CURVE('',#1486,#1483,#1771,.T.);
#1064=EDGE_CURVE('',#1487,#1485,#1772,.T.);
#1065=EDGE_CURVE('',#1487,#1486,#1773,.F.);
#1066=EDGE_CURVE('',#1488,#1489,#1774,.T.);
#1067=EDGE_CURVE('',#1488,#1481,#22,.T.);
#1068=EDGE_CURVE('',#1489,#1480,#89,.T.);
#1069=EDGE_CURVE('',#1479,#1490,#1775,.T.);
#1070=EDGE_CURVE('',#1490,#1472,#1776,.T.);
#1071=EDGE_CURVE('',#1491,#1492,#1777,.T.);
#1072=EDGE_CURVE('',#1491,#1493,#23,.T.);
#1073=EDGE_CURVE('',#1494,#1493,#1778,.F.);
#1074=EDGE_CURVE('',#1492,#1494,#90,.T.);
#1075=EDGE_CURVE('',#1486,#1495,#91,.F.);
#1076=EDGE_CURVE('',#1496,#1487,#92,.F.);
#1077=EDGE_CURVE('',#1495,#1496,#1779,.T.);
#1078=EDGE_CURVE('',#1492,#1482,#1780,.T.);
#1079=EDGE_CURVE('',#1497,#1495,#1781,.T.);
#1080=EDGE_CURVE('',#1497,#1491,#31,.T.);
#1081=EDGE_CURVE('',#1498,#1499,#93,.F.);
#1082=EDGE_CURVE('',#1500,#1498,#1782,.F.);
#1083=EDGE_CURVE('',#1501,#1500,#94,.F.);
#1084=EDGE_CURVE('',#1499,#1501,#1783,.T.);
#1085=EDGE_CURVE('',#1498,#1502,#1784,.T.);
#1086=EDGE_CURVE('',#1502,#1503,#1785,.T.);
#1087=EDGE_CURVE('',#1500,#1503,#1786,.T.);
#1088=EDGE_CURVE('',#1504,#1505,#1787,.T.);
#1089=EDGE_CURVE('',#1505,#1506,#95,.F.);
#1090=EDGE_CURVE('',#1507,#1506,#1788,.T.);
#1091=EDGE_CURVE('',#1507,#1508,#96,.F.);
#1092=EDGE_CURVE('',#1509,#1508,#1789,.T.);
#1093=EDGE_CURVE('',#1509,#1510,#32,.T.);
#1094=EDGE_CURVE('',#1510,#1504,#1790,.T.);
#1095=EDGE_CURVE('',#1511,#1502,#97,.F.);
#1096=EDGE_CURVE('',#1512,#1511,#1791,.F.);
#1097=EDGE_CURVE('',#1503,#1512,#98,.F.);
#1098=EDGE_CURVE('',#1512,#1513,#1792,.T.);
#1099=EDGE_CURVE('',#1513,#1514,#1793,.F.);
#1100=EDGE_CURVE('',#1514,#1515,#33,.T.);
#1101=EDGE_CURVE('',#1501,#1515,#1794,.T.);
#1102=EDGE_CURVE('',#1516,#1507,#1795,.F.);
#1103=EDGE_CURVE('',#1517,#1516,#99,.F.);
#1104=EDGE_CURVE('',#1508,#1517,#1796,.T.);
#1105=EDGE_CURVE('',#1518,#1505,#1797,.F.);
#1106=EDGE_CURVE('',#1519,#1518,#100,.F.);
#1107=EDGE_CURVE('',#1506,#1519,#1798,.T.);
#1108=EDGE_CURVE('',#1516,#1519,#1799,.T.);
#1109=EDGE_CURVE('',#1517,#1520,#1800,.T.);
#1110=EDGE_CURVE('',#1520,#1509,#1801,.T.);
#1111=EDGE_CURVE('',#1510,#1521,#24,.T.);
#1112=EDGE_CURVE('',#1522,#1521,#1802,.F.);
#1113=EDGE_CURVE('',#1504,#1522,#101,.F.);
#1114=EDGE_CURVE('',#1523,#1524,#1803,.T.);
#1115=EDGE_CURVE('',#1523,#1514,#25,.T.);
#1116=EDGE_CURVE('',#1524,#1513,#102,.F.);
#1117=EDGE_CURVE('',#1525,#1525,#103,.F.);
#1118=EDGE_CURVE('',#1526,#1526,#104,.T.);
#1119=EDGE_CURVE('',#1527,#1527,#105,.T.);
#1120=EDGE_CURVE('',#1528,#1529,#106,.T.);
#1121=EDGE_CURVE('',#1530,#1528,#1804,.F.);
#1122=EDGE_CURVE('',#1531,#1530,#107,.T.);
#1123=EDGE_CURVE('',#1529,#1531,#1805,.T.);
#1124=EDGE_CURVE('',#1529,#1532,#1806,.T.);
#1125=EDGE_CURVE('',#1531,#1533,#1807,.T.);
#1126=EDGE_CURVE('',#1533,#1532,#1808,.T.);
#1127=EDGE_CURVE('',#1532,#1534,#1809,.T.);
#1128=EDGE_CURVE('',#1533,#1535,#1810,.T.);
#1129=EDGE_CURVE('',#1535,#1534,#1811,.T.);
#1130=EDGE_CURVE('',#1535,#1536,#1812,.T.);
#1131=EDGE_CURVE('',#1536,#1537,#1813,.F.);
#1132=EDGE_CURVE('',#1534,#1537,#1814,.T.);
#1133=EDGE_CURVE('',#1490,#1536,#34,.T.);
#1134=EDGE_CURVE('',#1536,#1538,#1815,.T.);
#1135=EDGE_CURVE('',#1538,#1477,#1816,.T.);
#1136=EDGE_CURVE('',#1484,#1539,#1817,.T.);
#1137=EDGE_CURVE('',#1489,#1494,#1818,.T.);
#1138=EDGE_CURVE('',#1538,#1539,#1819,.T.);
#1139=EDGE_CURVE('',#1539,#1540,#1820,.T.);
#1140=EDGE_CURVE('',#1540,#1541,#35,.T.);
#1141=EDGE_CURVE('',#1496,#1541,#1821,.T.);
#1142=EDGE_CURVE('',#1542,#1543,#1822,.T.);
#1143=EDGE_CURVE('',#1544,#1542,#1823,.T.);
#1144=EDGE_CURVE('',#1544,#1545,#1824,.T.);
#1145=EDGE_CURVE('',#1545,#1543,#1825,.T.);
#1146=EDGE_CURVE('',#1545,#1546,#1826,.T.);
#1147=EDGE_CURVE('',#1546,#1547,#1827,.F.);
#1148=EDGE_CURVE('',#1543,#1547,#1828,.T.);
#1149=EDGE_CURVE('',#1547,#1548,#108,.T.);
#1150=EDGE_CURVE('',#1549,#1546,#109,.T.);
#1151=EDGE_CURVE('',#1548,#1549,#1829,.T.);
#1152=EDGE_CURVE('',#1548,#1550,#1830,.T.);
#1153=EDGE_CURVE('',#1551,#1549,#1831,.T.);
#1154=EDGE_CURVE('',#1551,#1550,#1832,.F.);
#1155=EDGE_CURVE('',#1550,#1552,#110,.T.);
#1156=EDGE_CURVE('',#1553,#1551,#111,.T.);
#1157=EDGE_CURVE('',#1552,#1553,#1833,.T.);
#1158=EDGE_CURVE('',#1553,#1554,#1834,.T.);
#1159=EDGE_CURVE('',#1554,#1555,#1835,.F.);
#1160=EDGE_CURVE('',#1552,#1555,#1836,.T.);
#1161=EDGE_CURVE('',#1555,#1556,#112,.T.);
#1162=EDGE_CURVE('',#1557,#1554,#113,.T.);
#1163=EDGE_CURVE('',#1556,#1557,#1837,.T.);
#1164=EDGE_CURVE('',#1556,#1528,#1838,.T.);
#1165=EDGE_CURVE('',#1530,#1557,#1839,.T.);
#1166=EDGE_CURVE('',#1537,#1488,#114,.F.);
#1167=EDGE_CURVE('',#1493,#1558,#115,.F.);
#1168=EDGE_CURVE('',#1558,#1559,#1840,.T.);
#1169=EDGE_CURVE('',#1559,#1560,#1841,.T.);
#1170=EDGE_CURVE('',#1542,#1560,#1842,.T.);
#1171=EDGE_CURVE('',#1541,#1497,#1843,.T.);
#1172=EDGE_CURVE('',#1515,#1561,#1844,.T.);
#1173=EDGE_CURVE('',#1561,#1499,#1845,.T.);
#1174=EDGE_CURVE('',#1562,#1511,#1846,.T.);
#1175=EDGE_CURVE('',#1561,#1563,#36,.T.);
#1176=EDGE_CURVE('',#1562,#1563,#1847,.T.);
#1177=EDGE_CURVE('',#1564,#1562,#1848,.T.);
#1178=EDGE_CURVE('',#1518,#1564,#1849,.T.);
#1179=EDGE_CURVE('',#1522,#1524,#1850,.T.);
#1180=EDGE_CURVE('',#1565,#1564,#1851,.T.);
#1181=EDGE_CURVE('',#1565,#1520,#37,.T.);
#1182=EDGE_CURVE('',#1566,#1567,#1852,.T.);
#1183=EDGE_CURVE('',#1567,#1565,#1853,.F.);
#1184=EDGE_CURVE('',#1568,#1565,#1854,.T.);
#1185=EDGE_CURVE('',#1568,#1566,#1855,.T.);
#1186=EDGE_CURVE('',#1569,#1566,#1856,.T.);
#1187=EDGE_CURVE('',#1570,#1568,#1857,.T.);
#1188=EDGE_CURVE('',#1570,#1569,#1858,.T.);
#1189=EDGE_CURVE('',#1571,#1570,#1859,.T.);
#1190=EDGE_CURVE('',#1571,#1572,#1860,.T.);
#1191=EDGE_CURVE('',#1572,#1569,#1861,.T.);
#1192=EDGE_CURVE('',#1573,#1571,#116,.F.);
#1193=EDGE_CURVE('',#1574,#1573,#1862,.F.);
#1194=EDGE_CURVE('',#1572,#1574,#117,.T.);
#1195=EDGE_CURVE('',#1573,#1575,#1863,.T.);
#1196=EDGE_CURVE('',#1575,#1576,#1864,.T.);
#1197=EDGE_CURVE('',#1574,#1576,#1865,.T.);
#1198=EDGE_CURVE('',#1577,#1575,#118,.F.);
#1199=EDGE_CURVE('',#1578,#1577,#1866,.F.);
#1200=EDGE_CURVE('',#1576,#1578,#119,.T.);
#1201=EDGE_CURVE('',#1579,#1577,#1867,.T.);
#1202=EDGE_CURVE('',#1579,#1580,#1868,.T.);
#1203=EDGE_CURVE('',#1580,#1578,#1869,.T.);
#1204=EDGE_CURVE('',#1581,#1579,#120,.F.);
#1205=EDGE_CURVE('',#1582,#1581,#1870,.F.);
#1206=EDGE_CURVE('',#1580,#1582,#121,.T.);
#1207=EDGE_CURVE('',#1581,#1583,#1871,.T.);
#1208=EDGE_CURVE('',#1583,#1584,#1872,.T.);
#1209=EDGE_CURVE('',#1582,#1584,#1873,.T.);
#1210=EDGE_CURVE('',#1585,#1583,#122,.F.);
#1211=EDGE_CURVE('',#1586,#1585,#1874,.F.);
#1212=EDGE_CURVE('',#1584,#1586,#123,.T.);
#1213=EDGE_CURVE('',#1587,#1586,#1875,.T.);
#1214=EDGE_CURVE('',#1588,#1585,#1876,.T.);
#1215=EDGE_CURVE('',#1588,#1587,#1877,.T.);
#1216=EDGE_CURVE('',#1589,#1587,#1878,.T.);
#1217=EDGE_CURVE('',#1590,#1588,#1879,.T.);
#1218=EDGE_CURVE('',#1590,#1589,#1880,.T.);
#1219=EDGE_CURVE('',#1589,#1591,#1881,.T.);
#1220=EDGE_CURVE('',#1591,#1592,#1882,.T.);
#1221=EDGE_CURVE('',#1593,#1592,#1883,.T.);
#1222=EDGE_CURVE('',#1593,#1523,#124,.F.);
#1223=EDGE_CURVE('',#1521,#1567,#125,.F.);
#1224=EDGE_CURVE('',#1594,#1594,#126,.T.);
#1225=EDGE_CURVE('',#1595,#1595,#127,.F.);
#1226=EDGE_CURVE('',#1596,#1596,#128,.T.);
#1227=EDGE_CURVE('',#1597,#1591,#129,.T.);
#1228=EDGE_CURVE('',#1598,#1597,#1884,.F.);
#1229=EDGE_CURVE('',#1592,#1598,#130,.T.);
#1230=EDGE_CURVE('',#1599,#1600,#1885,.T.);
#1231=EDGE_CURVE('',#1599,#1601,#1886,.T.);
#1232=EDGE_CURVE('',#1601,#1602,#1887,.T.);
#1233=EDGE_CURVE('',#1600,#1602,#1888,.T.);
#1234=EDGE_CURVE('',#1603,#1559,#131,.T.);
#1235=EDGE_CURVE('',#1604,#1603,#1889,.F.);
#1236=EDGE_CURVE('',#1560,#1604,#132,.T.);
#1237=EDGE_CURVE('',#1605,#1606,#133,.T.);
#1238=EDGE_CURVE('',#1607,#1605,#1890,.F.);
#1239=EDGE_CURVE('',#1607,#1608,#134,.T.);
#1240=EDGE_CURVE('',#1608,#1606,#1891,.T.);
#1241=EDGE_CURVE('',#1606,#1609,#1892,.T.);
#1242=EDGE_CURVE('',#1608,#1610,#1893,.T.);
#1243=EDGE_CURVE('',#1610,#1609,#1894,.T.);
#1244=EDGE_CURVE('',#1611,#1604,#1895,.T.);
#1245=EDGE_CURVE('',#1612,#1611,#1896,.T.);
#1246=EDGE_CURVE('',#1612,#1613,#135,.F.);
#1247=EDGE_CURVE('',#1613,#1544,#1897,.T.);
#1248=EDGE_CURVE('',#1613,#1614,#1898,.F.);
#1249=EDGE_CURVE('',#1540,#1614,#1899,.T.);
#1250=EDGE_CURVE('',#1558,#1540,#1900,.F.);
#1251=EDGE_CURVE('',#1614,#1603,#1901,.T.);
#1252=EDGE_CURVE('',#1615,#1602,#1902,.T.);
#1253=EDGE_CURVE('',#1616,#1615,#1903,.T.);
#1254=EDGE_CURVE('',#1616,#1617,#1904,.T.);
#1255=EDGE_CURVE('',#1617,#1600,#1905,.T.);
#1256=EDGE_CURVE('',#1618,#1617,#1906,.T.);
#1257=EDGE_CURVE('',#1599,#1618,#1907,.T.);
#1258=EDGE_CURVE('',#1601,#1619,#1908,.T.);
#1259=EDGE_CURVE('',#1618,#1620,#1909,.T.);
#1260=EDGE_CURVE('',#1620,#1619,#1910,.T.);
#1261=EDGE_CURVE('',#1563,#1621,#1911,.T.);
#1262=EDGE_CURVE('',#1563,#1593,#1912,.F.);
#1263=EDGE_CURVE('',#1621,#1598,#1913,.T.);
#1264=EDGE_CURVE('',#1621,#1622,#1914,.F.);
#1265=EDGE_CURVE('',#1622,#1590,#1915,.T.);
#1266=EDGE_CURVE('',#1597,#1623,#1916,.T.);
#1267=EDGE_CURVE('',#1622,#1624,#136,.F.);
#1268=EDGE_CURVE('',#1624,#1623,#1917,.T.);
#1269=EDGE_CURVE('',#1603,#1615,#137,.T.);
#1270=EDGE_CURVE('',#1619,#1598,#138,.T.);
#1271=EDGE_CURVE('',#1623,#1625,#139,.T.);
#1272=EDGE_CURVE('',#1625,#1626,#1918,.T.);
#1273=EDGE_CURVE('',#1626,#1627,#140,.T.);
#1274=EDGE_CURVE('',#1627,#1628,#1919,.T.);
#1275=EDGE_CURVE('',#1629,#1628,#1920,.T.);
#1276=EDGE_CURVE('',#1630,#1629,#1921,.T.);
#1277=EDGE_CURVE('',#1631,#1630,#1922,.T.);
#1278=EDGE_CURVE('',#1632,#1631,#1923,.T.);
#1279=EDGE_CURVE('',#1633,#1632,#1924,.T.);
#1280=EDGE_CURVE('',#1634,#1633,#1925,.T.);
#1281=EDGE_CURVE('',#1635,#1634,#1926,.T.);
#1282=EDGE_CURVE('',#1636,#1635,#1927,.T.);
#1283=EDGE_CURVE('',#1637,#1636,#1928,.T.);
#1284=EDGE_CURVE('',#1638,#1637,#1929,.T.);
#1285=EDGE_CURVE('',#1639,#1638,#1930,.T.);
#1286=EDGE_CURVE('',#1640,#1639,#1931,.T.);
#1287=EDGE_CURVE('',#1641,#1640,#1932,.T.);
#1288=EDGE_CURVE('',#1642,#1641,#1933,.T.);
#1289=EDGE_CURVE('',#1643,#1642,#1934,.T.);
#1290=EDGE_CURVE('',#1643,#1605,#1935,.T.);
#1291=EDGE_CURVE('',#1609,#1611,#141,.T.);
#1292=EDGE_CURVE('',#1644,#1625,#1936,.T.);
#1293=EDGE_CURVE('',#1644,#1645,#1937,.T.);
#1294=EDGE_CURVE('',#1645,#1626,#1938,.T.);
#1295=EDGE_CURVE('',#1645,#1646,#142,.T.);
#1296=EDGE_CURVE('',#1646,#1627,#1939,.T.);
#1297=EDGE_CURVE('',#1646,#1647,#1940,.T.);
#1298=EDGE_CURVE('',#1647,#1648,#1941,.T.);
#1299=EDGE_CURVE('',#1648,#1628,#1942,.T.);
#1300=EDGE_CURVE('',#1649,#1648,#1943,.T.);
#1301=EDGE_CURVE('',#1629,#1649,#1944,.T.);
#1302=EDGE_CURVE('',#1650,#1630,#1945,.T.);
#1303=EDGE_CURVE('',#1650,#1649,#1946,.T.);
#1304=EDGE_CURVE('',#1651,#1650,#1947,.T.);
#1305=EDGE_CURVE('',#1652,#1651,#1948,.T.);
#1306=EDGE_CURVE('',#1652,#1631,#1949,.T.);
#1307=EDGE_CURVE('',#1653,#1652,#1950,.T.);
#1308=EDGE_CURVE('',#1653,#1632,#1951,.T.);
#1309=EDGE_CURVE('',#1654,#1653,#1952,.T.);
#1310=EDGE_CURVE('',#1654,#1633,#1953,.T.);
#1311=EDGE_CURVE('',#1655,#1654,#1954,.T.);
#1312=EDGE_CURVE('',#1655,#1634,#1955,.T.);
#1313=EDGE_CURVE('',#1656,#1655,#1956,.T.);
#1314=EDGE_CURVE('',#1656,#1635,#1957,.T.);
#1315=EDGE_CURVE('',#1657,#1656,#1958,.T.);
#1316=EDGE_CURVE('',#1657,#1636,#1959,.T.);
#1317=EDGE_CURVE('',#1658,#1657,#1960,.T.);
#1318=EDGE_CURVE('',#1658,#1637,#1961,.T.);
#1319=EDGE_CURVE('',#1659,#1658,#1962,.T.);
#1320=EDGE_CURVE('',#1659,#1638,#1963,.T.);
#1321=EDGE_CURVE('',#1660,#1659,#1964,.T.);
#1322=EDGE_CURVE('',#1660,#1639,#1965,.T.);
#1323=EDGE_CURVE('',#1661,#1660,#1966,.T.);
#1324=EDGE_CURVE('',#1661,#1640,#1967,.T.);
#1325=EDGE_CURVE('',#1662,#1661,#1968,.T.);
#1326=EDGE_CURVE('',#1663,#1662,#1969,.T.);
#1327=EDGE_CURVE('',#1663,#1641,#1970,.T.);
#1328=EDGE_CURVE('',#1664,#1663,#1971,.T.);
#1329=EDGE_CURVE('',#1642,#1664,#1972,.T.);
#1330=EDGE_CURVE('',#1665,#1664,#1973,.T.);
#1331=EDGE_CURVE('',#1665,#1643,#1974,.T.);
#1332=EDGE_CURVE('',#1665,#1666,#1975,.T.);
#1333=EDGE_CURVE('',#1666,#1607,#1976,.T.);
#1334=EDGE_CURVE('',#1667,#1666,#1977,.T.);
#1335=EDGE_CURVE('',#1610,#1667,#143,.T.);
#1336=EDGE_CURVE('',#1667,#1668,#1978,.F.);
#1337=EDGE_CURVE('',#1668,#1612,#26,.T.);
#1338=EDGE_CURVE('',#1669,#1668,#1979,.F.);
#1339=EDGE_CURVE('',#1614,#1669,#27,.T.);
#1340=EDGE_CURVE('',#1669,#1670,#1980,.T.);
#1341=EDGE_CURVE('',#1670,#1616,#144,.T.);
#1342=EDGE_CURVE('',#1671,#1670,#1981,.T.);
#1343=EDGE_CURVE('',#1617,#1671,#1982,.T.);
#1344=EDGE_CURVE('',#1672,#1673,#1983,.T.);
#1345=EDGE_CURVE('',#1673,#1674,#1984,.T.);
#1346=EDGE_CURVE('',#1674,#1672,#1985,.T.);
#1347=EDGE_CURVE('',#1675,#1676,#1986,.T.);
#1348=EDGE_CURVE('',#1673,#1676,#1987,.T.);
#1349=EDGE_CURVE('',#1672,#1675,#1988,.T.);
#1350=EDGE_CURVE('',#1677,#1678,#1989,.T.);
#1351=EDGE_CURVE('',#1679,#1678,#1990,.T.);
#1352=EDGE_CURVE('',#1680,#1679,#1991,.T.);
#1353=EDGE_CURVE('',#1680,#1677,#1992,.T.);
#1354=EDGE_CURVE('',#1679,#1681,#1993,.T.);
#1355=EDGE_CURVE('',#1681,#1680,#1994,.T.);
#1356=EDGE_CURVE('',#1677,#1676,#1995,.T.);
#1357=EDGE_CURVE('',#1681,#1682,#1996,.T.);
#1358=EDGE_CURVE('',#1682,#1618,#1997,.T.);
#1359=EDGE_CURVE('',#1674,#1671,#1998,.T.);
#1360=EDGE_CURVE('',#1683,#1682,#1999,.T.);
#1361=EDGE_CURVE('',#1620,#1683,#145,.T.);
#1362=EDGE_CURVE('',#1683,#1684,#2000,.F.);
#1363=EDGE_CURVE('',#1684,#1621,#28,.T.);
#1364=EDGE_CURVE('',#1685,#1684,#2001,.T.);
#1365=EDGE_CURVE('',#1624,#1685,#29,.T.);
#1366=EDGE_CURVE('',#1685,#1686,#2002,.T.);
#1367=EDGE_CURVE('',#1686,#1644,#146,.T.);
#1368=EDGE_CURVE('',#1647,#1686,#2003,.T.);
#1369=EDGE_CURVE('',#1687,#1688,#2004,.T.);
#1370=EDGE_CURVE('',#1689,#1688,#2005,.T.);
#1371=EDGE_CURVE('',#1690,#1689,#2006,.T.);
#1372=EDGE_CURVE('',#1690,#1687,#2007,.T.);
#1373=EDGE_CURVE('',#1691,#1687,#2008,.T.);
#1374=EDGE_CURVE('',#1692,#1690,#2009,.T.);
#1375=EDGE_CURVE('',#1692,#1691,#2010,.T.);
#1376=EDGE_CURVE('',#1693,#1691,#2011,.T.);
#1377=EDGE_CURVE('',#1694,#1692,#2012,.T.);
#1378=EDGE_CURVE('',#1694,#1693,#2013,.T.);
#1379=EDGE_CURVE('',#1695,#1693,#2014,.T.);
#1380=EDGE_CURVE('',#1696,#1694,#2015,.T.);
#1381=EDGE_CURVE('',#1696,#1695,#2016,.T.);
#1382=EDGE_CURVE('',#1697,#1696,#2017,.T.);
#1383=EDGE_CURVE('',#1697,#1698,#2018,.T.);
#1384=EDGE_CURVE('',#1698,#1695,#2019,.T.);
#1385=EDGE_CURVE('',#1699,#1647,#2020,.T.);
#1386=EDGE_CURVE('',#1651,#1699,#2021,.F.);
#1387=EDGE_CURVE('',#1662,#1651,#2022,.F.);
#1388=EDGE_CURVE('',#1700,#1662,#2023,.F.);
#1389=EDGE_CURVE('',#1666,#1700,#2024,.T.);
#1390=EDGE_CURVE('',#1701,#1700,#2025,.F.);
#1391=EDGE_CURVE('',#1702,#1701,#2026,.F.);
#1392=EDGE_CURVE('',#1703,#1702,#2027,.T.);
#1393=EDGE_CURVE('',#1703,#1704,#2028,.T.);
#1394=EDGE_CURVE('',#1675,#1704,#2029,.T.);
#1395=EDGE_CURVE('',#1705,#1703,#2030,.T.);
#1396=EDGE_CURVE('',#1702,#1705,#2031,.F.);
#1397=EDGE_CURVE('',#1706,#1704,#2032,.T.);
#1398=EDGE_CURVE('',#1705,#1706,#2033,.F.);
#1399=EDGE_CURVE('',#1706,#1707,#2034,.F.);
#1400=EDGE_CURVE('',#1708,#1707,#2035,.T.);
#1401=EDGE_CURVE('',#1708,#1678,#2036,.T.);
#1402=EDGE_CURVE('',#1709,#1707,#2037,.F.);
#1403=EDGE_CURVE('',#1710,#1709,#2038,.T.);
#1404=EDGE_CURVE('',#1710,#1708,#2039,.T.);
#1405=EDGE_CURVE('',#1709,#1711,#2040,.F.);
#1406=EDGE_CURVE('',#1711,#1710,#2041,.T.);
#1407=EDGE_CURVE('',#1711,#1712,#2042,.F.);
#1408=EDGE_CURVE('',#1712,#1699,#2043,.F.);
#1409=EDGE_CURVE('',#1698,#1713,#147,.F.);
#1410=EDGE_CURVE('',#1714,#1713,#2044,.F.);
#1411=EDGE_CURVE('',#1714,#1715,#2045,.F.);
#1412=EDGE_CURVE('',#1688,#1715,#2046,.T.);
#1413=EDGE_CURVE('',#1715,#1716,#2047,.F.);
#1414=EDGE_CURVE('',#1689,#1716,#2048,.T.);
#1415=EDGE_CURVE('',#1717,#1716,#2049,.F.);
#1416=EDGE_CURVE('',#1717,#1718,#2050,.F.);
#1417=EDGE_CURVE('',#1718,#1697,#148,.T.);
#1418=EDGE_CURVE('',#1701,#1719,#2051,.T.);
#1419=EDGE_CURVE('',#1462,#1712,#2052,.T.);
#1420=EDGE_CURVE('',#1452,#1461,#2053,.T.);
#1421=EDGE_CURVE('',#1714,#1450,#2054,.T.);
#1422=EDGE_CURVE('',#1718,#1713,#2055,.T.);
#1423=EDGE_CURVE('',#1720,#1717,#2056,.T.);
#1424=EDGE_CURVE('',#1720,#1721,#2057,.F.);
#1425=EDGE_CURVE('',#1722,#1721,#2058,.T.);
#1426=EDGE_CURVE('',#1719,#1722,#2059,.F.);
#1427=EDGE_CURVE('',#1719,#1723,#2060,.F.);
#1428=EDGE_CURVE('',#1724,#1723,#2061,.F.);
#1429=EDGE_CURVE('',#1720,#1724,#2062,.F.);
#1430=EDGE_CURVE('',#1725,#1724,#2063,.T.);
#1431=EDGE_CURVE('',#1726,#1723,#2064,.T.);
#1432=EDGE_CURVE('',#1726,#1725,#2065,.T.);
#1433=EDGE_CURVE('',#1727,#1728,#2066,.T.);
#1434=EDGE_CURVE('',#1727,#1729,#2067,.T.);
#1435=EDGE_CURVE('',#1729,#1730,#2068,.T.);
#1436=EDGE_CURVE('',#1728,#1730,#2069,.T.);
#1437=EDGE_CURVE('',#1730,#1731,#2070,.T.);
#1438=EDGE_CURVE('',#1732,#1731,#2071,.T.);
#1439=EDGE_CURVE('',#1728,#1732,#2072,.T.);
#1440=EDGE_CURVE('',#1731,#1733,#2073,.T.);
#1441=EDGE_CURVE('',#1734,#1733,#2074,.T.);
#1442=EDGE_CURVE('',#1732,#1734,#2075,.T.);
#1443=EDGE_CURVE('',#1733,#1735,#2076,.T.);
#1444=EDGE_CURVE('',#1736,#1735,#2077,.T.);
#1445=EDGE_CURVE('',#1734,#1736,#2078,.T.);
#1446=EDGE_CURVE('',#1735,#1725,#2079,.T.);
#1447=EDGE_CURVE('',#1736,#1726,#2080,.T.);
#1448=EDGE_CURVE('',#1729,#1721,#149,.F.);
#1449=EDGE_CURVE('',#1722,#1727,#150,.T.);
#1450=VERTEX_POINT('',#5198);
#1451=VERTEX_POINT('',#5199);
#1452=VERTEX_POINT('',#5201);
#1453=VERTEX_POINT('',#5203);
#1454=VERTEX_POINT('',#5205);
#1455=VERTEX_POINT('',#5207);
#1456=VERTEX_POINT('',#5209);
#1457=VERTEX_POINT('',#5211);
#1458=VERTEX_POINT('',#5213);
#1459=VERTEX_POINT('',#5217);
#1460=VERTEX_POINT('',#5218);
#1461=VERTEX_POINT('',#5220);
#1462=VERTEX_POINT('',#5222);
#1463=VERTEX_POINT('',#5224);
#1464=VERTEX_POINT('',#5226);
#1465=VERTEX_POINT('',#5228);
#1466=VERTEX_POINT('',#5230);
#1467=VERTEX_POINT('',#5232);
#1468=VERTEX_POINT('',#5249);
#1469=VERTEX_POINT('',#5252);
#1470=VERTEX_POINT('',#5255);
#1471=VERTEX_POINT('',#5258);
#1472=VERTEX_POINT('',#5259);
#1473=VERTEX_POINT('',#5261);
#1474=VERTEX_POINT('',#5263);
#1475=VERTEX_POINT('',#5267);
#1476=VERTEX_POINT('',#5269);
#1477=VERTEX_POINT('',#5273);
#1478=VERTEX_POINT('',#5275);
#1479=VERTEX_POINT('',#5279);
#1480=VERTEX_POINT('',#5281);
#1481=VERTEX_POINT('',#5283);
#1482=VERTEX_POINT('',#5287);
#1483=VERTEX_POINT('',#5288);
#1484=VERTEX_POINT('',#5290);
#1485=VERTEX_POINT('',#5292);
#1486=VERTEX_POINT('',#5296);
#1487=VERTEX_POINT('',#5298);
#1488=VERTEX_POINT('',#5302);
#1489=VERTEX_POINT('',#5303);
#1490=VERTEX_POINT('',#5311);
#1491=VERTEX_POINT('',#5315);
#1492=VERTEX_POINT('',#5316);
#1493=VERTEX_POINT('',#5321);
#1494=VERTEX_POINT('',#5323);
#1495=VERTEX_POINT('',#5327);
#1496=VERTEX_POINT('',#5329);
#1497=VERTEX_POINT('',#5334);
#1498=VERTEX_POINT('',#5338);
#1499=VERTEX_POINT('',#5339);
#1500=VERTEX_POINT('',#5341);
#1501=VERTEX_POINT('',#5343);
#1502=VERTEX_POINT('',#5347);
#1503=VERTEX_POINT('',#5349);
#1504=VERTEX_POINT('',#5353);
#1505=VERTEX_POINT('',#5354);
#1506=VERTEX_POINT('',#5356);
#1507=VERTEX_POINT('',#5358);
#1508=VERTEX_POINT('',#5360);
#1509=VERTEX_POINT('',#5362);
#1510=VERTEX_POINT('',#5364);
#1511=VERTEX_POINT('',#5368);
#1512=VERTEX_POINT('',#5370);
#1513=VERTEX_POINT('',#5374);
#1514=VERTEX_POINT('',#5376);
#1515=VERTEX_POINT('',#5378);
#1516=VERTEX_POINT('',#5382);
#1517=VERTEX_POINT('',#5384);
#1518=VERTEX_POINT('',#5388);
#1519=VERTEX_POINT('',#5390);
#1520=VERTEX_POINT('',#5396);
#1521=VERTEX_POINT('',#5403);
#1522=VERTEX_POINT('',#5405);
#1523=VERTEX_POINT('',#5409);
#1524=VERTEX_POINT('',#5410);
#1525=VERTEX_POINT('',#5418);
#1526=VERTEX_POINT('',#5421);
#1527=VERTEX_POINT('',#5424);
#1528=VERTEX_POINT('',#5427);
#1529=VERTEX_POINT('',#5428);
#1530=VERTEX_POINT('',#5430);
#1531=VERTEX_POINT('',#5432);
#1532=VERTEX_POINT('',#5436);
#1533=VERTEX_POINT('',#5438);
#1534=VERTEX_POINT('',#5442);
#1535=VERTEX_POINT('',#5444);
#1536=VERTEX_POINT('',#5448);
#1537=VERTEX_POINT('',#5450);
#1538=VERTEX_POINT('',#5455);
#1539=VERTEX_POINT('',#5459);
#1540=VERTEX_POINT('',#5464);
#1541=VERTEX_POINT('',#5466);
#1542=VERTEX_POINT('',#5470);
#1543=VERTEX_POINT('',#5471);
#1544=VERTEX_POINT('',#5473);
#1545=VERTEX_POINT('',#5475);
#1546=VERTEX_POINT('',#5479);
#1547=VERTEX_POINT('',#5481);
#1548=VERTEX_POINT('',#5485);
#1549=VERTEX_POINT('',#5487);
#1550=VERTEX_POINT('',#5491);
#1551=VERTEX_POINT('',#5493);
#1552=VERTEX_POINT('',#5497);
#1553=VERTEX_POINT('',#5499);
#1554=VERTEX_POINT('',#5503);
#1555=VERTEX_POINT('',#5505);
#1556=VERTEX_POINT('',#5509);
#1557=VERTEX_POINT('',#5511);
#1558=VERTEX_POINT('',#5519);
#1559=VERTEX_POINT('',#5521);
#1560=VERTEX_POINT('',#5523);
#1561=VERTEX_POINT('',#5529);
#1562=VERTEX_POINT('',#5533);
#1563=VERTEX_POINT('',#5535);
#1564=VERTEX_POINT('',#5539);
#1565=VERTEX_POINT('',#5544);
#1566=VERTEX_POINT('',#5548);
#1567=VERTEX_POINT('',#5549);
#1568=VERTEX_POINT('',#5552);
#1569=VERTEX_POINT('',#5556);
#1570=VERTEX_POINT('',#5558);
#1571=VERTEX_POINT('',#5562);
#1572=VERTEX_POINT('',#5564);
#1573=VERTEX_POINT('',#5568);
#1574=VERTEX_POINT('',#5570);
#1575=VERTEX_POINT('',#5574);
#1576=VERTEX_POINT('',#5576);
#1577=VERTEX_POINT('',#5580);
#1578=VERTEX_POINT('',#5582);
#1579=VERTEX_POINT('',#5586);
#1580=VERTEX_POINT('',#5588);
#1581=VERTEX_POINT('',#5592);
#1582=VERTEX_POINT('',#5594);
#1583=VERTEX_POINT('',#5598);
#1584=VERTEX_POINT('',#5600);
#1585=VERTEX_POINT('',#5604);
#1586=VERTEX_POINT('',#5606);
#1587=VERTEX_POINT('',#5610);
#1588=VERTEX_POINT('',#5612);
#1589=VERTEX_POINT('',#5616);
#1590=VERTEX_POINT('',#5618);
#1591=VERTEX_POINT('',#5622);
#1592=VERTEX_POINT('',#5624);
#1593=VERTEX_POINT('',#5626);
#1594=VERTEX_POINT('',#5631);
#1595=VERTEX_POINT('',#5634);
#1596=VERTEX_POINT('',#5637);
#1597=VERTEX_POINT('',#5640);
#1598=VERTEX_POINT('',#5642);
#1599=VERTEX_POINT('',#5646);
#1600=VERTEX_POINT('',#5647);
#1601=VERTEX_POINT('',#5649);
#1602=VERTEX_POINT('',#5651);
#1603=VERTEX_POINT('',#5655);
#1604=VERTEX_POINT('',#5657);
#1605=VERTEX_POINT('',#5661);
#1606=VERTEX_POINT('',#5662);
#1607=VERTEX_POINT('',#5664);
#1608=VERTEX_POINT('',#5666);
#1609=VERTEX_POINT('',#5670);
#1610=VERTEX_POINT('',#5672);
#1611=VERTEX_POINT('',#5676);
#1612=VERTEX_POINT('',#5678);
#1613=VERTEX_POINT('',#5680);
#1614=VERTEX_POINT('',#5684);
#1615=VERTEX_POINT('',#5691);
#1616=VERTEX_POINT('',#5693);
#1617=VERTEX_POINT('',#5695);
#1618=VERTEX_POINT('',#5699);
#1619=VERTEX_POINT('',#5703);
#1620=VERTEX_POINT('',#5705);
#1621=VERTEX_POINT('',#5709);
#1622=VERTEX_POINT('',#5714);
#1623=VERTEX_POINT('',#5718);
#1624=VERTEX_POINT('',#5720);
#1625=VERTEX_POINT('',#5726);
#1626=VERTEX_POINT('',#5728);
#1627=VERTEX_POINT('',#5730);
#1628=VERTEX_POINT('',#5732);
#1629=VERTEX_POINT('',#5734);
#1630=VERTEX_POINT('',#5736);
#1631=VERTEX_POINT('',#5738);
#1632=VERTEX_POINT('',#5740);
#1633=VERTEX_POINT('',#5742);
#1634=VERTEX_POINT('',#5744);
#1635=VERTEX_POINT('',#5746);
#1636=VERTEX_POINT('',#5748);
#1637=VERTEX_POINT('',#5750);
#1638=VERTEX_POINT('',#5752);
#1639=VERTEX_POINT('',#5754);
#1640=VERTEX_POINT('',#5756);
#1641=VERTEX_POINT('',#5758);
#1642=VERTEX_POINT('',#5760);
#1643=VERTEX_POINT('',#5762);
#1644=VERTEX_POINT('',#5767);
#1645=VERTEX_POINT('',#5769);
#1646=VERTEX_POINT('',#5773);
#1647=VERTEX_POINT('',#5777);
#1648=VERTEX_POINT('',#5779);
#1649=VERTEX_POINT('',#5783);
#1650=VERTEX_POINT('',#5787);
#1651=VERTEX_POINT('',#5791);
#1652=VERTEX_POINT('',#5793);
#1653=VERTEX_POINT('',#5797);
#1654=VERTEX_POINT('',#5801);
#1655=VERTEX_POINT('',#5805);
#1656=VERTEX_POINT('',#5809);
#1657=VERTEX_POINT('',#5813);
#1658=VERTEX_POINT('',#5817);
#1659=VERTEX_POINT('',#5821);
#1660=VERTEX_POINT('',#5825);
#1661=VERTEX_POINT('',#5829);
#1662=VERTEX_POINT('',#5833);
#1663=VERTEX_POINT('',#5835);
#1664=VERTEX_POINT('',#5839);
#1665=VERTEX_POINT('',#5843);
#1666=VERTEX_POINT('',#5847);
#1667=VERTEX_POINT('',#5851);
#1668=VERTEX_POINT('',#5855);
#1669=VERTEX_POINT('',#5862);
#1670=VERTEX_POINT('',#5869);
#1671=VERTEX_POINT('',#5873);
#1672=VERTEX_POINT('',#5877);
#1673=VERTEX_POINT('',#5878);
#1674=VERTEX_POINT('',#5880);
#1675=VERTEX_POINT('',#5884);
#1676=VERTEX_POINT('',#5885);
#1677=VERTEX_POINT('',#5890);
#1678=VERTEX_POINT('',#5891);
#1679=VERTEX_POINT('',#5893);
#1680=VERTEX_POINT('',#5895);
#1681=VERTEX_POINT('',#5899);
#1682=VERTEX_POINT('',#5904);
#1683=VERTEX_POINT('',#5909);
#1684=VERTEX_POINT('',#5913);
#1685=VERTEX_POINT('',#5920);
#1686=VERTEX_POINT('',#5927);
#1687=VERTEX_POINT('',#5933);
#1688=VERTEX_POINT('',#5934);
#1689=VERTEX_POINT('',#5936);
#1690=VERTEX_POINT('',#5938);
#1691=VERTEX_POINT('',#5942);
#1692=VERTEX_POINT('',#5944);
#1693=VERTEX_POINT('',#5948);
#1694=VERTEX_POINT('',#5950);
#1695=VERTEX_POINT('',#5954);
#1696=VERTEX_POINT('',#5956);
#1697=VERTEX_POINT('',#5960);
#1698=VERTEX_POINT('',#5962);
#1699=VERTEX_POINT('',#5966);
#1700=VERTEX_POINT('',#5972);
#1701=VERTEX_POINT('',#5976);
#1702=VERTEX_POINT('',#5978);
#1703=VERTEX_POINT('',#5980);
#1704=VERTEX_POINT('',#5982);
#1705=VERTEX_POINT('',#5986);
#1706=VERTEX_POINT('',#5990);
#1707=VERTEX_POINT('',#5994);
#1708=VERTEX_POINT('',#5996);
#1709=VERTEX_POINT('',#6000);
#1710=VERTEX_POINT('',#6002);
#1711=VERTEX_POINT('',#6006);
#1712=VERTEX_POINT('',#6010);
#1713=VERTEX_POINT('',#6014);
#1714=VERTEX_POINT('',#6016);
#1715=VERTEX_POINT('',#6018);
#1716=VERTEX_POINT('',#6022);
#1717=VERTEX_POINT('',#6026);
#1718=VERTEX_POINT('',#6028);
#1719=VERTEX_POINT('',#6032);
#1720=VERTEX_POINT('',#6038);
#1721=VERTEX_POINT('',#6040);
#1722=VERTEX_POINT('',#6042);
#1723=VERTEX_POINT('',#6046);
#1724=VERTEX_POINT('',#6048);
#1725=VERTEX_POINT('',#6052);
#1726=VERTEX_POINT('',#6054);
#1727=VERTEX_POINT('',#6058);
#1728=VERTEX_POINT('',#6059);
#1729=VERTEX_POINT('',#6061);
#1730=VERTEX_POINT('',#6063);
#1731=VERTEX_POINT('',#6067);
#1732=VERTEX_POINT('',#6069);
#1733=VERTEX_POINT('',#6073);
#1734=VERTEX_POINT('',#6075);
#1735=VERTEX_POINT('',#6079);
#1736=VERTEX_POINT('',#6081);
#1737=LINE('',#5197,#2081);
#1738=LINE('',#5200,#2082);
#1739=LINE('',#5204,#2083);
#1740=LINE('',#5206,#2084);
#1741=LINE('',#5208,#2085);
#1742=LINE('',#5210,#2086);
#1743=LINE('',#5212,#2087);
#1744=LINE('',#5214,#2088);
#1745=LINE('',#5216,#2089);
#1746=LINE('',#5221,#2090);
#1747=LINE('',#5223,#2091);
#1748=LINE('',#5225,#2092);
#1749=LINE('',#5227,#2093);
#1750=LINE('',#5229,#2094);
#1751=LINE('',#5231,#2095);
#1752=LINE('',#5233,#2096);
#1753=LINE('',#5235,#2097);
#1754=LINE('',#5236,#2098);
#1755=LINE('',#5238,#2099);
#1756=LINE('',#5240,#2100);
#1757=LINE('',#5241,#2101);
#1758=LINE('',#5243,#2102);
#1759=LINE('',#5245,#2103);
#1760=LINE('',#5260,#2104);
#1761=LINE('',#5264,#2105);
#1762=LINE('',#5266,#2106);
#1763=LINE('',#5268,#2107);
#1764=LINE('',#5270,#2108);
#1765=LINE('',#5274,#2109);
#1766=LINE('',#5278,#2110);
#1767=LINE('',#5280,#2111);
#1768=LINE('',#5282,#2112);
#1769=LINE('',#5289,#2113);
#1770=LINE('',#5293,#2114);
#1771=LINE('',#5295,#2115);
#1772=LINE('',#5297,#2116);
#1773=LINE('',#5299,#2117);
#1774=LINE('',#5301,#2118);
#1775=LINE('',#5310,#2119);
#1776=LINE('',#5312,#2120);
#1777=LINE('',#5314,#2121);
#1778=LINE('',#5322,#2122);
#1779=LINE('',#5330,#2123);
#1780=LINE('',#5332,#2124);
#1781=LINE('',#5333,#2125);
#1782=LINE('',#5340,#2126);
#1783=LINE('',#5344,#2127);
#1784=LINE('',#5346,#2128);
#1785=LINE('',#5348,#2129);
#1786=LINE('',#5350,#2130);
#1787=LINE('',#5352,#2131);
#1788=LINE('',#5357,#2132);
#1789=LINE('',#5361,#2133);
#1790=LINE('',#5365,#2134);
#1791=LINE('',#5369,#2135);
#1792=LINE('',#5373,#2136);
#1793=LINE('',#5375,#2137);
#1794=LINE('',#5379,#2138);
#1795=LINE('',#5381,#2139);
#1796=LINE('',#5385,#2140);
#1797=LINE('',#5387,#2141);
#1798=LINE('',#5391,#2142);
#1799=LINE('',#5393,#2143);
#1800=LINE('',#5395,#2144);
#1801=LINE('',#5397,#2145);
#1802=LINE('',#5404,#2146);
#1803=LINE('',#5408,#2147);
#1804=LINE('',#5429,#2148);
#1805=LINE('',#5433,#2149);
#1806=LINE('',#5435,#2150);
#1807=LINE('',#5437,#2151);
#1808=LINE('',#5439,#2152);
#1809=LINE('',#5441,#2153);
#1810=LINE('',#5443,#2154);
#1811=LINE('',#5445,#2155);
#1812=LINE('',#5447,#2156);
#1813=LINE('',#5449,#2157);
#1814=LINE('',#5451,#2158);
#1815=LINE('',#5454,#2159);
#1816=LINE('',#5456,#2160);
#1817=LINE('',#5458,#2161);
#1818=LINE('',#5460,#2162);
#1819=LINE('',#5461,#2163);
#1820=LINE('',#5463,#2164);
#1821=LINE('',#5467,#2165);
#1822=LINE('',#5469,#2166);
#1823=LINE('',#5472,#2167);
#1824=LINE('',#5474,#2168);
#1825=LINE('',#5476,#2169);
#1826=LINE('',#5478,#2170);
#1827=LINE('',#5480,#2171);
#1828=LINE('',#5482,#2172);
#1829=LINE('',#5488,#2173);
#1830=LINE('',#5490,#2174);
#1831=LINE('',#5492,#2175);
#1832=LINE('',#5494,#2176);
#1833=LINE('',#5500,#2177);
#1834=LINE('',#5502,#2178);
#1835=LINE('',#5504,#2179);
#1836=LINE('',#5506,#2180);
#1837=LINE('',#5512,#2181);
#1838=LINE('',#5514,#2182);
#1839=LINE('',#5515,#2183);
#1840=LINE('',#5520,#2184);
#1841=LINE('',#5522,#2185);
#1842=LINE('',#5524,#2186);
#1843=LINE('',#5526,#2187);
#1844=LINE('',#5528,#2188);
#1845=LINE('',#5530,#2189);
#1846=LINE('',#5532,#2190);
#1847=LINE('',#5536,#2191);
#1848=LINE('',#5538,#2192);
#1849=LINE('',#5540,#2193);
#1850=LINE('',#5541,#2194);
#1851=LINE('',#5543,#2195);
#1852=LINE('',#5547,#2196);
#1853=LINE('',#5550,#2197);
#1854=LINE('',#5551,#2198);
#1855=LINE('',#5553,#2199);
#1856=LINE('',#5555,#2200);
#1857=LINE('',#5557,#2201);
#1858=LINE('',#5559,#2202);
#1859=LINE('',#5561,#2203);
#1860=LINE('',#5563,#2204);
#1861=LINE('',#5565,#2205);
#1862=LINE('',#5569,#2206);
#1863=LINE('',#5573,#2207);
#1864=LINE('',#5575,#2208);
#1865=LINE('',#5577,#2209);
#1866=LINE('',#5581,#2210);
#1867=LINE('',#5585,#2211);
#1868=LINE('',#5587,#2212);
#1869=LINE('',#5589,#2213);
#1870=LINE('',#5593,#2214);
#1871=LINE('',#5597,#2215);
#1872=LINE('',#5599,#2216);
#1873=LINE('',#5601,#2217);
#1874=LINE('',#5605,#2218);
#1875=LINE('',#5609,#2219);
#1876=LINE('',#5611,#2220);
#1877=LINE('',#5613,#2221);
#1878=LINE('',#5615,#2222);
#1879=LINE('',#5617,#2223);
#1880=LINE('',#5619,#2224);
#1881=LINE('',#5621,#2225);
#1882=LINE('',#5623,#2226);
#1883=LINE('',#5625,#2227);
#1884=LINE('',#5641,#2228);
#1885=LINE('',#5645,#2229);
#1886=LINE('',#5648,#2230);
#1887=LINE('',#5650,#2231);
#1888=LINE('',#5652,#2232);
#1889=LINE('',#5656,#2233);
#1890=LINE('',#5663,#2234);
#1891=LINE('',#5667,#2235);
#1892=LINE('',#5669,#2236);
#1893=LINE('',#5671,#2237);
#1894=LINE('',#5673,#2238);
#1895=LINE('',#5675,#2239);
#1896=LINE('',#5677,#2240);
#1897=LINE('',#5681,#2241);
#1898=LINE('',#5683,#2242);
#1899=LINE('',#5685,#2243);
#1900=LINE('',#5687,#2244);
#1901=LINE('',#5688,#2245);
#1902=LINE('',#5690,#2246);
#1903=LINE('',#5692,#2247);
#1904=LINE('',#5694,#2248);
#1905=LINE('',#5696,#2249);
#1906=LINE('',#5698,#2250);
#1907=LINE('',#5700,#2251);
#1908=LINE('',#5702,#2252);
#1909=LINE('',#5704,#2253);
#1910=LINE('',#5706,#2254);
#1911=LINE('',#5708,#2255);
#1912=LINE('',#5710,#2256);
#1913=LINE('',#5711,#2257);
#1914=LINE('',#5713,#2258);
#1915=LINE('',#5715,#2259);
#1916=LINE('',#5717,#2260);
#1917=LINE('',#5721,#2261);
#1918=LINE('',#5727,#2262);
#1919=LINE('',#5731,#2263);
#1920=LINE('',#5733,#2264);
#1921=LINE('',#5735,#2265);
#1922=LINE('',#5737,#2266);
#1923=LINE('',#5739,#2267);
#1924=LINE('',#5741,#2268);
#1925=LINE('',#5743,#2269);
#1926=LINE('',#5745,#2270);
#1927=LINE('',#5747,#2271);
#1928=LINE('',#5749,#2272);
#1929=LINE('',#5751,#2273);
#1930=LINE('',#5753,#2274);
#1931=LINE('',#5755,#2275);
#1932=LINE('',#5757,#2276);
#1933=LINE('',#5759,#2277);
#1934=LINE('',#5761,#2278);
#1935=LINE('',#5763,#2279);
#1936=LINE('',#5766,#2280);
#1937=LINE('',#5768,#2281);
#1938=LINE('',#5770,#2282);
#1939=LINE('',#5774,#2283);
#1940=LINE('',#5776,#2284);
#1941=LINE('',#5778,#2285);
#1942=LINE('',#5780,#2286);
#1943=LINE('',#5782,#2287);
#1944=LINE('',#5784,#2288);
#1945=LINE('',#5786,#2289);
#1946=LINE('',#5788,#2290);
#1947=LINE('',#5790,#2291);
#1948=LINE('',#5792,#2292);
#1949=LINE('',#5794,#2293);
#1950=LINE('',#5796,#2294);
#1951=LINE('',#5798,#2295);
#1952=LINE('',#5800,#2296);
#1953=LINE('',#5802,#2297);
#1954=LINE('',#5804,#2298);
#1955=LINE('',#5806,#2299);
#1956=LINE('',#5808,#2300);
#1957=LINE('',#5810,#2301);
#1958=LINE('',#5812,#2302);
#1959=LINE('',#5814,#2303);
#1960=LINE('',#5816,#2304);
#1961=LINE('',#5818,#2305);
#1962=LINE('',#5820,#2306);
#1963=LINE('',#5822,#2307);
#1964=LINE('',#5824,#2308);
#1965=LINE('',#5826,#2309);
#1966=LINE('',#5828,#2310);
#1967=LINE('',#5830,#2311);
#1968=LINE('',#5832,#2312);
#1969=LINE('',#5834,#2313);
#1970=LINE('',#5836,#2314);
#1971=LINE('',#5838,#2315);
#1972=LINE('',#5840,#2316);
#1973=LINE('',#5842,#2317);
#1974=LINE('',#5844,#2318);
#1975=LINE('',#5846,#2319);
#1976=LINE('',#5848,#2320);
#1977=LINE('',#5850,#2321);
#1978=LINE('',#5854,#2322);
#1979=LINE('',#5861,#2323);
#1980=LINE('',#5868,#2324);
#1981=LINE('',#5872,#2325);
#1982=LINE('',#5874,#2326);
#1983=LINE('',#5876,#2327);
#1984=LINE('',#5879,#2328);
#1985=LINE('',#5881,#2329);
#1986=LINE('',#5883,#2330);
#1987=LINE('',#5886,#2331);
#1988=LINE('',#5887,#2332);
#1989=LINE('',#5889,#2333);
#1990=LINE('',#5892,#2334);
#1991=LINE('',#5894,#2335);
#1992=LINE('',#5896,#2336);
#1993=LINE('',#5898,#2337);
#1994=LINE('',#5900,#2338);
#1995=LINE('',#5902,#2339);
#1996=LINE('',#5903,#2340);
#1997=LINE('',#5905,#2341);
#1998=LINE('',#5906,#2342);
#1999=LINE('',#5908,#2343);
#2000=LINE('',#5912,#2344);
#2001=LINE('',#5919,#2345);
#2002=LINE('',#5926,#2346);
#2003=LINE('',#5930,#2347);
#2004=LINE('',#5932,#2348);
#2005=LINE('',#5935,#2349);
#2006=LINE('',#5937,#2350);
#2007=LINE('',#5939,#2351);
#2008=LINE('',#5941,#2352);
#2009=LINE('',#5943,#2353);
#2010=LINE('',#5945,#2354);
#2011=LINE('',#5947,#2355);
#2012=LINE('',#5949,#2356);
#2013=LINE('',#5951,#2357);
#2014=LINE('',#5953,#2358);
#2015=LINE('',#5955,#2359);
#2016=LINE('',#5957,#2360);
#2017=LINE('',#5959,#2361);
#2018=LINE('',#5961,#2362);
#2019=LINE('',#5963,#2363);
#2020=LINE('',#5965,#2364);
#2021=LINE('',#5967,#2365);
#2022=LINE('',#5969,#2366);
#2023=LINE('',#5971,#2367);
#2024=LINE('',#5973,#2368);
#2025=LINE('',#5975,#2369);
#2026=LINE('',#5977,#2370);
#2027=LINE('',#5979,#2371);
#2028=LINE('',#5981,#2372);
#2029=LINE('',#5983,#2373);
#2030=LINE('',#5985,#2374);
#2031=LINE('',#5987,#2375);
#2032=LINE('',#5989,#2376);
#2033=LINE('',#5991,#2377);
#2034=LINE('',#5993,#2378);
#2035=LINE('',#5995,#2379);
#2036=LINE('',#5997,#2380);
#2037=LINE('',#5999,#2381);
#2038=LINE('',#6001,#2382);
#2039=LINE('',#6003,#2383);
#2040=LINE('',#6005,#2384);
#2041=LINE('',#6007,#2385);
#2042=LINE('',#6009,#2386);
#2043=LINE('',#6011,#2387);
#2044=LINE('',#6015,#2388);
#2045=LINE('',#6017,#2389);
#2046=LINE('',#6019,#2390);
#2047=LINE('',#6021,#2391);
#2048=LINE('',#6023,#2392);
#2049=LINE('',#6025,#2393);
#2050=LINE('',#6027,#2394);
#2051=LINE('',#6031,#2395);
#2052=LINE('',#6033,#2396);
#2053=LINE('',#6034,#2397);
#2054=LINE('',#6035,#2398);
#2055=LINE('',#6036,#2399);
#2056=LINE('',#6037,#2400);
#2057=LINE('',#6039,#2401);
#2058=LINE('',#6041,#2402);
#2059=LINE('',#6043,#2403);
#2060=LINE('',#6045,#2404);
#2061=LINE('',#6047,#2405);
#2062=LINE('',#6049,#2406);
#2063=LINE('',#6051,#2407);
#2064=LINE('',#6053,#2408);
#2065=LINE('',#6055,#2409);
#2066=LINE('',#6057,#2410);
#2067=LINE('',#6060,#2411);
#2068=LINE('',#6062,#2412);
#2069=LINE('',#6064,#2413);
#2070=LINE('',#6066,#2414);
#2071=LINE('',#6068,#2415);
#2072=LINE('',#6070,#2416);
#2073=LINE('',#6072,#2417);
#2074=LINE('',#6074,#2418);
#2075=LINE('',#6076,#2419);
#2076=LINE('',#6078,#2420);
#2077=LINE('',#6080,#2421);
#2078=LINE('',#6082,#2422);
#2079=LINE('',#6084,#2423);
#2080=LINE('',#6085,#2424);
#2081=VECTOR('',#4377,1000.);
#2082=VECTOR('',#4378,1000.);
#2083=VECTOR('',#4381,1000.);
#2084=VECTOR('',#4382,1000.);
#2085=VECTOR('',#4383,1000.);
#2086=VECTOR('',#4384,1000.);
#2087=VECTOR('',#4385,1000.);
#2088=VECTOR('',#4386,1000.);
#2089=VECTOR('',#4389,1000.);
#2090=VECTOR('',#4392,1000.);
#2091=VECTOR('',#4393,1000.);
#2092=VECTOR('',#4394,1000.);
#2093=VECTOR('',#4395,1000.);
#2094=VECTOR('',#4396,1000.);
#2095=VECTOR('',#4397,1000.);
#2096=VECTOR('',#4398,1000.);
#2097=VECTOR('',#4401,1000.);
#2098=VECTOR('',#4402,1000.);
#2099=VECTOR('',#4405,1000.);
#2100=VECTOR('',#4408,1000.);
#2101=VECTOR('',#4409,1000.);
#2102=VECTOR('',#4412,1000.);
#2103=VECTOR('',#4415,1000.);
#2104=VECTOR('',#4434,1000.);
#2105=VECTOR('',#4437,1000.);
#2106=VECTOR('',#4440,1000.);
#2107=VECTOR('',#4441,1000.);
#2108=VECTOR('',#4442,1000.);
#2109=VECTOR('',#4447,1000.);
#2110=VECTOR('',#4452,1000.);
#2111=VECTOR('',#4453,1000.);
#2112=VECTOR('',#4454,1000.);
#2113=VECTOR('',#4461,1000.);
#2114=VECTOR('',#4464,1000.);
#2115=VECTOR('',#4467,1000.);
#2116=VECTOR('',#4468,1000.);
#2117=VECTOR('',#4469,1000.);
#2118=VECTOR('',#4472,1000.);
#2119=VECTOR('',#4477,1000.);
#2120=VECTOR('',#4478,1000.);
#2121=VECTOR('',#4481,1000.);
#2122=VECTOR('',#4482,1000.);
#2123=VECTOR('',#4491,1000.);
#2124=VECTOR('',#4494,1000.);
#2125=VECTOR('',#4495,1000.);
#2126=VECTOR('',#4502,1000.);
#2127=VECTOR('',#4505,1000.);
#2128=VECTOR('',#4508,1000.);
#2129=VECTOR('',#4509,1000.);
#2130=VECTOR('',#4510,1000.);
#2131=VECTOR('',#4513,1000.);
#2132=VECTOR('',#4516,1000.);
#2133=VECTOR('',#4519,1000.);
#2134=VECTOR('',#4522,1000.);
#2135=VECTOR('',#4527,1000.);
#2136=VECTOR('',#4532,1000.);
#2137=VECTOR('',#4533,1000.);
#2138=VECTOR('',#4536,1000.);
#2139=VECTOR('',#4539,1000.);
#2140=VECTOR('',#4542,1000.);
#2141=VECTOR('',#4545,1000.);
#2142=VECTOR('',#4548,1000.);
#2143=VECTOR('',#4551,1000.);
#2144=VECTOR('',#4554,1000.);
#2145=VECTOR('',#4555,1000.);
#2146=VECTOR('',#4558,1000.);
#2147=VECTOR('',#4563,1000.);
#2148=VECTOR('',#4582,1000.);
#2149=VECTOR('',#4585,1000.);
#2150=VECTOR('',#4588,1000.);
#2151=VECTOR('',#4589,1000.);
#2152=VECTOR('',#4590,1000.);
#2153=VECTOR('',#4593,1000.);
#2154=VECTOR('',#4594,1000.);
#2155=VECTOR('',#4595,1000.);
#2156=VECTOR('',#4598,1000.);
#2157=VECTOR('',#4599,1000.);
#2158=VECTOR('',#4600,1000.);
#2159=VECTOR('',#4605,1000.);
#2160=VECTOR('',#4606,1000.);
#2161=VECTOR('',#4609,1000.);
#2162=VECTOR('',#4610,1000.);
#2163=VECTOR('',#4611,1000.);
#2164=VECTOR('',#4614,1000.);
#2165=VECTOR('',#4617,1000.);
#2166=VECTOR('',#4620,1000.);
#2167=VECTOR('',#4621,1000.);
#2168=VECTOR('',#4622,1000.);
#2169=VECTOR('',#4623,1000.);
#2170=VECTOR('',#4626,1000.);
#2171=VECTOR('',#4627,1000.);
#2172=VECTOR('',#4628,1000.);
#2173=VECTOR('',#4635,1000.);
#2174=VECTOR('',#4638,1000.);
#2175=VECTOR('',#4639,1000.);
#2176=VECTOR('',#4640,1000.);
#2177=VECTOR('',#4647,1000.);
#2178=VECTOR('',#4650,1000.);
#2179=VECTOR('',#4651,1000.);
#2180=VECTOR('',#4652,1000.);
#2181=VECTOR('',#4659,1000.);
#2182=VECTOR('',#4662,1000.);
#2183=VECTOR('',#4663,1000.);
#2184=VECTOR('',#4670,1000.);
#2185=VECTOR('',#4671,1000.);
#2186=VECTOR('',#4672,1000.);
#2187=VECTOR('',#4675,1000.);
#2188=VECTOR('',#4678,1000.);
#2189=VECTOR('',#4679,1000.);
#2190=VECTOR('',#4682,1000.);
#2191=VECTOR('',#4685,1000.);
#2192=VECTOR('',#4688,1000.);
#2193=VECTOR('',#4689,1000.);
#2194=VECTOR('',#4690,1000.);
#2195=VECTOR('',#4693,1000.);
#2196=VECTOR('',#4698,1000.);
#2197=VECTOR('',#4699,1000.);
#2198=VECTOR('',#4700,1000.);
#2199=VECTOR('',#4701,1000.);
#2200=VECTOR('',#4704,1000.);
#2201=VECTOR('',#4705,1000.);
#2202=VECTOR('',#4706,1000.);
#2203=VECTOR('',#4709,1000.);
#2204=VECTOR('',#4710,1000.);
#2205=VECTOR('',#4711,1000.);
#2206=VECTOR('',#4716,1000.);
#2207=VECTOR('',#4721,1000.);
#2208=VECTOR('',#4722,1000.);
#2209=VECTOR('',#4723,1000.);
#2210=VECTOR('',#4728,1000.);
#2211=VECTOR('',#4733,1000.);
#2212=VECTOR('',#4734,1000.);
#2213=VECTOR('',#4735,1000.);
#2214=VECTOR('',#4740,1000.);
#2215=VECTOR('',#4745,1000.);
#2216=VECTOR('',#4746,1000.);
#2217=VECTOR('',#4747,1000.);
#2218=VECTOR('',#4752,1000.);
#2219=VECTOR('',#4757,1000.);
#2220=VECTOR('',#4758,1000.);
#2221=VECTOR('',#4759,1000.);
#2222=VECTOR('',#4762,1000.);
#2223=VECTOR('',#4763,1000.);
#2224=VECTOR('',#4764,1000.);
#2225=VECTOR('',#4767,1000.);
#2226=VECTOR('',#4768,1000.);
#2227=VECTOR('',#4769,1000.);
#2228=VECTOR('',#4790,1000.);
#2229=VECTOR('',#4795,1000.);
#2230=VECTOR('',#4796,1000.);
#2231=VECTOR('',#4797,1000.);
#2232=VECTOR('',#4798,1000.);
#2233=VECTOR('',#4803,1000.);
#2234=VECTOR('',#4810,1000.);
#2235=VECTOR('',#4813,1000.);
#2236=VECTOR('',#4816,1000.);
#2237=VECTOR('',#4817,1000.);
#2238=VECTOR('',#4818,1000.);
#2239=VECTOR('',#4821,1000.);
#2240=VECTOR('',#4822,1000.);
#2241=VECTOR('',#4825,1000.);
#2242=VECTOR('',#4828,1000.);
#2243=VECTOR('',#4829,1000.);
#2244=VECTOR('',#4832,1000.);
#2245=VECTOR('',#4833,1000.);
#2246=VECTOR('',#4836,1000.);
#2247=VECTOR('',#4837,1000.);
#2248=VECTOR('',#4838,1000.);
#2249=VECTOR('',#4839,1000.);
#2250=VECTOR('',#4842,1000.);
#2251=VECTOR('',#4843,1000.);
#2252=VECTOR('',#4846,1000.);
#2253=VECTOR('',#4847,1000.);
#2254=VECTOR('',#4848,1000.);
#2255=VECTOR('',#4851,1000.);
#2256=VECTOR('',#4852,1000.);
#2257=VECTOR('',#4853,1000.);
#2258=VECTOR('',#4856,1000.);
#2259=VECTOR('',#4857,1000.);
#2260=VECTOR('',#4860,1000.);
#2261=VECTOR('',#4863,1000.);
#2262=VECTOR('',#4872,1000.);
#2263=VECTOR('',#4875,1000.);
#2264=VECTOR('',#4876,1000.);
#2265=VECTOR('',#4877,1000.);
#2266=VECTOR('',#4878,1000.);
#2267=VECTOR('',#4879,1000.);
#2268=VECTOR('',#4880,1000.);
#2269=VECTOR('',#4881,1000.);
#2270=VECTOR('',#4882,1000.);
#2271=VECTOR('',#4883,1000.);
#2272=VECTOR('',#4884,1000.);
#2273=VECTOR('',#4885,1000.);
#2274=VECTOR('',#4886,1000.);
#2275=VECTOR('',#4887,1000.);
#2276=VECTOR('',#4888,1000.);
#2277=VECTOR('',#4889,1000.);
#2278=VECTOR('',#4890,1000.);
#2279=VECTOR('',#4891,1000.);
#2280=VECTOR('',#4896,1000.);
#2281=VECTOR('',#4897,1000.);
#2282=VECTOR('',#4898,1000.);
#2283=VECTOR('',#4903,1000.);
#2284=VECTOR('',#4906,1000.);
#2285=VECTOR('',#4907,1000.);
#2286=VECTOR('',#4908,1000.);
#2287=VECTOR('',#4911,1000.);
#2288=VECTOR('',#4912,1000.);
#2289=VECTOR('',#4915,1000.);
#2290=VECTOR('',#4916,1000.);
#2291=VECTOR('',#4919,1000.);
#2292=VECTOR('',#4920,1000.);
#2293=VECTOR('',#4921,1000.);
#2294=VECTOR('',#4924,1000.);
#2295=VECTOR('',#4925,1000.);
#2296=VECTOR('',#4928,1000.);
#2297=VECTOR('',#4929,1000.);
#2298=VECTOR('',#4932,1000.);
#2299=VECTOR('',#4933,1000.);
#2300=VECTOR('',#4936,1000.);
#2301=VECTOR('',#4937,1000.);
#2302=VECTOR('',#4940,1000.);
#2303=VECTOR('',#4941,1000.);
#2304=VECTOR('',#4944,1000.);
#2305=VECTOR('',#4945,1000.);
#2306=VECTOR('',#4948,1000.);
#2307=VECTOR('',#4949,1000.);
#2308=VECTOR('',#4952,1000.);
#2309=VECTOR('',#4953,1000.);
#2310=VECTOR('',#4956,1000.);
#2311=VECTOR('',#4957,1000.);
#2312=VECTOR('',#4960,1000.);
#2313=VECTOR('',#4961,1000.);
#2314=VECTOR('',#4962,1000.);
#2315=VECTOR('',#4965,1000.);
#2316=VECTOR('',#4966,1000.);
#2317=VECTOR('',#4969,1000.);
#2318=VECTOR('',#4970,1000.);
#2319=VECTOR('',#4973,1000.);
#2320=VECTOR('',#4974,1000.);
#2321=VECTOR('',#4977,1000.);
#2322=VECTOR('',#4982,1000.);
#2323=VECTOR('',#4985,1000.);
#2324=VECTOR('',#4988,1000.);
#2325=VECTOR('',#4993,1000.);
#2326=VECTOR('',#4994,1000.);
#2327=VECTOR('',#4997,1000.);
#2328=VECTOR('',#4998,1000.);
#2329=VECTOR('',#4999,1000.);
#2330=VECTOR('',#5002,1000.);
#2331=VECTOR('',#5003,1000.);
#2332=VECTOR('',#5004,1000.);
#2333=VECTOR('',#5007,1000.);
#2334=VECTOR('',#5008,1000.);
#2335=VECTOR('',#5009,1000.);
#2336=VECTOR('',#5010,1000.);
#2337=VECTOR('',#5013,1000.);
#2338=VECTOR('',#5014,1000.);
#2339=VECTOR('',#5017,1000.);
#2340=VECTOR('',#5018,1000.);
#2341=VECTOR('',#5019,1000.);
#2342=VECTOR('',#5020,1000.);
#2343=VECTOR('',#5023,1000.);
#2344=VECTOR('',#5028,1000.);
#2345=VECTOR('',#5031,1000.);
#2346=VECTOR('',#5034,1000.);
#2347=VECTOR('',#5039,1000.);
#2348=VECTOR('',#5042,1000.);
#2349=VECTOR('',#5043,1000.);
#2350=VECTOR('',#5044,1000.);
#2351=VECTOR('',#5045,1000.);
#2352=VECTOR('',#5048,1000.);
#2353=VECTOR('',#5049,1000.);
#2354=VECTOR('',#5050,1000.);
#2355=VECTOR('',#5053,1000.);
#2356=VECTOR('',#5054,1000.);
#2357=VECTOR('',#5055,1000.);
#2358=VECTOR('',#5058,1000.);
#2359=VECTOR('',#5059,1000.);
#2360=VECTOR('',#5060,1000.);
#2361=VECTOR('',#5063,1000.);
#2362=VECTOR('',#5064,1000.);
#2363=VECTOR('',#5065,1000.);
#2364=VECTOR('',#5068,1000.);
#2365=VECTOR('',#5069,1000.);
#2366=VECTOR('',#5072,1000.);
#2367=VECTOR('',#5075,1000.);
#2368=VECTOR('',#5076,1000.);
#2369=VECTOR('',#5079,1000.);
#2370=VECTOR('',#5080,1000.);
#2371=VECTOR('',#5081,1000.);
#2372=VECTOR('',#5082,1000.);
#2373=VECTOR('',#5083,1000.);
#2374=VECTOR('',#5086,1000.);
#2375=VECTOR('',#5087,1000.);
#2376=VECTOR('',#5090,1000.);
#2377=VECTOR('',#5091,1000.);
#2378=VECTOR('',#5094,1000.);
#2379=VECTOR('',#5095,1000.);
#2380=VECTOR('',#5096,1000.);
#2381=VECTOR('',#5099,1000.);
#2382=VECTOR('',#5100,1000.);
#2383=VECTOR('',#5101,1000.);
#2384=VECTOR('',#5104,1000.);
#2385=VECTOR('',#5105,1000.);
#2386=VECTOR('',#5108,1000.);
#2387=VECTOR('',#5109,1000.);
#2388=VECTOR('',#5114,1000.);
#2389=VECTOR('',#5115,1000.);
#2390=VECTOR('',#5116,1000.);
#2391=VECTOR('',#5119,1000.);
#2392=VECTOR('',#5120,1000.);
#2393=VECTOR('',#5123,1000.);
#2394=VECTOR('',#5124,1000.);
#2395=VECTOR('',#5129,1000.);
#2396=VECTOR('',#5130,1000.);
#2397=VECTOR('',#5131,1000.);
#2398=VECTOR('',#5132,1000.);
#2399=VECTOR('',#5133,1000.);
#2400=VECTOR('',#5134,1000.);
#2401=VECTOR('',#5135,1000.);
#2402=VECTOR('',#5136,1000.);
#2403=VECTOR('',#5137,1000.);
#2404=VECTOR('',#5140,1000.);
#2405=VECTOR('',#5141,1000.);
#2406=VECTOR('',#5142,1000.);
#2407=VECTOR('',#5145,1000.);
#2408=VECTOR('',#5146,1000.);
#2409=VECTOR('',#5147,1000.);
#2410=VECTOR('',#5150,1000.);
#2411=VECTOR('',#5151,1000.);
#2412=VECTOR('',#5152,1000.);
#2413=VECTOR('',#5153,1000.);
#2414=VECTOR('',#5156,1000.);
#2415=VECTOR('',#5157,1000.);
#2416=VECTOR('',#5158,1000.);
#2417=VECTOR('',#5161,1000.);
#2418=VECTOR('',#5162,1000.);
#2419=VECTOR('',#5163,1000.);
#2420=VECTOR('',#5166,1000.);
#2421=VECTOR('',#5167,1000.);
#2422=VECTOR('',#5168,1000.);
#2423=VECTOR('',#5171,1000.);
#2424=VECTOR('',#5172,1000.);
#2425=EDGE_LOOP('',(#151,#152,#153,#154,#155,#156,#157,#158,#159));
#2426=EDGE_LOOP('',(#160,#161,#162,#163,#164,#165,#166,#167,#168));
#2427=EDGE_LOOP('',(#169,#170,#171,#172));
#2428=EDGE_LOOP('',(#173,#174,#175,#176));
#2429=EDGE_LOOP('',(#177,#178,#179,#180));
#2430=EDGE_LOOP('',(#181,#182,#183,#184));
#2431=EDGE_LOOP('',(#185,#186,#187,#188));
#2432=EDGE_LOOP('',(#189,#190,#191,#192));
#2433=EDGE_LOOP('',(#193));
#2434=EDGE_LOOP('',(#194));
#2435=EDGE_LOOP('',(#195));
#2436=EDGE_LOOP('',(#196));
#2437=EDGE_LOOP('',(#197));
#2438=EDGE_LOOP('',(#198,#199,#200,#201));
#2439=EDGE_LOOP('',(#202,#203,#204,#205));
#2440=EDGE_LOOP('',(#206,#207,#208,#209));
#2441=EDGE_LOOP('',(#210,#211,#212,#213,#214,#215,#216));
#2442=EDGE_LOOP('',(#217,#218,#219,#220));
#2443=EDGE_LOOP('',(#221,#222,#223,#224));
#2444=EDGE_LOOP('',(#225,#226,#227,#228));
#2445=EDGE_LOOP('',(#229,#230,#231,#232));
#2446=EDGE_LOOP('',(#233,#234,#235,#236));
#2447=EDGE_LOOP('',(#237,#238,#239,#240));
#2448=EDGE_LOOP('',(#241,#242,#243,#244,#245,#246,#247));
#2449=EDGE_LOOP('',(#248,#249,#250,#251));
#2450=EDGE_LOOP('',(#252,#253,#254,#255));
#2451=EDGE_LOOP('',(#256,#257,#258,#259,#260,#261,#262));
#2452=EDGE_LOOP('',(#263,#264,#265,#266));
#2453=EDGE_LOOP('',(#267,#268,#269,#270,#271,#272,#273));
#2454=EDGE_LOOP('',(#274,#275,#276,#277));
#2455=EDGE_LOOP('',(#278,#279,#280,#281));
#2456=EDGE_LOOP('',(#282,#283,#284,#285));
#2457=EDGE_LOOP('',(#286,#287,#288,#289));
#2458=EDGE_LOOP('',(#290,#291,#292,#293));
#2459=EDGE_LOOP('',(#294,#295,#296,#297));
#2460=EDGE_LOOP('',(#298));
#2461=EDGE_LOOP('',(#299));
#2462=EDGE_LOOP('',(#300));
#2463=EDGE_LOOP('',(#301));
#2464=EDGE_LOOP('',(#302,#303,#304,#305));
#2465=EDGE_LOOP('',(#306,#307,#308,#309));
#2466=EDGE_LOOP('',(#310,#311,#312,#313));
#2467=EDGE_LOOP('',(#314,#315,#316,#317));
#2468=EDGE_LOOP('',(#318,#319,#320,#321,#322,#323,#324));
#2469=EDGE_LOOP('',(#325,#326,#327,#328,#329,#330,#331,#332,#333,#334));
#2470=EDGE_LOOP('',(#335,#336,#337,#338,#339,#340,#341));
#2471=EDGE_LOOP('',(#342,#343,#344,#345));
#2472=EDGE_LOOP('',(#346,#347,#348,#349));
#2473=EDGE_LOOP('',(#350,#351,#352,#353));
#2474=EDGE_LOOP('',(#354,#355,#356,#357));
#2475=EDGE_LOOP('',(#358,#359,#360,#361));
#2476=EDGE_LOOP('',(#362,#363,#364,#365));
#2477=EDGE_LOOP('',(#366,#367,#368,#369));
#2478=EDGE_LOOP('',(#370,#371,#372,#373));
#2479=EDGE_LOOP('',(#374,#375,#376,#377,#378,#379,#380,#381,#382,#383,#384,
#385,#386,#387,#388,#389,#390,#391,#392,#393));
#2480=EDGE_LOOP('',(#394,#395,#396,#397));
#2481=EDGE_LOOP('',(#398,#399,#400,#401));
#2482=EDGE_LOOP('',(#402,#403,#404,#405,#406,#407,#408));
#2483=EDGE_LOOP('',(#409,#410,#411,#412,#413,#414,#415,#416,#417,#418));
#2484=EDGE_LOOP('',(#419,#420,#421,#422,#423,#424,#425));
#2485=EDGE_LOOP('',(#426,#427,#428,#429));
#2486=EDGE_LOOP('',(#430,#431,#432,#433));
#2487=EDGE_LOOP('',(#434,#435,#436,#437));
#2488=EDGE_LOOP('',(#438,#439,#440,#441));
#2489=EDGE_LOOP('',(#442,#443,#444,#445));
#2490=EDGE_LOOP('',(#446,#447,#448,#449));
#2491=EDGE_LOOP('',(#450,#451,#452,#453));
#2492=EDGE_LOOP('',(#454,#455,#456,#457));
#2493=EDGE_LOOP('',(#458,#459,#460,#461));
#2494=EDGE_LOOP('',(#462,#463,#464,#465));
#2495=EDGE_LOOP('',(#466,#467,#468,#469));
#2496=EDGE_LOOP('',(#470,#471,#472,#473));
#2497=EDGE_LOOP('',(#474,#475,#476,#477,#478,#479,#480,#481,#482,#483,#484,
#485,#486,#487,#488,#489,#490,#491,#492,#493));
#2498=EDGE_LOOP('',(#494));
#2499=EDGE_LOOP('',(#495));
#2500=EDGE_LOOP('',(#496));
#2501=EDGE_LOOP('',(#497));
#2502=EDGE_LOOP('',(#498));
#2503=EDGE_LOOP('',(#499));
#2504=EDGE_LOOP('',(#500,#501,#502,#503));
#2505=EDGE_LOOP('',(#504,#505,#506,#507));
#2506=EDGE_LOOP('',(#508,#509,#510,#511));
#2507=EDGE_LOOP('',(#512,#513,#514,#515));
#2508=EDGE_LOOP('',(#516,#517,#518,#519));
#2509=EDGE_LOOP('',(#520,#521,#522,#523,#524,#525,#526));
#2510=EDGE_LOOP('',(#527,#528,#529,#530,#531,#532,#533,#534,#535,#536,#537,
#538,#539,#540,#541,#542,#543,#544));
#2511=EDGE_LOOP('',(#545,#546,#547,#548,#549));
#2512=EDGE_LOOP('',(#550,#551,#552,#553,#554));
#2513=EDGE_LOOP('',(#555,#556,#557,#558));
#2514=EDGE_LOOP('',(#559,#560,#561,#562,#563));
#2515=EDGE_LOOP('',(#564,#565,#566,#567,#568));
#2516=EDGE_LOOP('',(#569,#570,#571,#572,#573,#574,#575,#576,#577,#578,#579,
#580,#581,#582,#583,#584,#585,#586));
#2517=EDGE_LOOP('',(#587,#588,#589,#590,#591,#592,#593));
#2518=EDGE_LOOP('',(#594,#595,#596,#597,#598,#599,#600,#601,#602,#603,#604,
#605,#606,#607,#608,#609,#610,#611,#612,#613,#614,#615,#616,#617,#618,#619,
#620,#621,#622,#623,#624,#625));
#2519=EDGE_LOOP('',(#626));
#2520=EDGE_LOOP('',(#627));
#2521=EDGE_LOOP('',(#628));
#2522=EDGE_LOOP('',(#629,#630,#631,#632));
#2523=EDGE_LOOP('',(#633,#634,#635,#636));
#2524=EDGE_LOOP('',(#637,#638,#639,#640,#641));
#2525=EDGE_LOOP('',(#642,#643,#644,#645));
#2526=EDGE_LOOP('',(#646,#647,#648,#649));
#2527=EDGE_LOOP('',(#650,#651,#652,#653,#654));
#2528=EDGE_LOOP('',(#655,#656,#657,#658));
#2529=EDGE_LOOP('',(#659,#660,#661,#662));
#2530=EDGE_LOOP('',(#663,#664,#665,#666));
#2531=EDGE_LOOP('',(#667,#668,#669,#670));
#2532=EDGE_LOOP('',(#671,#672,#673,#674));
#2533=EDGE_LOOP('',(#675,#676,#677,#678));
#2534=EDGE_LOOP('',(#679,#680,#681,#682));
#2535=EDGE_LOOP('',(#683,#684,#685,#686));
#2536=EDGE_LOOP('',(#687,#688,#689,#690));
#2537=EDGE_LOOP('',(#691,#692,#693,#694,#695));
#2538=EDGE_LOOP('',(#696,#697,#698,#699));
#2539=EDGE_LOOP('',(#700,#701,#702,#703));
#2540=EDGE_LOOP('',(#704,#705,#706,#707,#708));
#2541=EDGE_LOOP('',(#709,#710,#711,#712,#713));
#2542=EDGE_LOOP('',(#714,#715,#716,#717,#718,#719));
#2543=EDGE_LOOP('',(#720,#721,#722,#723,#724));
#2544=EDGE_LOOP('',(#725,#726,#727,#728,#729,#730));
#2545=EDGE_LOOP('',(#731,#732,#733,#734));
#2546=EDGE_LOOP('',(#735,#736,#737));
#2547=EDGE_LOOP('',(#738,#739,#740,#741));
#2548=EDGE_LOOP('',(#742,#743,#744,#745));
#2549=EDGE_LOOP('',(#746,#747,#748));
#2550=EDGE_LOOP('',(#749,#750,#751,#752,#753,#754,#755,#756,#757,#758));
#2551=EDGE_LOOP('',(#759,#760,#761,#762));
#2552=EDGE_LOOP('',(#763,#764,#765,#766,#767,#768));
#2553=EDGE_LOOP('',(#769,#770,#771,#772,#773));
#2554=EDGE_LOOP('',(#774,#775,#776,#777,#778,#779));
#2555=EDGE_LOOP('',(#780,#781,#782,#783,#784));
#2556=EDGE_LOOP('',(#785,#786,#787,#788));
#2557=EDGE_LOOP('',(#789,#790,#791,#792));
#2558=EDGE_LOOP('',(#793,#794,#795,#796));
#2559=EDGE_LOOP('',(#797,#798,#799,#800));
#2560=EDGE_LOOP('',(#801,#802,#803,#804));
#2561=EDGE_LOOP('',(#805,#806,#807,#808,#809,#810));
#2562=EDGE_LOOP('',(#811,#812,#813,#814,#815,#816,#817,#818,#819,#820,#821,
#822));
#2563=EDGE_LOOP('',(#823,#824,#825,#826,#827,#828));
#2564=EDGE_LOOP('',(#829,#830,#831,#832,#833,#834,#835,#836,#837,#838,#839,
#840,#841,#842));
#2565=EDGE_LOOP('',(#843,#844,#845));
#2566=EDGE_LOOP('',(#846,#847,#848,#849));
#2567=EDGE_LOOP('',(#850,#851,#852,#853,#854,#855,#856,#857));
#2568=EDGE_LOOP('',(#858,#859,#860,#861));
#2569=EDGE_LOOP('',(#862,#863,#864));
#2570=EDGE_LOOP('',(#865,#866,#867,#868,#869,#870,#871,#872,#873,#874,#875,
#876,#877,#878));
#2571=EDGE_LOOP('',(#879,#880,#881,#882,#883,#884,#885,#886,#887));
#2572=EDGE_LOOP('',(#888,#889,#890,#891));
#2573=EDGE_LOOP('',(#892,#893,#894,#895,#896,#897,#898,#899,#900));
#2574=EDGE_LOOP('',(#901,#902,#903,#904,#905,#906,#907,#908,#909,#910,#911,
#912,#913,#914,#915,#916,#917,#918));
#2575=EDGE_LOOP('',(#919,#920,#921,#922,#923,#924,#925,#926,#927,#928,#929,
#930,#931,#932,#933,#934,#935,#936,#937,#938));
#2576=EDGE_LOOP('',(#939,#940,#941,#942));
#2577=EDGE_LOOP('',(#943,#944,#945,#946));
#2578=EDGE_LOOP('',(#947,#948,#949,#950));
#2579=EDGE_LOOP('',(#951,#952,#953,#954));
#2580=EDGE_LOOP('',(#955,#956,#957,#958));
#2581=EDGE_LOOP('',(#959,#960,#961,#962));
#2582=EDGE_LOOP('',(#963,#964,#965,#966,#967,#968,#969,#970,#971));
#2583=EDGE_LOOP('',(#972,#973,#974,#975,#976,#977,#978,#979,#980));
#2584=EDGE_LOOP('',(#981,#982,#983,#984));
#2585=EDGE_LOOP('',(#985,#986,#987,#988));
#2586=EDGE_LOOP('',(#989,#990,#991,#992));
#2587=EDGE_LOOP('',(#993,#994,#995,#996,#997,#998));
#2588=EDGE_LOOP('',(#999,#1000,#1001,#1002,#1003,#1004));
#2589=EDGE_LOOP('',(#1005,#1006,#1007,#1008,#1009,#1010));
#2590=EDGE_LOOP('',(#1011,#1012,#1013,#1014,#1015,#1016));
#2591=FACE_BOUND('',#2425,.T.);
#2592=FACE_BOUND('',#2426,.T.);
#2593=FACE_BOUND('',#2427,.T.);
#2594=FACE_BOUND('',#2428,.T.);
#2595=FACE_BOUND('',#2429,.T.);
#2596=FACE_BOUND('',#2430,.T.);
#2597=FACE_BOUND('',#2431,.T.);
#2598=FACE_BOUND('',#2432,.T.);
#2599=FACE_BOUND('',#2433,.T.);
#2600=FACE_BOUND('',#2434,.T.);
#2601=FACE_BOUND('',#2435,.T.);
#2602=FACE_BOUND('',#2436,.T.);
#2603=FACE_BOUND('',#2437,.T.);
#2604=FACE_BOUND('',#2438,.T.);
#2605=FACE_BOUND('',#2439,.T.);
#2606=FACE_BOUND('',#2440,.T.);
#2607=FACE_BOUND('',#2441,.T.);
#2608=FACE_BOUND('',#2442,.T.);
#2609=FACE_BOUND('',#2443,.T.);
#2610=FACE_BOUND('',#2444,.T.);
#2611=FACE_BOUND('',#2445,.T.);
#2612=FACE_BOUND('',#2446,.T.);
#2613=FACE_BOUND('',#2447,.T.);
#2614=FACE_BOUND('',#2448,.T.);
#2615=FACE_BOUND('',#2449,.T.);
#2616=FACE_BOUND('',#2450,.T.);
#2617=FACE_BOUND('',#2451,.T.);
#2618=FACE_BOUND('',#2452,.T.);
#2619=FACE_BOUND('',#2453,.T.);
#2620=FACE_BOUND('',#2454,.T.);
#2621=FACE_BOUND('',#2455,.T.);
#2622=FACE_BOUND('',#2456,.T.);
#2623=FACE_BOUND('',#2457,.T.);
#2624=FACE_BOUND('',#2458,.T.);
#2625=FACE_BOUND('',#2459,.T.);
#2626=FACE_BOUND('',#2460,.T.);
#2627=FACE_BOUND('',#2461,.T.);
#2628=FACE_BOUND('',#2462,.T.);
#2629=FACE_BOUND('',#2463,.T.);
#2630=FACE_BOUND('',#2464,.T.);
#2631=FACE_BOUND('',#2465,.T.);
#2632=FACE_BOUND('',#2466,.T.);
#2633=FACE_BOUND('',#2467,.T.);
#2634=FACE_BOUND('',#2468,.T.);
#2635=FACE_BOUND('',#2469,.T.);
#2636=FACE_BOUND('',#2470,.T.);
#2637=FACE_BOUND('',#2471,.T.);
#2638=FACE_BOUND('',#2472,.T.);
#2639=FACE_BOUND('',#2473,.T.);
#2640=FACE_BOUND('',#2474,.T.);
#2641=FACE_BOUND('',#2475,.T.);
#2642=FACE_BOUND('',#2476,.T.);
#2643=FACE_BOUND('',#2477,.T.);
#2644=FACE_BOUND('',#2478,.T.);
#2645=FACE_BOUND('',#2479,.T.);
#2646=FACE_BOUND('',#2480,.T.);
#2647=FACE_BOUND('',#2481,.T.);
#2648=FACE_BOUND('',#2482,.T.);
#2649=FACE_BOUND('',#2483,.T.);
#2650=FACE_BOUND('',#2484,.T.);
#2651=FACE_BOUND('',#2485,.T.);
#2652=FACE_BOUND('',#2486,.T.);
#2653=FACE_BOUND('',#2487,.T.);
#2654=FACE_BOUND('',#2488,.T.);
#2655=FACE_BOUND('',#2489,.T.);
#2656=FACE_BOUND('',#2490,.T.);
#2657=FACE_BOUND('',#2491,.T.);
#2658=FACE_BOUND('',#2492,.T.);
#2659=FACE_BOUND('',#2493,.T.);
#2660=FACE_BOUND('',#2494,.T.);
#2661=FACE_BOUND('',#2495,.T.);
#2662=FACE_BOUND('',#2496,.T.);
#2663=FACE_BOUND('',#2497,.T.);
#2664=FACE_BOUND('',#2498,.T.);
#2665=FACE_BOUND('',#2499,.T.);
#2666=FACE_BOUND('',#2500,.T.);
#2667=FACE_BOUND('',#2501,.T.);
#2668=FACE_BOUND('',#2502,.T.);
#2669=FACE_BOUND('',#2503,.T.);
#2670=FACE_BOUND('',#2504,.T.);
#2671=FACE_BOUND('',#2505,.T.);
#2672=FACE_BOUND('',#2506,.T.);
#2673=FACE_BOUND('',#2507,.T.);
#2674=FACE_BOUND('',#2508,.T.);
#2675=FACE_BOUND('',#2509,.T.);
#2676=FACE_BOUND('',#2510,.T.);
#2677=FACE_BOUND('',#2511,.T.);
#2678=FACE_BOUND('',#2512,.T.);
#2679=FACE_BOUND('',#2513,.T.);
#2680=FACE_BOUND('',#2514,.T.);
#2681=FACE_BOUND('',#2515,.T.);
#2682=FACE_BOUND('',#2516,.T.);
#2683=FACE_BOUND('',#2517,.T.);
#2684=FACE_BOUND('',#2518,.T.);
#2685=FACE_BOUND('',#2519,.T.);
#2686=FACE_BOUND('',#2520,.T.);
#2687=FACE_BOUND('',#2521,.T.);
#2688=FACE_BOUND('',#2522,.T.);
#2689=FACE_BOUND('',#2523,.T.);
#2690=FACE_BOUND('',#2524,.T.);
#2691=FACE_BOUND('',#2525,.T.);
#2692=FACE_BOUND('',#2526,.T.);
#2693=FACE_BOUND('',#2527,.T.);
#2694=FACE_BOUND('',#2528,.T.);
#2695=FACE_BOUND('',#2529,.T.);
#2696=FACE_BOUND('',#2530,.T.);
#2697=FACE_BOUND('',#2531,.T.);
#2698=FACE_BOUND('',#2532,.T.);
#2699=FACE_BOUND('',#2533,.T.);
#2700=FACE_BOUND('',#2534,.T.);
#2701=FACE_BOUND('',#2535,.T.);
#2702=FACE_BOUND('',#2536,.T.);
#2703=FACE_BOUND('',#2537,.T.);
#2704=FACE_BOUND('',#2538,.T.);
#2705=FACE_BOUND('',#2539,.T.);
#2706=FACE_BOUND('',#2540,.T.);
#2707=FACE_BOUND('',#2541,.T.);
#2708=FACE_BOUND('',#2542,.T.);
#2709=FACE_BOUND('',#2543,.T.);
#2710=FACE_BOUND('',#2544,.T.);
#2711=FACE_BOUND('',#2545,.T.);
#2712=FACE_BOUND('',#2546,.T.);
#2713=FACE_BOUND('',#2547,.T.);
#2714=FACE_BOUND('',#2548,.T.);
#2715=FACE_BOUND('',#2549,.T.);
#2716=FACE_BOUND('',#2550,.T.);
#2717=FACE_BOUND('',#2551,.T.);
#2718=FACE_BOUND('',#2552,.T.);
#2719=FACE_BOUND('',#2553,.T.);
#2720=FACE_BOUND('',#2554,.T.);
#2721=FACE_BOUND('',#2555,.T.);
#2722=FACE_BOUND('',#2556,.T.);
#2723=FACE_BOUND('',#2557,.T.);
#2724=FACE_BOUND('',#2558,.T.);
#2725=FACE_BOUND('',#2559,.T.);
#2726=FACE_BOUND('',#2560,.T.);
#2727=FACE_BOUND('',#2561,.T.);
#2728=FACE_BOUND('',#2562,.T.);
#2729=FACE_BOUND('',#2563,.T.);
#2730=FACE_BOUND('',#2564,.T.);
#2731=FACE_BOUND('',#2565,.T.);
#2732=FACE_BOUND('',#2566,.T.);
#2733=FACE_BOUND('',#2567,.T.);
#2734=FACE_BOUND('',#2568,.T.);
#2735=FACE_BOUND('',#2569,.T.);
#2736=FACE_BOUND('',#2570,.T.);
#2737=FACE_BOUND('',#2571,.T.);
#2738=FACE_BOUND('',#2572,.T.);
#2739=FACE_BOUND('',#2573,.T.);
#2740=FACE_BOUND('',#2574,.T.);
#2741=FACE_BOUND('',#2575,.T.);
#2742=FACE_BOUND('',#2576,.T.);
#2743=FACE_BOUND('',#2577,.T.);
#2744=FACE_BOUND('',#2578,.T.);
#2745=FACE_BOUND('',#2579,.T.);
#2746=FACE_BOUND('',#2580,.T.);
#2747=FACE_BOUND('',#2581,.T.);
#2748=FACE_BOUND('',#2582,.T.);
#2749=FACE_BOUND('',#2583,.T.);
#2750=FACE_BOUND('',#2584,.T.);
#2751=FACE_BOUND('',#2585,.T.);
#2752=FACE_BOUND('',#2586,.T.);
#2753=FACE_BOUND('',#2587,.T.);
#2754=FACE_BOUND('',#2588,.T.);
#2755=FACE_BOUND('',#2589,.T.);
#2756=FACE_BOUND('',#2590,.T.);
#2757=PLANE('',#4135);
#2758=PLANE('',#4137);
#2759=PLANE('',#4139);
#2760=PLANE('',#4140);
#2761=PLANE('',#4141);
#2762=PLANE('',#4142);
#2763=PLANE('',#4143);
#2764=PLANE('',#4144);
#2765=PLANE('',#4145);
#2766=PLANE('',#4154);
#2767=PLANE('',#4158);
#2768=PLANE('',#4163);
#2769=PLANE('',#4166);
#2770=PLANE('',#4172);
#2771=PLANE('',#4177);
#2772=PLANE('',#4178);
#2773=PLANE('',#4185);
#2774=PLANE('',#4191);
#2775=PLANE('',#4192);
#2776=PLANE('',#4197);
#2777=PLANE('',#4199);
#2778=PLANE('',#4201);
#2779=PLANE('',#4206);
#2780=PLANE('',#4207);
#2781=PLANE('',#4208);
#2782=PLANE('',#4209);
#2783=PLANE('',#4211);
#2784=PLANE('',#4212);
#2785=PLANE('',#4214);
#2786=PLANE('',#4215);
#2787=PLANE('',#4219);
#2788=PLANE('',#4223);
#2789=PLANE('',#4227);
#2790=PLANE('',#4228);
#2791=PLANE('',#4231);
#2792=PLANE('',#4232);
#2793=PLANE('',#4233);
#2794=PLANE('',#4235);
#2795=PLANE('',#4236);
#2796=PLANE('',#4238);
#2797=PLANE('',#4239);
#2798=PLANE('',#4240);
#2799=PLANE('',#4244);
#2800=PLANE('',#4248);
#2801=PLANE('',#4252);
#2802=PLANE('',#4256);
#2803=PLANE('',#4257);
#2804=PLANE('',#4258);
#2805=PLANE('',#4270);
#2806=PLANE('',#4277);
#2807=PLANE('',#4278);
#2808=PLANE('',#4280);
#2809=PLANE('',#4281);
#2810=PLANE('',#4282);
#2811=PLANE('',#4283);
#2812=PLANE('',#4284);
#2813=PLANE('',#4285);
#2814=PLANE('',#4286);
#2815=PLANE('',#4287);
#2816=PLANE('',#4289);
#2817=PLANE('',#4295);
#2818=PLANE('',#4298);
#2819=PLANE('',#4299);
#2820=PLANE('',#4300);
#2821=PLANE('',#4301);
#2822=PLANE('',#4302);
#2823=PLANE('',#4303);
#2824=PLANE('',#4304);
#2825=PLANE('',#4305);
#2826=PLANE('',#4306);
#2827=PLANE('',#4307);
#2828=PLANE('',#4308);
#2829=PLANE('',#4309);
#2830=PLANE('',#4310);
#2831=PLANE('',#4311);
#2832=PLANE('',#4312);
#2833=PLANE('',#4313);
#2834=PLANE('',#4314);
#2835=PLANE('',#4315);
#2836=PLANE('',#4321);
#2837=PLANE('',#4322);
#2838=PLANE('',#4323);
#2839=PLANE('',#4324);
#2840=PLANE('',#4325);
#2841=PLANE('',#4326);
#2842=PLANE('',#4327);
#2843=PLANE('',#4333);
#2844=PLANE('',#4334);
#2845=PLANE('',#4335);
#2846=PLANE('',#4336);
#2847=PLANE('',#4337);
#2848=PLANE('',#4338);
#2849=PLANE('',#4339);
#2850=PLANE('',#4340);
#2851=PLANE('',#4341);
#2852=PLANE('',#4342);
#2853=PLANE('',#4343);
#2854=PLANE('',#4344);
#2855=PLANE('',#4345);
#2856=PLANE('',#4346);
#2857=PLANE('',#4347);
#2858=PLANE('',#4348);
#2859=PLANE('',#4349);
#2860=PLANE('',#4351);
#2861=PLANE('',#4352);
#2862=PLANE('',#4354);
#2863=PLANE('',#4355);
#2864=PLANE('',#4356);
#2865=PLANE('',#4357);
#2866=PLANE('',#4358);
#2867=PLANE('',#4359);
#2868=PLANE('',#4360);
#2869=PLANE('',#4361);
#2870=PLANE('',#4362);
#2871=PLANE('',#4364);
#2872=STYLED_ITEM('',(#3029),#3973);
#2873=STYLED_ITEM('',(#3030),#3974);
#2874=STYLED_ITEM('',(#3031),#3975);
#2875=STYLED_ITEM('',(#3032),#3976);
#2876=STYLED_ITEM('',(#3033),#3977);
#2877=STYLED_ITEM('',(#3034),#3978);
#2878=STYLED_ITEM('',(#3035),#3979);
#2879=STYLED_ITEM('',(#3036),#3980);
#2880=STYLED_ITEM('',(#3037),#3981);
#2881=STYLED_ITEM('',(#3038),#3982);
#2882=STYLED_ITEM('',(#3039),#3983);
#2883=STYLED_ITEM('',(#3040),#3984);
#2884=STYLED_ITEM('',(#3041),#3985);
#2885=STYLED_ITEM('',(#3042),#3986);
#2886=STYLED_ITEM('',(#3043),#3987);
#2887=STYLED_ITEM('',(#3044),#3988);
#2888=STYLED_ITEM('',(#3045),#3989);
#2889=STYLED_ITEM('',(#3046),#3990);
#2890=STYLED_ITEM('',(#3047),#3991);
#2891=STYLED_ITEM('',(#3048),#3992);
#2892=STYLED_ITEM('',(#3049),#3993);
#2893=STYLED_ITEM('',(#3050),#3994);
#2894=STYLED_ITEM('',(#3051),#3995);
#2895=STYLED_ITEM('',(#3052),#3996);
#2896=STYLED_ITEM('',(#3053),#3997);
#2897=STYLED_ITEM('',(#3054),#3998);
#2898=STYLED_ITEM('',(#3055),#3999);
#2899=STYLED_ITEM('',(#3056),#4000);
#2900=STYLED_ITEM('',(#3057),#4001);
#2901=STYLED_ITEM('',(#3058),#4002);
#2902=STYLED_ITEM('',(#3059),#4003);
#2903=STYLED_ITEM('',(#3060),#4004);
#2904=STYLED_ITEM('',(#3061),#4005);
#2905=STYLED_ITEM('',(#3062),#4006);
#2906=STYLED_ITEM('',(#3063),#4007);
#2907=STYLED_ITEM('',(#3064),#4008);
#2908=STYLED_ITEM('',(#3065),#4009);
#2909=STYLED_ITEM('',(#3066),#4010);
#2910=STYLED_ITEM('',(#3067),#4011);
#2911=STYLED_ITEM('',(#3068),#4012);
#2912=STYLED_ITEM('',(#3069),#4013);
#2913=STYLED_ITEM('',(#3070),#4014);
#2914=STYLED_ITEM('',(#3071),#4015);
#2915=STYLED_ITEM('',(#3072),#4016);
#2916=STYLED_ITEM('',(#3073),#4017);
#2917=STYLED_ITEM('',(#3074),#4018);
#2918=STYLED_ITEM('',(#3075),#4019);
#2919=STYLED_ITEM('',(#3076),#4020);
#2920=STYLED_ITEM('',(#3077),#4021);
#2921=STYLED_ITEM('',(#3078),#4022);
#2922=STYLED_ITEM('',(#3079),#4023);
#2923=STYLED_ITEM('',(#3080),#4024);
#2924=STYLED_ITEM('',(#3081),#4025);
#2925=STYLED_ITEM('',(#3082),#4026);
#2926=STYLED_ITEM('',(#3083),#4027);
#2927=STYLED_ITEM('',(#3084),#4028);
#2928=STYLED_ITEM('',(#3085),#4029);
#2929=STYLED_ITEM('',(#3086),#4030);
#2930=STYLED_ITEM('',(#3087),#4031);
#2931=STYLED_ITEM('',(#3088),#4032);
#2932=STYLED_ITEM('',(#3089),#4033);
#2933=STYLED_ITEM('',(#3090),#4034);
#2934=STYLED_ITEM('',(#3091),#4035);
#2935=STYLED_ITEM('',(#3092),#4036);
#2936=STYLED_ITEM('',(#3093),#4037);
#2937=STYLED_ITEM('',(#3094),#4038);
#2938=STYLED_ITEM('',(#3095),#4039);
#2939=STYLED_ITEM('',(#3096),#4040);
#2940=STYLED_ITEM('',(#3097),#4041);
#2941=STYLED_ITEM('',(#3098),#4042);
#2942=STYLED_ITEM('',(#3099),#4043);
#2943=STYLED_ITEM('',(#3100),#4044);
#2944=STYLED_ITEM('',(#3101),#4045);
#2945=STYLED_ITEM('',(#3102),#4046);
#2946=STYLED_ITEM('',(#3103),#4047);
#2947=STYLED_ITEM('',(#3104),#4048);
#2948=STYLED_ITEM('',(#3105),#4049);
#2949=STYLED_ITEM('',(#3106),#4050);
#2950=STYLED_ITEM('',(#3107),#4051);
#2951=STYLED_ITEM('',(#3108),#4052);
#2952=STYLED_ITEM('',(#3109),#4053);
#2953=STYLED_ITEM('',(#3110),#4054);
#2954=STYLED_ITEM('',(#3111),#4055);
#2955=STYLED_ITEM('',(#3112),#4056);
#2956=STYLED_ITEM('',(#3113),#4057);
#2957=STYLED_ITEM('',(#3114),#4058);
#2958=STYLED_ITEM('',(#3115),#4059);
#2959=STYLED_ITEM('',(#3116),#4060);
#2960=STYLED_ITEM('',(#3117),#4061);
#2961=STYLED_ITEM('',(#3118),#4062);
#2962=STYLED_ITEM('',(#3119),#4063);
#2963=STYLED_ITEM('',(#3120),#4064);
#2964=STYLED_ITEM('',(#3121),#4065);
#2965=STYLED_ITEM('',(#3122),#4066);
#2966=STYLED_ITEM('',(#3123),#4067);
#2967=STYLED_ITEM('',(#3124),#4068);
#2968=STYLED_ITEM('',(#3125),#4069);
#2969=STYLED_ITEM('',(#3126),#4070);
#2970=STYLED_ITEM('',(#3127),#4071);
#2971=STYLED_ITEM('',(#3128),#4072);
#2972=STYLED_ITEM('',(#3129),#4073);
#2973=STYLED_ITEM('',(#3130),#4074);
#2974=STYLED_ITEM('',(#3131),#4075);
#2975=STYLED_ITEM('',(#3132),#4076);
#2976=STYLED_ITEM('',(#3133),#4077);
#2977=STYLED_ITEM('',(#3134),#4078);
#2978=STYLED_ITEM('',(#3135),#4079);
#2979=STYLED_ITEM('',(#3136),#4080);
#2980=STYLED_ITEM('',(#3137),#4081);
#2981=STYLED_ITEM('',(#3138),#4082);
#2982=STYLED_ITEM('',(#3139),#4083);
#2983=STYLED_ITEM('',(#3140),#4084);
#2984=STYLED_ITEM('',(#3141),#4085);
#2985=STYLED_ITEM('',(#3142),#4086);
#2986=STYLED_ITEM('',(#3143),#4087);
#2987=STYLED_ITEM('',(#3144),#4088);
#2988=STYLED_ITEM('',(#3145),#4089);
#2989=STYLED_ITEM('',(#3146),#4090);
#2990=STYLED_ITEM('',(#3147),#4091);
#2991=STYLED_ITEM('',(#3148),#4092);
#2992=STYLED_ITEM('',(#3149),#4093);
#2993=STYLED_ITEM('',(#3150),#4094);
#2994=STYLED_ITEM('',(#3151),#4095);
#2995=STYLED_ITEM('',(#3152),#4096);
#2996=STYLED_ITEM('',(#3153),#4097);
#2997=STYLED_ITEM('',(#3154),#4098);
#2998=STYLED_ITEM('',(#3155),#4099);
#2999=STYLED_ITEM('',(#3156),#4100);
#3000=STYLED_ITEM('',(#3157),#4101);
#3001=STYLED_ITEM('',(#3158),#4102);
#3002=STYLED_ITEM('',(#3159),#4103);
#3003=STYLED_ITEM('',(#3160),#4104);
#3004=STYLED_ITEM('',(#3161),#4105);
#3005=STYLED_ITEM('',(#3162),#4106);
#3006=STYLED_ITEM('',(#3163),#4107);
#3007=STYLED_ITEM('',(#3164),#4108);
#3008=STYLED_ITEM('',(#3165),#4109);
#3009=STYLED_ITEM('',(#3166),#4110);
#3010=STYLED_ITEM('',(#3167),#4111);
#3011=STYLED_ITEM('',(#3168),#4112);
#3012=STYLED_ITEM('',(#3169),#4113);
#3013=STYLED_ITEM('',(#3170),#4114);
#3014=STYLED_ITEM('',(#3171),#4115);
#3015=STYLED_ITEM('',(#3172),#4116);
#3016=STYLED_ITEM('',(#3173),#4117);
#3017=STYLED_ITEM('',(#3174),#4118);
#3018=STYLED_ITEM('',(#3175),#4119);
#3019=STYLED_ITEM('',(#3176),#4120);
#3020=STYLED_ITEM('',(#3177),#4121);
#3021=STYLED_ITEM('',(#3178),#4122);
#3022=STYLED_ITEM('',(#3179),#4123);
#3023=STYLED_ITEM('',(#3180),#4124);
#3024=STYLED_ITEM('',(#3181),#4125);
#3025=STYLED_ITEM('',(#3182),#4126);
#3026=STYLED_ITEM('',(#3183),#4127);
#3027=STYLED_ITEM('',(#3184),#4128);
#3028=STYLED_ITEM('',(#3185),#4129);
#3029=PRESENTATION_STYLE_ASSIGNMENT((#3186));
#3030=PRESENTATION_STYLE_ASSIGNMENT((#3187));
#3031=PRESENTATION_STYLE_ASSIGNMENT((#3188));
#3032=PRESENTATION_STYLE_ASSIGNMENT((#3189));
#3033=PRESENTATION_STYLE_ASSIGNMENT((#3190));
#3034=PRESENTATION_STYLE_ASSIGNMENT((#3191));
#3035=PRESENTATION_STYLE_ASSIGNMENT((#3192));
#3036=PRESENTATION_STYLE_ASSIGNMENT((#3193));
#3037=PRESENTATION_STYLE_ASSIGNMENT((#3194));
#3038=PRESENTATION_STYLE_ASSIGNMENT((#3195));
#3039=PRESENTATION_STYLE_ASSIGNMENT((#3196));
#3040=PRESENTATION_STYLE_ASSIGNMENT((#3197));
#3041=PRESENTATION_STYLE_ASSIGNMENT((#3198));
#3042=PRESENTATION_STYLE_ASSIGNMENT((#3199));
#3043=PRESENTATION_STYLE_ASSIGNMENT((#3200));
#3044=PRESENTATION_STYLE_ASSIGNMENT((#3201));
#3045=PRESENTATION_STYLE_ASSIGNMENT((#3202));
#3046=PRESENTATION_STYLE_ASSIGNMENT((#3203));
#3047=PRESENTATION_STYLE_ASSIGNMENT((#3204));
#3048=PRESENTATION_STYLE_ASSIGNMENT((#3205));
#3049=PRESENTATION_STYLE_ASSIGNMENT((#3206));
#3050=PRESENTATION_STYLE_ASSIGNMENT((#3207));
#3051=PRESENTATION_STYLE_ASSIGNMENT((#3208));
#3052=PRESENTATION_STYLE_ASSIGNMENT((#3209));
#3053=PRESENTATION_STYLE_ASSIGNMENT((#3210));
#3054=PRESENTATION_STYLE_ASSIGNMENT((#3211));
#3055=PRESENTATION_STYLE_ASSIGNMENT((#3212));
#3056=PRESENTATION_STYLE_ASSIGNMENT((#3213));
#3057=PRESENTATION_STYLE_ASSIGNMENT((#3214));
#3058=PRESENTATION_STYLE_ASSIGNMENT((#3215));
#3059=PRESENTATION_STYLE_ASSIGNMENT((#3216));
#3060=PRESENTATION_STYLE_ASSIGNMENT((#3217));
#3061=PRESENTATION_STYLE_ASSIGNMENT((#3218));
#3062=PRESENTATION_STYLE_ASSIGNMENT((#3219));
#3063=PRESENTATION_STYLE_ASSIGNMENT((#3220));
#3064=PRESENTATION_STYLE_ASSIGNMENT((#3221));
#3065=PRESENTATION_STYLE_ASSIGNMENT((#3222));
#3066=PRESENTATION_STYLE_ASSIGNMENT((#3223));
#3067=PRESENTATION_STYLE_ASSIGNMENT((#3224));
#3068=PRESENTATION_STYLE_ASSIGNMENT((#3225));
#3069=PRESENTATION_STYLE_ASSIGNMENT((#3226));
#3070=PRESENTATION_STYLE_ASSIGNMENT((#3227));
#3071=PRESENTATION_STYLE_ASSIGNMENT((#3228));
#3072=PRESENTATION_STYLE_ASSIGNMENT((#3229));
#3073=PRESENTATION_STYLE_ASSIGNMENT((#3230));
#3074=PRESENTATION_STYLE_ASSIGNMENT((#3231));
#3075=PRESENTATION_STYLE_ASSIGNMENT((#3232));
#3076=PRESENTATION_STYLE_ASSIGNMENT((#3233));
#3077=PRESENTATION_STYLE_ASSIGNMENT((#3234));
#3078=PRESENTATION_STYLE_ASSIGNMENT((#3235));
#3079=PRESENTATION_STYLE_ASSIGNMENT((#3236));
#3080=PRESENTATION_STYLE_ASSIGNMENT((#3237));
#3081=PRESENTATION_STYLE_ASSIGNMENT((#3238));
#3082=PRESENTATION_STYLE_ASSIGNMENT((#3239));
#3083=PRESENTATION_STYLE_ASSIGNMENT((#3240));
#3084=PRESENTATION_STYLE_ASSIGNMENT((#3241));
#3085=PRESENTATION_STYLE_ASSIGNMENT((#3242));
#3086=PRESENTATION_STYLE_ASSIGNMENT((#3243));
#3087=PRESENTATION_STYLE_ASSIGNMENT((#3244));
#3088=PRESENTATION_STYLE_ASSIGNMENT((#3245));
#3089=PRESENTATION_STYLE_ASSIGNMENT((#3246));
#3090=PRESENTATION_STYLE_ASSIGNMENT((#3247));
#3091=PRESENTATION_STYLE_ASSIGNMENT((#3248));
#3092=PRESENTATION_STYLE_ASSIGNMENT((#3249));
#3093=PRESENTATION_STYLE_ASSIGNMENT((#3250));
#3094=PRESENTATION_STYLE_ASSIGNMENT((#3251));
#3095=PRESENTATION_STYLE_ASSIGNMENT((#3252));
#3096=PRESENTATION_STYLE_ASSIGNMENT((#3253));
#3097=PRESENTATION_STYLE_ASSIGNMENT((#3254));
#3098=PRESENTATION_STYLE_ASSIGNMENT((#3255));
#3099=PRESENTATION_STYLE_ASSIGNMENT((#3256));
#3100=PRESENTATION_STYLE_ASSIGNMENT((#3257));
#3101=PRESENTATION_STYLE_ASSIGNMENT((#3258));
#3102=PRESENTATION_STYLE_ASSIGNMENT((#3259));
#3103=PRESENTATION_STYLE_ASSIGNMENT((#3260));
#3104=PRESENTATION_STYLE_ASSIGNMENT((#3261));
#3105=PRESENTATION_STYLE_ASSIGNMENT((#3262));
#3106=PRESENTATION_STYLE_ASSIGNMENT((#3263));
#3107=PRESENTATION_STYLE_ASSIGNMENT((#3264));
#3108=PRESENTATION_STYLE_ASSIGNMENT((#3265));
#3109=PRESENTATION_STYLE_ASSIGNMENT((#3266));
#3110=PRESENTATION_STYLE_ASSIGNMENT((#3267));
#3111=PRESENTATION_STYLE_ASSIGNMENT((#3268));
#3112=PRESENTATION_STYLE_ASSIGNMENT((#3269));
#3113=PRESENTATION_STYLE_ASSIGNMENT((#3270));
#3114=PRESENTATION_STYLE_ASSIGNMENT((#3271));
#3115=PRESENTATION_STYLE_ASSIGNMENT((#3272));
#3116=PRESENTATION_STYLE_ASSIGNMENT((#3273));
#3117=PRESENTATION_STYLE_ASSIGNMENT((#3274));
#3118=PRESENTATION_STYLE_ASSIGNMENT((#3275));
#3119=PRESENTATION_STYLE_ASSIGNMENT((#3276));
#3120=PRESENTATION_STYLE_ASSIGNMENT((#3277));
#3121=PRESENTATION_STYLE_ASSIGNMENT((#3278));
#3122=PRESENTATION_STYLE_ASSIGNMENT((#3279));
#3123=PRESENTATION_STYLE_ASSIGNMENT((#3280));
#3124=PRESENTATION_STYLE_ASSIGNMENT((#3281));
#3125=PRESENTATION_STYLE_ASSIGNMENT((#3282));
#3126=PRESENTATION_STYLE_ASSIGNMENT((#3283));
#3127=PRESENTATION_STYLE_ASSIGNMENT((#3284));
#3128=PRESENTATION_STYLE_ASSIGNMENT((#3285));
#3129=PRESENTATION_STYLE_ASSIGNMENT((#3286));
#3130=PRESENTATION_STYLE_ASSIGNMENT((#3287));
#3131=PRESENTATION_STYLE_ASSIGNMENT((#3288));
#3132=PRESENTATION_STYLE_ASSIGNMENT((#3289));
#3133=PRESENTATION_STYLE_ASSIGNMENT((#3290));
#3134=PRESENTATION_STYLE_ASSIGNMENT((#3291));
#3135=PRESENTATION_STYLE_ASSIGNMENT((#3292));
#3136=PRESENTATION_STYLE_ASSIGNMENT((#3293));
#3137=PRESENTATION_STYLE_ASSIGNMENT((#3294));
#3138=PRESENTATION_STYLE_ASSIGNMENT((#3295));
#3139=PRESENTATION_STYLE_ASSIGNMENT((#3296));
#3140=PRESENTATION_STYLE_ASSIGNMENT((#3297));
#3141=PRESENTATION_STYLE_ASSIGNMENT((#3298));
#3142=PRESENTATION_STYLE_ASSIGNMENT((#3299));
#3143=PRESENTATION_STYLE_ASSIGNMENT((#3300));
#3144=PRESENTATION_STYLE_ASSIGNMENT((#3301));
#3145=PRESENTATION_STYLE_ASSIGNMENT((#3302));
#3146=PRESENTATION_STYLE_ASSIGNMENT((#3303));
#3147=PRESENTATION_STYLE_ASSIGNMENT((#3304));
#3148=PRESENTATION_STYLE_ASSIGNMENT((#3305));
#3149=PRESENTATION_STYLE_ASSIGNMENT((#3306));
#3150=PRESENTATION_STYLE_ASSIGNMENT((#3307));
#3151=PRESENTATION_STYLE_ASSIGNMENT((#3308));
#3152=PRESENTATION_STYLE_ASSIGNMENT((#3309));
#3153=PRESENTATION_STYLE_ASSIGNMENT((#3310));
#3154=PRESENTATION_STYLE_ASSIGNMENT((#3311));
#3155=PRESENTATION_STYLE_ASSIGNMENT((#3312));
#3156=PRESENTATION_STYLE_ASSIGNMENT((#3313));
#3157=PRESENTATION_STYLE_ASSIGNMENT((#3314));
#3158=PRESENTATION_STYLE_ASSIGNMENT((#3315));
#3159=PRESENTATION_STYLE_ASSIGNMENT((#3316));
#3160=PRESENTATION_STYLE_ASSIGNMENT((#3317));
#3161=PRESENTATION_STYLE_ASSIGNMENT((#3318));
#3162=PRESENTATION_STYLE_ASSIGNMENT((#3319));
#3163=PRESENTATION_STYLE_ASSIGNMENT((#3320));
#3164=PRESENTATION_STYLE_ASSIGNMENT((#3321));
#3165=PRESENTATION_STYLE_ASSIGNMENT((#3322));
#3166=PRESENTATION_STYLE_ASSIGNMENT((#3323));
#3167=PRESENTATION_STYLE_ASSIGNMENT((#3324));
#3168=PRESENTATION_STYLE_ASSIGNMENT((#3325));
#3169=PRESENTATION_STYLE_ASSIGNMENT((#3326));
#3170=PRESENTATION_STYLE_ASSIGNMENT((#3327));
#3171=PRESENTATION_STYLE_ASSIGNMENT((#3328));
#3172=PRESENTATION_STYLE_ASSIGNMENT((#3329));
#3173=PRESENTATION_STYLE_ASSIGNMENT((#3330));
#3174=PRESENTATION_STYLE_ASSIGNMENT((#3331));
#3175=PRESENTATION_STYLE_ASSIGNMENT((#3332));
#3176=PRESENTATION_STYLE_ASSIGNMENT((#3333));
#3177=PRESENTATION_STYLE_ASSIGNMENT((#3334));
#3178=PRESENTATION_STYLE_ASSIGNMENT((#3335));
#3179=PRESENTATION_STYLE_ASSIGNMENT((#3336));
#3180=PRESENTATION_STYLE_ASSIGNMENT((#3337));
#3181=PRESENTATION_STYLE_ASSIGNMENT((#3338));
#3182=PRESENTATION_STYLE_ASSIGNMENT((#3339));
#3183=PRESENTATION_STYLE_ASSIGNMENT((#3340));
#3184=PRESENTATION_STYLE_ASSIGNMENT((#3341));
#3185=PRESENTATION_STYLE_ASSIGNMENT((#3342));
#3186=SURFACE_STYLE_USAGE(.BOTH.,#3343);
#3187=SURFACE_STYLE_USAGE(.BOTH.,#3344);
#3188=SURFACE_STYLE_USAGE(.BOTH.,#3345);
#3189=SURFACE_STYLE_USAGE(.BOTH.,#3346);
#3190=SURFACE_STYLE_USAGE(.BOTH.,#3347);
#3191=SURFACE_STYLE_USAGE(.BOTH.,#3348);
#3192=SURFACE_STYLE_USAGE(.BOTH.,#3349);
#3193=SURFACE_STYLE_USAGE(.BOTH.,#3350);
#3194=SURFACE_STYLE_USAGE(.BOTH.,#3351);
#3195=SURFACE_STYLE_USAGE(.BOTH.,#3352);
#3196=SURFACE_STYLE_USAGE(.BOTH.,#3353);
#3197=SURFACE_STYLE_USAGE(.BOTH.,#3354);
#3198=SURFACE_STYLE_USAGE(.BOTH.,#3355);
#3199=SURFACE_STYLE_USAGE(.BOTH.,#3356);
#3200=SURFACE_STYLE_USAGE(.BOTH.,#3357);
#3201=SURFACE_STYLE_USAGE(.BOTH.,#3358);
#3202=SURFACE_STYLE_USAGE(.BOTH.,#3359);
#3203=SURFACE_STYLE_USAGE(.BOTH.,#3360);
#3204=SURFACE_STYLE_USAGE(.BOTH.,#3361);
#3205=SURFACE_STYLE_USAGE(.BOTH.,#3362);
#3206=SURFACE_STYLE_USAGE(.BOTH.,#3363);
#3207=SURFACE_STYLE_USAGE(.BOTH.,#3364);
#3208=SURFACE_STYLE_USAGE(.BOTH.,#3365);
#3209=SURFACE_STYLE_USAGE(.BOTH.,#3366);
#3210=SURFACE_STYLE_USAGE(.BOTH.,#3367);
#3211=SURFACE_STYLE_USAGE(.BOTH.,#3368);
#3212=SURFACE_STYLE_USAGE(.BOTH.,#3369);
#3213=SURFACE_STYLE_USAGE(.BOTH.,#3370);
#3214=SURFACE_STYLE_USAGE(.BOTH.,#3371);
#3215=SURFACE_STYLE_USAGE(.BOTH.,#3372);
#3216=SURFACE_STYLE_USAGE(.BOTH.,#3373);
#3217=SURFACE_STYLE_USAGE(.BOTH.,#3374);
#3218=SURFACE_STYLE_USAGE(.BOTH.,#3375);
#3219=SURFACE_STYLE_USAGE(.BOTH.,#3376);
#3220=SURFACE_STYLE_USAGE(.BOTH.,#3377);
#3221=SURFACE_STYLE_USAGE(.BOTH.,#3378);
#3222=SURFACE_STYLE_USAGE(.BOTH.,#3379);
#3223=SURFACE_STYLE_USAGE(.BOTH.,#3380);
#3224=SURFACE_STYLE_USAGE(.BOTH.,#3381);
#3225=SURFACE_STYLE_USAGE(.BOTH.,#3382);
#3226=SURFACE_STYLE_USAGE(.BOTH.,#3383);
#3227=SURFACE_STYLE_USAGE(.BOTH.,#3384);
#3228=SURFACE_STYLE_USAGE(.BOTH.,#3385);
#3229=SURFACE_STYLE_USAGE(.BOTH.,#3386);
#3230=SURFACE_STYLE_USAGE(.BOTH.,#3387);
#3231=SURFACE_STYLE_USAGE(.BOTH.,#3388);
#3232=SURFACE_STYLE_USAGE(.BOTH.,#3389);
#3233=SURFACE_STYLE_USAGE(.BOTH.,#3390);
#3234=SURFACE_STYLE_USAGE(.BOTH.,#3391);
#3235=SURFACE_STYLE_USAGE(.BOTH.,#3392);
#3236=SURFACE_STYLE_USAGE(.BOTH.,#3393);
#3237=SURFACE_STYLE_USAGE(.BOTH.,#3394);
#3238=SURFACE_STYLE_USAGE(.BOTH.,#3395);
#3239=SURFACE_STYLE_USAGE(.BOTH.,#3396);
#3240=SURFACE_STYLE_USAGE(.BOTH.,#3397);
#3241=SURFACE_STYLE_USAGE(.BOTH.,#3398);
#3242=SURFACE_STYLE_USAGE(.BOTH.,#3399);
#3243=SURFACE_STYLE_USAGE(.BOTH.,#3400);
#3244=SURFACE_STYLE_USAGE(.BOTH.,#3401);
#3245=SURFACE_STYLE_USAGE(.BOTH.,#3402);
#3246=SURFACE_STYLE_USAGE(.BOTH.,#3403);
#3247=SURFACE_STYLE_USAGE(.BOTH.,#3404);
#3248=SURFACE_STYLE_USAGE(.BOTH.,#3405);
#3249=SURFACE_STYLE_USAGE(.BOTH.,#3406);
#3250=SURFACE_STYLE_USAGE(.BOTH.,#3407);
#3251=SURFACE_STYLE_USAGE(.BOTH.,#3408);
#3252=SURFACE_STYLE_USAGE(.BOTH.,#3409);
#3253=SURFACE_STYLE_USAGE(.BOTH.,#3410);
#3254=SURFACE_STYLE_USAGE(.BOTH.,#3411);
#3255=SURFACE_STYLE_USAGE(.BOTH.,#3412);
#3256=SURFACE_STYLE_USAGE(.BOTH.,#3413);
#3257=SURFACE_STYLE_USAGE(.BOTH.,#3414);
#3258=SURFACE_STYLE_USAGE(.BOTH.,#3415);
#3259=SURFACE_STYLE_USAGE(.BOTH.,#3416);
#3260=SURFACE_STYLE_USAGE(.BOTH.,#3417);
#3261=SURFACE_STYLE_USAGE(.BOTH.,#3418);
#3262=SURFACE_STYLE_USAGE(.BOTH.,#3419);
#3263=SURFACE_STYLE_USAGE(.BOTH.,#3420);
#3264=SURFACE_STYLE_USAGE(.BOTH.,#3421);
#3265=SURFACE_STYLE_USAGE(.BOTH.,#3422);
#3266=SURFACE_STYLE_USAGE(.BOTH.,#3423);
#3267=SURFACE_STYLE_USAGE(.BOTH.,#3424);
#3268=SURFACE_STYLE_USAGE(.BOTH.,#3425);
#3269=SURFACE_STYLE_USAGE(.BOTH.,#3426);
#3270=SURFACE_STYLE_USAGE(.BOTH.,#3427);
#3271=SURFACE_STYLE_USAGE(.BOTH.,#3428);
#3272=SURFACE_STYLE_USAGE(.BOTH.,#3429);
#3273=SURFACE_STYLE_USAGE(.BOTH.,#3430);
#3274=SURFACE_STYLE_USAGE(.BOTH.,#3431);
#3275=SURFACE_STYLE_USAGE(.BOTH.,#3432);
#3276=SURFACE_STYLE_USAGE(.BOTH.,#3433);
#3277=SURFACE_STYLE_USAGE(.BOTH.,#3434);
#3278=SURFACE_STYLE_USAGE(.BOTH.,#3435);
#3279=SURFACE_STYLE_USAGE(.BOTH.,#3436);
#3280=SURFACE_STYLE_USAGE(.BOTH.,#3437);
#3281=SURFACE_STYLE_USAGE(.BOTH.,#3438);
#3282=SURFACE_STYLE_USAGE(.BOTH.,#3439);
#3283=SURFACE_STYLE_USAGE(.BOTH.,#3440);
#3284=SURFACE_STYLE_USAGE(.BOTH.,#3441);
#3285=SURFACE_STYLE_USAGE(.BOTH.,#3442);
#3286=SURFACE_STYLE_USAGE(.BOTH.,#3443);
#3287=SURFACE_STYLE_USAGE(.BOTH.,#3444);
#3288=SURFACE_STYLE_USAGE(.BOTH.,#3445);
#3289=SURFACE_STYLE_USAGE(.BOTH.,#3446);
#3290=SURFACE_STYLE_USAGE(.BOTH.,#3447);
#3291=SURFACE_STYLE_USAGE(.BOTH.,#3448);
#3292=SURFACE_STYLE_USAGE(.BOTH.,#3449);
#3293=SURFACE_STYLE_USAGE(.BOTH.,#3450);
#3294=SURFACE_STYLE_USAGE(.BOTH.,#3451);
#3295=SURFACE_STYLE_USAGE(.BOTH.,#3452);
#3296=SURFACE_STYLE_USAGE(.BOTH.,#3453);
#3297=SURFACE_STYLE_USAGE(.BOTH.,#3454);
#3298=SURFACE_STYLE_USAGE(.BOTH.,#3455);
#3299=SURFACE_STYLE_USAGE(.BOTH.,#3456);
#3300=SURFACE_STYLE_USAGE(.BOTH.,#3457);
#3301=SURFACE_STYLE_USAGE(.BOTH.,#3458);
#3302=SURFACE_STYLE_USAGE(.BOTH.,#3459);
#3303=SURFACE_STYLE_USAGE(.BOTH.,#3460);
#3304=SURFACE_STYLE_USAGE(.BOTH.,#3461);
#3305=SURFACE_STYLE_USAGE(.BOTH.,#3462);
#3306=SURFACE_STYLE_USAGE(.BOTH.,#3463);
#3307=SURFACE_STYLE_USAGE(.BOTH.,#3464);
#3308=SURFACE_STYLE_USAGE(.BOTH.,#3465);
#3309=SURFACE_STYLE_USAGE(.BOTH.,#3466);
#3310=SURFACE_STYLE_USAGE(.BOTH.,#3467);
#3311=SURFACE_STYLE_USAGE(.BOTH.,#3468);
#3312=SURFACE_STYLE_USAGE(.BOTH.,#3469);
#3313=SURFACE_STYLE_USAGE(.BOTH.,#3470);
#3314=SURFACE_STYLE_USAGE(.BOTH.,#3471);
#3315=SURFACE_STYLE_USAGE(.BOTH.,#3472);
#3316=SURFACE_STYLE_USAGE(.BOTH.,#3473);
#3317=SURFACE_STYLE_USAGE(.BOTH.,#3474);
#3318=SURFACE_STYLE_USAGE(.BOTH.,#3475);
#3319=SURFACE_STYLE_USAGE(.BOTH.,#3476);
#3320=SURFACE_STYLE_USAGE(.BOTH.,#3477);
#3321=SURFACE_STYLE_USAGE(.BOTH.,#3478);
#3322=SURFACE_STYLE_USAGE(.BOTH.,#3479);
#3323=SURFACE_STYLE_USAGE(.BOTH.,#3480);
#3324=SURFACE_STYLE_USAGE(.BOTH.,#3481);
#3325=SURFACE_STYLE_USAGE(.BOTH.,#3482);
#3326=SURFACE_STYLE_USAGE(.BOTH.,#3483);
#3327=SURFACE_STYLE_USAGE(.BOTH.,#3484);
#3328=SURFACE_STYLE_USAGE(.BOTH.,#3485);
#3329=SURFACE_STYLE_USAGE(.BOTH.,#3486);
#3330=SURFACE_STYLE_USAGE(.BOTH.,#3487);
#3331=SURFACE_STYLE_USAGE(.BOTH.,#3488);
#3332=SURFACE_STYLE_USAGE(.BOTH.,#3489);
#3333=SURFACE_STYLE_USAGE(.BOTH.,#3490);
#3334=SURFACE_STYLE_USAGE(.BOTH.,#3491);
#3335=SURFACE_STYLE_USAGE(.BOTH.,#3492);
#3336=SURFACE_STYLE_USAGE(.BOTH.,#3493);
#3337=SURFACE_STYLE_USAGE(.BOTH.,#3494);
#3338=SURFACE_STYLE_USAGE(.BOTH.,#3495);
#3339=SURFACE_STYLE_USAGE(.BOTH.,#3496);
#3340=SURFACE_STYLE_USAGE(.BOTH.,#3497);
#3341=SURFACE_STYLE_USAGE(.BOTH.,#3498);
#3342=SURFACE_STYLE_USAGE(.BOTH.,#3499);
#3343=SURFACE_SIDE_STYLE('',(#3500));
#3344=SURFACE_SIDE_STYLE('',(#3501));
#3345=SURFACE_SIDE_STYLE('',(#3502));
#3346=SURFACE_SIDE_STYLE('',(#3503));
#3347=SURFACE_SIDE_STYLE('',(#3504));
#3348=SURFACE_SIDE_STYLE('',(#3505));
#3349=SURFACE_SIDE_STYLE('',(#3506));
#3350=SURFACE_SIDE_STYLE('',(#3507));
#3351=SURFACE_SIDE_STYLE('',(#3508));
#3352=SURFACE_SIDE_STYLE('',(#3509));
#3353=SURFACE_SIDE_STYLE('',(#3510));
#3354=SURFACE_SIDE_STYLE('',(#3511));
#3355=SURFACE_SIDE_STYLE('',(#3512));
#3356=SURFACE_SIDE_STYLE('',(#3513));
#3357=SURFACE_SIDE_STYLE('',(#3514));
#3358=SURFACE_SIDE_STYLE('',(#3515));
#3359=SURFACE_SIDE_STYLE('',(#3516));
#3360=SURFACE_SIDE_STYLE('',(#3517));
#3361=SURFACE_SIDE_STYLE('',(#3518));
#3362=SURFACE_SIDE_STYLE('',(#3519));
#3363=SURFACE_SIDE_STYLE('',(#3520));
#3364=SURFACE_SIDE_STYLE('',(#3521));
#3365=SURFACE_SIDE_STYLE('',(#3522));
#3366=SURFACE_SIDE_STYLE('',(#3523));
#3367=SURFACE_SIDE_STYLE('',(#3524));
#3368=SURFACE_SIDE_STYLE('',(#3525));
#3369=SURFACE_SIDE_STYLE('',(#3526));
#3370=SURFACE_SIDE_STYLE('',(#3527));
#3371=SURFACE_SIDE_STYLE('',(#3528));
#3372=SURFACE_SIDE_STYLE('',(#3529));
#3373=SURFACE_SIDE_STYLE('',(#3530));
#3374=SURFACE_SIDE_STYLE('',(#3531));
#3375=SURFACE_SIDE_STYLE('',(#3532));
#3376=SURFACE_SIDE_STYLE('',(#3533));
#3377=SURFACE_SIDE_STYLE('',(#3534));
#3378=SURFACE_SIDE_STYLE('',(#3535));
#3379=SURFACE_SIDE_STYLE('',(#3536));
#3380=SURFACE_SIDE_STYLE('',(#3537));
#3381=SURFACE_SIDE_STYLE('',(#3538));
#3382=SURFACE_SIDE_STYLE('',(#3539));
#3383=SURFACE_SIDE_STYLE('',(#3540));
#3384=SURFACE_SIDE_STYLE('',(#3541));
#3385=SURFACE_SIDE_STYLE('',(#3542));
#3386=SURFACE_SIDE_STYLE('',(#3543));
#3387=SURFACE_SIDE_STYLE('',(#3544));
#3388=SURFACE_SIDE_STYLE('',(#3545));
#3389=SURFACE_SIDE_STYLE('',(#3546));
#3390=SURFACE_SIDE_STYLE('',(#3547));
#3391=SURFACE_SIDE_STYLE('',(#3548));
#3392=SURFACE_SIDE_STYLE('',(#3549));
#3393=SURFACE_SIDE_STYLE('',(#3550));
#3394=SURFACE_SIDE_STYLE('',(#3551));
#3395=SURFACE_SIDE_STYLE('',(#3552));
#3396=SURFACE_SIDE_STYLE('',(#3553));
#3397=SURFACE_SIDE_STYLE('',(#3554));
#3398=SURFACE_SIDE_STYLE('',(#3555));
#3399=SURFACE_SIDE_STYLE('',(#3556));
#3400=SURFACE_SIDE_STYLE('',(#3557));
#3401=SURFACE_SIDE_STYLE('',(#3558));
#3402=SURFACE_SIDE_STYLE('',(#3559));
#3403=SURFACE_SIDE_STYLE('',(#3560));
#3404=SURFACE_SIDE_STYLE('',(#3561));
#3405=SURFACE_SIDE_STYLE('',(#3562));
#3406=SURFACE_SIDE_STYLE('',(#3563));
#3407=SURFACE_SIDE_STYLE('',(#3564));
#3408=SURFACE_SIDE_STYLE('',(#3565));
#3409=SURFACE_SIDE_STYLE('',(#3566));
#3410=SURFACE_SIDE_STYLE('',(#3567));
#3411=SURFACE_SIDE_STYLE('',(#3568));
#3412=SURFACE_SIDE_STYLE('',(#3569));
#3413=SURFACE_SIDE_STYLE('',(#3570));
#3414=SURFACE_SIDE_STYLE('',(#3571));
#3415=SURFACE_SIDE_STYLE('',(#3572));
#3416=SURFACE_SIDE_STYLE('',(#3573));
#3417=SURFACE_SIDE_STYLE('',(#3574));
#3418=SURFACE_SIDE_STYLE('',(#3575));
#3419=SURFACE_SIDE_STYLE('',(#3576));
#3420=SURFACE_SIDE_STYLE('',(#3577));
#3421=SURFACE_SIDE_STYLE('',(#3578));
#3422=SURFACE_SIDE_STYLE('',(#3579));
#3423=SURFACE_SIDE_STYLE('',(#3580));
#3424=SURFACE_SIDE_STYLE('',(#3581));
#3425=SURFACE_SIDE_STYLE('',(#3582));
#3426=SURFACE_SIDE_STYLE('',(#3583));
#3427=SURFACE_SIDE_STYLE('',(#3584));
#3428=SURFACE_SIDE_STYLE('',(#3585));
#3429=SURFACE_SIDE_STYLE('',(#3586));
#3430=SURFACE_SIDE_STYLE('',(#3587));
#3431=SURFACE_SIDE_STYLE('',(#3588));
#3432=SURFACE_SIDE_STYLE('',(#3589));
#3433=SURFACE_SIDE_STYLE('',(#3590));
#3434=SURFACE_SIDE_STYLE('',(#3591));
#3435=SURFACE_SIDE_STYLE('',(#3592));
#3436=SURFACE_SIDE_STYLE('',(#3593));
#3437=SURFACE_SIDE_STYLE('',(#3594));
#3438=SURFACE_SIDE_STYLE('',(#3595));
#3439=SURFACE_SIDE_STYLE('',(#3596));
#3440=SURFACE_SIDE_STYLE('',(#3597));
#3441=SURFACE_SIDE_STYLE('',(#3598));
#3442=SURFACE_SIDE_STYLE('',(#3599));
#3443=SURFACE_SIDE_STYLE('',(#3600));
#3444=SURFACE_SIDE_STYLE('',(#3601));
#3445=SURFACE_SIDE_STYLE('',(#3602));
#3446=SURFACE_SIDE_STYLE('',(#3603));
#3447=SURFACE_SIDE_STYLE('',(#3604));
#3448=SURFACE_SIDE_STYLE('',(#3605));
#3449=SURFACE_SIDE_STYLE('',(#3606));
#3450=SURFACE_SIDE_STYLE('',(#3607));
#3451=SURFACE_SIDE_STYLE('',(#3608));
#3452=SURFACE_SIDE_STYLE('',(#3609));
#3453=SURFACE_SIDE_STYLE('',(#3610));
#3454=SURFACE_SIDE_STYLE('',(#3611));
#3455=SURFACE_SIDE_STYLE('',(#3612));
#3456=SURFACE_SIDE_STYLE('',(#3613));
#3457=SURFACE_SIDE_STYLE('',(#3614));
#3458=SURFACE_SIDE_STYLE('',(#3615));
#3459=SURFACE_SIDE_STYLE('',(#3616));
#3460=SURFACE_SIDE_STYLE('',(#3617));
#3461=SURFACE_SIDE_STYLE('',(#3618));
#3462=SURFACE_SIDE_STYLE('',(#3619));
#3463=SURFACE_SIDE_STYLE('',(#3620));
#3464=SURFACE_SIDE_STYLE('',(#3621));
#3465=SURFACE_SIDE_STYLE('',(#3622));
#3466=SURFACE_SIDE_STYLE('',(#3623));
#3467=SURFACE_SIDE_STYLE('',(#3624));
#3468=SURFACE_SIDE_STYLE('',(#3625));
#3469=SURFACE_SIDE_STYLE('',(#3626));
#3470=SURFACE_SIDE_STYLE('',(#3627));
#3471=SURFACE_SIDE_STYLE('',(#3628));
#3472=SURFACE_SIDE_STYLE('',(#3629));
#3473=SURFACE_SIDE_STYLE('',(#3630));
#3474=SURFACE_SIDE_STYLE('',(#3631));
#3475=SURFACE_SIDE_STYLE('',(#3632));
#3476=SURFACE_SIDE_STYLE('',(#3633));
#3477=SURFACE_SIDE_STYLE('',(#3634));
#3478=SURFACE_SIDE_STYLE('',(#3635));
#3479=SURFACE_SIDE_STYLE('',(#3636));
#3480=SURFACE_SIDE_STYLE('',(#3637));
#3481=SURFACE_SIDE_STYLE('',(#3638));
#3482=SURFACE_SIDE_STYLE('',(#3639));
#3483=SURFACE_SIDE_STYLE('',(#3640));
#3484=SURFACE_SIDE_STYLE('',(#3641));
#3485=SURFACE_SIDE_STYLE('',(#3642));
#3486=SURFACE_SIDE_STYLE('',(#3643));
#3487=SURFACE_SIDE_STYLE('',(#3644));
#3488=SURFACE_SIDE_STYLE('',(#3645));
#3489=SURFACE_SIDE_STYLE('',(#3646));
#3490=SURFACE_SIDE_STYLE('',(#3647));
#3491=SURFACE_SIDE_STYLE('',(#3648));
#3492=SURFACE_SIDE_STYLE('',(#3649));
#3493=SURFACE_SIDE_STYLE('',(#3650));
#3494=SURFACE_SIDE_STYLE('',(#3651));
#3495=SURFACE_SIDE_STYLE('',(#3652));
#3496=SURFACE_SIDE_STYLE('',(#3653));
#3497=SURFACE_SIDE_STYLE('',(#3654));
#3498=SURFACE_SIDE_STYLE('',(#3655));
#3499=SURFACE_SIDE_STYLE('',(#3656));
#3500=SURFACE_STYLE_FILL_AREA(#3657);
#3501=SURFACE_STYLE_FILL_AREA(#3658);
#3502=SURFACE_STYLE_FILL_AREA(#3659);
#3503=SURFACE_STYLE_FILL_AREA(#3660);
#3504=SURFACE_STYLE_FILL_AREA(#3661);
#3505=SURFACE_STYLE_FILL_AREA(#3662);
#3506=SURFACE_STYLE_FILL_AREA(#3663);
#3507=SURFACE_STYLE_FILL_AREA(#3664);
#3508=SURFACE_STYLE_FILL_AREA(#3665);
#3509=SURFACE_STYLE_FILL_AREA(#3666);
#3510=SURFACE_STYLE_FILL_AREA(#3667);
#3511=SURFACE_STYLE_FILL_AREA(#3668);
#3512=SURFACE_STYLE_FILL_AREA(#3669);
#3513=SURFACE_STYLE_FILL_AREA(#3670);
#3514=SURFACE_STYLE_FILL_AREA(#3671);
#3515=SURFACE_STYLE_FILL_AREA(#3672);
#3516=SURFACE_STYLE_FILL_AREA(#3673);
#3517=SURFACE_STYLE_FILL_AREA(#3674);
#3518=SURFACE_STYLE_FILL_AREA(#3675);
#3519=SURFACE_STYLE_FILL_AREA(#3676);
#3520=SURFACE_STYLE_FILL_AREA(#3677);
#3521=SURFACE_STYLE_FILL_AREA(#3678);
#3522=SURFACE_STYLE_FILL_AREA(#3679);
#3523=SURFACE_STYLE_FILL_AREA(#3680);
#3524=SURFACE_STYLE_FILL_AREA(#3681);
#3525=SURFACE_STYLE_FILL_AREA(#3682);
#3526=SURFACE_STYLE_FILL_AREA(#3683);
#3527=SURFACE_STYLE_FILL_AREA(#3684);
#3528=SURFACE_STYLE_FILL_AREA(#3685);
#3529=SURFACE_STYLE_FILL_AREA(#3686);
#3530=SURFACE_STYLE_FILL_AREA(#3687);
#3531=SURFACE_STYLE_FILL_AREA(#3688);
#3532=SURFACE_STYLE_FILL_AREA(#3689);
#3533=SURFACE_STYLE_FILL_AREA(#3690);
#3534=SURFACE_STYLE_FILL_AREA(#3691);
#3535=SURFACE_STYLE_FILL_AREA(#3692);
#3536=SURFACE_STYLE_FILL_AREA(#3693);
#3537=SURFACE_STYLE_FILL_AREA(#3694);
#3538=SURFACE_STYLE_FILL_AREA(#3695);
#3539=SURFACE_STYLE_FILL_AREA(#3696);
#3540=SURFACE_STYLE_FILL_AREA(#3697);
#3541=SURFACE_STYLE_FILL_AREA(#3698);
#3542=SURFACE_STYLE_FILL_AREA(#3699);
#3543=SURFACE_STYLE_FILL_AREA(#3700);
#3544=SURFACE_STYLE_FILL_AREA(#3701);
#3545=SURFACE_STYLE_FILL_AREA(#3702);
#3546=SURFACE_STYLE_FILL_AREA(#3703);
#3547=SURFACE_STYLE_FILL_AREA(#3704);
#3548=SURFACE_STYLE_FILL_AREA(#3705);
#3549=SURFACE_STYLE_FILL_AREA(#3706);
#3550=SURFACE_STYLE_FILL_AREA(#3707);
#3551=SURFACE_STYLE_FILL_AREA(#3708);
#3552=SURFACE_STYLE_FILL_AREA(#3709);
#3553=SURFACE_STYLE_FILL_AREA(#3710);
#3554=SURFACE_STYLE_FILL_AREA(#3711);
#3555=SURFACE_STYLE_FILL_AREA(#3712);
#3556=SURFACE_STYLE_FILL_AREA(#3713);
#3557=SURFACE_STYLE_FILL_AREA(#3714);
#3558=SURFACE_STYLE_FILL_AREA(#3715);
#3559=SURFACE_STYLE_FILL_AREA(#3716);
#3560=SURFACE_STYLE_FILL_AREA(#3717);
#3561=SURFACE_STYLE_FILL_AREA(#3718);
#3562=SURFACE_STYLE_FILL_AREA(#3719);
#3563=SURFACE_STYLE_FILL_AREA(#3720);
#3564=SURFACE_STYLE_FILL_AREA(#3721);
#3565=SURFACE_STYLE_FILL_AREA(#3722);
#3566=SURFACE_STYLE_FILL_AREA(#3723);
#3567=SURFACE_STYLE_FILL_AREA(#3724);
#3568=SURFACE_STYLE_FILL_AREA(#3725);
#3569=SURFACE_STYLE_FILL_AREA(#3726);
#3570=SURFACE_STYLE_FILL_AREA(#3727);
#3571=SURFACE_STYLE_FILL_AREA(#3728);
#3572=SURFACE_STYLE_FILL_AREA(#3729);
#3573=SURFACE_STYLE_FILL_AREA(#3730);
#3574=SURFACE_STYLE_FILL_AREA(#3731);
#3575=SURFACE_STYLE_FILL_AREA(#3732);
#3576=SURFACE_STYLE_FILL_AREA(#3733);
#3577=SURFACE_STYLE_FILL_AREA(#3734);
#3578=SURFACE_STYLE_FILL_AREA(#3735);
#3579=SURFACE_STYLE_FILL_AREA(#3736);
#3580=SURFACE_STYLE_FILL_AREA(#3737);
#3581=SURFACE_STYLE_FILL_AREA(#3738);
#3582=SURFACE_STYLE_FILL_AREA(#3739);
#3583=SURFACE_STYLE_FILL_AREA(#3740);
#3584=SURFACE_STYLE_FILL_AREA(#3741);
#3585=SURFACE_STYLE_FILL_AREA(#3742);
#3586=SURFACE_STYLE_FILL_AREA(#3743);
#3587=SURFACE_STYLE_FILL_AREA(#3744);
#3588=SURFACE_STYLE_FILL_AREA(#3745);
#3589=SURFACE_STYLE_FILL_AREA(#3746);
#3590=SURFACE_STYLE_FILL_AREA(#3747);
#3591=SURFACE_STYLE_FILL_AREA(#3748);
#3592=SURFACE_STYLE_FILL_AREA(#3749);
#3593=SURFACE_STYLE_FILL_AREA(#3750);
#3594=SURFACE_STYLE_FILL_AREA(#3751);
#3595=SURFACE_STYLE_FILL_AREA(#3752);
#3596=SURFACE_STYLE_FILL_AREA(#3753);
#3597=SURFACE_STYLE_FILL_AREA(#3754);
#3598=SURFACE_STYLE_FILL_AREA(#3755);
#3599=SURFACE_STYLE_FILL_AREA(#3756);
#3600=SURFACE_STYLE_FILL_AREA(#3757);
#3601=SURFACE_STYLE_FILL_AREA(#3758);
#3602=SURFACE_STYLE_FILL_AREA(#3759);
#3603=SURFACE_STYLE_FILL_AREA(#3760);
#3604=SURFACE_STYLE_FILL_AREA(#3761);
#3605=SURFACE_STYLE_FILL_AREA(#3762);
#3606=SURFACE_STYLE_FILL_AREA(#3763);
#3607=SURFACE_STYLE_FILL_AREA(#3764);
#3608=SURFACE_STYLE_FILL_AREA(#3765);
#3609=SURFACE_STYLE_FILL_AREA(#3766);
#3610=SURFACE_STYLE_FILL_AREA(#3767);
#3611=SURFACE_STYLE_FILL_AREA(#3768);
#3612=SURFACE_STYLE_FILL_AREA(#3769);
#3613=SURFACE_STYLE_FILL_AREA(#3770);
#3614=SURFACE_STYLE_FILL_AREA(#3771);
#3615=SURFACE_STYLE_FILL_AREA(#3772);
#3616=SURFACE_STYLE_FILL_AREA(#3773);
#3617=SURFACE_STYLE_FILL_AREA(#3774);
#3618=SURFACE_STYLE_FILL_AREA(#3775);
#3619=SURFACE_STYLE_FILL_AREA(#3776);
#3620=SURFACE_STYLE_FILL_AREA(#3777);
#3621=SURFACE_STYLE_FILL_AREA(#3778);
#3622=SURFACE_STYLE_FILL_AREA(#3779);
#3623=SURFACE_STYLE_FILL_AREA(#3780);
#3624=SURFACE_STYLE_FILL_AREA(#3781);
#3625=SURFACE_STYLE_FILL_AREA(#3782);
#3626=SURFACE_STYLE_FILL_AREA(#3783);
#3627=SURFACE_STYLE_FILL_AREA(#3784);
#3628=SURFACE_STYLE_FILL_AREA(#3785);
#3629=SURFACE_STYLE_FILL_AREA(#3786);
#3630=SURFACE_STYLE_FILL_AREA(#3787);
#3631=SURFACE_STYLE_FILL_AREA(#3788);
#3632=SURFACE_STYLE_FILL_AREA(#3789);
#3633=SURFACE_STYLE_FILL_AREA(#3790);
#3634=SURFACE_STYLE_FILL_AREA(#3791);
#3635=SURFACE_STYLE_FILL_AREA(#3792);
#3636=SURFACE_STYLE_FILL_AREA(#3793);
#3637=SURFACE_STYLE_FILL_AREA(#3794);
#3638=SURFACE_STYLE_FILL_AREA(#3795);
#3639=SURFACE_STYLE_FILL_AREA(#3796);
#3640=SURFACE_STYLE_FILL_AREA(#3797);
#3641=SURFACE_STYLE_FILL_AREA(#3798);
#3642=SURFACE_STYLE_FILL_AREA(#3799);
#3643=SURFACE_STYLE_FILL_AREA(#3800);
#3644=SURFACE_STYLE_FILL_AREA(#3801);
#3645=SURFACE_STYLE_FILL_AREA(#3802);
#3646=SURFACE_STYLE_FILL_AREA(#3803);
#3647=SURFACE_STYLE_FILL_AREA(#3804);
#3648=SURFACE_STYLE_FILL_AREA(#3805);
#3649=SURFACE_STYLE_FILL_AREA(#3806);
#3650=SURFACE_STYLE_FILL_AREA(#3807);
#3651=SURFACE_STYLE_FILL_AREA(#3808);
#3652=SURFACE_STYLE_FILL_AREA(#3809);
#3653=SURFACE_STYLE_FILL_AREA(#3810);
#3654=SURFACE_STYLE_FILL_AREA(#3811);
#3655=SURFACE_STYLE_FILL_AREA(#3812);
#3656=SURFACE_STYLE_FILL_AREA(#3813);
#3657=FILL_AREA_STYLE('',(#3814));
#3658=FILL_AREA_STYLE('',(#3815));
#3659=FILL_AREA_STYLE('',(#3816));
#3660=FILL_AREA_STYLE('',(#3817));
#3661=FILL_AREA_STYLE('',(#3818));
#3662=FILL_AREA_STYLE('',(#3819));
#3663=FILL_AREA_STYLE('',(#3820));
#3664=FILL_AREA_STYLE('',(#3821));
#3665=FILL_AREA_STYLE('',(#3822));
#3666=FILL_AREA_STYLE('',(#3823));
#3667=FILL_AREA_STYLE('',(#3824));
#3668=FILL_AREA_STYLE('',(#3825));
#3669=FILL_AREA_STYLE('',(#3826));
#3670=FILL_AREA_STYLE('',(#3827));
#3671=FILL_AREA_STYLE('',(#3828));
#3672=FILL_AREA_STYLE('',(#3829));
#3673=FILL_AREA_STYLE('',(#3830));
#3674=FILL_AREA_STYLE('',(#3831));
#3675=FILL_AREA_STYLE('',(#3832));
#3676=FILL_AREA_STYLE('',(#3833));
#3677=FILL_AREA_STYLE('',(#3834));
#3678=FILL_AREA_STYLE('',(#3835));
#3679=FILL_AREA_STYLE('',(#3836));
#3680=FILL_AREA_STYLE('',(#3837));
#3681=FILL_AREA_STYLE('',(#3838));
#3682=FILL_AREA_STYLE('',(#3839));
#3683=FILL_AREA_STYLE('',(#3840));
#3684=FILL_AREA_STYLE('',(#3841));
#3685=FILL_AREA_STYLE('',(#3842));
#3686=FILL_AREA_STYLE('',(#3843));
#3687=FILL_AREA_STYLE('',(#3844));
#3688=FILL_AREA_STYLE('',(#3845));
#3689=FILL_AREA_STYLE('',(#3846));
#3690=FILL_AREA_STYLE('',(#3847));
#3691=FILL_AREA_STYLE('',(#3848));
#3692=FILL_AREA_STYLE('',(#3849));
#3693=FILL_AREA_STYLE('',(#3850));
#3694=FILL_AREA_STYLE('',(#3851));
#3695=FILL_AREA_STYLE('',(#3852));
#3696=FILL_AREA_STYLE('',(#3853));
#3697=FILL_AREA_STYLE('',(#3854));
#3698=FILL_AREA_STYLE('',(#3855));
#3699=FILL_AREA_STYLE('',(#3856));
#3700=FILL_AREA_STYLE('',(#3857));
#3701=FILL_AREA_STYLE('',(#3858));
#3702=FILL_AREA_STYLE('',(#3859));
#3703=FILL_AREA_STYLE('',(#3860));
#3704=FILL_AREA_STYLE('',(#3861));
#3705=FILL_AREA_STYLE('',(#3862));
#3706=FILL_AREA_STYLE('',(#3863));
#3707=FILL_AREA_STYLE('',(#3864));
#3708=FILL_AREA_STYLE('',(#3865));
#3709=FILL_AREA_STYLE('',(#3866));
#3710=FILL_AREA_STYLE('',(#3867));
#3711=FILL_AREA_STYLE('',(#3868));
#3712=FILL_AREA_STYLE('',(#3869));
#3713=FILL_AREA_STYLE('',(#3870));
#3714=FILL_AREA_STYLE('',(#3871));
#3715=FILL_AREA_STYLE('',(#3872));
#3716=FILL_AREA_STYLE('',(#3873));
#3717=FILL_AREA_STYLE('',(#3874));
#3718=FILL_AREA_STYLE('',(#3875));
#3719=FILL_AREA_STYLE('',(#3876));
#3720=FILL_AREA_STYLE('',(#3877));
#3721=FILL_AREA_STYLE('',(#3878));
#3722=FILL_AREA_STYLE('',(#3879));
#3723=FILL_AREA_STYLE('',(#3880));
#3724=FILL_AREA_STYLE('',(#3881));
#3725=FILL_AREA_STYLE('',(#3882));
#3726=FILL_AREA_STYLE('',(#3883));
#3727=FILL_AREA_STYLE('',(#3884));
#3728=FILL_AREA_STYLE('',(#3885));
#3729=FILL_AREA_STYLE('',(#3886));
#3730=FILL_AREA_STYLE('',(#3887));
#3731=FILL_AREA_STYLE('',(#3888));
#3732=FILL_AREA_STYLE('',(#3889));
#3733=FILL_AREA_STYLE('',(#3890));
#3734=FILL_AREA_STYLE('',(#3891));
#3735=FILL_AREA_STYLE('',(#3892));
#3736=FILL_AREA_STYLE('',(#3893));
#3737=FILL_AREA_STYLE('',(#3894));
#3738=FILL_AREA_STYLE('',(#3895));
#3739=FILL_AREA_STYLE('',(#3896));
#3740=FILL_AREA_STYLE('',(#3897));
#3741=FILL_AREA_STYLE('',(#3898));
#3742=FILL_AREA_STYLE('',(#3899));
#3743=FILL_AREA_STYLE('',(#3900));
#3744=FILL_AREA_STYLE('',(#3901));
#3745=FILL_AREA_STYLE('',(#3902));
#3746=FILL_AREA_STYLE('',(#3903));
#3747=FILL_AREA_STYLE('',(#3904));
#3748=FILL_AREA_STYLE('',(#3905));
#3749=FILL_AREA_STYLE('',(#3906));
#3750=FILL_AREA_STYLE('',(#3907));
#3751=FILL_AREA_STYLE('',(#3908));
#3752=FILL_AREA_STYLE('',(#3909));
#3753=FILL_AREA_STYLE('',(#3910));
#3754=FILL_AREA_STYLE('',(#3911));
#3755=FILL_AREA_STYLE('',(#3912));
#3756=FILL_AREA_STYLE('',(#3913));
#3757=FILL_AREA_STYLE('',(#3914));
#3758=FILL_AREA_STYLE('',(#3915));
#3759=FILL_AREA_STYLE('',(#3916));
#3760=FILL_AREA_STYLE('',(#3917));
#3761=FILL_AREA_STYLE('',(#3918));
#3762=FILL_AREA_STYLE('',(#3919));
#3763=FILL_AREA_STYLE('',(#3920));
#3764=FILL_AREA_STYLE('',(#3921));
#3765=FILL_AREA_STYLE('',(#3922));
#3766=FILL_AREA_STYLE('',(#3923));
#3767=FILL_AREA_STYLE('',(#3924));
#3768=FILL_AREA_STYLE('',(#3925));
#3769=FILL_AREA_STYLE('',(#3926));
#3770=FILL_AREA_STYLE('',(#3927));
#3771=FILL_AREA_STYLE('',(#3928));
#3772=FILL_AREA_STYLE('',(#3929));
#3773=FILL_AREA_STYLE('',(#3930));
#3774=FILL_AREA_STYLE('',(#3931));
#3775=FILL_AREA_STYLE('',(#3932));
#3776=FILL_AREA_STYLE('',(#3933));
#3777=FILL_AREA_STYLE('',(#3934));
#3778=FILL_AREA_STYLE('',(#3935));
#3779=FILL_AREA_STYLE('',(#3936));
#3780=FILL_AREA_STYLE('',(#3937));
#3781=FILL_AREA_STYLE('',(#3938));
#3782=FILL_AREA_STYLE('',(#3939));
#3783=FILL_AREA_STYLE('',(#3940));
#3784=FILL_AREA_STYLE('',(#3941));
#3785=FILL_AREA_STYLE('',(#3942));
#3786=FILL_AREA_STYLE('',(#3943));
#3787=FILL_AREA_STYLE('',(#3944));
#3788=FILL_AREA_STYLE('',(#3945));
#3789=FILL_AREA_STYLE('',(#3946));
#3790=FILL_AREA_STYLE('',(#3947));
#3791=FILL_AREA_STYLE('',(#3948));
#3792=FILL_AREA_STYLE('',(#3949));
#3793=FILL_AREA_STYLE('',(#3950));
#3794=FILL_AREA_STYLE('',(#3951));
#3795=FILL_AREA_STYLE('',(#3952));
#3796=FILL_AREA_STYLE('',(#3953));
#3797=FILL_AREA_STYLE('',(#3954));
#3798=FILL_AREA_STYLE('',(#3955));
#3799=FILL_AREA_STYLE('',(#3956));
#3800=FILL_AREA_STYLE('',(#3957));
#3801=FILL_AREA_STYLE('',(#3958));
#3802=FILL_AREA_STYLE('',(#3959));
#3803=FILL_AREA_STYLE('',(#3960));
#3804=FILL_AREA_STYLE('',(#3961));
#3805=FILL_AREA_STYLE('',(#3962));
#3806=FILL_AREA_STYLE('',(#3963));
#3807=FILL_AREA_STYLE('',(#3964));
#3808=FILL_AREA_STYLE('',(#3965));
#3809=FILL_AREA_STYLE('',(#3966));
#3810=FILL_AREA_STYLE('',(#3967));
#3811=FILL_AREA_STYLE('',(#3968));
#3812=FILL_AREA_STYLE('',(#3969));
#3813=FILL_AREA_STYLE('',(#3970));
#3814=FILL_AREA_STYLE_COLOUR('',#3971);
#3815=FILL_AREA_STYLE_COLOUR('',#3971);
#3816=FILL_AREA_STYLE_COLOUR('',#3971);
#3817=FILL_AREA_STYLE_COLOUR('',#3971);
#3818=FILL_AREA_STYLE_COLOUR('',#3971);
#3819=FILL_AREA_STYLE_COLOUR('',#3971);
#3820=FILL_AREA_STYLE_COLOUR('',#3971);
#3821=FILL_AREA_STYLE_COLOUR('',#3971);
#3822=FILL_AREA_STYLE_COLOUR('',#3972);
#3823=FILL_AREA_STYLE_COLOUR('',#3972);
#3824=FILL_AREA_STYLE_COLOUR('',#3972);
#3825=FILL_AREA_STYLE_COLOUR('',#3971);
#3826=FILL_AREA_STYLE_COLOUR('',#3971);
#3827=FILL_AREA_STYLE_COLOUR('',#3971);
#3828=FILL_AREA_STYLE_COLOUR('',#3971);
#3829=FILL_AREA_STYLE_COLOUR('',#3971);
#3830=FILL_AREA_STYLE_COLOUR('',#3971);
#3831=FILL_AREA_STYLE_COLOUR('',#3971);
#3832=FILL_AREA_STYLE_COLOUR('',#3971);
#3833=FILL_AREA_STYLE_COLOUR('',#3971);
#3834=FILL_AREA_STYLE_COLOUR('',#3971);
#3835=FILL_AREA_STYLE_COLOUR('',#3971);
#3836=FILL_AREA_STYLE_COLOUR('',#3971);
#3837=FILL_AREA_STYLE_COLOUR('',#3971);
#3838=FILL_AREA_STYLE_COLOUR('',#3971);
#3839=FILL_AREA_STYLE_COLOUR('',#3971);
#3840=FILL_AREA_STYLE_COLOUR('',#3971);
#3841=FILL_AREA_STYLE_COLOUR('',#3971);
#3842=FILL_AREA_STYLE_COLOUR('',#3971);
#3843=FILL_AREA_STYLE_COLOUR('',#3971);
#3844=FILL_AREA_STYLE_COLOUR('',#3971);
#3845=FILL_AREA_STYLE_COLOUR('',#3971);
#3846=FILL_AREA_STYLE_COLOUR('',#3971);
#3847=FILL_AREA_STYLE_COLOUR('',#3972);
#3848=FILL_AREA_STYLE_COLOUR('',#3972);
#3849=FILL_AREA_STYLE_COLOUR('',#3972);
#3850=FILL_AREA_STYLE_COLOUR('',#3971);
#3851=FILL_AREA_STYLE_COLOUR('',#3971);
#3852=FILL_AREA_STYLE_COLOUR('',#3971);
#3853=FILL_AREA_STYLE_COLOUR('',#3971);
#3854=FILL_AREA_STYLE_COLOUR('',#3971);
#3855=FILL_AREA_STYLE_COLOUR('',#3971);
#3856=FILL_AREA_STYLE_COLOUR('',#3971);
#3857=FILL_AREA_STYLE_COLOUR('',#3971);
#3858=FILL_AREA_STYLE_COLOUR('',#3971);
#3859=FILL_AREA_STYLE_COLOUR('',#3971);
#3860=FILL_AREA_STYLE_COLOUR('',#3971);
#3861=FILL_AREA_STYLE_COLOUR('',#3971);
#3862=FILL_AREA_STYLE_COLOUR('',#3971);
#3863=FILL_AREA_STYLE_COLOUR('',#3971);
#3864=FILL_AREA_STYLE_COLOUR('',#3971);
#3865=FILL_AREA_STYLE_COLOUR('',#3971);
#3866=FILL_AREA_STYLE_COLOUR('',#3971);
#3867=FILL_AREA_STYLE_COLOUR('',#3971);
#3868=FILL_AREA_STYLE_COLOUR('',#3971);
#3869=FILL_AREA_STYLE_COLOUR('',#3971);
#3870=FILL_AREA_STYLE_COLOUR('',#3971);
#3871=FILL_AREA_STYLE_COLOUR('',#3971);
#3872=FILL_AREA_STYLE_COLOUR('',#3971);
#3873=FILL_AREA_STYLE_COLOUR('',#3971);
#3874=FILL_AREA_STYLE_COLOUR('',#3971);
#3875=FILL_AREA_STYLE_COLOUR('',#3971);
#3876=FILL_AREA_STYLE_COLOUR('',#3971);
#3877=FILL_AREA_STYLE_COLOUR('',#3971);
#3878=FILL_AREA_STYLE_COLOUR('',#3971);
#3879=FILL_AREA_STYLE_COLOUR('',#3971);
#3880=FILL_AREA_STYLE_COLOUR('',#3971);
#3881=FILL_AREA_STYLE_COLOUR('',#3971);
#3882=FILL_AREA_STYLE_COLOUR('',#3971);
#3883=FILL_AREA_STYLE_COLOUR('',#3971);
#3884=FILL_AREA_STYLE_COLOUR('',#3972);
#3885=FILL_AREA_STYLE_COLOUR('',#3972);
#3886=FILL_AREA_STYLE_COLOUR('',#3971);
#3887=FILL_AREA_STYLE_COLOUR('',#3971);
#3888=FILL_AREA_STYLE_COLOUR('',#3971);
#3889=FILL_AREA_STYLE_COLOUR('',#3971);
#3890=FILL_AREA_STYLE_COLOUR('',#3971);
#3891=FILL_AREA_STYLE_COLOUR('',#3971);
#3892=FILL_AREA_STYLE_COLOUR('',#3971);
#3893=FILL_AREA_STYLE_COLOUR('',#3971);
#3894=FILL_AREA_STYLE_COLOUR('',#3971);
#3895=FILL_AREA_STYLE_COLOUR('',#3971);
#3896=FILL_AREA_STYLE_COLOUR('',#3971);
#3897=FILL_AREA_STYLE_COLOUR('',#3971);
#3898=FILL_AREA_STYLE_COLOUR('',#3971);
#3899=FILL_AREA_STYLE_COLOUR('',#3971);
#3900=FILL_AREA_STYLE_COLOUR('',#3971);
#3901=FILL_AREA_STYLE_COLOUR('',#3971);
#3902=FILL_AREA_STYLE_COLOUR('',#3971);
#3903=FILL_AREA_STYLE_COLOUR('',#3971);
#3904=FILL_AREA_STYLE_COLOUR('',#3971);
#3905=FILL_AREA_STYLE_COLOUR('',#3971);
#3906=FILL_AREA_STYLE_COLOUR('',#3971);
#3907=FILL_AREA_STYLE_COLOUR('',#3971);
#3908=FILL_AREA_STYLE_COLOUR('',#3971);
#3909=FILL_AREA_STYLE_COLOUR('',#3971);
#3910=FILL_AREA_STYLE_COLOUR('',#3971);
#3911=FILL_AREA_STYLE_COLOUR('',#3971);
#3912=FILL_AREA_STYLE_COLOUR('',#3971);
#3913=FILL_AREA_STYLE_COLOUR('',#3971);
#3914=FILL_AREA_STYLE_COLOUR('',#3971);
#3915=FILL_AREA_STYLE_COLOUR('',#3971);
#3916=FILL_AREA_STYLE_COLOUR('',#3971);
#3917=FILL_AREA_STYLE_COLOUR('',#3971);
#3918=FILL_AREA_STYLE_COLOUR('',#3971);
#3919=FILL_AREA_STYLE_COLOUR('',#3971);
#3920=FILL_AREA_STYLE_COLOUR('',#3971);
#3921=FILL_AREA_STYLE_COLOUR('',#3972);
#3922=FILL_AREA_STYLE_COLOUR('',#3971);
#3923=FILL_AREA_STYLE_COLOUR('',#3971);
#3924=FILL_AREA_STYLE_COLOUR('',#3971);
#3925=FILL_AREA_STYLE_COLOUR('',#3972);
#3926=FILL_AREA_STYLE_COLOUR('',#3972);
#3927=FILL_AREA_STYLE_COLOUR('',#3972);
#3928=FILL_AREA_STYLE_COLOUR('',#3972);
#3929=FILL_AREA_STYLE_COLOUR('',#3972);
#3930=FILL_AREA_STYLE_COLOUR('',#3972);
#3931=FILL_AREA_STYLE_COLOUR('',#3972);
#3932=FILL_AREA_STYLE_COLOUR('',#3971);
#3933=FILL_AREA_STYLE_COLOUR('',#3971);
#3934=FILL_AREA_STYLE_COLOUR('',#3971);
#3935=FILL_AREA_STYLE_COLOUR('',#3972);
#3936=FILL_AREA_STYLE_COLOUR('',#3971);
#3937=FILL_AREA_STYLE_COLOUR('',#3971);
#3938=FILL_AREA_STYLE_COLOUR('',#3971);
#3939=FILL_AREA_STYLE_COLOUR('',#3971);
#3940=FILL_AREA_STYLE_COLOUR('',#3971);
#3941=FILL_AREA_STYLE_COLOUR('',#3971);
#3942=FILL_AREA_STYLE_COLOUR('',#3972);
#3943=FILL_AREA_STYLE_COLOUR('',#3971);
#3944=FILL_AREA_STYLE_COLOUR('',#3972);
#3945=FILL_AREA_STYLE_COLOUR('',#3972);
#3946=FILL_AREA_STYLE_COLOUR('',#3972);
#3947=FILL_AREA_STYLE_COLOUR('',#3972);
#3948=FILL_AREA_STYLE_COLOUR('',#3972);
#3949=FILL_AREA_STYLE_COLOUR('',#3972);
#3950=FILL_AREA_STYLE_COLOUR('',#3972);
#3951=FILL_AREA_STYLE_COLOUR('',#3971);
#3952=FILL_AREA_STYLE_COLOUR('',#3971);
#3953=FILL_AREA_STYLE_COLOUR('',#3971);
#3954=FILL_AREA_STYLE_COLOUR('',#3972);
#3955=FILL_AREA_STYLE_COLOUR('',#3972);
#3956=FILL_AREA_STYLE_COLOUR('',#3971);
#3957=FILL_AREA_STYLE_COLOUR('',#3971);
#3958=FILL_AREA_STYLE_COLOUR('',#3971);
#3959=FILL_AREA_STYLE_COLOUR('',#3971);
#3960=FILL_AREA_STYLE_COLOUR('',#3971);
#3961=FILL_AREA_STYLE_COLOUR('',#3971);
#3962=FILL_AREA_STYLE_COLOUR('',#3971);
#3963=FILL_AREA_STYLE_COLOUR('',#3971);
#3964=FILL_AREA_STYLE_COLOUR('',#3971);
#3965=FILL_AREA_STYLE_COLOUR('',#3971);
#3966=FILL_AREA_STYLE_COLOUR('',#3971);
#3967=FILL_AREA_STYLE_COLOUR('',#3971);
#3968=FILL_AREA_STYLE_COLOUR('',#3971);
#3969=FILL_AREA_STYLE_COLOUR('',#3971);
#3970=FILL_AREA_STYLE_COLOUR('',#3971);
#3971=COLOUR_RGB('',0.699999988079071,0.699999988079071,0.699999988079071);
#3972=COLOUR_RGB('',0.200000002980232,0.200000002980232,0.200000002980232);
#3973=ADVANCED_FACE('',(#2591),#2757,.T.);
#3974=ADVANCED_FACE('',(#2592),#2758,.F.);
#3975=ADVANCED_FACE('',(#2593),#2759,.F.);
#3976=ADVANCED_FACE('',(#2594),#2760,.F.);
#3977=ADVANCED_FACE('',(#2595),#2761,.F.);
#3978=ADVANCED_FACE('',(#2596),#2762,.F.);
#3979=ADVANCED_FACE('',(#2597),#2763,.F.);
#3980=ADVANCED_FACE('',(#2598),#2764,.F.);
#3981=ADVANCED_FACE('',(#2599),#2765,.F.);
#3982=ADVANCED_FACE('',(#2600,#2601),#77,.T.);
#3983=ADVANCED_FACE('',(#2602,#2603),#38,.T.);
#3984=ADVANCED_FACE('',(#2604),#39,.T.);
#3985=ADVANCED_FACE('',(#2605),#2766,.F.);
#3986=ADVANCED_FACE('',(#2606),#40,.T.);
#3987=ADVANCED_FACE('',(#2607),#2767,.F.);
#3988=ADVANCED_FACE('',(#2608),#41,.T.);
#3989=ADVANCED_FACE('',(#2609),#2768,.F.);
#3990=ADVANCED_FACE('',(#2610),#42,.T.);
#3991=ADVANCED_FACE('',(#2611),#2769,.F.);
#3992=ADVANCED_FACE('',(#2612),#43,.T.);
#3993=ADVANCED_FACE('',(#2613),#44,.T.);
#3994=ADVANCED_FACE('',(#2614),#2770,.F.);
#3995=ADVANCED_FACE('',(#2615),#45,.T.);
#3996=ADVANCED_FACE('',(#2616),#2771,.F.);
#3997=ADVANCED_FACE('',(#2617),#2772,.F.);
#3998=ADVANCED_FACE('',(#2618),#46,.T.);
#3999=ADVANCED_FACE('',(#2619),#2773,.F.);
#4000=ADVANCED_FACE('',(#2620),#47,.T.);
#4001=ADVANCED_FACE('',(#2621),#48,.T.);
#4002=ADVANCED_FACE('',(#2622),#2774,.F.);
#4003=ADVANCED_FACE('',(#2623),#2775,.F.);
#4004=ADVANCED_FACE('',(#2624),#49,.T.);
#4005=ADVANCED_FACE('',(#2625),#50,.T.);
#4006=ADVANCED_FACE('',(#2626),#2776,.F.);
#4007=ADVANCED_FACE('',(#2627),#2777,.T.);
#4008=ADVANCED_FACE('',(#2628,#2629),#2778,.F.);
#4009=ADVANCED_FACE('',(#2630),#51,.T.);
#4010=ADVANCED_FACE('',(#2631),#2779,.T.);
#4011=ADVANCED_FACE('',(#2632),#2780,.T.);
#4012=ADVANCED_FACE('',(#2633),#2781,.T.);
#4013=ADVANCED_FACE('',(#2634),#2782,.F.);
#4014=ADVANCED_FACE('',(#2635),#2783,.T.);
#4015=ADVANCED_FACE('',(#2636),#2784,.F.);
#4016=ADVANCED_FACE('',(#2637),#2785,.T.);
#4017=ADVANCED_FACE('',(#2638),#2786,.T.);
#4018=ADVANCED_FACE('',(#2639),#52,.T.);
#4019=ADVANCED_FACE('',(#2640),#2787,.T.);
#4020=ADVANCED_FACE('',(#2641),#53,.T.);
#4021=ADVANCED_FACE('',(#2642),#2788,.T.);
#4022=ADVANCED_FACE('',(#2643),#54,.T.);
#4023=ADVANCED_FACE('',(#2644),#2789,.T.);
#4024=ADVANCED_FACE('',(#2645),#2790,.T.);
#4025=ADVANCED_FACE('',(#2646),#2791,.F.);
#4026=ADVANCED_FACE('',(#2647),#2792,.F.);
#4027=ADVANCED_FACE('',(#2648),#2793,.F.);
#4028=ADVANCED_FACE('',(#2649),#2794,.F.);
#4029=ADVANCED_FACE('',(#2650),#2795,.F.);
#4030=ADVANCED_FACE('',(#2651),#2796,.F.);
#4031=ADVANCED_FACE('',(#2652),#2797,.F.);
#4032=ADVANCED_FACE('',(#2653),#2798,.F.);
#4033=ADVANCED_FACE('',(#2654),#55,.T.);
#4034=ADVANCED_FACE('',(#2655),#2799,.T.);
#4035=ADVANCED_FACE('',(#2656),#56,.T.);
#4036=ADVANCED_FACE('',(#2657),#2800,.F.);
#4037=ADVANCED_FACE('',(#2658),#57,.T.);
#4038=ADVANCED_FACE('',(#2659),#2801,.T.);
#4039=ADVANCED_FACE('',(#2660),#58,.T.);
#4040=ADVANCED_FACE('',(#2661),#2802,.F.);
#4041=ADVANCED_FACE('',(#2662),#2803,.F.);
#4042=ADVANCED_FACE('',(#2663),#2804,.T.);
#4043=ADVANCED_FACE('',(#2664,#2665),#20,.T.);
#4044=ADVANCED_FACE('',(#2666,#2667),#21,.T.);
#4045=ADVANCED_FACE('',(#2668,#2669),#59,.F.);
#4046=ADVANCED_FACE('',(#2670),#60,.T.);
#4047=ADVANCED_FACE('',(#2671),#2805,.T.);
#4048=ADVANCED_FACE('',(#2672),#61,.T.);
#4049=ADVANCED_FACE('',(#2673),#62,.F.);
#4050=ADVANCED_FACE('',(#2674),#2806,.T.);
#4051=ADVANCED_FACE('',(#2675),#2807,.T.);
#4052=ADVANCED_FACE('',(#2676),#2808,.T.);
#4053=ADVANCED_FACE('',(#2677),#2809,.T.);
#4054=ADVANCED_FACE('',(#2678),#2810,.T.);
#4055=ADVANCED_FACE('',(#2679),#2811,.T.);
#4056=ADVANCED_FACE('',(#2680),#2812,.T.);
#4057=ADVANCED_FACE('',(#2681),#2813,.T.);
#4058=ADVANCED_FACE('',(#2682),#2814,.F.);
#4059=ADVANCED_FACE('',(#2683),#2815,.T.);
#4060=ADVANCED_FACE('',(#2684,#2685,#2686,#2687),#2816,.F.);
#4061=ADVANCED_FACE('',(#2688),#2817,.T.);
#4062=ADVANCED_FACE('',(#2689),#63,.F.);
#4063=ADVANCED_FACE('',(#2690),#2818,.T.);
#4064=ADVANCED_FACE('',(#2691),#2819,.T.);
#4065=ADVANCED_FACE('',(#2692),#2820,.T.);
#4066=ADVANCED_FACE('',(#2693),#2821,.F.);
#4067=ADVANCED_FACE('',(#2694),#2822,.F.);
#4068=ADVANCED_FACE('',(#2695),#2823,.F.);
#4069=ADVANCED_FACE('',(#2696),#2824,.F.);
#4070=ADVANCED_FACE('',(#2697),#2825,.F.);
#4071=ADVANCED_FACE('',(#2698),#2826,.F.);
#4072=ADVANCED_FACE('',(#2699),#2827,.F.);
#4073=ADVANCED_FACE('',(#2700),#2828,.F.);
#4074=ADVANCED_FACE('',(#2701),#2829,.F.);
#4075=ADVANCED_FACE('',(#2702),#2830,.F.);
#4076=ADVANCED_FACE('',(#2703),#2831,.F.);
#4077=ADVANCED_FACE('',(#2704),#2832,.T.);
#4078=ADVANCED_FACE('',(#2705),#2833,.T.);
#4079=ADVANCED_FACE('',(#2706),#2834,.T.);
#4080=ADVANCED_FACE('',(#2707),#2835,.F.);
#4081=ADVANCED_FACE('',(#2708),#64,.F.);
#4082=ADVANCED_FACE('',(#2709),#65,.F.);
#4083=ADVANCED_FACE('',(#2710),#66,.F.);
#4084=ADVANCED_FACE('',(#2711),#2836,.F.);
#4085=ADVANCED_FACE('',(#2712),#2837,.T.);
#4086=ADVANCED_FACE('',(#2713),#2838,.F.);
#4087=ADVANCED_FACE('',(#2714),#2839,.F.);
#4088=ADVANCED_FACE('',(#2715),#2840,.F.);
#4089=ADVANCED_FACE('',(#2716),#2841,.F.);
#4090=ADVANCED_FACE('',(#2717),#2842,.F.);
#4091=ADVANCED_FACE('',(#2718),#67,.F.);
#4092=ADVANCED_FACE('',(#2719),#68,.F.);
#4093=ADVANCED_FACE('',(#2720),#69,.F.);
#4094=ADVANCED_FACE('',(#2721),#2843,.F.);
#4095=ADVANCED_FACE('',(#2722),#2844,.F.);
#4096=ADVANCED_FACE('',(#2723),#2845,.F.);
#4097=ADVANCED_FACE('',(#2724),#2846,.F.);
#4098=ADVANCED_FACE('',(#2725),#2847,.F.);
#4099=ADVANCED_FACE('',(#2726),#2848,.F.);
#4100=ADVANCED_FACE('',(#2727),#2849,.T.);
#4101=ADVANCED_FACE('',(#2728),#2850,.F.);
#4102=ADVANCED_FACE('',(#2729),#2851,.T.);
#4103=ADVANCED_FACE('',(#2730),#2852,.F.);
#4104=ADVANCED_FACE('',(#2731),#2853,.F.);
#4105=ADVANCED_FACE('',(#2732),#2854,.F.);
#4106=ADVANCED_FACE('',(#2733),#2855,.T.);
#4107=ADVANCED_FACE('',(#2734),#2856,.F.);
#4108=ADVANCED_FACE('',(#2735),#2857,.T.);
#4109=ADVANCED_FACE('',(#2736),#2858,.F.);
#4110=ADVANCED_FACE('',(#2737),#2859,.F.);
#4111=ADVANCED_FACE('',(#2738),#2860,.F.);
#4112=ADVANCED_FACE('',(#2739),#2861,.T.);
#4113=ADVANCED_FACE('',(#2740),#2862,.T.);
#4114=ADVANCED_FACE('',(#2741),#2863,.T.);
#4115=ADVANCED_FACE('',(#2742),#2864,.F.);
#4116=ADVANCED_FACE('',(#2743),#2865,.F.);
#4117=ADVANCED_FACE('',(#2744),#2866,.F.);
#4118=ADVANCED_FACE('',(#2745),#2867,.F.);
#4119=ADVANCED_FACE('',(#2746),#2868,.F.);
#4120=ADVANCED_FACE('',(#2747),#2869,.F.);
#4121=ADVANCED_FACE('',(#2748),#2870,.F.);
#4122=ADVANCED_FACE('',(#2749),#2871,.T.);
#4123=ADVANCED_FACE('',(#2750),#70,.T.);
#4124=ADVANCED_FACE('',(#2751),#71,.T.);
#4125=ADVANCED_FACE('',(#2752),#72,.T.);
#4126=ADVANCED_FACE('',(#2753),#73,.F.);
#4127=ADVANCED_FACE('',(#2754),#74,.F.);
#4128=ADVANCED_FACE('',(#2755),#75,.F.);
#4129=ADVANCED_FACE('',(#2756),#76,.F.);
#4130=CLOSED_SHELL('',(#3973,#3974,#3975,#3976,#3977,#3978,#3979,#3980,
#3981,#3982,#3983,#3984,#3985,#3986,#3987,#3988,#3989,#3990,#3991,#3992,
#3993,#3994,#3995,#3996,#3997,#3998,#3999,#4000,#4001,#4002,#4003,#4004,
#4005,#4006,#4007,#4008,#4009,#4010,#4011,#4012,#4013,#4014,#4015,#4016,
#4017,#4018,#4019,#4020,#4021,#4022,#4023,#4024,#4025,#4026,#4027,#4028,
#4029,#4030,#4031,#4032,#4033,#4034,#4035,#4036,#4037,#4038,#4039,#4040,
#4041,#4042,#4043,#4044,#4045,#4046,#4047,#4048,#4049,#4050,#4051,#4052,
#4053,#4054,#4055,#4056,#4057,#4058,#4059,#4060,#4061,#4062,#4063,#4064,
#4065,#4066,#4067,#4068,#4069,#4070,#4071,#4072,#4073,#4074,#4075,#4076,
#4077,#4078,#4079,#4080,#4081,#4082,#4083,#4084,#4085,#4086,#4087,#4088,
#4089,#4090,#4091,#4092,#4093,#4094,#4095,#4096,#4097,#4098,#4099,#4100,
#4101,#4102,#4103,#4104,#4105,#4106,#4107,#4108,#4109,#4110,#4111,#4112,
#4113,#4114,#4115,#4116,#4117,#4118,#4119,#4120,#4121,#4122,#4123,#4124,
#4125,#4126,#4127,#4128,#4129));
#4131=MANIFOLD_SOLID_BREP('',#4130);
#4132=SHAPE_DEFINITION_REPRESENTATION(#6103,#4133);
#4133=SHAPE_REPRESENTATION('TS41-4539-35-WT-160-SMT-TR',(#4134),#6098);
#4134=AXIS2_PLACEMENT_3D('',#5195,#4373,#4374);
#4135=AXIS2_PLACEMENT_3D('',#5196,#4375,#4376);
#4136=AXIS2_PLACEMENT_3D('',#5202,#4379,#4380);
#4137=AXIS2_PLACEMENT_3D('',#5215,#4387,#4388);
#4138=AXIS2_PLACEMENT_3D('',#5219,#4390,#4391);
#4139=AXIS2_PLACEMENT_3D('',#5234,#4399,#4400);
#4140=AXIS2_PLACEMENT_3D('',#5237,#4403,#4404);
#4141=AXIS2_PLACEMENT_3D('',#5239,#4406,#4407);
#4142=AXIS2_PLACEMENT_3D('',#5242,#4410,#4411);
#4143=AXIS2_PLACEMENT_3D('',#5244,#4413,#4414);
#4144=AXIS2_PLACEMENT_3D('',#5246,#4416,#4417);
#4145=AXIS2_PLACEMENT_3D('',#5247,#4418,#4419);
#4146=AXIS2_PLACEMENT_3D('',#5248,#4420,#4421);
#4147=AXIS2_PLACEMENT_3D('',#5250,#4422,#4423);
#4148=AXIS2_PLACEMENT_3D('',#5251,#4424,#4425);
#4149=AXIS2_PLACEMENT_3D('',#5253,#4426,#4427);
#4150=AXIS2_PLACEMENT_3D('',#5254,#4428,#4429);
#4151=AXIS2_PLACEMENT_3D('',#5256,#4430,#4431);
#4152=AXIS2_PLACEMENT_3D('',#5257,#4432,#4433);
#4153=AXIS2_PLACEMENT_3D('',#5262,#4435,#4436);
#4154=AXIS2_PLACEMENT_3D('',#5265,#4438,#4439);
#4155=AXIS2_PLACEMENT_3D('',#5271,#4443,#4444);
#4156=AXIS2_PLACEMENT_3D('',#5272,#4445,#4446);
#4157=AXIS2_PLACEMENT_3D('',#5276,#4448,#4449);
#4158=AXIS2_PLACEMENT_3D('',#5277,#4450,#4451);
#4159=AXIS2_PLACEMENT_3D('',#5284,#4455,#4456);
#4160=AXIS2_PLACEMENT_3D('',#5285,#4457,#4458);
#4161=AXIS2_PLACEMENT_3D('',#5286,#4459,#4460);
#4162=AXIS2_PLACEMENT_3D('',#5291,#4462,#4463);
#4163=AXIS2_PLACEMENT_3D('',#5294,#4465,#4466);
#4164=AXIS2_PLACEMENT_3D('',#5300,#4470,#4471);
#4165=AXIS2_PLACEMENT_3D('',#5308,#4473,#4474);
#4166=AXIS2_PLACEMENT_3D('',#5309,#4475,#4476);
#4167=AXIS2_PLACEMENT_3D('',#5313,#4479,#4480);
#4168=AXIS2_PLACEMENT_3D('',#5324,#4483,#4484);
#4169=AXIS2_PLACEMENT_3D('',#5325,#4485,#4486);
#4170=AXIS2_PLACEMENT_3D('',#5326,#4487,#4488);
#4171=AXIS2_PLACEMENT_3D('',#5328,#4489,#4490);
#4172=AXIS2_PLACEMENT_3D('',#5331,#4492,#4493);
#4173=AXIS2_PLACEMENT_3D('',#5335,#4496,#4497);
#4174=AXIS2_PLACEMENT_3D('',#5336,#4498,#4499);
#4175=AXIS2_PLACEMENT_3D('',#5337,#4500,#4501);
#4176=AXIS2_PLACEMENT_3D('',#5342,#4503,#4504);
#4177=AXIS2_PLACEMENT_3D('',#5345,#4506,#4507);
#4178=AXIS2_PLACEMENT_3D('',#5351,#4511,#4512);
#4179=AXIS2_PLACEMENT_3D('',#5355,#4514,#4515);
#4180=AXIS2_PLACEMENT_3D('',#5359,#4517,#4518);
#4181=AXIS2_PLACEMENT_3D('',#5363,#4520,#4521);
#4182=AXIS2_PLACEMENT_3D('',#5366,#4523,#4524);
#4183=AXIS2_PLACEMENT_3D('',#5367,#4525,#4526);
#4184=AXIS2_PLACEMENT_3D('',#5371,#4528,#4529);
#4185=AXIS2_PLACEMENT_3D('',#5372,#4530,#4531);
#4186=AXIS2_PLACEMENT_3D('',#5377,#4534,#4535);
#4187=AXIS2_PLACEMENT_3D('',#5380,#4537,#4538);
#4188=AXIS2_PLACEMENT_3D('',#5383,#4540,#4541);
#4189=AXIS2_PLACEMENT_3D('',#5386,#4543,#4544);
#4190=AXIS2_PLACEMENT_3D('',#5389,#4546,#4547);
#4191=AXIS2_PLACEMENT_3D('',#5392,#4549,#4550);
#4192=AXIS2_PLACEMENT_3D('',#5394,#4552,#4553);
#4193=AXIS2_PLACEMENT_3D('',#5398,#4556,#4557);
#4194=AXIS2_PLACEMENT_3D('',#5406,#4559,#4560);
#4195=AXIS2_PLACEMENT_3D('',#5407,#4561,#4562);
#4196=AXIS2_PLACEMENT_3D('',#5415,#4564,#4565);
#4197=AXIS2_PLACEMENT_3D('',#5416,#4566,#4567);
#4198=AXIS2_PLACEMENT_3D('',#5417,#4568,#4569);
#4199=AXIS2_PLACEMENT_3D('',#5419,#4570,#4571);
#4200=AXIS2_PLACEMENT_3D('',#5420,#4572,#4573);
#4201=AXIS2_PLACEMENT_3D('',#5422,#4574,#4575);
#4202=AXIS2_PLACEMENT_3D('',#5423,#4576,#4577);
#4203=AXIS2_PLACEMENT_3D('',#5425,#4578,#4579);
#4204=AXIS2_PLACEMENT_3D('',#5426,#4580,#4581);
#4205=AXIS2_PLACEMENT_3D('',#5431,#4583,#4584);
#4206=AXIS2_PLACEMENT_3D('',#5434,#4586,#4587);
#4207=AXIS2_PLACEMENT_3D('',#5440,#4591,#4592);
#4208=AXIS2_PLACEMENT_3D('',#5446,#4596,#4597);
#4209=AXIS2_PLACEMENT_3D('',#5452,#4601,#4602);
#4210=AXIS2_PLACEMENT_3D('',#5453,#4603,#4604);
#4211=AXIS2_PLACEMENT_3D('',#5457,#4607,#4608);
#4212=AXIS2_PLACEMENT_3D('',#5462,#4612,#4613);
#4213=AXIS2_PLACEMENT_3D('',#5465,#4615,#4616);
#4214=AXIS2_PLACEMENT_3D('',#5468,#4618,#4619);
#4215=AXIS2_PLACEMENT_3D('',#5477,#4624,#4625);
#4216=AXIS2_PLACEMENT_3D('',#5483,#4629,#4630);
#4217=AXIS2_PLACEMENT_3D('',#5484,#4631,#4632);
#4218=AXIS2_PLACEMENT_3D('',#5486,#4633,#4634);
#4219=AXIS2_PLACEMENT_3D('',#5489,#4636,#4637);
#4220=AXIS2_PLACEMENT_3D('',#5495,#4641,#4642);
#4221=AXIS2_PLACEMENT_3D('',#5496,#4643,#4644);
#4222=AXIS2_PLACEMENT_3D('',#5498,#4645,#4646);
#4223=AXIS2_PLACEMENT_3D('',#5501,#4648,#4649);
#4224=AXIS2_PLACEMENT_3D('',#5507,#4653,#4654);
#4225=AXIS2_PLACEMENT_3D('',#5508,#4655,#4656);
#4226=AXIS2_PLACEMENT_3D('',#5510,#4657,#4658);
#4227=AXIS2_PLACEMENT_3D('',#5513,#4660,#4661);
#4228=AXIS2_PLACEMENT_3D('',#5516,#4664,#4665);
#4229=AXIS2_PLACEMENT_3D('',#5517,#4666,#4667);
#4230=AXIS2_PLACEMENT_3D('',#5518,#4668,#4669);
#4231=AXIS2_PLACEMENT_3D('',#5525,#4673,#4674);
#4232=AXIS2_PLACEMENT_3D('',#5527,#4676,#4677);
#4233=AXIS2_PLACEMENT_3D('',#5531,#4680,#4681);
#4234=AXIS2_PLACEMENT_3D('',#5534,#4683,#4684);
#4235=AXIS2_PLACEMENT_3D('',#5537,#4686,#4687);
#4236=AXIS2_PLACEMENT_3D('',#5542,#4691,#4692);
#4237=AXIS2_PLACEMENT_3D('',#5545,#4694,#4695);
#4238=AXIS2_PLACEMENT_3D('',#5546,#4696,#4697);
#4239=AXIS2_PLACEMENT_3D('',#5554,#4702,#4703);
#4240=AXIS2_PLACEMENT_3D('',#5560,#4707,#4708);
#4241=AXIS2_PLACEMENT_3D('',#5566,#4712,#4713);
#4242=AXIS2_PLACEMENT_3D('',#5567,#4714,#4715);
#4243=AXIS2_PLACEMENT_3D('',#5571,#4717,#4718);
#4244=AXIS2_PLACEMENT_3D('',#5572,#4719,#4720);
#4245=AXIS2_PLACEMENT_3D('',#5578,#4724,#4725);
#4246=AXIS2_PLACEMENT_3D('',#5579,#4726,#4727);
#4247=AXIS2_PLACEMENT_3D('',#5583,#4729,#4730);
#4248=AXIS2_PLACEMENT_3D('',#5584,#4731,#4732);
#4249=AXIS2_PLACEMENT_3D('',#5590,#4736,#4737);
#4250=AXIS2_PLACEMENT_3D('',#5591,#4738,#4739);
#4251=AXIS2_PLACEMENT_3D('',#5595,#4741,#4742);
#4252=AXIS2_PLACEMENT_3D('',#5596,#4743,#4744);
#4253=AXIS2_PLACEMENT_3D('',#5602,#4748,#4749);
#4254=AXIS2_PLACEMENT_3D('',#5603,#4750,#4751);
#4255=AXIS2_PLACEMENT_3D('',#5607,#4753,#4754);
#4256=AXIS2_PLACEMENT_3D('',#5608,#4755,#4756);
#4257=AXIS2_PLACEMENT_3D('',#5614,#4760,#4761);
#4258=AXIS2_PLACEMENT_3D('',#5620,#4765,#4766);
#4259=AXIS2_PLACEMENT_3D('',#5627,#4770,#4771);
#4260=AXIS2_PLACEMENT_3D('',#5628,#4772,#4773);
#4261=AXIS2_PLACEMENT_3D('',#5629,#4774,#4775);
#4262=AXIS2_PLACEMENT_3D('',#5630,#4776,#4777);
#4263=AXIS2_PLACEMENT_3D('',#5632,#4778,#4779);
#4264=AXIS2_PLACEMENT_3D('',#5633,#4780,#4781);
#4265=AXIS2_PLACEMENT_3D('',#5635,#4782,#4783);
#4266=AXIS2_PLACEMENT_3D('',#5636,#4784,#4785);
#4267=AXIS2_PLACEMENT_3D('',#5638,#4786,#4787);
#4268=AXIS2_PLACEMENT_3D('',#5639,#4788,#4789);
#4269=AXIS2_PLACEMENT_3D('',#5643,#4791,#4792);
#4270=AXIS2_PLACEMENT_3D('',#5644,#4793,#4794);
#4271=AXIS2_PLACEMENT_3D('',#5653,#4799,#4800);
#4272=AXIS2_PLACEMENT_3D('',#5654,#4801,#4802);
#4273=AXIS2_PLACEMENT_3D('',#5658,#4804,#4805);
#4274=AXIS2_PLACEMENT_3D('',#5659,#4806,#4807);
#4275=AXIS2_PLACEMENT_3D('',#5660,#4808,#4809);
#4276=AXIS2_PLACEMENT_3D('',#5665,#4811,#4812);
#4277=AXIS2_PLACEMENT_3D('',#5668,#4814,#4815);
#4278=AXIS2_PLACEMENT_3D('',#5674,#4819,#4820);
#4279=AXIS2_PLACEMENT_3D('',#5679,#4823,#4824);
#4280=AXIS2_PLACEMENT_3D('',#5682,#4826,#4827);
#4281=AXIS2_PLACEMENT_3D('',#5686,#4830,#4831);
#4282=AXIS2_PLACEMENT_3D('',#5689,#4834,#4835);
#4283=AXIS2_PLACEMENT_3D('',#5697,#4840,#4841);
#4284=AXIS2_PLACEMENT_3D('',#5701,#4844,#4845);
#4285=AXIS2_PLACEMENT_3D('',#5707,#4849,#4850);
#4286=AXIS2_PLACEMENT_3D('',#5712,#4854,#4855);
#4287=AXIS2_PLACEMENT_3D('',#5716,#4858,#4859);
#4288=AXIS2_PLACEMENT_3D('',#5719,#4861,#4862);
#4289=AXIS2_PLACEMENT_3D('',#5722,#4864,#4865);
#4290=AXIS2_PLACEMENT_3D('',#5723,#4866,#4867);
#4291=AXIS2_PLACEMENT_3D('',#5724,#4868,#4869);
#4292=AXIS2_PLACEMENT_3D('',#5725,#4870,#4871);
#4293=AXIS2_PLACEMENT_3D('',#5729,#4873,#4874);
#4294=AXIS2_PLACEMENT_3D('',#5764,#4892,#4893);
#4295=AXIS2_PLACEMENT_3D('',#5765,#4894,#4895);
#4296=AXIS2_PLACEMENT_3D('',#5771,#4899,#4900);
#4297=AXIS2_PLACEMENT_3D('',#5772,#4901,#4902);
#4298=AXIS2_PLACEMENT_3D('',#5775,#4904,#4905);
#4299=AXIS2_PLACEMENT_3D('',#5781,#4909,#4910);
#4300=AXIS2_PLACEMENT_3D('',#5785,#4913,#4914);
#4301=AXIS2_PLACEMENT_3D('',#5789,#4917,#4918);
#4302=AXIS2_PLACEMENT_3D('',#5795,#4922,#4923);
#4303=AXIS2_PLACEMENT_3D('',#5799,#4926,#4927);
#4304=AXIS2_PLACEMENT_3D('',#5803,#4930,#4931);
#4305=AXIS2_PLACEMENT_3D('',#5807,#4934,#4935);
#4306=AXIS2_PLACEMENT_3D('',#5811,#4938,#4939);
#4307=AXIS2_PLACEMENT_3D('',#5815,#4942,#4943);
#4308=AXIS2_PLACEMENT_3D('',#5819,#4946,#4947);
#4309=AXIS2_PLACEMENT_3D('',#5823,#4950,#4951);
#4310=AXIS2_PLACEMENT_3D('',#5827,#4954,#4955);
#4311=AXIS2_PLACEMENT_3D('',#5831,#4958,#4959);
#4312=AXIS2_PLACEMENT_3D('',#5837,#4963,#4964);
#4313=AXIS2_PLACEMENT_3D('',#5841,#4967,#4968);
#4314=AXIS2_PLACEMENT_3D('',#5845,#4971,#4972);
#4315=AXIS2_PLACEMENT_3D('',#5849,#4975,#4976);
#4316=AXIS2_PLACEMENT_3D('',#5852,#4978,#4979);
#4317=AXIS2_PLACEMENT_3D('',#5853,#4980,#4981);
#4318=AXIS2_PLACEMENT_3D('',#5860,#4983,#4984);
#4319=AXIS2_PLACEMENT_3D('',#5867,#4986,#4987);
#4320=AXIS2_PLACEMENT_3D('',#5870,#4989,#4990);
#4321=AXIS2_PLACEMENT_3D('',#5871,#4991,#4992);
#4322=AXIS2_PLACEMENT_3D('',#5875,#4995,#4996);
#4323=AXIS2_PLACEMENT_3D('',#5882,#5000,#5001);
#4324=AXIS2_PLACEMENT_3D('',#5888,#5005,#5006);
#4325=AXIS2_PLACEMENT_3D('',#5897,#5011,#5012);
#4326=AXIS2_PLACEMENT_3D('',#5901,#5015,#5016);
#4327=AXIS2_PLACEMENT_3D('',#5907,#5021,#5022);
#4328=AXIS2_PLACEMENT_3D('',#5910,#5024,#5025);
#4329=AXIS2_PLACEMENT_3D('',#5911,#5026,#5027);
#4330=AXIS2_PLACEMENT_3D('',#5918,#5029,#5030);
#4331=AXIS2_PLACEMENT_3D('',#5925,#5032,#5033);
#4332=AXIS2_PLACEMENT_3D('',#5928,#5035,#5036);
#4333=AXIS2_PLACEMENT_3D('',#5929,#5037,#5038);
#4334=AXIS2_PLACEMENT_3D('',#5931,#5040,#5041);
#4335=AXIS2_PLACEMENT_3D('',#5940,#5046,#5047);
#4336=AXIS2_PLACEMENT_3D('',#5946,#5051,#5052);
#4337=AXIS2_PLACEMENT_3D('',#5952,#5056,#5057);
#4338=AXIS2_PLACEMENT_3D('',#5958,#5061,#5062);
#4339=AXIS2_PLACEMENT_3D('',#5964,#5066,#5067);
#4340=AXIS2_PLACEMENT_3D('',#5968,#5070,#5071);
#4341=AXIS2_PLACEMENT_3D('',#5970,#5073,#5074);
#4342=AXIS2_PLACEMENT_3D('',#5974,#5077,#5078);
#4343=AXIS2_PLACEMENT_3D('',#5984,#5084,#5085);
#4344=AXIS2_PLACEMENT_3D('',#5988,#5088,#5089);
#4345=AXIS2_PLACEMENT_3D('',#5992,#5092,#5093);
#4346=AXIS2_PLACEMENT_3D('',#5998,#5097,#5098);
#4347=AXIS2_PLACEMENT_3D('',#6004,#5102,#5103);
#4348=AXIS2_PLACEMENT_3D('',#6008,#5106,#5107);
#4349=AXIS2_PLACEMENT_3D('',#6012,#5110,#5111);
#4350=AXIS2_PLACEMENT_3D('',#6013,#5112,#5113);
#4351=AXIS2_PLACEMENT_3D('',#6020,#5117,#5118);
#4352=AXIS2_PLACEMENT_3D('',#6024,#5121,#5122);
#4353=AXIS2_PLACEMENT_3D('',#6029,#5125,#5126);
#4354=AXIS2_PLACEMENT_3D('',#6030,#5127,#5128);
#4355=AXIS2_PLACEMENT_3D('',#6044,#5138,#5139);
#4356=AXIS2_PLACEMENT_3D('',#6050,#5143,#5144);
#4357=AXIS2_PLACEMENT_3D('',#6056,#5148,#5149);
#4358=AXIS2_PLACEMENT_3D('',#6065,#5154,#5155);
#4359=AXIS2_PLACEMENT_3D('',#6071,#5159,#5160);
#4360=AXIS2_PLACEMENT_3D('',#6077,#5164,#5165);
#4361=AXIS2_PLACEMENT_3D('',#6083,#5169,#5170);
#4362=AXIS2_PLACEMENT_3D('',#6086,#5173,#5174);
#4363=AXIS2_PLACEMENT_3D('',#6087,#5175,#5176);
#4364=AXIS2_PLACEMENT_3D('',#6088,#5177,#5178);
#4365=AXIS2_PLACEMENT_3D('',#6089,#5179,#5180);
#4366=AXIS2_PLACEMENT_3D('',#6090,#5181,#5182);
#4367=AXIS2_PLACEMENT_3D('',#6091,#5183,#5184);
#4368=AXIS2_PLACEMENT_3D('',#6092,#5185,#5186);
#4369=AXIS2_PLACEMENT_3D('',#6093,#5187,#5188);
#4370=AXIS2_PLACEMENT_3D('',#6094,#5189,#5190);
#4371=AXIS2_PLACEMENT_3D('',#6095,#5191,#5192);
#4372=AXIS2_PLACEMENT_3D('',#6096,#5193,#5194);
#4373=DIRECTION('',(0.,0.,1.));
#4374=DIRECTION('',(1.,0.,0.));
#4375=DIRECTION('',(1.,-6.12303176911189E-17,0.));
#4376=DIRECTION('',(6.12303176911189E-17,1.,0.));
#4377=DIRECTION('',(-6.06344284484171E-17,-0.99026806874157,-0.139173100960065));
#4378=DIRECTION('',(6.12303176911189E-17,1.,2.86344896335184E-32));
#4379=DIRECTION('',(1.,-6.12303176911189E-17,0.));
#4380=DIRECTION('',(6.12303176911189E-17,1.,0.));
#4381=DIRECTION('',(6.12303176911189E-17,1.,0.));
#4382=DIRECTION('',(3.79982806022695E-17,0.620579510855305,0.78414352685372));
#4383=DIRECTION('',(0.,0.,1.));
#4384=DIRECTION('',(-6.12303176911189E-17,-1.,0.));
#4385=DIRECTION('',(0.,0.,-1.));
#4386=DIRECTION('',(-6.12303176911189E-17,-1.,0.));
#4387=DIRECTION('',(1.,-6.12303176911189E-17,0.));
#4388=DIRECTION('',(6.12303176911189E-17,1.,0.));
#4389=DIRECTION('',(6.12303176911189E-17,1.,0.));
#4390=DIRECTION('',(1.,-6.12303176911189E-17,0.));
#4391=DIRECTION('',(6.12303176911189E-17,1.,0.));
#4392=DIRECTION('',(6.12303176911189E-17,1.,2.86344896335184E-32));
#4393=DIRECTION('',(-6.06344284484171E-17,-0.99026806874157,-0.139173100960065));
#4394=DIRECTION('',(-6.12303176911189E-17,-1.,0.));
#4395=DIRECTION('',(0.,0.,-1.));
#4396=DIRECTION('',(-6.12303176911189E-17,-1.,0.));
#4397=DIRECTION('',(0.,0.,1.));
#4398=DIRECTION('',(3.79982806022695E-17,0.620579510855305,0.78414352685372));
#4399=DIRECTION('',(0.,1.,0.));
#4400=DIRECTION('',(0.,0.,1.));
#4401=DIRECTION('',(-1.,0.,0.));
#4402=DIRECTION('',(-1.,0.,0.));
#4403=DIRECTION('',(0.,0.,-1.));
#4404=DIRECTION('',(-1.,0.,0.));
#4405=DIRECTION('',(-1.,3.32751793943106E-15,0.));
#4406=DIRECTION('',(0.,0.,1.));
#4407=DIRECTION('',(1.,0.,0.));
#4408=DIRECTION('',(-1.,0.,0.));
#4409=DIRECTION('',(-1.,0.,0.));
#4410=DIRECTION('',(0.,-0.78414352685372,0.620579510855305));
#4411=DIRECTION('',(0.,-0.620579510855305,-0.78414352685372));
#4412=DIRECTION('',(-1.,0.,0.));
#4413=DIRECTION('',(0.,0.,-1.));
#4414=DIRECTION('',(-1.,0.,0.));
#4415=DIRECTION('',(-1.,0.,0.));
#4416=DIRECTION('',(0.,-1.,0.));
#4417=DIRECTION('',(0.,0.,-1.));
#4418=DIRECTION('',(0.,1.,0.));
#4419=DIRECTION('',(0.,0.,1.));
#4420=DIRECTION('',(0.,1.,0.));
#4421=DIRECTION('',(0.,0.,1.));
#4422=DIRECTION('',(0.,1.,0.));
#4423=DIRECTION('',(0.,0.,1.));
#4424=DIRECTION('',(0.,1.,0.));
#4425=DIRECTION('',(0.,0.,1.));
#4426=DIRECTION('',(0.,1.,0.));
#4427=DIRECTION('',(0.,0.,1.));
#4428=DIRECTION('',(0.,1.,0.));
#4429=DIRECTION('',(1.,0.,0.));
#4430=DIRECTION('',(0.866025403784438,0.,-0.500000000000001));
#4431=DIRECTION('',(-0.500000000000001,0.,-0.866025403784438));
#4432=DIRECTION('',(0.866025403784438,0.,-0.500000000000001));
#4433=DIRECTION('',(-0.500000000000001,0.,-0.866025403784438));
#4434=DIRECTION('',(0.866025403784438,0.,-0.500000000000001));
#4435=DIRECTION('',(-0.866025403784439,0.,0.499999999999999));
#4436=DIRECTION('',(0.499999999999999,0.,0.866025403784439));
#4437=DIRECTION('',(0.866025403784438,0.,-0.500000000000001));
#4438=DIRECTION('',(0.500000000000001,0.,0.866025403784438));
#4439=DIRECTION('',(0.866025403784438,0.,-0.500000000000001));
#4440=DIRECTION('',(0.,1.,0.));
#4441=DIRECTION('',(0.,1.,0.));
#4442=DIRECTION('',(0.866025403784438,0.,-0.500000000000001));
#4443=DIRECTION('',(-0.866025403784438,0.,0.500000000000001));
#4444=DIRECTION('',(0.500000000000001,0.,0.866025403784438));
#4445=DIRECTION('',(0.866025403784438,0.,-0.500000000000001));
#4446=DIRECTION('',(-0.500000000000001,0.,-0.866025403784438));
#4447=DIRECTION('',(0.866025403784438,0.,-0.500000000000001));
#4448=DIRECTION('',(-0.866025403784439,0.,0.499999999999999));
#4449=DIRECTION('',(0.499999999999999,0.,0.866025403784439));
#4450=DIRECTION('',(-0.866025403784439,0.,0.499999999999999));
#4451=DIRECTION('',(0.499999999999999,0.,0.866025403784439));
#4452=DIRECTION('',(0.5,0.,0.866025403784438));
#4453=DIRECTION('',(0.499999999999999,0.,0.866025403784439));
#4454=DIRECTION('',(0.,1.,0.));
#4455=DIRECTION('',(-0.866025403784439,0.,0.499999999999999));
#4456=DIRECTION('',(-0.499999999999999,0.,-0.866025403784439));
#4457=DIRECTION('',(0.866025403784439,0.,0.5));
#4458=DIRECTION('',(0.5,0.,-0.866025403784439));
#4459=DIRECTION('',(-0.866025403784438,0.,-0.5));
#4460=DIRECTION('',(-0.5,0.,0.866025403784438));
#4461=DIRECTION('',(-0.866025403784439,0.,-0.5));
#4462=DIRECTION('',(0.866025403784438,0.,0.500000000000001));
#4463=DIRECTION('',(0.500000000000001,0.,-0.866025403784438));
#4464=DIRECTION('',(-0.866025403784439,0.,-0.5));
#4465=DIRECTION('',(0.5,0.,-0.866025403784439));
#4466=DIRECTION('',(-0.866025403784439,0.,-0.5));
#4467=DIRECTION('',(0.,1.,0.));
#4468=DIRECTION('',(0.,1.,0.));
#4469=DIRECTION('',(-0.866025403784439,0.,-0.5));
#4470=DIRECTION('',(0.,-1.,0.));
#4471=DIRECTION('',(0.,0.,-1.));
#4472=DIRECTION('',(0.,1.,0.));
#4473=DIRECTION('',(0.,1.,0.));
#4474=DIRECTION('',(0.,0.,1.));
#4475=DIRECTION('',(0.,1.,0.));
#4476=DIRECTION('',(0.,0.,1.));
#4477=DIRECTION('',(-1.,0.,0.));
#4478=DIRECTION('',(-0.500000000000001,0.,-0.866025403784438));
#4479=DIRECTION('',(0.,-1.,0.));
#4480=DIRECTION('',(0.,0.,-1.));
#4481=DIRECTION('',(0.,1.,0.));
#4482=DIRECTION('',(0.,1.,0.));
#4483=DIRECTION('',(0.,1.,0.));
#4484=DIRECTION('',(0.,0.,1.));
#4485=DIRECTION('',(-0.866025403784439,0.,-0.5));
#4486=DIRECTION('',(-0.5,0.,0.866025403784439));
#4487=DIRECTION('',(-0.866025403784438,0.,-0.5));
#4488=DIRECTION('',(-0.5,0.,0.866025403784438));
#4489=DIRECTION('',(0.866025403784438,0.,0.500000000000001));
#4490=DIRECTION('',(0.500000000000001,0.,-0.866025403784438));
#4491=DIRECTION('',(-0.866025403784439,0.,-0.5));
#4492=DIRECTION('',(-0.866025403784438,0.,-0.5));
#4493=DIRECTION('',(-0.5,0.,0.866025403784438));
#4494=DIRECTION('',(-0.5,0.,0.866025403784438));
#4495=DIRECTION('',(-0.499999999999999,0.,0.866025403784439));
#4496=DIRECTION('',(-0.866025403784438,0.,-0.5));
#4497=DIRECTION('',(0.5,0.,-0.866025403784438));
#4498=DIRECTION('',(-0.866025403784439,0.,0.5));
#4499=DIRECTION('',(0.5,0.,0.866025403784439));
#4500=DIRECTION('',(-0.866025403784438,0.,0.5));
#4501=DIRECTION('',(0.5,0.,0.866025403784438));
#4502=DIRECTION('',(-0.866025403784439,0.,0.5));
#4503=DIRECTION('',(0.866025403784439,0.,-0.499999999999999));
#4504=DIRECTION('',(-0.499999999999999,0.,-0.866025403784439));
#4505=DIRECTION('',(-0.866025403784439,0.,0.5));
#4506=DIRECTION('',(-0.5,0.,-0.866025403784439));
#4507=DIRECTION('',(-0.866025403784439,0.,0.5));
#4508=DIRECTION('',(0.,1.,0.));
#4509=DIRECTION('',(-0.866025403784439,0.,0.5));
#4510=DIRECTION('',(0.,1.,0.));
#4511=DIRECTION('',(0.866025403784438,0.,0.500000000000001));
#4512=DIRECTION('',(0.500000000000001,0.,-0.866025403784438));
#4513=DIRECTION('',(0.500000000000001,0.,-0.866025403784438));
#4514=DIRECTION('',(0.866025403784438,0.,0.500000000000001));
#4515=DIRECTION('',(0.500000000000001,0.,-0.866025403784438));
#4516=DIRECTION('',(0.,1.,0.));
#4517=DIRECTION('',(0.866025403784438,0.,0.500000000000001));
#4518=DIRECTION('',(0.500000000000001,0.,-0.866025403784438));
#4519=DIRECTION('',(0.499999999999999,0.,-0.866025403784439));
#4520=DIRECTION('',(0.866025403784438,0.,0.500000000000001));
#4521=DIRECTION('',(0.500000000000001,0.,-0.866025403784438));
#4522=DIRECTION('',(0.,1.,0.));
#4523=DIRECTION('',(-0.866025403784439,0.,0.5));
#4524=DIRECTION('',(0.5,0.,0.866025403784439));
#4525=DIRECTION('',(-0.866025403784438,0.,0.5));
#4526=DIRECTION('',(0.5,0.,0.866025403784438));
#4527=DIRECTION('',(-0.866025403784439,0.,0.5));
#4528=DIRECTION('',(0.866025403784439,0.,-0.499999999999999));
#4529=DIRECTION('',(-0.499999999999999,0.,-0.866025403784439));
#4530=DIRECTION('',(0.866025403784439,0.,-0.499999999999999));
#4531=DIRECTION('',(-0.499999999999999,0.,-0.866025403784439));
#4532=DIRECTION('',(-0.499999999999999,0.,-0.866025403784439));
#4533=DIRECTION('',(0.,1.,0.));
#4534=DIRECTION('',(0.866025403784439,0.,-0.499999999999999));
#4535=DIRECTION('',(0.499999999999999,0.,0.866025403784439));
#4536=DIRECTION('',(-0.5,0.,-0.866025403784438));
#4537=DIRECTION('',(0.866025403784439,0.,0.5));
#4538=DIRECTION('',(0.5,0.,-0.866025403784439));
#4539=DIRECTION('',(0.866025403784439,0.,0.5));
#4540=DIRECTION('',(-0.866025403784438,0.,-0.500000000000001));
#4541=DIRECTION('',(-0.500000000000001,0.,0.866025403784438));
#4542=DIRECTION('',(0.866025403784439,0.,0.5));
#4543=DIRECTION('',(0.866025403784439,0.,0.5));
#4544=DIRECTION('',(0.5,0.,-0.866025403784439));
#4545=DIRECTION('',(0.866025403784439,0.,0.5));
#4546=DIRECTION('',(-0.866025403784438,0.,-0.500000000000001));
#4547=DIRECTION('',(-0.500000000000001,0.,0.866025403784438));
#4548=DIRECTION('',(0.866025403784439,0.,0.5));
#4549=DIRECTION('',(-0.5,0.,0.866025403784439));
#4550=DIRECTION('',(0.866025403784439,0.,0.5));
#4551=DIRECTION('',(0.,1.,0.));
#4552=DIRECTION('',(0.,1.,0.));
#4553=DIRECTION('',(0.,0.,1.));
#4554=DIRECTION('',(-0.500000000000001,0.,0.866025403784438));
#4555=DIRECTION('',(-1.,0.,0.));
#4556=DIRECTION('',(0.,-1.,0.));
#4557=DIRECTION('',(0.,0.,-1.));
#4558=DIRECTION('',(0.,1.,0.));
#4559=DIRECTION('',(0.,-1.,0.));
#4560=DIRECTION('',(0.,0.,-1.));
#4561=DIRECTION('',(0.,-1.,0.));
#4562=DIRECTION('',(0.,0.,-1.));
#4563=DIRECTION('',(0.,1.,0.));
#4564=DIRECTION('',(0.,-1.,0.));
#4565=DIRECTION('',(0.,0.,-1.));
#4566=DIRECTION('',(0.,1.,0.));
#4567=DIRECTION('',(0.,0.,1.));
#4568=DIRECTION('',(0.,1.,0.));
#4569=DIRECTION('',(0.,0.,1.));
#4570=DIRECTION('',(0.,-1.,0.));
#4571=DIRECTION('',(0.,0.,-1.));
#4572=DIRECTION('',(0.,-1.,0.));
#4573=DIRECTION('',(0.,0.,-1.));
#4574=DIRECTION('',(0.,1.,0.));
#4575=DIRECTION('',(0.,0.,1.));
#4576=DIRECTION('',(0.,1.,0.));
#4577=DIRECTION('',(1.,0.,0.));
#4578=DIRECTION('',(-1.,0.,0.));
#4579=DIRECTION('',(0.,0.,1.));
#4580=DIRECTION('',(1.,0.,0.));
#4581=DIRECTION('',(0.,0.,-1.));
#4582=DIRECTION('',(-1.,0.,0.));
#4583=DIRECTION('',(-1.,0.,0.));
#4584=DIRECTION('',(0.,0.,1.));
#4585=DIRECTION('',(-1.,0.,0.));
#4586=DIRECTION('',(0.,1.,0.));
#4587=DIRECTION('',(0.,0.,1.));
#4588=DIRECTION('',(0.,0.,1.));
#4589=DIRECTION('',(0.,0.,1.));
#4590=DIRECTION('',(1.,0.,0.));
#4591=DIRECTION('',(0.,0.684724298348334,-0.728802192128551));
#4592=DIRECTION('',(0.,0.728802192128551,0.684724298348334));
#4593=DIRECTION('',(0.,0.728802192128551,0.684724298348334));
#4594=DIRECTION('',(0.,0.728802192128551,0.684724298348334));
#4595=DIRECTION('',(1.,0.,0.));
#4596=DIRECTION('',(0.,0.,-1.));
#4597=DIRECTION('',(-1.,0.,0.));
#4598=DIRECTION('',(0.,1.,0.));
#4599=DIRECTION('',(-1.,0.,0.));
#4600=DIRECTION('',(0.,1.,0.));
#4601=DIRECTION('',(0.866025403784438,0.,-0.500000000000001));
#4602=DIRECTION('',(-0.500000000000001,0.,-0.866025403784438));
#4603=DIRECTION('',(0.866025403784438,0.,-0.500000000000001));
#4604=DIRECTION('',(-0.500000000000001,0.,-0.866025403784438));
#4605=DIRECTION('',(0.,1.,0.));
#4606=DIRECTION('',(-0.500000000000001,0.,-0.866025403784438));
#4607=DIRECTION('',(0.,1.,0.));
#4608=DIRECTION('',(0.,0.,1.));
#4609=DIRECTION('',(0.500000000000001,0.,-0.866025403784438));
#4610=DIRECTION('',(0.,0.,1.));
#4611=DIRECTION('',(0.,0.,1.));
#4612=DIRECTION('',(0.866025403784438,0.,0.500000000000001));
#4613=DIRECTION('',(0.500000000000001,0.,-0.866025403784438));
#4614=DIRECTION('',(0.,-1.,-4.70771306709448E-17));
#4615=DIRECTION('',(0.866025403784438,0.,0.500000000000001));
#4616=DIRECTION('',(0.500000000000001,0.,-0.866025403784438));
#4617=DIRECTION('',(0.500000000000001,0.,-0.866025403784438));
#4618=DIRECTION('',(0.,-0.684724298348334,-0.728802192128551));
#4619=DIRECTION('',(0.,0.728802192128551,-0.684724298348334));
#4620=DIRECTION('',(0.,0.728802192128551,-0.684724298348334));
#4621=DIRECTION('',(1.,0.,0.));
#4622=DIRECTION('',(0.,0.728802192128551,-0.684724298348334));
#4623=DIRECTION('',(1.,0.,0.));
#4624=DIRECTION('',(0.,-1.,0.));
#4625=DIRECTION('',(0.,0.,-1.));
#4626=DIRECTION('',(0.,0.,-1.));
#4627=DIRECTION('',(-1.,0.,0.));
#4628=DIRECTION('',(0.,0.,-1.));
#4629=DIRECTION('',(-1.,0.,0.));
#4630=DIRECTION('',(0.,0.,1.));
#4631=DIRECTION('',(1.,0.,0.));
#4632=DIRECTION('',(0.,0.,-1.));
#4633=DIRECTION('',(-1.,0.,0.));
#4634=DIRECTION('',(0.,0.,1.));
#4635=DIRECTION('',(-1.,0.,0.));
#4636=DIRECTION('',(0.,-0.866025403784438,-0.500000000000001));
#4637=DIRECTION('',(0.,0.500000000000001,-0.866025403784438));
#4638=DIRECTION('',(0.,0.500000000000001,-0.866025403784438));
#4639=DIRECTION('',(0.,-0.500000000000001,0.866025403784438));
#4640=DIRECTION('',(-1.,0.,0.));
#4641=DIRECTION('',(-1.,0.,0.));
#4642=DIRECTION('',(0.,0.,1.));
#4643=DIRECTION('',(1.,0.,0.));
#4644=DIRECTION('',(0.,0.,-1.));
#4645=DIRECTION('',(-1.,0.,0.));
#4646=DIRECTION('',(0.,0.,1.));
#4647=DIRECTION('',(-1.,0.,0.));
#4648=DIRECTION('',(0.,0.,-1.));
#4649=DIRECTION('',(-1.,0.,0.));
#4650=DIRECTION('',(0.,1.,0.));
#4651=DIRECTION('',(-1.,0.,0.));
#4652=DIRECTION('',(0.,1.,0.));
#4653=DIRECTION('',(-1.,0.,0.));
#4654=DIRECTION('',(0.,0.,1.));
#4655=DIRECTION('',(1.,0.,0.));
#4656=DIRECTION('',(0.,0.,-1.));
#4657=DIRECTION('',(-1.,0.,0.));
#4658=DIRECTION('',(0.,0.,1.));
#4659=DIRECTION('',(-1.,0.,0.));
#4660=DIRECTION('',(0.,0.866025403784438,-0.500000000000001));
#4661=DIRECTION('',(0.,0.500000000000001,0.866025403784438));
#4662=DIRECTION('',(0.,0.500000000000001,0.866025403784438));
#4663=DIRECTION('',(0.,-0.500000000000001,-0.866025403784438));
#4664=DIRECTION('',(1.,0.,0.));
#4665=DIRECTION('',(0.,0.,-1.));
#4666=DIRECTION('',(1.,0.,0.));
#4667=DIRECTION('',(0.,0.,-1.));
#4668=DIRECTION('',(1.,0.,0.));
#4669=DIRECTION('',(0.,0.,-1.));
#4670=DIRECTION('',(0.,-1.,0.));
#4671=DIRECTION('',(0.,0.,-1.));
#4672=DIRECTION('',(0.,-1.,0.));
#4673=DIRECTION('',(0.,1.,0.));
#4674=DIRECTION('',(0.,0.,1.));
#4675=DIRECTION('',(1.,0.,0.));
#4676=DIRECTION('',(0.,1.,0.));
#4677=DIRECTION('',(0.,0.,1.));
#4678=DIRECTION('',(1.,0.,0.));
#4679=DIRECTION('',(0.5,0.,0.866025403784438));
#4680=DIRECTION('',(-0.866025403784438,0.,0.5));
#4681=DIRECTION('',(0.5,0.,0.866025403784438));
#4682=DIRECTION('',(0.5,0.,0.866025403784438));
#4683=DIRECTION('',(-0.866025403784438,0.,0.5));
#4684=DIRECTION('',(0.5,0.,0.866025403784438));
#4685=DIRECTION('',(0.,-1.,0.));
#4686=DIRECTION('',(0.,-1.,0.));
#4687=DIRECTION('',(0.,0.,-1.));
#4688=DIRECTION('',(0.,0.,1.));
#4689=DIRECTION('',(-0.500000000000001,0.,0.866025403784438));
#4690=DIRECTION('',(0.,0.,1.));
#4691=DIRECTION('',(-0.866025403784438,0.,-0.500000000000001));
#4692=DIRECTION('',(-0.500000000000001,0.,0.866025403784438));
#4693=DIRECTION('',(0.,1.,0.));
#4694=DIRECTION('',(-0.866025403784438,0.,-0.500000000000001));
#4695=DIRECTION('',(0.500000000000001,0.,-0.866025403784438));
#4696=DIRECTION('',(0.,0.,1.));
#4697=DIRECTION('',(1.,0.,0.));
#4698=DIRECTION('',(0.,1.,0.));
#4699=DIRECTION('',(-1.,0.,0.));
#4700=DIRECTION('',(0.,1.,0.));
#4701=DIRECTION('',(-1.,0.,0.));
#4702=DIRECTION('',(0.,-0.684724298348334,0.728802192128551));
#4703=DIRECTION('',(0.,-0.728802192128552,-0.684724298348334));
#4704=DIRECTION('',(0.,0.728802192128552,0.684724298348334));
#4705=DIRECTION('',(0.,0.728802192128552,0.684724298348334));
#4706=DIRECTION('',(-1.,0.,0.));
#4707=DIRECTION('',(0.,-1.,0.));
#4708=DIRECTION('',(0.,0.,-1.));
#4709=DIRECTION('',(0.,0.,1.));
#4710=DIRECTION('',(-1.,0.,0.));
#4711=DIRECTION('',(0.,0.,1.));
#4712=DIRECTION('',(1.,0.,0.));
#4713=DIRECTION('',(0.,0.,-1.));
#4714=DIRECTION('',(-1.,0.,0.));
#4715=DIRECTION('',(0.,0.,1.));
#4716=DIRECTION('',(-1.,0.,0.));
#4717=DIRECTION('',(-1.,0.,0.));
#4718=DIRECTION('',(0.,0.,1.));
#4719=DIRECTION('',(0.,0.866025403784438,-0.500000000000001));
#4720=DIRECTION('',(0.,0.500000000000001,0.866025403784438));
#4721=DIRECTION('',(0.,-0.500000000000001,-0.866025403784438));
#4722=DIRECTION('',(-1.,0.,0.));
#4723=DIRECTION('',(0.,-0.500000000000001,-0.866025403784438));
#4724=DIRECTION('',(1.,0.,0.));
#4725=DIRECTION('',(0.,0.,-1.));
#4726=DIRECTION('',(-1.,0.,0.));
#4727=DIRECTION('',(0.,0.,1.));
#4728=DIRECTION('',(-1.,0.,0.));
#4729=DIRECTION('',(-1.,0.,0.));
#4730=DIRECTION('',(0.,0.,1.));
#4731=DIRECTION('',(0.,0.,1.));
#4732=DIRECTION('',(1.,0.,0.));
#4733=DIRECTION('',(0.,1.,0.));
#4734=DIRECTION('',(-1.,0.,0.));
#4735=DIRECTION('',(0.,1.,0.));
#4736=DIRECTION('',(1.,0.,0.));
#4737=DIRECTION('',(0.,0.,-1.));
#4738=DIRECTION('',(-1.,0.,0.));
#4739=DIRECTION('',(0.,0.,1.));
#4740=DIRECTION('',(-1.,0.,0.));
#4741=DIRECTION('',(-1.,0.,0.));
#4742=DIRECTION('',(0.,0.,1.));
#4743=DIRECTION('',(0.,-0.866025403784438,-0.500000000000001));
#4744=DIRECTION('',(0.,0.500000000000001,-0.866025403784438));
#4745=DIRECTION('',(0.,-0.500000000000001,0.866025403784438));
#4746=DIRECTION('',(-1.,0.,0.));
#4747=DIRECTION('',(0.,-0.500000000000001,0.866025403784438));
#4748=DIRECTION('',(1.,0.,0.));
#4749=DIRECTION('',(0.,0.,-1.));
#4750=DIRECTION('',(-1.,0.,0.));
#4751=DIRECTION('',(0.,0.,1.));
#4752=DIRECTION('',(-1.,0.,0.));
#4753=DIRECTION('',(-1.,0.,0.));
#4754=DIRECTION('',(0.,0.,1.));
#4755=DIRECTION('',(0.,1.,0.));
#4756=DIRECTION('',(0.,0.,1.));
#4757=DIRECTION('',(0.,0.,-1.));
#4758=DIRECTION('',(0.,0.,-1.));
#4759=DIRECTION('',(-1.,0.,0.));
#4760=DIRECTION('',(0.,0.684724298348334,0.728802192128551));
#4761=DIRECTION('',(0.,-0.728802192128551,0.684724298348334));
#4762=DIRECTION('',(0.,0.728802192128551,-0.684724298348334));
#4763=DIRECTION('',(0.,0.728802192128551,-0.684724298348334));
#4764=DIRECTION('',(-1.,0.,0.));
#4765=DIRECTION('',(-1.,0.,0.));
#4766=DIRECTION('',(0.,0.,1.));
#4767=DIRECTION('',(0.,-1.,0.));
#4768=DIRECTION('',(0.,0.,1.));
#4769=DIRECTION('',(0.,-1.,0.));
#4770=DIRECTION('',(-1.,0.,0.));
#4771=DIRECTION('',(0.,0.,1.));
#4772=DIRECTION('',(-1.,0.,0.));
#4773=DIRECTION('',(0.,0.,1.));
#4774=DIRECTION('',(0.,1.,0.));
#4775=DIRECTION('',(0.,0.,1.));
#4776=DIRECTION('',(0.,1.,0.));
#4777=DIRECTION('',(1.,0.,0.));
#4778=DIRECTION('',(0.,1.,0.));
#4779=DIRECTION('',(0.,0.,1.));
#4780=DIRECTION('',(0.,1.,0.));
#4781=DIRECTION('',(0.,0.,1.));
#4782=DIRECTION('',(0.,-1.,0.));
#4783=DIRECTION('',(0.,0.,-1.));
#4784=DIRECTION('',(0.,1.,0.));
#4785=DIRECTION('',(1.,0.,0.));
#4786=DIRECTION('',(0.,0.,-1.));
#4787=DIRECTION('',(-1.,0.,0.));
#4788=DIRECTION('',(-9.5221773198825E-16,0.,-1.));
#4789=DIRECTION('',(-1.,0.,9.5221773198825E-16));
#4790=DIRECTION('',(0.,0.,1.));
#4791=DIRECTION('',(0.,0.,1.));
#4792=DIRECTION('',(1.,0.,0.));
#4793=DIRECTION('',(0.,0.,1.));
#4794=DIRECTION('',(1.,0.,0.));
#4795=DIRECTION('',(1.,0.,0.));
#4796=DIRECTION('',(0.,-1.,0.));
#4797=DIRECTION('',(1.,0.,0.));
#4798=DIRECTION('',(0.,-1.,0.));
#4799=DIRECTION('',(0.,0.,1.));
#4800=DIRECTION('',(1.,0.,0.));
#4801=DIRECTION('',(0.,0.,1.));
#4802=DIRECTION('',(1.,0.,0.));
#4803=DIRECTION('',(0.,0.,-1.));
#4804=DIRECTION('',(-1.9044354639765E-15,0.,-1.));
#4805=DIRECTION('',(-1.,0.,1.9044354639765E-15));
#4806=DIRECTION('',(0.,-1.,0.));
#4807=DIRECTION('',(0.,0.,-1.));
#4808=DIRECTION('',(0.,1.,0.));
#4809=DIRECTION('',(1.,0.,0.));
#4810=DIRECTION('',(0.,1.,0.));
#4811=DIRECTION('',(0.,1.,0.));
#4812=DIRECTION('',(1.,0.,0.));
#4813=DIRECTION('',(0.,-1.,0.));
#4814=DIRECTION('',(0.866025403784438,0.,-0.5));
#4815=DIRECTION('',(-0.500000000000001,0.,-0.866025403784438));
#4816=DIRECTION('',(0.500000000000001,0.,0.866025403784438));
#4817=DIRECTION('',(0.500000000000001,0.,0.866025403784438));
#4818=DIRECTION('',(0.,-1.,0.));
#4819=DIRECTION('',(-1.9044354639765E-15,0.,-1.));
#4820=DIRECTION('',(-1.,0.,1.9044354639765E-15));
#4821=DIRECTION('',(1.,0.,-1.9044354639765E-15));
#4822=DIRECTION('',(0.,-1.,0.));
#4823=DIRECTION('',(-1.9044354639765E-15,0.,-1.));
#4824=DIRECTION('',(-1.,0.,1.9044354639765E-15));
#4825=DIRECTION('',(0.,1.,-1.37414478412488E-16));
#4826=DIRECTION('',(-1.,0.,0.));
#4827=DIRECTION('',(0.,0.,1.));
#4828=DIRECTION('',(0.,0.,-1.));
#4829=DIRECTION('',(0.,-1.,-4.70771306709448E-17));
#4830=DIRECTION('',(0.,0.,1.));
#4831=DIRECTION('',(1.,0.,0.));
#4832=DIRECTION('',(1.,0.,0.));
#4833=DIRECTION('',(0.,-1.,0.));
#4834=DIRECTION('',(1.,0.,-5.64113791419917E-16));
#4835=DIRECTION('',(-5.64113791419917E-16,0.,-1.));
#4836=DIRECTION('',(5.64113791419917E-16,0.,1.));
#4837=DIRECTION('',(0.,-1.,0.));
#4838=DIRECTION('',(5.64113791419917E-16,0.,1.));
#4839=DIRECTION('',(5.64113791419917E-16,0.,1.));
#4840=DIRECTION('',(0.,1.,0.));
#4841=DIRECTION('',(0.,0.,1.));
#4842=DIRECTION('',(1.,0.,0.));
#4843=DIRECTION('',(5.64113791419917E-16,0.,-1.));
#4844=DIRECTION('',(-1.,0.,-5.64113791419917E-16));
#4845=DIRECTION('',(-5.64113791419917E-16,0.,1.));
#4846=DIRECTION('',(5.64113791419917E-16,0.,-1.));
#4847=DIRECTION('',(5.64113791419917E-16,0.,-1.));
#4848=DIRECTION('',(0.,-1.,0.));
#4849=DIRECTION('',(0.,0.,1.));
#4850=DIRECTION('',(1.,0.,0.));
#4851=DIRECTION('',(0.,-1.,0.));
#4852=DIRECTION('',(1.,0.,0.));
#4853=DIRECTION('',(0.,-1.,0.));
#4854=DIRECTION('',(-1.,0.,0.));
#4855=DIRECTION('',(0.,0.,1.));
#4856=DIRECTION('',(0.,0.,1.));
#4857=DIRECTION('',(0.,1.,-1.37414478412488E-16));
#4858=DIRECTION('',(-9.5221773198825E-16,0.,-1.));
#4859=DIRECTION('',(-1.,0.,9.5221773198825E-16));
#4860=DIRECTION('',(1.,0.,-9.5221773198825E-16));
#4861=DIRECTION('',(-9.5221773198825E-16,0.,-1.));
#4862=DIRECTION('',(-1.,0.,9.5221773198825E-16));
#4863=DIRECTION('',(0.,-1.,0.));
#4864=DIRECTION('',(0.,1.,0.));
#4865=DIRECTION('',(0.,0.,1.));
#4866=DIRECTION('',(0.,1.,0.));
#4867=DIRECTION('',(1.,0.,0.));
#4868=DIRECTION('',(0.,1.,0.));
#4869=DIRECTION('',(1.,0.,0.));
#4870=DIRECTION('',(0.,1.,0.));
#4871=DIRECTION('',(1.,0.,0.));
#4872=DIRECTION('',(0.499999999999994,0.,-0.866025403784442));
#4873=DIRECTION('',(0.,1.,0.));
#4874=DIRECTION('',(-1.,0.,0.));
#4875=DIRECTION('',(-0.866025403784439,0.,-0.499999999999999));
#4876=DIRECTION('',(0.,0.,1.));
#4877=DIRECTION('',(-1.,0.,0.));
#4878=DIRECTION('',(-0.641164824330834,0.,-0.767403197830717));
#4879=DIRECTION('',(0.,0.,-1.));
#4880=DIRECTION('',(-0.521303337853344,0.,-0.853371448985119));
#4881=DIRECTION('',(-1.,0.,0.));
#4882=DIRECTION('',(-0.767403197830719,0.,0.641164824330832));
#4883=DIRECTION('',(-1.,0.,0.));
#4884=DIRECTION('',(-0.767403197830719,0.,-0.641164824330832));
#4885=DIRECTION('',(-1.,0.,0.));
#4886=DIRECTION('',(-0.521303337853344,0.,0.853371448985119));
#4887=DIRECTION('',(0.,0.,1.));
#4888=DIRECTION('',(-0.641164824330834,0.,0.767403197830717));
#4889=DIRECTION('',(-1.,0.,0.));
#4890=DIRECTION('',(0.,0.,-1.));
#4891=DIRECTION('',(-0.86602540378444,0.,0.499999999999998));
#4892=DIRECTION('',(0.,1.,0.));
#4893=DIRECTION('',(1.,0.,0.));
#4894=DIRECTION('',(-0.866025403784442,0.,-0.499999999999994));
#4895=DIRECTION('',(-0.499999999999994,0.,0.866025403784442));
#4896=DIRECTION('',(0.,-1.,0.));
#4897=DIRECTION('',(0.499999999999994,0.,-0.866025403784442));
#4898=DIRECTION('',(0.,-1.,0.));
#4899=DIRECTION('',(0.,-1.,0.));
#4900=DIRECTION('',(0.,0.,-1.));
#4901=DIRECTION('',(0.,1.,0.));
#4902=DIRECTION('',(-1.,0.,0.));
#4903=DIRECTION('',(0.,-1.,0.));
#4904=DIRECTION('',(-0.499999999999999,0.,0.866025403784439));
#4905=DIRECTION('',(0.866025403784439,0.,0.499999999999999));
#4906=DIRECTION('',(-0.866025403784439,0.,-0.499999999999999));
#4907=DIRECTION('',(-0.866025403784439,0.,-0.499999999999999));
#4908=DIRECTION('',(0.,-1.,0.));
#4909=DIRECTION('',(-1.,0.,0.));
#4910=DIRECTION('',(0.,0.,1.));
#4911=DIRECTION('',(0.,0.,1.));
#4912=DIRECTION('',(0.,1.,0.));
#4913=DIRECTION('',(0.,0.,-1.));
#4914=DIRECTION('',(-1.,0.,0.));
#4915=DIRECTION('',(0.,-1.,0.));
#4916=DIRECTION('',(-1.,0.,0.));
#4917=DIRECTION('',(-0.767403197830717,0.,0.641164824330834));
#4918=DIRECTION('',(0.641164824330834,0.,0.767403197830717));
#4919=DIRECTION('',(-0.641164824330834,0.,-0.767403197830717));
#4920=DIRECTION('',(-0.641164824330834,0.,-0.767403197830717));
#4921=DIRECTION('',(0.,-1.,0.));
#4922=DIRECTION('',(-1.,0.,0.));
#4923=DIRECTION('',(0.,0.,1.));
#4924=DIRECTION('',(0.,0.,-1.));
#4925=DIRECTION('',(0.,-1.,0.));
#4926=DIRECTION('',(-0.853371448985119,0.,0.521303337853344));
#4927=DIRECTION('',(0.521303337853344,0.,0.853371448985119));
#4928=DIRECTION('',(-0.521303337853344,0.,-0.853371448985119));
#4929=DIRECTION('',(0.,-1.,0.));
#4930=DIRECTION('',(0.,0.,1.));
#4931=DIRECTION('',(1.,0.,0.));
#4932=DIRECTION('',(-1.,0.,0.));
#4933=DIRECTION('',(0.,-1.,0.));
#4934=DIRECTION('',(0.641164824330832,0.,0.767403197830719));
#4935=DIRECTION('',(0.767403197830719,0.,-0.641164824330832));
#4936=DIRECTION('',(-0.767403197830719,0.,0.641164824330832));
#4937=DIRECTION('',(0.,-1.,0.));
#4938=DIRECTION('',(0.,0.,1.));
#4939=DIRECTION('',(1.,0.,0.));
#4940=DIRECTION('',(-1.,0.,0.));
#4941=DIRECTION('',(0.,-1.,0.));
#4942=DIRECTION('',(-0.641164824330832,0.,0.767403197830719));
#4943=DIRECTION('',(0.767403197830719,0.,0.641164824330832));
#4944=DIRECTION('',(-0.767403197830719,0.,-0.641164824330832));
#4945=DIRECTION('',(0.,-1.,0.));
#4946=DIRECTION('',(0.,0.,1.));
#4947=DIRECTION('',(1.,0.,0.));
#4948=DIRECTION('',(-1.,0.,0.));
#4949=DIRECTION('',(0.,-1.,0.));
#4950=DIRECTION('',(0.853371448985119,0.,0.521303337853344));
#4951=DIRECTION('',(0.521303337853344,0.,-0.853371448985119));
#4952=DIRECTION('',(-0.521303337853344,0.,0.853371448985119));
#4953=DIRECTION('',(0.,-1.,0.));
#4954=DIRECTION('',(1.,0.,0.));
#4955=DIRECTION('',(0.,0.,-1.));
#4956=DIRECTION('',(0.,0.,1.));
#4957=DIRECTION('',(0.,-1.,0.));
#4958=DIRECTION('',(0.767403197830717,0.,0.641164824330834));
#4959=DIRECTION('',(0.641164824330834,0.,-0.767403197830717));
#4960=DIRECTION('',(-0.641164824330834,0.,0.767403197830717));
#4961=DIRECTION('',(-0.641164824330834,0.,0.767403197830717));
#4962=DIRECTION('',(0.,-1.,0.));
#4963=DIRECTION('',(0.,0.,-1.));
#4964=DIRECTION('',(-1.,0.,0.));
#4965=DIRECTION('',(-1.,0.,0.));
#4966=DIRECTION('',(0.,1.,0.));
#4967=DIRECTION('',(1.,0.,0.));
#4968=DIRECTION('',(0.,0.,-1.));
#4969=DIRECTION('',(0.,0.,-1.));
#4970=DIRECTION('',(0.,-1.,0.));
#4971=DIRECTION('',(0.499999999999998,0.,0.86602540378444));
#4972=DIRECTION('',(0.86602540378444,0.,-0.499999999999998));
#4973=DIRECTION('',(-0.86602540378444,0.,0.499999999999998));
#4974=DIRECTION('',(-0.86602540378444,0.,0.499999999999998));
#4975=DIRECTION('',(0.,1.,0.));
#4976=DIRECTION('',(0.,0.,1.));
#4977=DIRECTION('',(0.,0.,-1.));
#4978=DIRECTION('',(0.,1.,0.));
#4979=DIRECTION('',(1.,0.,0.));
#4980=DIRECTION('',(0.,-1.,0.));
#4981=DIRECTION('',(0.,0.,-1.));
#4982=DIRECTION('',(0.,-1.,0.));
#4983=DIRECTION('',(0.,0.,1.));
#4984=DIRECTION('',(1.,0.,0.));
#4985=DIRECTION('',(0.,0.,1.));
#4986=DIRECTION('',(0.,-1.,0.));
#4987=DIRECTION('',(0.,0.,-1.));
#4988=DIRECTION('',(0.,-1.,0.));
#4989=DIRECTION('',(0.,1.,0.));
#4990=DIRECTION('',(1.,0.,0.));
#4991=DIRECTION('',(0.,1.,0.));
#4992=DIRECTION('',(0.,0.,1.));
#4993=DIRECTION('',(0.,0.,-1.));
#4994=DIRECTION('',(1.,0.,0.));
#4995=DIRECTION('',(0.,1.,0.));
#4996=DIRECTION('',(0.,0.,1.));
#4997=DIRECTION('',(-0.5,0.,0.866025403784439));
#4998=DIRECTION('',(1.,0.,-4.41857234922694E-16));
#4999=DIRECTION('',(0.,0.,-1.));
#5000=DIRECTION('',(-0.866025403784439,0.,-0.5));
#5001=DIRECTION('',(-0.5,0.,0.866025403784439));
#5002=DIRECTION('',(-0.5,0.,0.866025403784439));
#5003=DIRECTION('',(0.,1.,0.));
#5004=DIRECTION('',(0.,1.,0.));
#5005=DIRECTION('',(0.866025403784439,0.,-0.5));
#5006=DIRECTION('',(-0.5,0.,-0.866025403784439));
#5007=DIRECTION('',(-0.5,0.,-0.866025403784439));
#5008=DIRECTION('',(0.,1.,0.));
#5009=DIRECTION('',(-0.5,0.,-0.866025403784439));
#5010=DIRECTION('',(0.,1.,0.));
#5011=DIRECTION('',(0.,-1.,0.));
#5012=DIRECTION('',(0.,0.,-1.));
#5013=DIRECTION('',(0.,0.,1.));
#5014=DIRECTION('',(1.,0.,-4.41857234922694E-16));
#5015=DIRECTION('',(0.,0.,-1.));
#5016=DIRECTION('',(-1.,0.,0.));
#5017=DIRECTION('',(1.,0.,0.));
#5018=DIRECTION('',(0.,-1.,0.));
#5019=DIRECTION('',(1.,0.,0.));
#5020=DIRECTION('',(0.,-1.,0.));
#5021=DIRECTION('',(0.,1.,0.));
#5022=DIRECTION('',(0.,0.,1.));
#5023=DIRECTION('',(0.,0.,1.));
#5024=DIRECTION('',(0.,1.,0.));
#5025=DIRECTION('',(1.,0.,0.));
#5026=DIRECTION('',(0.,-1.,0.));
#5027=DIRECTION('',(0.,0.,-1.));
#5028=DIRECTION('',(0.,-1.,0.));
#5029=DIRECTION('',(0.,0.,1.));
#5030=DIRECTION('',(1.,0.,0.));
#5031=DIRECTION('',(0.,0.,1.));
#5032=DIRECTION('',(0.,-1.,0.));
#5033=DIRECTION('',(0.,0.,-1.));
#5034=DIRECTION('',(0.,-1.,0.));
#5035=DIRECTION('',(0.,1.,0.));
#5036=DIRECTION('',(1.,0.,0.));
#5037=DIRECTION('',(0.,1.,0.));
#5038=DIRECTION('',(0.,0.,1.));
#5039=DIRECTION('',(0.,0.,1.));
#5040=DIRECTION('',(0.,1.,0.));
#5041=DIRECTION('',(0.,0.,1.));
#5042=DIRECTION('',(0.,0.,-1.));
#5043=DIRECTION('',(-1.,0.,0.));
#5044=DIRECTION('',(0.,0.,-1.));
#5045=DIRECTION('',(-1.,0.,0.));
#5046=DIRECTION('',(0.,0.,-1.));
#5047=DIRECTION('',(-1.,0.,0.));
#5048=DIRECTION('',(-6.12303176911189E-17,-1.,0.));
#5049=DIRECTION('',(-6.12303176911189E-17,-1.,0.));
#5050=DIRECTION('',(-1.,0.,0.));
#5051=DIRECTION('',(0.,-1.,0.));
#5052=DIRECTION('',(0.,0.,-1.));
#5053=DIRECTION('',(0.,0.,1.));
#5054=DIRECTION('',(0.,0.,1.));
#5055=DIRECTION('',(-1.,0.,0.));
#5056=DIRECTION('',(0.,-0.78414352685372,0.620579510855305));
#5057=DIRECTION('',(0.,-0.620579510855305,-0.78414352685372));
#5058=DIRECTION('',(3.79982806022695E-17,0.620579510855305,0.78414352685372));
#5059=DIRECTION('',(3.79982806022695E-17,0.620579510855305,0.78414352685372));
#5060=DIRECTION('',(-1.,0.,0.));
#5061=DIRECTION('',(0.,0.,1.));
#5062=DIRECTION('',(1.,0.,0.));
#5063=DIRECTION('',(6.12303176911189E-17,1.,0.));
#5064=DIRECTION('',(-1.,0.,0.));
#5065=DIRECTION('',(6.12303176911189E-17,1.,0.));
#5066=DIRECTION('',(0.,1.,0.));
#5067=DIRECTION('',(0.,0.,1.));
#5068=DIRECTION('',(0.,0.,1.));
#5069=DIRECTION('',(1.,0.,4.67652148694823E-16));
#5070=DIRECTION('',(0.,1.,0.));
#5071=DIRECTION('',(0.,0.,1.));
#5072=DIRECTION('',(1.,0.,4.67652148694823E-16));
#5073=DIRECTION('',(0.,1.,0.));
#5074=DIRECTION('',(0.,0.,1.));
#5075=DIRECTION('',(1.,0.,4.67652148694823E-16));
#5076=DIRECTION('',(0.,0.,-1.));
#5077=DIRECTION('',(-1.,0.,0.));
#5078=DIRECTION('',(0.,0.,1.));
#5079=DIRECTION('',(0.,1.,0.));
#5080=DIRECTION('',(0.,0.99026806874157,0.139173100960065));
#5081=DIRECTION('',(0.,0.,-1.));
#5082=DIRECTION('',(0.,1.,0.));
#5083=DIRECTION('',(0.,0.,-1.));
#5084=DIRECTION('',(0.,-1.,0.));
#5085=DIRECTION('',(0.,0.,-1.));
#5086=DIRECTION('',(0.5,0.,0.866025403784439));
#5087=DIRECTION('',(1.,0.,4.67652148694823E-16));
#5088=DIRECTION('',(-0.866025403784439,0.,0.5));
#5089=DIRECTION('',(0.5,0.,0.866025403784439));
#5090=DIRECTION('',(0.5,0.,0.866025403784439));
#5091=DIRECTION('',(-0.0800934861458448,-0.98708669016861,-0.138725987359917));
#5092=DIRECTION('',(0.,1.,0.));
#5093=DIRECTION('',(0.,0.,1.));
#5094=DIRECTION('',(1.,0.,4.67652148694823E-16));
#5095=DIRECTION('',(0.5,0.,-0.866025403784439));
#5096=DIRECTION('',(0.,0.,1.));
#5097=DIRECTION('',(0.866025403784439,0.,0.5));
#5098=DIRECTION('',(0.5,0.,-0.866025403784439));
#5099=DIRECTION('',(0.0800934861458448,-0.98708669016861,-0.138725987359917));
#5100=DIRECTION('',(0.5,0.,-0.866025403784439));
#5101=DIRECTION('',(0.,1.,0.));
#5102=DIRECTION('',(0.,1.,0.));
#5103=DIRECTION('',(0.,0.,1.));
#5104=DIRECTION('',(1.,0.,4.67652148694823E-16));
#5105=DIRECTION('',(0.,0.,1.));
#5106=DIRECTION('',(1.,0.,0.));
#5107=DIRECTION('',(0.,0.,-1.));
#5108=DIRECTION('',(0.,0.99026806874157,0.139173100960065));
#5109=DIRECTION('',(0.,1.,0.));
#5110=DIRECTION('',(1.,-6.12303176911189E-17,0.));
#5111=DIRECTION('',(6.12303176911189E-17,1.,0.));
#5112=DIRECTION('',(1.,-6.12303176911189E-17,0.));
#5113=DIRECTION('',(6.12303176911189E-17,1.,0.));
#5114=DIRECTION('',(6.12303176911189E-17,1.,2.86344896335184E-32));
#5115=DIRECTION('',(-6.06344284484171E-17,-0.99026806874157,-0.139173100960065));
#5116=DIRECTION('',(-6.12303176911189E-17,-1.,0.));
#5117=DIRECTION('',(0.,0.,-1.));
#5118=DIRECTION('',(-1.,0.,0.));
#5119=DIRECTION('',(-1.,3.32751793943106E-15,0.));
#5120=DIRECTION('',(-6.12303176911189E-17,-1.,0.));
#5121=DIRECTION('',(1.,-6.12303176911189E-17,0.));
#5122=DIRECTION('',(6.12303176911189E-17,1.,0.));
#5123=DIRECTION('',(-6.06344284484171E-17,-0.99026806874157,-0.139173100960065));
#5124=DIRECTION('',(6.12303176911189E-17,1.,2.86344896335184E-32));
#5125=DIRECTION('',(1.,-6.12303176911189E-17,0.));
#5126=DIRECTION('',(6.12303176911189E-17,1.,0.));
#5127=DIRECTION('',(4.67652148694823E-16,0.,-1.));
#5128=DIRECTION('',(-1.,0.,-4.67652148694823E-16));
#5129=DIRECTION('',(-1.,-1.23259516440783E-32,-4.67652148694823E-16));
#5130=DIRECTION('',(-1.,-1.23259516440783E-32,-4.67652148694823E-16));
#5131=DIRECTION('',(-1.,-1.23259516440783E-32,-4.67652148694823E-16));
#5132=DIRECTION('',(-1.,-1.23259516440783E-32,-4.67652148694823E-16));
#5133=DIRECTION('',(-1.,-1.23259516440783E-32,-4.67652148694823E-16));
#5134=DIRECTION('',(-1.,-1.23259516440783E-32,-4.67652148694823E-16));
#5135=DIRECTION('',(6.12303176911189E-17,1.,2.86344896335184E-32));
#5136=DIRECTION('',(-1.,-1.23259516440783E-32,-4.67652148694823E-16));
#5137=DIRECTION('',(6.12303176911189E-17,1.,2.86344896335184E-32));
#5138=DIRECTION('',(4.63100990130868E-16,0.139173100960065,-0.99026806874157));
#5139=DIRECTION('',(0.,0.99026806874157,0.139173100960065));
#5140=DIRECTION('',(-6.06344284484171E-17,-0.99026806874157,-0.139173100960065));
#5141=DIRECTION('',(-1.,3.32751793943106E-15,0.));
#5142=DIRECTION('',(-6.06344284484171E-17,-0.99026806874157,-0.139173100960065));
#5143=DIRECTION('',(0.,0.,-1.));
#5144=DIRECTION('',(-1.,0.,0.));
#5145=DIRECTION('',(-6.12303176911189E-17,-1.,0.));
#5146=DIRECTION('',(-6.12303176911189E-17,-1.,0.));
#5147=DIRECTION('',(-1.,0.,0.));
#5148=DIRECTION('',(0.,0.,1.));
#5149=DIRECTION('',(1.,0.,0.));
#5150=DIRECTION('',(6.12303176911189E-17,1.,0.));
#5151=DIRECTION('',(-1.,0.,0.));
#5152=DIRECTION('',(6.12303176911189E-17,1.,0.));
#5153=DIRECTION('',(-1.,0.,0.));
#5154=DIRECTION('',(0.,-0.78414352685372,0.620579510855305));
#5155=DIRECTION('',(0.,-0.620579510855305,-0.78414352685372));
#5156=DIRECTION('',(3.79982806022695E-17,0.620579510855305,0.78414352685372));
#5157=DIRECTION('',(-1.,0.,0.));
#5158=DIRECTION('',(3.79982806022695E-17,0.620579510855305,0.78414352685372));
#5159=DIRECTION('',(0.,-1.,0.));
#5160=DIRECTION('',(0.,0.,-1.));
#5161=DIRECTION('',(0.,0.,1.));
#5162=DIRECTION('',(-1.,0.,0.));
#5163=DIRECTION('',(0.,0.,1.));
#5164=DIRECTION('',(0.,0.,-1.));
#5165=DIRECTION('',(-1.,0.,0.));
#5166=DIRECTION('',(-6.12303176911189E-17,-1.,0.));
#5167=DIRECTION('',(-1.,0.,0.));
#5168=DIRECTION('',(-6.12303176911189E-17,-1.,0.));
#5169=DIRECTION('',(0.,1.,0.));
#5170=DIRECTION('',(0.,0.,1.));
#5171=DIRECTION('',(0.,0.,-1.));
#5172=DIRECTION('',(0.,0.,-1.));
#5173=DIRECTION('',(1.,-6.12303176911189E-17,0.));
#5174=DIRECTION('',(6.12303176911189E-17,1.,0.));
#5175=DIRECTION('',(1.,-6.12303176911189E-17,0.));
#5176=DIRECTION('',(6.12303176911189E-17,1.,0.));
#5177=DIRECTION('',(1.,-6.12303176911189E-17,0.));
#5178=DIRECTION('',(6.12303176911189E-17,1.,0.));
#5179=DIRECTION('',(1.,-6.12303176911189E-17,0.));
#5180=DIRECTION('',(6.12303176911189E-17,1.,0.));
#5181=DIRECTION('',(-1.,0.,-4.67652148694823E-16));
#5182=DIRECTION('',(-4.67652148694823E-16,0.,1.));
#5183=DIRECTION('',(-1.,0.,-4.67652148694823E-16));
#5184=DIRECTION('',(-4.67652148694823E-16,0.,1.));
#5185=DIRECTION('',(-1.,0.,-4.67652148694823E-16));
#5186=DIRECTION('',(-4.67652148694823E-16,0.,1.));
#5187=DIRECTION('',(-1.,0.,0.));
#5188=DIRECTION('',(0.,0.,1.));
#5189=DIRECTION('',(1.,0.,0.));
#5190=DIRECTION('',(0.,0.,-1.));
#5191=DIRECTION('',(1.,0.,0.));
#5192=DIRECTION('',(0.,0.,-1.));
#5193=DIRECTION('',(1.,0.,0.));
#5194=DIRECTION('',(0.,0.,-1.));
#5195=CARTESIAN_POINT('',(0.,0.,0.));
#5196=CARTESIAN_POINT('',(-0.9,-0.95,1.65));
#5197=CARTESIAN_POINT('',(-0.9,0.2,0.050000000000001));
#5198=CARTESIAN_POINT('',(-0.9,0.2,0.0500000000000006));
#5199=CARTESIAN_POINT('',(-0.9,0.911536972238412,0.15));
#5200=CARTESIAN_POINT('',(-0.9,-0.95,0.0500000000000006));
#5201=CARTESIAN_POINT('',(-0.9,0.0999999999999998,0.0500000000000006));
#5202=CARTESIAN_POINT('',(-0.9,0.183774996269771,0.0951825000000005));
#5203=CARTESIAN_POINT('',(-0.9,0.183774996269771,0.));
#5204=CARTESIAN_POINT('',(-0.9,0.2,0.));
#5205=CARTESIAN_POINT('',(-0.9,1.37831672371085,0.));
#5206=CARTESIAN_POINT('',(-0.9,1.37831672371085,0.));
#5207=CARTESIAN_POINT('',(-0.9,1.45491552071362,0.0967876795540965));
#5208=CARTESIAN_POINT('',(-0.9,1.45491552071362,0.0967876795540965));
#5209=CARTESIAN_POINT('',(-0.9,1.45491552071362,0.563360429355566));
#5210=CARTESIAN_POINT('',(-0.9,1.30491552071362,0.563360429355566));
#5211=CARTESIAN_POINT('',(-0.9,1.30491552071362,0.563360429355566));
#5212=CARTESIAN_POINT('',(-0.9,1.30491552071362,0.15));
#5213=CARTESIAN_POINT('',(-0.9,1.30491552071362,0.15));
#5214=CARTESIAN_POINT('',(-0.9,0.2,0.15));
#5215=CARTESIAN_POINT('',(-1.5,-0.95,1.65));
#5216=CARTESIAN_POINT('',(-1.5,0.2,0.));
#5217=CARTESIAN_POINT('',(-1.5,0.183774996269771,0.));
#5218=CARTESIAN_POINT('',(-1.5,1.37831672371085,0.));
#5219=CARTESIAN_POINT('',(-1.5,0.183774996269771,0.0951825000000003));
#5220=CARTESIAN_POINT('',(-1.5,0.1,0.0500000000000003));
#5221=CARTESIAN_POINT('',(-1.5,-0.95,0.0500000000000003));
#5222=CARTESIAN_POINT('',(-1.5,0.199999999999995,0.0500000000000003));
#5223=CARTESIAN_POINT('',(-1.5,0.2,0.050000000000001));
#5224=CARTESIAN_POINT('',(-1.5,0.911536972238414,0.15));
#5225=CARTESIAN_POINT('',(-1.5,0.2,0.15));
#5226=CARTESIAN_POINT('',(-1.5,1.30491552071362,0.15));
#5227=CARTESIAN_POINT('',(-1.5,1.30491552071362,0.15));
#5228=CARTESIAN_POINT('',(-1.5,1.30491552071362,0.563360429355566));
#5229=CARTESIAN_POINT('',(-1.5,1.30491552071362,0.563360429355566));
#5230=CARTESIAN_POINT('',(-1.5,1.45491552071362,0.563360429355566));
#5231=CARTESIAN_POINT('',(-1.5,1.45491552071362,0.0967876795540965));
#5232=CARTESIAN_POINT('',(-1.5,1.45491552071362,0.0967876795540965));
#5233=CARTESIAN_POINT('',(-1.5,1.37831672371085,0.));
#5234=CARTESIAN_POINT('',(-0.975,1.30491552071362,0.15));
#5235=CARTESIAN_POINT('',(-0.975,1.30491552071362,0.15));
#5236=CARTESIAN_POINT('',(-0.975,1.30491552071362,0.563360429355566));
#5237=CARTESIAN_POINT('',(-0.975,0.2,0.15));
#5238=CARTESIAN_POINT('',(-1.2,0.911536972238413,0.15));
#5239=CARTESIAN_POINT('',(-0.975,0.2,0.));
#5240=CARTESIAN_POINT('',(-0.975,0.183774996269771,0.));
#5241=CARTESIAN_POINT('',(-0.975,1.37831672371085,0.));
#5242=CARTESIAN_POINT('',(-0.975,1.37831672371085,0.));
#5243=CARTESIAN_POINT('',(-0.975,1.45491552071362,0.0967876795540965));
#5244=CARTESIAN_POINT('',(-0.975,1.30491552071362,0.563360429355566));
#5245=CARTESIAN_POINT('',(-0.975,1.45491552071362,0.563360429355566));
#5246=CARTESIAN_POINT('',(-0.975,1.45491552071362,0.0967876795540965));
#5247=CARTESIAN_POINT('',(0.,-2.2,1.65));
#5248=CARTESIAN_POINT('',(0.,-2.2,1.65));
#5249=CARTESIAN_POINT('',(0.,-2.2,2.5975));
#5250=CARTESIAN_POINT('',(0.,-2.1475,1.65));
#5251=CARTESIAN_POINT('',(0.,-2.1475,1.65));
#5252=CARTESIAN_POINT('',(0.,-2.1475,2.65));
#5253=CARTESIAN_POINT('',(0.,-2.99662636230818,1.65));
#5254=CARTESIAN_POINT('',(0.,-1.05,1.65));
#5255=CARTESIAN_POINT('',(1.,-1.05,1.65));
#5256=CARTESIAN_POINT('',(-0.128341670146507,0.847558386740573,1.427705706578));
#5257=CARTESIAN_POINT('',(1.74313624647932,0.847558386740573,0.347207427631639));
#5258=CARTESIAN_POINT('',(1.66963624647932,0.847558386740573,0.219901693275326));
#5259=CARTESIAN_POINT('',(1.74313624647932,0.700558386740572,0.347207427631639));
#5260=CARTESIAN_POINT('',(1.66963624647932,0.847558386740573,0.219901693275326));
#5261=CARTESIAN_POINT('',(1.84284132723621,0.847558386740573,0.119901693275325));
#5262=CARTESIAN_POINT('',(1.91634132723621,0.847558386740573,0.247207427631637));
#5263=CARTESIAN_POINT('',(1.91634132723621,0.700558386740572,0.247207427631638));
#5264=CARTESIAN_POINT('',(-0.128341670146507,0.700558386740572,1.427705706578));
#5265=CARTESIAN_POINT('',(1.66963624647932,0.753033674808594,0.219901693275326));
#5266=CARTESIAN_POINT('',(1.84284132723621,0.753033674808594,0.119901693275325));
#5267=CARTESIAN_POINT('',(1.84284132723621,1.10603367480859,0.119901693275325));
#5268=CARTESIAN_POINT('',(1.66963624647932,0.753033674808594,0.219901693275326));
#5269=CARTESIAN_POINT('',(1.66963624647932,1.10603367480859,0.219901693275326));
#5270=CARTESIAN_POINT('',(1.84284132723621,1.10603367480859,0.119901693275325));
#5271=CARTESIAN_POINT('',(1.74313624647932,1.10603367480859,0.347207427631639));
#5272=CARTESIAN_POINT('',(1.74313624647932,1.10603367480859,0.347207427631639));
#5273=CARTESIAN_POINT('',(1.74313624647932,1.25303367480859,0.347207427631639));
#5274=CARTESIAN_POINT('',(1.74313624647932,1.25303367480859,0.347207427631639));
#5275=CARTESIAN_POINT('',(1.91634132723621,1.25303367480859,0.247207427631638));
#5276=CARTESIAN_POINT('',(1.91634132723621,1.10603367480859,0.247207427631638));
#5277=CARTESIAN_POINT('',(2.22320508075689,0.753033674808594,0.778711039730744));
#5278=CARTESIAN_POINT('',(2.22320508075689,0.700558386740572,0.778711039730744));
#5279=CARTESIAN_POINT('',(2.22598646567871,0.700558386740572,0.783528539730744));
#5280=CARTESIAN_POINT('',(2.22320508075689,1.25303367480859,0.778711039730744));
#5281=CARTESIAN_POINT('',(2.23030573435631,1.25303367480859,0.791009732531894));
#5282=CARTESIAN_POINT('',(2.23030573435631,0.753033674808594,0.791009732531894));
#5283=CARTESIAN_POINT('',(2.23030573435631,0.700263926347928,0.791009732531894));
#5284=CARTESIAN_POINT('',(2.22598646567871,0.605375886740572,0.783528539730744));
#5285=CARTESIAN_POINT('',(1.74313624647932,1.10603367480859,2.93150361209911));
#5286=CARTESIAN_POINT('',(1.91634132723621,1.10603367480859,3.03150361209911));
#5287=CARTESIAN_POINT('',(1.91634132723621,1.25303367480859,3.03150361209911));
#5288=CARTESIAN_POINT('',(1.84284132723621,1.10603367480859,3.15880934645542));
#5289=CARTESIAN_POINT('',(1.91634132723621,1.25303367480859,3.03150361209911));
#5290=CARTESIAN_POINT('',(1.74313624647932,1.25303367480859,2.93150361209911));
#5291=CARTESIAN_POINT('',(1.74313624647932,1.10603367480859,2.93150361209911));
#5292=CARTESIAN_POINT('',(1.66963624647932,1.10603367480859,3.05880934645542));
#5293=CARTESIAN_POINT('',(1.66963624647932,1.10603367480859,3.05880934645542));
#5294=CARTESIAN_POINT('',(1.66963624647932,0.753033674808594,3.05880934645542));
#5295=CARTESIAN_POINT('',(1.84284132723621,0.753033674808594,3.15880934645542));
#5296=CARTESIAN_POINT('',(1.84284132723621,0.847558386740573,3.15880934645542));
#5297=CARTESIAN_POINT('',(1.66963624647932,0.753033674808594,3.05880934645542));
#5298=CARTESIAN_POINT('',(1.66963624647932,0.847558386740573,3.05880934645542));
#5299=CARTESIAN_POINT('',(1.66963624647932,0.847558386740573,3.05880934645542));
#5300=CARTESIAN_POINT('',(2.103,-1.25,0.864509732531895));
#5301=CARTESIAN_POINT('',(2.25,1.25303367480859,0.864509732531895));
#5302=CARTESIAN_POINT('',(2.25,0.655393430850238,0.864509732531895));
#5303=CARTESIAN_POINT('',(2.25,1.25303367480859,0.864509732531895));
#5304=CARTESIAN_POINT('',(2.25,0.655393430850238,0.864509732531895));
#5305=CARTESIAN_POINT('',(2.25,0.681899311065649,0.848138535875219));
#5306=CARTESIAN_POINT('',(2.24585090213981,0.6981410953808,0.817934752945087));
#5307=CARTESIAN_POINT('',(2.23030573435631,0.700263926347901,0.791009732531892));
#5308=CARTESIAN_POINT('',(2.103,1.25303367480859,0.864509732531895));
#5309=CARTESIAN_POINT('',(0.,0.700558386740572,1.65));
#5310=CARTESIAN_POINT('',(0.,0.700558386740572,0.783528539730744));
#5311=CARTESIAN_POINT('',(1.99504635800286,0.700558386740572,0.783528539730744));
#5312=CARTESIAN_POINT('',(2.05,0.700558386740572,0.878711039730744));
#5313=CARTESIAN_POINT('',(2.103,0.753033674808594,2.41420130719885));
#5314=CARTESIAN_POINT('',(2.23030573435631,1.25303367480859,2.48770130719885));
#5315=CARTESIAN_POINT('',(2.23030573435631,0.700263926347928,2.48770130719885));
#5316=CARTESIAN_POINT('',(2.23030573435631,1.25303367480859,2.48770130719885));
#5317=CARTESIAN_POINT('',(2.23030573435631,0.700263926347928,2.48770130719885));
#5318=CARTESIAN_POINT('',(2.24583873388968,0.698142757063643,2.46079736281311));
#5319=CARTESIAN_POINT('',(2.25,0.681890032932829,2.43056677327294));
#5320=CARTESIAN_POINT('',(2.25,0.65539343085021,2.41420130719889));
#5321=CARTESIAN_POINT('',(2.25,0.655393430850238,2.41420130719885));
#5322=CARTESIAN_POINT('',(2.25,0.753033674808594,2.41420130719885));
#5323=CARTESIAN_POINT('',(2.25,1.25303367480859,2.41420130719885));
#5324=CARTESIAN_POINT('',(2.103,1.25303367480859,2.41420130719885));
#5325=CARTESIAN_POINT('',(-0.119123279939842,0.847558386740573,1.85632757322006));
#5326=CARTESIAN_POINT('',(1.91634132723621,0.847558386740573,3.03150361209911));
#5327=CARTESIAN_POINT('',(1.91634132723621,0.700558386740572,3.03150361209911));
#5328=CARTESIAN_POINT('',(1.74313624647932,0.847558386740573,2.93150361209911));
#5329=CARTESIAN_POINT('',(1.74313624647932,0.700558386740572,2.93150361209911));
#5330=CARTESIAN_POINT('',(-0.119123279939842,0.700558386740572,1.85632757322006));
#5331=CARTESIAN_POINT('',(2.22320508075689,0.753033674808594,2.5));
#5332=CARTESIAN_POINT('',(2.22320508075689,1.25303367480859,2.5));
#5333=CARTESIAN_POINT('',(2.22320508075689,0.700558386740572,2.5));
#5334=CARTESIAN_POINT('',(2.22598646567871,0.700558386740572,2.4951825));
#5335=CARTESIAN_POINT('',(2.22598646567871,0.605375886740572,2.4951825));
#5336=CARTESIAN_POINT('',(0.119123279939842,0.847558386740573,1.85632757322006));
#5337=CARTESIAN_POINT('',(-1.74313624647932,0.847558386740573,2.93150361209911));
#5338=CARTESIAN_POINT('',(-1.66963624647932,0.847558386740573,3.05880934645542));
#5339=CARTESIAN_POINT('',(-1.74313624647932,0.700558386740572,2.93150361209911));
#5340=CARTESIAN_POINT('',(-1.66963624647932,0.847558386740573,3.05880934645542));
#5341=CARTESIAN_POINT('',(-1.84284132723621,0.847558386740573,3.15880934645542));
#5342=CARTESIAN_POINT('',(-1.91634132723621,0.847558386740573,3.03150361209911));
#5343=CARTESIAN_POINT('',(-1.91634132723621,0.700558386740572,3.03150361209911));
#5344=CARTESIAN_POINT('',(0.119123279939842,0.700558386740572,1.85632757322006));
#5345=CARTESIAN_POINT('',(-1.66963624647932,0.753033674808594,3.05880934645542));
#5346=CARTESIAN_POINT('',(-1.66963624647932,0.753033674808594,3.05880934645542));
#5347=CARTESIAN_POINT('',(-1.66963624647932,1.10603367480859,3.05880934645542));
#5348=CARTESIAN_POINT('',(-1.66963624647932,1.10603367480859,3.05880934645542));
#5349=CARTESIAN_POINT('',(-1.84284132723621,1.10603367480859,3.15880934645542));
#5350=CARTESIAN_POINT('',(-1.84284132723621,0.753033674808594,3.15880934645542));
#5351=CARTESIAN_POINT('',(-2.22320508075689,0.753033674808594,0.778711039730744));
#5352=CARTESIAN_POINT('',(-2.22320508075689,1.25303367480859,0.778711039730744));
#5353=CARTESIAN_POINT('',(-2.23030573435631,1.25303367480859,0.791009732531894));
#5354=CARTESIAN_POINT('',(-1.91634132723621,1.25303367480859,0.247207427631638));
#5355=CARTESIAN_POINT('',(-1.91634132723621,1.10603367480859,0.247207427631639));
#5356=CARTESIAN_POINT('',(-1.84284132723621,1.10603367480859,0.119901693275325));
#5357=CARTESIAN_POINT('',(-1.84284132723621,0.753033674808594,0.119901693275325));
#5358=CARTESIAN_POINT('',(-1.84284132723621,0.847558386740573,0.119901693275325));
#5359=CARTESIAN_POINT('',(-1.91634132723621,0.847558386740573,0.247207427631638));
#5360=CARTESIAN_POINT('',(-1.91634132723621,0.700558386740572,0.247207427631638));
#5361=CARTESIAN_POINT('',(-2.22320508075689,0.700558386740572,0.778711039730744));
#5362=CARTESIAN_POINT('',(-2.22598646567871,0.700558386740572,0.783528539730744));
#5363=CARTESIAN_POINT('',(-2.22598646567871,0.605375886740572,0.783528539730744));
#5364=CARTESIAN_POINT('',(-2.23030573435631,0.700263926347928,0.791009732531894));
#5365=CARTESIAN_POINT('',(-2.23030573435631,1.25303367480859,0.791009732531894));
#5366=CARTESIAN_POINT('',(-1.74313624647932,1.10603367480859,2.93150361209911));
#5367=CARTESIAN_POINT('',(-1.74313624647932,1.10603367480859,2.93150361209911));
#5368=CARTESIAN_POINT('',(-1.74313624647932,1.25303367480859,2.93150361209911));
#5369=CARTESIAN_POINT('',(-1.08439880343433,1.25303367480859,2.55118137203179));
#5370=CARTESIAN_POINT('',(-1.91634132723621,1.25303367480859,3.03150361209911));
#5371=CARTESIAN_POINT('',(-1.91634132723621,1.10603367480859,3.03150361209911));
#5372=CARTESIAN_POINT('',(-2.22320508075689,0.753033674808594,2.5));
#5373=CARTESIAN_POINT('',(-2.22320508075689,1.25303367480859,2.5));
#5374=CARTESIAN_POINT('',(-2.23030573435631,1.25303367480859,2.48770130719885));
#5375=CARTESIAN_POINT('',(-2.23030573435631,0.753033674808594,2.48770130719885));
#5376=CARTESIAN_POINT('',(-2.23030573435631,0.700263926347928,2.48770130719885));
#5377=CARTESIAN_POINT('',(-2.22598646567871,0.605375886740572,2.4951825));
#5378=CARTESIAN_POINT('',(-2.22598646567871,0.700558386740572,2.4951825));
#5379=CARTESIAN_POINT('',(-2.22320508075689,0.700558386740572,2.5));
#5380=CARTESIAN_POINT('',(0.128341670146508,0.847558386740573,1.427705706578));
#5381=CARTESIAN_POINT('',(-1.66963624647932,0.847558386740573,0.219901693275326));
#5382=CARTESIAN_POINT('',(-1.66963624647932,0.847558386740573,0.219901693275326));
#5383=CARTESIAN_POINT('',(-1.74313624647932,0.847558386740573,0.347207427631638));
#5384=CARTESIAN_POINT('',(-1.74313624647932,0.700558386740572,0.347207427631638));
#5385=CARTESIAN_POINT('',(0.128341670146508,0.700558386740572,1.427705706578));
#5386=CARTESIAN_POINT('',(-1.74313624647932,1.10603367480859,0.347207427631639));
#5387=CARTESIAN_POINT('',(-1.74313624647932,1.25303367480859,0.347207427631638));
#5388=CARTESIAN_POINT('',(-1.74313624647932,1.25303367480859,0.347207427631638));
#5389=CARTESIAN_POINT('',(-1.74313624647932,1.10603367480859,0.347207427631639));
#5390=CARTESIAN_POINT('',(-1.66963624647932,1.10603367480859,0.219901693275326));
#5391=CARTESIAN_POINT('',(-1.66963624647932,1.10603367480859,0.219901693275326));
#5392=CARTESIAN_POINT('',(-1.66963624647932,0.753033674808594,0.219901693275326));
#5393=CARTESIAN_POINT('',(-1.66963624647932,0.753033674808594,0.219901693275326));
#5394=CARTESIAN_POINT('',(0.,0.700558386740572,1.65));
#5395=CARTESIAN_POINT('',(-2.05,0.700558386740572,0.878711039730744));
#5396=CARTESIAN_POINT('',(-1.99504635800286,0.700558386740572,0.783528539730744));
#5397=CARTESIAN_POINT('',(-2.25,0.700558386740572,0.783528539730744));
#5398=CARTESIAN_POINT('',(-2.103,0.753033674808594,0.864509732531895));
#5399=CARTESIAN_POINT('',(-2.23030573435631,0.700263926347928,0.791009732531894));
#5400=CARTESIAN_POINT('',(-2.24583873388968,0.698142757063643,0.817913676917635));
#5401=CARTESIAN_POINT('',(-2.25,0.681890032932828,0.848144266457801));
#5402=CARTESIAN_POINT('',(-2.25,0.655393430850209,0.864509732531854));
#5403=CARTESIAN_POINT('',(-2.25,0.655393430850238,0.864509732531895));
#5404=CARTESIAN_POINT('',(-2.25,0.753033674808594,0.864509732531895));
#5405=CARTESIAN_POINT('',(-2.25,1.25303367480859,0.864509732531895));
#5406=CARTESIAN_POINT('',(-2.103,1.25303367480859,0.864509732531895));
#5407=CARTESIAN_POINT('',(-2.103,-1.25,2.41420130719885));
#5408=CARTESIAN_POINT('',(-2.25,1.25303367480859,2.41420130719885));
#5409=CARTESIAN_POINT('',(-2.25,0.655393430850238,2.41420130719885));
#5410=CARTESIAN_POINT('',(-2.25,1.25303367480859,2.41420130719885));
#5411=CARTESIAN_POINT('',(-2.25,0.655393430850238,2.41420130719885));
#5412=CARTESIAN_POINT('',(-2.25,0.681899311065649,2.43057250385553));
#5413=CARTESIAN_POINT('',(-2.24585090213981,0.6981410953808,2.46077628678566));
#5414=CARTESIAN_POINT('',(-2.23030573435631,0.700263926347901,2.48770130719885));
#5415=CARTESIAN_POINT('',(-2.103,1.25303367480859,2.41420130719885));
#5416=CARTESIAN_POINT('',(-1.54951684208443,-1.35,2.77367552667887));
#5417=CARTESIAN_POINT('',(-1.5,-1.35,2.77367552667887));
#5418=CARTESIAN_POINT('',(-1.5,-1.35,2.97145662045345));
#5419=CARTESIAN_POINT('',(1.54951684208443,-1.35,2.77367552667887));
#5420=CARTESIAN_POINT('',(1.5,-1.35,2.77367552667887));
#5421=CARTESIAN_POINT('',(1.5,-1.35,2.57589443290429));
#5422=CARTESIAN_POINT('',(0.,-1.05,1.65));
#5423=CARTESIAN_POINT('',(0.,-1.05,1.65));
#5424=CARTESIAN_POINT('',(1.05181062208049,-1.05,1.65));
#5425=CARTESIAN_POINT('',(2.05,0.29855,-0.443401803436653));
#5426=CARTESIAN_POINT('',(2.25,0.29855,-0.443401803436653));
#5427=CARTESIAN_POINT('',(2.25,0.343107007024709,-0.469126803436653));
#5428=CARTESIAN_POINT('',(2.25,0.35,-0.443401803436653));
#5429=CARTESIAN_POINT('',(2.77913538536739,0.343107007024709,-0.469126803436653));
#5430=CARTESIAN_POINT('',(2.05,0.343107007024709,-0.469126803436653));
#5431=CARTESIAN_POINT('',(2.05,0.29855,-0.443401803436653));
#5432=CARTESIAN_POINT('',(2.05,0.35,-0.443401803436653));
#5433=CARTESIAN_POINT('',(2.05,0.35,-0.443401803436653));
#5434=CARTESIAN_POINT('',(2.05,0.35,-0.206262824319435));
#5435=CARTESIAN_POINT('',(2.25,0.35,-0.206262824319435));
#5436=CARTESIAN_POINT('',(2.25,0.35,0.774425635071805));
#5437=CARTESIAN_POINT('',(2.05,0.35,-0.206262824319435));
#5438=CARTESIAN_POINT('',(2.05,0.35,0.774425635071805));
#5439=CARTESIAN_POINT('',(2.05,0.35,0.774425635071805));
#5440=CARTESIAN_POINT('',(2.05,0.35,0.774425635071805));
#5441=CARTESIAN_POINT('',(2.25,0.35,0.774425635071805));
#5442=CARTESIAN_POINT('',(2.25,0.460998589805824,0.878711039730744));
#5443=CARTESIAN_POINT('',(2.05,0.35,0.774425635071805));
#5444=CARTESIAN_POINT('',(2.05,0.460998589805824,0.878711039730744));
#5445=CARTESIAN_POINT('',(2.05,0.460998589805824,0.878711039730744));
#5446=CARTESIAN_POINT('',(2.05,0.660998589805824,0.878711039730744));
#5447=CARTESIAN_POINT('',(2.05,0.660998589805824,0.878711039730744));
#5448=CARTESIAN_POINT('',(2.05,0.605375886740572,0.878711039730744));
#5449=CARTESIAN_POINT('',(2.05,0.605375886740572,0.878711039730744));
#5450=CARTESIAN_POINT('',(2.25,0.605375886740572,0.878711039730744));
#5451=CARTESIAN_POINT('',(2.25,0.660998589805824,0.878711039730744));
#5452=CARTESIAN_POINT('',(2.05,0.753033674808594,0.878711039730744));
#5453=CARTESIAN_POINT('',(1.99504635800286,0.605375886740572,0.783528539730744));
#5454=CARTESIAN_POINT('',(2.05,0.753033674808594,0.878711039730744));
#5455=CARTESIAN_POINT('',(2.05,1.25303367480859,0.878711039730744));
#5456=CARTESIAN_POINT('',(2.05,1.25303367480859,0.878711039730744));
#5457=CARTESIAN_POINT('',(2.05,1.25303367480859,0.878711039730744));
#5458=CARTESIAN_POINT('',(2.05,1.25303367480859,2.4));
#5459=CARTESIAN_POINT('',(2.05,1.25303367480859,2.4));
#5460=CARTESIAN_POINT('',(2.25,1.25303367480859,0.878711039730744));
#5461=CARTESIAN_POINT('',(2.05,1.25303367480859,0.878711039730744));
#5462=CARTESIAN_POINT('',(2.05,0.753033674808594,2.4));
#5463=CARTESIAN_POINT('',(2.05,1.25303367480859,2.4));
#5464=CARTESIAN_POINT('',(2.05,0.605375886740572,2.4));
#5465=CARTESIAN_POINT('',(1.99504635800286,0.605375886740572,2.4951825));
#5466=CARTESIAN_POINT('',(1.99504635800286,0.700558386740572,2.4951825));
#5467=CARTESIAN_POINT('',(2.05,0.700558386740572,2.4));
#5468=CARTESIAN_POINT('',(2.05,-0.460998589805825,0.878711039730744));
#5469=CARTESIAN_POINT('',(2.25,-0.460998589805825,0.878711039730744));
#5470=CARTESIAN_POINT('',(2.25,-0.460998589805825,0.878711039730744));
#5471=CARTESIAN_POINT('',(2.25,-0.35,0.774425635071805));
#5472=CARTESIAN_POINT('',(2.05,-0.460998589805825,0.878711039730744));
#5473=CARTESIAN_POINT('',(2.05,-0.460998589805825,0.878711039730744));
#5474=CARTESIAN_POINT('',(2.05,-0.460998589805825,0.878711039730744));
#5475=CARTESIAN_POINT('',(2.05,-0.35,0.774425635071805));
#5476=CARTESIAN_POINT('',(2.05,-0.35,0.774425635071805));
#5477=CARTESIAN_POINT('',(2.05,-0.35,0.774425635071805));
#5478=CARTESIAN_POINT('',(2.05,-0.35,0.774425635071805));
#5479=CARTESIAN_POINT('',(2.05,-0.35,-0.443401803436653));
#5480=CARTESIAN_POINT('',(2.05,-0.35,-0.443401803436653));
#5481=CARTESIAN_POINT('',(2.25,-0.35,-0.443401803436653));
#5482=CARTESIAN_POINT('',(2.25,-0.35,0.774425635071805));
#5483=CARTESIAN_POINT('',(2.77913538536739,-0.29855,-0.443401803436653));
#5484=CARTESIAN_POINT('',(2.25,-0.29855,-0.443401803436653));
#5485=CARTESIAN_POINT('',(2.25,-0.343107007024709,-0.469126803436653));
#5486=CARTESIAN_POINT('',(2.05,-0.29855,-0.443401803436653));
#5487=CARTESIAN_POINT('',(2.05,-0.34310700702471,-0.469126803436653));
#5488=CARTESIAN_POINT('',(2.77913538536739,-0.343107007024709,-0.469126803436654));
#5489=CARTESIAN_POINT('',(2.77913538536739,-0.35,-0.457187789387235));
#5490=CARTESIAN_POINT('',(2.25,-2.25191003619902,2.83701702473463));
#5491=CARTESIAN_POINT('',(2.25,-0.282399667434058,-0.574274999999999));
#5492=CARTESIAN_POINT('',(2.05,-1.46243907807686,1.46961321416697));
#5493=CARTESIAN_POINT('',(2.05,-0.282399667434058,-0.574274999999999));
#5494=CARTESIAN_POINT('',(2.77913538536739,-0.282399667434058,-0.574275));
#5495=CARTESIAN_POINT('',(2.05,-0.237842660409348,-0.548549999999999));
#5496=CARTESIAN_POINT('',(2.25,-0.237842660409348,-0.548549999999999));
#5497=CARTESIAN_POINT('',(2.25,-0.237842660409348,-0.6));
#5498=CARTESIAN_POINT('',(2.05,-0.237842660409348,-0.548549999999999));
#5499=CARTESIAN_POINT('',(2.05,-0.237842660409348,-0.6));
#5500=CARTESIAN_POINT('',(2.05,-0.237842660409348,-0.6));
#5501=CARTESIAN_POINT('',(2.05,-0.35,-0.6));
#5502=CARTESIAN_POINT('',(2.05,-0.35,-0.6));
#5503=CARTESIAN_POINT('',(2.05,0.237842660409348,-0.6));
#5504=CARTESIAN_POINT('',(2.05,0.237842660409348,-0.6));
#5505=CARTESIAN_POINT('',(2.25,0.237842660409348,-0.6));
#5506=CARTESIAN_POINT('',(2.25,-0.35,-0.6));
#5507=CARTESIAN_POINT('',(2.77913538536739,0.237842660409348,-0.548549999999999));
#5508=CARTESIAN_POINT('',(2.25,0.237842660409348,-0.548549999999999));
#5509=CARTESIAN_POINT('',(2.25,0.282399667434057,-0.574274999999999));
#5510=CARTESIAN_POINT('',(2.05,0.237842660409348,-0.548549999999999));
#5511=CARTESIAN_POINT('',(2.05,0.282399667434057,-0.574274999999999));
#5512=CARTESIAN_POINT('',(2.77913538536739,0.282399667434057,-0.574275));
#5513=CARTESIAN_POINT('',(2.77913538536739,0.35,-0.457187789387235));
#5514=CARTESIAN_POINT('',(2.25,1.52691003619902,1.58128018924719));
#5515=CARTESIAN_POINT('',(2.05,0.887439078076858,0.473683999814859));
#5516=CARTESIAN_POINT('',(2.25,-1.25,3.3));
#5517=CARTESIAN_POINT('',(2.25,0.605375886740572,0.783528539730744));
#5518=CARTESIAN_POINT('',(2.25,0.605375886740572,2.4951825));
#5519=CARTESIAN_POINT('',(2.25,0.605375886740572,2.4));
#5520=CARTESIAN_POINT('',(2.25,-0.95,2.4));
#5521=CARTESIAN_POINT('',(2.25,-1.05,2.4));
#5522=CARTESIAN_POINT('',(2.25,-1.05,0.878711039730744));
#5523=CARTESIAN_POINT('',(2.25,-1.05,0.878711039730744));
#5524=CARTESIAN_POINT('',(2.25,-0.95,0.878711039730744));
#5525=CARTESIAN_POINT('',(0.,0.700558386740572,1.65));
#5526=CARTESIAN_POINT('',(0.,0.700558386740572,2.4951825));
#5527=CARTESIAN_POINT('',(0.,0.700558386740572,1.65));
#5528=CARTESIAN_POINT('',(0.,0.700558386740572,2.4951825));
#5529=CARTESIAN_POINT('',(-1.99504635800286,0.700558386740572,2.4951825));
#5530=CARTESIAN_POINT('',(-2.05,0.700558386740572,2.4));
#5531=CARTESIAN_POINT('',(-2.05,0.753033674808594,2.4));
#5532=CARTESIAN_POINT('',(-2.05,1.25303367480859,2.4));
#5533=CARTESIAN_POINT('',(-2.05,1.25303367480859,2.4));
#5534=CARTESIAN_POINT('',(-1.99504635800286,0.605375886740572,2.4951825));
#5535=CARTESIAN_POINT('',(-2.05,0.605375886740572,2.4));
#5536=CARTESIAN_POINT('',(-2.05,-1.05,2.4));
#5537=CARTESIAN_POINT('',(-2.05,1.25303367480859,0.878711039730744));
#5538=CARTESIAN_POINT('',(-2.05,1.25303367480859,0.878711039730744));
#5539=CARTESIAN_POINT('',(-2.05,1.25303367480859,0.878711039730744));
#5540=CARTESIAN_POINT('',(-2.05,1.25303367480859,0.878711039730744));
#5541=CARTESIAN_POINT('',(-2.25,1.25303367480859,0.878711039730744));
#5542=CARTESIAN_POINT('',(-2.05,0.753033674808594,0.878711039730744));
#5543=CARTESIAN_POINT('',(-2.05,0.753033674808594,0.878711039730744));
#5544=CARTESIAN_POINT('',(-2.05,0.605375886740572,0.878711039730744));
#5545=CARTESIAN_POINT('',(-1.99504635800286,0.605375886740572,0.783528539730744));
#5546=CARTESIAN_POINT('',(-2.05,0.660998589805824,0.878711039730744));
#5547=CARTESIAN_POINT('',(-2.25,0.660998589805824,0.878711039730744));
#5548=CARTESIAN_POINT('',(-2.25,0.460998589805824,0.878711039730744));
#5549=CARTESIAN_POINT('',(-2.25,0.605375886740572,0.878711039730744));
#5550=CARTESIAN_POINT('',(-2.05,0.605375886740572,0.878711039730744));
#5551=CARTESIAN_POINT('',(-2.05,0.660998589805824,0.878711039730744));
#5552=CARTESIAN_POINT('',(-2.05,0.460998589805824,0.878711039730744));
#5553=CARTESIAN_POINT('',(-2.05,0.460998589805824,0.878711039730744));
#5554=CARTESIAN_POINT('',(-2.05,0.460998589805824,0.878711039730744));
#5555=CARTESIAN_POINT('',(-2.25,0.460998589805824,0.878711039730744));
#5556=CARTESIAN_POINT('',(-2.25,0.35,0.774425635071805));
#5557=CARTESIAN_POINT('',(-2.05,0.460998589805824,0.878711039730744));
#5558=CARTESIAN_POINT('',(-2.05,0.35,0.774425635071805));
#5559=CARTESIAN_POINT('',(-2.05,0.35,0.774425635071805));
#5560=CARTESIAN_POINT('',(-2.05,0.35,-0.206262824319435));
#5561=CARTESIAN_POINT('',(-2.05,0.35,-0.206262824319435));
#5562=CARTESIAN_POINT('',(-2.05,0.35,-0.443401803436653));
#5563=CARTESIAN_POINT('',(-2.25,0.35,-0.443401803436653));
#5564=CARTESIAN_POINT('',(-2.25,0.35,-0.443401803436653));
#5565=CARTESIAN_POINT('',(-2.25,0.35,-0.206262824319435));
#5566=CARTESIAN_POINT('',(-2.05,0.29855,-0.443401803436653));
#5567=CARTESIAN_POINT('',(-2.05,0.29855,-0.443401803436653));
#5568=CARTESIAN_POINT('',(-2.05,0.34310700702471,-0.469126803436653));
#5569=CARTESIAN_POINT('',(-2.05,0.343107007024709,-0.469126803436653));
#5570=CARTESIAN_POINT('',(-2.25,0.343107007024709,-0.469126803436653));
#5571=CARTESIAN_POINT('',(-2.25,0.29855,-0.443401803436653));
#5572=CARTESIAN_POINT('',(2.77913538536739,0.35,-0.457187789387235));
#5573=CARTESIAN_POINT('',(-2.05,0.857829882973526,0.422399369524666));
#5574=CARTESIAN_POINT('',(-2.05,0.282399667434057,-0.574275));
#5575=CARTESIAN_POINT('',(-2.25,0.282399667434057,-0.574275));
#5576=CARTESIAN_POINT('',(-2.25,0.282399667434057,-0.574275));
#5577=CARTESIAN_POINT('',(-2.25,0.35,-0.457187789387235));
#5578=CARTESIAN_POINT('',(2.77913538536739,0.237842660409348,-0.548549999999999));
#5579=CARTESIAN_POINT('',(-2.05,0.237842660409348,-0.548549999999999));
#5580=CARTESIAN_POINT('',(-2.05,0.237842660409348,-0.6));
#5581=CARTESIAN_POINT('',(-2.05,0.237842660409348,-0.6));
#5582=CARTESIAN_POINT('',(-2.25,0.237842660409348,-0.6));
#5583=CARTESIAN_POINT('',(-2.25,0.237842660409348,-0.548549999999999));
#5584=CARTESIAN_POINT('',(-2.05,-1.0842021724855E-16,-0.6));
#5585=CARTESIAN_POINT('',(-2.05,-1.0842021724855E-16,-0.6));
#5586=CARTESIAN_POINT('',(-2.05,-0.237842660409348,-0.6));
#5587=CARTESIAN_POINT('',(-2.25,-0.237842660409348,-0.6));
#5588=CARTESIAN_POINT('',(-2.25,-0.237842660409348,-0.6));
#5589=CARTESIAN_POINT('',(-2.25,-1.0842021724855E-16,-0.6));
#5590=CARTESIAN_POINT('',(-2.05,-0.237842660409348,-0.548549999999999));
#5591=CARTESIAN_POINT('',(-2.05,-0.237842660409348,-0.548549999999999));
#5592=CARTESIAN_POINT('',(-2.05,-0.282399667434058,-0.574275));
#5593=CARTESIAN_POINT('',(-2.05,-0.282399667434058,-0.574275));
#5594=CARTESIAN_POINT('',(-2.25,-0.282399667434058,-0.574275));
#5595=CARTESIAN_POINT('',(-2.25,-0.237842660409348,-0.548549999999999));
#5596=CARTESIAN_POINT('',(2.77913538536739,-0.35,-0.457187789387235));
#5597=CARTESIAN_POINT('',(-2.05,-1.48282988297353,1.50493112425522));
#5598=CARTESIAN_POINT('',(-2.05,-0.34310700702471,-0.469126803436653));
#5599=CARTESIAN_POINT('',(-2.25,-0.34310700702471,-0.469126803436653));
#5600=CARTESIAN_POINT('',(-2.25,-0.34310700702471,-0.469126803436653));
#5601=CARTESIAN_POINT('',(-2.25,-0.35,-0.457187789387235));
#5602=CARTESIAN_POINT('',(2.77913538536739,-0.29855,-0.443401803436653));
#5603=CARTESIAN_POINT('',(-2.05,-0.29855,-0.443401803436653));
#5604=CARTESIAN_POINT('',(-2.05,-0.35,-0.443401803436653));
#5605=CARTESIAN_POINT('',(-2.05,-0.35,-0.443401803436653));
#5606=CARTESIAN_POINT('',(-2.25,-0.35,-0.443401803436653));
#5607=CARTESIAN_POINT('',(-2.25,-0.29855,-0.443401803436653));
#5608=CARTESIAN_POINT('',(-2.05,-0.35,-0.206262824319435));
#5609=CARTESIAN_POINT('',(-2.25,-0.35,-0.206262824319435));
#5610=CARTESIAN_POINT('',(-2.25,-0.35,0.774425635071805));
#5611=CARTESIAN_POINT('',(-2.05,-0.35,-0.206262824319435));
#5612=CARTESIAN_POINT('',(-2.05,-0.35,0.774425635071805));
#5613=CARTESIAN_POINT('',(-2.05,-0.35,0.774425635071805));
#5614=CARTESIAN_POINT('',(-2.05,-0.460998589805825,0.878711039730744));
#5615=CARTESIAN_POINT('',(-2.25,-0.460998589805825,0.878711039730744));
#5616=CARTESIAN_POINT('',(-2.25,-0.460998589805825,0.878711039730744));
#5617=CARTESIAN_POINT('',(-2.05,-0.460998589805825,0.878711039730744));
#5618=CARTESIAN_POINT('',(-2.05,-0.460998589805825,0.878711039730744));
#5619=CARTESIAN_POINT('',(-2.05,-0.460998589805825,0.878711039730744));
#5620=CARTESIAN_POINT('',(-2.25,-1.25,2.16840434497101E-16));
#5621=CARTESIAN_POINT('',(-2.25,-0.95,0.878711039730744));
#5622=CARTESIAN_POINT('',(-2.25,-1.05,0.878711039730744));
#5623=CARTESIAN_POINT('',(-2.25,-1.05,2.4));
#5624=CARTESIAN_POINT('',(-2.25,-1.05,2.4));
#5625=CARTESIAN_POINT('',(-2.25,-0.95,2.4));
#5626=CARTESIAN_POINT('',(-2.25,0.605375886740572,2.4));
#5627=CARTESIAN_POINT('',(-2.25,0.605375886740572,2.4951825));
#5628=CARTESIAN_POINT('',(-2.25,0.605375886740572,0.783528539730744));
#5629=CARTESIAN_POINT('',(-1.5,-1.25,2.77367552667887));
#5630=CARTESIAN_POINT('',(-1.5,-1.25,2.77367552667887));
#5631=CARTESIAN_POINT('',(-1.20221890622542,-1.25,2.77367552667887));
#5632=CARTESIAN_POINT('',(1.5,-1.35,2.77367552667887));
#5633=CARTESIAN_POINT('',(1.5,-1.25,2.77367552667887));
#5634=CARTESIAN_POINT('',(1.5,-1.25,3.07145662045345));
#5635=CARTESIAN_POINT('',(0.,-1.05,1.65));
#5636=CARTESIAN_POINT('',(0.,-1.25,1.65));
#5637=CARTESIAN_POINT('',(1.05181062208049,-1.25,1.65));
#5638=CARTESIAN_POINT('',(-2.05,-1.05,2.16840434497101E-16));
#5639=CARTESIAN_POINT('',(-2.05,-1.05,0.878711039730744));
#5640=CARTESIAN_POINT('',(-2.05,-1.25,0.878711039730744));
#5641=CARTESIAN_POINT('',(-2.05,-1.25,0.878711039730744));
#5642=CARTESIAN_POINT('',(-2.05,-1.25,2.4));
#5643=CARTESIAN_POINT('',(-2.05,-1.05,2.4));
#5644=CARTESIAN_POINT('',(-2.25,-1.25,3.3));
#5645=CARTESIAN_POINT('',(-2.25,-1.05,3.3));
#5646=CARTESIAN_POINT('',(-1.91878260306772,-1.05,3.3));
#5647=CARTESIAN_POINT('',(1.91878260306772,-1.05,3.3));
#5648=CARTESIAN_POINT('',(-1.91878260306772,-0.95,3.3));
#5649=CARTESIAN_POINT('',(-1.91878260306772,-1.25,3.3));
#5650=CARTESIAN_POINT('',(-2.25,-1.25,3.3));
#5651=CARTESIAN_POINT('',(1.91878260306772,-1.25,3.3));
#5652=CARTESIAN_POINT('',(1.91878260306772,-0.95,3.3));
#5653=CARTESIAN_POINT('',(2.05,-1.05,3.3));
#5654=CARTESIAN_POINT('',(2.05,-1.05,2.4));
#5655=CARTESIAN_POINT('',(2.05,-1.25,2.4));
#5656=CARTESIAN_POINT('',(2.05,-1.25,2.4));
#5657=CARTESIAN_POINT('',(2.05,-1.25,0.878711039730745));
#5658=CARTESIAN_POINT('',(2.05,-1.05,0.878711039730745));
#5659=CARTESIAN_POINT('',(2.06287534887629,-0.95,0.736283510747549));
#5660=CARTESIAN_POINT('',(2.06287534887629,-1.25,0.736283510747549));
#5661=CARTESIAN_POINT('',(1.98740022968785,-1.25,0.605548232027554));
#5662=CARTESIAN_POINT('',(1.93214220455087,-1.25,0.811762326815835));
#5663=CARTESIAN_POINT('',(1.987396532808,-0.95,0.605550366422132));
#5664=CARTESIAN_POINT('',(1.98740022968785,-1.05,0.605548232027554));
#5665=CARTESIAN_POINT('',(2.06287534887629,-1.05,0.736283510747549));
#5666=CARTESIAN_POINT('',(1.93214220455087,-1.05,0.811762326815835));
#5667=CARTESIAN_POINT('',(1.93214220455087,-0.95,0.811762326815835));
#5668=CARTESIAN_POINT('',(1.95373166229028,-0.95,0.849156364528357));
#5669=CARTESIAN_POINT('',(1.95373166229028,-1.25,0.849156364528357));
#5670=CARTESIAN_POINT('',(1.95373166229028,-1.25,0.849156364528357));
#5671=CARTESIAN_POINT('',(1.95373166229028,-1.05,0.849156364528357));
#5672=CARTESIAN_POINT('',(1.95373166229028,-1.05,0.849156364528357));
#5673=CARTESIAN_POINT('',(1.95373166229028,-0.95,0.849156364528357));
#5674=CARTESIAN_POINT('',(2.25,-0.95,0.878711039730744));
#5675=CARTESIAN_POINT('',(2.25,-1.25,0.878711039730744));
#5676=CARTESIAN_POINT('',(2.00492186134201,-1.25,0.878711039730745));
#5677=CARTESIAN_POINT('',(2.00492186134201,-0.95,0.878711039730745));
#5678=CARTESIAN_POINT('',(2.00492186134201,-1.04377268508529,0.878711039730745));
#5679=CARTESIAN_POINT('',(1.975,-0.975,0.878711039730745));
#5680=CARTESIAN_POINT('',(2.05,-0.975,0.878711039730744));
#5681=CARTESIAN_POINT('',(2.05,-1.05,0.878711039730744));
#5682=CARTESIAN_POINT('',(2.05,-0.95,1.65));
#5683=CARTESIAN_POINT('',(2.05,-0.975,2.4));
#5684=CARTESIAN_POINT('',(2.05,-0.975,2.4));
#5685=CARTESIAN_POINT('',(2.05,1.25303367480859,2.4));
#5686=CARTESIAN_POINT('',(2.18121739693229,-0.95,2.4));
#5687=CARTESIAN_POINT('',(2.18121739693229,0.605375886740572,2.4));
#5688=CARTESIAN_POINT('',(2.05,-0.95,2.4));
#5689=CARTESIAN_POINT('',(1.91878260306772,-0.95,3.3));
#5690=CARTESIAN_POINT('',(1.91878260306772,-1.25,3.3));
#5691=CARTESIAN_POINT('',(1.91878260306772,-1.25,2.53121739693229));
#5692=CARTESIAN_POINT('',(1.91878260306772,-0.95,2.53121739693229));
#5693=CARTESIAN_POINT('',(1.91878260306772,-1.05,2.53121739693229));
#5694=CARTESIAN_POINT('',(1.91878260306772,-1.05,3.3));
#5695=CARTESIAN_POINT('',(1.91878260306772,-1.05,3.25));
#5696=CARTESIAN_POINT('',(1.91878260306772,-1.05,3.3));
#5697=CARTESIAN_POINT('',(0.,-1.05,1.65));
#5698=CARTESIAN_POINT('',(1.91878260306772,-1.05,3.25));
#5699=CARTESIAN_POINT('',(-1.91878260306772,-1.05,3.25));
#5700=CARTESIAN_POINT('',(-1.91878260306772,-1.05,3.3));
#5701=CARTESIAN_POINT('',(-1.91878260306772,-0.95,3.3));
#5702=CARTESIAN_POINT('',(-1.91878260306772,-1.25,3.3));
#5703=CARTESIAN_POINT('',(-1.91878260306772,-1.25,2.53121739693229));
#5704=CARTESIAN_POINT('',(-1.91878260306772,-1.05,3.3));
#5705=CARTESIAN_POINT('',(-1.91878260306772,-1.05,2.53121739693229));
#5706=CARTESIAN_POINT('',(-1.91878260306772,-0.95,2.53121739693229));
#5707=CARTESIAN_POINT('',(-2.18121739693229,-0.95,2.4));
#5708=CARTESIAN_POINT('',(-2.05,-1.05,2.4));
#5709=CARTESIAN_POINT('',(-2.05,-0.975,2.4));
#5710=CARTESIAN_POINT('',(-2.18121739693229,0.605375886740572,2.4));
#5711=CARTESIAN_POINT('',(-2.05,-0.95,2.4));
#5712=CARTESIAN_POINT('',(-2.05,-1.05,1.63935551986537));
#5713=CARTESIAN_POINT('',(-2.05,-0.975,1.63935551986537));
#5714=CARTESIAN_POINT('',(-2.05,-0.975,0.878711039730744));
#5715=CARTESIAN_POINT('',(-2.05,-0.260998589805825,0.878711039730744));
#5716=CARTESIAN_POINT('',(-2.25,-0.95,0.878711039730744));
#5717=CARTESIAN_POINT('',(-2.25,-1.25,0.878711039730744));
#5718=CARTESIAN_POINT('',(-2.00492186134201,-1.25,0.878711039730744));
#5719=CARTESIAN_POINT('',(-1.975,-0.975,0.878711039730744));
#5720=CARTESIAN_POINT('',(-2.00492186134201,-1.04377268508529,0.878711039730744));
#5721=CARTESIAN_POINT('',(-2.00492186134201,-0.95,0.878711039730744));
#5722=CARTESIAN_POINT('',(0.,-1.25,1.65));
#5723=CARTESIAN_POINT('',(2.05,-1.25,2.53121739693229));
#5724=CARTESIAN_POINT('',(-2.05,-1.25,2.53121739693229));
#5725=CARTESIAN_POINT('',(-2.00492186134201,-1.25,0.81960168932597));
#5726=CARTESIAN_POINT('',(-1.95373166229028,-1.25,0.849156364528357));
#5727=CARTESIAN_POINT('',(-1.95373166229028,-1.25,0.849156364528357));
#5728=CARTESIAN_POINT('',(-1.93214220455087,-1.25,0.811762326815835));
#5729=CARTESIAN_POINT('',(-2.06287534887629,-1.25,0.736283510747549));
#5730=CARTESIAN_POINT('',(-1.98740022969076,-1.25,0.605548232025877));
#5731=CARTESIAN_POINT('',(-2.21719565076693,-1.25,0.472875783809006));
#5732=CARTESIAN_POINT('',(-2.25,-1.25,0.453936183948702));
#5733=CARTESIAN_POINT('',(-2.25,-1.25,2.16840434497101E-16));
#5734=CARTESIAN_POINT('',(-2.25,-1.25,2.16840434497101E-16));
#5735=CARTESIAN_POINT('',(2.25,-1.25,2.16840434497101E-16));
#5736=CARTESIAN_POINT('',(-1.57809606303121,-1.25,2.16840434497101E-16));
#5737=CARTESIAN_POINT('',(-1.52857399818774,-1.25,0.0592724202606143));
#5738=CARTESIAN_POINT('',(-1.52857399818774,-1.25,0.0592724202606143));
#5739=CARTESIAN_POINT('',(-1.52857399818774,-1.25,0.0592724202606143));
#5740=CARTESIAN_POINT('',(-1.52857399818774,-1.25,0.366279971027941));
#5741=CARTESIAN_POINT('',(-1.52857399818774,-1.25,0.366279971027941));
#5742=CARTESIAN_POINT('',(-1.46359128884869,-1.25,0.472656402562016));
#5743=CARTESIAN_POINT('',(-1.46359128884869,-1.25,0.472656402562016));
#5744=CARTESIAN_POINT('',(-1.31636822542054,-1.25,0.472656402562016));
#5745=CARTESIAN_POINT('',(-1.31636822542054,-1.25,0.472656402562016));
#5746=CARTESIAN_POINT('',(-0.821593437547269,-1.25,0.0592724202606143));
#5747=CARTESIAN_POINT('',(0.821593437547269,-1.25,0.0592724202606143));
#5748=CARTESIAN_POINT('',(0.821593437547269,-1.25,0.0592724202606143));
#5749=CARTESIAN_POINT('',(1.31636822542054,-1.25,0.472656402562016));
#5750=CARTESIAN_POINT('',(1.31636822542054,-1.25,0.472656402562016));
#5751=CARTESIAN_POINT('',(1.46359128884869,-1.25,0.472656402562016));
#5752=CARTESIAN_POINT('',(1.46359128884869,-1.25,0.472656402562016));
#5753=CARTESIAN_POINT('',(1.52857399818774,-1.25,0.366279971027941));
#5754=CARTESIAN_POINT('',(1.52857399818774,-1.25,0.366279971027941));
#5755=CARTESIAN_POINT('',(1.52857399818774,-1.25,0.0592724202606143));
#5756=CARTESIAN_POINT('',(1.52857399818774,-1.25,0.0592724202606143));
#5757=CARTESIAN_POINT('',(1.52857399818774,-1.25,0.0592724202606143));
#5758=CARTESIAN_POINT('',(1.57809606303121,-1.25,2.16840434497101E-16));
#5759=CARTESIAN_POINT('',(2.25,-1.25,2.16840434497101E-16));
#5760=CARTESIAN_POINT('',(2.25,-1.25,2.16840434497101E-16));
#5761=CARTESIAN_POINT('',(2.25,-1.25,3.3));
#5762=CARTESIAN_POINT('',(2.25,-1.25,0.453936183948702));
#5763=CARTESIAN_POINT('',(2.21719565076693,-1.25,0.472875783809006));
#5764=CARTESIAN_POINT('',(2.00492186134201,-1.25,0.81960168932597));
#5765=CARTESIAN_POINT('',(-1.95373166229028,-0.95,0.849156364528357));
#5766=CARTESIAN_POINT('',(-1.95373166229028,-0.95,0.849156364528357));
#5767=CARTESIAN_POINT('',(-1.95373166229028,-1.05,0.849156364528357));
#5768=CARTESIAN_POINT('',(-1.95373166229028,-1.05,0.849156364528357));
#5769=CARTESIAN_POINT('',(-1.93214220455087,-1.05,0.811762326815835));
#5770=CARTESIAN_POINT('',(-1.93214220455087,-0.95,0.811762326815835));
#5771=CARTESIAN_POINT('',(-2.06287534887629,-0.95,0.736283510747549));
#5772=CARTESIAN_POINT('',(-2.06287534887629,-1.05,0.736283510747549));
#5773=CARTESIAN_POINT('',(-1.98740022969076,-1.05,0.605548232025877));
#5774=CARTESIAN_POINT('',(-1.987396532808,-0.95,0.605550366422132));
#5775=CARTESIAN_POINT('',(-2.21719565076693,-0.95,0.472875783809006));
#5776=CARTESIAN_POINT('',(-2.21719565076693,-1.05,0.472875783809006));
#5777=CARTESIAN_POINT('',(-2.,-1.05,0.598273751246108));
#5778=CARTESIAN_POINT('',(-2.21719565076693,-1.05,0.472875783809006));
#5779=CARTESIAN_POINT('',(-2.25,-1.05,0.453936183948702));
#5780=CARTESIAN_POINT('',(-2.25,-0.95,0.453936183948702));
#5781=CARTESIAN_POINT('',(-2.25,-1.25,2.16840434497101E-16));
#5782=CARTESIAN_POINT('',(-2.25,-1.05,2.16840434497101E-16));
#5783=CARTESIAN_POINT('',(-2.25,-1.05,2.16840434497101E-16));
#5784=CARTESIAN_POINT('',(-2.25,-1.25,2.16840434497101E-16));
#5785=CARTESIAN_POINT('',(2.25,-1.25,2.16840434497101E-16));
#5786=CARTESIAN_POINT('',(-1.57809606303121,-0.95,2.16840434497101E-16));
#5787=CARTESIAN_POINT('',(-1.57809606303121,-1.05,2.16840434497101E-16));
#5788=CARTESIAN_POINT('',(2.25,-1.05,2.16840434497101E-16));
#5789=CARTESIAN_POINT('',(-1.52857399818774,-0.95,0.0592724202606143));
#5790=CARTESIAN_POINT('',(-1.52857399818774,-1.05,0.0592724202606143));
#5791=CARTESIAN_POINT('',(-1.53632109870064,-1.05,0.0500000000000003));
#5792=CARTESIAN_POINT('',(-1.52857399818774,-1.05,0.0592724202606143));
#5793=CARTESIAN_POINT('',(-1.52857399818774,-1.05,0.0592724202606143));
#5794=CARTESIAN_POINT('',(-1.52857399818774,-0.95,0.0592724202606143));
#5795=CARTESIAN_POINT('',(-1.52857399818774,-0.95,0.0592724202606143));
#5796=CARTESIAN_POINT('',(-1.52857399818774,-1.05,0.0592724202606143));
#5797=CARTESIAN_POINT('',(-1.52857399818774,-1.05,0.366279971027941));
#5798=CARTESIAN_POINT('',(-1.52857399818774,-0.95,0.366279971027941));
#5799=CARTESIAN_POINT('',(-1.52857399818774,-0.95,0.366279971027941));
#5800=CARTESIAN_POINT('',(-1.52857399818774,-1.05,0.366279971027941));
#5801=CARTESIAN_POINT('',(-1.46359128884869,-1.05,0.472656402562016));
#5802=CARTESIAN_POINT('',(-1.46359128884869,-0.95,0.472656402562016));
#5803=CARTESIAN_POINT('',(-1.46359128884869,-0.95,0.472656402562016));
#5804=CARTESIAN_POINT('',(-1.46359128884869,-1.05,0.472656402562016));
#5805=CARTESIAN_POINT('',(-1.31636822542054,-1.05,0.472656402562016));
#5806=CARTESIAN_POINT('',(-1.31636822542054,-0.95,0.472656402562016));
#5807=CARTESIAN_POINT('',(-1.31636822542054,-0.95,0.472656402562016));
#5808=CARTESIAN_POINT('',(-1.31636822542054,-1.05,0.472656402562016));
#5809=CARTESIAN_POINT('',(-0.821593437547269,-1.05,0.0592724202606143));
#5810=CARTESIAN_POINT('',(-0.821593437547269,-0.95,0.0592724202606143));
#5811=CARTESIAN_POINT('',(0.821593437547269,-0.95,0.0592724202606143));
#5812=CARTESIAN_POINT('',(0.821593437547269,-1.05,0.0592724202606143));
#5813=CARTESIAN_POINT('',(0.821593437547269,-1.05,0.0592724202606143));
#5814=CARTESIAN_POINT('',(0.821593437547269,-0.95,0.0592724202606143));
#5815=CARTESIAN_POINT('',(1.31636822542054,-0.95,0.472656402562016));
#5816=CARTESIAN_POINT('',(1.31636822542054,-1.05,0.472656402562016));
#5817=CARTESIAN_POINT('',(1.31636822542054,-1.05,0.472656402562016));
#5818=CARTESIAN_POINT('',(1.31636822542054,-0.95,0.472656402562016));
#5819=CARTESIAN_POINT('',(1.46359128884869,-0.95,0.472656402562016));
#5820=CARTESIAN_POINT('',(1.46359128884869,-1.05,0.472656402562016));
#5821=CARTESIAN_POINT('',(1.46359128884869,-1.05,0.472656402562016));
#5822=CARTESIAN_POINT('',(1.46359128884869,-0.95,0.472656402562016));
#5823=CARTESIAN_POINT('',(1.52857399818774,-0.95,0.366279971027941));
#5824=CARTESIAN_POINT('',(1.52857399818774,-1.05,0.366279971027941));
#5825=CARTESIAN_POINT('',(1.52857399818774,-1.05,0.366279971027941));
#5826=CARTESIAN_POINT('',(1.52857399818774,-0.95,0.366279971027941));
#5827=CARTESIAN_POINT('',(1.52857399818774,-0.95,0.0592724202606143));
#5828=CARTESIAN_POINT('',(1.52857399818774,-1.05,0.0592724202606143));
#5829=CARTESIAN_POINT('',(1.52857399818774,-1.05,0.0592724202606143));
#5830=CARTESIAN_POINT('',(1.52857399818774,-0.95,0.0592724202606143));
#5831=CARTESIAN_POINT('',(1.52857399818774,-0.95,0.0592724202606143));
#5832=CARTESIAN_POINT('',(1.52857399818774,-1.05,0.0592724202606143));
#5833=CARTESIAN_POINT('',(1.53632109870064,-1.05,0.0500000000000016));
#5834=CARTESIAN_POINT('',(1.52857399818774,-1.05,0.0592724202606143));
#5835=CARTESIAN_POINT('',(1.57809606303121,-1.05,2.16840434497101E-16));
#5836=CARTESIAN_POINT('',(1.57809606303121,-0.95,2.16840434497101E-16));
#5837=CARTESIAN_POINT('',(2.25,-1.25,2.16840434497101E-16));
#5838=CARTESIAN_POINT('',(2.25,-1.05,2.16840434497101E-16));
#5839=CARTESIAN_POINT('',(2.25,-1.05,2.16840434497101E-16));
#5840=CARTESIAN_POINT('',(2.25,-1.25,2.16840434497101E-16));
#5841=CARTESIAN_POINT('',(2.25,-1.25,3.3));
#5842=CARTESIAN_POINT('',(2.25,-1.05,3.3));
#5843=CARTESIAN_POINT('',(2.25,-1.05,0.453936183948702));
#5844=CARTESIAN_POINT('',(2.25,-1.25,0.453936183948702));
#5845=CARTESIAN_POINT('',(2.21719565076693,-0.95,0.472875783809006));
#5846=CARTESIAN_POINT('',(2.21719565076693,-1.05,0.472875783809006));
#5847=CARTESIAN_POINT('',(2.,-1.05,0.598273751246108));
#5848=CARTESIAN_POINT('',(2.21719565076693,-1.05,0.472875783809006));
#5849=CARTESIAN_POINT('',(0.,-1.05,1.65));
#5850=CARTESIAN_POINT('',(2.,-1.05,0.598273751246108));
#5851=CARTESIAN_POINT('',(2.,-1.05,0.878505768863846));
#5852=CARTESIAN_POINT('',(2.00492186134201,-1.05,0.81960168932597));
#5853=CARTESIAN_POINT('',(2.00492186134201,-0.95,0.81960168932597));
#5854=CARTESIAN_POINT('',(2.,-0.95,0.878505768863846));
#5855=CARTESIAN_POINT('',(2.,-1.04571067811865,0.878505768863846));
#5856=CARTESIAN_POINT('',(2.,-1.04571067811866,0.878505768863847));
#5857=CARTESIAN_POINT('',(2.00165140179769,-1.04512681941385,0.878643755413029));
#5858=CARTESIAN_POINT('',(2.00329242241544,-1.04448162710191,0.878711039736411));
#5859=CARTESIAN_POINT('',(2.00492186134184,-1.04377268509164,0.878711039736415));
#5860=CARTESIAN_POINT('',(1.975,-0.975,1.65));
#5861=CARTESIAN_POINT('',(2.,-1.04571067811865,1.65));
#5862=CARTESIAN_POINT('',(1.99999999999996,-1.04571067811873,2.40989961069427));
#5863=CARTESIAN_POINT('',(2.05,-0.975,2.4));
#5864=CARTESIAN_POINT('',(2.05,-1.00645095551634,2.4));
#5865=CARTESIAN_POINT('',(2.02737265681332,-1.03603298249283,2.3986182241548));
#5866=CARTESIAN_POINT('',(1.99999999999997,-1.04571067811871,2.40989961069431));
#5867=CARTESIAN_POINT('',(2.05,-0.95,2.53121739693229));
#5868=CARTESIAN_POINT('',(2.,-0.95,2.4098996106943));
#5869=CARTESIAN_POINT('',(2.,-1.05,2.4098996106943));
#5870=CARTESIAN_POINT('',(2.05,-1.05,2.53121739693229));
#5871=CARTESIAN_POINT('',(0.,-1.05,1.65));
#5872=CARTESIAN_POINT('',(2.,-1.05,0.598273751246108));
#5873=CARTESIAN_POINT('',(2.,-1.05,3.25));
#5874=CARTESIAN_POINT('',(1.91878260306772,-1.05,3.25));
#5875=CARTESIAN_POINT('',(0.,0.6,1.65));
#5876=CARTESIAN_POINT('',(2.,0.6,2.4));
#5877=CARTESIAN_POINT('',(2.,0.6,2.4));
#5878=CARTESIAN_POINT('',(1.50925227118882,0.6,3.25));
#5879=CARTESIAN_POINT('',(1.50925227118882,0.6,3.25));
#5880=CARTESIAN_POINT('',(2.,0.6,3.25));
#5881=CARTESIAN_POINT('',(2.,0.6,3.25));
#5882=CARTESIAN_POINT('',(2.,0.6,2.4));
#5883=CARTESIAN_POINT('',(2.,1.3,2.4));
#5884=CARTESIAN_POINT('',(2.,1.3,2.4));
#5885=CARTESIAN_POINT('',(1.50925227118882,1.3,3.25));
#5886=CARTESIAN_POINT('',(1.50925227118882,0.6,3.25));
#5887=CARTESIAN_POINT('',(2.,0.6,2.4));
#5888=CARTESIAN_POINT('',(-2.,0.6,2.4));
#5889=CARTESIAN_POINT('',(-2.,1.3,2.4));
#5890=CARTESIAN_POINT('',(-1.50925227118882,1.3,3.25));
#5891=CARTESIAN_POINT('',(-2.,1.3,2.4));
#5892=CARTESIAN_POINT('',(-2.,0.6,2.4));
#5893=CARTESIAN_POINT('',(-2.,0.6,2.4));
#5894=CARTESIAN_POINT('',(-2.,0.6,2.4));
#5895=CARTESIAN_POINT('',(-1.50925227118882,0.6,3.25));
#5896=CARTESIAN_POINT('',(-1.50925227118882,0.6,3.25));
#5897=CARTESIAN_POINT('',(0.,0.6,1.65));
#5898=CARTESIAN_POINT('',(-2.,0.6,2.4));
#5899=CARTESIAN_POINT('',(-2.,0.6,3.25));
#5900=CARTESIAN_POINT('',(-2.,0.6,3.25));
#5901=CARTESIAN_POINT('',(1.91878260306772,1.70207952802078,3.25));
#5902=CARTESIAN_POINT('',(-1.91878260306772,1.3,3.25));
#5903=CARTESIAN_POINT('',(-2.,1.70207952802078,3.25));
#5904=CARTESIAN_POINT('',(-2.,-1.05,3.25));
#5905=CARTESIAN_POINT('',(1.91878260306772,-1.05,3.25));
#5906=CARTESIAN_POINT('',(2.,1.70207952802078,3.25));
#5907=CARTESIAN_POINT('',(0.,-1.05,1.65));
#5908=CARTESIAN_POINT('',(-2.,-1.05,0.598273751246108));
#5909=CARTESIAN_POINT('',(-2.,-1.05,2.4098996106943));
#5910=CARTESIAN_POINT('',(-2.05,-1.05,2.53121739693229));
#5911=CARTESIAN_POINT('',(-2.05,-0.95,2.53121739693229));
#5912=CARTESIAN_POINT('',(-2.,-0.95,2.4098996106943));
#5913=CARTESIAN_POINT('',(-2.,-1.04571067811866,2.4098996106943));
#5914=CARTESIAN_POINT('',(-2.00000000000001,-1.04571067811868,2.4098996106943));
#5915=CARTESIAN_POINT('',(-2.02740480156986,-1.03602161760513,2.39860497599165));
#5916=CARTESIAN_POINT('',(-2.05,-1.00644332533538,2.4));
#5917=CARTESIAN_POINT('',(-2.05,-0.975,2.4));
#5918=CARTESIAN_POINT('',(-1.975,-0.975,1.65));
#5919=CARTESIAN_POINT('',(-2.,-1.04571067811865,1.65));
#5920=CARTESIAN_POINT('',(-2.00000000000054,-1.04571067811925,0.878505768864705));
#5921=CARTESIAN_POINT('',(-2.00492186134201,-1.04377268508529,0.878711039730744));
#5922=CARTESIAN_POINT('',(-2.00329177792016,-1.04448190750497,0.878711039730744));
#5923=CARTESIAN_POINT('',(-2.00165074663688,-1.04512705104817,0.878643700669598));
#5924=CARTESIAN_POINT('',(-2.00000000000042,-1.04571067811851,0.878505768863882));
#5925=CARTESIAN_POINT('',(-2.00492186134201,-0.95,0.81960168932597));
#5926=CARTESIAN_POINT('',(-2.,-0.95,0.878505768863846));
#5927=CARTESIAN_POINT('',(-2.,-1.05,0.878505768863846));
#5928=CARTESIAN_POINT('',(-2.00492186134201,-1.05,0.81960168932597));
#5929=CARTESIAN_POINT('',(0.,-1.05,1.65));
#5930=CARTESIAN_POINT('',(-2.,-1.05,0.598273751246108));
#5931=CARTESIAN_POINT('',(0.225,1.30491552071362,0.15));
#5932=CARTESIAN_POINT('',(-0.225,1.30491552071362,0.15));
#5933=CARTESIAN_POINT('',(-0.225,1.30491552071362,0.563360429355566));
#5934=CARTESIAN_POINT('',(-0.225,1.30491552071362,0.15));
#5935=CARTESIAN_POINT('',(0.225,1.30491552071362,0.15));
#5936=CARTESIAN_POINT('',(0.225,1.30491552071362,0.15));
#5937=CARTESIAN_POINT('',(0.225,1.30491552071362,0.15));
#5938=CARTESIAN_POINT('',(0.225,1.30491552071362,0.563360429355566));
#5939=CARTESIAN_POINT('',(0.225,1.30491552071362,0.563360429355566));
#5940=CARTESIAN_POINT('',(0.225,1.30491552071362,0.563360429355566));
#5941=CARTESIAN_POINT('',(-0.225,1.30491552071362,0.563360429355566));
#5942=CARTESIAN_POINT('',(-0.225,1.45491552071362,0.563360429355566));
#5943=CARTESIAN_POINT('',(0.225,1.30491552071362,0.563360429355566));
#5944=CARTESIAN_POINT('',(0.225,1.45491552071362,0.563360429355566));
#5945=CARTESIAN_POINT('',(0.225,1.45491552071362,0.563360429355566));
#5946=CARTESIAN_POINT('',(0.225,1.45491552071362,0.0967876795540965));
#5947=CARTESIAN_POINT('',(-0.225,1.45491552071362,0.0967876795540965));
#5948=CARTESIAN_POINT('',(-0.225,1.45491552071362,0.0967876795540965));
#5949=CARTESIAN_POINT('',(0.225,1.45491552071362,0.0967876795540965));
#5950=CARTESIAN_POINT('',(0.225,1.45491552071362,0.0967876795540965));
#5951=CARTESIAN_POINT('',(0.225,1.45491552071362,0.0967876795540965));
#5952=CARTESIAN_POINT('',(0.225,1.37831672371085,0.));
#5953=CARTESIAN_POINT('',(-0.225,1.37831672371085,0.));
#5954=CARTESIAN_POINT('',(-0.225,1.37831672371085,0.));
#5955=CARTESIAN_POINT('',(0.225,1.37831672371085,0.));
#5956=CARTESIAN_POINT('',(0.225,1.37831672371085,0.));
#5957=CARTESIAN_POINT('',(0.225,1.37831672371085,0.));
#5958=CARTESIAN_POINT('',(0.225,0.2,0.));
#5959=CARTESIAN_POINT('',(0.225,0.2,0.));
#5960=CARTESIAN_POINT('',(0.225,0.183774996269771,0.));
#5961=CARTESIAN_POINT('',(0.225,0.183774996269771,0.));
#5962=CARTESIAN_POINT('',(-0.225,0.183774996269771,0.));
#5963=CARTESIAN_POINT('',(-0.225,0.2,0.));
#5964=CARTESIAN_POINT('',(0.,-1.05,1.65));
#5965=CARTESIAN_POINT('',(-2.,-1.05,0.598273751246108));
#5966=CARTESIAN_POINT('',(-2.,-1.05,0.0499999999999999));
#5967=CARTESIAN_POINT('',(7.48243437911716E-16,-1.05,0.050000000000001));
#5968=CARTESIAN_POINT('',(0.,-1.05,1.65));
#5969=CARTESIAN_POINT('',(7.48243437911716E-16,-1.05,0.050000000000001));
#5970=CARTESIAN_POINT('',(0.,-1.05,1.65));
#5971=CARTESIAN_POINT('',(7.48243437911716E-16,-1.05,0.050000000000001));
#5972=CARTESIAN_POINT('',(2.,-1.05,0.0500000000000021));
#5973=CARTESIAN_POINT('',(2.,-1.05,0.598273751246108));
#5974=CARTESIAN_POINT('',(2.,1.70207952802078,0.598273751246108));
#5975=CARTESIAN_POINT('',(2.,0.2,0.0500000000000019));
#5976=CARTESIAN_POINT('',(2.,0.199999999999999,0.0500000000000019));
#5977=CARTESIAN_POINT('',(2.,0.2,0.0500000000000019));
#5978=CARTESIAN_POINT('',(2.,0.6,0.106216333880958));
#5979=CARTESIAN_POINT('',(2.,0.6,0.9));
#5980=CARTESIAN_POINT('',(2.,0.6,0.9));
#5981=CARTESIAN_POINT('',(2.,0.6,0.9));
#5982=CARTESIAN_POINT('',(2.,1.3,0.9));
#5983=CARTESIAN_POINT('',(2.,1.3,3.25));
#5984=CARTESIAN_POINT('',(0.,0.6,1.65));
#5985=CARTESIAN_POINT('',(2.,0.6,0.9));
#5986=CARTESIAN_POINT('',(1.54170878668784,0.6,0.106216333880958));
#5987=CARTESIAN_POINT('',(7.21953748580541E-16,0.6,0.106216333880958));
#5988=CARTESIAN_POINT('',(2.,0.6,0.9));
#5989=CARTESIAN_POINT('',(2.,1.3,0.9));
#5990=CARTESIAN_POINT('',(1.59850768881114,1.3,0.204594918172632));
#5991=CARTESIAN_POINT('',(1.55346847785256,0.744928572693811,0.126584716459573));
#5992=CARTESIAN_POINT('',(0.,1.3,1.65));
#5993=CARTESIAN_POINT('',(6.75946792250985E-16,1.3,0.204594918172631));
#5994=CARTESIAN_POINT('',(-1.59850768881113,1.3,0.204594918172631));
#5995=CARTESIAN_POINT('',(-2.,1.3,0.9));
#5996=CARTESIAN_POINT('',(-2.,1.3,0.899999999999999));
#5997=CARTESIAN_POINT('',(-2.,1.3,0.0500000000000001));
#5998=CARTESIAN_POINT('',(-2.,0.6,0.9));
#5999=CARTESIAN_POINT('',(-1.49957046839439,0.0806797014951159,0.0332306256511854));
#6000=CARTESIAN_POINT('',(-1.54170878668784,0.6,0.106216333880957));
#6001=CARTESIAN_POINT('',(-2.,0.6,0.9));
#6002=CARTESIAN_POINT('',(-2.,0.6,0.9));
#6003=CARTESIAN_POINT('',(-2.,0.6,0.9));
#6004=CARTESIAN_POINT('',(0.,0.6,1.65));
#6005=CARTESIAN_POINT('',(7.21953748580541E-16,0.6,0.106216333880958));
#6006=CARTESIAN_POINT('',(-2.,0.6,0.106216333880957));
#6007=CARTESIAN_POINT('',(-2.,0.6,0.0499999999999982));
#6008=CARTESIAN_POINT('',(-2.,1.70207952802078,0.598273751246108));
#6009=CARTESIAN_POINT('',(-2.,1.7485478848088,0.267634212307652));
#6010=CARTESIAN_POINT('',(-2.,0.199999999999999,0.0499999999999999));
#6011=CARTESIAN_POINT('',(-2.,1.70207952802078,0.0499999999999999));
#6012=CARTESIAN_POINT('',(-0.225,-0.95,1.65));
#6013=CARTESIAN_POINT('',(-0.225,0.183774996269771,0.0951825000000003));
#6014=CARTESIAN_POINT('',(-0.225,0.0999999999999998,0.0500000000000008));
#6015=CARTESIAN_POINT('',(-0.225,-0.95,0.050000000000001));
#6016=CARTESIAN_POINT('',(-0.225,0.199999999999999,0.050000000000001));
#6017=CARTESIAN_POINT('',(-0.225,0.2,0.050000000000001));
#6018=CARTESIAN_POINT('',(-0.225,0.911536972238413,0.15));
#6019=CARTESIAN_POINT('',(-0.225,0.2,0.15));
#6020=CARTESIAN_POINT('',(0.225,0.2,0.15));
#6021=CARTESIAN_POINT('',(3.1158954776035E-15,0.911536972238413,0.15));
#6022=CARTESIAN_POINT('',(0.225,0.911536972238413,0.15));
#6023=CARTESIAN_POINT('',(0.225,0.2,0.15));
#6024=CARTESIAN_POINT('',(0.225,-0.95,1.65));
#6025=CARTESIAN_POINT('',(0.225,0.2,0.050000000000001));
#6026=CARTESIAN_POINT('',(0.225,0.2,0.050000000000001));
#6027=CARTESIAN_POINT('',(0.225,-0.95,0.050000000000001));
#6028=CARTESIAN_POINT('',(0.225,0.0999999999999998,0.050000000000001));
#6029=CARTESIAN_POINT('',(0.225,0.183774996269771,0.0951825000000005));
#6030=CARTESIAN_POINT('',(7.48243437911716E-16,0.2,0.050000000000001));
#6031=CARTESIAN_POINT('',(7.48243437911716E-16,0.2,0.050000000000001));
#6032=CARTESIAN_POINT('',(1.5,0.2,0.0500000000000016));
#6033=CARTESIAN_POINT('',(7.48243437911716E-16,0.2,0.050000000000001));
#6034=CARTESIAN_POINT('',(7.48243437911716E-16,0.0999999999999998,0.050000000000001));
#6035=CARTESIAN_POINT('',(7.48243437911716E-16,0.2,0.050000000000001));
#6036=CARTESIAN_POINT('',(7.48243437911716E-16,0.0999999999999998,0.050000000000001));
#6037=CARTESIAN_POINT('',(7.48243437911716E-16,0.2,0.050000000000001));
#6038=CARTESIAN_POINT('',(0.9,0.200000000000003,0.0500000000000014));
#6039=CARTESIAN_POINT('',(0.9,-0.95,0.0500000000000014));
#6040=CARTESIAN_POINT('',(0.9,0.1,0.0500000000000014));
#6041=CARTESIAN_POINT('',(7.48243437911716E-16,0.0999999999999998,0.050000000000001));
#6042=CARTESIAN_POINT('',(1.5,0.0999999999999998,0.0500000000000016));
#6043=CARTESIAN_POINT('',(1.5,-0.95,0.0500000000000016));
#6044=CARTESIAN_POINT('',(7.48243437911716E-16,0.2,0.050000000000001));
#6045=CARTESIAN_POINT('',(1.5,0.2,0.050000000000001));
#6046=CARTESIAN_POINT('',(1.5,0.911536972238412,0.150000000000001));
#6047=CARTESIAN_POINT('',(1.2,0.911536972238413,0.15));
#6048=CARTESIAN_POINT('',(0.9,0.911536972238414,0.15));
#6049=CARTESIAN_POINT('',(0.9,0.2,0.050000000000001));
#6050=CARTESIAN_POINT('',(1.425,0.2,0.15));
#6051=CARTESIAN_POINT('',(0.9,0.2,0.15));
#6052=CARTESIAN_POINT('',(0.9,1.30491552071362,0.15));
#6053=CARTESIAN_POINT('',(1.5,0.2,0.15));
#6054=CARTESIAN_POINT('',(1.5,1.30491552071362,0.15));
#6055=CARTESIAN_POINT('',(1.425,1.30491552071362,0.15));
#6056=CARTESIAN_POINT('',(1.425,0.2,0.));
#6057=CARTESIAN_POINT('',(1.5,0.2,0.));
#6058=CARTESIAN_POINT('',(1.5,0.183774996269771,0.));
#6059=CARTESIAN_POINT('',(1.5,1.37831672371085,0.));
#6060=CARTESIAN_POINT('',(1.425,0.183774996269771,0.));
#6061=CARTESIAN_POINT('',(0.9,0.183774996269771,0.));
#6062=CARTESIAN_POINT('',(0.9,0.2,0.));
#6063=CARTESIAN_POINT('',(0.9,1.37831672371085,0.));
#6064=CARTESIAN_POINT('',(1.425,1.37831672371085,0.));
#6065=CARTESIAN_POINT('',(1.425,1.37831672371085,0.));
#6066=CARTESIAN_POINT('',(0.9,1.37831672371085,0.));
#6067=CARTESIAN_POINT('',(0.9,1.45491552071362,0.0967876795540965));
#6068=CARTESIAN_POINT('',(1.425,1.45491552071362,0.0967876795540965));
#6069=CARTESIAN_POINT('',(1.5,1.45491552071362,0.0967876795540965));
#6070=CARTESIAN_POINT('',(1.5,1.37831672371085,0.));
#6071=CARTESIAN_POINT('',(1.425,1.45491552071362,0.0967876795540965));
#6072=CARTESIAN_POINT('',(0.9,1.45491552071362,0.0967876795540965));
#6073=CARTESIAN_POINT('',(0.9,1.45491552071362,0.563360429355566));
#6074=CARTESIAN_POINT('',(1.425,1.45491552071362,0.563360429355566));
#6075=CARTESIAN_POINT('',(1.5,1.45491552071362,0.563360429355566));
#6076=CARTESIAN_POINT('',(1.5,1.45491552071362,0.0967876795540965));
#6077=CARTESIAN_POINT('',(1.425,1.30491552071362,0.563360429355566));
#6078=CARTESIAN_POINT('',(0.9,1.30491552071362,0.563360429355566));
#6079=CARTESIAN_POINT('',(0.9,1.30491552071362,0.563360429355566));
#6080=CARTESIAN_POINT('',(1.425,1.30491552071362,0.563360429355566));
#6081=CARTESIAN_POINT('',(1.5,1.30491552071362,0.563360429355566));
#6082=CARTESIAN_POINT('',(1.5,1.30491552071362,0.563360429355566));
#6083=CARTESIAN_POINT('',(1.425,1.30491552071362,0.15));
#6084=CARTESIAN_POINT('',(0.9,1.30491552071362,0.15));
#6085=CARTESIAN_POINT('',(1.5,1.30491552071362,0.15));
#6086=CARTESIAN_POINT('',(0.9,-0.95,1.65));
#6087=CARTESIAN_POINT('',(0.9,0.183774996269771,0.0951825000000003));
#6088=CARTESIAN_POINT('',(1.5,-0.95,1.65));
#6089=CARTESIAN_POINT('',(1.5,0.183774996269771,0.0951825000000005));
#6090=CARTESIAN_POINT('',(1.425,0.183774996269771,0.0951825000000005));
#6091=CARTESIAN_POINT('',(-0.975,0.183774996269771,0.0951825000000005));
#6092=CARTESIAN_POINT('',(0.225,0.183774996269771,0.0951825000000005));
#6093=CARTESIAN_POINT('',(0.,0.605375886740572,0.783528539730744));
#6094=CARTESIAN_POINT('',(0.,0.605375886740572,2.4951825));
#6095=CARTESIAN_POINT('',(0.,0.605375886740572,0.783528539730744));
#6096=CARTESIAN_POINT('',(0.,0.605375886740572,2.4951825));
#6097=MECHANICAL_DESIGN_GEOMETRIC_PRESENTATION_REPRESENTATION('',(#2872,
#2873,#2874,#2875,#2876,#2877,#2878,#2879,#2880,#2881,#2882,#2883,#2884,
#2885,#2886,#2887,#2888,#2889,#2890,#2891,#2892,#2893,#2894,#2895,#2896,
#2897,#2898,#2899,#2900,#2901,#2902,#2903,#2904,#2905,#2906,#2907,#2908,
#2909,#2910,#2911,#2912,#2913,#2914,#2915,#2916,#2917,#2918,#2919,#2920,
#2921,#2922,#2923,#2924,#2925,#2926,#2927,#2928,#2929,#2930,#2931,#2932,
#2933,#2934,#2935,#2936,#2937,#2938,#2939,#2940,#2941,#2942,#2943,#2944,
#2945,#2946,#2947,#2948,#2949,#2950,#2951,#2952,#2953,#2954,#2955,#2956,
#2957,#2958,#2959,#2960,#2961,#2962,#2963,#2964,#2965,#2966,#2967,#2968,
#2969,#2970,#2971,#2972,#2973,#2974,#2975,#2976,#2977,#2978,#2979,#2980,
#2981,#2982,#2983,#2984,#2985,#2986,#2987,#2988,#2989,#2990,#2991,#2992,
#2993,#2994,#2995,#2996,#2997,#2998,#2999,#3000,#3001,#3002,#3003,#3004,
#3005,#3006,#3007,#3008,#3009,#3010,#3011,#3012,#3013,#3014,#3015,#3016,
#3017,#3018,#3019,#3020,#3021,#3022,#3023,#3024,#3025,#3026,#3027,#3028),
#6098);
#6098=(
GEOMETRIC_REPRESENTATION_CONTEXT(3)
GLOBAL_UNCERTAINTY_ASSIGNED_CONTEXT((#6099))
GLOBAL_UNIT_ASSIGNED_CONTEXT((#6102,#6101,#6100))
REPRESENTATION_CONTEXT('TS41-4539-35-WT-160-SMT-TR',
'TOP_LEVEL_ASSEMBLY_PART')
);
#6099=UNCERTAINTY_MEASURE_WITH_UNIT(LENGTH_MEASURE(0.005),#6102,
'DISTANCE_ACCURACY_VALUE','Maximum Tolerance applied to model');
#6100=(
NAMED_UNIT(*)
SI_UNIT($,.STERADIAN.)
SOLID_ANGLE_UNIT()
);
#6101=(
NAMED_UNIT(*)
PLANE_ANGLE_UNIT()
SI_UNIT($,.RADIAN.)
);
#6102=(
LENGTH_UNIT()
NAMED_UNIT(*)
SI_UNIT(.MILLI.,.METRE.)
);
#6103=PRODUCT_DEFINITION_SHAPE('','',#6104);
#6104=PRODUCT_DEFINITION('','',#6106,#6105);
#6105=PRODUCT_DEFINITION_CONTEXT('',#6112,'design');
#6106=PRODUCT_DEFINITION_FORMATION_WITH_SPECIFIED_SOURCE('','',#6108,
 .NOT_KNOWN.);
#6107=PRODUCT_RELATED_PRODUCT_CATEGORY('','',(#6108));
#6108=PRODUCT('TS41-4539-35-WT-160-SMT-TR','TS41-4539-35-WT-160-SMT-TR',
'TS41-4539-35-WT-160-SMT-TR',(#6110));
#6109=PRODUCT_CATEGORY('','');
#6110=PRODUCT_CONTEXT('',#6112,'mechanical');
#6111=APPLICATION_PROTOCOL_DEFINITION('international standard',
'automotive_design',2010,#6112);
#6112=APPLICATION_CONTEXT(
'core data for automotive mechanical design processes');
ENDSEC;
END-ISO-10303-21;
