ISO-10303-21;
HEADER;
FILE_DESCRIPTION (( 'STEP AP214' ),
    '1' );
FILE_NAME ('CUI_DEVICES_DS05-127-2-06BK-SMT-TR.step',
    '2020-11-02T16:46:15',
    ( '' ),
    ( '' ),
    'SwSTEP 2.0',
    'SolidWorks 2020',
    '' );
FILE_SCHEMA (( 'AUTOMOTIVE_DESIGN' ));
ENDSEC;

DATA;
#1 = ORIENTED_EDGE ( 'NONE', *, *, #4092, .T. ) ;
#2 =( GEOMETRIC_REPRESENTATION_CONTEXT ( 3 ) GLOBAL_UNCERTAINTY_ASSIGNED_CONTEXT ( ( #5026 ) ) GLOBAL_UNIT_ASSIGNED_CONTEXT ( ( #8660, #5132, #1370 ) ) REPRESENTATION_CONTEXT ( 'NONE', 'WORKASPACE' ) );
#3 = DIRECTION ( 'NONE',  ( 1.364855394706498281E-15, 0.2425356250363099597, -0.9701425001453376495 ) ) ;
#4 = ORIENTED_EDGE ( 'NONE', *, *, #4136, .F. ) ;
#5 = FILL_AREA_STYLE ('',( #1789 ) ) ;
#6 = EDGE_CURVE ( 'NONE', #1605, #4507, #549, .T. ) ;
#7 = DIRECTION ( 'NONE',  ( -1.817990202823693835E-15, 0.0000000000000000000, 1.000000000000000000 ) ) ;
#8 = LENGTH_MEASURE_WITH_UNIT ( LENGTH_MEASURE( 0.02539999999999999897 ), #850 );
#9 = FILL_AREA_STYLE ('',( #7917 ) ) ;
#10 = PRESENTATION_STYLE_ASSIGNMENT (( #7918 ) ) ;
#11 =( GEOMETRIC_REPRESENTATION_CONTEXT ( 3 ) GLOBAL_UNCERTAINTY_ASSIGNED_CONTEXT ( ( #731 ) ) GLOBAL_UNIT_ASSIGNED_CONTEXT ( ( #1826, #1649, #7937 ) ) REPRESENTATION_CONTEXT ( 'NONE', 'WORKASPACE' ) );
#12 = VERTEX_POINT ( 'NONE', #3876 ) ;
#13 = DIRECTION ( 'NONE',  ( 0.3630301527215994972, 0.9317773919853026277, 6.599852609774574981E-16 ) ) ;
#14 = CARTESIAN_POINT ( 'NONE',  ( 0.3560039370078686982, 0.1279527559055112229, -0.1826771653543329266 ) ) ;
#15 = DIRECTION ( 'NONE',  ( -1.644517855225997348E-15, 1.000000000000000000, -2.970554346222872930E-30 ) ) ;
#16 = DIRECTION ( 'NONE',  ( -1.817990202823693835E-15, 0.0000000000000000000, 1.000000000000000000 ) ) ;
#17 = CARTESIAN_POINT ( 'NONE',  ( 0.2660249164800734811, 0.08464566929133782169, -0.1604330708661441673 ) ) ;
#18 = DIRECTION ( 'NONE',  ( -1.644517855225997348E-15, 1.000000000000000000, -2.970554346222872930E-30 ) ) ;
#19 = FILL_AREA_STYLE ('',( #7010 ) ) ;
#20 = CARTESIAN_POINT ( 'NONE',  ( 0.4104330708661357296, 0.1358267716535427883, 0.01496062992125766176 ) ) ;
#21 = ORIENTED_EDGE ( 'NONE', *, *, #4304, .T. ) ;
#22 = CIRCLE ( 'NONE', #925, 0.005905511811023602016 ) ;
#23 = VERTEX_POINT ( 'NONE', #7446 ) ;
#24 = DIRECTION ( 'NONE',  ( 1.817990202823693835E-15, 0.0000000000000000000, -1.000000000000000000 ) ) ;
#25 = ORIENTED_EDGE ( 'NONE', *, *, #11336, .F. ) ;
#26 =( NAMED_UNIT ( * ) PLANE_ANGLE_UNIT ( ) SI_UNIT ( $, .RADIAN. ) );
#27 = DIRECTION ( 'NONE',  ( 0.8789799039125325564, -0.4626210020592155248, 0.1156552505148055882 ) ) ;
#28 = VECTOR ( 'NONE', #8283, 39.37007874015748143 ) ;
#29 = DIRECTION ( 'NONE',  ( 0.5643446851342062143, 0.8255392639728129645, 0.0000000000000000000 ) ) ;
#30 =( CONVERSION_BASED_UNIT ( 'INCH', #9759 ) LENGTH_UNIT ( ) NAMED_UNIT ( #6592 ) );
#31 = CARTESIAN_POINT ( 'NONE',  ( 0.3186023622047189918, 0.1476377952755898726, -0.1490157480314983629 ) ) ;
#32 =( LENGTH_UNIT ( ) NAMED_UNIT ( * ) SI_UNIT ( $, .METRE. ) );
#33 = SURFACE_SIDE_STYLE ('',( #4200 ) ) ;
#34 = PLANE ( 'NONE',  #2885 ) ;
#35 =( NAMED_UNIT ( * ) SI_UNIT ( $, .STERADIAN. ) SOLID_ANGLE_UNIT ( ) );
#36 = VERTEX_POINT ( 'NONE', #4099 ) ;
#37 = PRESENTATION_LAYER_ASSIGNMENT (  '', '', ( #9470 ) ) ;
#38 = DIRECTION ( 'NONE',  ( 1.817990202823693835E-15, 0.0000000000000000000, -1.000000000000000000 ) ) ;
#39 = ORIENTED_EDGE ( 'NONE', *, *, #1318, .F. ) ;
#40 = EDGE_CURVE ( 'NONE', #6698, #9654, #2240, .T. ) ;
#41 = LINE ( 'NONE', #3559, #8248 ) ;
#42 = ORIENTED_EDGE ( 'NONE', *, *, #11307, .F. ) ;
#43 = EDGE_CURVE ( 'NONE', #5784, #10717, #9259, .T. ) ;
#44 = CARTESIAN_POINT ( 'NONE',  ( 0.4805418239949941217, 0.09291338582677124980, -0.01043307086614376697 ) ) ;
#45 = PRESENTATION_LAYER_ASSIGNMENT (  '', '', ( #7780 ) ) ;
#46 = DIRECTION ( 'NONE',  ( 1.817990202823693835E-15, 0.0000000000000000000, -1.000000000000000000 ) ) ;
#47 = COLOUR_RGB ( '',1.000000000000000000, 1.000000000000000000, 1.000000000000000000 ) ;
#48 = CARTESIAN_POINT ( 'NONE',  ( 0.3560039370078680876, 0.1279527559055112229, -0.03267716535433293212 ) ) ;
#49 = FILL_AREA_STYLE ('',( #902 ) ) ;
#50 = VERTEX_POINT ( 'NONE', #9374 ) ;
#51 = VERTEX_POINT ( 'NONE', #10134 ) ;
#52 = ORIENTED_EDGE ( 'NONE', *, *, #11446, .F. ) ;
#53 = ADVANCED_FACE ( 'NONE', ( #3228 ), #382, .T. ) ;
#54 = LINE ( 'NONE', #8079, #11259 ) ;
#55 = VERTEX_POINT ( 'NONE', #10963 ) ;
#56 = VECTOR ( 'NONE', #5417, 39.37007874015748143 ) ;
#57 = EDGE_CURVE ( 'NONE', #7121, #4358, #2138, .T. ) ;
#58 = DIRECTION ( 'NONE',  ( 1.000000000000000000, 1.644517855225996559E-15, 1.817990202823693835E-15 ) ) ;
#59 = UNCERTAINTY_MEASURE_WITH_UNIT (LENGTH_MEASURE( 1.000000000000000082E-05 ), #10010, 'distance_accuracy_value', 'NONE');
#60 = ORIENTED_EDGE ( 'NONE', *, *, #3888, .F. ) ;
#61 = FACE_OUTER_BOUND ( 'NONE', #8522, .T. ) ;
#62 =( LENGTH_UNIT ( ) NAMED_UNIT ( * ) SI_UNIT ( $, .METRE. ) );
#63 = CARTESIAN_POINT ( 'NONE',  ( 0.3809055118110186711, 0.1476377952755899559, -0.2875984251968526917 ) ) ;
#64 = VERTEX_POINT ( 'NONE', #10546 ) ;
#65 = SURFACE_STYLE_FILL_AREA ( #7976 ) ;
#66 = ADVANCED_FACE ( 'NONE', ( #662 ), #777, .F. ) ;
#67 = CARTESIAN_POINT ( 'NONE',  ( 0.3186023622047186588, 0.1476377952755898726, -0.05649606299212831667 ) ) ;
#68 = DIRECTION ( 'NONE',  ( 1.000000000000000000, 1.644517855225996559E-15, 1.817990202823693835E-15 ) ) ;
#69 = CARTESIAN_POINT ( 'NONE',  ( 0.2660249164800739252, 0.08937007874015670539, -0.2761811023622072203 ) ) ;
#70 = UNCERTAINTY_MEASURE_WITH_UNIT (LENGTH_MEASURE( 1.000000000000000082E-05 ), #4341, 'distance_accuracy_value', 'NONE');
#71 = DIRECTION ( 'NONE',  ( 1.817990202823693835E-15, 0.0000000000000000000, -1.000000000000000000 ) ) ;
#72 = CARTESIAN_POINT ( 'NONE',  ( 0.4073818897637744296, 0.1240157480314798000, -0.2312992125984274228 ) ) ;
#73 = SURFACE_STYLE_FILL_AREA ( #7987 ) ;
#74 = ORIENTED_EDGE ( 'NONE', *, *, #7552, .T. ) ;
#75 = CARTESIAN_POINT ( 'NONE',  ( 0.4957861071419626398, 0.08937007874015708009, -0.02618110236220680051 ) ) ;
#76 = ORIENTED_EDGE ( 'NONE', *, *, #10397, .F. ) ;
#77 = VECTOR ( 'NONE', #11152, 39.37007874015748854 ) ;
#78 = ORIENTED_EDGE ( 'NONE', *, *, #8696, .F. ) ;
#79 = VECTOR ( 'NONE', #11225, 39.37007874015748854 ) ;
#80 = CARTESIAN_POINT ( 'NONE',  ( 0.2746062992125935520, 0.09645669291338507256, -0.2761811023622072203 ) ) ;
#81 = PLANE ( 'NONE',  #2810 ) ;
#82 =( GEOMETRIC_REPRESENTATION_CONTEXT ( 3 ) GLOBAL_UNCERTAINTY_ASSIGNED_CONTEXT ( ( #4568 ) ) GLOBAL_UNIT_ASSIGNED_CONTEXT ( ( #5727, #3185, #11142 ) ) REPRESENTATION_CONTEXT ( 'NONE', 'WORKASPACE' ) );
#83 = CARTESIAN_POINT ( 'NONE',  ( 0.3186023622047192694, 0.1476377952755898726, -0.1990157480314983796 ) ) ;
#84 = PLANE ( 'NONE',  #7253 ) ;
#85 = VERTEX_POINT ( 'NONE', #1609 ) ;
#86 = CARTESIAN_POINT ( 'NONE',  ( 0.4058070866141678668, 0.1448818897637632330, -0.1812992125984274061 ) ) ;
#87 = ORIENTED_EDGE ( 'NONE', *, *, #1390, .T. ) ;
#88 = DIRECTION ( 'NONE',  ( 1.000000000000000000, 1.644517855225996559E-15, 1.817990202823693835E-15 ) ) ;
#89 = MECHANICAL_DESIGN_GEOMETRIC_PRESENTATION_REPRESENTATION (  '', ( #5625 ), #10082 ) ;
#90 = ORIENTED_EDGE ( 'NONE', *, *, #2386, .F. ) ;
#91 = FACE_OUTER_BOUND ( 'NONE', #10112, .T. ) ;
#92 = EDGE_LOOP ( 'NONE', ( #939, #4889, #6382, #1366 ) ) ;
#93 = FACE_OUTER_BOUND ( 'NONE', #1700, .T. ) ;
#94 = DIRECTION ( 'NONE',  ( -0.3630301527216025503, 0.9317773919853011844, -6.599852609774626257E-16 ) ) ;
#95 = CARTESIAN_POINT ( 'NONE',  ( 0.4805418239949951209, 0.09291338582677124980, -0.2761811023622068317 ) ) ;
#96 = VECTOR ( 'NONE', #4742, 39.37007874015748143 ) ;
#97 = FILL_AREA_STYLE ('',( #8011 ) ) ;
#98 = CARTESIAN_POINT ( 'NONE',  ( 0.2421027395222933032, 0.07204724409448738653, 0.05270078740157230213 ) ) ;
#99 = VERTEX_POINT ( 'NONE', #605 ) ;
#100 = EDGE_CURVE ( 'NONE', #3932, #7329, #5014, .T. ) ;
#101 = ORIENTED_EDGE ( 'NONE', *, *, #3861, .F. ) ;
#102 = EDGE_CURVE ( 'NONE', #10052, #4961, #1721, .T. ) ;
#103 =( GEOMETRIC_REPRESENTATION_CONTEXT ( 3 ) GLOBAL_UNCERTAINTY_ASSIGNED_CONTEXT ( ( #4349 ) ) GLOBAL_UNIT_ASSIGNED_CONTEXT ( ( #8433, #10079, #3883 ) ) REPRESENTATION_CONTEXT ( 'NONE', 'WORKASPACE' ) );
#104 = ORIENTED_EDGE ( 'NONE', *, *, #3421, .T. ) ;
#105 = CARTESIAN_POINT ( 'NONE',  ( 0.2421027395222939971, 0.05905511811023542168, -0.1604330708661442506 ) ) ;
#106 = EDGE_CURVE ( 'NONE', #9767, #597, #5937, .T. ) ;
#107 = ORIENTED_EDGE ( 'NONE', *, *, #7876, .F. ) ;
#108 = DIRECTION ( 'NONE',  ( -1.817990202823693835E-15, 0.0000000000000000000, 1.000000000000000000 ) ) ;
#109 = ORIENTED_EDGE ( 'NONE', *, *, #4359, .T. ) ;
#110 = PRESENTATION_STYLE_ASSIGNMENT (( #8028 ) ) ;
#111 = CARTESIAN_POINT ( 'NONE',  ( 0.4058070866141675892, 0.1240157480314955235, 0.008070866141730076784 ) ) ;
#112 = MECHANICAL_DESIGN_GEOMETRIC_PRESENTATION_REPRESENTATION (  '', ( #4365 ), #8995 ) ;
#113 = SURFACE_SIDE_STYLE ('',( #4517 ) ) ;
#114 = LINE ( 'NONE', #8090, #9959 ) ;
#115 = FACE_OUTER_BOUND ( 'NONE', #10354, .T. ) ;
#116 = EDGE_CURVE ( 'NONE', #2447, #1849, #5994, .T. ) ;
#117 = VECTOR ( 'NONE', #7595, 39.37007874015748143 ) ;
#118 = ORIENTED_EDGE ( 'NONE', *, *, #1606, .F. ) ;
#119 = EDGE_CURVE ( 'NONE', #3791, #5464, #9543, .T. ) ;
#120 = LENGTH_MEASURE_WITH_UNIT ( LENGTH_MEASURE( 0.02539999999999999897 ), #7053 );
#121 = FACE_OUTER_BOUND ( 'NONE', #7786, .T. ) ;
#122 = DIRECTION ( 'NONE',  ( -1.817990202823693835E-15, 0.0000000000000000000, 1.000000000000000000 ) ) ;
#123 = STYLED_ITEM ( 'NONE', ( #11348 ), #66 ) ;
#124 = LENGTH_MEASURE_WITH_UNIT ( LENGTH_MEASURE( 0.02539999999999999897 ), #8098 );
#125 =( GEOMETRIC_REPRESENTATION_CONTEXT ( 3 ) GLOBAL_UNCERTAINTY_ASSIGNED_CONTEXT ( ( #8395 ) ) GLOBAL_UNIT_ASSIGNED_CONTEXT ( ( #2898, #6311, #10742 ) ) REPRESENTATION_CONTEXT ( 'NONE', 'WORKASPACE' ) );
#126 = PRESENTATION_LAYER_ASSIGNMENT (  '', '', ( #9006 ) ) ;
#127 = DIRECTION ( 'NONE',  ( -1.817990202823693835E-15, 0.0000000000000000000, 1.000000000000000000 ) ) ;
#128 = DIRECTION ( 'NONE',  ( 1.817990202823693835E-15, 0.0000000000000000000, -1.000000000000000000 ) ) ;
#129 = PRESENTATION_STYLE_ASSIGNMENT (( #6378 ) ) ;
#130 = EDGE_CURVE ( 'NONE', #11344, #4881, #6109, .T. ) ;
#131 = DIRECTION ( 'NONE',  ( -1.000000000000000000, -1.644517855225997348E-15, -1.817990202823693441E-15 ) ) ;
#132 = AXIS2_PLACEMENT_3D ( 'NONE', #5356, #9712, #10900 ) ;
#133 = VECTOR ( 'NONE', #827, 39.37007874015748143 ) ;
#134 = ORIENTED_EDGE ( 'NONE', *, *, #10816, .F. ) ;
#135 = ADVANCED_FACE ( 'NONE', ( #5233 ), #1661, .T. ) ;
#136 = DIRECTION ( 'NONE',  ( 1.000000000000000000, 1.644517855225996559E-15, 1.817990202823693835E-15 ) ) ;
#137 = VERTEX_POINT ( 'NONE', #2650 ) ;
#138 = CARTESIAN_POINT ( 'NONE',  ( 0.4957861071419628618, 0.08464566929133819639, -0.07618110236220680676 ) ) ;
#139 = ORIENTED_EDGE ( 'NONE', *, *, #1608, .T. ) ;
#140 = VECTOR ( 'NONE', #7179, 39.37007874015748143 ) ;
#141 = SURFACE_SIDE_STYLE ('',( #990 ) ) ;
#142 = PLANE ( 'NONE',  #2632 ) ;
#143 = FACE_OUTER_BOUND ( 'NONE', #10754, .T. ) ;
#144 = EDGE_CURVE ( 'NONE', #8233, #3398, #7838, .T. ) ;
#145 = MECHANICAL_DESIGN_GEOMETRIC_PRESENTATION_REPRESENTATION (  '', ( #318 ), #7884 ) ;
#146 = PLANE ( 'NONE',  #10012 ) ;
#147 = ORIENTED_EDGE ( 'NONE', *, *, #3522, .T. ) ;
#148 = AXIS2_PLACEMENT_3D ( 'NONE', #6112, #7957, #5136 ) ;
#149 = VECTOR ( 'NONE', #7963, 39.37007874015748143 ) ;
#150 = SURFACE_STYLE_USAGE ( .BOTH. , #1116 ) ;
#151 = VERTEX_POINT ( 'NONE', #3447 ) ;
#152 = LINE ( 'NONE', #10111, #5822 ) ;
#153 = VERTEX_POINT ( 'NONE', #6980 ) ;
#155 = CARTESIAN_POINT ( 'NONE',  ( 0.4058070866141681443, 0.1279527559055112784, -0.2039370078740179171 ) ) ;
#154 = VECTOR ( 'NONE', #9756, 39.37007874015748143 ) ;
#156 = VERTEX_POINT ( 'NONE', #11469 ) ;
#157 = LINE ( 'NONE', #4950, #10997 ) ;
#158 = SURFACE_STYLE_USAGE ( .BOTH. , #1777 ) ;
#159 = PRESENTATION_STYLE_ASSIGNMENT (( #6292 ) ) ;
#160 = CARTESIAN_POINT ( 'NONE',  ( 0.4432086614173171291, 0.1476377952755900669, -0.08759842519685250017 ) ) ;
#161 =( NAMED_UNIT ( * ) PLANE_ANGLE_UNIT ( ) SI_UNIT ( $, .RADIAN. ) );
#162 = CIRCLE ( 'NONE', #10916, 0.01299212598425197526 ) ;
#163 = ORIENTED_EDGE ( 'NONE', *, *, #8386, .T. ) ;
#164 = VERTEX_POINT ( 'NONE', #4152 ) ;
#165 = SURFACE_STYLE_FILL_AREA ( #9957 ) ;
#166 = VERTEX_POINT ( 'NONE', #11236 ) ;
#167 = COLOUR_RGB ( '',0.7607843137254901578, 0.7607843137254901578, 0.0000000000000000000 ) ;
#168 = CARTESIAN_POINT ( 'NONE',  ( 0.2175196850393648351, 0.06259842519684954976, -0.1683070866141757604 ) ) ;
#169 = UNCERTAINTY_MEASURE_WITH_UNIT (LENGTH_MEASURE( 1.000000000000000082E-05 ), #5820, 'distance_accuracy_value', 'NONE');
#170 = VERTEX_POINT ( 'NONE', #1068 ) ;
#171 = CARTESIAN_POINT ( 'NONE',  ( 0.5142056617061284696, 0.06990336523983428640, -0.1261811023622067540 ) ) ;
#172 = CARTESIAN_POINT ( 'NONE',  ( 0.3560039370078691978, 0.1240157480314954541, -0.2549212598425219523 ) ) ;
#173 = DIRECTION ( 'NONE',  ( 1.817990202823693835E-15, 0.0000000000000000000, -1.000000000000000000 ) ) ;
#174 = SURFACE_SIDE_STYLE ('',( #8979 ) ) ;
#175 = DIRECTION ( 'NONE',  ( 0.8849182223819943571, 0.4657464328325994773, 1.608772658590624482E-15 ) ) ;
#176 = ORIENTED_EDGE ( 'NONE', *, *, #3590, .T. ) ;
#177 = AXIS2_PLACEMENT_3D ( 'NONE', #10192, #9486, #4965 ) ;
#178 = DIMENSIONAL_EXPONENTS ( 1.000000000000000000, 0.0000000000000000000, 0.0000000000000000000, 0.0000000000000000000, 0.0000000000000000000, 0.0000000000000000000, 0.0000000000000000000 ) ;
#179 = DIRECTION ( 'NONE',  ( -1.154489273450654979E-15, 0.9701425001453140018, -0.2425356250364040234 ) ) ;
#180 = DIRECTION ( 'NONE',  ( 1.000000000000000000, 1.644517855225996559E-15, 1.817990202823693835E-15 ) ) ;
#181 = ADVANCED_FACE ( 'NONE', ( #8899 ), #1127, .T. ) ;
#182 = DIRECTION ( 'NONE',  ( 0.9317773919853008513, 0.3630301527216037161, 2.891205793294688483E-15 ) ) ;
#183 = EDGE_CURVE ( 'NONE', #11287, #4794, #7199, .T. ) ;
#184 = AXIS2_PLACEMENT_3D ( 'NONE', #7128, #4255, #3549 ) ;
#185 = UNCERTAINTY_MEASURE_WITH_UNIT (LENGTH_MEASURE( 1.000000000000000082E-05 ), #4726, 'distance_accuracy_value', 'NONE');
#186 = CARTESIAN_POINT ( 'NONE',  ( 0.2421027395222940526, 0.05905511811023542168, -0.1761811023622072703 ) ) ;
#187 = EDGE_CURVE ( 'NONE', #1812, #10542, #4670, .T. ) ;
#188 = SURFACE_STYLE_USAGE ( .BOTH. , #7221 ) ;
#189 = SURFACE_STYLE_USAGE ( .BOTH. , #5270 ) ;
#190 = PLANE ( 'NONE',  #5742 ) ;
#191 = CARTESIAN_POINT ( 'NONE',  ( 0.4432086614173170735, 0.1476377952755900669, -0.05649606299212811544 ) ) ;
#192 = DIRECTION ( 'NONE',  ( -0.3630301527215995527, -0.9317773919853026277, -6.599852609774574981E-16 ) ) ;
#193 = VERTEX_POINT ( 'NONE', #213 ) ;
#194 = EDGE_CURVE ( 'NONE', #8370, #8760, #3565, .T. ) ;
#195 = SURFACE_SIDE_STYLE ('',( #6616 ) ) ;
#196 =( LENGTH_UNIT ( ) NAMED_UNIT ( * ) SI_UNIT ( $, .METRE. ) );
#197 = EDGE_CURVE ( 'NONE', #6858, #1672, #1889, .T. ) ;
#198 = CARTESIAN_POINT ( 'NONE',  ( 0.3821850393700727544, 0.1448818897637632053, -0.03129921259842747411 ) ) ;
#199 = LINE ( 'NONE', #8176, #6532 ) ;
#200 = VECTOR ( 'NONE', #8259, 39.37007874015748143 ) ;
#201 = CARTESIAN_POINT ( 'NONE',  ( 0.4432086614173172401, 0.1535433070866137062, -0.09901574803149817972 ) ) ;
#202 = PLANE ( 'NONE',  #7685 ) ;
#203 = ORIENTED_EDGE ( 'NONE', *, *, #2890, .T. ) ;
#204 = LINE ( 'NONE', #7304, #7095 ) ;
#205 = VERTEX_POINT ( 'NONE', #3801 ) ;
#206 = CARTESIAN_POINT ( 'NONE',  ( 0.3186023622047187143, 0.1535433070866134841, -0.08759842519685272222 ) ) ;
#207 = VERTEX_POINT ( 'NONE', #5469 ) ;
#208 = EDGE_CURVE ( 'NONE', #2522, #565, #7316, .T. ) ;
#209 = COLOUR_RGB ( '',1.000000000000000000, 1.000000000000000000, 1.000000000000000000 ) ;
#210 = ORIENTED_EDGE ( 'NONE', *, *, #5632, .T. ) ;
#211 = PLANE ( 'NONE',  #7810 ) ;
#212 = CARTESIAN_POINT ( 'NONE',  ( 0.3560039370078679766, 0.1240157480314954541, 0.1080708661417300043 ) ) ;
#213 = CARTESIAN_POINT ( 'NONE',  ( 0.2476053619159075403, 0.06990336523983385619, -0.01043307086614417636 ) ) ;
#214 = DIRECTION ( 'NONE',  ( 0.3630301527216025503, -0.9317773919853011844, 6.599852609774626257E-16 ) ) ;
#215 = FILL_AREA_STYLE ('',( #8193 ) ) ;
#216 =( NAMED_UNIT ( * ) PLANE_ANGLE_UNIT ( ) SI_UNIT ( $, .RADIAN. ) );
#217 = ORIENTED_EDGE ( 'NONE', *, *, #8084, .F. ) ;
#218 = ORIENTED_EDGE ( 'NONE', *, *, #258, .T. ) ;
#219 = SURFACE_STYLE_USAGE ( .BOTH. , #8200 ) ;
#220 = ORIENTED_EDGE ( 'NONE', *, *, #826, .T. ) ;
#221 = AXIS2_PLACEMENT_3D ( 'NONE', #8383, #6546, #1270 ) ;
#222 = FILL_AREA_STYLE_COLOUR ( '', #4939 ) ;
#223 = VECTOR ( 'NONE', #5690, 39.37007874015748143 ) ;
#224 = ORIENTED_EDGE ( 'NONE', *, *, #4934, .T. ) ;
#225 = DIRECTION ( 'NONE',  ( 0.3630301527215994972, 0.9317773919853026277, 6.599852609774574981E-16 ) ) ;
#226 = CARTESIAN_POINT ( 'NONE',  ( 0.4957861071419625287, 0.08464566929133819639, 0.05270078740157278091 ) ) ;
#227 = SURFACE_STYLE_USAGE ( .BOTH. , #4629 ) ;
#228 =( NAMED_UNIT ( * ) SI_UNIT ( $, .STERADIAN. ) SOLID_ANGLE_UNIT ( ) );
#229 = CARTESIAN_POINT ( 'NONE',  ( 0.2746062992125925528, 0.09645669291338507256, -0.02618110236220720990 ) ) ;
#230 = CARTESIAN_POINT ( 'NONE',  ( 0.2175196850393642245, 0.06614173228346371947, -0.01043307086614424402 ) ) ;
#231 = EDGE_LOOP ( 'NONE', ( #9381, #9838, #6954, #3938 ) ) ;
#232 = MECHANICAL_DESIGN_GEOMETRIC_PRESENTATION_REPRESENTATION (  '', ( #767 ), #6139 ) ;
#233 = CARTESIAN_POINT ( 'NONE',  ( 0.3821850393700738091, 0.1240157480314797583, -0.2564960629921282931 ) ) ;
#234 = VECTOR ( 'NONE', #2564, 39.37007874015748143 ) ;
#235 = DIMENSIONAL_EXPONENTS ( 1.000000000000000000, 0.0000000000000000000, 0.0000000000000000000, 0.0000000000000000000, 0.0000000000000000000, 0.0000000000000000000, 0.0000000000000000000 ) ;
#236 = COLOUR_RGB ( '',0.7607843137254901578, 0.7607843137254901578, 0.0000000000000000000 ) ;
#237 = DIRECTION ( 'NONE',  ( 1.817990202823693835E-15, 0.0000000000000000000, -1.000000000000000000 ) ) ;
#238 = PLANE ( 'NONE',  #1055 ) ;
#239 = CARTESIAN_POINT ( 'NONE',  ( 0.2421027395222943024, 0.07204724409448738653, -0.1972992125984277256 ) ) ;
#240 = FACE_OUTER_BOUND ( 'NONE', #4662, .T. ) ;
#241 = CARTESIAN_POINT ( 'NONE',  ( 0.4957861071419626398, 0.08937007874015708009, -0.01043307086614376697 ) ) ;
#242 = PRESENTATION_STYLE_ASSIGNMENT (( #9980 ) ) ;
#243 = PRESENTATION_STYLE_ASSIGNMENT (( #2086 ) ) ;
#244 = ORIENTED_EDGE ( 'NONE', *, *, #4345, .F. ) ;
#245 = EDGE_CURVE ( 'NONE', #2013, #3370, #6169, .T. ) ;
#246 = SURFACE_STYLE_FILL_AREA ( #9924 ) ;
#247 = EDGE_CURVE ( 'NONE', #3100, #64, #7510, .T. ) ;
#248 = AXIS2_PLACEMENT_3D ( 'NONE', #31, #5284, #4657 ) ;
#249 =( NAMED_UNIT ( * ) SI_UNIT ( $, .STERADIAN. ) SOLID_ANGLE_UNIT ( ) );
#250 = SURFACE_STYLE_USAGE ( .BOTH. , #10099 ) ;
#251 = CARTESIAN_POINT ( 'NONE',  ( 0.4872047244094439566, 0.08937007874015708009, -0.2604330708661438121 ) ) ;
#252 = CARTESIAN_POINT ( 'NONE',  ( 0.4058070866141680333, 0.1240157480314955235, -0.09192913385826995132 ) ) ;
#253 = COLOUR_RGB ( '',0.7607843137254901578, 0.7607843137254901578, 0.0000000000000000000 ) ;
#254 =( LENGTH_UNIT ( ) NAMED_UNIT ( * ) SI_UNIT ( $, .METRE. ) );
#255 = EDGE_LOOP ( 'NONE', ( #999, #11444, #5893, #7742 ) ) ;
#256 = EDGE_CURVE ( 'NONE', #3807, #2526, #952, .T. ) ;
#257 = EDGE_LOOP ( 'NONE', ( #4190, #6676, #5242, #10645 ) ) ;
#258 = EDGE_CURVE ( 'NONE', #5866, #7116, #2877, .T. ) ;
#259 = DIRECTION ( 'NONE',  ( 1.817990202823693835E-15, 0.0000000000000000000, -1.000000000000000000 ) ) ;
#260 = ORIENTED_EDGE ( 'NONE', *, *, #10477, .T. ) ;
#261 = ORIENTED_EDGE ( 'NONE', *, *, #4437, .T. ) ;
#262 = DIRECTION ( 'NONE',  ( -1.817990202823693835E-15, 0.0000000000000000000, 1.000000000000000000 ) ) ;
#263 = DIRECTION ( 'NONE',  ( -1.817990202823693835E-15, 0.0000000000000000000, 1.000000000000000000 ) ) ;
#264 = LINE ( 'NONE', #8008, #7879 ) ;
#265 = DIRECTION ( 'NONE',  ( -0.5643446851342082127, 0.8255392639728115212, -9.035018104045874885E-16 ) ) ;
#266 = STYLED_ITEM ( 'NONE', ( #8476 ), #1149 ) ;
#267 =( NAMED_UNIT ( * ) PLANE_ANGLE_UNIT ( ) SI_UNIT ( $, .RADIAN. ) );
#268 = EDGE_CURVE ( 'NONE', #10063, #10494, #4498, .T. ) ;
#269 = SURFACE_SIDE_STYLE ('',( #10123 ) ) ;
#270 = EDGE_LOOP ( 'NONE', ( #10021, #6629, #10801, #1781 ) ) ;
#271 = EDGE_CURVE ( 'NONE', #5812, #2447, #264, .T. ) ;
#272 = EDGE_LOOP ( 'NONE', ( #5924, #9415, #9430, #9442 ) ) ;
#273 = LENGTH_MEASURE_WITH_UNIT ( LENGTH_MEASURE( 0.02539999999999999897 ), #1785 );
#274 = ORIENTED_EDGE ( 'NONE', *, *, #8197, .F. ) ;
#275 = FACE_OUTER_BOUND ( 'NONE', #9643, .T. ) ;
#276 = PRESENTATION_LAYER_ASSIGNMENT (  '', '', ( #3418 ) ) ;
#277 = VERTEX_POINT ( 'NONE', #2768 ) ;
#278 = CARTESIAN_POINT ( 'NONE',  ( 0.5442913385826719797, 0.06614173228346426070, -0.1604330708661436400 ) ) ;
#279 = FILL_AREA_STYLE ('',( #9964 ) ) ;
#280 = VECTOR ( 'NONE', #8803, 39.37007874015747433 ) ;
#281 =( LENGTH_UNIT ( ) NAMED_UNIT ( * ) SI_UNIT ( $, .METRE. ) );
#282 = ORIENTED_EDGE ( 'NONE', *, *, #8457, .F. ) ;
#283 = CARTESIAN_POINT ( 'NONE',  ( 0.2421027395222933865, 0.07204724409448738653, -0.01043307086614424402 ) ) ;
#284 = MECHANICAL_DESIGN_GEOMETRIC_PRESENTATION_REPRESENTATION (  '', ( #7497 ), #10287 ) ;
#285 = DIRECTION ( 'NONE',  ( 0.9317773919853027387, -0.3630301527215988866, 2.628368902995161236E-15 ) ) ;
#286 = VECTOR ( 'NONE', #10417, 39.37007874015748143 ) ;
#287 = UNCERTAINTY_MEASURE_WITH_UNIT (LENGTH_MEASURE( 1.000000000000000082E-05 ), #1352, 'distance_accuracy_value', 'NONE');
#288 = CARTESIAN_POINT ( 'NONE',  ( 0.2421027395222936085, 0.05905511811023542168, -0.06043307086614425200 ) ) ;
#289 = MECHANICAL_DESIGN_GEOMETRIC_PRESENTATION_REPRESENTATION (  '', ( #6946 ), #6021 ) ;
#290 = DIRECTION ( 'NONE',  ( -1.817990202823693835E-15, 0.0000000000000000000, 1.000000000000000000 ) ) ;
#291 =( CONVERSION_BASED_UNIT ( 'INCH', #8219 ) LENGTH_UNIT ( ) NAMED_UNIT ( #3649 ) );
#292 = PRESENTATION_STYLE_ASSIGNMENT (( #8220 ) ) ;
#293 = DIRECTION ( 'NONE',  ( 1.000000000000000000, 1.644517855225996559E-15, -1.817990202823693835E-15 ) ) ;
#294 = FILL_AREA_STYLE ('',( #8222 ) ) ;
#295 = VECTOR ( 'NONE', #1158, 39.37007874015748143 ) ;
#296 = ORIENTED_EDGE ( 'NONE', *, *, #8616, .F. ) ;
#297 = AXIS2_PLACEMENT_3D ( 'NONE', #2333, #8463, #8401 ) ;
#298 =( LENGTH_UNIT ( ) NAMED_UNIT ( * ) SI_UNIT ( $, .METRE. ) );
#299 = MECHANICAL_DESIGN_GEOMETRIC_PRESENTATION_REPRESENTATION (  '', ( #7508 ), #5095 ) ;
#300 = DIRECTION ( 'NONE',  ( -1.000000000000000000, -1.644517855225996559E-15, -1.817990202823693835E-15 ) ) ;
#301 = DIRECTION ( 'NONE',  ( 1.817990202823693835E-15, 0.0000000000000000000, -1.000000000000000000 ) ) ;
#302 = VECTOR ( 'NONE', #8661, 39.37007874015748143 ) ;
#303 = VECTOR ( 'NONE', #8420, 39.37007874015748854 ) ;
#304 = CARTESIAN_POINT ( 'NONE',  ( 0.5108267716535385139, 0.05905511811023586577, -0.2486220472440965334 ) ) ;
#305 = MECHANICAL_DESIGN_GEOMETRIC_PRESENTATION_REPRESENTATION (  '', ( #7325 ), #9934 ) ;
#306 =( LENGTH_UNIT ( ) NAMED_UNIT ( * ) SI_UNIT ( $, .METRE. ) );
#307 = DIRECTION ( 'NONE',  ( -1.000000000000000000, -1.644517855225996559E-15, -1.817990202823693835E-15 ) ) ;
#308 = ORIENTED_EDGE ( 'NONE', *, *, #2670, .T. ) ;
#309 = STYLED_ITEM ( 'NONE', ( #3578 ), #7315 ) ;
#310 = FILL_AREA_STYLE_COLOUR ( '', #11436 ) ;
#311 =( LENGTH_UNIT ( ) NAMED_UNIT ( * ) SI_UNIT ( $, .METRE. ) );
#312 = EDGE_LOOP ( 'NONE', ( #10960, #6533, #7385, #5476 ) ) ;
#313 =( CONVERSION_BASED_UNIT ( 'INCH', #5687 ) LENGTH_UNIT ( ) NAMED_UNIT ( #6385 ) );
#314 = ORIENTED_EDGE ( 'NONE', *, *, #7740, .T. ) ;
#315 =( GEOMETRIC_REPRESENTATION_CONTEXT ( 3 ) GLOBAL_UNCERTAINTY_ASSIGNED_CONTEXT ( ( #9229 ) ) GLOBAL_UNIT_ASSIGNED_CONTEXT ( ( #3216, #7729, #1487 ) ) REPRESENTATION_CONTEXT ( 'NONE', 'WORKASPACE' ) );
#316 = ORIENTED_EDGE ( 'NONE', *, *, #194, .F. ) ;
#317 = ADVANCED_FACE ( 'NONE', ( #8570 ), #5040, .F. ) ;
#318 = STYLED_ITEM ( 'NONE', ( #5439 ), #3930 ) ;
#319 =( NAMED_UNIT ( * ) PLANE_ANGLE_UNIT ( ) SI_UNIT ( $, .RADIAN. ) );
#320 =( LENGTH_UNIT ( ) NAMED_UNIT ( * ) SI_UNIT ( $, .METRE. ) );
#321 = EDGE_CURVE ( 'NONE', #5859, #4797, #3311, .T. ) ;
#322 = DIMENSIONAL_EXPONENTS ( 1.000000000000000000, 0.0000000000000000000, 0.0000000000000000000, 0.0000000000000000000, 0.0000000000000000000, 0.0000000000000000000, 0.0000000000000000000 ) ;
#323 = FILL_AREA_STYLE_COLOUR ( '', #3523 ) ;
#324 =( GEOMETRIC_REPRESENTATION_CONTEXT ( 3 ) GLOBAL_UNCERTAINTY_ASSIGNED_CONTEXT ( ( #2965 ) ) GLOBAL_UNIT_ASSIGNED_CONTEXT ( ( #6187, #4278, #9727 ) ) REPRESENTATION_CONTEXT ( 'NONE', 'WORKASPACE' ) );
#325 = ADVANCED_FACE ( 'NONE', ( #5911 ), #1523, .F. ) ;
#326 = VECTOR ( 'NONE', #1076, 39.37007874015747433 ) ;
#327 = FACE_OUTER_BOUND ( 'NONE', #11383, .T. ) ;
#328 = CARTESIAN_POINT ( 'NONE',  ( 0.5076025148337944826, 0.06733071061424766857, -0.2761811023622067762 ) ) ;
#329 = EDGE_LOOP ( 'NONE', ( #3021, #6846, #5901, #5880 ) ) ;
#330 = PRESENTATION_LAYER_ASSIGNMENT (  '', '', ( #7905 ) ) ;
#331 = EDGE_LOOP ( 'NONE', ( #10480, #9788, #10839, #9905 ) ) ;
#332 = CARTESIAN_POINT ( 'NONE',  ( 0.2421027395222940526, 0.07204724409448738653, -0.1761811023622072703 ) ) ;
#333 = ORIENTED_EDGE ( 'NONE', *, *, #5825, .T. ) ;
#334 = VECTOR ( 'NONE', #608, 39.37007874015748143 ) ;
#335 = EDGE_CURVE ( 'NONE', #2057, #2784, #1797, .T. ) ;
#336 = DIRECTION ( 'NONE',  ( 1.000000000000000000, 1.644517855225996559E-15, 1.817990202823693835E-15 ) ) ;
#337 = LENGTH_MEASURE_WITH_UNIT ( LENGTH_MEASURE( 0.02539999999999999897 ), #7445 );
#338 = ADVANCED_FACE ( 'NONE', ( #8346 ), #5097, .T. ) ;
#339 = VECTOR ( 'NONE', #10691, 39.37007874015748143 ) ;
#340 = ORIENTED_EDGE ( 'NONE', *, *, #6688, .F. ) ;
#341 = LINE ( 'NONE', #9142, #2601 ) ;
#342 = CARTESIAN_POINT ( 'NONE',  ( 0.5174299185258763867, 0.06162777273582249055, -0.04862204724409645989 ) ) ;
#343 =( CONVERSION_BASED_UNIT ( 'INCH', #1192 ) LENGTH_UNIT ( ) NAMED_UNIT ( #2842 ) );
#344 = CARTESIAN_POINT ( 'NONE',  ( 0.5442913385826719797, 0.06614173228346426070, -0.1486220472440963891 ) ) ;
#345 = ORIENTED_EDGE ( 'NONE', *, *, #3663, .T. ) ;
#346 = SHAPE_DEFINITION_REPRESENTATION ( #6753, #10601 ) ;
#347 =( LENGTH_UNIT ( ) NAMED_UNIT ( * ) SI_UNIT ( $, .METRE. ) );
#348 = VERTEX_POINT ( 'NONE', #6198 ) ;
#349 = SURFACE_STYLE_USAGE ( .BOTH. , #10083 ) ;
#350 = EDGE_CURVE ( 'NONE', #8916, #8479, #10451, .T. ) ;
#351 = SURFACE_STYLE_FILL_AREA ( #10028 ) ;
#352 = SURFACE_SIDE_STYLE ('',( #1982 ) ) ;
#353 = VECTOR ( 'NONE', #4047, 39.37007874015748143 ) ;
#354 = CARTESIAN_POINT ( 'NONE',  ( 0.5197082840997424569, 0.06614173228346423294, -0.07618110236220675124 ) ) ;
#355 = SURFACE_STYLE_USAGE ( .BOTH. , #3069 ) ;
#356 = FACE_OUTER_BOUND ( 'NONE', #3579, .T. ) ;
#357 = ORIENTED_EDGE ( 'NONE', *, *, #5645, .T. ) ;
#358 = PRESENTATION_LAYER_ASSIGNMENT (  '', '', ( #4621 ) ) ;
#359 = LENGTH_MEASURE_WITH_UNIT ( LENGTH_MEASURE( 0.02539999999999999897 ), #1215 );
#360 = SURFACE_STYLE_FILL_AREA ( #467 ) ;
#361 = LINE ( 'NONE', #8459, #4506 ) ;
#362 = LINE ( 'NONE', #4540, #28 ) ;
#363 = DIRECTION ( 'NONE',  ( 1.817990202823693835E-15, 0.0000000000000000000, -1.000000000000000000 ) ) ;
#364 = VERTEX_POINT ( 'NONE', #9807 ) ;
#365 = ORIENTED_EDGE ( 'NONE', *, *, #10394, .F. ) ;
#366 = VERTEX_POINT ( 'NONE', #1863 ) ;
#367 = CARTESIAN_POINT ( 'NONE',  ( 0.2476053619159085395, 0.06990336523983385619, -0.2604330708661442007 ) ) ;
#368 =( NAMED_UNIT ( * ) PLANE_ANGLE_UNIT ( ) SI_UNIT ( $, .RADIAN. ) );
#369 = LINE ( 'NONE', #3913, #1872 ) ;
#370 = CARTESIAN_POINT ( 'NONE',  ( 0.4432086614173180172, 0.1535433070866137062, -0.2875984251968525252 ) ) ;
#371 = FILL_AREA_STYLE ('',( #9305 ) ) ;
#372 = DIMENSIONAL_EXPONENTS ( 1.000000000000000000, 0.0000000000000000000, 0.0000000000000000000, 0.0000000000000000000, 0.0000000000000000000, 0.0000000000000000000, 0.0000000000000000000 ) ;
#373 = CARTESIAN_POINT ( 'NONE',  ( 0.5142056617061284696, 0.06990336523983428640, -0.1261811023622067540 ) ) ;
#374 = DIRECTION ( 'NONE',  ( 1.817990202823693835E-15, 0.0000000000000000000, -1.000000000000000000 ) ) ;
#375 = ORIENTED_EDGE ( 'NONE', *, *, #5346, .F. ) ;
#376 = EDGE_CURVE ( 'NONE', #3398, #10050, #6949, .T. ) ;
#377 = ORIENTED_EDGE ( 'NONE', *, *, #10786, .F. ) ;
#378 = EDGE_CURVE ( 'NONE', #5170, #5812, #8625, .T. ) ;
#379 = CARTESIAN_POINT ( 'NONE',  ( 0.3821850393700738091, 0.1448818897637632053, -0.2812992125984274949 ) ) ;
#380 = ORIENTED_EDGE ( 'NONE', *, *, #8453, .F. ) ;
#381 = CARTESIAN_POINT ( 'NONE',  ( 0.5197082840997423459, 0.07204724409448784450, -0.08931496062992320961 ) ) ;
#382 = PLANE ( 'NONE',  #10114 ) ;
#383 = DIRECTION ( 'NONE',  ( -1.817990202823693835E-15, 0.0000000000000000000, 1.000000000000000000 ) ) ;
#384 =( LENGTH_UNIT ( ) NAMED_UNIT ( * ) SI_UNIT ( $, .METRE. ) );
#385 = SURFACE_STYLE_USAGE ( .BOTH. , #2838 ) ;
#386 = ORIENTED_EDGE ( 'NONE', *, *, #9686, .F. ) ;
#387 = ADVANCED_FACE ( 'NONE', ( #3481 ), #1745, .T. ) ;
#388 = DIMENSIONAL_EXPONENTS ( 1.000000000000000000, 0.0000000000000000000, 0.0000000000000000000, 0.0000000000000000000, 0.0000000000000000000, 0.0000000000000000000, 0.0000000000000000000 ) ;
#389 = DIRECTION ( 'NONE',  ( -1.000000000000000000, -1.644517855225996559E-15, -1.817990202823693835E-15 ) ) ;
#390 = EDGE_CURVE ( 'NONE', #2016, #1618, #9681, .T. ) ;
#391 = ORIENTED_EDGE ( 'NONE', *, *, #9099, .F. ) ;
#392 = COLOUR_RGB ( '',0.7607843137254901578, 0.7607843137254901578, 0.0000000000000000000 ) ;
#393 = CARTESIAN_POINT ( 'NONE',  ( 0.4781496062992067198, 0.06299212598425155130, 0.02657480314960426054 ) ) ;
#394 =( NAMED_UNIT ( * ) PLANE_ANGLE_UNIT ( ) SI_UNIT ( $, .RADIAN. ) );
#395 = UNCERTAINTY_MEASURE_WITH_UNIT (LENGTH_MEASURE( 1.000000000000000082E-05 ), #3011, 'distance_accuracy_value', 'NONE');
#396 = DIRECTION ( 'NONE',  ( 1.000000000000000000, 1.644517855225996559E-15, 1.817990202823693835E-15 ) ) ;
#397 = LENGTH_MEASURE_WITH_UNIT ( LENGTH_MEASURE( 0.02539999999999999897 ), #4916 );
#398 = VECTOR ( 'NONE', #4859, 39.37007874015748143 ) ;
#399 = CARTESIAN_POINT ( 'NONE',  ( 0.4957861071419636390, 0.08464566929133819639, -0.2604330708661438121 ) ) ;
#400 = ORIENTED_EDGE ( 'NONE', *, *, #8585, .F. ) ;
#401 = EDGE_CURVE ( 'NONE', #6060, #2156, #1640, .T. ) ;
#402 = LINE ( 'NONE', #3950, #2142 ) ;
#403 = DIRECTION ( 'NONE',  ( 0.0000000000000000000, 1.000000000000000000, 0.0000000000000000000 ) ) ;
#404 = ORIENTED_EDGE ( 'NONE', *, *, #10258, .T. ) ;
#405 = CARTESIAN_POINT ( 'NONE',  ( 0.3821850393700735871, 0.1448818897637632053, -0.2053149606299235486 ) ) ;
#407 = CARTESIAN_POINT ( 'NONE',  ( 0.3821850393700729764, 0.1448818897637632053, -0.05531496062992350554 ) ) ;
#406 = CIRCLE ( 'NONE', #7984, 0.004724409448818893235 ) ;
#408 = PLANE ( 'NONE',  #4411 ) ;
#409 = MECHANICAL_DESIGN_GEOMETRIC_PRESENTATION_REPRESENTATION (  '', ( #2643 ), #6711 ) ;
#410 = UNCERTAINTY_MEASURE_WITH_UNIT (LENGTH_MEASURE( 1.000000000000000082E-05 ), #5273, 'distance_accuracy_value', 'NONE');
#411 = FILL_AREA_STYLE_COLOUR ( '', #10802 ) ;
#412 = LENGTH_MEASURE_WITH_UNIT ( LENGTH_MEASURE( 0.02539999999999999897 ), #3901 );
#413 = FACE_OUTER_BOUND ( 'NONE', #3872, .T. ) ;
#414 = DIRECTION ( 'NONE',  ( -1.817990202823693835E-15, 0.0000000000000000000, 1.000000000000000000 ) ) ;
#415 = ORIENTED_EDGE ( 'NONE', *, *, #3453, .F. ) ;
#416 = CARTESIAN_POINT ( 'NONE',  ( 0.2421027395222933865, 0.06614173228346377498, -0.01043307086614424402 ) ) ;
#417 = EDGE_LOOP ( 'NONE', ( #10202, #9939, #9873, #5403 ) ) ;
#418 = MECHANICAL_DESIGN_GEOMETRIC_PRESENTATION_REPRESENTATION (  '', ( #7245 ), #1912 ) ;
#419 = EDGE_LOOP ( 'NONE', ( #11294, #496, #7548, #924 ) ) ;
#420 = LINE ( 'NONE', #2163, #223 ) ;
#421 = PRESENTATION_LAYER_ASSIGNMENT (  '', '', ( #2845 ) ) ;
#422 = UNCERTAINTY_MEASURE_WITH_UNIT (LENGTH_MEASURE( 1.000000000000000082E-05 ), #3931, 'distance_accuracy_value', 'NONE');
#423 = DIRECTION ( 'NONE',  ( 0.0000000000000000000, -1.000000000000000000, 0.0000000000000000000 ) ) ;
#424 = ORIENTED_EDGE ( 'NONE', *, *, #5409, .T. ) ;
#425 = DIRECTION ( 'NONE',  ( -1.000000000000000000, -1.644517855225997348E-15, -1.817990202823693441E-15 ) ) ;
#426 = CARTESIAN_POINT ( 'NONE',  ( 0.2660249164800739252, 0.09645669291338505869, -0.2761811023622072203 ) ) ;
#427 = SURFACE_STYLE_USAGE ( .BOTH. , #4728 ) ;
#428 = CARTESIAN_POINT ( 'NONE',  ( 0.4058070866141678668, 0.1240157480314798000, -0.1564960629921281765 ) ) ;
#429 = LINE ( 'NONE', #4202, #11453 ) ;
#430 = ORIENTED_EDGE ( 'NONE', *, *, #10981, .F. ) ;
#431 = ORIENTED_EDGE ( 'NONE', *, *, #11182, .T. ) ;
#432 = ORIENTED_EDGE ( 'NONE', *, *, #6853, .T. ) ;
#433 = SURFACE_STYLE_USAGE ( .BOTH. , #3169 ) ;
#434 = VECTOR ( 'NONE', #6693, 39.37007874015748854 ) ;
#435 = PRESENTATION_STYLE_ASSIGNMENT (( #8363 ) ) ;
#436 = LINE ( 'NONE', #11015, #8697 ) ;
#437 = STYLED_ITEM ( 'NONE', ( #3820 ), #9379 ) ;
#438 = FILL_AREA_STYLE_COLOUR ( '', #5088 ) ;
#439 = LINE ( 'NONE', #3987, #6438 ) ;
#440 = EDGE_CURVE ( 'NONE', #5144, #11342, #4931, .T. ) ;
#441 = EDGE_CURVE ( 'NONE', #3668, #3262, #7927, .T. ) ;
#442 = DIRECTION ( 'NONE',  ( 1.000000000000000000, 1.644517855225996559E-15, 1.817990202823693835E-15 ) ) ;
#443 = VERTEX_POINT ( 'NONE', #6894 ) ;
#444 = DIMENSIONAL_EXPONENTS ( 1.000000000000000000, 0.0000000000000000000, 0.0000000000000000000, 0.0000000000000000000, 0.0000000000000000000, 0.0000000000000000000, 0.0000000000000000000 ) ;
#445 = ORIENTED_EDGE ( 'NONE', *, *, #1803, .T. ) ;
#446 = AXIS2_PLACEMENT_3D ( 'NONE', #9320, #8429, #1500 ) ;
#447 = DIRECTION ( 'NONE',  ( 1.000000000000000000, 1.644517855225996559E-15, 1.817990202823693835E-15 ) ) ;
#448 = EDGE_CURVE ( 'NONE', #2181, #5105, #7062, .T. ) ;
#449 =( LENGTH_UNIT ( ) NAMED_UNIT ( * ) SI_UNIT ( $, .METRE. ) );
#450 = CYLINDRICAL_SURFACE ( 'NONE', #9445, 0.01299212598425197353 ) ;
#451 = VECTOR ( 'NONE', #3307, 39.37007874015748143 ) ;
#452 = CARTESIAN_POINT ( 'NONE',  ( 0.3513779527558994475, 0.1358267716535427050, 0.01496062992125752646 ) ) ;
#453 = SURFACE_STYLE_FILL_AREA ( #1269 ) ;
#454 = EDGE_CURVE ( 'NONE', #5408, #5529, #1810, .T. ) ;
#455 = CARTESIAN_POINT ( 'NONE',  ( 0.2421027395222944412, 0.06614173228346377498, -0.2604330708661442562 ) ) ;
#456 = VECTOR ( 'NONE', #1556, 39.37007874015748143 ) ;
#457 = ORIENTED_EDGE ( 'NONE', *, *, #8904, .F. ) ;
#458 = CARTESIAN_POINT ( 'NONE',  ( 0.3186023622047193804, 0.1476377952755898726, -0.2375984251968527028 ) ) ;
#459 = ORIENTED_EDGE ( 'NONE', *, *, #4163, .F. ) ;
#460 = CARTESIAN_POINT ( 'NONE',  ( 0.2550196716928486707, 0.08893342700064765793, -0.07618110236220720921 ) ) ;
#461 =( NAMED_UNIT ( * ) PLANE_ANGLE_UNIT ( ) SI_UNIT ( $, .RADIAN. ) );
#462 = DIMENSIONAL_EXPONENTS ( 1.000000000000000000, 0.0000000000000000000, 0.0000000000000000000, 0.0000000000000000000, 0.0000000000000000000, 0.0000000000000000000, 0.0000000000000000000 ) ;
#463 = STYLED_ITEM ( 'NONE', ( #5357 ), #9897 ) ;
#464 = CARTESIAN_POINT ( 'NONE',  ( 0.2175196850393644188, 0.06259842519684954976, -0.06830708661417576877 ) ) ;
#465 = CARTESIAN_POINT ( 'NONE',  ( 0.4957861071419636390, 0.08464566929133819639, -0.2604330708661438121 ) ) ;
#466 = EDGE_CURVE ( 'NONE', #1620, #10925, #6268, .T. ) ;
#467 = FILL_AREA_STYLE ('',( #411 ) ) ;
#468 = SURFACE_SIDE_STYLE ('',( #10218 ) ) ;
#469 = ADVANCED_FACE ( 'NONE', ( #10694 ), #2738, .T. ) ;
#470 = FILL_AREA_STYLE ('',( #10164 ) ) ;
#471 = VECTOR ( 'NONE', #9414, 39.37007874015748143 ) ;
#472 = LINE ( 'NONE', #1525, #5479 ) ;
#473 = VERTEX_POINT ( 'NONE', #2789 ) ;
#474 = VECTOR ( 'NONE', #5684, 39.37007874015748143 ) ;
#475 = FILL_AREA_STYLE_COLOUR ( '', #9523 ) ;
#476 = AXIS2_PLACEMENT_3D ( 'NONE', #9120, #4542, #5345 ) ;
#477 = VERTEX_POINT ( 'NONE', #5509 ) ;
#478 = CARTESIAN_POINT ( 'NONE',  ( 0.3821850393700735316, 0.1240157480314797583, -0.1812992125984274894 ) ) ;
#479 = ORIENTED_EDGE ( 'NONE', *, *, #7762, .F. ) ;
#480 = EDGE_CURVE ( 'NONE', #597, #2016, #3462, .T. ) ;
#481 =( GEOMETRIC_REPRESENTATION_CONTEXT ( 3 ) GLOBAL_UNCERTAINTY_ASSIGNED_CONTEXT ( ( #5851 ) ) GLOBAL_UNIT_ASSIGNED_CONTEXT ( ( #6836, #9506, #3474 ) ) REPRESENTATION_CONTEXT ( 'NONE', 'WORKASPACE' ) );
#482 = LINE ( 'NONE', #7554, #9286 ) ;
#483 = VECTOR ( 'NONE', #6505, 39.37007874015748143 ) ;
#484 = DIRECTION ( 'NONE',  ( -1.000000000000000000, -1.644517855225996559E-15, -1.817990202823693835E-15 ) ) ;
#485 = CARTESIAN_POINT ( 'NONE',  ( 0.3186023622047193804, 0.1535433070866134841, -0.2375984251968527028 ) ) ;
#486 = ORIENTED_EDGE ( 'NONE', *, *, #2043, .F. ) ;
#487 = SURFACE_STYLE_USAGE ( .BOTH. , #8414 ) ;
#488 =( CONVERSION_BASED_UNIT ( 'INCH', #8245 ) LENGTH_UNIT ( ) NAMED_UNIT ( #3056 ) );
#489 =( GEOMETRIC_REPRESENTATION_CONTEXT ( 3 ) GLOBAL_UNCERTAINTY_ASSIGNED_CONTEXT ( ( #10748 ) ) GLOBAL_UNIT_ASSIGNED_CONTEXT ( ( #11004, #368, #10399 ) ) REPRESENTATION_CONTEXT ( 'NONE', 'WORKASPACE' ) );
#490 = FACE_OUTER_BOUND ( 'NONE', #1989, .T. ) ;
#491 = VECTOR ( 'NONE', #1835, 39.37007874015748143 ) ;
#492 = DIRECTION ( 'NONE',  ( 1.000000000000000000, 1.644517855225996559E-15, 1.817990202823693835E-15 ) ) ;
#493 = EDGE_LOOP ( 'NONE', ( #7616, #9719, #9539, #5121, #10736, #11295 ) ) ;
#494 = ORIENTED_EDGE ( 'NONE', *, *, #3577, .F. ) ;
#495 = COLOUR_RGB ( '',0.7607843137254901578, 0.7607843137254901578, 0.0000000000000000000 ) ;
#496 = ORIENTED_EDGE ( 'NONE', *, *, #7675, .F. ) ;
#497 = STYLED_ITEM ( 'NONE', ( #10866 ), #520 ) ;
#498 = SURFACE_SIDE_STYLE ('',( #9375 ) ) ;
#499 = CARTESIAN_POINT ( 'NONE',  ( 0.5197082840997427899, 0.05905511811023587965, -0.1604330708661436955 ) ) ;
#500 = LINE ( 'NONE', #4051, #5248 ) ;
#501 = PRESENTATION_LAYER_ASSIGNMENT (  '', '', ( #2732 ) ) ;
#502 = VERTEX_POINT ( 'NONE', #2850 ) ;
#503 = SURFACE_STYLE_FILL_AREA ( #6591 ) ;
#504 = VECTOR ( 'NONE', #2605, 39.37007874015748143 ) ;
#505 =( NAMED_UNIT ( * ) PLANE_ANGLE_UNIT ( ) SI_UNIT ( $, .RADIAN. ) );
#506 = ORIENTED_EDGE ( 'NONE', *, *, #1670, .T. ) ;
#507 = PLANE ( 'NONE',  #2559 ) ;
#508 = UNCERTAINTY_MEASURE_WITH_UNIT (LENGTH_MEASURE( 1.000000000000000082E-05 ), #3898, 'distance_accuracy_value', 'NONE');
#509 = PLANE ( 'NONE',  #3562 ) ;
#510 = CARTESIAN_POINT ( 'NONE',  ( 0.4957861071419634724, 0.08937007874015708009, -0.2104330708661437954 ) ) ;
#511 =( NAMED_UNIT ( * ) PLANE_ANGLE_UNIT ( ) SI_UNIT ( $, .RADIAN. ) );
#512 = CARTESIAN_POINT ( 'NONE',  ( 0.4957861071419630283, 0.08464566929133819639, -0.1261811023622068095 ) ) ;
#513 = DIRECTION ( 'NONE',  ( 1.817990202823693835E-15, 0.0000000000000000000, -1.000000000000000000 ) ) ;
#514 = ORIENTED_EDGE ( 'NONE', *, *, #7628, .T. ) ;
#515 = VECTOR ( 'NONE', #10160, 39.37007874015748143 ) ;
#516 = CARTESIAN_POINT ( 'NONE',  ( 0.3821850393700734760, 0.1448818897637632053, -0.1812992125984274894 ) ) ;
#517 = EDGE_CURVE ( 'NONE', #11021, #8550, #5670, .T. ) ;
#518 = DIRECTION ( 'NONE',  ( -1.000000000000000000, -1.644517855225996559E-15, -1.817990202823693835E-15 ) ) ;
#519 = LINE ( 'NONE', #7471, #11059 ) ;
#520 = ADVANCED_FACE ( 'NONE', ( #3016 ), #5561, .F. ) ;
#521 = ADVANCED_FACE ( 'NONE', ( #10980 ), #8991, .F. ) ;
#522 =( LENGTH_UNIT ( ) NAMED_UNIT ( * ) SI_UNIT ( $, .METRE. ) );
#523 = DIMENSIONAL_EXPONENTS ( 1.000000000000000000, 0.0000000000000000000, 0.0000000000000000000, 0.0000000000000000000, 0.0000000000000000000, 0.0000000000000000000, 0.0000000000000000000 ) ;
#524 = LINE ( 'NONE', #11207, #3372 ) ;
#525 = CARTESIAN_POINT ( 'NONE',  ( 0.5442913385826720907, 0.05905511811023591434, -0.2104330708661436566 ) ) ;
#526 = DIRECTION ( 'NONE',  ( 1.817990202823693835E-15, 0.0000000000000000000, -1.000000000000000000 ) ) ;
#527 = ORIENTED_EDGE ( 'NONE', *, *, #9396, .F. ) ;
#528 = ORIENTED_EDGE ( 'NONE', *, *, #7607, .T. ) ;
#529 = EDGE_CURVE ( 'NONE', #4907, #2210, #2195, .T. ) ;
#530 = AXIS2_PLACEMENT_3D ( 'NONE', #10070, #10844, #3814 ) ;
#531 = SURFACE_SIDE_STYLE ('',( #8466 ) ) ;
#532 = ORIENTED_EDGE ( 'NONE', *, *, #9191, .T. ) ;
#533 = EDGE_CURVE ( 'NONE', #11199, #51, #3092, .T. ) ;
#534 = LINE ( 'NONE', #5111, #10420 ) ;
#535 = DIRECTION ( 'NONE',  ( 1.817990202823693835E-15, 0.0000000000000000000, -1.000000000000000000 ) ) ;
#536 = UNCERTAINTY_MEASURE_WITH_UNIT (LENGTH_MEASURE( 1.000000000000000082E-05 ), #7222, 'distance_accuracy_value', 'NONE');
#537 = MECHANICAL_DESIGN_GEOMETRIC_PRESENTATION_REPRESENTATION (  '', ( #7189 ), #2970 ) ;
#538 = VERTEX_POINT ( 'NONE', #5726 ) ;
#539 = DIRECTION ( 'NONE',  ( -1.644517855225997348E-15, 1.000000000000000000, -2.970554346222872930E-30 ) ) ;
#540 = FILL_AREA_STYLE ('',( #3976 ) ) ;
#541 = FACE_OUTER_BOUND ( 'NONE', #3164, .T. ) ;
#542 = ORIENTED_EDGE ( 'NONE', *, *, #6764, .F. ) ;
#543 = ADVANCED_FACE ( 'NONE', ( #5781 ), #8559, .T. ) ;
#544 = ORIENTED_EDGE ( 'NONE', *, *, #8156, .T. ) ;
#545 = COLOUR_RGB ( '',0.7607843137254901578, 0.7607843137254901578, 0.0000000000000000000 ) ;
#546 =( NAMED_UNIT ( * ) SI_UNIT ( $, .STERADIAN. ) SOLID_ANGLE_UNIT ( ) );
#547 = ORIENTED_EDGE ( 'NONE', *, *, #11029, .T. ) ;
#548 = DIRECTION ( 'NONE',  ( -1.817990202823693835E-15, 0.0000000000000000000, 1.000000000000000000 ) ) ;
#549 = LINE ( 'NONE', #5816, #3827 ) ;
#550 = CARTESIAN_POINT ( 'NONE',  ( 0.2746062992125925528, 0.08937007874015673314, -0.01043307086614417636 ) ) ;
#551 = DIRECTION ( 'NONE',  ( -0.8789799039125308910, -0.4626210020592183003, -0.1156552505148055743 ) ) ;
#552 = DIRECTION ( 'NONE',  ( 1.000000000000000000, 1.644517855225996559E-15, 1.817990202823693835E-15 ) ) ;
#553 = AXIS2_PLACEMENT_3D ( 'NONE', #6351, #9248, #214 ) ;
#554 = PLANE ( 'NONE',  #1342 ) ;
#555 = ORIENTED_EDGE ( 'NONE', *, *, #8810, .T. ) ;
#556 = SURFACE_STYLE_USAGE ( .BOTH. , #3120 ) ;
#557 = SURFACE_STYLE_USAGE ( .BOTH. , #1443 ) ;
#558 = ORIENTED_EDGE ( 'NONE', *, *, #5551, .F. ) ;
#559 =( GEOMETRIC_REPRESENTATION_CONTEXT ( 3 ) GLOBAL_UNCERTAINTY_ASSIGNED_CONTEXT ( ( #4112 ) ) GLOBAL_UNIT_ASSIGNED_CONTEXT ( ( #7022, #9701, #4480 ) ) REPRESENTATION_CONTEXT ( 'NONE', 'WORKASPACE' ) );
#560 = PRESENTATION_STYLE_ASSIGNMENT (( #1447 ) ) ;
#561 =( LENGTH_UNIT ( ) NAMED_UNIT ( * ) SI_UNIT ( $, .METRE. ) );
#562 =( CONVERSION_BASED_UNIT ( 'INCH', #8499 ) LENGTH_UNIT ( ) NAMED_UNIT ( #8511 ) );
#563 =( LENGTH_UNIT ( ) NAMED_UNIT ( * ) SI_UNIT ( $, .METRE. ) );
#564 = DIRECTION ( 'NONE',  ( 1.817990202823693835E-15, 0.0000000000000000000, -1.000000000000000000 ) ) ;
#565 = VERTEX_POINT ( 'NONE', #4804 ) ;
#566 = STYLED_ITEM ( 'NONE', ( #10281 ), #6353 ) ;
#567 = DIRECTION ( 'NONE',  ( 1.000000000000000000, 1.644517855225996559E-15, 1.817990202823693835E-15 ) ) ;
#568 = DIRECTION ( 'NONE',  ( -1.000000000000000000, -1.644517855225996559E-15, -1.817990202823693835E-15 ) ) ;
#569 = FILL_AREA_STYLE_COLOUR ( '', #1224 ) ;
#570 = DIRECTION ( 'NONE',  ( -1.644517855225997348E-15, 1.000000000000000000, -2.970554346222872930E-30 ) ) ;
#571 = CARTESIAN_POINT ( 'NONE',  ( 0.4432086614173180172, 0.1476377952755900669, -0.2875984251968525252 ) ) ;
#572 = AXIS2_PLACEMENT_3D ( 'NONE', #6155, #817, #7127 ) ;
#573 = CARTESIAN_POINT ( 'NONE',  ( 0.2421027395222933865, 0.05905511811023542168, -0.01043307086614424402 ) ) ;
#574 = PRESENTATION_STYLE_ASSIGNMENT (( #10993 ) ) ;
#575 = ORIENTED_EDGE ( 'NONE', *, *, #1658, .F. ) ;
#576 = ADVANCED_FACE ( 'NONE', ( #4979 ), #10386, .F. ) ;
#577 = ADVANCED_FACE ( 'NONE', ( #10680 ), #7752, .T. ) ;
#578 = CARTESIAN_POINT ( 'NONE',  ( 0.2421027395222936363, 0.07204724409448738653, -0.07618110236220727860 ) ) ;
#579 = SURFACE_STYLE_USAGE ( .BOTH. , #3088 ) ;
#580 = ORIENTED_EDGE ( 'NONE', *, *, #660, .F. ) ;
#581 = CIRCLE ( 'NONE', #10613, 0.004724409448818895838 ) ;
#582 = VERTEX_POINT ( 'NONE', #4336 ) ;
#583 = VECTOR ( 'NONE', #7784, 39.37007874015748143 ) ;
#584 = CYLINDRICAL_SURFACE ( 'NONE', #8169, 0.005905511811023602016 ) ;
#585 = DIRECTION ( 'NONE',  ( 1.817990202823693835E-15, 0.0000000000000000000, -1.000000000000000000 ) ) ;
#586 = DIRECTION ( 'NONE',  ( 1.817990202823693835E-15, 0.0000000000000000000, -1.000000000000000000 ) ) ;
#587 = EDGE_CURVE ( 'NONE', #8670, #2764, #10620, .T. ) ;
#588 = DIRECTION ( 'NONE',  ( 0.0000000000000000000, -1.000000000000000000, 0.0000000000000000000 ) ) ;
#589 = VERTEX_POINT ( 'NONE', #683 ) ;
#590 = PLANE ( 'NONE',  #10585 ) ;
#591 = VECTOR ( 'NONE', #9963, 39.37007874015747433 ) ;
#592 = DIRECTION ( 'NONE',  ( -1.000000000000000000, -1.644517855225996559E-15, -1.817990202823693835E-15 ) ) ;
#593 = DIMENSIONAL_EXPONENTS ( 1.000000000000000000, 0.0000000000000000000, 0.0000000000000000000, 0.0000000000000000000, 0.0000000000000000000, 0.0000000000000000000, 0.0000000000000000000 ) ;
#594 = AXIS2_PLACEMENT_3D ( 'NONE', #6919, #2527, #1659 ) ;
#595 = EDGE_CURVE ( 'NONE', #1248, #9135, #1568, .T. ) ;
#596 = FACE_OUTER_BOUND ( 'NONE', #2187, .T. ) ;
#597 = VERTEX_POINT ( 'NONE', #6252 ) ;
#598 = EDGE_LOOP ( 'NONE', ( #3119, #8317, #4730, #7686, #7487, #3693, #10200, #10785, #757, #8909, #11301, #4156 ) ) ;
#599 = SURFACE_SIDE_STYLE ('',( #3282 ) ) ;
#600 = ORIENTED_EDGE ( 'NONE', *, *, #2678, .T. ) ;
#601 = CIRCLE ( 'NONE', #4129, 0.01181102362204724220 ) ;
#602 =( NAMED_UNIT ( * ) SI_UNIT ( $, .STERADIAN. ) SOLID_ANGLE_UNIT ( ) );
#603 =( NAMED_UNIT ( * ) SI_UNIT ( $, .STERADIAN. ) SOLID_ANGLE_UNIT ( ) );
#604 = ADVANCED_FACE ( 'NONE', ( #2666 ), #6011, .F. ) ;
#605 = CARTESIAN_POINT ( 'NONE',  ( 0.5076025148337933723, 0.06733071061424766857, -0.02618110236220673112 ) ) ;
#606 = CARTESIAN_POINT ( 'NONE',  ( 0.2542085087882432481, 0.06733071061424725223, -0.2761811023622072203 ) ) ;
#607 = CARTESIAN_POINT ( 'NONE',  ( 0.3821850393700734760, 0.1240157480314797583, -0.1564960629921282598 ) ) ;
#608 = DIRECTION ( 'NONE',  ( -1.817990202823693835E-15, 0.0000000000000000000, 1.000000000000000000 ) ) ;
#609 = EDGE_CURVE ( 'NONE', #8480, #3932, #3527, .T. ) ;
#610 = SURFACE_STYLE_FILL_AREA ( #10250 ) ;
#611 = PRESENTATION_LAYER_ASSIGNMENT (  '', '', ( #8955 ) ) ;
#612 = EDGE_LOOP ( 'NONE', ( #2524, #2397, #386, #5591 ) ) ;
#613 = ORIENTED_EDGE ( 'NONE', *, *, #9166, .T. ) ;
#614 = COLOUR_RGB ( '',0.7607843137254901578, 0.7607843137254901578, 0.0000000000000000000 ) ;
#615 = DIRECTION ( 'NONE',  ( -1.817990202823693835E-15, 0.0000000000000000000, 1.000000000000000000 ) ) ;
#616 = DIRECTION ( 'NONE',  ( 1.817990202823693835E-15, 0.0000000000000000000, -1.000000000000000000 ) ) ;
#617 = UNCERTAINTY_MEASURE_WITH_UNIT (LENGTH_MEASURE( 1.000000000000000082E-05 ), #9930, 'distance_accuracy_value', 'NONE');
#618 = FILL_AREA_STYLE_COLOUR ( '', #8360 ) ;
#619 = CARTESIAN_POINT ( 'NONE',  ( 0.2836614173228287905, 0.06299212598425124598, -0.3131889763779561742 ) ) ;
#620 = CARTESIAN_POINT ( 'NONE',  ( 0.5442913385826713135, 0.05905511811023591434, -0.01043307086614362993 ) ) ;
#621 = CARTESIAN_POINT ( 'NONE',  ( 0.2175196850393650849, 0.05905511811023538005, -0.2104330708661442673 ) ) ;
#622 = CARTESIAN_POINT ( 'NONE',  ( 0.2746062992125929414, 0.09645669291338507256, -0.1104330708661441784 ) ) ;
#623 = AXIS2_PLACEMENT_3D ( 'NONE', #11278, #8936, #6381 ) ;
#624 = ORIENTED_EDGE ( 'NONE', *, *, #9979, .T. ) ;
#625 = DIRECTION ( 'NONE',  ( 1.000000000000000000, 1.644517855225996559E-15, 1.817990202823693835E-15 ) ) ;
#626 = FILL_AREA_STYLE ('',( #689 ) ) ;
#627 = PRESENTATION_LAYER_ASSIGNMENT (  '', '', ( #5625 ) ) ;
#628 = DIRECTION ( 'NONE',  ( -1.000000000000000000, -1.644517855225996559E-15, -1.817990202823693835E-15 ) ) ;
#629 = VECTOR ( 'NONE', #3589, 39.37007874015748143 ) ;
#630 = DIRECTION ( 'NONE',  ( -1.644517855225997348E-15, 1.000000000000000000, -2.970554346222872930E-30 ) ) ;
#631 = SURFACE_SIDE_STYLE ('',( #4071 ) ) ;
#632 = AXIS2_PLACEMENT_3D ( 'NONE', #6010, #11195, #3243 ) ;
#633 = LENGTH_MEASURE_WITH_UNIT ( LENGTH_MEASURE( 0.02539999999999999897 ), #3258 );
#634 = FACE_OUTER_BOUND ( 'NONE', #7834, .T. ) ;
#635 = DIRECTION ( 'NONE',  ( 1.000000000000000000, 1.644517855225996559E-15, 1.817990202823693835E-15 ) ) ;
#636 = ORIENTED_EDGE ( 'NONE', *, *, #9112, .T. ) ;
#637 = DIRECTION ( 'NONE',  ( 1.644517855225997348E-15, -1.000000000000000000, 2.970554346222872930E-30 ) ) ;
#638 = ORIENTED_EDGE ( 'NONE', *, *, #9592, .F. ) ;
#639 = SURFACE_SIDE_STYLE ('',( #6850 ) ) ;
#640 = VECTOR ( 'NONE', #8722, 39.37007874015748854 ) ;
#641 = ORIENTED_EDGE ( 'NONE', *, *, #7032, .F. ) ;
#642 = DIRECTION ( 'NONE',  ( -1.817990202823693835E-15, 0.0000000000000000000, 1.000000000000000000 ) ) ;
#643 = CARTESIAN_POINT ( 'NONE',  ( 0.4957861071419632504, 0.08937007874015708009, -0.1761811023622067984 ) ) ;
#644 = VECTOR ( 'NONE', #9751, 39.37007874015748143 ) ;
#645 = DIRECTION ( 'NONE',  ( -1.817990202823693835E-15, 0.0000000000000000000, 1.000000000000000000 ) ) ;
#646 = CIRCLE ( 'NONE', #9729, 0.01299212598425197353 ) ;
#647 = VERTEX_POINT ( 'NONE', #5086 ) ;
#648 = PRESENTATION_STYLE_ASSIGNMENT (( #487 ) ) ;
#649 = DIRECTION ( 'NONE',  ( -1.000000000000000000, -1.644517855225996559E-15, -1.817990202823693835E-15 ) ) ;
#650 = LINE ( 'NONE', #9251, #11086 ) ;
#651 = ORIENTED_EDGE ( 'NONE', *, *, #9519, .T. ) ;
#652 = VERTEX_POINT ( 'NONE', #9612 ) ;
#653 = EDGE_CURVE ( 'NONE', #6190, #5272, #8622, .T. ) ;
#654 = PRESENTATION_LAYER_ASSIGNMENT (  '', '', ( #2342 ) ) ;
#655 = DIRECTION ( 'NONE',  ( -1.817990202823693835E-15, 0.0000000000000000000, 1.000000000000000000 ) ) ;
#656 = ORIENTED_EDGE ( 'NONE', *, *, #7247, .F. ) ;
#657 = AXIS2_PLACEMENT_3D ( 'NONE', #8263, #6587, #1315 ) ;
#658 = EDGE_CURVE ( 'NONE', #4794, #2626, #10504, .T. ) ;
#659 = PRESENTATION_STYLE_ASSIGNMENT (( #1552 ) ) ;
#660 = EDGE_CURVE ( 'NONE', #7532, #7067, #9209, .T. ) ;
#661 = FILL_AREA_STYLE ('',( #3227 ) ) ;
#662 = FACE_OUTER_BOUND ( 'NONE', #7504, .T. ) ;
#663 = DIRECTION ( 'NONE',  ( -1.644517855225997348E-15, 1.000000000000000000, -2.970554346222872930E-30 ) ) ;
#664 = COLOUR_RGB ( '',0.7607843137254901578, 0.7607843137254901578, 0.0000000000000000000 ) ;
#665 = FILL_AREA_STYLE ('',( #780 ) ) ;
#666 = LINE ( 'NONE', #6821, #1943 ) ;
#667 = SURFACE_STYLE_USAGE ( .BOTH. , #4904 ) ;
#668 = ORIENTED_EDGE ( 'NONE', *, *, #10927, .T. ) ;
#669 = STYLED_ITEM ( 'NONE', ( #7590 ), #7230 ) ;
#670 = VERTEX_POINT ( 'NONE', #6937 ) ;
#671 = EDGE_LOOP ( 'NONE', ( #5065, #2289, #7930, #6794 ) ) ;
#672 = DIMENSIONAL_EXPONENTS ( 1.000000000000000000, 0.0000000000000000000, 0.0000000000000000000, 0.0000000000000000000, 0.0000000000000000000, 0.0000000000000000000, 0.0000000000000000000 ) ;
#673 = EDGE_CURVE ( 'NONE', #5629, #11368, #8739, .T. ) ;
#674 = CARTESIAN_POINT ( 'NONE',  ( 0.4058070866141681998, 0.1240157480314955235, -0.2316929133858289802 ) ) ;
#675 = VERTEX_POINT ( 'NONE', #7855 ) ;
#676 = AXIS2_PLACEMENT_3D ( 'NONE', #6841, #6569, #4181 ) ;
#677 = CIRCLE ( 'NONE', #1231, 0.004724409448818893235 ) ;
#678 = CARTESIAN_POINT ( 'NONE',  ( 0.3186023622047189363, 0.1476377952755898726, -0.1375984251968526972 ) ) ;
#679 = ADVANCED_FACE ( 'NONE', ( #11428 ), #6997, .T. ) ;
#680 = CARTESIAN_POINT ( 'NONE',  ( 0.4872047244094436236, 0.09645669291338541951, -0.1761811023622067984 ) ) ;
#681 = MECHANICAL_DESIGN_GEOMETRIC_PRESENTATION_REPRESENTATION (  '', ( #2732 ), #8262 ) ;
#682 =( NAMED_UNIT ( * ) SI_UNIT ( $, .STERADIAN. ) SOLID_ANGLE_UNIT ( ) );
#683 = CARTESIAN_POINT ( 'NONE',  ( 0.2746062992125924418, 0.08937007874015673314, -0.3242125984252002269 ) ) ;
#684 = LENGTH_MEASURE_WITH_UNIT ( LENGTH_MEASURE( 0.02539999999999999897 ), #563 );
#685 = COLOUR_RGB ( '',1.000000000000000000, 1.000000000000000000, 1.000000000000000000 ) ;
#686 = AXIS2_PLACEMENT_3D ( 'NONE', #3469, #5199, #3408 ) ;
#687 = AXIS2_PLACEMENT_3D ( 'NONE', #7205, #7093, #908 ) ;
#688 = ORIENTED_EDGE ( 'NONE', *, *, #6830, .F. ) ;
#689 = FILL_AREA_STYLE_COLOUR ( '', #3797 ) ;
#690 = EDGE_CURVE ( 'NONE', #1368, #589, #114, .T. ) ;
#691 = CIRCLE ( 'NONE', #7893, 0.01299212598425196659 ) ;
#692 = FILL_AREA_STYLE_COLOUR ( '', #7529 ) ;
#693 = DIRECTION ( 'NONE',  ( 1.817990202823693835E-15, 0.0000000000000000000, -1.000000000000000000 ) ) ;
#694 = STYLED_ITEM ( 'NONE', ( #972 ), #792 ) ;
#695 = LENGTH_MEASURE_WITH_UNIT ( LENGTH_MEASURE( 0.02539999999999999897 ), #2443 );
#696 = STYLED_ITEM ( 'NONE', ( #3594 ), #4703 ) ;
#697 = CARTESIAN_POINT ( 'NONE',  ( 0.4058070866141676447, 0.1240157480314955235, -0.1049212598425219023 ) ) ;
#698 = VERTEX_POINT ( 'NONE', #7211 ) ;
#699 = FACE_OUTER_BOUND ( 'NONE', #10321, .T. ) ;
#700 = ORIENTED_EDGE ( 'NONE', *, *, #948, .T. ) ;
#701 = LINE ( 'NONE', #9631, #1970 ) ;
#702 = EDGE_LOOP ( 'NONE', ( #5228, #10146, #3601, #1222 ) ) ;
#703 =( GEOMETRIC_REPRESENTATION_CONTEXT ( 3 ) GLOBAL_UNCERTAINTY_ASSIGNED_CONTEXT ( ( #395 ) ) GLOBAL_UNIT_ASSIGNED_CONTEXT ( ( #3011, #10148, #8215 ) ) REPRESENTATION_CONTEXT ( 'NONE', 'WORKASPACE' ) );
#704 = DIRECTION ( 'NONE',  ( 1.000000000000000000, 1.644517855225996559E-15, 1.817990202823693835E-15 ) ) ;
#705 = CARTESIAN_POINT ( 'NONE',  ( 0.4058070866141679223, 0.1279527559055124442, -0.1812992125984274061 ) ) ;
#706 = LINE ( 'NONE', #2634, #3137 ) ;
#707 =( NAMED_UNIT ( * ) SI_UNIT ( $, .STERADIAN. ) SOLID_ANGLE_UNIT ( ) );
#708 = FILL_AREA_STYLE ('',( #6859 ) ) ;
#709 = VECTOR ( 'NONE', #5069, 39.37007874015748143 ) ;
#710 = PRESENTATION_STYLE_ASSIGNMENT (( #7945 ) ) ;
#711 = ORIENTED_EDGE ( 'NONE', *, *, #5905, .T. ) ;
#712 = VERTEX_POINT ( 'NONE', #6427 ) ;
#713 = VERTEX_POINT ( 'NONE', #3819 ) ;
#714 = COLOUR_RGB ( '',0.7607843137254901578, 0.7607843137254901578, 0.0000000000000000000 ) ;
#715 =( CONVERSION_BASED_UNIT ( 'INCH', #6168 ) LENGTH_UNIT ( ) NAMED_UNIT ( #593 ) );
#716 = DIRECTION ( 'NONE',  ( 1.817990202823693835E-15, 0.0000000000000000000, -1.000000000000000000 ) ) ;
#717 = SURFACE_STYLE_USAGE ( .BOTH. , #4385 ) ;
#718 =( NAMED_UNIT ( * ) PLANE_ANGLE_UNIT ( ) SI_UNIT ( $, .RADIAN. ) );
#719 = LINE ( 'NONE', #9782, #5810 ) ;
#720 = EDGE_CURVE ( 'NONE', #9310, #6417, #10798, .T. ) ;
#721 = FILL_AREA_STYLE_COLOUR ( '', #7623 ) ;
#722 = ORIENTED_EDGE ( 'NONE', *, *, #872, .T. ) ;
#723 = EDGE_CURVE ( 'NONE', #9087, #7378, #1251, .T. ) ;
#724 = AXIS2_PLACEMENT_3D ( 'NONE', #3757, #4842, #5545 ) ;
#725 = ORIENTED_EDGE ( 'NONE', *, *, #5707, .T. ) ;
#726 = EDGE_CURVE ( 'NONE', #9591, #3085, #9038, .T. ) ;
#727 = ORIENTED_EDGE ( 'NONE', *, *, #2604, .T. ) ;
#728 = ORIENTED_EDGE ( 'NONE', *, *, #2537, .T. ) ;
#729 = DIRECTION ( 'NONE',  ( 1.817990202823693835E-15, 0.0000000000000000000, -1.000000000000000000 ) ) ;
#730 =( NAMED_UNIT ( * ) SI_UNIT ( $, .STERADIAN. ) SOLID_ANGLE_UNIT ( ) );
#731 = UNCERTAINTY_MEASURE_WITH_UNIT (LENGTH_MEASURE( 1.000000000000000082E-05 ), #1826, 'distance_accuracy_value', 'NONE');
#732 = CARTESIAN_POINT ( 'NONE',  ( 0.5442913385826719797, 0.05905511811023591434, -0.1761811023622066597 ) ) ;
#733 = DIRECTION ( 'NONE',  ( -1.644517855225997348E-15, 1.000000000000000000, -2.989717349169496850E-30 ) ) ;
#734 = SURFACE_STYLE_FILL_AREA ( #3468 ) ;
#735 = DIRECTION ( 'NONE',  ( 1.000000000000000000, 1.644517855225996559E-15, 1.817990202823693835E-15 ) ) ;
#736 = DIRECTION ( 'NONE',  ( -0.9317773919853008513, -0.3630301527216037161, -2.891205793294688483E-15 ) ) ;
#737 = EDGE_CURVE ( 'NONE', #6708, #3233, #2782, .T. ) ;
#738 = ORIENTED_EDGE ( 'NONE', *, *, #3799, .T. ) ;
#739 = EDGE_CURVE ( 'NONE', #5189, #2526, #6479, .T. ) ;
#740 = SURFACE_STYLE_USAGE ( .BOTH. , #3306 ) ;
#741 =( NAMED_UNIT ( * ) SI_UNIT ( $, .STERADIAN. ) SOLID_ANGLE_UNIT ( ) );
#742 = AXIS2_PLACEMENT_3D ( 'NONE', #1708, #2636, #4369 ) ;
#743 = DIRECTION ( 'NONE',  ( -1.000000000000000000, -1.644517855225996559E-15, -1.817990202823693835E-15 ) ) ;
#744 = DIRECTION ( 'NONE',  ( 0.8789799039125325564, -0.4626210020592155248, 0.1156552505148055882 ) ) ;
#745 = DIRECTION ( 'NONE',  ( -1.000000000000000000, -1.644517855225996559E-15, -1.817990202823693835E-15 ) ) ;
#746 = DIMENSIONAL_EXPONENTS ( 1.000000000000000000, 0.0000000000000000000, 0.0000000000000000000, 0.0000000000000000000, 0.0000000000000000000, 0.0000000000000000000, 0.0000000000000000000 ) ;
#747 = UNCERTAINTY_MEASURE_WITH_UNIT (LENGTH_MEASURE( 1.000000000000000082E-05 ), #9009, 'distance_accuracy_value', 'NONE');
#748 = CARTESIAN_POINT ( 'NONE',  ( 0.2660249164800736477, 0.09645669291338505869, -0.2261811023622072314 ) ) ;
#749 = CYLINDRICAL_SURFACE ( 'NONE', #7264, 0.005905511811023628037 ) ;
#750 = EDGE_CURVE ( 'NONE', #5798, #9767, #10527, .T. ) ;
#751 = AXIS2_PLACEMENT_3D ( 'NONE', #1748, #869, #923 ) ;
#752 = SURFACE_STYLE_FILL_AREA ( #19 ) ;
#753 = DIRECTION ( 'NONE',  ( 1.000000000000000000, 1.644517855225996559E-15, 1.817990202823693835E-15 ) ) ;
#754 = ORIENTED_EDGE ( 'NONE', *, *, #378, .T. ) ;
#755 = LINE ( 'NONE', #4299, #2705 ) ;
#756 =( NAMED_UNIT ( * ) PLANE_ANGLE_UNIT ( ) SI_UNIT ( $, .RADIAN. ) );
#757 = ORIENTED_EDGE ( 'NONE', *, *, #7757, .T. ) ;
#758 = CARTESIAN_POINT ( 'NONE',  ( 0.4058070866141678668, 0.1448818897637632330, -0.1812992125984274061 ) ) ;
#759 = ORIENTED_EDGE ( 'NONE', *, *, #2502, .T. ) ;
#760 =( GEOMETRIC_REPRESENTATION_CONTEXT ( 3 ) GLOBAL_UNCERTAINTY_ASSIGNED_CONTEXT ( ( #11088 ) ) GLOBAL_UNIT_ASSIGNED_CONTEXT ( ( #6013, #1681, #5416 ) ) REPRESENTATION_CONTEXT ( 'NONE', 'WORKASPACE' ) );
#762 = DIRECTION ( 'NONE',  ( 1.000000000000000000, 1.644517855225996559E-15, 1.817990202823693835E-15 ) ) ;
#761 = PRESENTATION_LAYER_ASSIGNMENT (  '', '', ( #8927 ) ) ;
#763 = DIRECTION ( 'NONE',  ( 1.000000000000000000, 1.644517855225996559E-15, 1.817990202823693835E-15 ) ) ;
#764 = FACE_OUTER_BOUND ( 'NONE', #6806, .T. ) ;
#765 = CARTESIAN_POINT ( 'NONE',  ( 0.5442913385826713135, 0.06614173228346426070, -0.01043307086614362993 ) ) ;
#766 =( LENGTH_UNIT ( ) NAMED_UNIT ( * ) SI_UNIT ( $, .METRE. ) );
#767 = STYLED_ITEM ( 'NONE', ( #5452 ), #7170 ) ;
#768 = ORIENTED_EDGE ( 'NONE', *, *, #950, .F. ) ;
#769 = CARTESIAN_POINT ( 'NONE',  ( 0.3186023622047194359, 0.1476377952755898726, -0.2564960629921283486 ) ) ;
#770 = ORIENTED_EDGE ( 'NONE', *, *, #4423, .F. ) ;
#771 = CARTESIAN_POINT ( 'NONE',  ( 0.2421027395222938028, 0.07204724409448738653, -0.1104330708661442478 ) ) ;
#772 = ORIENTED_EDGE ( 'NONE', *, *, #480, .F. ) ;
#773 = FILL_AREA_STYLE ('',( #10305 ) ) ;
#774 = COLOUR_RGB ( '',0.7607843137254901578, 0.7607843137254901578, 0.0000000000000000000 ) ;
#775 = PRESENTATION_STYLE_ASSIGNMENT (( #3563 ) ) ;
#776 = VECTOR ( 'NONE', #6822, 39.37007874015748854 ) ;
#777 = CYLINDRICAL_SURFACE ( 'NONE', #5291, 0.004724409448818893235 ) ;
#778 = CARTESIAN_POINT ( 'NONE',  ( 0.3821850393700728654, 0.1240157480314797583, -0.03129921259842747411 ) ) ;
#779 = CARTESIAN_POINT ( 'NONE',  ( 0.3821850393700738646, 0.1240157480314797583, -0.2812992125984274949 ) ) ;
#780 = FILL_AREA_STYLE_COLOUR ( '', #2178 ) ;
#781 = DIRECTION ( 'NONE',  ( -2.891205793294679411E-15, 1.000000000000000000, 0.0000000000000000000 ) ) ;
#782 = CARTESIAN_POINT ( 'NONE',  ( 0.4058070866141676447, 0.1279527559055112784, -0.1039370078740179254 ) ) ;
#783 = ORIENTED_EDGE ( 'NONE', *, *, #3361, .F. ) ;
#784 = EDGE_LOOP ( 'NONE', ( #1057, #6851, #1632, #6414, #10595, #10605, #3840, #260, #6778, #9829, #4460, #10591 ) ) ;
#785 = VECTOR ( 'NONE', #934, 39.37007874015748143 ) ;
#786 = ORIENTED_EDGE ( 'NONE', *, *, #6749, .T. ) ;
#787 = CARTESIAN_POINT ( 'NONE',  ( 0.2542085087882421934, 0.06733071061424725223, -0.01043307086614417636 ) ) ;
#788 = ORIENTED_EDGE ( 'NONE', *, *, #3861, .T. ) ;
#789 = PRESENTATION_STYLE_ASSIGNMENT (( #8732 ) ) ;
#790 = DIRECTION ( 'NONE',  ( -1.817990202823693835E-15, 0.0000000000000000000, 1.000000000000000000 ) ) ;
#791 = DIRECTION ( 'NONE',  ( 1.817990202823693835E-15, 0.0000000000000000000, -1.000000000000000000 ) ) ;
#792 = ADVANCED_FACE ( 'NONE', ( #4686 ), #10849, .T. ) ;
#793 = LINE ( 'NONE', #11364, #2317 ) ;
#794 = CARTESIAN_POINT ( 'NONE',  ( 0.3560039370078691978, 0.1279527559055112229, -0.2826771653543329599 ) ) ;
#795 = DIRECTION ( 'NONE',  ( -1.817990202823693835E-15, 0.0000000000000000000, 1.000000000000000000 ) ) ;
#796 = ORIENTED_EDGE ( 'NONE', *, *, #9388, .F. ) ;
#797 = DIRECTION ( 'NONE',  ( 0.4657464328325966463, 0.8849182223819959114, 8.467224518897441389E-16 ) ) ;
#798 = VECTOR ( 'NONE', #5953, 39.37007874015748143 ) ;
#799 = DIRECTION ( 'NONE',  ( 1.817990202823693835E-15, 0.0000000000000000000, -1.000000000000000000 ) ) ;
#800 = EDGE_CURVE ( 'NONE', #5930, #10241, #9775, .T. ) ;
#801 = EDGE_CURVE ( 'NONE', #11216, #5784, #7627, .T. ) ;
#802 =( NAMED_UNIT ( * ) SI_UNIT ( $, .STERADIAN. ) SOLID_ANGLE_UNIT ( ) );
#803 = VECTOR ( 'NONE', #6515, 39.37007874015748143 ) ;
#804 = PRESENTATION_STYLE_ASSIGNMENT (( #6024 ) ) ;
#805 = FILL_AREA_STYLE_COLOUR ( '', #8377 ) ;
#806 = PRESENTATION_LAYER_ASSIGNMENT (  '', '', ( #9707 ) ) ;
#807 = ORIENTED_EDGE ( 'NONE', *, *, #2185, .T. ) ;
#808 = SURFACE_SIDE_STYLE ('',( #1586 ) ) ;
#809 = ORIENTED_EDGE ( 'NONE', *, *, #7743, .F. ) ;
#810 = LINE ( 'NONE', #10526, #8417 ) ;
#811 = VECTOR ( 'NONE', #11448, 39.37007874015748143 ) ;
#812 = ORIENTED_EDGE ( 'NONE', *, *, #5400, .F. ) ;
#813 = EDGE_CURVE ( 'NONE', #11178, #4435, #8547, .T. ) ;
#814 = AXIS2_PLACEMENT_3D ( 'NONE', #4501, #9653, #1724 ) ;
#815 = CARTESIAN_POINT ( 'NONE',  ( 0.4957861071419636390, 0.09645669291338543339, -0.2761811023622068317 ) ) ;
#816 = EDGE_CURVE ( 'NONE', #2641, #7744, #4900, .T. ) ;
#817 = DIRECTION ( 'NONE',  ( 1.644517855225996559E-15, -1.000000000000000000, 2.970554346222871178E-30 ) ) ;
#818 = LENGTH_MEASURE_WITH_UNIT ( LENGTH_MEASURE( 0.02539999999999999897 ), #3270 );
#819 = FACE_OUTER_BOUND ( 'NONE', #331, .T. ) ;
#820 = AXIS2_PLACEMENT_3D ( 'NONE', #7002, #797, #9452 ) ;
#821 = PRESENTATION_STYLE_ASSIGNMENT (( #8709 ) ) ;
#822 = SURFACE_SIDE_STYLE ('',( #6970 ) ) ;
#823 = ORIENTED_EDGE ( 'NONE', *, *, #5278, .T. ) ;
#824 = CARTESIAN_POINT ( 'NONE',  ( 0.5067913519291881164, 0.08893342700064806039, -0.2761811023622067762 ) ) ;
#825 = VERTEX_POINT ( 'NONE', #4155 ) ;
#826 = EDGE_CURVE ( 'NONE', #6417, #4564, #7573, .T. ) ;
#827 = DIRECTION ( 'NONE',  ( -3.421105991089600105E-14, 1.000000000000000000, -6.217620874327673957E-29 ) ) ;
#828 = ORIENTED_EDGE ( 'NONE', *, *, #10347, .F. ) ;
#829 = PRESENTATION_LAYER_ASSIGNMENT (  '', '', ( #6392 ) ) ;
#830 = EDGE_CURVE ( 'NONE', #3795, #4569, #11186, .T. ) ;
#831 =( GEOMETRIC_REPRESENTATION_CONTEXT ( 3 ) GLOBAL_UNCERTAINTY_ASSIGNED_CONTEXT ( ( #6672 ) ) GLOBAL_UNIT_ASSIGNED_CONTEXT ( ( #4482, #11397, #3437 ) ) REPRESENTATION_CONTEXT ( 'NONE', 'WORKASPACE' ) );
#832 = DIRECTION ( 'NONE',  ( -0.4657464328325995329, 0.8849182223819944682, -8.467224518897498582E-16 ) ) ;
#833 = PLANE ( 'NONE',  #6666 ) ;
#834 =( NAMED_UNIT ( * ) PLANE_ANGLE_UNIT ( ) SI_UNIT ( $, .RADIAN. ) );
#835 = PLANE ( 'NONE',  #148 ) ;
#836 = PRESENTATION_LAYER_ASSIGNMENT (  '', '', ( #5282 ) ) ;
#837 = CARTESIAN_POINT ( 'NONE',  ( 0.2421027395222940526, 0.06614173228346377498, -0.1761811023622072703 ) ) ;
#838 = VERTEX_POINT ( 'NONE', #7448 ) ;
#839 = VECTOR ( 'NONE', #5333, 39.37007874015748143 ) ;
#840 = ORIENTED_EDGE ( 'NONE', *, *, #10273, .T. ) ;
#841 = VERTEX_POINT ( 'NONE', #499 ) ;
#842 = CARTESIAN_POINT ( 'NONE',  ( 0.2175196850393646408, 0.05905511811023538005, -0.1104330708661442478 ) ) ;
#843 = ORIENTED_EDGE ( 'NONE', *, *, #4778, .T. ) ;
#844 = CARTESIAN_POINT ( 'NONE',  ( 0.3821850393700727544, 0.1448818897637632053, -0.03129921259842747411 ) ) ;
#845 = VECTOR ( 'NONE', #10194, 39.37007874015748143 ) ;
#846 = FACE_OUTER_BOUND ( 'NONE', #671, .T. ) ;
#847 = UNCERTAINTY_MEASURE_WITH_UNIT (LENGTH_MEASURE( 1.000000000000000082E-05 ), #9103, 'distance_accuracy_value', 'NONE');
#848 =( NAMED_UNIT ( * ) PLANE_ANGLE_UNIT ( ) SI_UNIT ( $, .RADIAN. ) );
#849 = SURFACE_SIDE_STYLE ('',( #2835 ) ) ;
#850 =( LENGTH_UNIT ( ) NAMED_UNIT ( * ) SI_UNIT ( $, .METRE. ) );
#851 = DIRECTION ( 'NONE',  ( 1.154489273450655176E-15, -0.9701425001453140018, 0.2425356250364040234 ) ) ;
#852 = PLANE ( 'NONE',  #9516 ) ;
#853 = COLOUR_RGB ( '',0.7607843137254901578, 0.7607843137254901578, 0.0000000000000000000 ) ;
#854 = ORIENTED_EDGE ( 'NONE', *, *, #11168, .T. ) ;
#855 = COLOUR_RGB ( '',0.2588235294117646745, 0.2588235294117646745, 0.2627450980392156965 ) ;
#856 = SURFACE_SIDE_STYLE ('',( #5259 ) ) ;
#857 = AXIS2_PLACEMENT_3D ( 'NONE', #5162, #921, #6084 ) ;
#858 = CARTESIAN_POINT ( 'NONE',  ( 0.4957861071419634724, 0.09645669291338543339, -0.2104330708661437954 ) ) ;
#859 = MECHANICAL_DESIGN_GEOMETRIC_PRESENTATION_REPRESENTATION (  '', ( #9024 ), #7332 ) ;
#860 = FILL_AREA_STYLE_COLOUR ( '', #2547 ) ;
#861 = DIRECTION ( 'NONE',  ( -0.3630301527216025503, 0.9317773919853011844, -6.599852609774626257E-16 ) ) ;
#862 = VECTOR ( 'NONE', #9802, 39.37007874015748143 ) ;
#863 = DIRECTION ( 'NONE',  ( 1.000000000000000000, 1.644517855225996559E-15, 1.817990202823693835E-15 ) ) ;
#864 = UNCERTAINTY_MEASURE_WITH_UNIT (LENGTH_MEASURE( 1.000000000000000082E-05 ), #11023, 'distance_accuracy_value', 'NONE');
#865 = DIRECTION ( 'NONE',  ( -1.817990202823693835E-15, 0.0000000000000000000, 1.000000000000000000 ) ) ;
#866 = AXIS2_PLACEMENT_3D ( 'NONE', #239, #9392, #11091 ) ;
#867 = DIRECTION ( 'NONE',  ( -1.817990202823693835E-15, 0.0000000000000000000, 1.000000000000000000 ) ) ;
#868 =( NAMED_UNIT ( * ) SI_UNIT ( $, .STERADIAN. ) SOLID_ANGLE_UNIT ( ) );
#869 = DIRECTION ( 'NONE',  ( 1.817990202823693835E-15, 0.0000000000000000000, -1.000000000000000000 ) ) ;
#870 = SURFACE_STYLE_USAGE ( .BOTH. , #5164 ) ;
#871 = VERTEX_POINT ( 'NONE', #10311 ) ;
#872 = EDGE_CURVE ( 'NONE', #5464, #8550, #6647, .T. ) ;
#873 = MECHANICAL_DESIGN_GEOMETRIC_PRESENTATION_REPRESENTATION (  '', ( #2922 ), #2362 ) ;
#874 = CARTESIAN_POINT ( 'NONE',  ( 0.5442913385826720907, 0.05905511811023591434, -0.2104330708661436566 ) ) ;
#875 = CARTESIAN_POINT ( 'NONE',  ( 0.5001882050568446925, 0.08636077237506221971, -0.07618110236220680676 ) ) ;
#876 = ORIENTED_EDGE ( 'NONE', *, *, #8920, .T. ) ;
#877 = EDGE_CURVE ( 'NONE', #4096, #6609, #1258, .T. ) ;
#878 =( NAMED_UNIT ( * ) PLANE_ANGLE_UNIT ( ) SI_UNIT ( $, .RADIAN. ) );
#879 = AXIS2_PLACEMENT_3D ( 'NONE', #10739, #9796, #3759 ) ;
#880 = VECTOR ( 'NONE', #2827, 39.37007874015748143 ) ;
#881 = ORIENTED_EDGE ( 'NONE', *, *, #3570, .F. ) ;
#882 =( CONVERSION_BASED_UNIT ( 'INCH', #8824 ) LENGTH_UNIT ( ) NAMED_UNIT ( #2147 ) );
#883 = CARTESIAN_POINT ( 'NONE',  ( 0.5442913385826713135, 0.05905511811023591434, -0.01043307086614362993 ) ) ;
#884 =( GEOMETRIC_REPRESENTATION_CONTEXT ( 3 ) GLOBAL_UNCERTAINTY_ASSIGNED_CONTEXT ( ( #9217 ) ) GLOBAL_UNIT_ASSIGNED_CONTEXT ( ( #1035, #9803, #10747 ) ) REPRESENTATION_CONTEXT ( 'NONE', 'WORKASPACE' ) );
#885 = DIRECTION ( 'NONE',  ( 0.9956001436530543813, -0.09370354293204410934, 1.809991307091115065E-15 ) ) ;
#886 = DIRECTION ( 'NONE',  ( -1.817990202823693835E-15, 0.0000000000000000000, 1.000000000000000000 ) ) ;
#887 = FACE_OUTER_BOUND ( 'NONE', #5578, .T. ) ;
#888 = CARTESIAN_POINT ( 'NONE',  ( 0.2660249164800739807, 0.08464566929133782169, -0.3393149606299237231 ) ) ;
#889 = EDGE_CURVE ( 'NONE', #1618, #1869, #9219, .T. ) ;
#890 = LINE ( 'NONE', #4430, #1170 ) ;
#891 = ORIENTED_EDGE ( 'NONE', *, *, #889, .T. ) ;
#892 = EDGE_CURVE ( 'NONE', #2367, #1015, #4796, .T. ) ;
#893 = VECTOR ( 'NONE', #1202, 39.37007874015748143 ) ;
#894 = DIRECTION ( 'NONE',  ( 0.4657464328325966463, 0.8849182223819959114, 8.467224518897441389E-16 ) ) ;
#895 = VERTEX_POINT ( 'NONE', #3116 ) ;
#896 = DIRECTION ( 'NONE',  ( -1.000000000000000000, -1.644517855225996559E-15, -1.817990202823693835E-15 ) ) ;
#897 = ORIENTED_EDGE ( 'NONE', *, *, #6691, .F. ) ;
#898 = FILL_AREA_STYLE ('',( #1887 ) ) ;
#899 =( NAMED_UNIT ( * ) SI_UNIT ( $, .STERADIAN. ) SOLID_ANGLE_UNIT ( ) );
#900 = LENGTH_MEASURE_WITH_UNIT ( LENGTH_MEASURE( 0.02539999999999999897 ), #9779 );
#901 = DIRECTION ( 'NONE',  ( 1.817990202823693835E-15, -3.503246160812042677E-46, -1.000000000000000000 ) ) ;
#902 = FILL_AREA_STYLE_COLOUR ( '', #7658 ) ;
#903 = EDGE_CURVE ( 'NONE', #4786, #10994, #2361, .T. ) ;
#904 = DIRECTION ( 'NONE',  ( 0.3630301527215994972, 0.9317773919853026277, 6.599852609774574981E-16 ) ) ;
#905 = ORIENTED_EDGE ( 'NONE', *, *, #9394, .T. ) ;
#906 = ORIENTED_EDGE ( 'NONE', *, *, #8536, .F. ) ;
#907 = VERTEX_POINT ( 'NONE', #3173 ) ;
#908 = DIRECTION ( 'NONE',  ( 2.036344053754329794E-15, -0.9701425001453376495, -0.2425356250363099597 ) ) ;
#909 = ORIENTED_EDGE ( 'NONE', *, *, #3859, .F. ) ;
#910 = LINE ( 'NONE', #5314, #3305 ) ;
#911 = CARTESIAN_POINT ( 'NONE',  ( 0.2421027395222936918, 0.07204724409448738653, -0.04729921259842771036 ) ) ;
#912 =( NAMED_UNIT ( * ) SI_UNIT ( $, .STERADIAN. ) SOLID_ANGLE_UNIT ( ) );
#913 = CARTESIAN_POINT ( 'NONE',  ( 0.5174299185258764977, 0.06162777273582249055, -0.09862204724409646961 ) ) ;
#914 = LINE ( 'NONE', #7974, #5239 ) ;
#915 = AXIS2_PLACEMENT_3D ( 'NONE', #1356, #2401, #1417 ) ;
#916 = ORIENTED_EDGE ( 'NONE', *, *, #5707, .F. ) ;
#917 = CARTESIAN_POINT ( 'NONE',  ( 0.4058070866141681443, 0.1448818897637632330, -0.2053149606299234653 ) ) ;
#918 = PLANE ( 'NONE',  #4945 ) ;
#919 = LINE ( 'NONE', #2561, #3656 ) ;
#920 = DIRECTION ( 'NONE',  ( -1.817990202823693835E-15, 0.0000000000000000000, 1.000000000000000000 ) ) ;
#921 = DIRECTION ( 'NONE',  ( 1.817990202823693835E-15, 0.0000000000000000000, -1.000000000000000000 ) ) ;
#922 = DIRECTION ( 'NONE',  ( -1.817990202823693835E-15, 0.0000000000000000000, 1.000000000000000000 ) ) ;
#923 = DIRECTION ( 'NONE',  ( -0.5643446851342101001, -0.8255392639728102999, -1.445602896647333789E-15 ) ) ;
#924 = ORIENTED_EDGE ( 'NONE', *, *, #5919, .T. ) ;
#925 = AXIS2_PLACEMENT_3D ( 'NONE', #2121, #2241, #6527 ) ;
#926 =( NAMED_UNIT ( * ) SI_UNIT ( $, .STERADIAN. ) SOLID_ANGLE_UNIT ( ) );
#927 = ORIENTED_EDGE ( 'NONE', *, *, #8084, .T. ) ;
#928 = ORIENTED_EDGE ( 'NONE', *, *, #3436, .F. ) ;
#929 = DIRECTION ( 'NONE',  ( -1.817990202823693835E-15, 0.0000000000000000000, 1.000000000000000000 ) ) ;
#930 = FILL_AREA_STYLE_COLOUR ( '', #6443 ) ;
#931 = PRESENTATION_LAYER_ASSIGNMENT (  '', '', ( #10401 ) ) ;
#932 = LENGTH_MEASURE_WITH_UNIT ( LENGTH_MEASURE( 0.02539999999999999897 ), #6388 );
#933 = CARTESIAN_POINT ( 'NONE',  ( 0.4058070866141674782, 0.1448818897637632330, -0.08129921259842741443 ) ) ;
#934 = DIRECTION ( 'NONE',  ( 0.8789799039125328894, -0.4626210020592154137, -0.1156552505148023963 ) ) ;
#935 = EDGE_CURVE ( 'NONE', #6873, #1702, #11240, .T. ) ;
#936 = CARTESIAN_POINT ( 'NONE',  ( 0.4432086614173172956, 0.1476377952755900669, -0.1375984251968525029 ) ) ;
#937 = EDGE_CURVE ( 'NONE', #6609, #10920, #439, .T. ) ;
#938 =( NAMED_UNIT ( * ) SI_UNIT ( $, .STERADIAN. ) SOLID_ANGLE_UNIT ( ) );
#939 = ORIENTED_EDGE ( 'NONE', *, *, #7388, .T. ) ;
#940 = LENGTH_MEASURE_WITH_UNIT ( LENGTH_MEASURE( 0.02539999999999999897 ), #5347 );
#941 = FILL_AREA_STYLE ('',( #5120 ) ) ;
#942 = ORIENTED_EDGE ( 'NONE', *, *, #1821, .T. ) ;
#943 = AXIS2_PLACEMENT_3D ( 'NONE', #7224, #3895, #4698 ) ;
#944 = CARTESIAN_POINT ( 'NONE',  ( 0.2175196850393652792, 0.05905511811023538005, -0.2761811023622073313 ) ) ;
#945 = ORIENTED_EDGE ( 'NONE', *, *, #7822, .T. ) ;
#946 = DIRECTION ( 'NONE',  ( 1.000000000000000000, 1.644517855225997348E-15, 1.817990202823693441E-15 ) ) ;
#947 = VERTEX_POINT ( 'NONE', #6529 ) ;
#948 = EDGE_CURVE ( 'NONE', #2699, #23, #5764, .T. ) ;
#949 =( LENGTH_UNIT ( ) NAMED_UNIT ( * ) SI_UNIT ( $, .METRE. ) );
#950 = EDGE_CURVE ( 'NONE', #7802, #2190, #5819, .T. ) ;
#951 = CIRCLE ( 'NONE', #8924, 0.004724409448818893235 ) ;
#952 = LINE ( 'NONE', #6350, #11432 ) ;
#953 =( NAMED_UNIT ( * ) SI_UNIT ( $, .STERADIAN. ) SOLID_ANGLE_UNIT ( ) );
#954 = VECTOR ( 'NONE', #2457, 39.37007874015748143 ) ;
#955 = DIRECTION ( 'NONE',  ( -1.154489273450654979E-15, 0.9701425001453140018, -0.2425356250364040234 ) ) ;
#956 = LINE ( 'NONE', #9780, #5611 ) ;
#957 = LINE ( 'NONE', #6058, #9663 ) ;
#958 = ORIENTED_EDGE ( 'NONE', *, *, #2591, .F. ) ;
#959 = ORIENTED_EDGE ( 'NONE', *, *, #2537, .F. ) ;
#960 = ORIENTED_EDGE ( 'NONE', *, *, #6277, .T. ) ;
#961 = CARTESIAN_POINT ( 'NONE',  ( 0.4058070866141683664, 0.1240157480314955235, -0.2553149606299234819 ) ) ;
#962 = ORIENTED_EDGE ( 'NONE', *, *, #816, .F. ) ;
#963 = AXIS2_PLACEMENT_3D ( 'NONE', #1343, #1580, #3257 ) ;
#964 = EDGE_CURVE ( 'NONE', #10389, #9591, #10075, .T. ) ;
#965 =( NAMED_UNIT ( * ) SI_UNIT ( $, .STERADIAN. ) SOLID_ANGLE_UNIT ( ) );
#966 = CARTESIAN_POINT ( 'NONE',  ( 0.2175196850393642523, 0.05905511811023538005, -0.02618110236220727929 ) ) ;
#967 = ADVANCED_FACE ( 'NONE', ( #7739 ), #835, .T. ) ;
#968 = UNCERTAINTY_MEASURE_WITH_UNIT (LENGTH_MEASURE( 1.000000000000000082E-05 ), #2014, 'distance_accuracy_value', 'NONE');
#969 = ORIENTED_EDGE ( 'NONE', *, *, #10472, .T. ) ;
#970 = DIRECTION ( 'NONE',  ( 1.817990202823693835E-15, 0.0000000000000000000, -1.000000000000000000 ) ) ;
#971 = CARTESIAN_POINT ( 'NONE',  ( 0.5197082840997430120, 0.06614173228346423294, -0.2261811023622067873 ) ) ;
#972 = PRESENTATION_STYLE_ASSIGNMENT (( #8261 ) ) ;
#973 = PRESENTATION_LAYER_ASSIGNMENT (  '', '', ( #2459 ) ) ;
#974 = EDGE_LOOP ( 'NONE', ( #8302, #4543, #8615, #6165 ) ) ;
#975 = VECTOR ( 'NONE', #7379, 39.37007874015748143 ) ;
#976 = LINE ( 'NONE', #4520, #1194 ) ;
#977 = DIRECTION ( 'NONE',  ( 0.9317773919853026277, -0.3630301527215991642, 2.891205793294675467E-15 ) ) ;
#978 = FILL_AREA_STYLE ('',( #5502 ) ) ;
#979 = VECTOR ( 'NONE', #886, 39.37007874015748143 ) ;
#980 = UNCERTAINTY_MEASURE_WITH_UNIT (LENGTH_MEASURE( 1.000000000000000082E-05 ), #291, 'distance_accuracy_value', 'NONE');
#981 = CARTESIAN_POINT ( 'NONE',  ( 0.4957861071419636390, 0.08937007874015708009, -0.2604330708661438121 ) ) ;
#982 =( NAMED_UNIT ( * ) PLANE_ANGLE_UNIT ( ) SI_UNIT ( $, .RADIAN. ) );
#983 = VERTEX_POINT ( 'NONE', #6820 ) ;
#984 = DIRECTION ( 'NONE',  ( 1.644517855225997348E-15, -1.000000000000000000, 2.970554346222872930E-30 ) ) ;
#985 = CARTESIAN_POINT ( 'NONE',  ( 0.3186023622047195469, 0.1476377952755898726, -0.2875984251968527472 ) ) ;
#986 = ORIENTED_EDGE ( 'NONE', *, *, #4561, .T. ) ;
#987 = DIRECTION ( 'NONE',  ( 1.817990202823693835E-15, 0.0000000000000000000, -1.000000000000000000 ) ) ;
#988 = EDGE_LOOP ( 'NONE', ( #4720, #3438, #9196, #10550 ) ) ;
#989 =( NAMED_UNIT ( * ) SI_UNIT ( $, .STERADIAN. ) SOLID_ANGLE_UNIT ( ) );
#990 = SURFACE_STYLE_FILL_AREA ( #8941 ) ;
#991 = DIRECTION ( 'NONE',  ( -0.3630301527216025503, 0.9317773919853011844, -6.599852609774626257E-16 ) ) ;
#992 = CARTESIAN_POINT ( 'NONE',  ( 0.5197082840997422348, 0.07204724409448784450, -0.01043307086614369758 ) ) ;
#993 = LENGTH_MEASURE_WITH_UNIT ( LENGTH_MEASURE( 0.02539999999999999897 ), #32 );
#994 = CARTESIAN_POINT ( 'NONE',  ( 0.4058070866141672561, 0.1448818897637632330, -0.03129921259842740472 ) ) ;
#995 = EDGE_LOOP ( 'NONE', ( #1183, #754, #3114, #1088, #3420, #2585, #1727, #1784, #7178, #87, #1489, #8127 ) ) ;
#996 = PLANE ( 'NONE',  #8827 ) ;
#997 = MECHANICAL_DESIGN_GEOMETRIC_PRESENTATION_REPRESENTATION (  '', ( #1379 ), #7837 ) ;
#998 = DIRECTION ( 'NONE',  ( -1.644517855225997348E-15, 1.000000000000000000, -2.970554346222872930E-30 ) ) ;
#999 = ORIENTED_EDGE ( 'NONE', *, *, #4234, .F. ) ;
#1000 = CARTESIAN_POINT ( 'NONE',  ( 0.5442913385826717576, 0.06614173228346426070, -0.1104330708661436372 ) ) ;
#1001 = VECTOR ( 'NONE', #1779, 39.37007874015748854 ) ;
#1002 = ORIENTED_EDGE ( 'NONE', *, *, #4442, .F. ) ;
#1003 = DIRECTION ( 'NONE',  ( -1.644517855225997348E-15, 1.000000000000000000, -2.970554346222872930E-30 ) ) ;
#1004 = ORIENTED_EDGE ( 'NONE', *, *, #3377, .F. ) ;
#1005 = DIRECTION ( 'NONE',  ( 1.817990202823693835E-15, 0.0000000000000000000, -1.000000000000000000 ) ) ;
#1006 = AXIS2_PLACEMENT_3D ( 'NONE', #1684, #6017, #7759 ) ;
#1007 = DIRECTION ( 'NONE',  ( -1.000000000000000000, -1.644517855225997348E-15, -1.817990202823693441E-15 ) ) ;
#1008 = FILL_AREA_STYLE_COLOUR ( '', #1787 ) ;
#1009 = FACE_OUTER_BOUND ( 'NONE', #7683, .T. ) ;
#1010 = VECTOR ( 'NONE', #11017, 39.37007874015748143 ) ;
#1011 =( CONVERSION_BASED_UNIT ( 'INCH', #6514 ) LENGTH_UNIT ( ) NAMED_UNIT ( #8962 ) );
#1012 = VERTEX_POINT ( 'NONE', #6056 ) ;
#1013 = EDGE_CURVE ( 'NONE', #23, #10994, #8723, .T. ) ;
#1014 = CIRCLE ( 'NONE', #3808, 0.01299212598425197526 ) ;
#1015 = VERTEX_POINT ( 'NONE', #1663 ) ;
#1016 = ADVANCED_FACE ( 'NONE', ( #11298 ), #2535, .T. ) ;
#1017 = FILL_AREA_STYLE_COLOUR ( '', #6951 ) ;
#1018 = ORIENTED_EDGE ( 'NONE', *, *, #5190, .T. ) ;
#1019 = EDGE_CURVE ( 'NONE', #205, #8911, #2595, .T. ) ;
#1020 = COLOUR_RGB ( '',0.7607843137254901578, 0.7607843137254901578, 0.0000000000000000000 ) ;
#1021 = PRESENTATION_STYLE_ASSIGNMENT (( #9894 ) ) ;
#1022 = ORIENTED_EDGE ( 'NONE', *, *, #6749, .F. ) ;
#1023 = FACE_OUTER_BOUND ( 'NONE', #10207, .T. ) ;
#1024 = SURFACE_SIDE_STYLE ('',( #1909 ) ) ;
#1025 = AXIS2_PLACEMENT_3D ( 'NONE', #6092, #7820, #11387 ) ;
#1026 = DIRECTION ( 'NONE',  ( 1.644517855225997348E-15, -1.000000000000000000, 2.970554346222872930E-30 ) ) ;
#1027 = VECTOR ( 'NONE', #6444, 39.37007874015748854 ) ;
#1028 = MECHANICAL_DESIGN_GEOMETRIC_PRESENTATION_REPRESENTATION (  '', ( #4915 ), #2896 ) ;
#1029 = ORIENTED_EDGE ( 'NONE', *, *, #1304, .F. ) ;
#1030 = EDGE_CURVE ( 'NONE', #8586, #207, #5472, .T. ) ;
#1031 = PRESENTATION_STYLE_ASSIGNMENT (( #8983 ) ) ;
#1032 = ADVANCED_FACE ( 'NONE', ( #1179 ), #6237, .T. ) ;
#1033 = DIRECTION ( 'NONE',  ( -0.8849182223819958004, 0.4657464328325965908, -1.608772658590627243E-15 ) ) ;
#1034 = PRODUCT_DEFINITION_FORMATION_WITH_SPECIFIED_SOURCE ( 'ANY', '', #4896, .NOT_KNOWN. ) ;
#1035 =( CONVERSION_BASED_UNIT ( 'INCH', #10570 ) LENGTH_UNIT ( ) NAMED_UNIT ( #2270 ) );
#1036 = CARTESIAN_POINT ( 'NONE',  ( 0.3821850393700729764, 0.1448818897637632053, -0.08129921259842748382 ) ) ;
#1037 = VECTOR ( 'NONE', #6786, 39.37007874015748143 ) ;
#1038 = DIRECTION ( 'NONE',  ( 1.817990202823693835E-15, 0.0000000000000000000, -1.000000000000000000 ) ) ;
#1039 = CARTESIAN_POINT ( 'NONE',  ( 0.4058070866141681443, 0.1279527559055112784, -0.2039370078740179171 ) ) ;
#1040 = CARTESIAN_POINT ( 'NONE',  ( 0.4073818897637736525, 0.1240157480314798000, -0.03129921259842740472 ) ) ;
#1041 = COLOUR_RGB ( '',1.000000000000000000, 1.000000000000000000, 1.000000000000000000 ) ;
#1042 = EDGE_CURVE ( 'NONE', #7815, #10063, #7258, .T. ) ;
#1043 =( CONVERSION_BASED_UNIT ( 'INCH', #9921 ) LENGTH_UNIT ( ) NAMED_UNIT ( #9061 ) );
#1044 = ORIENTED_EDGE ( 'NONE', *, *, #3304, .F. ) ;
#1045 = MANIFOLD_SOLID_BREP ( 'Combine1', #2523 ) ;
#1046 = VECTOR ( 'NONE', #2663, 39.37007874015747433 ) ;
#1047 = SURFACE_STYLE_USAGE ( .BOTH. , #1928 ) ;
#1048 = DIMENSIONAL_EXPONENTS ( 1.000000000000000000, 0.0000000000000000000, 0.0000000000000000000, 0.0000000000000000000, 0.0000000000000000000, 0.0000000000000000000, 0.0000000000000000000 ) ;
#1049 = VECTOR ( 'NONE', #9916, 39.37007874015748143 ) ;
#1050 = PRESENTATION_LAYER_ASSIGNMENT (  '', '', ( #8256 ) ) ;
#1051 = FACE_OUTER_BOUND ( 'NONE', #5051, .T. ) ;
#1052 = FACE_OUTER_BOUND ( 'NONE', #3787, .T. ) ;
#1053 = CARTESIAN_POINT ( 'NONE',  ( 0.2421027395222941081, 0.07204724409448738653, -0.1472992125984277090 ) ) ;
#1054 = CARTESIAN_POINT ( 'NONE',  ( 0.3560039370078691978, 0.1240157480314796890, -0.2549212598425219523 ) ) ;
#1055 = AXIS2_PLACEMENT_3D ( 'NONE', #10804, #3010, #3829 ) ;
#1056 = DIRECTION ( 'NONE',  ( -1.644517855225997348E-15, 1.000000000000000000, -2.989717349169496850E-30 ) ) ;
#1057 = ORIENTED_EDGE ( 'NONE', *, *, #10183, .T. ) ;
#1058 = VECTOR ( 'NONE', #1085, 39.37007874015748143 ) ;
#1059 = VECTOR ( 'NONE', #1264, 39.37007874015748143 ) ;
#1060 = PLANE ( 'NONE',  #11388 ) ;
#1061 = ORIENTED_EDGE ( 'NONE', *, *, #5484, .T. ) ;
#1062 = CARTESIAN_POINT ( 'NONE',  ( 0.3821850393700733095, 0.1240157480314797583, -0.1312992125984275005 ) ) ;
#1063 = EDGE_LOOP ( 'NONE', ( #532, #10239, #5009, #9602, #5141, #8976 ) ) ;
#1064 = VECTOR ( 'NONE', #8825, 39.37007874015748143 ) ;
#1065 = ORIENTED_EDGE ( 'NONE', *, *, #7754, .F. ) ;
#1066 = FILL_AREA_STYLE_COLOUR ( '', #8112 ) ;
#1067 = DIMENSIONAL_EXPONENTS ( 1.000000000000000000, 0.0000000000000000000, 0.0000000000000000000, 0.0000000000000000000, 0.0000000000000000000, 0.0000000000000000000, 0.0000000000000000000 ) ;
#1068 = CARTESIAN_POINT ( 'NONE',  ( 0.2660249164800737032, 0.08937007874015670539, -0.2261811023622072314 ) ) ;
#1069 = LENGTH_MEASURE_WITH_UNIT ( LENGTH_MEASURE( 0.02539999999999999897 ), #4723 );
#1070 = FACE_OUTER_BOUND ( 'NONE', #2687, .T. ) ;
#1071 = FILL_AREA_STYLE ('',( #1130 ) ) ;
#1072 = VECTOR ( 'NONE', #8227, 39.37007874015748143 ) ;
#1073 = FILL_AREA_STYLE_COLOUR ( '', #1146 ) ;
#1074 = ORIENTED_EDGE ( 'NONE', *, *, #8114, .F. ) ;
#1075 = ORIENTED_EDGE ( 'NONE', *, *, #7459, .T. ) ;
#1076 = DIRECTION ( 'NONE',  ( 0.3630301527215994972, 0.9317773919853026277, 6.599852609774574981E-16 ) ) ;
#1077 = ORIENTED_EDGE ( 'NONE', *, *, #6480, .F. ) ;
#1078 = VECTOR ( 'NONE', #1324, 39.37007874015748143 ) ;
#1079 = PRESENTATION_STYLE_ASSIGNMENT (( #5542 ) ) ;
#1080 = EDGE_CURVE ( 'NONE', #907, #5738, #10665, .T. ) ;
#1081 = UNCERTAINTY_MEASURE_WITH_UNIT (LENGTH_MEASURE( 1.000000000000000082E-05 ), #8781, 'distance_accuracy_value', 'NONE');
#1082 = EDGE_LOOP ( 'NONE', ( #11065, #3131, #1696, #6445, #4417, #9955, #3068, #6452, #828, #7599, #203, #10729, #812, #6913, #8893, #10506, #542, #928, #6720, #2645, #6358, #10171, #3344, #2173, #10104, #641, #9207, #5078 ) ) ;
#1083 = CARTESIAN_POINT ( 'NONE',  ( 0.3821850393700738091, 0.1448818897637632053, -0.2553149606299235375 ) ) ;
#1084 =( NAMED_UNIT ( * ) SI_UNIT ( $, .STERADIAN. ) SOLID_ANGLE_UNIT ( ) );
#1085 = DIRECTION ( 'NONE',  ( -1.644517855225997348E-15, 1.000000000000000000, -2.970554346222872930E-30 ) ) ;
#1086 = DIRECTION ( 'NONE',  ( 1.817990202823693835E-15, 0.0000000000000000000, -1.000000000000000000 ) ) ;
#1087 = EDGE_CURVE ( 'NONE', #3071, #8586, #9832, .T. ) ;
#1088 = ORIENTED_EDGE ( 'NONE', *, *, #3377, .T. ) ;
#1089 = AXIS2_PLACEMENT_3D ( 'NONE', #7432, #2164, #263 ) ;
#1090 = CARTESIAN_POINT ( 'NONE',  ( 0.3821850393700734760, 0.1448818897637632053, -0.1812992125984274894 ) ) ;
#1091 =( NAMED_UNIT ( * ) SI_UNIT ( $, .STERADIAN. ) SOLID_ANGLE_UNIT ( ) );
#1092 = FACE_OUTER_BOUND ( 'NONE', #4130, .T. ) ;
#1093 = CARTESIAN_POINT ( 'NONE',  ( 0.5197082840997424569, 0.05905511811023587965, -0.06043307086614371076 ) ) ;
#1094 = EDGE_CURVE ( 'NONE', #9384, #12, #956, .T. ) ;
#1095 = UNCERTAINTY_MEASURE_WITH_UNIT (LENGTH_MEASURE( 1.000000000000000082E-05 ), #6377, 'distance_accuracy_value', 'NONE');
#1096 =( NAMED_UNIT ( * ) PLANE_ANGLE_UNIT ( ) SI_UNIT ( $, .RADIAN. ) );
#1097 = DIRECTION ( 'NONE',  ( -1.817990202823693835E-15, 3.503246160812042677E-46, 1.000000000000000000 ) ) ;
#1098 =( NAMED_UNIT ( * ) SI_UNIT ( $, .STERADIAN. ) SOLID_ANGLE_UNIT ( ) );
#1099 = EDGE_CURVE ( 'NONE', #99, #4128, #3747, .T. ) ;
#1100 = DIRECTION ( 'NONE',  ( -1.000000000000000000, -1.644517855225996559E-15, 1.817990202823693835E-15 ) ) ;
#1101 = CARTESIAN_POINT ( 'NONE',  ( 0.3186023622047194359, 0.1476377952755898726, -0.2490157480314983962 ) ) ;
#1102 = EDGE_LOOP ( 'NONE', ( #4449, #1336, #1405, #5322 ) ) ;
#1103 =( GEOMETRIC_REPRESENTATION_CONTEXT ( 3 ) GLOBAL_UNCERTAINTY_ASSIGNED_CONTEXT ( ( #10500 ) ) GLOBAL_UNIT_ASSIGNED_CONTEXT ( ( #7160, #4456, #8978 ) ) REPRESENTATION_CONTEXT ( 'NONE', 'WORKASPACE' ) );
#1104 = SURFACE_STYLE_FILL_AREA ( #9059 ) ;
#1105 = CARTESIAN_POINT ( 'NONE',  ( 0.2175196850393649184, 0.05905511811023538005, -0.1879921259842545489 ) ) ;
#1106 = FACE_OUTER_BOUND ( 'NONE', #8613, .T. ) ;
#1107 = DIMENSIONAL_EXPONENTS ( 1.000000000000000000, 0.0000000000000000000, 0.0000000000000000000, 0.0000000000000000000, 0.0000000000000000000, 0.0000000000000000000, 0.0000000000000000000 ) ;
#1108 = ADVANCED_FACE ( 'NONE', ( #5415 ), #10782, .T. ) ;
#1109 = FILL_AREA_STYLE ('',( #8281 ) ) ;
#1110 = CARTESIAN_POINT ( 'NONE',  ( 0.2550196716928490592, 0.08893342700064765793, -0.1761811023622072148 ) ) ;
#1111 = DIRECTION ( 'NONE',  ( -1.817990202823693835E-15, 0.0000000000000000000, 1.000000000000000000 ) ) ;
#1112 = VECTOR ( 'NONE', #6923, 39.37007874015748143 ) ;
#1113 = DIRECTION ( 'NONE',  ( 1.000000000000000000, 1.644517855225996559E-15, 1.817990202823693835E-15 ) ) ;
#1114 = ORIENTED_EDGE ( 'NONE', *, *, #4359, .F. ) ;
#1115 = CYLINDRICAL_SURFACE ( 'NONE', #3434, 0.004724409448818893235 ) ;
#1116 = SURFACE_SIDE_STYLE ('',( #8180 ) ) ;
#1117 = EDGE_LOOP ( 'NONE', ( #2059, #282, #8726, #8209, #5675, #5541, #2354, #9083, #1550, #7014, #2721, #9464 ) ) ;
#1118 = CARTESIAN_POINT ( 'NONE',  ( 0.3186023622047189363, 0.1476377952755898726, -0.1375984251968526972 ) ) ;
#1119 = VERTEX_POINT ( 'NONE', #5748 ) ;
#1120 =( GEOMETRIC_REPRESENTATION_CONTEXT ( 3 ) GLOBAL_UNCERTAINTY_ASSIGNED_CONTEXT ( ( #6658 ) ) GLOBAL_UNIT_ASSIGNED_CONTEXT ( ( #7603, #10289, #1477 ) ) REPRESENTATION_CONTEXT ( 'NONE', 'WORKASPACE' ) );
#1121 =( GEOMETRIC_REPRESENTATION_CONTEXT ( 3 ) GLOBAL_UNCERTAINTY_ASSIGNED_CONTEXT ( ( #5950 ) ) GLOBAL_UNIT_ASSIGNED_CONTEXT ( ( #1420, #9302, #8529 ) ) REPRESENTATION_CONTEXT ( 'NONE', 'WORKASPACE' ) );
#1122 = PRESENTATION_STYLE_ASSIGNMENT (( #6344 ) ) ;
#1123 = ORIENTED_EDGE ( 'NONE', *, *, #1834, .T. ) ;
#1124 = SURFACE_SIDE_STYLE ('',( #9076 ) ) ;
#1125 = CARTESIAN_POINT ( 'NONE',  ( 0.2616228185651912064, 0.08636077237506183113, -0.06043307086614418261 ) ) ;
#1126 = DIMENSIONAL_EXPONENTS ( 1.000000000000000000, 0.0000000000000000000, 0.0000000000000000000, 0.0000000000000000000, 0.0000000000000000000, 0.0000000000000000000, 0.0000000000000000000 ) ;
#1127 = CYLINDRICAL_SURFACE ( 'NONE', #132, 0.01181102362204724046 ) ;
#1128 = CARTESIAN_POINT ( 'NONE',  ( 0.4058070866141672006, 0.1240157480314955235, 0.1080708661417300737 ) ) ;
#1129 = SURFACE_STYLE_USAGE ( .BOTH. , #10781 ) ;
#1130 = FILL_AREA_STYLE_COLOUR ( '', #855 ) ;
#1131 = VECTOR ( 'NONE', #7412, 39.37007874015748143 ) ;
#1132 =( NAMED_UNIT ( * ) SI_UNIT ( $, .STERADIAN. ) SOLID_ANGLE_UNIT ( ) );
#1133 = ORIENTED_EDGE ( 'NONE', *, *, #1184, .T. ) ;
#1134 = ORIENTED_EDGE ( 'NONE', *, *, #2305, .F. ) ;
#1135 = ORIENTED_EDGE ( 'NONE', *, *, #2090, .T. ) ;
#1136 = COLOUR_RGB ( '',0.7607843137254901578, 0.7607843137254901578, 0.0000000000000000000 ) ;
#1137 = EDGE_LOOP ( 'NONE', ( #4702, #6638, #10671, #8657, #4079, #8060 ) ) ;
#1138 = LINE ( 'NONE', #8977, #10622 ) ;
#1139 = CYLINDRICAL_SURFACE ( 'NONE', #5732, 0.004724409448818893235 ) ;
#1140 = CARTESIAN_POINT ( 'NONE',  ( 0.5108267716535378478, 0.05905511811023586577, -0.09862204724409646961 ) ) ;
#1141 = FILL_AREA_STYLE_COLOUR ( '', #9888 ) ;
#1142 = FACE_OUTER_BOUND ( 'NONE', #419, .T. ) ;
#1143 = ORIENTED_EDGE ( 'NONE', *, *, #5549, .F. ) ;
#1144 = AXIS2_PLACEMENT_3D ( 'NONE', #2689, #7881, #6094 ) ;
#1145 = VECTOR ( 'NONE', #7219, 39.37007874015748143 ) ;
#1146 = COLOUR_RGB ( '',1.000000000000000000, 1.000000000000000000, 1.000000000000000000 ) ;
#1147 = CARTESIAN_POINT ( 'NONE',  ( 0.2746062992125926638, 0.08937007874015673314, -0.06043307086614418955 ) ) ;
#1148 = CARTESIAN_POINT ( 'NONE',  ( 0.4058070866141683664, 0.1448818897637632330, -0.2812992125984274394 ) ) ;
#1149 = ADVANCED_FACE ( 'NONE', ( #2111 ), #1486, .F. ) ;
#1150 = CIRCLE ( 'NONE', #6893, 0.01181102362204724046 ) ;
#1151 = PRESENTATION_STYLE_ASSIGNMENT (( #9978 ) ) ;
#1152 = CARTESIAN_POINT ( 'NONE',  ( 0.2509842519684989393, 0.05905511811023543556, -0.2379921259842544823 ) ) ;
#1153 = DIRECTION ( 'NONE',  ( 1.000000000000000000, 1.644517855225996559E-15, 1.817990202823693835E-15 ) ) ;
#1154 = CARTESIAN_POINT ( 'NONE',  ( 0.2476053619159077901, 0.06990336523983385619, -0.07618110236220720921 ) ) ;
#1155 =( NAMED_UNIT ( * ) SI_UNIT ( $, .STERADIAN. ) SOLID_ANGLE_UNIT ( ) );
#1156 = VERTEX_POINT ( 'NONE', #426 ) ;
#1157 = EDGE_CURVE ( 'NONE', #4976, #2011, #7559, .T. ) ;
#1158 = DIRECTION ( 'NONE',  ( -1.000000000000000000, -1.644517855225996559E-15, -1.817990202823693835E-15 ) ) ;
#1159 = COLOUR_RGB ( '',0.7607843137254901578, 0.7607843137254901578, 0.0000000000000000000 ) ;
#1160 = EDGE_CURVE ( 'NONE', #10039, #7815, #9250, .T. ) ;
#1161 = EDGE_CURVE ( 'NONE', #3151, #9213, #11006, .T. ) ;
#1162 = CARTESIAN_POINT ( 'NONE',  ( 0.5197082840997424569, 0.07204724409448784450, -0.07618110236220675124 ) ) ;
#1163 = PLANE ( 'NONE',  #5023 ) ;
#1164 =( CONVERSION_BASED_UNIT ( 'INCH', #7239 ) LENGTH_UNIT ( ) NAMED_UNIT ( #8804 ) );
#1165 = ORIENTED_EDGE ( 'NONE', *, *, #3291, .F. ) ;
#1166 = DIRECTION ( 'NONE',  ( -1.817990202823693835E-15, 0.0000000000000000000, 1.000000000000000000 ) ) ;
#1167 = DIRECTION ( 'NONE',  ( -1.000000000000000000, -1.644517855225996559E-15, -1.817990202823693835E-15 ) ) ;
#1168 = VERTEX_POINT ( 'NONE', #8350 ) ;
#1169 = EDGE_CURVE ( 'NONE', #4361, #3635, #3215, .T. ) ;
#1170 = VECTOR ( 'NONE', #10651, 39.37007874015748143 ) ;
#1171 = VERTEX_POINT ( 'NONE', #3040 ) ;
#1172 = EDGE_CURVE ( 'NONE', #7785, #7802, #6572, .T. ) ;
#1173 = ORIENTED_EDGE ( 'NONE', *, *, #892, .T. ) ;
#1174 = PRESENTATION_LAYER_ASSIGNMENT (  '', '', ( #6371 ) ) ;
#1175 = PRESENTATION_STYLE_ASSIGNMENT (( #7313 ) ) ;
#1176 =( NAMED_UNIT ( * ) PLANE_ANGLE_UNIT ( ) SI_UNIT ( $, .RADIAN. ) );
#1177 = CARTESIAN_POINT ( 'NONE',  ( 0.2660249164800728705, 0.08464566929133782169, -0.01043307086614417636 ) ) ;
#1178 = FILL_AREA_STYLE_COLOUR ( '', #1963 ) ;
#1179 = FACE_OUTER_BOUND ( 'NONE', #7578, .T. ) ;
#1180 = SURFACE_STYLE_FILL_AREA ( #10002 ) ;
#1181 = FACE_OUTER_BOUND ( 'NONE', #2068, .T. ) ;
#1182 = CIRCLE ( 'NONE', #1573, 0.01181102362204724046 ) ;
#1183 = ORIENTED_EDGE ( 'NONE', *, *, #11131, .T. ) ;
#1184 = EDGE_CURVE ( 'NONE', #1156, #4315, #2170, .T. ) ;
#1185 = ORIENTED_EDGE ( 'NONE', *, *, #5616, .T. ) ;
#1186 = ORIENTED_EDGE ( 'NONE', *, *, #5332, .T. ) ;
#1187 =( NAMED_UNIT ( * ) SI_UNIT ( $, .STERADIAN. ) SOLID_ANGLE_UNIT ( ) );
#1188 = VECTOR ( 'NONE', #8796, 39.37007874015748143 ) ;
#1189 = CARTESIAN_POINT ( 'NONE',  ( 0.3821850393700735871, 0.1448818897637632053, -0.2053149606299235486 ) ) ;
#1190 = SURFACE_STYLE_FILL_AREA ( #279 ) ;
#1191 = CARTESIAN_POINT ( 'NONE',  ( 0.5076025148337933723, 0.06733071061424766857, -0.01043307086614369758 ) ) ;
#1192 = LENGTH_MEASURE_WITH_UNIT ( LENGTH_MEASURE( 0.02539999999999999897 ), #8206 );
#1193 = SURFACE_STYLE_FILL_AREA ( #9967 ) ;
#1194 = VECTOR ( 'NONE', #8211, 39.37007874015748854 ) ;
#1195 = ORIENTED_EDGE ( 'NONE', *, *, #6415, .T. ) ;
#1196 = CARTESIAN_POINT ( 'NONE',  ( 0.0000000000000000000, 0.0000000000000000000, 0.0000000000000000000 ) ) ;
#1197 = FACE_OUTER_BOUND ( 'NONE', #329, .T. ) ;
#1198 = PRESENTATION_LAYER_ASSIGNMENT (  '', '', ( #1768 ) ) ;
#1199 = CARTESIAN_POINT ( 'NONE',  ( 0.5442913385826723127, 0.05905511811023591434, -0.2761811023622067207 ) ) ;
#1200 = ORIENTED_EDGE ( 'NONE', *, *, #3208, .T. ) ;
#1201 = PRESENTATION_LAYER_ASSIGNMENT (  '', '', ( #6203 ) ) ;
#1202 = DIRECTION ( 'NONE',  ( 1.817990202823693835E-15, 0.0000000000000000000, -1.000000000000000000 ) ) ;
#1203 = UNCERTAINTY_MEASURE_WITH_UNIT (LENGTH_MEASURE( 1.000000000000000082E-05 ), #5341, 'distance_accuracy_value', 'NONE');
#1204 = CARTESIAN_POINT ( 'NONE',  ( 0.2550196716928495033, 0.08893342700064765793, -0.2761811023622072203 ) ) ;
#1205 = PRESENTATION_LAYER_ASSIGNMENT (  '', '', ( #7508 ) ) ;
#1206 =( NAMED_UNIT ( * ) SI_UNIT ( $, .STERADIAN. ) SOLID_ANGLE_UNIT ( ) );
#1207 = DIRECTION ( 'NONE',  ( -1.000000000000000000, -1.644517855225996559E-15, -1.817990202823693835E-15 ) ) ;
#1208 = PRESENTATION_STYLE_ASSIGNMENT (( #7355 ) ) ;
#1209 = DIRECTION ( 'NONE',  ( 1.000000000000000000, 1.644517855225996559E-15, 1.817990202823693835E-15 ) ) ;
#1210 = VECTOR ( 'NONE', #4664, 39.37007874015748143 ) ;
#1211 = LINE ( 'NONE', #516, #3242 ) ;
#1212 = ORIENTED_EDGE ( 'NONE', *, *, #7401, .F. ) ;
#1213 = SURFACE_STYLE_USAGE ( .BOTH. , #7361 ) ;
#1214 = COLOUR_RGB ( '',0.7607843137254901578, 0.7607843137254901578, 0.0000000000000000000 ) ;
#1215 =( LENGTH_UNIT ( ) NAMED_UNIT ( * ) SI_UNIT ( $, .METRE. ) );
#1216 = FACE_OUTER_BOUND ( 'NONE', #10943, .T. ) ;
#1217 =( NAMED_UNIT ( * ) PLANE_ANGLE_UNIT ( ) SI_UNIT ( $, .RADIAN. ) );
#1218 = VECTOR ( 'NONE', #10774, 39.37007874015747433 ) ;
#1219 = EDGE_CURVE ( 'NONE', #1377, #8078, #1422, .T. ) ;
#1220 = SURFACE_SIDE_STYLE ('',( #1278 ) ) ;
#1221 = CARTESIAN_POINT ( 'NONE',  ( 0.5076025148337939275, 0.06733071061424766857, -0.1261811023622067540 ) ) ;
#1222 = ORIENTED_EDGE ( 'NONE', *, *, #3804, .T. ) ;
#1223 = ADVANCED_FACE ( 'NONE', ( #6741 ), #7499, .T. ) ;
#1224 = COLOUR_RGB ( '',0.7607843137254901578, 0.7607843137254901578, 0.0000000000000000000 ) ;
#1225 = EDGE_CURVE ( 'NONE', #2715, #582, #7666, .T. ) ;
#1226 = LENGTH_MEASURE_WITH_UNIT ( LENGTH_MEASURE( 0.02539999999999999897 ), #9938 );
#1227 = FILL_AREA_STYLE ('',( #10888 ) ) ;
#1228 = ORIENTED_EDGE ( 'NONE', *, *, #9557, .F. ) ;
#1229 = DIRECTION ( 'NONE',  ( 1.817990202823693835E-15, 0.0000000000000000000, -1.000000000000000000 ) ) ;
#1230 = VECTOR ( 'NONE', #1838, 39.37007874015748143 ) ;
#1231 = AXIS2_PLACEMENT_3D ( 'NONE', #3192, #6722, #5034 ) ;
#1232 = ORIENTED_EDGE ( 'NONE', *, *, #2658, .T. ) ;
#1233 = VERTEX_POINT ( 'NONE', #3274 ) ;
#1234 =( GEOMETRIC_REPRESENTATION_CONTEXT ( 3 ) GLOBAL_UNCERTAINTY_ASSIGNED_CONTEXT ( ( #5504 ) ) GLOBAL_UNIT_ASSIGNED_CONTEXT ( ( #5773, #4055, #4908 ) ) REPRESENTATION_CONTEXT ( 'NONE', 'WORKASPACE' ) );
#1235 = FACE_OUTER_BOUND ( 'NONE', #612, .T. ) ;
#1236 = FACE_OUTER_BOUND ( 'NONE', #3992, .T. ) ;
#1237 = ADVANCED_FACE ( 'NONE', ( #4139 ), #6810, .T. ) ;
#1238 = CARTESIAN_POINT ( 'NONE',  ( 0.5197082840997424569, 0.07204724409448784450, -0.1393149606299232124 ) ) ;
#1239 = CARTESIAN_POINT ( 'NONE',  ( 0.3821850393700731985, 0.1240157480314797583, -0.1053149606299235153 ) ) ;
#1240 = VECTOR ( 'NONE', #6071, 39.37007874015748143 ) ;
#1241 = AXIS2_PLACEMENT_3D ( 'NONE', #6260, #4691, #977 ) ;
#1242 =( CONVERSION_BASED_UNIT ( 'INCH', #10059 ) LENGTH_UNIT ( ) NAMED_UNIT ( #6136 ) );
#1243 = ADVANCED_FACE ( 'NONE', ( #2406 ), #2582, .T. ) ;
#1244 = LENGTH_MEASURE_WITH_UNIT ( LENGTH_MEASURE( 0.02539999999999999897 ), #7383 );
#1245 = LINE ( 'NONE', #2824, #56 ) ;
#1246 = EDGE_LOOP ( 'NONE', ( #9685, #1353, #10013, #8981 ) ) ;
#1247 = VECTOR ( 'NONE', #300, 39.37007874015748143 ) ;
#1248 = VERTEX_POINT ( 'NONE', #4483 ) ;
#1249 = LINE ( 'NONE', #11011, #3852 ) ;
#1250 = ORIENTED_EDGE ( 'NONE', *, *, #7091, .F. ) ;
#1251 = CIRCLE ( 'NONE', #1819, 0.01299212598425196659 ) ;
#1252 = PRESENTATION_STYLE_ASSIGNMENT (( #8423 ) ) ;
#1253 = FACE_OUTER_BOUND ( 'NONE', #2872, .T. ) ;
#1254 = ADVANCED_FACE ( 'NONE', ( #6101 ), #2640, .F. ) ;
#1255 = AXIS2_PLACEMENT_3D ( 'NONE', #4525, #127, #182 ) ;
#1257 = CARTESIAN_POINT ( 'NONE',  ( 0.5142056617061283585, 0.06990336523983428640, -0.1104330708661437066 ) ) ;
#1256 =( GEOMETRIC_REPRESENTATION_CONTEXT ( 3 ) GLOBAL_UNCERTAINTY_ASSIGNED_CONTEXT ( ( #508 ) ) GLOBAL_UNIT_ASSIGNED_CONTEXT ( ( #3898, #6554, #5676 ) ) REPRESENTATION_CONTEXT ( 'NONE', 'WORKASPACE' ) );
#1258 = LINE ( 'NONE', #11129, #6254 ) ;
#1259 = CARTESIAN_POINT ( 'NONE',  ( 0.2746062992125924973, 0.09645669291338507256, -0.01043307086614417636 ) ) ;
#1260 = PRESENTATION_STYLE_ASSIGNMENT (( #385 ) ) ;
#1261 = EDGE_LOOP ( 'NONE', ( #6929, #210, #8997, #10551 ) ) ;
#1262 = DIMENSIONAL_EXPONENTS ( 1.000000000000000000, 0.0000000000000000000, 0.0000000000000000000, 0.0000000000000000000, 0.0000000000000000000, 0.0000000000000000000, 0.0000000000000000000 ) ;
#1263 = PRESENTATION_LAYER_ASSIGNMENT (  '', '', ( #6269 ) ) ;
#1264 = DIRECTION ( 'NONE',  ( 1.817990202823693835E-15, 0.0000000000000000000, -1.000000000000000000 ) ) ;
#1265 = VERTEX_POINT ( 'NONE', #9766 ) ;
#1266 = CARTESIAN_POINT ( 'NONE',  ( 0.5442913385826723127, 0.06614173228346426070, -0.2761811023622067207 ) ) ;
#1267 = LINE ( 'NONE', #6487, #3682 ) ;
#1268 = SURFACE_STYLE_USAGE ( .BOTH. , #2133 ) ;
#1269 = FILL_AREA_STYLE ('',( #9157 ) ) ;
#1270 = DIRECTION ( 'NONE',  ( 0.8849182223819943571, 0.4657464328325994773, 1.608772658590624482E-15 ) ) ;
#1271 = LENGTH_MEASURE_WITH_UNIT ( LENGTH_MEASURE( 0.02539999999999999897 ), #5612 );
#1272 = LINE ( 'NONE', #458, #10470 ) ;
#1273 = ORIENTED_EDGE ( 'NONE', *, *, #7942, .F. ) ;
#1274 =( NAMED_UNIT ( * ) SI_UNIT ( $, .STERADIAN. ) SOLID_ANGLE_UNIT ( ) );
#1275 = DIMENSIONAL_EXPONENTS ( 1.000000000000000000, 0.0000000000000000000, 0.0000000000000000000, 0.0000000000000000000, 0.0000000000000000000, 0.0000000000000000000, 0.0000000000000000000 ) ;
#1276 = PLANE ( 'NONE',  #8630 ) ;
#1277 = CARTESIAN_POINT ( 'NONE',  ( 0.2175196850393646408, 0.06614173228346371947, -0.1104330708661442478 ) ) ;
#1278 = SURFACE_STYLE_FILL_AREA ( #5626 ) ;
#1279 = PLANE ( 'NONE',  #10974 ) ;
#1280 = LINE ( 'NONE', #2151, #8052 ) ;
#1281 = ORIENTED_EDGE ( 'NONE', *, *, #2876, .F. ) ;
#1282 = MECHANICAL_DESIGN_GEOMETRIC_PRESENTATION_REPRESENTATION (  '', ( #1667 ), #9075 ) ;
#1283 = FACE_OUTER_BOUND ( 'NONE', #2300, .T. ) ;
#1284 = SURFACE_STYLE_FILL_AREA ( #11214 ) ;
#1285 = ORIENTED_EDGE ( 'NONE', *, *, #10772, .T. ) ;
#1286 = DIRECTION ( 'NONE',  ( 1.000000000000000000, 1.644517855225996559E-15, 1.817990202823693835E-15 ) ) ;
#1287 = ORIENTED_EDGE ( 'NONE', *, *, #9547, .F. ) ;
#1288 = EDGE_CURVE ( 'NONE', #50, #8516, #890, .T. ) ;
#1289 = VECTOR ( 'NONE', #1722, 39.37007874015748854 ) ;
#1290 = CARTESIAN_POINT ( 'NONE',  ( 0.5197082840997432340, 0.06614173228346423294, -0.2761811023622067762 ) ) ;
#1291 = EDGE_CURVE ( 'NONE', #5022, #1973, #2697, .T. ) ;
#1292 = DIRECTION ( 'NONE',  ( -1.644517855225997348E-15, 1.000000000000000000, -2.970554346222872930E-30 ) ) ;
#1293 = SURFACE_STYLE_FILL_AREA ( #3099 ) ;
#1294 = VERTEX_POINT ( 'NONE', #86 ) ;
#1295 = FILL_AREA_STYLE ('',( #323 ) ) ;
#1296 = SURFACE_STYLE_USAGE ( .BOTH. , #3914 ) ;
#1297 = CARTESIAN_POINT ( 'NONE',  ( 0.2746062992125927749, 0.08937007874015673314, -0.06043307086614418261 ) ) ;
#1298 = DIRECTION ( 'NONE',  ( -0.9317773919853027387, 0.3630301527215988866, -1.314184451497580618E-15 ) ) ;
#1299 = FILL_AREA_STYLE ('',( #10184 ) ) ;
#1300 = DIRECTION ( 'NONE',  ( -0.3630301527216025503, 0.9317773919853011844, -6.599852609774626257E-16 ) ) ;
#1301 = ORIENTED_EDGE ( 'NONE', *, *, #9542, .F. ) ;
#1302 = AXIS2_PLACEMENT_3D ( 'NONE', #5470, #4614, #9079 ) ;
#1303 = ORIENTED_EDGE ( 'NONE', *, *, #10334, .F. ) ;
#1304 = EDGE_CURVE ( 'NONE', #5419, #1493, #3614, .T. ) ;
#1305 = SURFACE_SIDE_STYLE ('',( #3047 ) ) ;
#1306 = ORIENTED_EDGE ( 'NONE', *, *, #5757, .T. ) ;
#1307 = EDGE_CURVE ( 'NONE', #8852, #8842, #4715, .T. ) ;
#1308 = PLANE ( 'NONE',  #4122 ) ;
#1309 = VECTOR ( 'NONE', #6844, 39.37007874015748854 ) ;
#1310 = ORIENTED_EDGE ( 'NONE', *, *, #9407, .F. ) ;
#1311 =( CONVERSION_BASED_UNIT ( 'INCH', #10072 ) LENGTH_UNIT ( ) NAMED_UNIT ( #8279 ) );
#1312 =( NAMED_UNIT ( * ) PLANE_ANGLE_UNIT ( ) SI_UNIT ( $, .RADIAN. ) );
#1313 = DIRECTION ( 'NONE',  ( -1.000000000000000000, -1.644517855225996559E-15, -1.817990202823693835E-15 ) ) ;
#1314 = DIRECTION ( 'NONE',  ( 1.644517855225996559E-15, -1.000000000000000000, 2.970554346222871178E-30 ) ) ;
#1315 = DIRECTION ( 'NONE',  ( -1.644517855225997348E-15, 1.000000000000000000, -2.970554346222872930E-30 ) ) ;
#1316 = ORIENTED_EDGE ( 'NONE', *, *, #8047, .T. ) ;
#1317 =( NAMED_UNIT ( * ) SI_UNIT ( $, .STERADIAN. ) SOLID_ANGLE_UNIT ( ) );
#1318 = EDGE_CURVE ( 'NONE', #10871, #6858, #8948, .T. ) ;
#1319 = COLOUR_RGB ( '',0.7607843137254901578, 0.7607843137254901578, 0.0000000000000000000 ) ;
#1320 = VERTEX_POINT ( 'NONE', #5523 ) ;
#1321 = MECHANICAL_DESIGN_GEOMETRIC_PRESENTATION_REPRESENTATION (  '', ( #5581 ), #7225 ) ;
#1322 = DIRECTION ( 'NONE',  ( -1.817990202823693835E-15, 3.503246160812042677E-46, 1.000000000000000000 ) ) ;
#1323 = ADVANCED_FACE ( 'NONE', ( #5459 ), #1060, .F. ) ;
#1324 = DIRECTION ( 'NONE',  ( -1.000000000000000000, -1.644517855225996559E-15, -1.817990202823693835E-15 ) ) ;
#1325 = UNCERTAINTY_MEASURE_WITH_UNIT (LENGTH_MEASURE( 1.000000000000000082E-05 ), #6125, 'distance_accuracy_value', 'NONE');
#1326 = SURFACE_STYLE_FILL_AREA ( #9273 ) ;
#1327 = LINE ( 'NONE', #620, #10089 ) ;
#1328 = PRESENTATION_STYLE_ASSIGNMENT (( #6660 ) ) ;
#1329 = LENGTH_MEASURE_WITH_UNIT ( LENGTH_MEASURE( 0.02539999999999999897 ), #3129 );
#1330 = VECTOR ( 'NONE', #9471, 39.37007874015748143 ) ;
#1331 = CARTESIAN_POINT ( 'NONE',  ( 0.4957861071419626398, 0.08464566929133819639, -0.01043307086614376697 ) ) ;
#1332 = AXIS2_PLACEMENT_3D ( 'NONE', #3595, #9856, #4586 ) ;
#1333 = ORIENTED_EDGE ( 'NONE', *, *, #3497, .T. ) ;
#1334 =( NAMED_UNIT ( * ) PLANE_ANGLE_UNIT ( ) SI_UNIT ( $, .RADIAN. ) );
#1335 = LINE ( 'NONE', #4863, #4347 ) ;
#1336 = ORIENTED_EDGE ( 'NONE', *, *, #3090, .F. ) ;
#1337 = EDGE_CURVE ( 'NONE', #10494, #8185, #8122, .T. ) ;
#1338 = SURFACE_STYLE_USAGE ( .BOTH. , #7704 ) ;
#1339 = LINE ( 'NONE', #4177, #8061 ) ;
#1340 = DIRECTION ( 'NONE',  ( 1.000000000000000000, 1.644517855225996559E-15, 1.817990202823693835E-15 ) ) ;
#1341 = DIMENSIONAL_EXPONENTS ( 1.000000000000000000, 0.0000000000000000000, 0.0000000000000000000, 0.0000000000000000000, 0.0000000000000000000, 0.0000000000000000000, 0.0000000000000000000 ) ;
#1342 = AXIS2_PLACEMENT_3D ( 'NONE', #8609, #9784, #2539 ) ;
#1343 = CARTESIAN_POINT ( 'NONE',  ( 0.2627952755905455517, 0.09645669291338505869, -0.08799212598425446008 ) ) ;
#1344 = CARTESIAN_POINT ( 'NONE',  ( 0.2660249164800730370, 0.08937007874015670539, -0.06043307086614418261 ) ) ;
#1345 = CARTESIAN_POINT ( 'NONE',  ( 0.3809055118110182825, 0.1476377952755899559, -0.1875984251968526306 ) ) ;
#1346 = EDGE_LOOP ( 'NONE', ( #7267, #9181, #11277, #4220 ) ) ;
#1347 = CARTESIAN_POINT ( 'NONE',  ( 0.2542085087882421934, 0.06733071061424725223, -0.01043307086614417636 ) ) ;
#1348 = PLANE ( 'NONE',  #2867 ) ;
#1349 = ORIENTED_EDGE ( 'NONE', *, *, #3360, .T. ) ;
#1350 =( GEOMETRIC_REPRESENTATION_CONTEXT ( 3 ) GLOBAL_UNCERTAINTY_ASSIGNED_CONTEXT ( ( #6184 ) ) GLOBAL_UNIT_ASSIGNED_CONTEXT ( ( #10383, #4113, #682 ) ) REPRESENTATION_CONTEXT ( 'NONE', 'WORKASPACE' ) );
#1351 = STYLED_ITEM ( 'NONE', ( #659 ), #7386 ) ;
#1352 =( CONVERSION_BASED_UNIT ( 'INCH', #9295 ) LENGTH_UNIT ( ) NAMED_UNIT ( #1126 ) );
#1353 = ORIENTED_EDGE ( 'NONE', *, *, #2010, .F. ) ;
#1354 = LINE ( 'NONE', #4878, #6697 ) ;
#1355 = VECTOR ( 'NONE', #1763, 39.37007874015748143 ) ;
#1356 = CARTESIAN_POINT ( 'NONE',  ( 0.2660249164800734811, 0.08464566929133782169, -0.1761811023622072148 ) ) ;
#1357 = UNCERTAINTY_MEASURE_WITH_UNIT (LENGTH_MEASURE( 1.000000000000000082E-05 ), #7100, 'distance_accuracy_value', 'NONE');
#1358 = LINE ( 'NONE', #5429, #9492 ) ;
#1359 = DIMENSIONAL_EXPONENTS ( 1.000000000000000000, 0.0000000000000000000, 0.0000000000000000000, 0.0000000000000000000, 0.0000000000000000000, 0.0000000000000000000, 0.0000000000000000000 ) ;
#1360 = ORIENTED_EDGE ( 'NONE', *, *, #3077, .F. ) ;
#1361 = SURFACE_STYLE_FILL_AREA ( #2347 ) ;
#1362 = SURFACE_SIDE_STYLE ('',( #9307 ) ) ;
#1363 = LINE ( 'NONE', #2407, #4765 ) ;
#1364 = ORIENTED_EDGE ( 'NONE', *, *, #4414, .T. ) ;
#1365 = MECHANICAL_DESIGN_GEOMETRIC_PRESENTATION_REPRESENTATION (  '', ( #10251 ), #7826 ) ;
#1366 = ORIENTED_EDGE ( 'NONE', *, *, #9469, .T. ) ;
#1367 = DIRECTION ( 'NONE',  ( 0.9317773919853026277, -0.3630301527215995527, 1.693962169841892772E-15 ) ) ;
#1368 = VERTEX_POINT ( 'NONE', #10823 ) ;
#1369 = MECHANICAL_DESIGN_GEOMETRIC_PRESENTATION_REPRESENTATION (  '', ( #10269 ), #6547 ) ;
#1370 =( NAMED_UNIT ( * ) SI_UNIT ( $, .STERADIAN. ) SOLID_ANGLE_UNIT ( ) );
#1371 = DIRECTION ( 'NONE',  ( 1.154489273450655176E-15, -0.9701425001453140018, 0.2425356250364040234 ) ) ;
#1372 = MECHANICAL_DESIGN_GEOMETRIC_PRESENTATION_REPRESENTATION (  '', ( #1564 ), #7833 ) ;
#1373 = LINE ( 'NONE', #6755, #6564 ) ;
#1374 = CARTESIAN_POINT ( 'NONE',  ( 0.4432086614173172401, 0.1476377952755900669, -0.09901574803149817972 ) ) ;
#1375 = EDGE_CURVE ( 'NONE', #1233, #8695, #204, .T. ) ;
#1376 = DIRECTION ( 'NONE',  ( -2.162563726507829819E-15, 0.2425356250364040789, 0.9701425001453142238 ) ) ;
#1377 = VERTEX_POINT ( 'NONE', #2868 ) ;
#1378 = ADVANCED_FACE ( 'NONE', ( #2100 ), #3732, .T. ) ;
#1379 = STYLED_ITEM ( 'NONE', ( #7547 ), #1455 ) ;
#1380 = DIRECTION ( 'NONE',  ( 1.644517855225996559E-15, -1.000000000000000000, 2.970554346222871178E-30 ) ) ;
#1381 = ORIENTED_EDGE ( 'NONE', *, *, #6914, .T. ) ;
#1382 = STYLED_ITEM ( 'NONE', ( #8012 ), #9528 ) ;
#1383 = FILL_AREA_STYLE ('',( #618 ) ) ;
#1384 = VECTOR ( 'NONE', #8685, 39.37007874015748143 ) ;
#1385 = SURFACE_STYLE_USAGE ( .BOTH. , #2374 ) ;
#1386 = DIRECTION ( 'NONE',  ( -1.000000000000000000, -1.644517855225997348E-15, -1.817990202823693441E-15 ) ) ;
#1387 = EDGE_CURVE ( 'NONE', #9128, #6883, #10285, .T. ) ;
#1388 = DIRECTION ( 'NONE',  ( -0.8789799039125308910, -0.4626210020592183003, -0.1156552505148055743 ) ) ;
#1389 = VERTEX_POINT ( 'NONE', #5685 ) ;
#1390 = EDGE_CURVE ( 'NONE', #10362, #5740, #11022, .T. ) ;
#1391 = DIRECTION ( 'NONE',  ( -1.817990202823693835E-15, 0.0000000000000000000, 1.000000000000000000 ) ) ;
#1392 = ORIENTED_EDGE ( 'NONE', *, *, #8367, .T. ) ;
#1393 = CARTESIAN_POINT ( 'NONE',  ( 0.5142056617061280255, 0.06990336523983428640, -0.01043307086614369758 ) ) ;
#1394 = VECTOR ( 'NONE', #1286, 39.37007874015748143 ) ;
#1395 = DIRECTION ( 'NONE',  ( -2.036344053754329794E-15, 0.9701425001453376495, 0.2425356250363099597 ) ) ;
#1396 = AXIS2_PLACEMENT_3D ( 'NONE', #8354, #5060, #649 ) ;
#1397 = DIRECTION ( 'NONE',  ( 1.817990202823693835E-15, 0.0000000000000000000, -1.000000000000000000 ) ) ;
#1398 = CARTESIAN_POINT ( 'NONE',  ( 0.3186023622047188253, 0.1476377952755898726, -0.1064960629921283264 ) ) ;
#1399 = SURFACE_STYLE_USAGE ( .BOTH. , #631 ) ;
#1400 = CARTESIAN_POINT ( 'NONE',  ( 0.3186023622047184922, 0.1476377952755898726, -0.03759842519685268475 ) ) ;
#1401 = ADVANCED_FACE ( 'NONE', ( #6797 ), #2212, .F. ) ;
#1402 = DIRECTION ( 'NONE',  ( -1.817990202823693835E-15, 0.0000000000000000000, 1.000000000000000000 ) ) ;
#1403 = COLOUR_RGB ( '',0.7607843137254901578, 0.7607843137254901578, 0.0000000000000000000 ) ;
#1404 = LINE ( 'NONE', #3904, #483 ) ;
#1405 = ORIENTED_EDGE ( 'NONE', *, *, #1019, .T. ) ;
#1406 = COLOUR_RGB ( '',0.7607843137254901578, 0.7607843137254901578, 0.0000000000000000000 ) ;
#1407 = DIRECTION ( 'NONE',  ( 0.9317773919853026277, -0.3630301527215995527, 1.693962169841892772E-15 ) ) ;
#1408 = DIRECTION ( 'NONE',  ( 0.0000000000000000000, -1.000000000000000000, 0.0000000000000000000 ) ) ;
#1409 = VERTEX_POINT ( 'NONE', #6625 ) ;
#1410 = FACE_OUTER_BOUND ( 'NONE', #4558, .T. ) ;
#1411 = ORIENTED_EDGE ( 'NONE', *, *, #11180, .T. ) ;
#1412 = VECTOR ( 'NONE', #6869, 39.37007874015748143 ) ;
#1413 = FILL_AREA_STYLE_COLOUR ( '', #1685 ) ;
#1414 = VECTOR ( 'NONE', #625, 39.37007874015748143 ) ;
#1415 =( LENGTH_UNIT ( ) NAMED_UNIT ( * ) SI_UNIT ( $, .METRE. ) );
#1416 =( GEOMETRIC_REPRESENTATION_CONTEXT ( 3 ) GLOBAL_UNCERTAINTY_ASSIGNED_CONTEXT ( ( #4821 ) ) GLOBAL_UNIT_ASSIGNED_CONTEXT ( ( #7543, #6675, #2272 ) ) REPRESENTATION_CONTEXT ( 'NONE', 'WORKASPACE' ) );
#1417 = DIRECTION ( 'NONE',  ( -0.5643446851342095449, 0.8255392639728106330, 0.0000000000000000000 ) ) ;
#1418 = SURFACE_STYLE_FILL_AREA ( #7209 ) ;
#1419 = ORIENTED_EDGE ( 'NONE', *, *, #9547, .T. ) ;
#1420 =( CONVERSION_BASED_UNIT ( 'INCH', #3325 ) LENGTH_UNIT ( ) NAMED_UNIT ( #3041 ) );
#1421 = PRESENTATION_STYLE_ASSIGNMENT (( #1296 ) ) ;
#1422 = LINE ( 'NONE', #1297, #3035 ) ;
#1423 = DIMENSIONAL_EXPONENTS ( 1.000000000000000000, 0.0000000000000000000, 0.0000000000000000000, 0.0000000000000000000, 0.0000000000000000000, 0.0000000000000000000, 0.0000000000000000000 ) ;
#1424 = VECTOR ( 'NONE', #46, 39.37007874015748143 ) ;
#1425 = DIRECTION ( 'NONE',  ( -1.000000000000000000, -1.644517855225996559E-15, -1.817990202823693835E-15 ) ) ;
#1426 = VECTOR ( 'NONE', #5881, 39.37007874015748143 ) ;
#1427 = DIRECTION ( 'NONE',  ( 1.817990202823693835E-15, 0.0000000000000000000, -1.000000000000000000 ) ) ;
#1428 = ORIENTED_EDGE ( 'NONE', *, *, #5398, .F. ) ;
#1429 = STYLED_ITEM ( 'NONE', ( #821 ), #10970 ) ;
#1430 = ORIENTED_EDGE ( 'NONE', *, *, #5636, .F. ) ;
#1431 = VECTOR ( 'NONE', #861, 39.37007874015748854 ) ;
#1432 = ORIENTED_EDGE ( 'NONE', *, *, #401, .T. ) ;
#1433 = AXIS2_PLACEMENT_3D ( 'NONE', #2971, #3842, #10935 ) ;
#1434 = CARTESIAN_POINT ( 'NONE',  ( 0.3560039370078686982, 0.1279527559055112229, -0.1826771653543329266 ) ) ;
#1435 = ORIENTED_EDGE ( 'NONE', *, *, #3122, .T. ) ;
#1436 = PRESENTATION_STYLE_ASSIGNMENT (( #8427 ) ) ;
#1437 = CARTESIAN_POINT ( 'NONE',  ( 0.3186023622047189918, 0.1535433070866134841, -0.1490157480314983629 ) ) ;
#1438 = DIRECTION ( 'NONE',  ( -0.8789799039125308910, -0.4626210020592183003, -0.1156552505148055743 ) ) ;
#1439 = ORIENTED_EDGE ( 'NONE', *, *, #872, .F. ) ;
#1440 = AXIS2_PLACEMENT_3D ( 'NONE', #10197, #7680, #3230 ) ;
#1441 = CARTESIAN_POINT ( 'NONE',  ( 0.5197082840997426789, 0.05905511811023587965, -0.1261811023622067540 ) ) ;
#1442 = COLOUR_RGB ( '',0.7607843137254901578, 0.7607843137254901578, 0.0000000000000000000 ) ;
#1443 = SURFACE_SIDE_STYLE ('',( #4849 ) ) ;
#1444 = ORIENTED_EDGE ( 'NONE', *, *, #9270, .F. ) ;
#1445 =( LENGTH_UNIT ( ) NAMED_UNIT ( * ) SI_UNIT ( $, .METRE. ) );
#1446 = AXIS2_PLACEMENT_3D ( 'NONE', #5809, #5751, #8534 ) ;
#1447 = SURFACE_STYLE_USAGE ( .BOTH. , #4977 ) ;
#1448 = EDGE_CURVE ( 'NONE', #1514, #5080, #3032, .T. ) ;
#1449 = UNCERTAINTY_MEASURE_WITH_UNIT (LENGTH_MEASURE( 1.000000000000000082E-05 ), #2551, 'distance_accuracy_value', 'NONE');
#1450 = PRESENTATION_LAYER_ASSIGNMENT (  '', '', ( #5297 ) ) ;
#1451 = SURFACE_STYLE_USAGE ( .BOTH. , #9500 ) ;
#1452 = ADVANCED_FACE ( 'NONE', ( #10352 ), #9292, .T. ) ;
#1453 =( NAMED_UNIT ( * ) SI_UNIT ( $, .STERADIAN. ) SOLID_ANGLE_UNIT ( ) );
#1454 = SURFACE_STYLE_FILL_AREA ( #1569 ) ;
#1455 = ADVANCED_FACE ( 'NONE', ( #8518 ), #1348, .T. ) ;
#1456 = SURFACE_STYLE_USAGE ( .BOTH. , #9395 ) ;
#1457 = ORIENTED_EDGE ( 'NONE', *, *, #119, .F. ) ;
#1458 = CIRCLE ( 'NONE', #7553, 0.004724409448818876756 ) ;
#1459 = PLANE ( 'NONE',  #7513 ) ;
#1460 = CARTESIAN_POINT ( 'NONE',  ( 0.4432086614173177397, 0.1476377952755900669, -0.2375984251968525085 ) ) ;
#1461 = LINE ( 'NONE', #7470, #7713 ) ;
#1462 = EDGE_CURVE ( 'NONE', #5308, #4890, #1587, .T. ) ;
#1463 = LENGTH_MEASURE_WITH_UNIT ( LENGTH_MEASURE( 0.02539999999999999897 ), #522 );
#1464 =( NAMED_UNIT ( * ) PLANE_ANGLE_UNIT ( ) SI_UNIT ( $, .RADIAN. ) );
#1465 = EDGE_CURVE ( 'NONE', #10282, #5878, #8817, .T. ) ;
#1466 = VECTOR ( 'NONE', #11087, 39.37007874015748143 ) ;
#1467 = DIRECTION ( 'NONE',  ( 0.3630301527216025503, -0.9317773919853011844, 6.599852609774626257E-16 ) ) ;
#1468 = DIRECTION ( 'NONE',  ( 1.817990202823693835E-15, 0.0000000000000000000, -1.000000000000000000 ) ) ;
#1469 = LINE ( 'NONE', #8515, #9552 ) ;
#1470 = ORIENTED_EDGE ( 'NONE', *, *, #3288, .T. ) ;
#1471 = DIRECTION ( 'NONE',  ( 1.817990202823693835E-15, 0.0000000000000000000, -1.000000000000000000 ) ) ;
#1472 = EDGE_LOOP ( 'NONE', ( #3671, #7778, #8771, #905, #7208, #6481, #4339, #1944, #10406, #11464, #2167, #9981, #4172, #11449, #8067, #8801, #9178, #4043, #11057, #2140, #11223, #3504, #4510, #7895, #11167, #2828, #6161, #8337, #1310, #1316, #1836, #6046, #8375, #10190, #3607, #479, #7137, #345, #9773, #4022, #4446, #7191, #9656, #2336, #3423, #7152, #2115, #8854, #8711, #11330, #2991, #4577 ) ) ;
#1473 = VECTOR ( 'NONE', #5815, 39.37007874015748143 ) ;
#1474 = CARTESIAN_POINT ( 'NONE',  ( 0.2660249164800732591, 0.09645669291338505869, -0.1261811023622072259 ) ) ;
#1475 = ORIENTED_EDGE ( 'NONE', *, *, #8915, .T. ) ;
#1476 = EDGE_CURVE ( 'NONE', #1171, #5022, #3369, .T. ) ;
#1477 =( NAMED_UNIT ( * ) SI_UNIT ( $, .STERADIAN. ) SOLID_ANGLE_UNIT ( ) );
#1478 = ADVANCED_FACE ( 'NONE', ( #9629 ), #10641, .T. ) ;
#1479 = CARTESIAN_POINT ( 'NONE',  ( 0.3513779527558994475, 0.1535433070866135674, 0.03759842519684811202 ) ) ;
#1480 = DIRECTION ( 'NONE',  ( 0.9317773919853026277, -0.3630301527215991642, 0.0000000000000000000 ) ) ;
#1481 = UNCERTAINTY_MEASURE_WITH_UNIT (LENGTH_MEASURE( 1.000000000000000082E-05 ), #5003, 'distance_accuracy_value', 'NONE');
#1482 = CIRCLE ( 'NONE', #915, 0.01181102362204724220 ) ;
#1483 = VERTEX_POINT ( 'NONE', #9748 ) ;
#1484 = FILL_AREA_STYLE_COLOUR ( '', #9090 ) ;
#1485 = CARTESIAN_POINT ( 'NONE',  ( 0.2660249164800733146, 0.08464566929133782169, -0.1261811023622072259 ) ) ;
#1486 = CYLINDRICAL_SURFACE ( 'NONE', #3401, 0.005905511811023628037 ) ;
#1487 =( NAMED_UNIT ( * ) SI_UNIT ( $, .STERADIAN. ) SOLID_ANGLE_UNIT ( ) );
#1488 = LINE ( 'NONE', #9367, #7724 ) ;
#1489 = ORIENTED_EDGE ( 'NONE', *, *, #2076, .F. ) ;
#1490 = ORIENTED_EDGE ( 'NONE', *, *, #1626, .F. ) ;
#1491 = AXIS2_PLACEMENT_3D ( 'NONE', #5149, #733, #7796 ) ;
#1492 = LINE ( 'NONE', #7734, #133 ) ;
#1493 = VERTEX_POINT ( 'NONE', #8638 ) ;
#1494 = PRESENTATION_STYLE_ASSIGNMENT (( #8541 ) ) ;
#1495 =( NAMED_UNIT ( * ) PLANE_ANGLE_UNIT ( ) SI_UNIT ( $, .RADIAN. ) );
#1496 =( NAMED_UNIT ( * ) SI_UNIT ( $, .STERADIAN. ) SOLID_ANGLE_UNIT ( ) );
#1497 = PLANE ( 'NONE',  #8505 ) ;
#1498 = CYLINDRICAL_SURFACE ( 'NONE', #6752, 0.004724409448818893235 ) ;
#1499 = DIRECTION ( 'NONE',  ( 1.817990202823693835E-15, 0.0000000000000000000, -1.000000000000000000 ) ) ;
#1500 = DIRECTION ( 'NONE',  ( 1.817990202823693835E-15, 0.0000000000000000000, -1.000000000000000000 ) ) ;
#1501 = PRESENTATION_LAYER_ASSIGNMENT (  '', '', ( #5368 ) ) ;
#1502 = LINE ( 'NONE', #5766, #776 ) ;
#1503 = ORIENTED_EDGE ( 'NONE', *, *, #466, .T. ) ;
#1504 = FACE_OUTER_BOUND ( 'NONE', #2420, .T. ) ;
#1505 = DIMENSIONAL_EXPONENTS ( 1.000000000000000000, 0.0000000000000000000, 0.0000000000000000000, 0.0000000000000000000, 0.0000000000000000000, 0.0000000000000000000, 0.0000000000000000000 ) ;
#1506 = VERTEX_POINT ( 'NONE', #875 ) ;
#1507 = PRESENTATION_STYLE_ASSIGNMENT (( #3237 ) ) ;
#1508 = MECHANICAL_DESIGN_GEOMETRIC_PRESENTATION_REPRESENTATION (  '', ( #7036 ), #3530 ) ;
#1509 = DIRECTION ( 'NONE',  ( 1.817990202823693835E-15, 0.0000000000000000000, -1.000000000000000000 ) ) ;
#1510 = CARTESIAN_POINT ( 'NONE',  ( 0.4805418239949946213, 0.09291338582677124980, -0.1261811023622068095 ) ) ;
#1511 = SURFACE_STYLE_FILL_AREA ( #9448 ) ;
#1512 = CARTESIAN_POINT ( 'NONE',  ( 0.3560039370078684762, 0.1279527559055112229, -0.1039370078740180087 ) ) ;
#1513 =( NAMED_UNIT ( * ) SI_UNIT ( $, .STERADIAN. ) SOLID_ANGLE_UNIT ( ) );
#1514 = VERTEX_POINT ( 'NONE', #5166 ) ;
#1515 = VECTOR ( 'NONE', #293, 39.37007874015748143 ) ;
#1516 = LINE ( 'NONE', #10446, #3830 ) ;
#1517 = DIRECTION ( 'NONE',  ( 1.817990202823693835E-15, 0.0000000000000000000, -1.000000000000000000 ) ) ;
#1518 = DIRECTION ( 'NONE',  ( 1.000000000000000000, 1.644517855225996559E-15, 1.817990202823693835E-15 ) ) ;
#1519 = CARTESIAN_POINT ( 'NONE',  ( 0.3186023622047194359, 0.1476377952755898726, -0.2490157480314983962 ) ) ;
#1520 = LINE ( 'NONE', #3309, #1824 ) ;
#1521 = PRESENTATION_LAYER_ASSIGNMENT (  '', '', ( #2248 ) ) ;
#1522 = VECTOR ( 'NONE', #301, 39.37007874015748143 ) ;
#1523 = PLANE ( 'NONE',  #7519 ) ;
#1524 = PRESENTATION_STYLE_ASSIGNMENT (( #8513 ) ) ;
#1525 = CARTESIAN_POINT ( 'NONE',  ( 0.2746062992125933300, 0.09645669291338507256, -0.2104330708661442395 ) ) ;
#1526 = ORIENTED_EDGE ( 'NONE', *, *, #4205, .T. ) ;
#1527 = EDGE_CURVE ( 'NONE', #9008, #7244, #10405, .T. ) ;
#1528 = LENGTH_MEASURE_WITH_UNIT ( LENGTH_MEASURE( 0.02539999999999999897 ), #6796 );
#1529 = LENGTH_MEASURE_WITH_UNIT ( LENGTH_MEASURE( 0.02539999999999999897 ), #11107 );
#1530 = EDGE_LOOP ( 'NONE', ( #2046, #4231, #3751, #6288 ) ) ;
#1531 = EDGE_CURVE ( 'NONE', #2346, #9087, #8875, .T. ) ;
#1532 = DIRECTION ( 'NONE',  ( 1.000000000000000000, 1.644517855225996559E-15, 1.817990202823693835E-15 ) ) ;
#1533 = VECTOR ( 'NONE', #2441, 39.37007874015748143 ) ;
#1534 = EDGE_LOOP ( 'NONE', ( #9645, #2152, #5577, #5681 ) ) ;
#1535 = STYLED_ITEM ( 'NONE', ( #10003 ), #10835 ) ;
#1536 = CARTESIAN_POINT ( 'NONE',  ( 0.5001882050568444704, 0.08636077237506221971, -0.01043307086614376697 ) ) ;
#1537 = LINE ( 'NONE', #643, #6320 ) ;
#1538 = LINE ( 'NONE', #10413, #5539 ) ;
#1539 = SURFACE_STYLE_FILL_AREA ( #2402 ) ;
#1540 = ORIENTED_EDGE ( 'NONE', *, *, #10530, .T. ) ;
#1541 = DIRECTION ( 'NONE',  ( 1.000000000000000000, 1.644517855225996559E-15, 1.817990202823693835E-15 ) ) ;
#1542 = STYLED_ITEM ( 'NONE', ( #8498 ), #8257 ) ;
#1543 =( GEOMETRIC_REPRESENTATION_CONTEXT ( 3 ) GLOBAL_UNCERTAINTY_ASSIGNED_CONTEXT ( ( #11193 ) ) GLOBAL_UNIT_ASSIGNED_CONTEXT ( ( #2119, #5706, #3050 ) ) REPRESENTATION_CONTEXT ( 'NONE', 'WORKASPACE' ) );
#1544 = EDGE_CURVE ( 'NONE', #9958, #8760, #4416, .T. ) ;
#1545 = CARTESIAN_POINT ( 'NONE',  ( 0.5442913385826713135, 0.05905511811023591434, 0.001377952755903611619 ) ) ;
#1546 = DIRECTION ( 'NONE',  ( 1.000000000000000000, 1.644517855225996559E-15, 1.817990202823693835E-15 ) ) ;
#1547 = ORIENTED_EDGE ( 'NONE', *, *, #8019, .T. ) ;
#1548 = ADVANCED_FACE ( 'NONE', ( #699 ), #10524, .F. ) ;
#1549 = ORIENTED_EDGE ( 'NONE', *, *, #1683, .T. ) ;
#1550 = ORIENTED_EDGE ( 'NONE', *, *, #2078, .T. ) ;
#1551 = VECTOR ( 'NONE', #2692, 39.37007874015748143 ) ;
#1552 = SURFACE_STYLE_USAGE ( .BOTH. , #6751 ) ;
#1553 = PLANE ( 'NONE',  #10552 ) ;
#1554 = CARTESIAN_POINT ( 'NONE',  ( 0.2476053619159083730, 0.06990336523983385619, -0.2261811023622072314 ) ) ;
#1555 = CARTESIAN_POINT ( 'NONE',  ( 0.5197082840997424569, 0.05905511811023587965, -0.07618110236220675124 ) ) ;
#1556 = DIRECTION ( 'NONE',  ( -1.817990202823693835E-15, 0.0000000000000000000, 1.000000000000000000 ) ) ;
#1557 = ADVANCED_FACE ( 'NONE', ( #10870 ), #9057, .F. ) ;
#1558 =( LENGTH_UNIT ( ) NAMED_UNIT ( * ) SI_UNIT ( $, .METRE. ) );
#1559 = ORIENTED_EDGE ( 'NONE', *, *, #8588, .F. ) ;
#1560 = ORIENTED_EDGE ( 'NONE', *, *, #7045, .T. ) ;
#1561 = FILL_AREA_STYLE ('',( #4159 ) ) ;
#1562 = VERTEX_POINT ( 'NONE', #3717 ) ;
#1563 = SURFACE_STYLE_FILL_AREA ( #9497 ) ;
#1564 = STYLED_ITEM ( 'NONE', ( #5782 ), #9160 ) ;
#1565 = DIRECTION ( 'NONE',  ( -0.3630301527216025503, 0.9317773919853011844, -6.599852609774626257E-16 ) ) ;
#1566 = UNCERTAINTY_MEASURE_WITH_UNIT (LENGTH_MEASURE( 1.000000000000000082E-05 ), #1935, 'distance_accuracy_value', 'NONE');
#1567 = SURFACE_STYLE_FILL_AREA ( #2487 ) ;
#1568 = LINE ( 'NONE', #4229, #1240 ) ;
#1569 = FILL_AREA_STYLE ('',( #9393 ) ) ;
#1570 = DIRECTION ( 'NONE',  ( -1.000000000000000000, -1.644517855225996559E-15, -1.817990202823693835E-15 ) ) ;
#1571 = AXIS2_PLACEMENT_3D ( 'NONE', #6731, #4941, #1408 ) ;
#1572 = ORIENTED_EDGE ( 'NONE', *, *, #2514, .T. ) ;
#1573 = AXIS2_PLACEMENT_3D ( 'NONE', #8724, #2710, #781 ) ;
#1574 = CARTESIAN_POINT ( 'NONE',  ( 0.4957861071419636390, 0.08937007874015708009, -0.2761811023622068317 ) ) ;
#1575 = LINE ( 'NONE', #11203, #1037 ) ;
#1576 =( GEOMETRIC_REPRESENTATION_CONTEXT ( 3 ) GLOBAL_UNCERTAINTY_ASSIGNED_CONTEXT ( ( #3063 ) ) GLOBAL_UNIT_ASSIGNED_CONTEXT ( ( #1043, #5448, #7177 ) ) REPRESENTATION_CONTEXT ( 'NONE', 'WORKASPACE' ) );
#1577 = SURFACE_STYLE_USAGE ( .BOTH. , #6838 ) ;
#1578 = DIMENSIONAL_EXPONENTS ( 1.000000000000000000, 0.0000000000000000000, 0.0000000000000000000, 0.0000000000000000000, 0.0000000000000000000, 0.0000000000000000000, 0.0000000000000000000 ) ;
#1579 = UNCERTAINTY_MEASURE_WITH_UNIT (LENGTH_MEASURE( 1.000000000000000082E-05 ), #6559, 'distance_accuracy_value', 'NONE');
#1580 = DIRECTION ( 'NONE',  ( 1.644517855225996559E-15, -1.000000000000000000, 2.970554346222871178E-30 ) ) ;
#1581 = VECTOR ( 'NONE', #4101, 39.37007874015748143 ) ;
#1582 = CARTESIAN_POINT ( 'NONE',  ( 0.2746062992125931634, 0.08937007874015673314, -0.1761811023622072148 ) ) ;
#1583 =( NAMED_UNIT ( * ) SI_UNIT ( $, .STERADIAN. ) SOLID_ANGLE_UNIT ( ) );
#1584 = CARTESIAN_POINT ( 'NONE',  ( 0.5197082840997429010, 0.07204724409448784450, -0.2393149606299232179 ) ) ;
#1585 = ORIENTED_EDGE ( 'NONE', *, *, #11336, .T. ) ;
#1586 = SURFACE_STYLE_FILL_AREA ( #5102 ) ;
#1587 = LINE ( 'NONE', #8699, #8217 ) ;
#1588 = VERTEX_POINT ( 'NONE', #4647 ) ;
#1589 = FACE_OUTER_BOUND ( 'NONE', #3982, .T. ) ;
#1590 = AXIS2_PLACEMENT_3D ( 'NONE', #6352, #5471, #9025 ) ;
#1591 = ORIENTED_EDGE ( 'NONE', *, *, #8397, .T. ) ;
#1592 = CARTESIAN_POINT ( 'NONE',  ( 0.2175196850393646686, 0.05905511811023538005, -0.1261811023622072814 ) ) ;
#1593 = ADVANCED_FACE ( 'NONE', ( #10038 ), #4701, .F. ) ;
#1594 = CARTESIAN_POINT ( 'NONE',  ( 0.4957861071419626398, 0.09645669291338543339, -0.01043307086614376697 ) ) ;
#1595 = AXIS2_PLACEMENT_3D ( 'NONE', #2809, #1229, #9012 ) ;
#1596 = LINE ( 'NONE', #2458, #2839 ) ;
#1597 = EDGE_CURVE ( 'NONE', #9692, #4223, #2743, .T. ) ;
#1598 = AXIS2_PLACEMENT_3D ( 'NONE', #6624, #1407, #10169 ) ;
#1599 = FILL_AREA_STYLE_COLOUR ( '', #2231 ) ;
#1600 = CIRCLE ( 'NONE', #10108, 0.005905511811023628037 ) ;
#1601 = ORIENTED_EDGE ( 'NONE', *, *, #6434, .F. ) ;
#1602 = ORIENTED_EDGE ( 'NONE', *, *, #6, .T. ) ;
#1603 = VECTOR ( 'NONE', #5785, 39.37007874015748143 ) ;
#1604 = DIRECTION ( 'NONE',  ( 1.817990202823693835E-15, 0.0000000000000000000, -1.000000000000000000 ) ) ;
#1605 = VERTEX_POINT ( 'NONE', #6272 ) ;
#1606 = EDGE_CURVE ( 'NONE', #7669, #7919, #5388, .T. ) ;
#1607 = AXIS2_PLACEMENT_3D ( 'NONE', #8508, #6668, #568 ) ;
#1608 = EDGE_CURVE ( 'NONE', #2715, #4125, #6549, .T. ) ;
#1609 = CARTESIAN_POINT ( 'NONE',  ( 0.4957861071419632504, 0.08937007874015708009, -0.1761811023622067984 ) ) ;
#1610 = FILL_AREA_STYLE ('',( #10308 ) ) ;
#1611 = PRESENTATION_LAYER_ASSIGNMENT (  '', '', ( #5108 ) ) ;
#1612 = VECTOR ( 'NONE', #5010, 39.37007874015748854 ) ;
#1613 = CARTESIAN_POINT ( 'NONE',  ( 0.4432086614173171291, 0.1476377952755900669, -0.08759842519685250017 ) ) ;
#1614 = FILL_AREA_STYLE_COLOUR ( '', #8081 ) ;
#1615 = CARTESIAN_POINT ( 'NONE',  ( 0.2660249164800728705, 0.08937007874015670539, -0.02618110236220720990 ) ) ;
#1616 = MECHANICAL_DESIGN_GEOMETRIC_PRESENTATION_REPRESENTATION (  '', ( #1429 ), #831 ) ;
#1617 = DIRECTION ( 'NONE',  ( 1.644517855225996559E-15, -1.000000000000000000, 2.970554346222871178E-30 ) ) ;
#1618 = VERTEX_POINT ( 'NONE', #4006 ) ;
#1619 = MECHANICAL_DESIGN_GEOMETRIC_PRESENTATION_REPRESENTATION (  '', ( #4023 ), #1256 ) ;
#1620 = VERTEX_POINT ( 'NONE', #8448 ) ;
#1621 = ORIENTED_EDGE ( 'NONE', *, *, #2529, .F. ) ;
#1622 = LINE ( 'NONE', #7910, #4211 ) ;
#1623 = ORIENTED_EDGE ( 'NONE', *, *, #2438, .T. ) ;
#1624 =( GEOMETRIC_REPRESENTATION_CONTEXT ( 3 ) GLOBAL_UNCERTAINTY_ASSIGNED_CONTEXT ( ( #1095 ) ) GLOBAL_UNIT_ASSIGNED_CONTEXT ( ( #6377, #9050, #1098 ) ) REPRESENTATION_CONTEXT ( 'NONE', 'WORKASPACE' ) );
#1625 = AXIS2_PLACEMENT_3D ( 'NONE', #11371, #6837, #8687 ) ;
#1626 = EDGE_CURVE ( 'NONE', #3880, #6698, #8504, .T. ) ;
#1627 = CARTESIAN_POINT ( 'NONE',  ( 0.4432086614173176842, 0.1535433070866137062, -0.1990157480314981575 ) ) ;
#1628 =( CONVERSION_BASED_UNIT ( 'INCH', #10503 ) LENGTH_UNIT ( ) NAMED_UNIT ( #2596 ) );
#1629 = PRESENTATION_STYLE_ASSIGNMENT (( #10561 ) ) ;
#1630 = CARTESIAN_POINT ( 'NONE',  ( 0.4957861071419633059, 0.08464566929133819639, -0.1472992125984272649 ) ) ;
#1631 = AXIS2_PLACEMENT_3D ( 'NONE', #67, #5555, #1033 ) ;
#1632 = ORIENTED_EDGE ( 'NONE', *, *, #6286, .F. ) ;
#1633 = CARTESIAN_POINT ( 'NONE',  ( 0.4058070866141674782, 0.1448818897637632330, -0.05531496062992343615 ) ) ;
#1634 = CARTESIAN_POINT ( 'NONE',  ( 0.2421027395222942191, 0.05905511811023542168, -0.2104330708661442673 ) ) ;
#1635 = STYLED_ITEM ( 'NONE', ( #789 ), #4029 ) ;
#1636 = DIRECTION ( 'NONE',  ( -1.000000000000000000, -1.644517855225997348E-15, -1.817990202823693441E-15 ) ) ;
#1637 = LINE ( 'NONE', #7108, #1431 ) ;
#1638 = LINE ( 'NONE', #5208, #2566 ) ;
#1639 = DIRECTION ( 'NONE',  ( 1.644517855225996559E-15, -1.000000000000000000, 2.970554346222871178E-30 ) ) ;
#1640 = LINE ( 'NONE', #7812, #3449 ) ;
#1641 = DIRECTION ( 'NONE',  ( 1.817990202823693835E-15, 0.0000000000000000000, -1.000000000000000000 ) ) ;
#1642 = LINE ( 'NONE', #6953, #10117 ) ;
#1643 = ORIENTED_EDGE ( 'NONE', *, *, #9256, .T. ) ;
#1644 = DIRECTION ( 'NONE',  ( -1.000000000000000000, -1.644517855225996559E-15, -1.817990202823693835E-15 ) ) ;
#1645 = ORIENTED_EDGE ( 'NONE', *, *, #3789, .T. ) ;
#1646 = EDGE_LOOP ( 'NONE', ( #9411, #7469, #11360, #5176, #1896, #11299, #6423, #1884 ) ) ;
#1647 = LINE ( 'NONE', #1536, #5586 ) ;
#1648 = CARTESIAN_POINT ( 'NONE',  ( 0.3821850393700735871, 0.1240157480314797583, -0.2053149606299235486 ) ) ;
#1649 =( NAMED_UNIT ( * ) PLANE_ANGLE_UNIT ( ) SI_UNIT ( $, .RADIAN. ) );
#1650 = CARTESIAN_POINT ( 'NONE',  ( 0.4432086614173180172, 0.1535433070866137062, -0.2875984251968525252 ) ) ;
#1651 = FILL_AREA_STYLE ('',( #8831 ) ) ;
#1652 = VECTOR ( 'NONE', #2984, 39.37007874015748143 ) ;
#1653 = ORIENTED_EDGE ( 'NONE', *, *, #1465, .T. ) ;
#1654 = ORIENTED_EDGE ( 'NONE', *, *, #9609, .T. ) ;
#1655 = EDGE_CURVE ( 'NONE', #11178, #502, #5674, .T. ) ;
#1656 =( LENGTH_UNIT ( ) NAMED_UNIT ( * ) SI_UNIT ( $, .METRE. ) );
#1657 = ORIENTED_EDGE ( 'NONE', *, *, #8022, .T. ) ;
#1658 = EDGE_CURVE ( 'NONE', #10302, #8004, #3049, .T. ) ;
#1659 = DIRECTION ( 'NONE',  ( 0.9317773919853027387, -0.3630301527215988866, 1.314184451497580618E-15 ) ) ;
#1660 = CARTESIAN_POINT ( 'NONE',  ( 0.5442913385826720907, 0.06614173228346426070, -0.2104330708661436566 ) ) ;
#1661 = PLANE ( 'NONE',  #2339 ) ;
#1662 = PLANE ( 'NONE',  #7677 ) ;
#1663 = CARTESIAN_POINT ( 'NONE',  ( 0.4872047244094429574, 0.09645669291338541951, -0.02618110236220680051 ) ) ;
#1664 =( NAMED_UNIT ( * ) PLANE_ANGLE_UNIT ( ) SI_UNIT ( $, .RADIAN. ) );
#1665 = ORIENTED_EDGE ( 'NONE', *, *, #3302, .T. ) ;
#1666 = EDGE_CURVE ( 'NONE', #3615, #2338, #1211, .T. ) ;
#1667 = STYLED_ITEM ( 'NONE', ( #3300 ), #5682 ) ;
#1668 = ORIENTED_EDGE ( 'NONE', *, *, #3505, .F. ) ;
#1669 = VERTEX_POINT ( 'NONE', #2320 ) ;
#1670 = EDGE_CURVE ( 'NONE', #2260, #9310, #6782, .T. ) ;
#1671 = SURFACE_STYLE_FILL_AREA ( #1561 ) ;
#1672 = VERTEX_POINT ( 'NONE', #6664 ) ;
#1673 = CARTESIAN_POINT ( 'NONE',  ( 0.4432086614173179617, 0.1476377952755900669, -0.2490157480314981742 ) ) ;
#1674 = PRESENTATION_LAYER_ASSIGNMENT (  '', '', ( #4452 ) ) ;
#1675 = UNCERTAINTY_MEASURE_WITH_UNIT (LENGTH_MEASURE( 1.000000000000000082E-05 ), #10898, 'distance_accuracy_value', 'NONE');
#1676 =( NAMED_UNIT ( * ) SI_UNIT ( $, .STERADIAN. ) SOLID_ANGLE_UNIT ( ) );
#1677 = CARTESIAN_POINT ( 'NONE',  ( 0.5142056617061282475, 0.06990336523983428640, -0.07618110236220675124 ) ) ;
#1678 = DIRECTION ( 'NONE',  ( 1.644517855225997348E-15, -1.000000000000000000, 2.970554346222872930E-30 ) ) ;
#1679 = DIMENSIONAL_EXPONENTS ( 1.000000000000000000, 0.0000000000000000000, 0.0000000000000000000, 0.0000000000000000000, 0.0000000000000000000, 0.0000000000000000000, 0.0000000000000000000 ) ;
#1680 = DIRECTION ( 'NONE',  ( 0.9317773919853008513, 0.3630301527216037161, 0.0000000000000000000 ) ) ;
#1681 =( NAMED_UNIT ( * ) PLANE_ANGLE_UNIT ( ) SI_UNIT ( $, .RADIAN. ) );
#1682 = EDGE_LOOP ( 'NONE', ( #5349, #10166, #7012, #9995 ) ) ;
#1683 = EDGE_CURVE ( 'NONE', #3880, #10226, #1335, .T. ) ;
#1684 = CARTESIAN_POINT ( 'NONE',  ( 0.2175196850393642523, 0.05905511811023538005, -0.03799212598425452669 ) ) ;
#1685 = COLOUR_RGB ( '',0.7607843137254901578, 0.7607843137254901578, 0.0000000000000000000 ) ;
#1686 = EDGE_CURVE ( 'NONE', #7994, #10491, #1272, .T. ) ;
#1687 = AXIS2_PLACEMENT_3D ( 'NONE', #3676, #5680, #9005 ) ;
#1688 = CARTESIAN_POINT ( 'NONE',  ( 0.4957861071419634724, 0.08937007874015708009, -0.2261811023622068428 ) ) ;
#1689 = FILL_AREA_STYLE ('',( #8567 ) ) ;
#1690 = UNCERTAINTY_MEASURE_WITH_UNIT (LENGTH_MEASURE( 1.000000000000000082E-05 ), #5175, 'distance_accuracy_value', 'NONE');
#1691 = CARTESIAN_POINT ( 'NONE',  ( 0.2746062992125927193, 0.09645669291338507256, -0.06043307086614418261 ) ) ;
#1692 = CARTESIAN_POINT ( 'NONE',  ( 0.4957861071419632504, 0.08464566929133819639, -0.1604330708661437788 ) ) ;
#1693 = VECTOR ( 'NONE', #1923, 39.37007874015748143 ) ;
#1694 = CARTESIAN_POINT ( 'NONE',  ( 0.3560039370078686982, 0.1279527559055112229, -0.1826771653543329266 ) ) ;
#1695 = FACE_OUTER_BOUND ( 'NONE', #4203, .T. ) ;
#1696 = ORIENTED_EDGE ( 'NONE', *, *, #7598, .T. ) ;
#1697 = ADVANCED_FACE ( 'NONE', ( #356 ), #10985, .T. ) ;
#1698 = CARTESIAN_POINT ( 'NONE',  ( 0.5142056617061282475, 0.06990336523983428640, -0.06043307086614371076 ) ) ;
#1699 = CARTESIAN_POINT ( 'NONE',  ( 0.3560039370078686982, 0.1240157480314954541, -0.1549212598425219467 ) ) ;
#1700 = EDGE_LOOP ( 'NONE', ( #10821, #6163, #10222, #5480 ) ) ;
#1701 = FILL_AREA_STYLE_COLOUR ( '', #1403 ) ;
#1702 = VERTEX_POINT ( 'NONE', #3951 ) ;
#1704 = PRESENTATION_STYLE_ASSIGNMENT (( #7995 ) ) ;
#1703 = COLOUR_RGB ( '',0.7607843137254901578, 0.7607843137254901578, 0.0000000000000000000 ) ;
#1705 = SURFACE_STYLE_USAGE ( .BOTH. , #6095 ) ;
#1706 = LINE ( 'NONE', #2513, #6652 ) ;
#1707 = FILL_AREA_STYLE_COLOUR ( '', #7453 ) ;
#1708 = CARTESIAN_POINT ( 'NONE',  ( 0.4058070866141672561, 0.1240157480314798000, -0.006496062992128178587 ) ) ;
#1709 =( NAMED_UNIT ( * ) PLANE_ANGLE_UNIT ( ) SI_UNIT ( $, .RADIAN. ) );
#1710 = VERTEX_POINT ( 'NONE', #11037 ) ;
#1711 = VECTOR ( 'NONE', #10571, 39.37007874015748143 ) ;
#1712 = VECTOR ( 'NONE', #5139, 39.37007874015748143 ) ;
#1713 = CARTESIAN_POINT ( 'NONE',  ( 0.4957861071419636390, 0.09645669291338543339, -0.2761811023622068317 ) ) ;
#1714 = ORIENTED_EDGE ( 'NONE', *, *, #1172, .T. ) ;
#1715 = PLANE ( 'NONE',  #6227 ) ;
#1716 = ORIENTED_EDGE ( 'NONE', *, *, #3292, .F. ) ;
#1717 = DIRECTION ( 'NONE',  ( 1.817990202823693835E-15, -3.503246160812042677E-46, -1.000000000000000000 ) ) ;
#1718 = AXIS2_PLACEMENT_3D ( 'NONE', #4695, #9914, #9976 ) ;
#1719 =( NAMED_UNIT ( * ) PLANE_ANGLE_UNIT ( ) SI_UNIT ( $, .RADIAN. ) );
#1720 = PRESENTATION_LAYER_ASSIGNMENT (  '', '', ( #1351 ) ) ;
#1721 = LINE ( 'NONE', #10368, #1412 ) ;
#1722 = DIRECTION ( 'NONE',  ( 1.154489273450655176E-15, -0.9701425001453140018, 0.2425356250364040234 ) ) ;
#1723 = DIRECTION ( 'NONE',  ( 1.644517855225997348E-15, -1.000000000000000000, 2.970554346222872930E-30 ) ) ;
#1724 = DIRECTION ( 'NONE',  ( -1.817990202823693835E-15, 0.0000000000000000000, 1.000000000000000000 ) ) ;
#1725 = DIRECTION ( 'NONE',  ( 1.817990202823693835E-15, 0.0000000000000000000, -1.000000000000000000 ) ) ;
#1726 = VERTEX_POINT ( 'NONE', #3070 ) ;
#1727 = ORIENTED_EDGE ( 'NONE', *, *, #8668, .F. ) ;
#1728 = ORIENTED_EDGE ( 'NONE', *, *, #10384, .T. ) ;
#1729 = CARTESIAN_POINT ( 'NONE',  ( 0.4058070866141679223, 0.1240157480314955235, -0.1816929133858289636 ) ) ;
#1730 = EDGE_LOOP ( 'NONE', ( #3293, #2232, #2103, #807, #10969, #942, #224, #1782, #8669, #9837, #2713, #1947 ) ) ;
#1731 = CARTESIAN_POINT ( 'NONE',  ( 0.4957861071419630283, 0.08937007874015708009, -0.1104330708661437760 ) ) ;
#1732 = DIRECTION ( 'NONE',  ( -1.644517855225997348E-15, 1.000000000000000000, -2.970554346222872930E-30 ) ) ;
#1733 = ADVANCED_FACE ( 'NONE', ( #6608 ), #10156, .T. ) ;
#1734 =( GEOMETRIC_REPRESENTATION_CONTEXT ( 3 ) GLOBAL_UNCERTAINTY_ASSIGNED_CONTEXT ( ( #7492 ) ) GLOBAL_UNIT_ASSIGNED_CONTEXT ( ( #6602, #7288, #11092 ) ) REPRESENTATION_CONTEXT ( 'NONE', 'WORKASPACE' ) );
#1735 = CARTESIAN_POINT ( 'NONE',  ( 0.4058070866141672561, 0.1240157480314955235, -0.004921259842521875059 ) ) ;
#1736 = CARTESIAN_POINT ( 'NONE',  ( 0.4432086614173172401, 0.1476377952755900669, -0.1064960629921281182 ) ) ;
#1737 = EDGE_CURVE ( 'NONE', #3573, #3094, #2671, .T. ) ;
#1738 = EDGE_LOOP ( 'NONE', ( #656, #3400, #11413, #5885 ) ) ;
#1739 = FILL_AREA_STYLE ('',( #9675 ) ) ;
#1740 = PRESENTATION_LAYER_ASSIGNMENT (  '', '', ( #1564 ) ) ;
#1741 = SURFACE_STYLE_USAGE ( .BOTH. , #4463 ) ;
#1742 = EDGE_CURVE ( 'NONE', #2338, #4355, #11370, .T. ) ;
#1743 = DIRECTION ( 'NONE',  ( 1.000000000000000000, 1.644517855225996559E-15, 1.817990202823693835E-15 ) ) ;
#1744 = PRESENTATION_LAYER_ASSIGNMENT (  '', '', ( #2482 ) ) ;
#1745 = PLANE ( 'NONE',  #4566 ) ;
#1746 = SURFACE_SIDE_STYLE ('',( #5383 ) ) ;
#1747 = EDGE_CURVE ( 'NONE', #9809, #6902, #3413, .T. ) ;
#1748 = CARTESIAN_POINT ( 'NONE',  ( 0.5197082840997423459, 0.07204724409448784450, -0.06043307086614371076 ) ) ;
#1749 = COLOUR_RGB ( '',0.7607843137254901578, 0.7607843137254901578, 0.0000000000000000000 ) ;
#1750 = LINE ( 'NONE', #697, #6774 ) ;
#1751 = ORIENTED_EDGE ( 'NONE', *, *, #8100, .F. ) ;
#1752 =( LENGTH_UNIT ( ) NAMED_UNIT ( * ) SI_UNIT ( $, .METRE. ) );
#1753 = CARTESIAN_POINT ( 'NONE',  ( 0.2542085087882432481, 0.06733071061424725223, -0.2604330708661442007 ) ) ;
#1754 = EDGE_LOOP ( 'NONE', ( #8785, #9238, #2945, #3279 ) ) ;
#1755 = LINE ( 'NONE', #4418, #3817 ) ;
#1756 = PRESENTATION_LAYER_ASSIGNMENT (  '', '', ( #6739 ) ) ;
#1757 = ORIENTED_EDGE ( 'NONE', *, *, #7797, .F. ) ;
#1758 = MECHANICAL_DESIGN_GEOMETRIC_PRESENTATION_REPRESENTATION (  '', ( #8405 ), #3983 ) ;
#1759 = CARTESIAN_POINT ( 'NONE',  ( 0.3186023622047184922, 0.1476377952755898726, -0.03759842519685268475 ) ) ;
#1760 = EDGE_CURVE ( 'NONE', #2181, #3905, #11317, .T. ) ;
#1761 = FILL_AREA_STYLE_COLOUR ( '', #1136 ) ;
#1762 = CARTESIAN_POINT ( 'NONE',  ( 0.4432086614173179617, 0.1476377952755900669, -0.2490157480314981742 ) ) ;
#1763 = DIRECTION ( 'NONE',  ( 1.000000000000000000, 1.644517855225996559E-15, 1.817990202823693835E-15 ) ) ;
#1764 = VECTOR ( 'NONE', #1517, 39.37007874015748143 ) ;
#1765 = FILL_AREA_STYLE ('',( #8590 ) ) ;
#1766 = FILL_AREA_STYLE_COLOUR ( '', #5303 ) ;
#1767 = LENGTH_MEASURE_WITH_UNIT ( LENGTH_MEASURE( 0.02539999999999999897 ), #6912 );
#1768 = STYLED_ITEM ( 'NONE', ( #1436 ), #9893 ) ;
#1769 = ORIENTED_EDGE ( 'NONE', *, *, #3304, .T. ) ;
#1770 = CARTESIAN_POINT ( 'NONE',  ( 0.4872047244094429019, 0.08937007874015708009, -0.01043307086614376697 ) ) ;
#1771 = EDGE_LOOP ( 'NONE', ( #1668, #8774, #74, #4767 ) ) ;
#1772 = CARTESIAN_POINT ( 'NONE',  ( 0.4058070866141681998, 0.1240157480314955235, -0.2312992125984274228 ) ) ;
#1773 = VERTEX_POINT ( 'NONE', #3356 ) ;
#1774 = AXIS2_PLACEMENT_3D ( 'NONE', #2644, #7947, #3502 ) ;
#1775 =( NAMED_UNIT ( * ) PLANE_ANGLE_UNIT ( ) SI_UNIT ( $, .RADIAN. ) );
#1776 = CIRCLE ( 'NONE', #6580, 0.01181102362204724220 ) ;
#1777 = SURFACE_SIDE_STYLE ('',( #3689 ) ) ;
#1778 = DIRECTION ( 'NONE',  ( -1.644517855225997348E-15, 1.000000000000000000, -2.970554346222872930E-30 ) ) ;
#1779 = DIRECTION ( 'NONE',  ( -0.3630301527216025503, 0.9317773919853011844, -6.599852609774626257E-16 ) ) ;
#1780 = CARTESIAN_POINT ( 'NONE',  ( 0.2421027395222944967, 0.07204724409448738653, -0.2761811023622073313 ) ) ;
#1781 = ORIENTED_EDGE ( 'NONE', *, *, #2386, .T. ) ;
#1782 = ORIENTED_EDGE ( 'NONE', *, *, #2291, .T. ) ;
#1783 = VECTOR ( 'NONE', #6026, 39.37007874015748143 ) ;
#1784 = ORIENTED_EDGE ( 'NONE', *, *, #3427, .T. ) ;
#1785 =( LENGTH_UNIT ( ) NAMED_UNIT ( * ) SI_UNIT ( $, .METRE. ) );
#1786 = VERTEX_POINT ( 'NONE', #1634 ) ;
#1787 = COLOUR_RGB ( '',0.7607843137254901578, 0.7607843137254901578, 0.0000000000000000000 ) ;
#1788 = CIRCLE ( 'NONE', #4567, 0.005905511811023611557 ) ;
#1789 = FILL_AREA_STYLE_COLOUR ( '', #9597 ) ;
#1790 = UNCERTAINTY_MEASURE_WITH_UNIT (LENGTH_MEASURE( 1.000000000000000082E-05 ), #6581, 'distance_accuracy_value', 'NONE');
#1791 = SURFACE_STYLE_FILL_AREA ( #9725 ) ;
#1792 = PRESENTATION_STYLE_ASSIGNMENT (( #9794 ) ) ;
#1793 = FACE_OUTER_BOUND ( 'NONE', #7502, .T. ) ;
#1794 = LENGTH_MEASURE_WITH_UNIT ( LENGTH_MEASURE( 0.02539999999999999897 ), #62 );
#1795 = VERTEX_POINT ( 'NONE', #2433 ) ;
#1796 = LINE ( 'NONE', #9971, #6586 ) ;
#1797 = CIRCLE ( 'NONE', #676, 0.004724409448818876756 ) ;
#1798 = VECTOR ( 'NONE', #987, 39.37007874015748143 ) ;
#1799 = PRODUCT_RELATED_PRODUCT_CATEGORY ( 'part', '', ( #4896 ) ) ;
#1800 = FILL_AREA_STYLE ('',( #860 ) ) ;
#1801 =( GEOMETRIC_REPRESENTATION_CONTEXT ( 3 ) GLOBAL_UNCERTAINTY_ASSIGNED_CONTEXT ( ( #5735 ) ) GLOBAL_UNIT_ASSIGNED_CONTEXT ( ( #7242, #8236, #9990 ) ) REPRESENTATION_CONTEXT ( 'NONE', 'WORKASPACE' ) );
#1802 = DIRECTION ( 'NONE',  ( 1.817990202823693835E-15, 0.0000000000000000000, -1.000000000000000000 ) ) ;
#1803 = EDGE_CURVE ( 'NONE', #8516, #3824, #3475, .T. ) ;
#1804 = COLOUR_RGB ( '',0.7607843137254901578, 0.7607843137254901578, 0.0000000000000000000 ) ;
#1805 = ADVANCED_FACE ( 'NONE', ( #9565 ), #5155, .T. ) ;
#1806 = LINE ( 'NONE', #2846, #339 ) ;
#1807 = UNCERTAINTY_MEASURE_WITH_UNIT (LENGTH_MEASURE( 1.000000000000000082E-05 ), #343, 'distance_accuracy_value', 'NONE');
#1808 = CARTESIAN_POINT ( 'NONE',  ( 0.5001882050568446925, 0.08636077237506221971, -0.06043307086614377321 ) ) ;
#1809 = CIRCLE ( 'NONE', #1241, 0.005905511811023628037 ) ;
#1810 = LINE ( 'NONE', #8870, #4383 ) ;
#1811 = SURFACE_SIDE_STYLE ('',( #8872 ) ) ;
#1812 = VERTEX_POINT ( 'NONE', #8626 ) ;
#1813 = VECTOR ( 'NONE', #3218, 39.37007874015748143 ) ;
#1814 = DIRECTION ( 'NONE',  ( 1.817990202823693835E-15, 0.0000000000000000000, -1.000000000000000000 ) ) ;
#1815 = FILL_AREA_STYLE ('',( #6848 ) ) ;
#1816 = EDGE_LOOP ( 'NONE', ( #11132, #6118, #11385, #5719 ) ) ;
#1817 = EDGE_CURVE ( 'NONE', #4064, #11158, #2558, .T. ) ;
#1818 = DIRECTION ( 'NONE',  ( -1.817990202823693835E-15, 0.0000000000000000000, 1.000000000000000000 ) ) ;
#1819 = AXIS2_PLACEMENT_3D ( 'NONE', #3702, #2836, #7397 ) ;
#1820 = ORIENTED_EDGE ( 'NONE', *, *, #5400, .T. ) ;
#1821 = EDGE_CURVE ( 'NONE', #9277, #64, #2617, .T. ) ;
#1822 = FACE_OUTER_BOUND ( 'NONE', #5216, .T. ) ;
#1823 = PLANE ( 'NONE',  #8840 ) ;
#1824 = VECTOR ( 'NONE', #3256, 39.37007874015748143 ) ;
#1825 = CARTESIAN_POINT ( 'NONE',  ( 0.3560039370078683651, 0.1240157480314954541, 0.008070866141730009130 ) ) ;
#1826 =( CONVERSION_BASED_UNIT ( 'INCH', #818 ) LENGTH_UNIT ( ) NAMED_UNIT ( #6671 ) );
#1827 = CARTESIAN_POINT ( 'NONE',  ( 0.4432086614173171291, 0.1535433070866137062, -0.08759842519685250017 ) ) ;
#1828 = LINE ( 'NONE', #5983, #10862 ) ;
#1829 = EDGE_LOOP ( 'NONE', ( #8756, #1444, #391, #3989 ) ) ;
#1830 = ADVANCED_FACE ( 'NONE', ( #11263 ), #6886, .T. ) ;
#1831 = VECTOR ( 'NONE', #1509, 39.37007874015748143 ) ;
#1832 = CARTESIAN_POINT ( 'NONE',  ( 0.3560039370078684762, 0.1240157480314796890, -0.1049212598425219578 ) ) ;
#1833 = ORIENTED_EDGE ( 'NONE', *, *, #10684, .F. ) ;
#1834 = EDGE_CURVE ( 'NONE', #193, #7744, #10447, .T. ) ;
#1835 = DIRECTION ( 'NONE',  ( 1.000000000000000000, 1.644517855225996559E-15, 1.817990202823693835E-15 ) ) ;
#1836 = ORIENTED_EDGE ( 'NONE', *, *, #3738, .F. ) ;
#1837 = SURFACE_STYLE_FILL_AREA ( #6921 ) ;
#1838 = DIRECTION ( 'NONE',  ( 1.644517855225997348E-15, -1.000000000000000000, 2.970554346222872930E-30 ) ) ;
#1839 = CARTESIAN_POINT ( 'NONE',  ( 0.5001882050568451366, 0.08636077237506221971, -0.1604330708661437788 ) ) ;
#1840 = DIRECTION ( 'NONE',  ( 1.000000000000000000, 1.644517855225996559E-15, 1.817990202823693835E-15 ) ) ;
#1841 = DIRECTION ( 'NONE',  ( -0.3630301527216025503, 0.9317773919853011844, -6.599852609774626257E-16 ) ) ;
#1842 = FILL_AREA_STYLE ('',( #721 ) ) ;
#1843 = ORIENTED_EDGE ( 'NONE', *, *, #2235, .F. ) ;
#1844 = VERTEX_POINT ( 'NONE', #858 ) ;
#1845 = VERTEX_POINT ( 'NONE', #14 ) ;
#1846 = EDGE_CURVE ( 'NONE', #6104, #7950, #3529, .T. ) ;
#1847 = MECHANICAL_DESIGN_GEOMETRIC_PRESENTATION_REPRESENTATION (  '', ( #5168 ), #3881 ) ;
#1848 = DIRECTION ( 'NONE',  ( -0.3630301527216025503, 0.9317773919853011844, -6.599852609774626257E-16 ) ) ;
#1849 = VERTEX_POINT ( 'NONE', #9972 ) ;
#1850 = LINE ( 'NONE', #966, #8280 ) ;
#1851 = ORIENTED_EDGE ( 'NONE', *, *, #2591, .T. ) ;
#1852 =( NAMED_UNIT ( * ) PLANE_ANGLE_UNIT ( ) SI_UNIT ( $, .RADIAN. ) );
#1853 = LENGTH_MEASURE_WITH_UNIT ( LENGTH_MEASURE( 0.02539999999999999897 ), #4399 );
#1854 =( NAMED_UNIT ( * ) PLANE_ANGLE_UNIT ( ) SI_UNIT ( $, .RADIAN. ) );
#1855 = CARTESIAN_POINT ( 'NONE',  ( 0.5197082840997431230, 0.07204724409448784450, -0.2893149606299232346 ) ) ;
#1856 = VECTOR ( 'NONE', #2312, 39.37007874015748143 ) ;
#1857 = ORIENTED_EDGE ( 'NONE', *, *, #5123, .F. ) ;
#1858 = LINE ( 'NONE', #2786, #11082 ) ;
#1859 =( CONVERSION_BASED_UNIT ( 'INCH', #2493 ) LENGTH_UNIT ( ) NAMED_UNIT ( #1359 ) );
#1860 = VECTOR ( 'NONE', #1371, 39.37007874015748854 ) ;
#1861 = PLANE ( 'NONE',  #3867 ) ;
#1862 = LINE ( 'NONE', #1036, #3745 ) ;
#1863 = CARTESIAN_POINT ( 'NONE',  ( 0.4957861071419632504, 0.08937007874015708009, -0.1604330708661437788 ) ) ;
#1864 = FACE_OUTER_BOUND ( 'NONE', #10307, .T. ) ;
#1865 = ORIENTED_EDGE ( 'NONE', *, *, #8822, .F. ) ;
#1866 = LINE ( 'NONE', #1154, #3821 ) ;
#1867 = CARTESIAN_POINT ( 'NONE',  ( 0.2443811050961597620, 0.06162777273582203952, -0.08799212598425446008 ) ) ;
#1868 = ORIENTED_EDGE ( 'NONE', *, *, #2024, .F. ) ;
#1869 = VERTEX_POINT ( 'NONE', #9732 ) ;
#1870 = FILL_AREA_STYLE_COLOUR ( '', #5758 ) ;
#1871 = FILL_AREA_STYLE_COLOUR ( '', #6249 ) ;
#1872 = VECTOR ( 'NONE', #6690, 39.37007874015748143 ) ;
#1873 = LENGTH_MEASURE_WITH_UNIT ( LENGTH_MEASURE( 0.02539999999999999897 ), #8056 );
#1874 = ADVANCED_FACE ( 'NONE', ( #5323 ), #7345, .F. ) ;
#1875 = DIRECTION ( 'NONE',  ( 2.036344053754329794E-15, -0.9701425001453376495, -0.2425356250363099597 ) ) ;
#1876 = CARTESIAN_POINT ( 'NONE',  ( 0.4957861071419630283, 0.09645669291338543339, -0.1104330708661437760 ) ) ;
#1877 = EDGE_CURVE ( 'NONE', #2467, #6074, #6257, .T. ) ;
#1878 = EDGE_CURVE ( 'NONE', #5080, #8879, #2785, .T. ) ;
#1879 = LENGTH_MEASURE_WITH_UNIT ( LENGTH_MEASURE( 0.02539999999999999897 ), #311 );
#1880 = EDGE_LOOP ( 'NONE', ( #6209, #1958, #9091, #4028 ) ) ;
#1881 = VECTOR ( 'NONE', #8572, 39.37007874015748143 ) ;
#1882 = DIRECTION ( 'NONE',  ( -0.8849182223819958004, 0.4657464328325965908, -1.608772658590627243E-15 ) ) ;
#1883 = MECHANICAL_DESIGN_GEOMETRIC_PRESENTATION_REPRESENTATION (  '', ( #3944 ), #9314 ) ;
#1884 = ORIENTED_EDGE ( 'NONE', *, *, #8183, .T. ) ;
#1885 = LENGTH_MEASURE_WITH_UNIT ( LENGTH_MEASURE( 0.02539999999999999897 ), #9830 );
#1886 = ORIENTED_EDGE ( 'NONE', *, *, #7671, .T. ) ;
#1887 = FILL_AREA_STYLE_COLOUR ( '', #392 ) ;
#1888 = EDGE_CURVE ( 'NONE', #10741, #4749, #9044, .T. ) ;
#1889 = LINE ( 'NONE', #10779, #10507 ) ;
#1890 = MECHANICAL_DESIGN_GEOMETRIC_PRESENTATION_REPRESENTATION (  '', ( #3544 ), #3736 ) ;
#1891 = DIRECTION ( 'NONE',  ( 0.0000000000000000000, -1.000000000000000000, 0.0000000000000000000 ) ) ;
#1892 = CARTESIAN_POINT ( 'NONE',  ( 0.3186023622047187143, 0.1476377952755898726, -0.08759842519685272222 ) ) ;
#1893 = EDGE_CURVE ( 'NONE', #6759, #11105, #1014, .T. ) ;
#1894 = CARTESIAN_POINT ( 'NONE',  ( 0.4872047244094434015, 0.09645669291338541951, -0.1261811023622068095 ) ) ;
#1895 = FILL_AREA_STYLE ('',( #11008 ) ) ;
#1896 = ORIENTED_EDGE ( 'NONE', *, *, #3238, .F. ) ;
#1897 = ORIENTED_EDGE ( 'NONE', *, *, #7969, .F. ) ;
#1898 = ORIENTED_EDGE ( 'NONE', *, *, #8819, .F. ) ;
#1899 = FACE_OUTER_BOUND ( 'NONE', #8716, .T. ) ;
#1900 = ORIENTED_EDGE ( 'NONE', *, *, #2864, .T. ) ;
#1901 = PRESENTATION_LAYER_ASSIGNMENT (  '', '', ( #8348 ) ) ;
#1902 = MECHANICAL_DESIGN_GEOMETRIC_PRESENTATION_REPRESENTATION (  '', ( #7246 ), #7985 ) ;
#1903 = SURFACE_SIDE_STYLE ('',( #8140 ) ) ;
#1904 = PRESENTATION_STYLE_ASSIGNMENT (( #7047 ) ) ;
#1905 = ADVANCED_FACE ( 'NONE', ( #3765 ), #9800, .T. ) ;
#1906 = UNCERTAINTY_MEASURE_WITH_UNIT (LENGTH_MEASURE( 1.000000000000000082E-05 ), #5396, 'distance_accuracy_value', 'NONE');
#1907 = ORIENTED_EDGE ( 'NONE', *, *, #10335, .T. ) ;
#1908 = CARTESIAN_POINT ( 'NONE',  ( 0.4058070866141672561, 0.1448818897637632330, -0.005314960629923433377 ) ) ;
#1909 = SURFACE_STYLE_FILL_AREA ( #6306 ) ;
#1910 = SURFACE_STYLE_FILL_AREA ( #9202 ) ;
#1911 = CARTESIAN_POINT ( 'NONE',  ( 0.3821850393700727544, 0.1448818897637632053, -0.005314960629923502766 ) ) ;
#1912 =( GEOMETRIC_REPRESENTATION_CONTEXT ( 3 ) GLOBAL_UNCERTAINTY_ASSIGNED_CONTEXT ( ( #847 ) ) GLOBAL_UNIT_ASSIGNED_CONTEXT ( ( #9103, #5776, #11089 ) ) REPRESENTATION_CONTEXT ( 'NONE', 'WORKASPACE' ) );
#1913 = VERTEX_POINT ( 'NONE', #2899 ) ;
#1914 = AXIS2_PLACEMENT_3D ( 'NONE', #5638, #262, #2934 ) ;
#1915 = PRESENTATION_STYLE_ASSIGNMENT (( #10687 ) ) ;
#1916 = FILL_AREA_STYLE ('',( #3652 ) ) ;
#1917 = CARTESIAN_POINT ( 'NONE',  ( 0.3560039370078689203, 0.1240157480314954541, -0.2049212598425219634 ) ) ;
#1918 = CARTESIAN_POINT ( 'NONE',  ( 0.4805418239949943993, 0.09291338582677124980, -0.06043307086614377321 ) ) ;
#1919 = FACE_OUTER_BOUND ( 'NONE', #5731, .T. ) ;
#1920 = UNCERTAINTY_MEASURE_WITH_UNIT (LENGTH_MEASURE( 1.000000000000000082E-05 ), #7407, 'distance_accuracy_value', 'NONE');
#1921 = DIRECTION ( 'NONE',  ( 1.817990202823693835E-15, 0.0000000000000000000, -1.000000000000000000 ) ) ;
#1922 = LENGTH_MEASURE_WITH_UNIT ( LENGTH_MEASURE( 0.02539999999999999897 ), #9917 );
#1923 = DIRECTION ( 'NONE',  ( -1.817990202823693835E-15, 0.0000000000000000000, 1.000000000000000000 ) ) ;
#1924 = CARTESIAN_POINT ( 'NONE',  ( 0.4058070866141676447, 0.1448818897637632330, -0.1312992125984274172 ) ) ;
#1925 = SURFACE_SIDE_STYLE ('',( #7228 ) ) ;
#1926 = ORIENTED_EDGE ( 'NONE', *, *, #6983, .T. ) ;
#1927 =( GEOMETRIC_REPRESENTATION_CONTEXT ( 3 ) GLOBAL_UNCERTAINTY_ASSIGNED_CONTEXT ( ( #536 ) ) GLOBAL_UNIT_ASSIGNED_CONTEXT ( ( #7222, #7866, #868 ) ) REPRESENTATION_CONTEXT ( 'NONE', 'WORKASPACE' ) );
#1928 = SURFACE_SIDE_STYLE ('',( #1104 ) ) ;
#1929 = VECTOR ( 'NONE', #2709, 39.37007874015748143 ) ;
#1930 = FACE_OUTER_BOUND ( 'NONE', #6401, .T. ) ;
#1931 = DIRECTION ( 'NONE',  ( -1.000000000000000000, -1.644517855225996559E-15, -1.817990202823693835E-15 ) ) ;
#1932 = PRESENTATION_LAYER_ASSIGNMENT (  '', '', ( #10829 ) ) ;
#1933 = PRESENTATION_STYLE_ASSIGNMENT (( #4853 ) ) ;
#1934 = CARTESIAN_POINT ( 'NONE',  ( 0.3821850393700729764, 0.1240157480314797583, -0.05531496062992350554 ) ) ;
#1935 =( CONVERSION_BASED_UNIT ( 'INCH', #6556 ) LENGTH_UNIT ( ) NAMED_UNIT ( #10989 ) );
#1936 = CARTESIAN_POINT ( 'NONE',  ( 0.2421027395222933865, 0.07204724409448738653, -0.01043307086614424402 ) ) ;
#1937 = ORIENTED_EDGE ( 'NONE', *, *, #6434, .T. ) ;
#1938 = SURFACE_STYLE_USAGE ( .BOTH. , #9872 ) ;
#1939 = STYLED_ITEM ( 'NONE', ( #2928 ), #1378 ) ;
#1940 =( CONVERSION_BASED_UNIT ( 'INCH', #1879 ) LENGTH_UNIT ( ) NAMED_UNIT ( #11003 ) );
#1941 = VERTEX_POINT ( 'NONE', #8926 ) ;
#1942 = DIRECTION ( 'NONE',  ( -1.655894157641429758E-15, -0.09370354293204574692, -0.9956001436530542703 ) ) ;
#1943 = VECTOR ( 'NONE', #1438, 39.37007874015748854 ) ;
#1944 = ORIENTED_EDGE ( 'NONE', *, *, #9823, .T. ) ;
#1945 = EDGE_CURVE ( 'NONE', #3615, #1294, #8095, .T. ) ;
#1946 = DIRECTION ( 'NONE',  ( 1.644517855225997348E-15, -1.000000000000000000, 2.970554346222872930E-30 ) ) ;
#1947 = ORIENTED_EDGE ( 'NONE', *, *, #9245, .F. ) ;
#1948 = EDGE_CURVE ( 'NONE', #10463, #8185, #976, .T. ) ;
#1949 = ADVANCED_FACE ( 'NONE', ( #121 ), #6433, .F. ) ;
#1950 = PRESENTATION_LAYER_ASSIGNMENT (  '', '', ( #5450 ) ) ;
#1951 = CARTESIAN_POINT ( 'NONE',  ( 0.2746062992125935520, 0.09645669291338507256, -0.2604330708661442007 ) ) ;
#1952 = LENGTH_MEASURE_WITH_UNIT ( LENGTH_MEASURE( 0.02539999999999999897 ), #8900 );
#1953 = MECHANICAL_DESIGN_GEOMETRIC_PRESENTATION_REPRESENTATION (  '', ( #8780 ), #6386 ) ;
#1954 =( CONVERSION_BASED_UNIT ( 'INCH', #2110 ) LENGTH_UNIT ( ) NAMED_UNIT ( #7902 ) );
#1955 = SURFACE_STYLE_FILL_AREA ( #97 ) ;
#1956 = DIRECTION ( 'NONE',  ( -2.891205793294679411E-15, 1.000000000000000000, 0.0000000000000000000 ) ) ;
#1957 = LENGTH_MEASURE_WITH_UNIT ( LENGTH_MEASURE( 0.02539999999999999897 ), #8195 );
#1958 = ORIENTED_EDGE ( 'NONE', *, *, #9655, .F. ) ;
#1959 = ORIENTED_EDGE ( 'NONE', *, *, #1888, .T. ) ;
#1960 = ADVANCED_FACE ( 'NONE', ( #1197 ), #5717, .T. ) ;
#1961 = CARTESIAN_POINT ( 'NONE',  ( 0.5442913385826723127, 0.05905511811023591434, -0.2604330708661436455 ) ) ;
#1962 = ORIENTED_EDGE ( 'NONE', *, *, #7687, .T. ) ;
#1963 = COLOUR_RGB ( '',0.7607843137254901578, 0.7607843137254901578, 0.0000000000000000000 ) ;
#1964 = ADVANCED_FACE ( 'NONE', ( #4107 ), #5768, .T. ) ;
#1965 =( NAMED_UNIT ( * ) SI_UNIT ( $, .STERADIAN. ) SOLID_ANGLE_UNIT ( ) );
#1966 =( NAMED_UNIT ( * ) PLANE_ANGLE_UNIT ( ) SI_UNIT ( $, .RADIAN. ) );
#1967 = ORIENTED_EDGE ( 'NONE', *, *, #11131, .F. ) ;
#1968 = SURFACE_STYLE_USAGE ( .BOTH. , #2220 ) ;
#1969 = CARTESIAN_POINT ( 'NONE',  ( 0.5442913385826720907, 0.06614173228346426070, -0.2261811023622066763 ) ) ;
#1970 = VECTOR ( 'NONE', #8640, 39.37007874015748143 ) ;
#1971 = FACE_OUTER_BOUND ( 'NONE', #7576, .T. ) ;
#1972 = VECTOR ( 'NONE', #10106, 39.37007874015748143 ) ;
#1973 = VERTEX_POINT ( 'NONE', #5663 ) ;
#1974 = CARTESIAN_POINT ( 'NONE',  ( 0.4990157480314907912, 0.09645669291338544726, -0.1486220472440965279 ) ) ;
#1975 = CARTESIAN_POINT ( 'NONE',  ( 0.3809055118110180604, 0.1476377952755899559, -0.1375984251968526417 ) ) ;
#1976 = EDGE_CURVE ( 'NONE', #1726, #2630, #10253, .T. ) ;
#1977 = AXIS2_PLACEMENT_3D ( 'NONE', #2116, #6578, #2292 ) ;
#1978 = COLOUR_RGB ( '',0.7607843137254901578, 0.7607843137254901578, 0.0000000000000000000 ) ;
#1979 = CARTESIAN_POINT ( 'NONE',  ( 0.4957861071419635279, 0.08464566929133819639, -0.1972992125984272815 ) ) ;
#1980 = VECTOR ( 'NONE', #3962, 39.37007874015748143 ) ;
#1981 = SURFACE_STYLE_FILL_AREA ( #6266 ) ;
#1982 = SURFACE_STYLE_FILL_AREA ( #5608 ) ;
#1983 = FACE_BOUND ( 'NONE', #10576, .T. ) ;
#1984 = LENGTH_MEASURE_WITH_UNIT ( LENGTH_MEASURE( 0.02539999999999999897 ), #8159 );
#1985 = DIRECTION ( 'NONE',  ( 1.817990202823693835E-15, 0.0000000000000000000, -1.000000000000000000 ) ) ;
#1986 = LINE ( 'NONE', #9808, #2056 ) ;
#1987 =( GEOMETRIC_REPRESENTATION_CONTEXT ( 3 ) GLOBAL_UNCERTAINTY_ASSIGNED_CONTEXT ( ( #747 ) ) GLOBAL_UNIT_ASSIGNED_CONTEXT ( ( #9009, #7303, #8947 ) ) REPRESENTATION_CONTEXT ( 'NONE', 'WORKASPACE' ) );
#1988 = LENGTH_MEASURE_WITH_UNIT ( LENGTH_MEASURE( 0.02539999999999999897 ), #4471 );
#1989 = EDGE_LOOP ( 'NONE', ( #9141, #9536, #4034, #3134, #725, #2394, #10078, #6640, #2393, #881, #10975, #2540 ) ) ;
#1990 =( LENGTH_UNIT ( ) NAMED_UNIT ( * ) SI_UNIT ( $, .METRE. ) );
#1991 = SURFACE_SIDE_STYLE ('',( #360 ) ) ;
#1992 = SURFACE_SIDE_STYLE ('',( #1326 ) ) ;
#1993 = PLANE ( 'NONE',  #9501 ) ;
#1994 = COLOUR_RGB ( '',0.7607843137254901578, 0.7607843137254901578, 0.0000000000000000000 ) ;
#1995 = LINE ( 'NONE', #9066, #4654 ) ;
#1996 = ORIENTED_EDGE ( 'NONE', *, *, #7041, .T. ) ;
#1997 = COLOUR_RGB ( '',0.7607843137254901578, 0.7607843137254901578, 0.0000000000000000000 ) ;
#1998 = DIRECTION ( 'NONE',  ( 1.817990202823693835E-15, 0.0000000000000000000, -1.000000000000000000 ) ) ;
#1999 = ORIENTED_EDGE ( 'NONE', *, *, #4789, .T. ) ;
#2000 = ORIENTED_EDGE ( 'NONE', *, *, #2958, .T. ) ;
#2001 = ORIENTED_EDGE ( 'NONE', *, *, #9814, .T. ) ;
#2002 = DIRECTION ( 'NONE',  ( -1.000000000000000000, -1.644517855225996559E-15, -1.817990202823693835E-15 ) ) ;
#2003 = PRESENTATION_STYLE_ASSIGNMENT (( #9130 ) ) ;
#2004 = DIRECTION ( 'NONE',  ( 1.817990202823693835E-15, 0.0000000000000000000, -1.000000000000000000 ) ) ;
#2005 =( NAMED_UNIT ( * ) PLANE_ANGLE_UNIT ( ) SI_UNIT ( $, .RADIAN. ) );
#2006 = SURFACE_STYLE_FILL_AREA ( #4725 ) ;
#2007 = DIMENSIONAL_EXPONENTS ( 1.000000000000000000, 0.0000000000000000000, 0.0000000000000000000, 0.0000000000000000000, 0.0000000000000000000, 0.0000000000000000000, 0.0000000000000000000 ) ;
#2008 = PRESENTATION_STYLE_ASSIGNMENT (( #427 ) ) ;
#2009 = ORIENTED_EDGE ( 'NONE', *, *, #10335, .F. ) ;
#2010 = EDGE_CURVE ( 'NONE', #2011, #7195, #8408, .T. ) ;
#2011 = VERTEX_POINT ( 'NONE', #1441 ) ;
#2012 = PLANE ( 'NONE',  #3103 ) ;
#2013 = VERTEX_POINT ( 'NONE', #8493 ) ;
#2014 =( CONVERSION_BASED_UNIT ( 'INCH', #2948 ) LENGTH_UNIT ( ) NAMED_UNIT ( #1423 ) );
#2015 = UNCERTAINTY_MEASURE_WITH_UNIT (LENGTH_MEASURE( 1.000000000000000082E-05 ), #7715, 'distance_accuracy_value', 'NONE');
#2016 = VERTEX_POINT ( 'NONE', #7630 ) ;
#2017 = CARTESIAN_POINT ( 'NONE',  ( 0.3821850393700738091, 0.1448818897637632053, -0.2812992125984274949 ) ) ;
#2018 = LINE ( 'NONE', #4685, #5634 ) ;
#2019 = SURFACE_SIDE_STYLE ('',( #9966 ) ) ;
#2020 = PLANE ( 'NONE',  #10453 ) ;
#2021 = EDGE_CURVE ( 'NONE', #1726, #8313, #8231, .T. ) ;
#2022 = CARTESIAN_POINT ( 'NONE',  ( 0.4058070866141675337, 0.1240157480314955235, -0.08169291338582897188 ) ) ;
#2023 = ORIENTED_EDGE ( 'NONE', *, *, #6122, .T. ) ;
#2024 = EDGE_CURVE ( 'NONE', #1605, #1672, #6535, .T. ) ;
#2025 =( GEOMETRIC_REPRESENTATION_CONTEXT ( 3 ) GLOBAL_UNCERTAINTY_ASSIGNED_CONTEXT ( ( #2253 ) ) GLOBAL_UNIT_ASSIGNED_CONTEXT ( ( #715, #2706, #6233 ) ) REPRESENTATION_CONTEXT ( 'NONE', 'WORKASPACE' ) );
#2026 = DIMENSIONAL_EXPONENTS ( 1.000000000000000000, 0.0000000000000000000, 0.0000000000000000000, 0.0000000000000000000, 0.0000000000000000000, 0.0000000000000000000, 0.0000000000000000000 ) ;
#2027 = SURFACE_STYLE_USAGE ( .BOTH. , #856 ) ;
#2028 = DIRECTION ( 'NONE',  ( -1.817990202823693835E-15, 0.0000000000000000000, 1.000000000000000000 ) ) ;
#2029 = DIRECTION ( 'NONE',  ( 1.817990202823693835E-15, 0.0000000000000000000, -1.000000000000000000 ) ) ;
#2030 =( NAMED_UNIT ( * ) SI_UNIT ( $, .STERADIAN. ) SOLID_ANGLE_UNIT ( ) );
#2031 = LINE ( 'NONE', #9048, #1078 ) ;
#2032 = UNCERTAINTY_MEASURE_WITH_UNIT (LENGTH_MEASURE( 1.000000000000000082E-05 ), #7462, 'distance_accuracy_value', 'NONE');
#2033 = FACE_BOUND ( 'NONE', #4473, .T. ) ;
#2034 = EDGE_CURVE ( 'NONE', #3283, #2367, #8713, .T. ) ;
#2035 = DIRECTION ( 'NONE',  ( 1.807634335923344096E-15, -0.9956001436530541593, -0.09370354293204573304 ) ) ;
#2036 = EDGE_CURVE ( 'NONE', #10686, #713, #10318, .T. ) ;
#2037 = EDGE_LOOP ( 'NONE', ( #9517, #8144, #163, #1287 ) ) ;
#2038 = AXIS2_PLACEMENT_3D ( 'NONE', #111, #8794, #6251 ) ;
#2039 = APPLICATION_CONTEXT ( 'automotive_design' ) ;
#2040 = LINE ( 'NONE', #2205, #2751 ) ;
#2041 = UNCERTAINTY_MEASURE_WITH_UNIT (LENGTH_MEASURE( 1.000000000000000082E-05 ), #7641, 'distance_accuracy_value', 'NONE');
#2042 = CARTESIAN_POINT ( 'NONE',  ( 0.3821850393700727544, 0.1240157480314797583, -0.006496062992128247109 ) ) ;
#2043 = EDGE_CURVE ( 'NONE', #538, #6393, #7681, .T. ) ;
#2044 = AXIS2_PLACEMENT_3D ( 'NONE', #1177, #7257, #265 ) ;
#2045 = SURFACE_SIDE_STYLE ('',( #7187 ) ) ;
#2046 = ORIENTED_EDGE ( 'NONE', *, *, #7740, .F. ) ;
#2047 = EDGE_LOOP ( 'NONE', ( #8179, #1285, #5999, #8404 ) ) ;
#2048 = CARTESIAN_POINT ( 'NONE',  ( 0.4957861071419632504, 0.09645669291338543339, -0.1604330708661437788 ) ) ;
#2049 = ORIENTED_EDGE ( 'NONE', *, *, #3012, .F. ) ;
#2050 = MECHANICAL_DESIGN_GEOMETRIC_PRESENTATION_REPRESENTATION (  '', ( #5736 ), #559 ) ;
#2051 = EDGE_LOOP ( 'NONE', ( #308, #10642, #5418, #7745 ) ) ;
#2052 = PLANE ( 'NONE',  #9842 ) ;
#2053 = DIRECTION ( 'NONE',  ( 1.817990202823693835E-15, 0.0000000000000000000, -1.000000000000000000 ) ) ;
#2054 = LINE ( 'NONE', #2986, #3165 ) ;
#2055 = DIRECTION ( 'NONE',  ( -0.4657464328325995329, 0.8849182223819944682, -8.467224518897498582E-16 ) ) ;
#2056 = VECTOR ( 'NONE', #1100, 39.37007874015748143 ) ;
#2057 = VERTEX_POINT ( 'NONE', #4487 ) ;
#2058 = ORIENTED_EDGE ( 'NONE', *, *, #10609, .F. ) ;
#2059 = ORIENTED_EDGE ( 'NONE', *, *, #8741, .T. ) ;
#2060 = VECTOR ( 'NONE', #11093, 39.37007874015748143 ) ;
#2061 = DIRECTION ( 'NONE',  ( 1.817990202823693835E-15, 0.0000000000000000000, -1.000000000000000000 ) ) ;
#2062 = VERTEX_POINT ( 'NONE', #11188 ) ;
#2063 = SURFACE_STYLE_USAGE ( .BOTH. , #4628 ) ;
#2064 = CARTESIAN_POINT ( 'NONE',  ( 0.4872047244094433460, 0.09645669291338541951, -0.1104330708661437760 ) ) ;
#2065 = CARTESIAN_POINT ( 'NONE',  ( 0.4432086614173176842, 0.1476377952755900669, -0.1990157480314981575 ) ) ;
#2066 = DIRECTION ( 'NONE',  ( -0.3630301527215995527, -0.9317773919853026277, -6.599852609774574981E-16 ) ) ;
#2067 = PLANE ( 'NONE',  #657 ) ;
#2068 = EDGE_LOOP ( 'NONE', ( #1654, #8137, #4964, #8339, #5370, #4246, #728, #9252 ) ) ;
#2069 = PRESENTATION_LAYER_ASSIGNMENT (  '', '', ( #10223 ) ) ;
#2070 = APPLICATION_PROTOCOL_DEFINITION ( 'draft international standard', 'automotive_design', 1998, #2039 ) ;
#2071 =( LENGTH_UNIT ( ) NAMED_UNIT ( * ) SI_UNIT ( $, .METRE. ) );
#2072 = DIMENSIONAL_EXPONENTS ( 1.000000000000000000, 0.0000000000000000000, 0.0000000000000000000, 0.0000000000000000000, 0.0000000000000000000, 0.0000000000000000000, 0.0000000000000000000 ) ;
#2073 = AXIS2_PLACEMENT_3D ( 'NONE', #2939, #3748, #374 ) ;
#2074 = PLANE ( 'NONE',  #2366 ) ;
#2075 = VERTEX_POINT ( 'NONE', #8003 ) ;
#2076 = EDGE_CURVE ( 'NONE', #7907, #5740, #3440, .T. ) ;
#2077 = SURFACE_SIDE_STYLE ('',( #351 ) ) ;
#2078 = EDGE_CURVE ( 'NONE', #153, #7847, #3234, .T. ) ;
#2079 =( LENGTH_UNIT ( ) NAMED_UNIT ( * ) SI_UNIT ( $, .METRE. ) );
#2080 = EDGE_CURVE ( 'NONE', #10582, #4920, #5891, .T. ) ;
#2081 = STYLED_ITEM ( 'NONE', ( #10559 ), #8319 ) ;
#2082 = DIRECTION ( 'NONE',  ( 0.9317773919853026277, -0.3630301527215991642, 1.445602896647337733E-15 ) ) ;
#2083 = VECTOR ( 'NONE', #9711, 39.37007874015748143 ) ;
#2084 = LINE ( 'NONE', #8221, #1515 ) ;
#2085 = CARTESIAN_POINT ( 'NONE',  ( 0.2746062992125929969, 0.08937007874015673314, -0.1261811023622072259 ) ) ;
#2086 = SURFACE_STYLE_USAGE ( .BOTH. , #8164 ) ;
#2087 = ORIENTED_EDGE ( 'NONE', *, *, #2321, .F. ) ;
#2088 = DIRECTION ( 'NONE',  ( 1.817990202823693835E-15, 0.0000000000000000000, -1.000000000000000000 ) ) ;
#2089 = MECHANICAL_DESIGN_GEOMETRIC_PRESENTATION_REPRESENTATION (  '', ( #7808 ), #8557 ) ;
#2090 = EDGE_CURVE ( 'NONE', #2522, #3816, #10593, .T. ) ;
#2091 = DIMENSIONAL_EXPONENTS ( 1.000000000000000000, 0.0000000000000000000, 0.0000000000000000000, 0.0000000000000000000, 0.0000000000000000000, 0.0000000000000000000, 0.0000000000000000000 ) ;
#2092 = DIRECTION ( 'NONE',  ( 1.817990202823693835E-15, 0.0000000000000000000, -1.000000000000000000 ) ) ;
#2093 = EDGE_CURVE ( 'NONE', #164, #652, #11039, .T. ) ;
#2094 = DIRECTION ( 'NONE',  ( -1.817990202823693835E-15, 0.0000000000000000000, 1.000000000000000000 ) ) ;
#2095 =( NAMED_UNIT ( * ) PLANE_ANGLE_UNIT ( ) SI_UNIT ( $, .RADIAN. ) );
#2096 = AXIS2_PLACEMENT_3D ( 'NONE', #1152, #3894, #8160 ) ;
#2097 = CARTESIAN_POINT ( 'NONE',  ( 0.4957861071419629173, 0.08464566929133819639, -0.04729921259842723158 ) ) ;
#2098 = VERTEX_POINT ( 'NONE', #4375 ) ;
#2099 = DIRECTION ( 'NONE',  ( 1.644517855225996559E-15, -1.000000000000000000, 2.970554346222871178E-30 ) ) ;
#2100 = FACE_OUTER_BOUND ( 'NONE', #1530, .T. ) ;
#2101 = ORIENTED_EDGE ( 'NONE', *, *, #5127, .F. ) ;
#2102 = DIRECTION ( 'NONE',  ( 1.817990202823693835E-15, 0.0000000000000000000, -1.000000000000000000 ) ) ;
#2103 = ORIENTED_EDGE ( 'NONE', *, *, #3095, .F. ) ;
#2104 = EDGE_CURVE ( 'NONE', #7135, #1941, #10539, .T. ) ;
#2105 = ORIENTED_EDGE ( 'NONE', *, *, #3122, .F. ) ;
#2106 = VECTOR ( 'NONE', #8980, 39.37007874015748854 ) ;
#2107 = LENGTH_MEASURE_WITH_UNIT ( LENGTH_MEASURE( 0.02539999999999999897 ), #1415 );
#2108 =( NAMED_UNIT ( * ) PLANE_ANGLE_UNIT ( ) SI_UNIT ( $, .RADIAN. ) );
#2109 = COLOUR_RGB ( '',0.7607843137254901578, 0.7607843137254901578, 0.0000000000000000000 ) ;
#2110 = LENGTH_MEASURE_WITH_UNIT ( LENGTH_MEASURE( 0.02539999999999999897 ), #6293 );
#2111 = FACE_OUTER_BOUND ( 'NONE', #10286, .T. ) ;
#2112 = DIRECTION ( 'NONE',  ( 1.000000000000000000, 1.644517855225996559E-15, 1.817990202823693835E-15 ) ) ;
#2113 = SURFACE_STYLE_FILL_AREA ( #10837 ) ;
#2114 = VERTEX_POINT ( 'NONE', #1832 ) ;
#2115 = ORIENTED_EDGE ( 'NONE', *, *, #2451, .F. ) ;
#2116 = CARTESIAN_POINT ( 'NONE',  ( 0.2421027395222934975, 0.07204724409448738653, 0.002700787401572295014 ) ) ;
#2117 = ORIENTED_EDGE ( 'NONE', *, *, #2224, .F. ) ;
#2118 = AXIS2_PLACEMENT_3D ( 'NONE', #1867, #8109, #192 ) ;
#2119 =( CONVERSION_BASED_UNIT ( 'INCH', #10068 ) LENGTH_UNIT ( ) NAMED_UNIT ( #672 ) );
#2120 = PRESENTATION_STYLE_ASSIGNMENT (( #10071 ) ) ;
#2121 = CARTESIAN_POINT ( 'NONE',  ( 0.5197082840997424569, 0.07204724409448784450, -0.07618110236220675124 ) ) ;
#2122 = CARTESIAN_POINT ( 'NONE',  ( 0.2476053619159083730, 0.06990336523983385619, -0.2261811023622072314 ) ) ;
#2123 = CARTESIAN_POINT ( 'NONE',  ( 0.5067913519291880053, 0.08893342700064806039, -0.2604330708661437566 ) ) ;
#2124 = VECTOR ( 'NONE', #5377, 39.37007874015748143 ) ;
#2125 = DIRECTION ( 'NONE',  ( -1.644517855225997348E-15, 1.000000000000000000, -2.970554346222872930E-30 ) ) ;
#2126 = EDGE_LOOP ( 'NONE', ( #11243, #1843, #7654, #8594 ) ) ;
#2127 = PRESENTATION_STYLE_ASSIGNMENT (( #9326 ) ) ;
#2128 = ORIENTED_EDGE ( 'NONE', *, *, #2076, .T. ) ;
#2129 = LINE ( 'NONE', #393, #4389 ) ;
#2130 = FACE_OUTER_BOUND ( 'NONE', #11119, .T. ) ;
#2131 = VECTOR ( 'NONE', #2853, 39.37007874015748143 ) ;
#2132 = UNCERTAINTY_MEASURE_WITH_UNIT (LENGTH_MEASURE( 1.000000000000000082E-05 ), #10278, 'distance_accuracy_value', 'NONE');
#2133 = SURFACE_SIDE_STYLE ('',( #10979 ) ) ;
#2134 = PRESENTATION_LAYER_ASSIGNMENT (  '', '', ( #3435 ) ) ;
#2135 = DIRECTION ( 'NONE',  ( 1.817990202823693835E-15, 0.0000000000000000000, -1.000000000000000000 ) ) ;
#2136 = DIRECTION ( 'NONE',  ( -1.817990202823693835E-15, 0.0000000000000000000, 1.000000000000000000 ) ) ;
#2137 = SURFACE_STYLE_FILL_AREA ( #11096 ) ;
#2138 = CIRCLE ( 'NONE', #5099, 0.01181102362204724046 ) ;
#2139 = LENGTH_MEASURE_WITH_UNIT ( LENGTH_MEASURE( 0.02539999999999999897 ), #10090 );
#2140 = ORIENTED_EDGE ( 'NONE', *, *, #7690, .T. ) ;
#2141 = ADVANCED_FACE ( 'NONE', ( #1504 ), #9706, .T. ) ;
#2142 = VECTOR ( 'NONE', #3019, 39.37007874015748143 ) ;
#2143 =( NAMED_UNIT ( * ) PLANE_ANGLE_UNIT ( ) SI_UNIT ( $, .RADIAN. ) );
#2144 = EDGE_CURVE ( 'NONE', #1786, #10241, #2584, .T. ) ;
#2145 = VECTOR ( 'NONE', #3761, 39.37007874015748143 ) ;
#2146 = CARTESIAN_POINT ( 'NONE',  ( 0.5442913385826716466, 0.05905511811023591434, -0.07618110236220666798 ) ) ;
#2147 = DIMENSIONAL_EXPONENTS ( 1.000000000000000000, 0.0000000000000000000, 0.0000000000000000000, 0.0000000000000000000, 0.0000000000000000000, 0.0000000000000000000, 0.0000000000000000000 ) ;
#2148 = VECTOR ( 'NONE', #9022, 39.37007874015748143 ) ;
#2149 = FACE_OUTER_BOUND ( 'NONE', #4313, .T. ) ;
#2150 = DIRECTION ( 'NONE',  ( 0.0000000000000000000, 1.000000000000000000, 0.0000000000000000000 ) ) ;
#2151 = CARTESIAN_POINT ( 'NONE',  ( 0.4957861071419628618, 0.08937007874015708009, -0.06043307086614377321 ) ) ;
#2152 = ORIENTED_EDGE ( 'NONE', *, *, #6399, .F. ) ;
#2153 = EDGE_CURVE ( 'NONE', #11342, #5308, #6226, .T. ) ;
#2154 = PRESENTATION_LAYER_ASSIGNMENT (  '', '', ( #4023 ) ) ;
#2155 = CARTESIAN_POINT ( 'NONE',  ( 0.5197082840997432340, 0.06614173228346423294, -0.2604330708661437566 ) ) ;
#2156 = VERTEX_POINT ( 'NONE', #9768 ) ;
#2157 = ADVANCED_FACE ( 'NONE', ( #6762 ), #5351, .T. ) ;
#2158 = CARTESIAN_POINT ( 'NONE',  ( 0.2660249164800739252, 0.08464566929133782169, -0.2761811023622072203 ) ) ;
#2159 = VECTOR ( 'NONE', #7114, 39.37007874015748854 ) ;
#2160 =( GEOMETRIC_REPRESENTATION_CONTEXT ( 3 ) GLOBAL_UNCERTAINTY_ASSIGNED_CONTEXT ( ( #7349 ) ) GLOBAL_UNIT_ASSIGNED_CONTEXT ( ( #11266, #2143, #1274 ) ) REPRESENTATION_CONTEXT ( 'NONE', 'WORKASPACE' ) );
#2161 = VERTEX_POINT ( 'NONE', #6287 ) ;
#2162 = STYLED_ITEM ( 'NONE', ( #9269 ), #4000 ) ;
#2163 = CARTESIAN_POINT ( 'NONE',  ( 0.5442913385826716466, 0.05905511811023591434, -0.06043307086614363444 ) ) ;
#2164 = DIRECTION ( 'NONE',  ( 1.000000000000000000, 1.644517855225996559E-15, 1.817990202823693835E-15 ) ) ;
#2165 = DIMENSIONAL_EXPONENTS ( 1.000000000000000000, 0.0000000000000000000, 0.0000000000000000000, 0.0000000000000000000, 0.0000000000000000000, 0.0000000000000000000, 0.0000000000000000000 ) ;
#2166 = SURFACE_STYLE_USAGE ( .BOTH. , #7381 ) ;
#2167 = ORIENTED_EDGE ( 'NONE', *, *, #5350, .F. ) ;
#2168 = VECTOR ( 'NONE', #6765, 39.37007874015748143 ) ;
#2169 = DIRECTION ( 'NONE',  ( -1.000000000000000000, -1.644517855225996559E-15, -1.817990202823693835E-15 ) ) ;
#2170 = LINE ( 'NONE', #3975, #8769 ) ;
#2171 = EDGE_CURVE ( 'NONE', #5862, #6732, #5405, .T. ) ;
#2172 = SURFACE_STYLE_USAGE ( .BOTH. , #269 ) ;
#2173 = ORIENTED_EDGE ( 'NONE', *, *, #8382, .T. ) ;
#2174 = EDGE_CURVE ( 'NONE', #1320, #825, #11401, .T. ) ;
#2175 = VERTEX_POINT ( 'NONE', #4547 ) ;
#2176 = FACE_OUTER_BOUND ( 'NONE', #3966, .T. ) ;
#2177 = ORIENTED_EDGE ( 'NONE', *, *, #8521, .T. ) ;
#2178 = COLOUR_RGB ( '',1.000000000000000000, 1.000000000000000000, 1.000000000000000000 ) ;
#2179 = FILL_AREA_STYLE ('',( #3923 ) ) ;
#2180 = STYLED_ITEM ( 'NONE', ( #7408 ), #4727 ) ;
#2181 = VERTEX_POINT ( 'NONE', #6103 ) ;
#2182 = DIRECTION ( 'NONE',  ( 1.000000000000000000, 1.644517855225996559E-15, 1.817990202823693835E-15 ) ) ;
#2183 = PLANE ( 'NONE',  #7305 ) ;
#2184 =( NAMED_UNIT ( * ) SI_UNIT ( $, .STERADIAN. ) SOLID_ANGLE_UNIT ( ) );
#2185 = EDGE_CURVE ( 'NONE', #8125, #2411, #9642, .T. ) ;
#2186 = FACE_OUTER_BOUND ( 'NONE', #7454, .T. ) ;
#2187 = EDGE_LOOP ( 'NONE', ( #9253, #176, #3383, #8923 ) ) ;
#2188 = VECTOR ( 'NONE', #8733, 39.37007874015748143 ) ;
#2189 = DIRECTION ( 'NONE',  ( -1.000000000000000000, -1.644517855225996559E-15, -1.817990202823693835E-15 ) ) ;
#2190 = VERTEX_POINT ( 'NONE', #824 ) ;
#2191 = FACE_OUTER_BOUND ( 'NONE', #6729, .T. ) ;
#2192 = CARTESIAN_POINT ( 'NONE',  ( 0.3513779527558994475, 0.1358267716535427050, 0.03759842519684811202 ) ) ;
#2193 = LENGTH_MEASURE_WITH_UNIT ( LENGTH_MEASURE( 0.02539999999999999897 ), #2079 );
#2194 = CARTESIAN_POINT ( 'NONE',  ( 0.2746062992125933300, 0.08937007874015673314, -0.2104330708661442395 ) ) ;
#2195 = LINE ( 'NONE', #452, #9764 ) ;
#2196 =( LENGTH_UNIT ( ) NAMED_UNIT ( * ) SI_UNIT ( $, .METRE. ) );
#2197 = CARTESIAN_POINT ( 'NONE',  ( 0.4058070866141684219, 0.1279527559055124442, -0.2812992125984274394 ) ) ;
#2198 = VERTEX_POINT ( 'NONE', #5461 ) ;
#2199 = DIRECTION ( 'NONE',  ( -1.000000000000000000, -1.644517855225996559E-15, -1.817990202823693835E-15 ) ) ;
#2200 = DIRECTION ( 'NONE',  ( 0.4657464328325966463, 0.8849182223819959114, 8.467224518897441389E-16 ) ) ;
#2201 = ORIENTED_EDGE ( 'NONE', *, *, #1462, .T. ) ;
#2202 = PLANE ( 'NONE',  #6428 ) ;
#2203 = PRESENTATION_LAYER_ASSIGNMENT (  '', '', ( #9246 ) ) ;
#2204 =( NAMED_UNIT ( * ) PLANE_ANGLE_UNIT ( ) SI_UNIT ( $, .RADIAN. ) );
#2205 = CARTESIAN_POINT ( 'NONE',  ( 0.5442913385826716466, 0.05905511811023591434, -0.06043307086614363444 ) ) ;
#2206 = DIRECTION ( 'NONE',  ( 1.817990202823693835E-15, 0.0000000000000000000, -1.000000000000000000 ) ) ;
#2207 = SURFACE_STYLE_USAGE ( .BOTH. , #468 ) ;
#2208 = LENGTH_MEASURE_WITH_UNIT ( LENGTH_MEASURE( 0.02539999999999999897 ), #3961 );
#2209 = DIRECTION ( 'NONE',  ( -1.817990202823693835E-15, 0.0000000000000000000, 1.000000000000000000 ) ) ;
#2210 = VERTEX_POINT ( 'NONE', #2930 ) ;
#2211 = DIRECTION ( 'NONE',  ( -1.817990202823693835E-15, 0.0000000000000000000, 1.000000000000000000 ) ) ;
#2212 = PLANE ( 'NONE',  #3973 ) ;
#2213 = ORIENTED_EDGE ( 'NONE', *, *, #7259, .F. ) ;
#2214 = DIRECTION ( 'NONE',  ( -1.000000000000000000, -1.644517855225996559E-15, -1.817990202823693835E-15 ) ) ;
#2215 = ORIENTED_EDGE ( 'NONE', *, *, #6979, .F. ) ;
#2216 = EDGE_CURVE ( 'NONE', #10091, #4564, #7248, .T. ) ;
#2217 = COLOUR_RGB ( '',0.7607843137254901578, 0.7607843137254901578, 0.0000000000000000000 ) ;
#2218 = CARTESIAN_POINT ( 'NONE',  ( 0.2746062992125936630, 0.08937007874015673314, -0.3104330708661441895 ) ) ;
#2219 = FILL_AREA_STYLE_COLOUR ( '', #5906 ) ;
#2220 = SURFACE_SIDE_STYLE ('',( #1418 ) ) ;
#2221 = EDGE_CURVE ( 'NONE', #2467, #4447, #10998, .T. ) ;
#2222 = ORIENTED_EDGE ( 'NONE', *, *, #3161, .T. ) ;
#2223 = LINE ( 'NONE', #11288, #3909 ) ;
#2224 = EDGE_CURVE ( 'NONE', #3429, #1156, #11404, .T. ) ;
#2225 = DIRECTION ( 'NONE',  ( -0.3630301527215995527, -0.9317773919853026277, -6.599852609774574981E-16 ) ) ;
#2226 = SURFACE_SIDE_STYLE ('',( #5641 ) ) ;
#2227 = DIMENSIONAL_EXPONENTS ( 1.000000000000000000, 0.0000000000000000000, 0.0000000000000000000, 0.0000000000000000000, 0.0000000000000000000, 0.0000000000000000000, 0.0000000000000000000 ) ;
#2228 = SURFACE_SIDE_STYLE ('',( #7500 ) ) ;
#2229 = LINE ( 'NONE', #8478, #4398 ) ;
#2230 = ORIENTED_EDGE ( 'NONE', *, *, #5201, .T. ) ;
#2231 = COLOUR_RGB ( '',1.000000000000000000, 1.000000000000000000, 1.000000000000000000 ) ;
#2232 = ORIENTED_EDGE ( 'NONE', *, *, #6684, .F. ) ;
#2233 = CARTESIAN_POINT ( 'NONE',  ( 0.4872047244094429019, 0.08937007874015708009, -0.01043307086614376697 ) ) ;
#2234 = ORIENTED_EDGE ( 'NONE', *, *, #10822, .F. ) ;
#2235 = EDGE_CURVE ( 'NONE', #7907, #1320, #152, .T. ) ;
#2236 = FACE_OUTER_BOUND ( 'NONE', #8432, .T. ) ;
#2237 =( LENGTH_UNIT ( ) NAMED_UNIT ( * ) SI_UNIT ( $, .METRE. ) );
#2238 = ADVANCED_FACE ( 'NONE', ( #3854 ), #9874, .T. ) ;
#2239 = AXIS2_PLACEMENT_3D ( 'NONE', #6391, #10884, #4658 ) ;
#2240 = LINE ( 'NONE', #9201, #7867 ) ;
#2241 = DIRECTION ( 'NONE',  ( -1.817990202823693835E-15, 0.0000000000000000000, 1.000000000000000000 ) ) ;
#2242 = FILL_AREA_STYLE ('',( #438 ) ) ;
#2243 = DIRECTION ( 'NONE',  ( -1.000000000000000000, -1.644517855225996559E-15, -1.817990202823693835E-15 ) ) ;
#2244 = DIRECTION ( 'NONE',  ( 1.019786107410400490E-14, 1.000000000000000000, 1.855877452542481725E-29 ) ) ;
#2245 = DIRECTION ( 'NONE',  ( 1.000000000000000000, 1.644517855225996559E-15, 1.817990202823693835E-15 ) ) ;
#2246 = ORIENTED_EDGE ( 'NONE', *, *, #7318, .F. ) ;
#2247 = DIRECTION ( 'NONE',  ( 0.9317773919853016285, 0.3630301527216017177, 2.628368902995158081E-15 ) ) ;
#2248 = STYLED_ITEM ( 'NONE', ( #2008 ), #6967 ) ;
#2249 = SURFACE_SIDE_STYLE ('',( #3937 ) ) ;
#2250 = ORIENTED_EDGE ( 'NONE', *, *, #8373, .F. ) ;
#2251 = EDGE_CURVE ( 'NONE', #2626, #5522, #5092, .T. ) ;
#2252 = LINE ( 'NONE', #11306, #6075 ) ;
#2253 = UNCERTAINTY_MEASURE_WITH_UNIT (LENGTH_MEASURE( 1.000000000000000082E-05 ), #715, 'distance_accuracy_value', 'NONE');
#2254 = CARTESIAN_POINT ( 'NONE',  ( 0.2476053619159079289, 0.06990336523983385619, -0.1104330708661441784 ) ) ;
#2255 = DIRECTION ( 'NONE',  ( -0.9317773919853027387, 0.3630301527215988866, -1.314184451497580618E-15 ) ) ;
#2256 = PRESENTATION_STYLE_ASSIGNMENT (( #2427 ) ) ;
#2257 = PRESENTATION_LAYER_ASSIGNMENT (  '', '', ( #767 ) ) ;
#2258 = CARTESIAN_POINT ( 'NONE',  ( 0.2421027395222944412, 0.05905511811023542168, -0.2604330708661442562 ) ) ;
#2259 = AXIS2_PLACEMENT_3D ( 'NONE', #9406, #7646, #10398 ) ;
#2260 = VERTEX_POINT ( 'NONE', #7428 ) ;
#2261 = CARTESIAN_POINT ( 'NONE',  ( 0.2660249164800734811, 0.08937007874015670539, -0.1761811023622072148 ) ) ;
#2262 = FILL_AREA_STYLE_COLOUR ( '', #7293 ) ;
#2263 = ORIENTED_EDGE ( 'NONE', *, *, #2021, .T. ) ;
#2264 = DIRECTION ( 'NONE',  ( 1.019786107410400490E-14, 1.000000000000000000, 1.855877452542481725E-29 ) ) ;
#2266 = SURFACE_STYLE_USAGE ( .BOTH. , #10213 ) ;
#2265 =( GEOMETRIC_REPRESENTATION_CONTEXT ( 3 ) GLOBAL_UNCERTAINTY_ASSIGNED_CONTEXT ( ( #3642 ) ) GLOBAL_UNIT_ASSIGNED_CONTEXT ( ( #11424, #1852, #1676 ) ) REPRESENTATION_CONTEXT ( 'NONE', 'WORKASPACE' ) );
#2267 = LINE ( 'NONE', #9116, #5517 ) ;
#2268 = VECTOR ( 'NONE', #7146, 39.37007874015748143 ) ;
#2269 = LINE ( 'NONE', #10882, #5973 ) ;
#2270 = DIMENSIONAL_EXPONENTS ( 1.000000000000000000, 0.0000000000000000000, 0.0000000000000000000, 0.0000000000000000000, 0.0000000000000000000, 0.0000000000000000000, 0.0000000000000000000 ) ;
#2271 = LINE ( 'NONE', #5042, #1309 ) ;
#2272 =( NAMED_UNIT ( * ) SI_UNIT ( $, .STERADIAN. ) SOLID_ANGLE_UNIT ( ) );
#2273 = ORIENTED_EDGE ( 'NONE', *, *, #1846, .T. ) ;
#2274 = CARTESIAN_POINT ( 'NONE',  ( 0.2660249164800728705, 0.08937007874015670539, -0.02618110236220720990 ) ) ;
#2275 = ORIENTED_EDGE ( 'NONE', *, *, #6480, .T. ) ;
#2276 = AXIS2_PLACEMENT_3D ( 'NONE', #8776, #10425, #2471 ) ;
#2277 = LENGTH_MEASURE_WITH_UNIT ( LENGTH_MEASURE( 0.02539999999999999897 ), #10173 );
#2278 = ORIENTED_EDGE ( 'NONE', *, *, #2036, .F. ) ;
#2279 = LINE ( 'NONE', #11111, #5780 ) ;
#2280 = MECHANICAL_DESIGN_GEOMETRIC_PRESENTATION_REPRESENTATION (  '', ( #4870 ), #11372 ) ;
#2281 = CARTESIAN_POINT ( 'NONE',  ( 0.4957861071419626398, 0.08937007874015708009, -0.01043307086614376697 ) ) ;
#2282 = UNCERTAINTY_MEASURE_WITH_UNIT (LENGTH_MEASURE( 1.000000000000000082E-05 ), #9380, 'distance_accuracy_value', 'NONE');
#2283 = ORIENTED_EDGE ( 'NONE', *, *, #8397, .F. ) ;
#2284 = SURFACE_SIDE_STYLE ('',( #8413 ) ) ;
#2285 =( NAMED_UNIT ( * ) SI_UNIT ( $, .STERADIAN. ) SOLID_ANGLE_UNIT ( ) );
#2286 =( NAMED_UNIT ( * ) SI_UNIT ( $, .STERADIAN. ) SOLID_ANGLE_UNIT ( ) );
#2287 =( LENGTH_UNIT ( ) NAMED_UNIT ( * ) SI_UNIT ( $, .METRE. ) );
#2288 = DIRECTION ( 'NONE',  ( -1.817990202823693835E-15, 0.0000000000000000000, 1.000000000000000000 ) ) ;
#2289 = ORIENTED_EDGE ( 'NONE', *, *, #7102, .T. ) ;
#2290 = ORIENTED_EDGE ( 'NONE', *, *, #9979, .F. ) ;
#2291 = EDGE_CURVE ( 'NONE', #1562, #7849, #9180, .T. ) ;
#2292 = DIRECTION ( 'NONE',  ( -0.9317773919853026277, 0.3630301527215991642, -1.716653439768713645E-15 ) ) ;
#2293 = ORIENTED_EDGE ( 'NONE', *, *, #7951, .T. ) ;
#2294 = ADVANCED_FACE ( 'NONE', ( #3034 ), #6342, .T. ) ;
#2295 =( GEOMETRIC_REPRESENTATION_CONTEXT ( 3 ) GLOBAL_UNCERTAINTY_ASSIGNED_CONTEXT ( ( #9679 ) ) GLOBAL_UNIT_ASSIGNED_CONTEXT ( ( #488, #7610, #2286 ) ) REPRESENTATION_CONTEXT ( 'NONE', 'WORKASPACE' ) );
#2296 = CARTESIAN_POINT ( 'NONE',  ( 0.5142056617061286916, 0.06990336523983428640, -0.1761811023622067429 ) ) ;
#2297 = SURFACE_SIDE_STYLE ('',( #10247 ) ) ;
#2298 = VECTOR ( 'NONE', #1841, 39.37007874015748854 ) ;
#2299 = DIRECTION ( 'NONE',  ( -1.000000000000000000, -1.644517855225996559E-15, -1.817990202823693835E-15 ) ) ;
#2300 = EDGE_LOOP ( 'NONE', ( #10006, #1653, #8301, #2000 ) ) ;
#2301 = EDGE_CURVE ( 'NONE', #9369, #2156, #10825, .T. ) ;
#2302 = VECTOR ( 'NONE', #1167, 39.37007874015748143 ) ;
#2303 = DIRECTION ( 'NONE',  ( -1.817990202823693835E-15, 0.0000000000000000000, 1.000000000000000000 ) ) ;
#2304 = DIMENSIONAL_EXPONENTS ( 1.000000000000000000, 0.0000000000000000000, 0.0000000000000000000, 0.0000000000000000000, 0.0000000000000000000, 0.0000000000000000000, 0.0000000000000000000 ) ;
#2305 = EDGE_CURVE ( 'NONE', #8838, #207, #10890, .T. ) ;
#2306 = CARTESIAN_POINT ( 'NONE',  ( 0.4058070866141678668, 0.1279527559055112784, -0.1539370078740179282 ) ) ;
#2307 = ORIENTED_EDGE ( 'NONE', *, *, #8443, .F. ) ;
#2308 = AXIS2_PLACEMENT_3D ( 'NONE', #4168, #11310, #5779 ) ;
#2309 = FACE_OUTER_BOUND ( 'NONE', #1738, .T. ) ;
#2310 = DIRECTION ( 'NONE',  ( -0.3630301527216025503, 0.9317773919853011844, -6.599852609774626257E-16 ) ) ;
#2311 = FILL_AREA_STYLE ('',( #7583 ) ) ;
#2312 = DIRECTION ( 'NONE',  ( -1.644517855225997348E-15, 1.000000000000000000, -2.970554346222872930E-30 ) ) ;
#2313 = LENGTH_MEASURE_WITH_UNIT ( LENGTH_MEASURE( 0.02539999999999999897 ), #8621 );
#2314 = FILL_AREA_STYLE_COLOUR ( '', #10517 ) ;
#2315 = CARTESIAN_POINT ( 'NONE',  ( 0.4058070866141678668, 0.1448818897637632330, -0.1553149606299234486 ) ) ;
#2316 = FACE_OUTER_BOUND ( 'NONE', #2681, .T. ) ;
#2317 = VECTOR ( 'NONE', #7854, 39.37007874015748143 ) ;
#2318 = ORIENTED_EDGE ( 'NONE', *, *, #5201, .F. ) ;
#2319 = EDGE_CURVE ( 'NONE', #2062, #5335, #3995, .T. ) ;
#2320 = CARTESIAN_POINT ( 'NONE',  ( 0.4432086614173172956, 0.1535433070866137062, -0.1375984251968525029 ) ) ;
#2321 = EDGE_CURVE ( 'NONE', #11342, #1493, #3792, .T. ) ;
#2322 = LINE ( 'NONE', #3135, #5119 ) ;
#2323 = VECTOR ( 'NONE', #10948, 39.37007874015748143 ) ;
#2324 = SURFACE_STYLE_FILL_AREA ( #11149 ) ;
#2325 = CARTESIAN_POINT ( 'NONE',  ( 0.2476053619159085395, 0.06990336523983385619, -0.2604330708661442007 ) ) ;
#2326 = LINE ( 'NONE', #4121, #10724 ) ;
#2327 = LENGTH_MEASURE_WITH_UNIT ( LENGTH_MEASURE( 0.02539999999999999897 ), #6725 );
#2328 = DIRECTION ( 'NONE',  ( 1.000000000000000000, 1.644517855225996559E-15, 1.817990202823693835E-15 ) ) ;
#2329 =( NAMED_UNIT ( * ) SI_UNIT ( $, .STERADIAN. ) SOLID_ANGLE_UNIT ( ) );
#2330 = CYLINDRICAL_SURFACE ( 'NONE', #4189, 0.01181102362204724046 ) ;
#2331 = ORIENTED_EDGE ( 'NONE', *, *, #466, .F. ) ;
#2332 = VECTOR ( 'NONE', #3839, 39.37007874015748143 ) ;
#2333 = CARTESIAN_POINT ( 'NONE',  ( 0.4957861071419636390, 0.08464566929133819639, -0.2761811023622068317 ) ) ;
#2334 = CARTESIAN_POINT ( 'NONE',  ( 0.3186023622047187698, 0.1476377952755898726, -0.09901574803149836013 ) ) ;
#2335 = COLOUR_RGB ( '',0.7607843137254901578, 0.7607843137254901578, 0.0000000000000000000 ) ;
#2336 = ORIENTED_EDGE ( 'NONE', *, *, #4346, .F. ) ;
#2337 = PLANE ( 'NONE',  #7691 ) ;
#2338 = VERTEX_POINT ( 'NONE', #478 ) ;
#2339 = AXIS2_PLACEMENT_3D ( 'NONE', #8545, #832, #5184 ) ;
#2340 = VECTOR ( 'NONE', #9943, 39.37007874015748143 ) ;
#2341 =( NAMED_UNIT ( * ) SI_UNIT ( $, .STERADIAN. ) SOLID_ANGLE_UNIT ( ) );
#2342 = STYLED_ITEM ( 'NONE', ( #4756 ), #11312 ) ;
#2343 = LINE ( 'NONE', #3207, #7054 ) ;
#2344 = DIRECTION ( 'NONE',  ( 1.000000000000000000, 1.644517855225996559E-15, 1.817990202823693835E-15 ) ) ;
#2345 = VECTOR ( 'NONE', #630, 39.37007874015748143 ) ;
#2346 = VERTEX_POINT ( 'NONE', #7720 ) ;
#2347 = FILL_AREA_STYLE ('',( #9304 ) ) ;
#2348 = CARTESIAN_POINT ( 'NONE',  ( 0.3560039370078680876, 0.1240157480314954541, -0.004921259842521943581 ) ) ;
#2349 = MECHANICAL_DESIGN_GEOMETRIC_PRESENTATION_REPRESENTATION (  '', ( #5108 ), #6235 ) ;
#2350 =( CONVERSION_BASED_UNIT ( 'INCH', #10125 ) LENGTH_UNIT ( ) NAMED_UNIT ( #2749 ) );
#2351 = MECHANICAL_DESIGN_GEOMETRIC_PRESENTATION_REPRESENTATION (  '', ( #10702 ), #6043 ) ;
#2352 = CARTESIAN_POINT ( 'NONE',  ( 0.5001882050568444704, 0.08636077237506221971, -0.02618110236220680051 ) ) ;
#2353 = VERTEX_POINT ( 'NONE', #6680 ) ;
#2354 = ORIENTED_EDGE ( 'NONE', *, *, #335, .T. ) ;
#2355 =( NAMED_UNIT ( * ) PLANE_ANGLE_UNIT ( ) SI_UNIT ( $, .RADIAN. ) );
#2356 = VERTEX_POINT ( 'NONE', #7655 ) ;
#2357 = VECTOR ( 'NONE', #9975, 39.37007874015748143 ) ;
#2358 = LINE ( 'NONE', #1434, #7006 ) ;
#2359 = ORIENTED_EDGE ( 'NONE', *, *, #1080, .T. ) ;
#2360 = DIRECTION ( 'NONE',  ( 1.817990202823693835E-15, 0.0000000000000000000, -1.000000000000000000 ) ) ;
#2361 = LINE ( 'NONE', #11075, #4219 ) ;
#2362 =( GEOMETRIC_REPRESENTATION_CONTEXT ( 3 ) GLOBAL_UNCERTAINTY_ASSIGNED_CONTEXT ( ( #6541 ) ) GLOBAL_UNIT_ASSIGNED_CONTEXT ( ( #8172, #3139, #6500 ) ) REPRESENTATION_CONTEXT ( 'NONE', 'WORKASPACE' ) );
#2363 = FILL_AREA_STYLE ('',( #4970 ) ) ;
#2364 = VERTEX_POINT ( 'NONE', #4943 ) ;
#2365 = CARTESIAN_POINT ( 'NONE',  ( 0.5442913385826717576, 0.05905511811023591434, -0.1104330708661436372 ) ) ;
#2366 = AXIS2_PLACEMENT_3D ( 'NONE', #9383, #11083, #2189 ) ;
#2367 = VERTEX_POINT ( 'NONE', #6628 ) ;
#2368 = VECTOR ( 'NONE', #7364, 39.37007874015748143 ) ;
#2369 = DIRECTION ( 'NONE',  ( 1.644517855225996559E-15, -1.000000000000000000, 2.970554346222871178E-30 ) ) ;
#2370 = EDGE_CURVE ( 'NONE', #6589, #7532, #6733, .T. ) ;
#2371 = UNCERTAINTY_MEASURE_WITH_UNIT (LENGTH_MEASURE( 1.000000000000000082E-05 ), #5316, 'distance_accuracy_value', 'NONE');
#2372 = CARTESIAN_POINT ( 'NONE',  ( 0.5442913385826720907, 0.06614173228346426070, -0.1986220472440964058 ) ) ;
#2373 = LINE ( 'NONE', #8620, #5915 ) ;
#2374 = SURFACE_SIDE_STYLE ('',( #1567 ) ) ;
#2375 =( NAMED_UNIT ( * ) PLANE_ANGLE_UNIT ( ) SI_UNIT ( $, .RADIAN. ) );
#2376 = ADVANCED_FACE ( 'NONE', ( #2452 ), #2337, .T. ) ;
#2377 = SURFACE_STYLE_FILL_AREA ( #4114 ) ;
#2378 = ADVANCED_FACE ( 'NONE', ( #1410 ), #5863, .T. ) ;
#2379 = VERTEX_POINT ( 'NONE', #7992 ) ;
#2380 = FACE_OUTER_BOUND ( 'NONE', #1682, .T. ) ;
#2381 = DIRECTION ( 'NONE',  ( -1.817990202823693835E-15, 0.0000000000000000000, 1.000000000000000000 ) ) ;
#2382 = PLANE ( 'NONE',  #1607 ) ;
#2383 = FILL_AREA_STYLE ('',( #11205 ) ) ;
#2384 = CARTESIAN_POINT ( 'NONE',  ( 0.2660249164800730370, 0.08937007874015670539, -0.06043307086614418261 ) ) ;
#2385 = DIMENSIONAL_EXPONENTS ( 1.000000000000000000, 0.0000000000000000000, 0.0000000000000000000, 0.0000000000000000000, 0.0000000000000000000, 0.0000000000000000000, 0.0000000000000000000 ) ;
#2386 = EDGE_CURVE ( 'NONE', #6244, #7785, #701, .T. ) ;
#2387 = STYLED_ITEM ( 'NONE', ( #4150 ), #5070 ) ;
#2388 = LINE ( 'NONE', #11377, #1533 ) ;
#2389 = CARTESIAN_POINT ( 'NONE',  ( 0.2542085087882428596, 0.06733071061424725223, -0.1604330708661441673 ) ) ;
#2390 = EDGE_CURVE ( 'NONE', #1294, #9095, #6901, .T. ) ;
#2391 = CARTESIAN_POINT ( 'NONE',  ( 0.2660249164800730926, 0.08464566929133782169, -0.07618110236220720921 ) ) ;
#2392 = LINE ( 'NONE', #7011, #8431 ) ;
#2393 = ORIENTED_EDGE ( 'NONE', *, *, #1219, .T. ) ;
#2394 = ORIENTED_EDGE ( 'NONE', *, *, #2731, .T. ) ;
#2395 = AXIS2_PLACEMENT_3D ( 'NONE', #2875, #10953, #9077 ) ;
#2396 = PRESENTATION_STYLE_ASSIGNMENT (( #3091 ) ) ;
#2397 = ORIENTED_EDGE ( 'NONE', *, *, #6470, .F. ) ;
#2398 = CARTESIAN_POINT ( 'NONE',  ( 0.5197082840997433451, 0.07204724409448784450, -0.3393149606299232235 ) ) ;
#2399 = EDGE_CURVE ( 'NONE', #1973, #10794, #7068, .T. ) ;
#2400 = CARTESIAN_POINT ( 'NONE',  ( 0.4058070866141672561, 0.1448818897637632330, -0.005314960629923433377 ) ) ;
#2401 = DIRECTION ( 'NONE',  ( 1.817990202823693835E-15, 0.0000000000000000000, -1.000000000000000000 ) ) ;
#2402 = FILL_AREA_STYLE ('',( #1707 ) ) ;
#2403 = VECTOR ( 'NONE', #1292, 39.37007874015748143 ) ;
#2404 = ORIENTED_EDGE ( 'NONE', *, *, #1877, .T. ) ;
#2405 = CARTESIAN_POINT ( 'NONE',  ( 0.3821850393700735871, 0.1240157480314797583, -0.2064960629921282764 ) ) ;
#2406 = FACE_OUTER_BOUND ( 'NONE', #4204, .T. ) ;
#2407 = CARTESIAN_POINT ( 'NONE',  ( 0.3186023622047187143, 0.1476377952755898726, -0.08759842519685272222 ) ) ;
#2408 = ORIENTED_EDGE ( 'NONE', *, *, #10472, .F. ) ;
#2409 = ORIENTED_EDGE ( 'NONE', *, *, #1976, .T. ) ;
#2410 = DIRECTION ( 'NONE',  ( 1.000000000000000000, 1.644517855225996559E-15, 1.817990202823693835E-15 ) ) ;
#2411 = VERTEX_POINT ( 'NONE', #6207 ) ;
#2412 = CARTESIAN_POINT ( 'NONE',  ( 0.3186023622047192139, 0.1476377952755898726, -0.1875984251968526861 ) ) ;
#2413 = CARTESIAN_POINT ( 'NONE',  ( 0.5067913519291876723, 0.08893342700064806039, -0.1604330708661436955 ) ) ;
#2414 = DIRECTION ( 'NONE',  ( 0.3630301527215994972, 0.9317773919853026277, 6.599852609774574981E-16 ) ) ;
#2415 =( NAMED_UNIT ( * ) PLANE_ANGLE_UNIT ( ) SI_UNIT ( $, .RADIAN. ) );
#2416 =( CONVERSION_BASED_UNIT ( 'INCH', #8606 ) LENGTH_UNIT ( ) NAMED_UNIT ( #9208 ) );
#2417 = FACE_OUTER_BOUND ( 'NONE', #8635, .T. ) ;
#2418 =( NAMED_UNIT ( * ) SI_UNIT ( $, .STERADIAN. ) SOLID_ANGLE_UNIT ( ) );
#2419 = ORIENTED_EDGE ( 'NONE', *, *, #8168, .T. ) ;
#2420 = EDGE_LOOP ( 'NONE', ( #357, #1077, #2450, #9337 ) ) ;
#2421 = SURFACE_STYLE_USAGE ( .BOTH. , #6827 ) ;
#2422 = ORIENTED_EDGE ( 'NONE', *, *, #7171, .F. ) ;
#2423 = FILL_AREA_STYLE_COLOUR ( '', #3289 ) ;
#2424 = VECTOR ( 'NONE', #6635, 39.37007874015748143 ) ;
#2425 = LINE ( 'NONE', #619, #3890 ) ;
#2426 = FILL_AREA_STYLE_COLOUR ( '', #3044 ) ;
#2427 = SURFACE_STYLE_USAGE ( .BOTH. , #5837 ) ;
#2428 = CARTESIAN_POINT ( 'NONE',  ( 0.4872047244094427909, 0.1535433070866137617, 0.03759842519684838957 ) ) ;
#2429 = FACE_OUTER_BOUND ( 'NONE', #231, .T. ) ;
#2430 = ORIENTED_EDGE ( 'NONE', *, *, #4902, .T. ) ;
#2431 = AXIS2_PLACEMENT_3D ( 'NONE', #1040, #8045, #7356 ) ;
#2432 = CARTESIAN_POINT ( 'NONE',  ( 0.2616228185651909843, 0.08636077237506183113, -0.01043307086614417636 ) ) ;
#2433 = CARTESIAN_POINT ( 'NONE',  ( 0.2542085087882424155, 0.06733071061424725223, -0.07618110236220720921 ) ) ;
#2434 = EDGE_CURVE ( 'NONE', #4044, #7847, #3371, .T. ) ;
#2435 = SURFACE_STYLE_FILL_AREA ( #9619 ) ;
#2436 =( LENGTH_UNIT ( ) NAMED_UNIT ( * ) SI_UNIT ( $, .METRE. ) );
#2437 = EDGE_CURVE ( 'NONE', #7845, #8853, #810, .T. ) ;
#2438 = EDGE_CURVE ( 'NONE', #2699, #907, #10461, .T. ) ;
#2439 = LINE ( 'NONE', #2384, #4048 ) ;
#2440 = AXIS2_PLACEMENT_3D ( 'NONE', #4617, #2772, #4281 ) ;
#2441 = DIRECTION ( 'NONE',  ( -1.000000000000000000, -1.644517855225996559E-15, -1.817990202823693835E-15 ) ) ;
#2442 = VECTOR ( 'NONE', #6631, 39.37007874015748143 ) ;
#2443 =( LENGTH_UNIT ( ) NAMED_UNIT ( * ) SI_UNIT ( $, .METRE. ) );
#2444 = DIRECTION ( 'NONE',  ( 1.817990202823693835E-15, 0.0000000000000000000, -1.000000000000000000 ) ) ;
#2445 = CARTESIAN_POINT ( 'NONE',  ( 0.2836614173228289570, 0.06299212598425124598, -0.09330708661417563832 ) ) ;
#2446 = CYLINDRICAL_SURFACE ( 'NONE', #9560, 0.005905511811023602016 ) ;
#2447 = VERTEX_POINT ( 'NONE', #11450 ) ;
#2448 = LINE ( 'NONE', #9628, #6404 ) ;
#2449 = SURFACE_SIDE_STYLE ('',( #4248 ) ) ;
#2450 = ORIENTED_EDGE ( 'NONE', *, *, #2519, .F. ) ;
#2451 = EDGE_CURVE ( 'NONE', #4223, #3280, #10581, .T. ) ;
#2452 = FACE_OUTER_BOUND ( 'NONE', #2933, .T. ) ;
#2453 = VECTOR ( 'NONE', #3833, 39.37007874015748143 ) ;
#2454 = ORIENTED_EDGE ( 'NONE', *, *, #5679, .F. ) ;
#2455 = EDGE_CURVE ( 'NONE', #4981, #7663, #11411, .T. ) ;
#2456 = SURFACE_STYLE_FILL_AREA ( #4253 ) ;
#2457 = DIRECTION ( 'NONE',  ( -1.644517855225997348E-15, 1.000000000000000000, -2.970554346222872930E-30 ) ) ;
#2458 = CARTESIAN_POINT ( 'NONE',  ( 0.3560039370078680876, 0.1240157480314954541, -0.03169291338582903850 ) ) ;
#2459 = STYLED_ITEM ( 'NONE', ( #9389 ), #8294 ) ;
#2460 =( LENGTH_UNIT ( ) NAMED_UNIT ( * ) SI_UNIT ( $, .METRE. ) );
#2461 = DIMENSIONAL_EXPONENTS ( 1.000000000000000000, 0.0000000000000000000, 0.0000000000000000000, 0.0000000000000000000, 0.0000000000000000000, 0.0000000000000000000, 0.0000000000000000000 ) ;
#2462 = CIRCLE ( 'NONE', #1914, 0.004724409448818876756 ) ;
#2463 = DIRECTION ( 'NONE',  ( -1.000000000000000000, -1.644517855225996559E-15, -1.817990202823693835E-15 ) ) ;
#2464 = CARTESIAN_POINT ( 'NONE',  ( 0.3186023622047192694, 0.1535433070866134841, -0.1990157480314983796 ) ) ;
#2465 = ORIENTED_EDGE ( 'NONE', *, *, #144, .T. ) ;
#2466 = ADVANCED_FACE ( 'NONE', ( #1589 ), #10644, .F. ) ;
#2467 = VERTEX_POINT ( 'NONE', #3426 ) ;
#2468 = LINE ( 'NONE', #5990, #1612 ) ;
#2469 = EDGE_LOOP ( 'NONE', ( #1967, #7081, #840, #6874 ) ) ;
#2470 = VECTOR ( 'NONE', #4479, 39.37007874015748143 ) ;
#2471 = DIRECTION ( 'NONE',  ( 1.000000000000000000, 1.644517855225996559E-15, 1.817990202823693835E-15 ) ) ;
#2472 = SURFACE_STYLE_USAGE ( .BOTH. , #8424 ) ;
#2473 = CARTESIAN_POINT ( 'NONE',  ( 0.4957861071419633059, 0.08464566929133819639, -0.1472992125984272649 ) ) ;
#2474 = DIRECTION ( 'NONE',  ( 1.000000000000000000, 1.644517855225996559E-15, 1.817990202823693835E-15 ) ) ;
#2475 = FILL_AREA_STYLE_COLOUR ( '', #1020 ) ;
#2476 = CARTESIAN_POINT ( 'NONE',  ( 0.5197082840997433451, 0.07204724409448784450, -0.3393149606299232235 ) ) ;
#2477 = ORIENTED_EDGE ( 'NONE', *, *, #6540, .T. ) ;
#2478 = ORIENTED_EDGE ( 'NONE', *, *, #10380, .F. ) ;
#2479 = ORIENTED_EDGE ( 'NONE', *, *, #7027, .T. ) ;
#2480 = CARTESIAN_POINT ( 'NONE',  ( 0.3186023622047187143, 0.1476377952755898726, -0.08759842519685272222 ) ) ;
#2481 = ORIENTED_EDGE ( 'NONE', *, *, #9325, .F. ) ;
#2482 = STYLED_ITEM ( 'NONE', ( #8961 ), #1108 ) ;
#2483 = COLOUR_RGB ( '',0.7607843137254901578, 0.7607843137254901578, 0.0000000000000000000 ) ;
#2484 = DIRECTION ( 'NONE',  ( 1.817990202823693835E-15, 0.0000000000000000000, -1.000000000000000000 ) ) ;
#2485 = UNCERTAINTY_MEASURE_WITH_UNIT (LENGTH_MEASURE( 1.000000000000000082E-05 ), #7197, 'distance_accuracy_value', 'NONE');
#2486 = DIRECTION ( 'NONE',  ( -1.817990202823693835E-15, 3.503246160812042677E-46, 1.000000000000000000 ) ) ;
#2487 = FILL_AREA_STYLE ('',( #10327 ) ) ;
#2488 = CARTESIAN_POINT ( 'NONE',  ( 0.4957861071419630283, 0.08464566929133819639, -0.1261811023622068095 ) ) ;
#2489 = ORIENTED_EDGE ( 'NONE', *, *, #5130, .F. ) ;
#2490 = LENGTH_MEASURE_WITH_UNIT ( LENGTH_MEASURE( 0.02539999999999999897 ), #11431 );
#2491 =( NAMED_UNIT ( * ) PLANE_ANGLE_UNIT ( ) SI_UNIT ( $, .RADIAN. ) );
#2492 = AXIS2_PLACEMENT_3D ( 'NONE', #6440, #290, #8322 ) ;
#2493 = LENGTH_MEASURE_WITH_UNIT ( LENGTH_MEASURE( 0.02539999999999999897 ), #6944 );
#2494 = STYLED_ITEM ( 'NONE', ( #243 ), #1593 ) ;
#2495 = DIRECTION ( 'NONE',  ( 1.000000000000000000, 1.644517855225996559E-15, 1.817990202823693835E-15 ) ) ;
#2496 = DIRECTION ( 'NONE',  ( 1.817990202823693835E-15, 0.0000000000000000000, -1.000000000000000000 ) ) ;
#2497 =( CONVERSION_BASED_UNIT ( 'INCH', #8751 ) LENGTH_UNIT ( ) NAMED_UNIT ( #4536 ) );
#2498 = CARTESIAN_POINT ( 'NONE',  ( 0.2550196716928488927, 0.08893342700064765793, -0.1261811023622072259 ) ) ;
#2499 = CARTESIAN_POINT ( 'NONE',  ( 0.2660249164800738697, 0.09645669291338505869, -0.2604330708661442007 ) ) ;
#2500 = ORIENTED_EDGE ( 'NONE', *, *, #517, .F. ) ;
#2501 = EDGE_CURVE ( 'NONE', #2626, #895, #6150, .T. ) ;
#2502 = EDGE_CURVE ( 'NONE', #6679, #9692, #3489, .T. ) ;
#2503 = CARTESIAN_POINT ( 'NONE',  ( 0.4990157480314901806, 0.09645669291338544726, 0.001377952755903475010 ) ) ;
#2504 = AXIS2_PLACEMENT_3D ( 'NONE', #769, #894, #1882 ) ;
#2505 = DIRECTION ( 'NONE',  ( -2.036344053754329794E-15, 0.9701425001453376495, 0.2425356250363099597 ) ) ;
#2506 = ORIENTED_EDGE ( 'NONE', *, *, #8373, .T. ) ;
#2507 = CARTESIAN_POINT ( 'NONE',  ( 0.4872047244094429574, 0.08937007874015708009, -0.02618110236220680051 ) ) ;
#2508 = MECHANICAL_DESIGN_GEOMETRIC_PRESENTATION_REPRESENTATION (  '', ( #1768 ), #10483 ) ;
#2509 = EDGE_LOOP ( 'NONE', ( #9015, #916, #5702, #9334 ) ) ;
#2510 = DIRECTION ( 'NONE',  ( -0.9317773919853027387, 0.3630301527215988866, -2.628368902995161236E-15 ) ) ;
#2511 = DIRECTION ( 'NONE',  ( 1.817990202823693835E-15, -3.503246160812042677E-46, -1.000000000000000000 ) ) ;
#2512 = PRESENTATION_LAYER_ASSIGNMENT (  '', '', ( #4365 ) ) ;
#2513 = CARTESIAN_POINT ( 'NONE',  ( 0.2175196850393650849, 0.05905511811023538005, -0.2261811023622072869 ) ) ;
#2514 = EDGE_CURVE ( 'NONE', #10353, #364, #1755, .T. ) ;
#2515 = COLOUR_RGB ( '',0.7607843137254901578, 0.7607843137254901578, 0.0000000000000000000 ) ;
#2516 = LINE ( 'NONE', #9820, #9635 ) ;
#2517 = PRESENTATION_LAYER_ASSIGNMENT (  '', '', ( #9730 ) ) ;
#2518 = PRESENTATION_STYLE_ASSIGNMENT (( #10471 ) ) ;
#2519 = EDGE_CURVE ( 'NONE', #7669, #5629, #7292, .T. ) ;
#2520 =( NAMED_UNIT ( * ) SI_UNIT ( $, .STERADIAN. ) SOLID_ANGLE_UNIT ( ) );
#2521 =( CONVERSION_BASED_UNIT ( 'INCH', #1767 ) LENGTH_UNIT ( ) NAMED_UNIT ( #2091 ) );
#2522 = VERTEX_POINT ( 'NONE', #10873 ) ;
#2523 = CLOSED_SHELL ( 'NONE', ( #325, #9405, #6331, #9533, #5500, #6418, #3492, #6543, #11458, #6649, #6274, #577, #8315, #4000, #6544, #7835, #4576, #6195, #2157, #9174, #5280, #2762, #9595, #1830, #10755, #10048, #9039, #4727, #8972, #5045, #7333, #10899, #7330, #6035, #1378, #2466, #4638, #10612, #1032, #9970, #6627, #3017, #5771, #10983, #1401, #1548, #3574, #2946, #11162, #5156, #11455, #7536, #10922, #7706, #5698, #1016, #2608, #576, #543, #6054, #5263, #9604, #9118, #7226, #7824, #792, #3297, #8244, #1557, #3249, #7794, #5974, #7115, #338, #1108, #4801, #9757, #6887, #1254, #11231, #10625, #2804, #1237, #11373, #5755, #10896, #7890, #7965, #7392, #3960, #3930, #1964, #10095, #5253, #8599, #3734, #7464, #1323, #10034, #11247, #4209, #3884, #11106, #5213, #2586, #10972, #8303, #9311, #1243, #4289, #1149, #11386, #5618, #8468, #679, #9753, #10259, #9674, #2790, #5897, #9179, #1905, #4492, #3145, #317, #7299, #8319, #6050, #2941, #8257, #6258, #5070, #3226, #4011, #1452, #2822, #5682, #6493, #9893, #8294, #10835, #10193, #7811, #10970, #5692, #5044, #7181, #6967, #3026, #181, #604, #7230, #1949, #7451, #7315, #9618, #1455, #5203, #8884, #10408, #9335, #6703, #6406, #1805, #1478, #10019, #8549, #6900, #7904, #9897, #10097, #11467, #10029, #9457, #11109, #8655, #3994, #6183, #387, #6131, #4703, #2378, #6555, #3519, #10788, #2750, #10606, #11312, #5558, #9052, #1697, #5055, #5440, #4362, #1593, #5059, #1960, #10168, #9055, #7549, #9160, #8246, #4280, #10543, #1733, #10022, #66, #9882, #2682, #5427, #10676, #9528, #6263, #53, #6349, #10127, #5774, #7104, #967, #2376, #1874, #7386, #3348, #6337, #10544, #8984, #3108, #8968, #3602, #7031, #11053, #7170, #2747, #521, #9453, #9466, #4836, #9379, #8839, #2238, #520, #7085, #7311, #135, #9195, #2141, #8762, #3870, #10110, #5293, #4029, #10913, #5969, #10113, #6353, #469, #1223, #7241, #4995, #10163, #2294 ) ) ;
#2524 = ORIENTED_EDGE ( 'NONE', *, *, #9396, .T. ) ;
#2525 = DIRECTION ( 'NONE',  ( 0.5643446851342109882, -0.8255392639728097448, 1.314184451497580421E-15 ) ) ;
#2526 = VERTEX_POINT ( 'NONE', #8167 ) ;
#2527 = DIRECTION ( 'NONE',  ( 1.817990202823693835E-15, 0.0000000000000000000, -1.000000000000000000 ) ) ;
#2528 = SURFACE_SIDE_STYLE ('',( #1837 ) ) ;
#2529 = EDGE_CURVE ( 'NONE', #7249, #4938, #8998, .T. ) ;
#2530 = DIRECTION ( 'NONE',  ( -1.000000000000000000, -1.644517855225996559E-15, -1.817990202823693835E-15 ) ) ;
#2531 = PRESENTATION_STYLE_ASSIGNMENT (( #10486 ) ) ;
#2532 = STYLED_ITEM ( 'NONE', ( #6464 ), #338 ) ;
#2533 = AXIS2_PLACEMENT_3D ( 'NONE', #8538, #1604, #4316 ) ;
#2534 = DIRECTION ( 'NONE',  ( 1.817990202823693835E-15, 0.0000000000000000000, -1.000000000000000000 ) ) ;
#2535 = PLANE ( 'NONE',  #2562 ) ;
#2536 = SURFACE_STYLE_USAGE ( .BOTH. , #7035 ) ;
#2537 = EDGE_CURVE ( 'NONE', #3501, #3262, #2914, .T. ) ;
#2538 = COLOUR_RGB ( '',0.7607843137254901578, 0.7607843137254901578, 0.0000000000000000000 ) ;
#2539 = DIRECTION ( 'NONE',  ( -1.000000000000000000, -1.644517855225996559E-15, -1.817990202823693835E-15 ) ) ;
#2540 = ORIENTED_EDGE ( 'NONE', *, *, #4378, .F. ) ;
#2541 = ORIENTED_EDGE ( 'NONE', *, *, #609, .F. ) ;
#2542 = ORIENTED_EDGE ( 'NONE', *, *, #8920, .F. ) ;
#2543 = DIMENSIONAL_EXPONENTS ( 1.000000000000000000, 0.0000000000000000000, 0.0000000000000000000, 0.0000000000000000000, 0.0000000000000000000, 0.0000000000000000000, 0.0000000000000000000 ) ;
#2544 = DIRECTION ( 'NONE',  ( -0.3630301527215995527, -0.9317773919853026277, -6.599852609774574981E-16 ) ) ;
#2545 = ORIENTED_EDGE ( 'NONE', *, *, #2656, .T. ) ;
#2546 = AXIS2_PLACEMENT_3D ( 'NONE', #8860, #9562, #9668 ) ;
#2547 = COLOUR_RGB ( '',0.7607843137254901578, 0.7607843137254901578, 0.0000000000000000000 ) ;
#2548 = CARTESIAN_POINT ( 'NONE',  ( 0.2660249164800732591, 0.08464566929133782169, -0.1104330708661441784 ) ) ;
#2549 = EDGE_CURVE ( 'NONE', #11344, #11135, #8241, .T. ) ;
#2550 = SURFACE_SIDE_STYLE ('',( #1791 ) ) ;
#2551 =( CONVERSION_BASED_UNIT ( 'INCH', #5197 ) LENGTH_UNIT ( ) NAMED_UNIT ( #10396 ) );
#2552 = DIRECTION ( 'NONE',  ( 1.000000000000000000, 1.644517855225996559E-15, 1.817990202823693835E-15 ) ) ;
#2553 = CARTESIAN_POINT ( 'NONE',  ( 0.3821850393700734760, 0.1448818897637632053, -0.1553149606299235042 ) ) ;
#2554 = SURFACE_STYLE_FILL_AREA ( #8681 ) ;
#2555 = VECTOR ( 'NONE', #5372, 39.37007874015748143 ) ;
#2556 =( GEOMETRIC_REPRESENTATION_CONTEXT ( 3 ) GLOBAL_UNCERTAINTY_ASSIGNED_CONTEXT ( ( #9805 ) ) GLOBAL_UNIT_ASSIGNED_CONTEXT ( ( #10375, #6004, #6120 ) ) REPRESENTATION_CONTEXT ( 'NONE', 'WORKASPACE' ) );
#2557 = ORIENTED_EDGE ( 'NONE', *, *, #7388, .F. ) ;
#2558 = LINE ( 'NONE', #4404, #6194 ) ;
#2559 = AXIS2_PLACEMENT_3D ( 'NONE', #4395, #7044, #9608 ) ;
#2560 = CYLINDRICAL_SURFACE ( 'NONE', #5499, 0.005905511811023602016 ) ;
#2561 = CARTESIAN_POINT ( 'NONE',  ( 0.3186023622047189363, 0.1476377952755898726, -0.1375984251968526972 ) ) ;
#2562 = AXIS2_PLACEMENT_3D ( 'NONE', #11409, #901, #3452 ) ;
#2563 = DIRECTION ( 'NONE',  ( 1.000000000000000000, 1.644517855225996559E-15, 1.817990202823693835E-15 ) ) ;
#2564 = DIRECTION ( 'NONE',  ( -1.644517855225997348E-15, 1.000000000000000000, -2.970554346222872930E-30 ) ) ;
#2565 = CARTESIAN_POINT ( 'NONE',  ( 0.5142056617061288026, 0.06990336523983428640, -0.2104330708661437122 ) ) ;
#2566 = VECTOR ( 'NONE', #2495, 39.37007874015748143 ) ;
#2567 = CARTESIAN_POINT ( 'NONE',  ( 0.2660249164800728705, 0.09645669291338505869, -0.02618110236220720990 ) ) ;
#2568 = EDGE_LOOP ( 'NONE', ( #4208, #9451, #6398, #4923 ) ) ;
#2569 = CARTESIAN_POINT ( 'NONE',  ( 0.5197082840997422348, 0.07204724409448784450, -0.01043307086614369758 ) ) ;
#2570 = CARTESIAN_POINT ( 'NONE',  ( 0.5108267716535380698, 0.05905511811023586577, -0.1486220472440964724 ) ) ;
#2571 = ORIENTED_EDGE ( 'NONE', *, *, #4834, .F. ) ;
#2572 = DIRECTION ( 'NONE',  ( -1.817990202823693835E-15, 0.0000000000000000000, 1.000000000000000000 ) ) ;
#2573 = ORIENTED_EDGE ( 'NONE', *, *, #454, .T. ) ;
#2574 = AXIS2_PLACEMENT_3D ( 'NONE', #6991, #7156, #5249 ) ;
#2575 =( CONVERSION_BASED_UNIT ( 'INCH', #2797 ) LENGTH_UNIT ( ) NAMED_UNIT ( #3196 ) );
#2576 = SURFACE_STYLE_FILL_AREA ( #10532 ) ;
#2577 = CARTESIAN_POINT ( 'NONE',  ( 0.2421027395222941081, 0.07204724409448738653, -0.1472992125984277090 ) ) ;
#2578 = LINE ( 'NONE', #9638, #2470 ) ;
#2579 = DIRECTION ( 'NONE',  ( 1.817990202823693835E-15, 0.0000000000000000000, -1.000000000000000000 ) ) ;
#2580 = COLOUR_RGB ( '',0.7607843137254901578, 0.7607843137254901578, 0.0000000000000000000 ) ;
#2581 = SURFACE_STYLE_FILL_AREA ( #6223 ) ;
#2582 = CYLINDRICAL_SURFACE ( 'NONE', #8384, 0.01181102362204724046 ) ;
#2583 = ORIENTED_EDGE ( 'NONE', *, *, #3789, .F. ) ;
#2584 = LINE ( 'NONE', #4432, #8987 ) ;
#2585 = ORIENTED_EDGE ( 'NONE', *, *, #8517, .F. ) ;
#2586 = ADVANCED_FACE ( 'NONE', ( #5390 ), #9165, .F. ) ;
#2587 = CARTESIAN_POINT ( 'NONE',  ( 0.2746062992125923308, 0.1358267716535425662, 0.03759842519684797324 ) ) ;
#2588 = ORIENTED_EDGE ( 'NONE', *, *, #8307, .F. ) ;
#2589 = EDGE_CURVE ( 'NONE', #1506, #9848, #8823, .T. ) ;
#2590 = VECTOR ( 'NONE', #991, 39.37007874015748854 ) ;
#2591 = EDGE_CURVE ( 'NONE', #9293, #9072, #9111, .T. ) ;
#2592 = DIRECTION ( 'NONE',  ( -1.817990202823693835E-15, 0.0000000000000000000, 1.000000000000000000 ) ) ;
#2593 = LINE ( 'NONE', #8960, #1289 ) ;
#2594 = CARTESIAN_POINT ( 'NONE',  ( 0.3809055118110176719, 0.1476377952755899559, -0.03759842519685262230 ) ) ;
#2595 = LINE ( 'NONE', #5235, #9040 ) ;
#2596 = DIMENSIONAL_EXPONENTS ( 1.000000000000000000, 0.0000000000000000000, 0.0000000000000000000, 0.0000000000000000000, 0.0000000000000000000, 0.0000000000000000000, 0.0000000000000000000 ) ;
#2597 =( NAMED_UNIT ( * ) SI_UNIT ( $, .STERADIAN. ) SOLID_ANGLE_UNIT ( ) );
#2598 = CARTESIAN_POINT ( 'NONE',  ( 0.3821850393700735871, 0.1240157480314797583, -0.2053149606299235486 ) ) ;
#2599 = EDGE_CURVE ( 'NONE', #8078, #1702, #2795, .T. ) ;
#2600 = ORIENTED_EDGE ( 'NONE', *, *, #800, .F. ) ;
#2601 = VECTOR ( 'NONE', #7336, 39.37007874015748143 ) ;
#2602 = ORIENTED_EDGE ( 'NONE', *, *, #10018, .T. ) ;
#2603 = EDGE_LOOP ( 'NONE', ( #6824, #5274, #10455, #3384 ) ) ;
#2604 = EDGE_CURVE ( 'NONE', #7532, #2912, #4533, .T. ) ;
#2605 = DIRECTION ( 'NONE',  ( -1.817990202823693835E-15, 0.0000000000000000000, 1.000000000000000000 ) ) ;
#2606 = ORIENTED_EDGE ( 'NONE', *, *, #1476, .F. ) ;
#2607 = PLANE ( 'NONE',  #10907 ) ;
#2608 = ADVANCED_FACE ( 'NONE', ( #10756 ), #6324, .F. ) ;
#2609 = PRESENTATION_STYLE_ASSIGNMENT (( #9404 ) ) ;
#2610 = UNCERTAINTY_MEASURE_WITH_UNIT (LENGTH_MEASURE( 1.000000000000000082E-05 ), #8933, 'distance_accuracy_value', 'NONE');
#2611 =( LENGTH_UNIT ( ) NAMED_UNIT ( * ) SI_UNIT ( $, .METRE. ) );
#2612 = PLANE ( 'NONE',  #2038 ) ;
#2613 = LINE ( 'NONE', #6070, #5261 ) ;
#2614 = DIRECTION ( 'NONE',  ( 1.644517855225997348E-15, -1.000000000000000000, 2.970554346222872930E-30 ) ) ;
#2615 = ORIENTED_EDGE ( 'NONE', *, *, #11166, .F. ) ;
#2616 = FACE_OUTER_BOUND ( 'NONE', #5614, .T. ) ;
#2617 = LINE ( 'NONE', #9617, #8787 ) ;
#2618 = EDGE_CURVE ( 'NONE', #5784, #6732, #11148, .T. ) ;
#2619 = CARTESIAN_POINT ( 'NONE',  ( 0.2421027395222938305, 0.07204724409448738653, -0.1261811023622072814 ) ) ;
#2620 = UNCERTAINTY_MEASURE_WITH_UNIT (LENGTH_MEASURE( 1.000000000000000082E-05 ), #1940, 'distance_accuracy_value', 'NONE');
#2621 = CARTESIAN_POINT ( 'NONE',  ( 0.3821850393700729764, 0.1448818897637632053, -0.05531496062992350554 ) ) ;
#2622 = FILL_AREA_STYLE_COLOUR ( '', #10124 ) ;
#2623 = VECTOR ( 'NONE', #10697, 39.37007874015748854 ) ;
#2624 = CARTESIAN_POINT ( 'NONE',  ( 0.4872047244094430685, 0.1358267716535428993, -0.1289370078740177950 ) ) ;
#2625 = LINE ( 'NONE', #4297, #3444 ) ;
#2626 = VERTEX_POINT ( 'NONE', #6552 ) ;
#2627 =( LENGTH_UNIT ( ) NAMED_UNIT ( * ) SI_UNIT ( $, .METRE. ) );
#2628 = EDGE_LOOP ( 'NONE', ( #76, #5635, #4260, #10304 ) ) ;
#2629 =( LENGTH_UNIT ( ) NAMED_UNIT ( * ) SI_UNIT ( $, .METRE. ) );
#2630 = VERTEX_POINT ( 'NONE', #1393 ) ;
#2631 =( GEOMETRIC_REPRESENTATION_CONTEXT ( 3 ) GLOBAL_UNCERTAINTY_ASSIGNED_CONTEXT ( ( #3405 ) ) GLOBAL_UNIT_ASSIGNED_CONTEXT ( ( #4784, #9354, #2341 ) ) REPRESENTATION_CONTEXT ( 'NONE', 'WORKASPACE' ) );
#2633 = LINE ( 'NONE', #3545, #7619 ) ;
#2632 = AXIS2_PLACEMENT_3D ( 'NONE', #3674, #6329, #1931 ) ;
#2634 = CARTESIAN_POINT ( 'NONE',  ( 0.2542085087882432481, 0.06733071061424725223, -0.2604330708661442007 ) ) ;
#2635 = LINE ( 'NONE', #1934, #11363 ) ;
#2636 = DIRECTION ( 'NONE',  ( 1.000000000000000000, 1.644517855225996559E-15, 1.817990202823693835E-15 ) ) ;
#2637 = DIRECTION ( 'NONE',  ( -1.817990202823693835E-15, 0.0000000000000000000, 1.000000000000000000 ) ) ;
#2638 =( GEOMETRIC_REPRESENTATION_CONTEXT ( 3 ) GLOBAL_UNCERTAINTY_ASSIGNED_CONTEXT ( ( #9558 ) ) GLOBAL_UNIT_ASSIGNED_CONTEXT ( ( #2575, #26, #7935 ) ) REPRESENTATION_CONTEXT ( 'NONE', 'WORKASPACE' ) );
#2639 = LENGTH_MEASURE_WITH_UNIT ( LENGTH_MEASURE( 0.02539999999999999897 ), #10589 );
#2640 = PLANE ( 'NONE',  #3588 ) ;
#2641 = VERTEX_POINT ( 'NONE', #3953 ) ;
#2642 = PRESENTATION_LAYER_ASSIGNMENT (  '', '', ( #10042 ) ) ;
#2643 = STYLED_ITEM ( 'NONE', ( #9716 ), #10755 ) ;
#2644 = CARTESIAN_POINT ( 'NONE',  ( 0.4957861071419636390, 0.08464566929133819639, -0.2761811023622068317 ) ) ;
#2645 = ORIENTED_EDGE ( 'NONE', *, *, #9043, .T. ) ;
#2646 = CARTESIAN_POINT ( 'NONE',  ( 0.2812691996270413886, 0.09291338582677093061, -0.02618110236220714052 ) ) ;
#2647 = ORIENTED_EDGE ( 'NONE', *, *, #11474, .F. ) ;
#2648 = CARTESIAN_POINT ( 'NONE',  ( 0.3186023622047185477, 0.1476377952755898726, -0.04901574803149836429 ) ) ;
#2649 = AXIS2_PLACEMENT_3D ( 'NONE', #9300, #8411, #8473 ) ;
#2650 = CARTESIAN_POINT ( 'NONE',  ( 0.3186023622047185477, 0.1476377952755898726, -0.04901574803149836429 ) ) ;
#2651 = SURFACE_SIDE_STYLE ('',( #6234 ) ) ;
#2652 = DIRECTION ( 'NONE',  ( -2.162563726507829819E-15, 0.2425356250364040789, 0.9701425001453142238 ) ) ;
#2653 = PLANE ( 'NONE',  #814 ) ;
#2654 = CARTESIAN_POINT ( 'NONE',  ( 0.2476053619159085950, 0.06990336523983385619, -0.2761811023622072203 ) ) ;
#2655 = ORIENTED_EDGE ( 'NONE', *, *, #2434, .T. ) ;
#2656 = EDGE_CURVE ( 'NONE', #1844, #3004, #8451, .T. ) ;
#2657 = ORIENTED_EDGE ( 'NONE', *, *, #8035, .T. ) ;
#2658 = EDGE_CURVE ( 'NONE', #6576, #10920, #2322, .T. ) ;
#2659 =( GEOMETRIC_REPRESENTATION_CONTEXT ( 3 ) GLOBAL_UNCERTAINTY_ASSIGNED_CONTEXT ( ( #8858 ) ) GLOBAL_UNIT_ASSIGNED_CONTEXT ( ( #9986, #9231, #5792 ) ) REPRESENTATION_CONTEXT ( 'NONE', 'WORKASPACE' ) );
#2660 = VERTEX_POINT ( 'NONE', #460 ) ;
#2661 = CARTESIAN_POINT ( 'NONE',  ( 0.3513779527558994475, 0.1358267716535427050, 0.03759842519684811202 ) ) ;
#2662 = ORIENTED_EDGE ( 'NONE', *, *, #8520, .T. ) ;
#2663 = DIRECTION ( 'NONE',  ( 0.3630301527215994972, 0.9317773919853026277, 6.599852609774574981E-16 ) ) ;
#2664 = SURFACE_STYLE_FILL_AREA ( #5 ) ;
#2665 = FACE_OUTER_BOUND ( 'NONE', #1730, .T. ) ;
#2666 = FACE_OUTER_BOUND ( 'NONE', #1771, .T. ) ;
#2667 = LINE ( 'NONE', #10681, #2106 ) ;
#2668 = EDGE_CURVE ( 'NONE', #9128, #6045, #677, .T. ) ;
#2669 = VERTEX_POINT ( 'NONE', #8329 ) ;
#2670 = EDGE_CURVE ( 'NONE', #11216, #1265, #10274, .T. ) ;
#2671 = LINE ( 'NONE', #6134, #6384 ) ;
#2672 = DIMENSIONAL_EXPONENTS ( 1.000000000000000000, 0.0000000000000000000, 0.0000000000000000000, 0.0000000000000000000, 0.0000000000000000000, 0.0000000000000000000, 0.0000000000000000000 ) ;
#2673 = CARTESIAN_POINT ( 'NONE',  ( 0.2421027395222942191, 0.07204724409448738653, -0.2104330708661442673 ) ) ;
#2674 = DIRECTION ( 'NONE',  ( 1.817990202823693835E-15, 0.0000000000000000000, -1.000000000000000000 ) ) ;
#2675 = CARTESIAN_POINT ( 'NONE',  ( 0.3821850393700731985, 0.1448818897637632053, -0.1312992125984275005 ) ) ;
#2676 = AXIS2_PLACEMENT_3D ( 'NONE', #10221, #10170, #5797 ) ;
#2677 = DIRECTION ( 'NONE',  ( 1.519684859950636582E-14, 0.9701425001453376495, 0.2425356250363099597 ) ) ;
#2678 = EDGE_CURVE ( 'NONE', #8389, #9958, #1461, .T. ) ;
#2679 =( LENGTH_UNIT ( ) NAMED_UNIT ( * ) SI_UNIT ( $, .METRE. ) );
#2680 = PRESENTATION_LAYER_ASSIGNMENT (  '', '', ( #1382 ) ) ;
#2681 = EDGE_LOOP ( 'NONE', ( #8610, #4875, #6005, #9672 ) ) ;
#2682 = ADVANCED_FACE ( 'NONE', ( #8506 ), #9280, .F. ) ;
#2683 =( NAMED_UNIT ( * ) SI_UNIT ( $, .STERADIAN. ) SOLID_ANGLE_UNIT ( ) );
#2684 = ORIENTED_EDGE ( 'NONE', *, *, #3946, .T. ) ;
#2685 =( CONVERSION_BASED_UNIT ( 'INCH', #8878 ) LENGTH_UNIT ( ) NAMED_UNIT ( #3882 ) );
#2686 = STYLED_ITEM ( 'NONE', ( #11433 ), #1830 ) ;
#2687 = EDGE_LOOP ( 'NONE', ( #9465, #5483, #3144, #7602, #10220, #1029, #9705, #3272, #4185, #9718, #6030, #10027 ) ) ;
#2688 = COLOUR_RGB ( '',0.7607843137254901578, 0.7607843137254901578, 0.0000000000000000000 ) ;
#2689 = CARTESIAN_POINT ( 'NONE',  ( 0.5442913385826716466, 0.05905511811023591434, -0.04862204724409639051 ) ) ;
#2690 = DIRECTION ( 'NONE',  ( 1.817990202823693835E-15, 0.0000000000000000000, -1.000000000000000000 ) ) ;
#2691 = FACE_OUTER_BOUND ( 'NONE', #1102, .T. ) ;
#2692 = DIRECTION ( 'NONE',  ( 1.817990202823693835E-15, 0.0000000000000000000, -1.000000000000000000 ) ) ;
#2693 = SURFACE_STYLE_USAGE ( .BOTH. , #10650 ) ;
#2694 = COLOUR_RGB ( '',0.7607843137254901578, 0.7607843137254901578, 0.0000000000000000000 ) ;
#2695 = ORIENTED_EDGE ( 'NONE', *, *, #5909, .F. ) ;
#2696 = DIRECTION ( 'NONE',  ( 1.817990202823693835E-15, -3.503246160812042677E-46, -1.000000000000000000 ) ) ;
#2697 = LINE ( 'NONE', #6224, #9512 ) ;
#2698 = VECTOR ( 'NONE', #1723, 39.37007874015748143 ) ;
#2699 = VERTEX_POINT ( 'NONE', #10448 ) ;
#2700 = DIRECTION ( 'NONE',  ( -1.817990202823693835E-15, 0.0000000000000000000, 1.000000000000000000 ) ) ;
#2701 = ORIENTED_EDGE ( 'NONE', *, *, #6361, .T. ) ;
#2702 = LINE ( 'NONE', #7535, #3268 ) ;
#2703 = ORIENTED_EDGE ( 'NONE', *, *, #6747, .F. ) ;
#2704 = VECTOR ( 'NONE', #4772, 39.37007874015748143 ) ;
#2705 = VECTOR ( 'NONE', #7931, 39.37007874015748143 ) ;
#2706 =( NAMED_UNIT ( * ) PLANE_ANGLE_UNIT ( ) SI_UNIT ( $, .RADIAN. ) );
#2707 =( NAMED_UNIT ( * ) PLANE_ANGLE_UNIT ( ) SI_UNIT ( $, .RADIAN. ) );
#2708 = CARTESIAN_POINT ( 'NONE',  ( 0.2812691996270420547, 0.09291338582677093061, -0.1761811023622071870 ) ) ;
#2709 = DIRECTION ( 'NONE',  ( 1.817990202823693835E-15, 0.0000000000000000000, -1.000000000000000000 ) ) ;
#2710 = DIRECTION ( 'NONE',  ( -1.817990202823693835E-15, 0.0000000000000000000, 1.000000000000000000 ) ) ;
#2711 = SURFACE_STYLE_USAGE ( .BOTH. , #4387 ) ;
#2712 = ORIENTED_EDGE ( 'NONE', *, *, #10313, .T. ) ;
#2713 = ORIENTED_EDGE ( 'NONE', *, *, #660, .T. ) ;
#2714 = VECTOR ( 'NONE', #7213, 39.37007874015748143 ) ;
#2715 = VERTEX_POINT ( 'NONE', #5091 ) ;
#2716 = CARTESIAN_POINT ( 'NONE',  ( 0.4872047244094440122, 0.08937007874015708009, -0.2761811023622068317 ) ) ;
#2717 = ORIENTED_EDGE ( 'NONE', *, *, #6265, .F. ) ;
#2718 = PRESENTATION_LAYER_ASSIGNMENT (  '', '', ( #7702 ) ) ;
#2719 =( NAMED_UNIT ( * ) PLANE_ANGLE_UNIT ( ) SI_UNIT ( $, .RADIAN. ) );
#2720 = UNCERTAINTY_MEASURE_WITH_UNIT (LENGTH_MEASURE( 1.000000000000000082E-05 ), #7049, 'distance_accuracy_value', 'NONE');
#2721 = ORIENTED_EDGE ( 'NONE', *, *, #6289, .T. ) ;
#2722 = DIRECTION ( 'NONE',  ( -1.644517855225997348E-15, 1.000000000000000000, -2.970554346222872930E-30 ) ) ;
#2723 = FILL_AREA_STYLE ('',( #6127 ) ) ;
#2724 = CARTESIAN_POINT ( 'NONE',  ( 0.3186023622047184922, 0.1476377952755898726, -0.03759842519685268475 ) ) ;
#2725 = CARTESIAN_POINT ( 'NONE',  ( 0.3186023622047195469, 0.1535433070866134841, -0.2875984251968527472 ) ) ;
#2726 = VERTEX_POINT ( 'NONE', #7980 ) ;
#2727 = VECTOR ( 'NONE', #8959, 39.37007874015748143 ) ;
#2728 = VECTOR ( 'NONE', #743, 39.37007874015748143 ) ;
#2729 = LINE ( 'NONE', #5501, #11252 ) ;
#2730 = CARTESIAN_POINT ( 'NONE',  ( 0.3812007874015692632, 0.1448818897637632053, -0.1301181102362227449 ) ) ;
#2731 = EDGE_CURVE ( 'NONE', #10055, #5292, #3358, .T. ) ;
#2732 = STYLED_ITEM ( 'NONE', ( #4524 ), #3870 ) ;
#2733 = EDGE_CURVE ( 'NONE', #2931, #4216, #5325, .T. ) ;
#2734 = UNCERTAINTY_MEASURE_WITH_UNIT (LENGTH_MEASURE( 1.000000000000000082E-05 ), #4053, 'distance_accuracy_value', 'NONE');
#2735 = DIRECTION ( 'NONE',  ( -0.5643446851342082127, 0.8255392639728115212, 0.0000000000000000000 ) ) ;
#2736 = EDGE_CURVE ( 'NONE', #6393, #3151, #5206, .T. ) ;
#2737 = STYLED_ITEM ( 'NONE', ( #5664 ), #2941 ) ;
#2738 = PLANE ( 'NONE',  #8632 ) ;
#2739 = PRESENTATION_STYLE_ASSIGNMENT (( #10695 ) ) ;
#2740 =( LENGTH_UNIT ( ) NAMED_UNIT ( * ) SI_UNIT ( $, .METRE. ) );
#2741 = ORIENTED_EDGE ( 'NONE', *, *, #4089, .T. ) ;
#2742 = VECTOR ( 'NONE', #492, 39.37007874015748143 ) ;
#2743 = LINE ( 'NONE', #75, #6928 ) ;
#2744 = ORIENTED_EDGE ( 'NONE', *, *, #903, .T. ) ;
#2745 = STYLED_ITEM ( 'NONE', ( #5432 ), #679 ) ;
#2746 = ORIENTED_EDGE ( 'NONE', *, *, #2221, .F. ) ;
#2747 = ADVANCED_FACE ( 'NONE', ( #5959 ), #7003, .F. ) ;
#2748 = DIRECTION ( 'NONE',  ( -1.817990202823693835E-15, 0.0000000000000000000, 1.000000000000000000 ) ) ;
#2749 = DIMENSIONAL_EXPONENTS ( 1.000000000000000000, 0.0000000000000000000, 0.0000000000000000000, 0.0000000000000000000, 0.0000000000000000000, 0.0000000000000000000, 0.0000000000000000000 ) ;
#2750 = ADVANCED_FACE ( 'NONE', ( #11319 ), #9733, .T. ) ;
#2751 = VECTOR ( 'NONE', #3079, 39.37007874015748143 ) ;
#2752 =( GEOMETRIC_REPRESENTATION_CONTEXT ( 3 ) GLOBAL_UNCERTAINTY_ASSIGNED_CONTEXT ( ( #7582 ) ) GLOBAL_UNIT_ASSIGNED_CONTEXT ( ( #5907, #4012, #9341 ) ) REPRESENTATION_CONTEXT ( 'NONE', 'WORKASPACE' ) );
#2753 = CARTESIAN_POINT ( 'NONE',  ( 0.4781496062992067198, 0.06299212598425155130, 0.02657480314960426054 ) ) ;
#2754 = FACE_OUTER_BOUND ( 'NONE', #5931, .T. ) ;
#2755 = SURFACE_STYLE_USAGE ( .BOTH. , #6908 ) ;
#2756 = DIRECTION ( 'NONE',  ( 1.644517855225997348E-15, -1.000000000000000000, -2.970554346222872930E-30 ) ) ;
#2757 = DIRECTION ( 'NONE',  ( 1.817990202823693835E-15, 0.0000000000000000000, -1.000000000000000000 ) ) ;
#2758 = DIRECTION ( 'NONE',  ( -1.000000000000000000, -1.644517855225996559E-15, -1.817990202823693835E-15 ) ) ;
#2759 = ORIENTED_EDGE ( 'NONE', *, *, #7671, .F. ) ;
#2760 = DIRECTION ( 'NONE',  ( -1.000000000000000000, -1.644517855225997348E-15, -1.817990202823693441E-15 ) ) ;
#2761 = ORIENTED_EDGE ( 'NONE', *, *, #7565, .T. ) ;
#2762 = ADVANCED_FACE ( 'NONE', ( #8805 ), #918, .T. ) ;
#2763 = SURFACE_STYLE_FILL_AREA ( #8953 ) ;
#2764 = VERTEX_POINT ( 'NONE', #9677 ) ;
#2765 = DIRECTION ( 'NONE',  ( -1.000000000000000000, -1.644517855225996559E-15, -1.817990202823693835E-15 ) ) ;
#2766 = MECHANICAL_DESIGN_GEOMETRIC_PRESENTATION_REPRESENTATION (  '', ( #10936 ), #7182 ) ;
#2767 = DIMENSIONAL_EXPONENTS ( 1.000000000000000000, 0.0000000000000000000, 0.0000000000000000000, 0.0000000000000000000, 0.0000000000000000000, 0.0000000000000000000, 0.0000000000000000000 ) ;
#2768 = CARTESIAN_POINT ( 'NONE',  ( 0.2746062992125924973, 0.09645669291338507256, -0.01043307086614417636 ) ) ;
#2769 =( CONVERSION_BASED_UNIT ( 'INCH', #10722 ) LENGTH_UNIT ( ) NAMED_UNIT ( #11133 ) );
#2770 =( NAMED_UNIT ( * ) SI_UNIT ( $, .STERADIAN. ) SOLID_ANGLE_UNIT ( ) );
#2771 = SURFACE_STYLE_FILL_AREA ( #1071 ) ;
#2772 = DIRECTION ( 'NONE',  ( -1.817990202823693835E-15, 0.0000000000000000000, 1.000000000000000000 ) ) ;
#2773 = VERTEX_POINT ( 'NONE', #5157 ) ;
#2774 = ORIENTED_EDGE ( 'NONE', *, *, #8093, .F. ) ;
#2775 = ORIENTED_EDGE ( 'NONE', *, *, #390, .F. ) ;
#2776 = VECTOR ( 'NONE', #535, 39.37007874015748143 ) ;
#2777 = PLANE ( 'NONE',  #687 ) ;
#2778 = ORIENTED_EDGE ( 'NONE', *, *, #5077, .F. ) ;
#2779 = ORIENTED_EDGE ( 'NONE', *, *, #10384, .F. ) ;
#2780 = CARTESIAN_POINT ( 'NONE',  ( 0.5197082840997426789, 0.05905511811023587965, -0.1104330708661437066 ) ) ;
#2781 = SURFACE_STYLE_USAGE ( .BOTH. , #113 ) ;
#2782 = LINE ( 'NONE', #6366, #10912 ) ;
#2783 = PLANE ( 'NONE',  #3968 ) ;
#2784 = VERTEX_POINT ( 'NONE', #1688 ) ;
#2785 = LINE ( 'NONE', #10856, #2124 ) ;
#2786 = CARTESIAN_POINT ( 'NONE',  ( 0.2746062992125932745, 0.08937007874015673314, -0.2104330708661442395 ) ) ;
#2787 = COLOUR_RGB ( '',0.7607843137254901578, 0.7607843137254901578, 0.0000000000000000000 ) ;
#2788 = LINE ( 'NONE', #7864, #1711 ) ;
#2789 = CARTESIAN_POINT ( 'NONE',  ( 0.4432086614173170735, 0.1535433070866137062, -0.04901574803149815612 ) ) ;
#2790 = ADVANCED_FACE ( 'NONE', ( #4286 ), #2560, .F. ) ;
#2791 = MECHANICAL_DESIGN_GEOMETRIC_PRESENTATION_REPRESENTATION (  '', ( #11318 ), #8906 ) ;
#2792 = SURFACE_STYLE_FILL_AREA ( #6322 ) ;
#2793 = ORIENTED_EDGE ( 'NONE', *, *, #9256, .F. ) ;
#2794 = EDGE_CURVE ( 'NONE', #9958, #9654, #2729, .T. ) ;
#2795 = LINE ( 'NONE', #8938, #1798 ) ;
#2796 = EDGE_CURVE ( 'NONE', #10091, #10496, #9149, .T. ) ;
#2797 = LENGTH_MEASURE_WITH_UNIT ( LENGTH_MEASURE( 0.02539999999999999897 ), #7071 );
#2798 = PRESENTATION_LAYER_ASSIGNMENT (  '', '', ( #566 ) ) ;
#2799 =( NAMED_UNIT ( * ) SI_UNIT ( $, .STERADIAN. ) SOLID_ANGLE_UNIT ( ) );
#2800 = LINE ( 'NONE', #9933, #9678 ) ;
#2801 = CARTESIAN_POINT ( 'NONE',  ( 0.5442913385826716466, 0.05905511811023591434, -0.07618110236220666798 ) ) ;
#2802 = PLANE ( 'NONE',  #8612 ) ;
#2803 = VERTEX_POINT ( 'NONE', #1199 ) ;
#2804 = ADVANCED_FACE ( 'NONE', ( #10858 ), #10026, .T. ) ;
#2805 = FACE_OUTER_BOUND ( 'NONE', #9787, .T. ) ;
#2806 = ORIENTED_EDGE ( 'NONE', *, *, #5551, .T. ) ;
#2807 = EDGE_CURVE ( 'NONE', #2942, #2353, #8039, .T. ) ;
#2808 = VECTOR ( 'NONE', #6834, 39.37007874015748143 ) ;
#2809 = CARTESIAN_POINT ( 'NONE',  ( 0.4957861071419635279, 0.08464566929133819639, -0.1972992125984272815 ) ) ;
#2810 = AXIS2_PLACEMENT_3D ( 'NONE', #1825, #8115, #3548 ) ;
#2811 = ORIENTED_EDGE ( 'NONE', *, *, #2878, .T. ) ;
#2812 = FILL_AREA_STYLE_COLOUR ( '', #9014 ) ;
#2813 = ORIENTED_EDGE ( 'NONE', *, *, #8952, .F. ) ;
#2814 = FILL_AREA_STYLE ('',( #3686 ) ) ;
#2815 = PLANE ( 'NONE',  #10172 ) ;
#2816 = COLOUR_RGB ( '',0.7607843137254901578, 0.7607843137254901578, 0.0000000000000000000 ) ;
#2817 =( NAMED_UNIT ( * ) SI_UNIT ( $, .STERADIAN. ) SOLID_ANGLE_UNIT ( ) );
#2818 =( NAMED_UNIT ( * ) SI_UNIT ( $, .STERADIAN. ) SOLID_ANGLE_UNIT ( ) );
#2819 = STYLED_ITEM ( 'NONE', ( #7476 ), #7890 ) ;
#2820 =( LENGTH_UNIT ( ) NAMED_UNIT ( * ) SI_UNIT ( $, .METRE. ) );
#2821 =( CONVERSION_BASED_UNIT ( 'INCH', #8075 ) LENGTH_UNIT ( ) NAMED_UNIT ( #8151 ) );
#2822 = ADVANCED_FACE ( 'NONE', ( #3708 ), #8097, .T. ) ;
#2823 = CARTESIAN_POINT ( 'NONE',  ( 0.2660249164800728705, 0.08464566929133782169, -0.01043307086614417636 ) ) ;
#2824 = CARTESIAN_POINT ( 'NONE',  ( 0.2746062992125929969, 0.08937007874015673314, -0.1261811023622072259 ) ) ;
#2825 = ORIENTED_EDGE ( 'NONE', *, *, #4104, .F. ) ;
#2826 = EDGE_LOOP ( 'NONE', ( #7088, #5989, #6700, #7277 ) ) ;
#2827 = DIRECTION ( 'NONE',  ( -1.000000000000000000, -1.644517855225996559E-15, -1.817990202823693835E-15 ) ) ;
#2828 = ORIENTED_EDGE ( 'NONE', *, *, #6639, .F. ) ;
#2829 = VECTOR ( 'NONE', #7037, 39.37007874015748143 ) ;
#2830 = DIRECTION ( 'NONE',  ( 1.644517855225996559E-15, -1.000000000000000000, 2.970554346222871178E-30 ) ) ;
#2831 = PLANE ( 'NONE',  #7375 ) ;
#2832 = UNCERTAINTY_MEASURE_WITH_UNIT (LENGTH_MEASURE( 1.000000000000000082E-05 ), #7696, 'distance_accuracy_value', 'NONE');
#2833 = EDGE_LOOP ( 'NONE', ( #11476, #1769, #6562, #1186, #2273, #4488, #4198, #3316, #9601, #4454, #6862, #8821 ) ) ;
#2834 = CARTESIAN_POINT ( 'NONE',  ( 0.2746062992125925528, 0.08937007874015673314, -0.02618110236220720990 ) ) ;
#2835 = SURFACE_STYLE_FILL_AREA ( #2723 ) ;
#2836 = DIRECTION ( 'NONE',  ( 1.817990202823693835E-15, 0.0000000000000000000, -1.000000000000000000 ) ) ;
#2837 = LINE ( 'NONE', #1259, #3403 ) ;
#2838 = SURFACE_SIDE_STYLE ('',( #3822 ) ) ;
#2839 = VECTOR ( 'NONE', #645, 39.37007874015748143 ) ;
#2840 = ORIENTED_EDGE ( 'NONE', *, *, #11446, .T. ) ;
#2841 = STYLED_ITEM ( 'NONE', ( #3561 ), #7464 ) ;
#2842 = DIMENSIONAL_EXPONENTS ( 1.000000000000000000, 0.0000000000000000000, 0.0000000000000000000, 0.0000000000000000000, 0.0000000000000000000, 0.0000000000000000000, 0.0000000000000000000 ) ;
#2843 = SURFACE_SIDE_STYLE ('',( #4690 ) ) ;
#2844 =( CONVERSION_BASED_UNIT ( 'INCH', #124 ) LENGTH_UNIT ( ) NAMED_UNIT ( #2767 ) );
#2845 = STYLED_ITEM ( 'NONE', ( #3322 ), #8549 ) ;
#2846 = CARTESIAN_POINT ( 'NONE',  ( 0.4957861071419634724, 0.08937007874015708009, -0.2261811023622068428 ) ) ;
#2847 = UNCERTAINTY_MEASURE_WITH_UNIT (LENGTH_MEASURE( 1.000000000000000082E-05 ), #9508, 'distance_accuracy_value', 'NONE');
#2848 = CARTESIAN_POINT ( 'NONE',  ( 0.2660249164800734811, 0.08937007874015670539, -0.1604330708661441673 ) ) ;
#2849 = FACE_BOUND ( 'NONE', #4550, .T. ) ;
#2850 = CARTESIAN_POINT ( 'NONE',  ( 0.3186023622047187698, 0.1476377952755898726, -0.09901574803149836013 ) ) ;
#2851 = CARTESIAN_POINT ( 'NONE',  ( 0.2421027395222933032, 0.07204724409448738653, 0.05270078740157230213 ) ) ;
#2852 = CARTESIAN_POINT ( 'NONE',  ( 0.2175196850393642245, 0.05905511811023538005, -0.01043307086614424402 ) ) ;
#2853 = DIRECTION ( 'NONE',  ( -1.644517855225997348E-15, 1.000000000000000000, -2.970554346222872930E-30 ) ) ;
#2854 = ORIENTED_EDGE ( 'NONE', *, *, #9542, .T. ) ;
#2855 = CIRCLE ( 'NONE', #3395, 0.005905511811023611557 ) ;
#2856 = CARTESIAN_POINT ( 'NONE',  ( 0.4058070866141681443, 0.1240157480314955235, -0.2049212598425218801 ) ) ;
#2857 = DIMENSIONAL_EXPONENTS ( 1.000000000000000000, 0.0000000000000000000, 0.0000000000000000000, 0.0000000000000000000, 0.0000000000000000000, 0.0000000000000000000, 0.0000000000000000000 ) ;
#2858 = FILL_AREA_STYLE_COLOUR ( '', #7058 ) ;
#2859 = FACE_OUTER_BOUND ( 'NONE', #6296, .T. ) ;
#2860 = DIRECTION ( 'NONE',  ( -1.817990202823693835E-15, 0.0000000000000000000, 1.000000000000000000 ) ) ;
#2861 = CARTESIAN_POINT ( 'NONE',  ( 0.3821850393700727544, 0.1448818897637632053, -0.03129921259842747411 ) ) ;
#2862 = DIMENSIONAL_EXPONENTS ( 1.000000000000000000, 0.0000000000000000000, 0.0000000000000000000, 0.0000000000000000000, 0.0000000000000000000, 0.0000000000000000000, 0.0000000000000000000 ) ;
#2863 = FACE_OUTER_BOUND ( 'NONE', #5583, .T. ) ;
#2864 = EDGE_CURVE ( 'NONE', #7948, #2784, #9908, .T. ) ;
#2865 = DIRECTION ( 'NONE',  ( 0.9317773919853026277, -0.3630301527215991642, 1.807003620809172216E-15 ) ) ;
#2866 = ORIENTED_EDGE ( 'NONE', *, *, #7263, .T. ) ;
#2867 = AXIS2_PLACEMENT_3D ( 'NONE', #2570, #5103, #6089 ) ;
#2868 = CARTESIAN_POINT ( 'NONE',  ( 0.2746062992125927749, 0.08937007874015673314, -0.06043307086614418261 ) ) ;
#2869 = ORIENTED_EDGE ( 'NONE', *, *, #10178, .F. ) ;
#2870 = PRESENTATION_STYLE_ASSIGNMENT (( #8065 ) ) ;
#2871 = PRESENTATION_LAYER_ASSIGNMENT (  '', '', ( #3781 ) ) ;
#2872 = EDGE_LOOP ( 'NONE', ( #4548, #5596, #11160, #10771 ) ) ;
#2873 = ORIENTED_EDGE ( 'NONE', *, *, #8521, .F. ) ;
#2874 = EDGE_CURVE ( 'NONE', #4144, #5741, #7281, .T. ) ;
#2875 = CARTESIAN_POINT ( 'NONE',  ( 0.3339566929133798712, 0.1240157480314796473, 0.005708661417320484883 ) ) ;
#2876 = EDGE_CURVE ( 'NONE', #8268, #3807, #1809, .T. ) ;
#2877 = LINE ( 'NONE', #4555, #10891 ) ;
#2878 = EDGE_CURVE ( 'NONE', #3554, #1409, #6435, .T. ) ;
#2879 =( LENGTH_UNIT ( ) NAMED_UNIT ( * ) SI_UNIT ( $, .METRE. ) );
#2880 = DIRECTION ( 'NONE',  ( 1.000000000000000000, 1.644517855225996559E-15, 1.817990202823693835E-15 ) ) ;
#2881 = CARTESIAN_POINT ( 'NONE',  ( 0.2421027395222939138, 0.07204724409448738653, -0.09729921259842770620 ) ) ;
#2882 = VERTEX_POINT ( 'NONE', #8985 ) ;
#2883 = VECTOR ( 'NONE', #2028, 39.37007874015748143 ) ;
#2884 = ORIENTED_EDGE ( 'NONE', *, *, #40, .T. ) ;
#2885 = AXIS2_PLACEMENT_3D ( 'NONE', #3553, #2696, #2463 ) ;
#2886 = LINE ( 'NONE', #7328, #7897 ) ;
#2887 = ORIENTED_EDGE ( 'NONE', *, *, #8753, .T. ) ;
#2888 = EDGE_CURVE ( 'NONE', #10986, #9008, #4581, .T. ) ;
#2889 =( CONVERSION_BASED_UNIT ( 'INCH', #4396 ) LENGTH_UNIT ( ) NAMED_UNIT ( #4158 ) );
#2890 = EDGE_CURVE ( 'NONE', #9591, #8937, #1858, .T. ) ;
#2891 = ORIENTED_EDGE ( 'NONE', *, *, #10347, .T. ) ;
#2892 = DIRECTION ( 'NONE',  ( -1.817990202823693835E-15, 0.0000000000000000000, 1.000000000000000000 ) ) ;
#2893 = PRESENTATION_LAYER_ASSIGNMENT (  '', '', ( #8806 ) ) ;
#2894 = DIRECTION ( 'NONE',  ( -0.9317773919853014064, -0.3630301527216026058, -1.693962169841890603E-15 ) ) ;
#2895 =( NAMED_UNIT ( * ) PLANE_ANGLE_UNIT ( ) SI_UNIT ( $, .RADIAN. ) );
#2896 =( GEOMETRIC_REPRESENTATION_CONTEXT ( 3 ) GLOBAL_UNCERTAINTY_ASSIGNED_CONTEXT ( ( #9358 ) ) GLOBAL_UNIT_ASSIGNED_CONTEXT ( ( #5115, #3498, #7771 ) ) REPRESENTATION_CONTEXT ( 'NONE', 'WORKASPACE' ) );
#2897 = ORIENTED_EDGE ( 'NONE', *, *, #10746, .F. ) ;
#2898 =( CONVERSION_BASED_UNIT ( 'INCH', #120 ) LENGTH_UNIT ( ) NAMED_UNIT ( #10565 ) );
#2899 = CARTESIAN_POINT ( 'NONE',  ( 0.2550196716928490592, 0.08893342700064765793, -0.1604330708661441673 ) ) ;
#2900 = DIMENSIONAL_EXPONENTS ( 1.000000000000000000, 0.0000000000000000000, 0.0000000000000000000, 0.0000000000000000000, 0.0000000000000000000, 0.0000000000000000000, 0.0000000000000000000 ) ;
#2901 = DIRECTION ( 'NONE',  ( 0.9317773919853008513, 0.3630301527216037161, 0.0000000000000000000 ) ) ;
#2902 =( LENGTH_UNIT ( ) NAMED_UNIT ( * ) SI_UNIT ( $, .METRE. ) );
#2903 = EDGE_CURVE ( 'NONE', #1377, #4504, #6370, .T. ) ;
#2904 = AXIS2_PLACEMENT_3D ( 'NONE', #11316, #3412, #3355 ) ;
#2905 =( NAMED_UNIT ( * ) SI_UNIT ( $, .STERADIAN. ) SOLID_ANGLE_UNIT ( ) );
#2906 = DIRECTION ( 'NONE',  ( 1.000000000000000000, 1.644517855225996559E-15, 1.817990202823693835E-15 ) ) ;
#2907 = DIRECTION ( 'NONE',  ( -1.644517855225997348E-15, 1.000000000000000000, -2.970554346222872930E-30 ) ) ;
#2908 =( NAMED_UNIT ( * ) SI_UNIT ( $, .STERADIAN. ) SOLID_ANGLE_UNIT ( ) );
#2909 = VECTOR ( 'NONE', #2677, 39.37007874015748143 ) ;
#2910 =( GEOMETRIC_REPRESENTATION_CONTEXT ( 3 ) GLOBAL_UNCERTAINTY_ASSIGNED_CONTEXT ( ( #5380 ) ) GLOBAL_UNIT_ASSIGNED_CONTEXT ( ( #8252, #10007, #10189 ) ) REPRESENTATION_CONTEXT ( 'NONE', 'WORKASPACE' ) );
#2911 = CARTESIAN_POINT ( 'NONE',  ( 0.4432086614173177397, 0.1476377952755900669, -0.2375984251968525085 ) ) ;
#2912 = VERTEX_POINT ( 'NONE', #8212 ) ;
#2913 = VECTOR ( 'NONE', #693, 39.37007874015748143 ) ;
#2914 = LINE ( 'NONE', #2856, #6768 ) ;
#2915 = DIMENSIONAL_EXPONENTS ( 1.000000000000000000, 0.0000000000000000000, 0.0000000000000000000, 0.0000000000000000000, 0.0000000000000000000, 0.0000000000000000000, 0.0000000000000000000 ) ;
#2916 = MECHANICAL_DESIGN_GEOMETRIC_PRESENTATION_REPRESENTATION (  '', ( #6968 ), #10331 ) ;
#2917 = LINE ( 'NONE', #4705, #8728 ) ;
#2918 = DIRECTION ( 'NONE',  ( -1.817990202823693835E-15, 0.0000000000000000000, 1.000000000000000000 ) ) ;
#2919 = LINE ( 'NONE', #4655, #6877 ) ;
#2920 = PRESENTATION_STYLE_ASSIGNMENT (( #10881 ) ) ;
#2921 = LINE ( 'NONE', #7478, #8945 ) ;
#2922 = STYLED_ITEM ( 'NONE', ( #4652 ), #4362 ) ;
#2923 = LINE ( 'NONE', #2801, #4462 ) ;
#2924 = DIRECTION ( 'NONE',  ( -1.000000000000000000, -1.644517855225997348E-15, -1.817990202823693441E-15 ) ) ;
#2925 = ORIENTED_EDGE ( 'NONE', *, *, #3156, .T. ) ;
#2926 = VECTOR ( 'NONE', #2299, 39.37007874015748143 ) ;
#2927 = VECTOR ( 'NONE', #4392, 39.37007874015748143 ) ;
#2928 = PRESENTATION_STYLE_ASSIGNMENT (( #10946 ) ) ;
#2929 = ORIENTED_EDGE ( 'NONE', *, *, #6785, .F. ) ;
#2930 = CARTESIAN_POINT ( 'NONE',  ( 0.3513779527558994475, 0.1535433070866135674, 0.01496062992125752646 ) ) ;
#2931 = VERTEX_POINT ( 'NONE', #3826 ) ;
#2932 = AXIS2_PLACEMENT_3D ( 'NONE', #7234, #4421, #7018 ) ;
#2933 = EDGE_LOOP ( 'NONE', ( #10607, #2884, #8788, #10889, #2712 ) ) ;
#2934 = DIRECTION ( 'NONE',  ( 0.5643446851342032167, 0.8255392639728148518, 9.035018104045910384E-16 ) ) ;
#2935 = SURFACE_STYLE_USAGE ( .BOTH. , #8295 ) ;
#2936 = DIRECTION ( 'NONE',  ( -1.817990202823693835E-15, 0.0000000000000000000, 1.000000000000000000 ) ) ;
#2937 = DIRECTION ( 'NONE',  ( -1.644517855225997348E-15, 1.000000000000000000, -2.970554346222872930E-30 ) ) ;
#2938 = PRESENTATION_LAYER_ASSIGNMENT (  '', '', ( #9590 ) ) ;
#2939 = CARTESIAN_POINT ( 'NONE',  ( 0.3339566929133806483, 0.1240157480314796473, -0.1942913385826795236 ) ) ;
#2940 = ORIENTED_EDGE ( 'NONE', *, *, #10378, .F. ) ;
#2941 = ADVANCED_FACE ( 'NONE', ( #2961 ), #2074, .T. ) ;
#2942 = VERTEX_POINT ( 'NONE', #9267 ) ;
#2943 = EDGE_CURVE ( 'NONE', #7747, #1710, #4975, .T. ) ;
#2944 =( CONVERSION_BASED_UNIT ( 'INCH', #273 ) LENGTH_UNIT ( ) NAMED_UNIT ( #7417 ) );
#2945 = ORIENTED_EDGE ( 'NONE', *, *, #6503, .T. ) ;
#2946 = ADVANCED_FACE ( 'NONE', ( #11024 ), #7517, .F. ) ;
#2947 =( GEOMETRIC_REPRESENTATION_CONTEXT ( 3 ) GLOBAL_UNCERTAINTY_ASSIGNED_CONTEXT ( ( #10149 ) ) GLOBAL_UNIT_ASSIGNED_CONTEXT ( ( #4752, #394, #11253 ) ) REPRESENTATION_CONTEXT ( 'NONE', 'WORKASPACE' ) );
#2948 = LENGTH_MEASURE_WITH_UNIT ( LENGTH_MEASURE( 0.02539999999999999897 ), #10733 );
#2949 = SURFACE_STYLE_FILL_AREA ( #6582 ) ;
#2950 = ORIENTED_EDGE ( 'NONE', *, *, #7459, .F. ) ;
#2951 = CARTESIAN_POINT ( 'NONE',  ( 0.5442913385826723127, 0.06614173228346426070, -0.2604330708661436455 ) ) ;
#2952 = FACE_OUTER_BOUND ( 'NONE', #8421, .T. ) ;
#2953 = DIRECTION ( 'NONE',  ( 1.817990202823693835E-15, 0.0000000000000000000, -1.000000000000000000 ) ) ;
#2954 = DIRECTION ( 'NONE',  ( 1.644517855225997348E-15, -1.000000000000000000, -2.970554346222872930E-30 ) ) ;
#2955 =( CONVERSION_BASED_UNIT ( 'INCH', #10966 ) LENGTH_UNIT ( ) NAMED_UNIT ( #6003 ) );
#2956 = FACE_OUTER_BOUND ( 'NONE', #6654, .T. ) ;
#2957 = EDGE_LOOP ( 'NONE', ( #906, #6205, #10712, #9493 ) ) ;
#2958 = EDGE_CURVE ( 'NONE', #7158, #2062, #3177, .T. ) ;
#2959 = CARTESIAN_POINT ( 'NONE',  ( 0.5197082840997431230, 0.07204724409448784450, -0.2893149606299232346 ) ) ;
#2960 = EDGE_CURVE ( 'NONE', #5811, #3223, #8267, .T. ) ;
#2961 = FACE_OUTER_BOUND ( 'NONE', #2980, .T. ) ;
#2962 = ORIENTED_EDGE ( 'NONE', *, *, #3375, .F. ) ;
#2963 = DIRECTION ( 'NONE',  ( 0.9317773919853026277, -0.3630301527215995527, 1.693962169841892772E-15 ) ) ;
#2964 = MECHANICAL_DESIGN_GEOMETRIC_PRESENTATION_REPRESENTATION (  '', ( #9246 ), #9614 ) ;
#2965 = UNCERTAINTY_MEASURE_WITH_UNIT (LENGTH_MEASURE( 1.000000000000000082E-05 ), #6187, 'distance_accuracy_value', 'NONE');
#2966 = FACE_OUTER_BOUND ( 'NONE', #5142, .T. ) ;
#2967 = EDGE_CURVE ( 'NONE', #1773, #2773, #7634, .T. ) ;
#2968 = SURFACE_SIDE_STYLE ('',( #10932 ) ) ;
#2969 = ORIENTED_EDGE ( 'NONE', *, *, #2185, .F. ) ;
#2970 =( GEOMETRIC_REPRESENTATION_CONTEXT ( 3 ) GLOBAL_UNCERTAINTY_ASSIGNED_CONTEXT ( ( #1906 ) ) GLOBAL_UNIT_ASSIGNED_CONTEXT ( ( #5396, #9002, #4914 ) ) REPRESENTATION_CONTEXT ( 'NONE', 'WORKASPACE' ) );
#2971 = CARTESIAN_POINT ( 'NONE',  ( 0.2175196850393646408, 0.06259842519684954976, -0.1183070866141757715 ) ) ;
#2972 = SURFACE_SIDE_STYLE ('',( #7363 ) ) ;
#2973 = DIMENSIONAL_EXPONENTS ( 1.000000000000000000, 0.0000000000000000000, 0.0000000000000000000, 0.0000000000000000000, 0.0000000000000000000, 0.0000000000000000000, 0.0000000000000000000 ) ;
#2974 = PRESENTATION_LAYER_ASSIGNMENT (  '', '', ( #7764 ) ) ;
#2975 = PLANE ( 'NONE',  #2239 ) ;
#2976 = FILL_AREA_STYLE_COLOUR ( '', #8422 ) ;
#2977 = ORIENTED_EDGE ( 'NONE', *, *, #8734, .T. ) ;
#2978 = LINE ( 'NONE', #3031, #10683 ) ;
#2979 =( CONVERSION_BASED_UNIT ( 'INCH', #9122 ) LENGTH_UNIT ( ) NAMED_UNIT ( #8225 ) );
#2980 = EDGE_LOOP ( 'NONE', ( #6242, #8654, #1591, #5890, #6301, #7892, #10824, #6766, #380, #7507, #1250, #3733 ) ) ;
#2981 = ORIENTED_EDGE ( 'NONE', *, *, #7797, .T. ) ;
#2982 = VECTOR ( 'NONE', #2937, 39.37007874015748143 ) ;
#2983 = EDGE_LOOP ( 'NONE', ( #39, #4, #8730, #5631 ) ) ;
#2984 = DIRECTION ( 'NONE',  ( 1.817990202823693835E-15, 0.0000000000000000000, -1.000000000000000000 ) ) ;
#2985 = DIMENSIONAL_EXPONENTS ( 1.000000000000000000, 0.0000000000000000000, 0.0000000000000000000, 0.0000000000000000000, 0.0000000000000000000, 0.0000000000000000000, 0.0000000000000000000 ) ;
#2986 = CARTESIAN_POINT ( 'NONE',  ( 0.5442913385826723127, 0.05905511811023591434, -0.2761811023622067207 ) ) ;
#2987 = PLANE ( 'NONE',  #1590 ) ;
#2988 = CARTESIAN_POINT ( 'NONE',  ( 0.2421027395222936918, 0.07204724409448738653, -0.04729921259842771036 ) ) ;
#2989 = CARTESIAN_POINT ( 'NONE',  ( 0.4058070866141672561, 0.1240157480314955235, -0.004921259842521875059 ) ) ;
#2990 = ORIENTED_EDGE ( 'NONE', *, *, #11234, .F. ) ;
#2991 = ORIENTED_EDGE ( 'NONE', *, *, #3783, .F. ) ;
#2992 = FILL_AREA_STYLE_COLOUR ( '', #3828 ) ;
#2993 = ORIENTED_EDGE ( 'NONE', *, *, #7479, .T. ) ;
#2994 = VECTOR ( 'NONE', #2112, 39.37007874015748143 ) ;
#2995 = AXIS2_PLACEMENT_3D ( 'NONE', #6803, #2511, #9527 ) ;
#2996 = FILL_AREA_STYLE_COLOUR ( '', #9799 ) ;
#2997 = VERTEX_POINT ( 'NONE', #2661 ) ;
#2998 = CARTESIAN_POINT ( 'NONE',  ( 0.4432086614173171291, 0.1476377952755900669, -0.08759842519685250017 ) ) ;
#2999 =( CONVERSION_BASED_UNIT ( 'INCH', #4574 ) LENGTH_UNIT ( ) NAMED_UNIT ( #10778 ) );
#3000 = PRESENTATION_STYLE_ASSIGNMENT (( #7339 ) ) ;
#3001 = EDGE_CURVE ( 'NONE', #205, #3637, #1622, .T. ) ;
#3002 = EDGE_CURVE ( 'NONE', #3262, #443, #9720, .T. ) ;
#3003 = DIRECTION ( 'NONE',  ( -1.817990202823693835E-15, 0.0000000000000000000, 1.000000000000000000 ) ) ;
#3004 = VERTEX_POINT ( 'NONE', #6988 ) ;
#3005 = DIRECTION ( 'NONE',  ( -0.9317773919853008513, -0.3630301527216037161, -1.445602896647344241E-15 ) ) ;
#3006 = MECHANICAL_DESIGN_GEOMETRIC_PRESENTATION_REPRESENTATION (  '', ( #2819 ), #4115 ) ;
#3007 = PRESENTATION_LAYER_ASSIGNMENT (  '', '', ( #1535 ) ) ;
#3008 =( NAMED_UNIT ( * ) SI_UNIT ( $, .STERADIAN. ) SOLID_ANGLE_UNIT ( ) );
#3009 = ORIENTED_EDGE ( 'NONE', *, *, #10316, .F. ) ;
#3010 = DIRECTION ( 'NONE',  ( 1.000000000000000000, 1.644517855225997348E-15, 1.817990202823693441E-15 ) ) ;
#3011 =( CONVERSION_BASED_UNIT ( 'INCH', #10977 ) LENGTH_UNIT ( ) NAMED_UNIT ( #9190 ) );
#3012 = EDGE_CURVE ( 'NONE', #137, #565, #3399, .T. ) ;
#3013 = CARTESIAN_POINT ( 'NONE',  ( 0.2421027395222939971, 0.05905511811023542168, -0.1604330708661442506 ) ) ;
#3014 = PLANE ( 'NONE',  #4153 ) ;
#3015 =( GEOMETRIC_REPRESENTATION_CONTEXT ( 3 ) GLOBAL_UNCERTAINTY_ASSIGNED_CONTEXT ( ( #2485 ) ) GLOBAL_UNIT_ASSIGNED_CONTEXT ( ( #7197, #1775, #7252 ) ) REPRESENTATION_CONTEXT ( 'NONE', 'WORKASPACE' ) );
#3016 = FACE_OUTER_BOUND ( 'NONE', #4160, .T. ) ;
#3017 = ADVANCED_FACE ( 'NONE', ( #7042 ), #6062, .T. ) ;
#3018 = PLANE ( 'NONE',  #221 ) ;
#3019 = DIRECTION ( 'NONE',  ( -3.421105991089600105E-14, 1.000000000000000000, -6.217620874327673957E-29 ) ) ;
#3020 = CARTESIAN_POINT ( 'NONE',  ( 0.2660249164800738142, 0.08464566929133782169, -0.2893149606299236787 ) ) ;
#3021 = ORIENTED_EDGE ( 'NONE', *, *, #4928, .F. ) ;
#3022 = LENGTH_MEASURE_WITH_UNIT ( LENGTH_MEASURE( 0.02539999999999999897 ), #298 );
#3023 = VECTOR ( 'NONE', #8335, 39.37007874015748854 ) ;
#3024 = PRESENTATION_STYLE_ASSIGNMENT (( #10159 ) ) ;
#3025 = DIRECTION ( 'NONE',  ( 1.817990202823693835E-15, 0.0000000000000000000, -1.000000000000000000 ) ) ;
#3026 = ADVANCED_FACE ( 'NONE', ( #5945 ), #7789, .T. ) ;
#3027 = CARTESIAN_POINT ( 'NONE',  ( 0.5142056617061286916, 0.06990336523983428640, -0.1761811023622067429 ) ) ;
#3028 = EDGE_CURVE ( 'NONE', #10994, #2379, #6930, .T. ) ;
#3029 = CARTESIAN_POINT ( 'NONE',  ( 0.3041338582677109992, 0.1358267716535426217, -0.2576771653543331042 ) ) ;
#3030 = EDGE_LOOP ( 'NONE', ( #2419, #2404, #4475, #7495 ) ) ;
#3031 = CARTESIAN_POINT ( 'NONE',  ( 0.5442913385826719797, 0.05905511811023591434, -0.1604330708661436400 ) ) ;
#3032 = LINE ( 'NONE', #9349, #6375 ) ;
#3033 = ORIENTED_EDGE ( 'NONE', *, *, #1030, .T. ) ;
#3034 = FACE_OUTER_BOUND ( 'NONE', #11415, .T. ) ;
#3035 = VECTOR ( 'NONE', #539, 39.37007874015748143 ) ;
#3036 = ORIENTED_EDGE ( 'NONE', *, *, #4496, .T. ) ;
#3037 = CARTESIAN_POINT ( 'NONE',  ( 0.4104330708661356741, 0.1476377952755900114, 0.03562992125984031783 ) ) ;
#3038 = STYLED_ITEM ( 'NONE', ( #8464 ), #1401 ) ;
#3039 = FILL_AREA_STYLE ('',( #4782 ) ) ;
#3040 = CARTESIAN_POINT ( 'NONE',  ( 0.5442913385826713135, 0.05905511811023591434, -0.01043307086614362993 ) ) ;
#3041 = DIMENSIONAL_EXPONENTS ( 1.000000000000000000, 0.0000000000000000000, 0.0000000000000000000, 0.0000000000000000000, 0.0000000000000000000, 0.0000000000000000000, 0.0000000000000000000 ) ;
#3042 = LINE ( 'NONE', #6518, #2994 ) ;
#3043 =( LENGTH_UNIT ( ) NAMED_UNIT ( * ) SI_UNIT ( $, .METRE. ) );
#3044 = COLOUR_RGB ( '',1.000000000000000000, 1.000000000000000000, 1.000000000000000000 ) ;
#3045 = EDGE_LOOP ( 'NONE', ( #11038, #969, #9297, #3980 ) ) ;
#3046 = ORIENTED_EDGE ( 'NONE', *, *, #7488, .T. ) ;
#3047 = SURFACE_STYLE_FILL_AREA ( #7506 ) ;
#3048 = EDGE_LOOP ( 'NONE', ( #3411, #1926, #10840, #10300 ) ) ;
#3049 = CIRCLE ( 'NONE', #7665, 0.004724409448818893235 ) ;
#3050 =( NAMED_UNIT ( * ) SI_UNIT ( $, .STERADIAN. ) SOLID_ANGLE_UNIT ( ) );
#3051 = PRESENTATION_LAYER_ASSIGNMENT (  '', '', ( #8405 ) ) ;
#3052 = CARTESIAN_POINT ( 'NONE',  ( 0.4432086614173174621, 0.1476377952755900669, -0.1490157480314981686 ) ) ;
#3053 = MECHANICAL_DESIGN_GEOMETRIC_PRESENTATION_REPRESENTATION (  '', ( #6392 ), #103 ) ;
#3054 = LINE ( 'NONE', #20, #3073 ) ;
#3055 = ORIENTED_EDGE ( 'NONE', *, *, #4232, .F. ) ;
#3056 = DIMENSIONAL_EXPONENTS ( 1.000000000000000000, 0.0000000000000000000, 0.0000000000000000000, 0.0000000000000000000, 0.0000000000000000000, 0.0000000000000000000, 0.0000000000000000000 ) ;
#3057 = PRESENTATION_LAYER_ASSIGNMENT (  '', '', ( #8043 ) ) ;
#3058 = LENGTH_MEASURE_WITH_UNIT ( LENGTH_MEASURE( 0.02539999999999999897 ), #347 );
#3059 = EDGE_LOOP ( 'NONE', ( #4799, #4833, #8094, #9198 ) ) ;
#3060 = FILL_AREA_STYLE_COLOUR ( '', #4583 ) ;
#3061 = COLOUR_RGB ( '',1.000000000000000000, 1.000000000000000000, 1.000000000000000000 ) ;
#3062 = VECTOR ( 'NONE', #9056, 39.37007874015748143 ) ;
#3063 = UNCERTAINTY_MEASURE_WITH_UNIT (LENGTH_MEASURE( 1.000000000000000082E-05 ), #1043, 'distance_accuracy_value', 'NONE');
#3064 = VECTOR ( 'NONE', #526, 39.37007874015748143 ) ;
#3065 = DIRECTION ( 'NONE',  ( -1.000000000000000000, -1.644517855225996559E-15, -1.817990202823693835E-15 ) ) ;
#3066 = CYLINDRICAL_SURFACE ( 'NONE', #9143, 0.01181102362204724046 ) ;
#3067 = CARTESIAN_POINT ( 'NONE',  ( 0.2836614173228287905, 0.06299212598425124598, -0.3131889763779561742 ) ) ;
#3068 = ORIENTED_EDGE ( 'NONE', *, *, #11099, .T. ) ;
#3069 = SURFACE_SIDE_STYLE ('',( #6548 ) ) ;
#3070 = CARTESIAN_POINT ( 'NONE',  ( 0.5142056617061280255, 0.06990336523983428640, -0.02618110236220673112 ) ) ;
#3071 = VERTEX_POINT ( 'NONE', #2480 ) ;
#3072 = EDGE_CURVE ( 'NONE', #11067, #164, #10495, .T. ) ;
#3073 = VECTOR ( 'NONE', #2125, 39.37007874015748143 ) ;
#3074 = DIRECTION ( 'NONE',  ( -1.817990202823693835E-15, 0.0000000000000000000, 1.000000000000000000 ) ) ;
#3075 = EDGE_CURVE ( 'NONE', #11105, #4981, #8789, .T. ) ;
#3076 = VECTOR ( 'NONE', #9339, 39.37007874015748854 ) ;
#3077 = EDGE_CURVE ( 'NONE', #3223, #3514, #3294, .T. ) ;
#3078 = DIRECTION ( 'NONE',  ( 1.000000000000000000, 1.644517855225996559E-15, 1.817990202823693835E-15 ) ) ;
#3079 = DIRECTION ( 'NONE',  ( -1.000000000000000000, -1.644517855225996559E-15, -1.817990202823693835E-15 ) ) ;
#3080 = CARTESIAN_POINT ( 'NONE',  ( 0.2476053619159083452, 0.06990336523983385619, -0.2104330708661442395 ) ) ;
#3081 = STYLED_ITEM ( 'NONE', ( #4823 ), #317 ) ;
#3082 = VECTOR ( 'NONE', #7672, 39.37007874015748143 ) ;
#3083 = MECHANICAL_DESIGN_GEOMETRIC_PRESENTATION_REPRESENTATION (  '', ( #9017 ), #9944 ) ;
#3084 = FACE_OUTER_BOUND ( 'NONE', #4758, .T. ) ;
#3085 = VERTEX_POINT ( 'NONE', #11418 ) ;
#3086 = PRESENTATION_LAYER_ASSIGNMENT (  '', '', ( #6599 ) ) ;
#3087 = LENGTH_MEASURE_WITH_UNIT ( LENGTH_MEASURE( 0.02539999999999999897 ), #9236 );
#3088 = SURFACE_SIDE_STYLE ('',( #1284 ) ) ;
#3089 = ORIENTED_EDGE ( 'NONE', *, *, #10639, .F. ) ;
#3090 = EDGE_CURVE ( 'NONE', #205, #10238, #3460, .T. ) ;
#3091 = SURFACE_STYLE_USAGE ( .BOTH. , #531 ) ;
#3092 = CIRCLE ( 'NONE', #9571, 0.004724409448818893235 ) ;
#3093 = VECTOR ( 'NONE', #10987, 39.37007874015748143 ) ;
#3094 = VERTEX_POINT ( 'NONE', #1729 ) ;
#3095 = EDGE_CURVE ( 'NONE', #8125, #4390, #5243, .T. ) ;
#3096 = VECTOR ( 'NONE', #3887, 39.37007874015748854 ) ;
#3097 = SURFACE_SIDE_STYLE ('',( #5802 ) ) ;
#3098 = UNCERTAINTY_MEASURE_WITH_UNIT (LENGTH_MEASURE( 1.000000000000000082E-05 ), #1628, 'distance_accuracy_value', 'NONE');
#3099 = FILL_AREA_STYLE ('',( #10119 ) ) ;
#3100 = VERTEX_POINT ( 'NONE', #4677 ) ;
#3101 = DIRECTION ( 'NONE',  ( 1.817990202823693835E-15, 0.0000000000000000000, -1.000000000000000000 ) ) ;
#3102 = VECTOR ( 'NONE', #5016, 39.37007874015748143 ) ;
#3103 = AXIS2_PLACEMENT_3D ( 'NONE', #7151, #3575, #6359 ) ;
#3104 =( NAMED_UNIT ( * ) PLANE_ANGLE_UNIT ( ) SI_UNIT ( $, .RADIAN. ) );
#3105 = DIRECTION ( 'NONE',  ( 1.000000000000000000, 1.644517855225996559E-15, 1.817990202823693835E-15 ) ) ;
#3106 = DIRECTION ( 'NONE',  ( 1.817990202823693835E-15, 0.0000000000000000000, -1.000000000000000000 ) ) ;
#3107 = ORIENTED_EDGE ( 'NONE', *, *, #6566, .T. ) ;
#3108 = ADVANCED_FACE ( 'NONE', ( #3752 ), #10730, .T. ) ;
#3109 = VECTOR ( 'NONE', #3106, 39.37007874015748143 ) ;
#3110 = ORIENTED_EDGE ( 'NONE', *, *, #5619, .F. ) ;
#3111 = ORIENTED_EDGE ( 'NONE', *, *, #5265, .T. ) ;
#3112 = DIRECTION ( 'NONE',  ( -1.000000000000000000, -1.644517855225996559E-15, -1.817990202823693835E-15 ) ) ;
#3113 = PRESENTATION_LAYER_ASSIGNMENT (  '', '', ( #2180 ) ) ;
#3114 = ORIENTED_EDGE ( 'NONE', *, *, #271, .T. ) ;
#3115 = FILL_AREA_STYLE_COLOUR ( '', #4724 ) ;
#3116 = CARTESIAN_POINT ( 'NONE',  ( 0.5197082840997430120, 0.05905511811023587965, -0.2104330708661437122 ) ) ;
#3117 = PLANE ( 'NONE',  #446 ) ;
#3118 = LINE ( 'NONE', #10199, #3374 ) ;
#3119 = ORIENTED_EDGE ( 'NONE', *, *, #3949, .T. ) ;
#3120 = SURFACE_SIDE_STYLE ('',( #503 ) ) ;
#3121 = DIMENSIONAL_EXPONENTS ( 1.000000000000000000, 0.0000000000000000000, 0.0000000000000000000, 0.0000000000000000000, 0.0000000000000000000, 0.0000000000000000000, 0.0000000000000000000 ) ;
#3122 = EDGE_CURVE ( 'NONE', #6986, #1849, #5540, .T. ) ;
#3123 = AXIS2_PLACEMENT_3D ( 'NONE', #168, #6067, #3698 ) ;
#3124 = ORIENTED_EDGE ( 'NONE', *, *, #7611, .F. ) ;
#3125 = CARTESIAN_POINT ( 'NONE',  ( 0.4872047244094427909, 0.1535433070866137617, 0.03759842519684838957 ) ) ;
#3126 = LINE ( 'NONE', #5453, #9068 ) ;
#3127 = DIRECTION ( 'NONE',  ( 1.000000000000000000, 1.644517855225996559E-15, 1.817990202823693835E-15 ) ) ;
#3128 = SURFACE_SIDE_STYLE ('',( #7525 ) ) ;
#3129 =( LENGTH_UNIT ( ) NAMED_UNIT ( * ) SI_UNIT ( $, .METRE. ) );
#3130 = LINE ( 'NONE', #10268, #6875 ) ;
#3131 = ORIENTED_EDGE ( 'NONE', *, *, #690, .T. ) ;
#3132 = FACE_OUTER_BOUND ( 'NONE', #10700, .T. ) ;
#3133 = CARTESIAN_POINT ( 'NONE',  ( 0.5142056617061289137, 0.06990336523983428640, -0.2261811023622067873 ) ) ;
#3134 = ORIENTED_EDGE ( 'NONE', *, *, #5743, .T. ) ;
#3135 = CARTESIAN_POINT ( 'NONE',  ( 0.5442913385826716466, 0.06614173228346426070, -0.06043307086614363444 ) ) ;
#3136 = FILL_AREA_STYLE ('',( #4010 ) ) ;
#3137 = VECTOR ( 'NONE', #6156, 39.37007874015747433 ) ;
#3138 = DIRECTION ( 'NONE',  ( -0.9317773919853026277, 0.3630301527215991642, -2.891205793294675467E-15 ) ) ;
#3139 =( NAMED_UNIT ( * ) PLANE_ANGLE_UNIT ( ) SI_UNIT ( $, .RADIAN. ) );
#3140 =( NAMED_UNIT ( * ) SI_UNIT ( $, .STERADIAN. ) SOLID_ANGLE_UNIT ( ) );
#3141 = FILL_AREA_STYLE_COLOUR ( '', #3572 ) ;
#3142 = DIRECTION ( 'NONE',  ( -1.154489273450654979E-15, 0.9701425001453140018, -0.2425356250364040234 ) ) ;
#3143 = SURFACE_SIDE_STYLE ('',( #11154 ) ) ;
#3144 = ORIENTED_EDGE ( 'NONE', *, *, #10534, .T. ) ;
#3145 = ADVANCED_FACE ( 'NONE', ( #4509 ), #2777, .T. ) ;
#3146 = VECTOR ( 'NONE', #791, 39.37007874015748143 ) ;
#3147 = DIRECTION ( 'NONE',  ( 0.9317773919853027387, -0.3630301527215988866, 1.971276677246371124E-15 ) ) ;
#3148 = DIRECTION ( 'NONE',  ( -1.817990202823693835E-15, 0.0000000000000000000, 1.000000000000000000 ) ) ;
#3149 = ORIENTED_EDGE ( 'NONE', *, *, #6914, .F. ) ;
#3150 =( NAMED_UNIT ( * ) SI_UNIT ( $, .STERADIAN. ) SOLID_ANGLE_UNIT ( ) );
#3151 = VERTEX_POINT ( 'NONE', #2716 ) ;
#3152 = CARTESIAN_POINT ( 'NONE',  ( 0.4957861071419626398, 0.09645669291338543339, -0.02618110236220680051 ) ) ;
#3153 = AXIS2_PLACEMENT_3D ( 'NONE', #3877, #4684, #383 ) ;
#3154 = FILL_AREA_STYLE_COLOUR ( '', #3381 ) ;
#3155 = DIRECTION ( 'NONE',  ( 1.817990202823693835E-15, -3.503246160812042677E-46, -1.000000000000000000 ) ) ;
#3156 = EDGE_CURVE ( 'NONE', #6015, #647, #54, .T. ) ;
#3157 = ORIENTED_EDGE ( 'NONE', *, *, #4489, .F. ) ;
#3158 =( LENGTH_UNIT ( ) NAMED_UNIT ( * ) SI_UNIT ( $, .METRE. ) );
#3159 = DIRECTION ( 'NONE',  ( -0.5643446851342095449, 0.8255392639728106330, -1.445602896647339508E-15 ) ) ;
#3160 = DIRECTION ( 'NONE',  ( -2.036344053754329794E-15, 0.9701425001453376495, 0.2425356250363099597 ) ) ;
#3161 = EDGE_CURVE ( 'NONE', #10925, #11368, #2886, .T. ) ;
#3162 =( NAMED_UNIT ( * ) SI_UNIT ( $, .STERADIAN. ) SOLID_ANGLE_UNIT ( ) );
#3163 = CARTESIAN_POINT ( 'NONE',  ( 0.3186023622047189363, 0.1476377952755898726, -0.1375984251968526972 ) ) ;
#3164 = EDGE_LOOP ( 'NONE', ( #9030, #3166, #3443, #10358, #7964, #6177 ) ) ;
#3165 = VECTOR ( 'NONE', #8297, 39.37007874015748143 ) ;
#3166 = ORIENTED_EDGE ( 'NONE', *, *, #5856, .F. ) ;
#3167 = PLANE ( 'NONE',  #6595 ) ;
#3168 = EDGE_LOOP ( 'NONE', ( #11176, #8253, #4137, #1392 ) ) ;
#3169 = SURFACE_SIDE_STYLE ('',( #10009 ) ) ;
#3170 = LINE ( 'NONE', #8543, #6826 ) ;
#3171 = EDGE_CURVE ( 'NONE', #983, #5917, #5309, .T. ) ;
#3172 = CIRCLE ( 'NONE', #8332, 0.01181102362204724220 ) ;
#3173 = CARTESIAN_POINT ( 'NONE',  ( 0.4058070866141672561, 0.1279527559055112784, -0.003937007874017909442 ) ) ;
#3174 = FILL_AREA_STYLE ('',( #9546 ) ) ;
#3175 = EDGE_LOOP ( 'NONE', ( #10174, #431, #809, #1 ) ) ;
#3176 = DIRECTION ( 'NONE',  ( -1.000000000000000000, -1.644517855225996559E-15, -1.817990202823693835E-15 ) ) ;
#3177 = LINE ( 'NONE', #10320, #5874 ) ;
#3178 = VERTEX_POINT ( 'NONE', #105 ) ;
#3179 = PRESENTATION_LAYER_ASSIGNMENT (  '', '', ( #5581 ) ) ;
#3180 = DIRECTION ( 'NONE',  ( 1.817990202823693835E-15, -3.503246160812042677E-46, -1.000000000000000000 ) ) ;
#3181 = UNCERTAINTY_MEASURE_WITH_UNIT (LENGTH_MEASURE( 1.000000000000000082E-05 ), #10783, 'distance_accuracy_value', 'NONE');
#3182 = FACE_OUTER_BOUND ( 'NONE', #7291, .T. ) ;
#3183 = CARTESIAN_POINT ( 'NONE',  ( 0.3186023622047194359, 0.1476377952755898726, -0.2490157480314983962 ) ) ;
#3184 = SURFACE_STYLE_FILL_AREA ( #11256 ) ;
#3185 =( NAMED_UNIT ( * ) PLANE_ANGLE_UNIT ( ) SI_UNIT ( $, .RADIAN. ) );
#3186 = LINE ( 'NONE', #3947, #2060 ) ;
#3187 = AXIS2_PLACEMENT_3D ( 'NONE', #3534, #7059, #4526 ) ;
#3188 = VERTEX_POINT ( 'NONE', #5365 ) ;
#3189 = AXIS2_PLACEMENT_3D ( 'NONE', #1780, #1725, #5238 ) ;
#3190 =( CONVERSION_BASED_UNIT ( 'INCH', #1271 ) LENGTH_UNIT ( ) NAMED_UNIT ( #2857 ) );
#3191 =( NAMED_UNIT ( * ) PLANE_ANGLE_UNIT ( ) SI_UNIT ( $, .RADIAN. ) );
#3192 = CARTESIAN_POINT ( 'NONE',  ( 0.2660249164800728705, 0.08464566929133782169, -0.02618110236220720990 ) ) ;
#3194 = DIRECTION ( 'NONE',  ( 1.817990202823693835E-15, 0.0000000000000000000, -1.000000000000000000 ) ) ;
#3193 = PRESENTATION_LAYER_ASSIGNMENT (  '', '', ( #7245 ) ) ;
#3195 = LENGTH_MEASURE_WITH_UNIT ( LENGTH_MEASURE( 0.02539999999999999897 ), #5961 );
#3196 = DIMENSIONAL_EXPONENTS ( 1.000000000000000000, 0.0000000000000000000, 0.0000000000000000000, 0.0000000000000000000, 0.0000000000000000000, 0.0000000000000000000, 0.0000000000000000000 ) ;
#3197 =( GEOMETRIC_REPRESENTATION_CONTEXT ( 3 ) GLOBAL_UNCERTAINTY_ASSIGNED_CONTEXT ( ( #4227 ) ) GLOBAL_UNIT_ASSIGNED_CONTEXT ( ( #8600, #11465, #602 ) ) REPRESENTATION_CONTEXT ( 'NONE', 'WORKASPACE' ) );
#3198 = UNCERTAINTY_MEASURE_WITH_UNIT (LENGTH_MEASURE( 1.000000000000000082E-05 ), #4105, 'distance_accuracy_value', 'NONE');
#3199 = SURFACE_SIDE_STYLE ('',( #8690 ) ) ;
#3200 = CARTESIAN_POINT ( 'NONE',  ( 0.5442913385826723127, 0.06614173228346426070, -0.2761811023622067207 ) ) ;
#3201 = CARTESIAN_POINT ( 'NONE',  ( 0.4432086614173177397, 0.1476377952755900669, -0.2375984251968525085 ) ) ;
#3202 = ORIENTED_EDGE ( 'NONE', *, *, #7675, .T. ) ;
#3203 = DIRECTION ( 'NONE',  ( 1.817990202823693835E-15, -3.503246160812042677E-46, -1.000000000000000000 ) ) ;
#3204 = ORIENTED_EDGE ( 'NONE', *, *, #4274, .F. ) ;
#3205 = FILL_AREA_STYLE_COLOUR ( '', #8608 ) ;
#3206 = ORIENTED_EDGE ( 'NONE', *, *, #3946, .F. ) ;
#3207 = CARTESIAN_POINT ( 'NONE',  ( 0.4432086614173172956, 0.1535433070866137062, -0.1375984251968525029 ) ) ;
#3208 = EDGE_CURVE ( 'NONE', #1389, #164, #7266, .T. ) ;
#3209 =( CONVERSION_BASED_UNIT ( 'INCH', #9357 ) LENGTH_UNIT ( ) NAMED_UNIT ( #5769 ) );
#3210 = UNCERTAINTY_MEASURE_WITH_UNIT (LENGTH_MEASURE( 1.000000000000000082E-05 ), #1011, 'distance_accuracy_value', 'NONE');
#3211 = LINE ( 'NONE', #4880, #5593 ) ;
#3212 = ORIENTED_EDGE ( 'NONE', *, *, #7538, .F. ) ;
#3213 =( NAMED_UNIT ( * ) PLANE_ANGLE_UNIT ( ) SI_UNIT ( $, .RADIAN. ) );
#3214 = DIRECTION ( 'NONE',  ( -1.817990202823693835E-15, 3.503246160812042677E-46, 1.000000000000000000 ) ) ;
#3215 = LINE ( 'NONE', #2348, #7279 ) ;
#3216 =( CONVERSION_BASED_UNIT ( 'INCH', #11173 ) LENGTH_UNIT ( ) NAMED_UNIT ( #3629 ) );
#3217 =( GEOMETRIC_REPRESENTATION_CONTEXT ( 3 ) GLOBAL_UNCERTAINTY_ASSIGNED_CONTEXT ( ( #6082 ) ) GLOBAL_UNIT_ASSIGNED_CONTEXT ( ( #2821, #9080, #5807 ) ) REPRESENTATION_CONTEXT ( 'NONE', 'WORKASPACE' ) );
#3218 = DIRECTION ( 'NONE',  ( 1.519684859950636582E-14, 0.9701425001453376495, 0.2425356250363099597 ) ) ;
#3219 = ORIENTED_EDGE ( 'NONE', *, *, #5636, .T. ) ;
#3220 = ORIENTED_EDGE ( 'NONE', *, *, #6715, .F. ) ;
#3221 = EDGE_CURVE ( 'NONE', #8203, #8911, #9031, .T. ) ;
#3222 = LENGTH_MEASURE_WITH_UNIT ( LENGTH_MEASURE( 0.02539999999999999897 ), #4735 );
#3223 = VERTEX_POINT ( 'NONE', #4563 ) ;
#3224 = EDGE_CURVE ( 'NONE', #9877, #4961, #9839, .T. ) ;
#3225 =( LENGTH_UNIT ( ) NAMED_UNIT ( * ) SI_UNIT ( $, .METRE. ) );
#3226 = ADVANCED_FACE ( 'NONE', ( #1899 ), #2012, .T. ) ;
#3227 = FILL_AREA_STYLE_COLOUR ( '', #8289 ) ;
#3228 = FACE_OUTER_BOUND ( 'NONE', #3718, .T. ) ;
#3229 = DIRECTION ( 'NONE',  ( -1.817990202823693835E-15, 0.0000000000000000000, 1.000000000000000000 ) ) ;
#3230 = DIRECTION ( 'NONE',  ( -2.891205793294679411E-15, 1.000000000000000000, 0.0000000000000000000 ) ) ;
#3231 = DIRECTION ( 'NONE',  ( -1.000000000000000000, -1.644517855225996559E-15, -1.817990202823693835E-15 ) ) ;
#3232 = CARTESIAN_POINT ( 'NONE',  ( 0.3809055118110178939, 0.1476377952755899559, -0.08759842519685263895 ) ) ;
#3233 = VERTEX_POINT ( 'NONE', #961 ) ;
#3234 = LINE ( 'NONE', #3557, #7674 ) ;
#3235 = EDGE_CURVE ( 'NONE', #8760, #3233, #9086, .T. ) ;
#3236 = ORIENTED_EDGE ( 'NONE', *, *, #2034, .T. ) ;
#3237 = SURFACE_STYLE_USAGE ( .BOTH. , #7689 ) ;
#3238 = EDGE_CURVE ( 'NONE', #7831, #11228, #10672, .T. ) ;
#3239 = DIRECTION ( 'NONE',  ( 1.000000000000000000, 1.644517855225996559E-15, 1.817990202823693835E-15 ) ) ;
#3240 = SURFACE_STYLE_USAGE ( .BOTH. , #4057 ) ;
#3241 = LINE ( 'NONE', #3183, #6098 ) ;
#3242 = VECTOR ( 'NONE', #7588, 39.37007874015748143 ) ;
#3243 = DIRECTION ( 'NONE',  ( 0.9317773919853016285, 0.3630301527216017177, 2.628368902995158081E-15 ) ) ;
#3244 =( CONVERSION_BASED_UNIT ( 'INCH', #10328 ) LENGTH_UNIT ( ) NAMED_UNIT ( #462 ) );
#3245 = DIRECTION ( 'NONE',  ( -1.817990202823693835E-15, 0.0000000000000000000, 1.000000000000000000 ) ) ;
#3246 = COLOUR_RGB ( '',0.7607843137254901578, 0.7607843137254901578, 0.0000000000000000000 ) ;
#3247 = ORIENTED_EDGE ( 'NONE', *, *, #4374, .F. ) ;
#3248 = SURFACE_STYLE_FILL_AREA ( #5786 ) ;
#3249 = ADVANCED_FACE ( 'NONE', ( #6243 ), #8138, .F. ) ;
#3250 = PRESENTATION_STYLE_ASSIGNMENT (( #1338 ) ) ;
#3251 = VECTOR ( 'NONE', #3616, 39.37007874015748143 ) ;
#3252 = DIRECTION ( 'NONE',  ( 0.3630301527215994972, 0.9317773919853026277, 6.599852609774574981E-16 ) ) ;
#3253 = CIRCLE ( 'NONE', #297, 0.01181102362204724046 ) ;
#3254 = COLOUR_RGB ( '',0.7607843137254901578, 0.7607843137254901578, 0.0000000000000000000 ) ;
#3255 = SURFACE_STYLE_FILL_AREA ( #2383 ) ;
#3256 = DIRECTION ( 'NONE',  ( 1.817990202823693835E-15, 0.0000000000000000000, -1.000000000000000000 ) ) ;
#3257 = DIRECTION ( 'NONE',  ( -1.000000000000000000, -1.644517855225996559E-15, -1.817990202823693835E-15 ) ) ;
#3258 =( LENGTH_UNIT ( ) NAMED_UNIT ( * ) SI_UNIT ( $, .METRE. ) );
#3259 = CARTESIAN_POINT ( 'NONE',  ( 0.3186023622047184922, 0.1535433070866134841, -0.03759842519685268475 ) ) ;
#3260 = AXIS2_PLACEMENT_3D ( 'NONE', #4649, #6383, #8051 ) ;
#3261 = LENGTH_MEASURE_WITH_UNIT ( LENGTH_MEASURE( 0.02539999999999999897 ), #3366 );
#3262 = VERTEX_POINT ( 'NONE', #9138 ) ;
#3263 = MECHANICAL_DESIGN_GEOMETRIC_PRESENTATION_REPRESENTATION (  '', ( #11222 ), #4368 ) ;
#3264 = PLANE ( 'NONE',  #8235 ) ;
#3265 = VECTOR ( 'NONE', #10077, 39.37007874015748143 ) ;
#3266 = ORIENTED_EDGE ( 'NONE', *, *, #5346, .T. ) ;
#3267 = VERTEX_POINT ( 'NONE', #8305 ) ;
#3268 = VECTOR ( 'NONE', #5733, 39.37007874015748143 ) ;
#3269 = CARTESIAN_POINT ( 'NONE',  ( 0.2476053619159077901, 0.06990336523983385619, -0.07618110236220720921 ) ) ;
#3270 =( LENGTH_UNIT ( ) NAMED_UNIT ( * ) SI_UNIT ( $, .METRE. ) );
#3271 = CARTESIAN_POINT ( 'NONE',  ( 0.4058070866141672561, 0.1240157480314955235, -0.004921259842521875059 ) ) ;
#3272 = ORIENTED_EDGE ( 'NONE', *, *, #5007, .T. ) ;
#3273 = PLANE ( 'NONE',  #6854 ) ;
#3274 = CARTESIAN_POINT ( 'NONE',  ( 0.4957861071419630283, 0.08937007874015708009, -0.1261811023622068095 ) ) ;
#3275 = DIMENSIONAL_EXPONENTS ( 1.000000000000000000, 0.0000000000000000000, 0.0000000000000000000, 0.0000000000000000000, 0.0000000000000000000, 0.0000000000000000000, 0.0000000000000000000 ) ;
#3276 = SURFACE_STYLE_USAGE ( .BOTH. , #1362 ) ;
#3277 = AXIS2_PLACEMENT_3D ( 'NONE', #6018, #10392, #6888 ) ;
#3278 = LINE ( 'NONE', #3977, #9961 ) ;
#3279 = ORIENTED_EDGE ( 'NONE', *, *, #3709, .F. ) ;
#3280 = VERTEX_POINT ( 'NONE', #8481 ) ;
#3282 = SURFACE_STYLE_FILL_AREA ( #10066 ) ;
#3281 = CIRCLE ( 'NONE', #10523, 0.01299212598425198914 ) ;
#3283 = VERTEX_POINT ( 'NONE', #2233 ) ;
#3284 = CARTESIAN_POINT ( 'NONE',  ( 0.5076025148337941495, 0.06733071061424766857, -0.1761811023622067429 ) ) ;
#3285 = STYLED_ITEM ( 'NONE', ( #2256 ), #543 ) ;
#3286 = SURFACE_STYLE_USAGE ( .BOTH. , #9488 ) ;
#3287 = SURFACE_SIDE_STYLE ('',( #10431 ) ) ;
#3288 = EDGE_CURVE ( 'NONE', #7116, #6074, #1249, .T. ) ;
#3289 = COLOUR_RGB ( '',0.7607843137254901578, 0.7607843137254901578, 0.0000000000000000000 ) ;
#3290 = ORIENTED_EDGE ( 'NONE', *, *, #5512, .F. ) ;
#3291 = EDGE_CURVE ( 'NONE', #8389, #8370, #7617, .T. ) ;
#3292 = EDGE_CURVE ( 'NONE', #10542, #6708, #3920, .T. ) ;
#3293 = ORIENTED_EDGE ( 'NONE', *, *, #2876, .T. ) ;
#3294 = LINE ( 'NONE', #7848, #2927 ) ;
#3295 = ORIENTED_EDGE ( 'NONE', *, *, #245, .F. ) ;
#3296 = VECTOR ( 'NONE', #10098, 39.37007874015748143 ) ;
#3297 = ADVANCED_FACE ( 'NONE', ( #2176 ), #3167, .T. ) ;
#3298 = UNCERTAINTY_MEASURE_WITH_UNIT (LENGTH_MEASURE( 1.000000000000000082E-05 ), #4256, 'distance_accuracy_value', 'NONE');
#3299 = DIRECTION ( 'NONE',  ( 1.000000000000000000, 1.644517855225996559E-15, 1.817990202823693835E-15 ) ) ;
#3300 = PRESENTATION_STYLE_ASSIGNMENT (( #1451 ) ) ;
#3301 = CARTESIAN_POINT ( 'NONE',  ( 0.5197082840997427899, 0.05905511811023587965, -0.1761811023622067429 ) ) ;
#3302 = EDGE_CURVE ( 'NONE', #9769, #4815, #4891, .T. ) ;
#3303 = ORIENTED_EDGE ( 'NONE', *, *, #1172, .F. ) ;
#3304 = EDGE_CURVE ( 'NONE', #10698, #4216, #1788, .T. ) ;
#3305 = VECTOR ( 'NONE', #1732, 39.37007874015748143 ) ;
#3306 = SURFACE_SIDE_STYLE ('',( #8802 ) ) ;
#3307 = DIRECTION ( 'NONE',  ( -1.817990202823693835E-15, 0.0000000000000000000, 1.000000000000000000 ) ) ;
#3308 = DIRECTION ( 'NONE',  ( 1.817990202823693835E-15, -3.503246160812042677E-46, -1.000000000000000000 ) ) ;
#3309 = CARTESIAN_POINT ( 'NONE',  ( 0.2746062992125935520, 0.09645669291338507256, -0.2604330708661442007 ) ) ;
#3310 = STYLED_ITEM ( 'NONE', ( #435 ), #5059 ) ;
#3311 = LINE ( 'NONE', #3970, #11061 ) ;
#3312 = EDGE_CURVE ( 'NONE', #8479, #51, #5813, .T. ) ;
#3313 = LINE ( 'NONE', #8336, #6501 ) ;
#3314 = EDGE_LOOP ( 'NONE', ( #2009, #10853, #3685, #2541 ) ) ;
#3315 = DIRECTION ( 'NONE',  ( -0.5643446851342101001, -0.8255392639728102999, -1.084202172485500292E-15 ) ) ;
#3316 = ORIENTED_EDGE ( 'NONE', *, *, #533, .T. ) ;
#3317 = AXIS2_PLACEMENT_3D ( 'NONE', #4879, #3155, #11164 ) ;
#3318 = EDGE_LOOP ( 'NONE', ( #9627, #2422, #5537, #5244 ) ) ;
#3319 = LINE ( 'NONE', #1592, #9634 ) ;
#3320 = DIRECTION ( 'NONE',  ( 1.817990202823693835E-15, 0.0000000000000000000, -1.000000000000000000 ) ) ;
#3321 = LINE ( 'NONE', #9473, #7755 ) ;
#3322 = PRESENTATION_STYLE_ASSIGNMENT (( #5871 ) ) ;
#3323 =( GEOMETRIC_REPRESENTATION_CONTEXT ( 3 ) GLOBAL_UNCERTAINTY_ASSIGNED_CONTEXT ( ( #2720 ) ) GLOBAL_UNIT_ASSIGNED_CONTEXT ( ( #7049, #6186, #912 ) ) REPRESENTATION_CONTEXT ( 'NONE', 'WORKASPACE' ) );
#3324 = EDGE_LOOP ( 'NONE', ( #4142, #1601, #8502, #2662 ) ) ;
#3325 = LENGTH_MEASURE_WITH_UNIT ( LENGTH_MEASURE( 0.02539999999999999897 ), #9362 );
#3326 = CARTESIAN_POINT ( 'NONE',  ( 0.2175196850393652515, 0.05905511811023538005, -0.2604330708661442562 ) ) ;
#3327 = LINE ( 'NONE', #9479, #9215 ) ;
#3328 = ORIENTED_EDGE ( 'NONE', *, *, #1184, .F. ) ;
#3329 = EDGE_LOOP ( 'NONE', ( #2307, #11025, #10004, #4967 ) ) ;
#3330 = MECHANICAL_DESIGN_GEOMETRIC_PRESENTATION_REPRESENTATION (  '', ( #8894 ), #6297 ) ;
#3331 = ORIENTED_EDGE ( 'NONE', *, *, #4832, .F. ) ;
#3332 = FILL_AREA_STYLE ('',( #5992 ) ) ;
#3333 = DIRECTION ( 'NONE',  ( 1.644517855225996559E-15, -1.000000000000000000, 2.970554346222871178E-30 ) ) ;
#3334 = CARTESIAN_POINT ( 'NONE',  ( 0.4058070866141672561, 0.1448818897637632330, -0.03129921259842740472 ) ) ;
#3335 = SURFACE_STYLE_FILL_AREA ( #8664 ) ;
#3336 = DIRECTION ( 'NONE',  ( 1.644517855225996559E-15, -1.000000000000000000, 2.970554346222871178E-30 ) ) ;
#3337 =( GEOMETRIC_REPRESENTATION_CONTEXT ( 3 ) GLOBAL_UNCERTAINTY_ASSIGNED_CONTEXT ( ( #3998 ) ) GLOBAL_UNIT_ASSIGNED_CONTEXT ( ( #4087, #3213, #707 ) ) REPRESENTATION_CONTEXT ( 'NONE', 'WORKASPACE' ) );
#3338 = FACE_OUTER_BOUND ( 'NONE', #493, .T. ) ;
#3339 = ORIENTED_EDGE ( 'NONE', *, *, #6200, .T. ) ;
#3340 = ORIENTED_EDGE ( 'NONE', *, *, #5278, .F. ) ;
#3341 = ORIENTED_EDGE ( 'NONE', *, *, #7951, .F. ) ;
#3342 = DIMENSIONAL_EXPONENTS ( 1.000000000000000000, 0.0000000000000000000, 0.0000000000000000000, 0.0000000000000000000, 0.0000000000000000000, 0.0000000000000000000, 0.0000000000000000000 ) ;
#3343 = DIRECTION ( 'NONE',  ( 1.817990202823693835E-15, 0.0000000000000000000, -1.000000000000000000 ) ) ;
#3344 = ORIENTED_EDGE ( 'NONE', *, *, #2903, .T. ) ;
#3345 =( CONVERSION_BASED_UNIT ( 'INCH', #5083 ) LENGTH_UNIT ( ) NAMED_UNIT ( #6463 ) );
#3346 = AXIS2_PLACEMENT_3D ( 'NONE', #252, #3785, #9119 ) ;
#3347 = DIRECTION ( 'NONE',  ( -1.817990202823693835E-15, 0.0000000000000000000, 1.000000000000000000 ) ) ;
#3348 = ADVANCED_FACE ( 'NONE', ( #11177 ), #3871, .T. ) ;
#3349 = CARTESIAN_POINT ( 'NONE',  ( 0.4957861071419626398, 0.09645669291338543339, -0.01043307086614376697 ) ) ;
#3350 = EDGE_CURVE ( 'NONE', #6989, #8356, #4145, .T. ) ;
#3351 = CARTESIAN_POINT ( 'NONE',  ( 0.4058070866141672006, 0.1240157480314955235, 0.1080708661417300737 ) ) ;
#3352 = FILL_AREA_STYLE_COLOUR ( '', #4837 ) ;
#3353 = ORIENTED_EDGE ( 'NONE', *, *, #2874, .T. ) ;
#3354 = AXIS2_PLACEMENT_3D ( 'NONE', #6895, #4353, #5098 ) ;
#3355 = DIRECTION ( 'NONE',  ( 1.817990202823693835E-15, 0.0000000000000000000, -1.000000000000000000 ) ) ;
#3356 = CARTESIAN_POINT ( 'NONE',  ( 0.4058070866141676447, 0.1240157480314955235, -0.1049212598425219023 ) ) ;
#3357 = VECTOR ( 'NONE', #6735, 39.37007874015748143 ) ;
#3358 = LINE ( 'NONE', #8628, #5300 ) ;
#3359 = CARTESIAN_POINT ( 'NONE',  ( 0.3186023622047189918, 0.1535433070866134841, -0.1490157480314983629 ) ) ;
#3360 = EDGE_CURVE ( 'NONE', #8313, #7767, #4207, .T. ) ;
#3361 = EDGE_CURVE ( 'NONE', #3637, #9427, #11232, .T. ) ;
#3362 = AXIS2_PLACEMENT_3D ( 'NONE', #2823, #9887, #1956 ) ;
#3363 = CARTESIAN_POINT ( 'NONE',  ( 0.2746062992125931634, 0.08937007874015673314, -0.1604330708661441673 ) ) ;
#3364 = DIRECTION ( 'NONE',  ( 1.817990202823693835E-15, 0.0000000000000000000, -1.000000000000000000 ) ) ;
#3365 = LINE ( 'NONE', #8693, #9835 ) ;
#3366 =( LENGTH_UNIT ( ) NAMED_UNIT ( * ) SI_UNIT ( $, .METRE. ) );
#3367 = EDGE_LOOP ( 'NONE', ( #6626, #10365, #10403, #5391 ) ) ;
#3368 = DIRECTION ( 'NONE',  ( -1.000000000000000000, -1.644517855225996559E-15, -1.817990202823693835E-15 ) ) ;
#3369 = LINE ( 'NONE', #7066, #6181 ) ;
#3370 = VERTEX_POINT ( 'NONE', #10479 ) ;
#3371 = LINE ( 'NONE', #4251, #10102 ) ;
#3372 = VECTOR ( 'NONE', #2496, 39.37007874015748143 ) ;
#3373 = ORIENTED_EDGE ( 'NONE', *, *, #5856, .T. ) ;
#3374 = VECTOR ( 'NONE', #2245, 39.37007874015748143 ) ;
#3375 = EDGE_CURVE ( 'NONE', #2411, #9277, #5845, .T. ) ;
#3376 = LINE ( 'NONE', #5223, #7788 ) ;
#3377 = EDGE_CURVE ( 'NONE', #2447, #670, #3450, .T. ) ;
#3378 = CARTESIAN_POINT ( 'NONE',  ( 0.3186023622047195469, 0.1476377952755898726, -0.2875984251968527472 ) ) ;
#3379 = CARTESIAN_POINT ( 'NONE',  ( 0.2660249164800735922, 0.08464566929133782169, -0.2393149606299237175 ) ) ;
#3380 = CARTESIAN_POINT ( 'NONE',  ( 0.3812007874015697073, 0.1448818897637632053, -0.2301181102362227504 ) ) ;
#3381 = COLOUR_RGB ( '',0.7607843137254901578, 0.7607843137254901578, 0.0000000000000000000 ) ;
#3382 = DIRECTION ( 'NONE',  ( 1.000000000000000000, 1.644517855225996559E-15, 1.817990202823693835E-15 ) ) ;
#3383 = ORIENTED_EDGE ( 'NONE', *, *, #3873, .T. ) ;
#3384 = ORIENTED_EDGE ( 'NONE', *, *, #3291, .T. ) ;
#3385 = EDGE_CURVE ( 'NONE', #11178, #6285, #1492, .T. ) ;
#3386 = DIRECTION ( 'NONE',  ( -1.644517855225997348E-15, 1.000000000000000000, -2.970554346222872930E-30 ) ) ;
#3387 = ORIENTED_EDGE ( 'NONE', *, *, #10046, .F. ) ;
#3388 =( GEOMETRIC_REPRESENTATION_CONTEXT ( 3 ) GLOBAL_UNCERTAINTY_ASSIGNED_CONTEXT ( ( #3298 ) ) GLOBAL_UNIT_ASSIGNED_CONTEXT ( ( #4256, #8706, #10468 ) ) REPRESENTATION_CONTEXT ( 'NONE', 'WORKASPACE' ) );
#3389 = CARTESIAN_POINT ( 'NONE',  ( 0.4073818897637745962, 0.1240157480314798000, -0.2553149606299234819 ) ) ;
#3390 = LINE ( 'NONE', #1660, #4427 ) ;
#3391 = DIRECTION ( 'NONE',  ( -2.891205793294679411E-15, 1.000000000000000000, 0.0000000000000000000 ) ) ;
#3392 = CARTESIAN_POINT ( 'NONE',  ( 0.3821850393700731985, 0.1448818897637632053, -0.1312992125984275005 ) ) ;
#3393 = CYLINDRICAL_SURFACE ( 'NONE', #10297, 0.004724409448818893235 ) ;
#3394 = LINE ( 'NONE', #2654, #9487 ) ;
#3395 = AXIS2_PLACEMENT_3D ( 'NONE', #6317, #922, #8992 ) ;
#3396 = ORIENTED_EDGE ( 'NONE', *, *, #10011, .T. ) ;
#3397 = ORIENTED_EDGE ( 'NONE', *, *, #6286, .T. ) ;
#3398 = VERTEX_POINT ( 'NONE', #6865 ) ;
#3399 = LINE ( 'NONE', #9495, #8266 ) ;
#3400 = ORIENTED_EDGE ( 'NONE', *, *, #454, .F. ) ;
#3401 = AXIS2_PLACEMENT_3D ( 'NONE', #2988, #9365, #4039 ) ;
#3402 =( CONVERSION_BASED_UNIT ( 'INCH', #4224 ) LENGTH_UNIT ( ) NAMED_UNIT ( #5568 ) );
#3403 = VECTOR ( 'NONE', #1086, 39.37007874015748143 ) ;
#3404 = LINE ( 'NONE', #6933, #8477 ) ;
#3405 = UNCERTAINTY_MEASURE_WITH_UNIT (LENGTH_MEASURE( 1.000000000000000082E-05 ), #4784, 'distance_accuracy_value', 'NONE');
#3406 =( LENGTH_UNIT ( ) NAMED_UNIT ( * ) SI_UNIT ( $, .METRE. ) );
#3407 = PRESENTATION_STYLE_ASSIGNMENT (( #2781 ) ) ;
#3408 = DIRECTION ( 'NONE',  ( -2.891205793294679411E-15, 1.000000000000000000, 0.0000000000000000000 ) ) ;
#3409 = FACE_OUTER_BOUND ( 'NONE', #9890, .T. ) ;
#3410 = PRESENTATION_LAYER_ASSIGNMENT (  '', '', ( #1939 ) ) ;
#3411 = ORIENTED_EDGE ( 'NONE', *, *, #8093, .T. ) ;
#3412 = DIRECTION ( 'NONE',  ( -1.000000000000000000, -1.644517855225996559E-15, -1.817990202823693835E-15 ) ) ;
#3413 = LINE ( 'NONE', #10508, #4534 ) ;
#3414 =( NAMED_UNIT ( * ) PLANE_ANGLE_UNIT ( ) SI_UNIT ( $, .RADIAN. ) );
#3415 = LINE ( 'NONE', #9620, #4949 ) ;
#3416 = DIRECTION ( 'NONE',  ( 0.5643446851342032167, 0.8255392639728148518, 0.0000000000000000000 ) ) ;
#3417 = DIMENSIONAL_EXPONENTS ( 1.000000000000000000, 0.0000000000000000000, 0.0000000000000000000, 0.0000000000000000000, 0.0000000000000000000, 0.0000000000000000000, 0.0000000000000000000 ) ;
#3418 = STYLED_ITEM ( 'NONE', ( #6996 ), #9753 ) ;
#3419 = FILL_AREA_STYLE_COLOUR ( '', #4318 ) ;
#3420 = ORIENTED_EDGE ( 'NONE', *, *, #10167, .T. ) ;
#3421 = EDGE_CURVE ( 'NONE', #10580, #7244, #9538, .T. ) ;
#3422 = AXIS2_PLACEMENT_3D ( 'NONE', #8892, #2760, #8772 ) ;
#3423 = ORIENTED_EDGE ( 'NONE', *, *, #10243, .F. ) ;
#3424 = EDGE_CURVE ( 'NONE', #9836, #8004, #2468, .T. ) ;
#3425 = PRESENTATION_LAYER_ASSIGNMENT (  '', '', ( #9017 ) ) ;
#3426 = CARTESIAN_POINT ( 'NONE',  ( 0.3821850393700733095, 0.1240157480314797583, -0.1312992125984275005 ) ) ;
#3427 = EDGE_CURVE ( 'NONE', #4054, #11279, #5854, .T. ) ;
#3428 = PRESENTATION_LAYER_ASSIGNMENT (  '', '', ( #463 ) ) ;
#3429 = VERTEX_POINT ( 'NONE', #5125 ) ;
#3430 = DIRECTION ( 'NONE',  ( 1.000000000000000000, 1.644517855225996559E-15, 1.817990202823693835E-15 ) ) ;
#3431 = LINE ( 'NONE', #8525, #9481 ) ;
#3432 = DIRECTION ( 'NONE',  ( 1.817990202823693835E-15, 0.0000000000000000000, -1.000000000000000000 ) ) ;
#3433 = LINE ( 'NONE', #10533, #6159 ) ;
#3434 = AXIS2_PLACEMENT_3D ( 'NONE', #6453, #1166, #7372 ) ;
#3435 = STYLED_ITEM ( 'NONE', ( #5576 ), #10168 ) ;
#3436 = EDGE_CURVE ( 'NONE', #7849, #2912, #11343, .T. ) ;
#3437 =( NAMED_UNIT ( * ) SI_UNIT ( $, .STERADIAN. ) SOLID_ANGLE_UNIT ( ) );
#3438 = ORIENTED_EDGE ( 'NONE', *, *, #102, .F. ) ;
#3439 = EDGE_CURVE ( 'NONE', #2997, #7699, #6917, .T. ) ;
#3440 = LINE ( 'NONE', #2365, #3251 ) ;
#3441 = ORIENTED_EDGE ( 'NONE', *, *, #7611, .T. ) ;
#3442 = CARTESIAN_POINT ( 'NONE',  ( 0.2746062992125929969, 0.08937007874015673314, -0.1104330708661441784 ) ) ;
#3443 = ORIENTED_EDGE ( 'NONE', *, *, #4846, .F. ) ;
#3444 = VECTOR ( 'NONE', #6145, 39.37007874015748143 ) ;
#3445 = SURFACE_SIDE_STYLE ('',( #9432 ) ) ;
#3446 = CYLINDRICAL_SURFACE ( 'NONE', #3688, 0.01181102362204724046 ) ;
#3447 = CARTESIAN_POINT ( 'NONE',  ( 0.5067913519291878943, 0.08893342700064806039, -0.2104330708661437122 ) ) ;
#3448 = DIRECTION ( 'NONE',  ( 1.000000000000000000, 1.644517855225996559E-15, 1.817990202823693835E-15 ) ) ;
#3449 = VECTOR ( 'NONE', #9742, 39.37007874015748143 ) ;
#3450 = CIRCLE ( 'NONE', #4018, 0.01181102362204725087 ) ;
#3451 = PRESENTATION_STYLE_ASSIGNMENT (( #11408 ) ) ;
#3452 = DIRECTION ( 'NONE',  ( -1.000000000000000000, -1.644517855225996559E-15, -1.817990202823693835E-15 ) ) ;
#3453 = EDGE_CURVE ( 'NONE', #2161, #5566, #6048, .T. ) ;
#3454 = PRESENTATION_LAYER_ASSIGNMENT (  '', '', ( #8439 ) ) ;
#3455 =( LENGTH_UNIT ( ) NAMED_UNIT ( * ) SI_UNIT ( $, .METRE. ) );
#3456 = ORIENTED_EDGE ( 'NONE', *, *, #8292, .F. ) ;
#3457 = PRESENTATION_LAYER_ASSIGNMENT (  '', '', ( #6231 ) ) ;
#3458 = ORIENTED_EDGE ( 'NONE', *, *, #1742, .T. ) ;
#3459 = ORIENTED_EDGE ( 'NONE', *, *, #10092, .T. ) ;
#3460 = LINE ( 'NONE', #10553, #504 ) ;
#3461 = EDGE_LOOP ( 'NONE', ( #6713, #8077, #2825, #8896, #7716, #8907 ) ) ;
#3462 = CIRCLE ( 'NONE', #4579, 0.01181102362204724220 ) ;
#3463 = AXIS2_PLACEMENT_3D ( 'NONE', #138, #5567, #7416 ) ;
#3464 = FACE_OUTER_BOUND ( 'NONE', #3318, .T. ) ;
#3465 = CARTESIAN_POINT ( 'NONE',  ( 0.3560039370078684762, 0.1240157480314954541, -0.1316929133858290302 ) ) ;
#3466 = VECTOR ( 'NONE', #8929, 39.37007874015748143 ) ;
#3467 = DIRECTION ( 'NONE',  ( 1.000000000000000000, 1.644517855225996559E-15, 1.817990202823693835E-15 ) ) ;
#3468 = FILL_AREA_STYLE ('',( #11427 ) ) ;
#3469 = CARTESIAN_POINT ( 'NONE',  ( 0.2660249164800732591, 0.08464566929133782169, -0.1104330708661441784 ) ) ;
#3470 = DIRECTION ( 'NONE',  ( 1.817990202823693835E-15, 0.0000000000000000000, -1.000000000000000000 ) ) ;
#3471 =( GEOMETRIC_REPRESENTATION_CONTEXT ( 3 ) GLOBAL_UNCERTAINTY_ASSIGNED_CONTEXT ( ( #9102 ) ) GLOBAL_UNIT_ASSIGNED_CONTEXT ( ( #7034, #8848, #11350 ) ) REPRESENTATION_CONTEXT ( 'NONE', 'WORKASPACE' ) );
#3472 = MECHANICAL_DESIGN_GEOMETRIC_PRESENTATION_REPRESENTATION (  '', ( #9211 ), #9960 ) ;
#3473 = ORIENTED_EDGE ( 'NONE', *, *, #7969, .T. ) ;
#3474 =( NAMED_UNIT ( * ) SI_UNIT ( $, .STERADIAN. ) SOLID_ANGLE_UNIT ( ) );
#3475 = LINE ( 'NONE', #4174, #1764 ) ;
#3476 = AXIS2_PLACEMENT_3D ( 'NONE', #4887, #1427, #10237 ) ;
#3477 =( LENGTH_UNIT ( ) NAMED_UNIT ( * ) SI_UNIT ( $, .METRE. ) );
#3478 = CARTESIAN_POINT ( 'NONE',  ( 0.4872047244094428464, 0.08937007874015708009, 0.03759842519684838957 ) ) ;
#3479 = LINE ( 'NONE', #7217, #8096 ) ;
#3480 = DIRECTION ( 'NONE',  ( 0.0000000000000000000, 1.000000000000000000, 0.0000000000000000000 ) ) ;
#3481 = FACE_OUTER_BOUND ( 'NONE', #4721, .T. ) ;
#3482 = SURFACE_STYLE_FILL_AREA ( #11441 ) ;
#3483 = AXIS2_PLACEMENT_3D ( 'NONE', #8988, #8099, #7982 ) ;
#3484 = FACE_OUTER_BOUND ( 'NONE', #9071, .T. ) ;
#3485 = LINE ( 'NONE', #10454, #6220 ) ;
#3486 = EDGE_LOOP ( 'NONE', ( #7043, #9309, #2506, #10478 ) ) ;
#3487 = CARTESIAN_POINT ( 'NONE',  ( 0.3821850393700738646, 0.1240157480314797583, -0.2812992125984274949 ) ) ;
#3488 = ORIENTED_EDGE ( 'NONE', *, *, #5645, .F. ) ;
#3489 = LINE ( 'NONE', #7016, #5831 ) ;
#3490 = ORIENTED_EDGE ( 'NONE', *, *, #401, .F. ) ;
#3491 = VECTOR ( 'NONE', #7793, 39.37007874015748143 ) ;
#3492 = ADVANCED_FACE ( 'NONE', ( #5180 ), #1715, .T. ) ;
#3493 = CARTESIAN_POINT ( 'NONE',  ( 0.5442913385826716466, 0.06614173228346426070, -0.06043307086614363444 ) ) ;
#3494 = SURFACE_STYLE_FILL_AREA ( #8883 ) ;
#3495 = CARTESIAN_POINT ( 'NONE',  ( 0.4432086614173177397, 0.1476377952755900669, -0.2375984251968525085 ) ) ;
#3496 = EDGE_CURVE ( 'NONE', #4447, #7249, #7250, .T. ) ;
#3497 = EDGE_CURVE ( 'NONE', #11009, #4787, #4549, .T. ) ;
#3498 =( NAMED_UNIT ( * ) PLANE_ANGLE_UNIT ( ) SI_UNIT ( $, .RADIAN. ) );
#3499 = PRESENTATION_LAYER_ASSIGNMENT (  '', '', ( #3310 ) ) ;
#3500 = CARTESIAN_POINT ( 'NONE',  ( 0.5197082840997424569, 0.06614173228346423294, -0.06043307086614371076 ) ) ;
#3501 = VERTEX_POINT ( 'NONE', #1772 ) ;
#3502 = DIRECTION ( 'NONE',  ( 0.5643446851342032167, 0.8255392639728148518, 0.0000000000000000000 ) ) ;
#3503 = ORIENTED_EDGE ( 'NONE', *, *, #529, .T. ) ;
#3504 = ORIENTED_EDGE ( 'NONE', *, *, #4076, .F. ) ;
#3505 = EDGE_CURVE ( 'NONE', #4216, #5582, #5463, .T. ) ;
#3506 = VECTOR ( 'NONE', #6096, 39.37007874015748143 ) ;
#3507 = LENGTH_MEASURE_WITH_UNIT ( LENGTH_MEASURE( 0.02539999999999999897 ), #8007 );
#3508 = LINE ( 'NONE', #9776, #7746 ) ;
#3509 = EDGE_CURVE ( 'NONE', #8309, #5738, #8895, .T. ) ;
#3510 = DIRECTION ( 'NONE',  ( -1.817990202823693835E-15, 0.0000000000000000000, 1.000000000000000000 ) ) ;
#3511 = SURFACE_STYLE_USAGE ( .BOTH. , #2651 ) ;
#3512 = ORIENTED_EDGE ( 'NONE', *, *, #4559, .F. ) ;
#3513 = VECTOR ( 'NONE', #3727, 39.37007874015748143 ) ;
#3514 = VERTEX_POINT ( 'NONE', #9876 ) ;
#3515 = EDGE_LOOP ( 'NONE', ( #1200, #7360, #11353, #7270, #4610, #9630, #4325, #7391, #5375, #4116, #2583, #5665 ) ) ;
#3516 = DIRECTION ( 'NONE',  ( -1.644517855225997348E-15, 1.000000000000000000, -2.970554346222872930E-30 ) ) ;
#3517 = ORIENTED_EDGE ( 'NONE', *, *, #6415, .F. ) ;
#3518 = DIRECTION ( 'NONE',  ( -1.000000000000000000, -1.644517855225996559E-15, -1.817990202823693835E-15 ) ) ;
#3519 = ADVANCED_FACE ( 'NONE', ( #91 ), #9016, .T. ) ;
#3520 = CARTESIAN_POINT ( 'NONE',  ( 0.2175196850393646686, 0.05905511811023538005, -0.1261811023622072814 ) ) ;
#3521 =( NAMED_UNIT ( * ) SI_UNIT ( $, .STERADIAN. ) SOLID_ANGLE_UNIT ( ) );
#3522 = EDGE_CURVE ( 'NONE', #9036, #10741, #8068, .T. ) ;
#3523 = COLOUR_RGB ( '',0.7607843137254901578, 0.7607843137254901578, 0.0000000000000000000 ) ;
#3524 = UNCERTAINTY_MEASURE_WITH_UNIT (LENGTH_MEASURE( 1.000000000000000082E-05 ), #3209, 'distance_accuracy_value', 'NONE');
#3525 = FILL_AREA_STYLE_COLOUR ( '', #11169 ) ;
#3526 = PLANE ( 'NONE',  #9159 ) ;
#3527 = LINE ( 'NONE', #1735, #4944 ) ;
#3528 = ORIENTED_EDGE ( 'NONE', *, *, #10757, .F. ) ;
#3529 = LINE ( 'NONE', #10627, #629 ) ;
#3530 =( GEOMETRIC_REPRESENTATION_CONTEXT ( 3 ) GLOBAL_UNCERTAINTY_ASSIGNED_CONTEXT ( ( #1566 ) ) GLOBAL_UNIT_ASSIGNED_CONTEXT ( ( #1935, #2095, #9171 ) ) REPRESENTATION_CONTEXT ( 'NONE', 'WORKASPACE' ) );
#3531 = DIRECTION ( 'NONE',  ( 0.3630301527215994972, 0.9317773919853026277, 6.599852609774574981E-16 ) ) ;
#3532 = LINE ( 'NONE', #7056, #5503 ) ;
#3533 = UNCERTAINTY_MEASURE_WITH_UNIT (LENGTH_MEASURE( 1.000000000000000082E-05 ), #7290, 'distance_accuracy_value', 'NONE');
#3534 = CARTESIAN_POINT ( 'NONE',  ( 0.2421027395222944412, 0.07204724409448738653, -0.2604330708661442562 ) ) ;
#3535 = DIRECTION ( 'NONE',  ( 1.154489273450655176E-15, -0.9701425001453140018, 0.2425356250364040234 ) ) ;
#3536 = LINE ( 'NONE', #4469, #10784 ) ;
#3537 = ORIENTED_EDGE ( 'NONE', *, *, #8581, .F. ) ;
#3538 = CARTESIAN_POINT ( 'NONE',  ( 0.2476053619159077623, 0.06990336523983385619, -0.06043307086614418261 ) ) ;
#3539 = DIRECTION ( 'NONE',  ( -1.000000000000000000, -1.644517855225996559E-15, -1.817990202823693835E-15 ) ) ;
#3540 = EDGE_LOOP ( 'NONE', ( #6957, #5662, #7670, #2657 ) ) ;
#3541 =( NAMED_UNIT ( * ) SI_UNIT ( $, .STERADIAN. ) SOLID_ANGLE_UNIT ( ) );
#3542 = ORIENTED_EDGE ( 'NONE', *, *, #7263, .F. ) ;
#3543 = AXIS2_PLACEMENT_3D ( 'NONE', #7145, #4230, #10723 ) ;
#3545 = CARTESIAN_POINT ( 'NONE',  ( 0.2746062992125931634, 0.1535433070866134286, -0.4242125984251993165 ) ) ;
#3544 = STYLED_ITEM ( 'NONE', ( #10878 ), #7835 ) ;
#3546 = CARTESIAN_POINT ( 'NONE',  ( 0.2660249164800738697, 0.09645669291338505869, -0.2604330708661442007 ) ) ;
#3547 = DIMENSIONAL_EXPONENTS ( 1.000000000000000000, 0.0000000000000000000, 0.0000000000000000000, 0.0000000000000000000, 0.0000000000000000000, 0.0000000000000000000, 0.0000000000000000000 ) ;
#3548 = DIRECTION ( 'NONE',  ( -1.644517855225997348E-15, 1.000000000000000000, -2.970554346222872930E-30 ) ) ;
#3549 = DIRECTION ( 'NONE',  ( -1.000000000000000000, -1.644517855225996559E-15, -1.817990202823693835E-15 ) ) ;
#3550 = LINE ( 'NONE', #7186, #3762 ) ;
#3551 = PLANE ( 'NONE',  #476 ) ;
#3552 = PRESENTATION_LAYER_ASSIGNMENT (  '', '', ( #8540 ) ) ;
#3553 = CARTESIAN_POINT ( 'NONE',  ( 0.2812691996270424433, 0.09291338582677093061, -0.2761811023622071648 ) ) ;
#3554 = VERTEX_POINT ( 'NONE', #6400 ) ;
#3555 = CIRCLE ( 'NONE', #3187, 0.005905511811023628037 ) ;
#3556 = AXIS2_PLACEMENT_3D ( 'NONE', #9082, #7439, #9951 ) ;
#3557 = CARTESIAN_POINT ( 'NONE',  ( 0.4872047244094437901, 0.08937007874015708009, -0.2261811023622068428 ) ) ;
#3558 = ORIENTED_EDGE ( 'NONE', *, *, #1160, .F. ) ;
#3559 = CARTESIAN_POINT ( 'NONE',  ( 0.2550196716928488927, 0.08893342700064765793, -0.1261811023622072259 ) ) ;
#3560 = ORIENTED_EDGE ( 'NONE', *, *, #877, .F. ) ;
#3561 = PRESENTATION_STYLE_ASSIGNMENT (( #8189 ) ) ;
#3562 = AXIS2_PLACEMENT_3D ( 'NONE', #8736, #10618, #8917 ) ;
#3563 = SURFACE_STYLE_USAGE ( .BOTH. , #2528 ) ;
#3564 = VECTOR ( 'NONE', #7569, 39.37007874015748143 ) ;
#3565 = LINE ( 'NONE', #10661, #1230 ) ;
#3566 = DIRECTION ( 'NONE',  ( -1.817990202823693835E-15, 0.0000000000000000000, 1.000000000000000000 ) ) ;
#3567 = LINE ( 'NONE', #11297, #2698 ) ;
#3568 = CARTESIAN_POINT ( 'NONE',  ( 0.4058070866141681443, 0.1279527559055124442, -0.2053149606299234653 ) ) ;
#3569 = ORIENTED_EDGE ( 'NONE', *, *, #6833, .F. ) ;
#3570 = EDGE_CURVE ( 'NONE', #7121, #8078, #6164, .T. ) ;
#3571 = EDGE_LOOP ( 'NONE', ( #2454, #7640, #9491, #7466 ) ) ;
#3572 = COLOUR_RGB ( '',0.7607843137254901578, 0.7607843137254901578, 0.0000000000000000000 ) ;
#3573 = VERTEX_POINT ( 'NONE', #7194 ) ;
#3574 = ADVANCED_FACE ( 'NONE', ( #6229 ), #5528, .T. ) ;
#3575 = DIRECTION ( 'NONE',  ( -1.000000000000000000, -1.644517855225996559E-15, -1.817990202823693835E-15 ) ) ;
#3576 = ORIENTED_EDGE ( 'NONE', *, *, #9833, .T. ) ;
#3577 = EDGE_CURVE ( 'NONE', #838, #10039, #4434, .T. ) ;
#3578 = PRESENTATION_STYLE_ASSIGNMENT (( #7155 ) ) ;
#3579 = EDGE_LOOP ( 'NONE', ( #2775, #772, #9616, #10947 ) ) ;
#3580 = FACE_BOUND ( 'NONE', #10895, .T. ) ;
#3581 = SURFACE_STYLE_USAGE ( .BOTH. , #1024 ) ;
#3582 = PLANE ( 'NONE',  #4351 ) ;
#3583 = DIRECTION ( 'NONE',  ( -1.817990202823693441E-15, -1.916300294662321915E-32, 1.000000000000000000 ) ) ;
#3584 = PLANE ( 'NONE',  #7087 ) ;
#3585 = ORIENTED_EDGE ( 'NONE', *, *, #6785, .T. ) ;
#3586 = EDGE_CURVE ( 'NONE', #6523, #7067, #41, .T. ) ;
#3587 = DIRECTION ( 'NONE',  ( 1.000000000000000000, 1.644517855225996559E-15, 1.817990202823693835E-15 ) ) ;
#3588 = AXIS2_PLACEMENT_3D ( 'NONE', #6160, #8001, #3382 ) ;
#3589 = DIRECTION ( 'NONE',  ( 1.000000000000000000, 1.644517855225996559E-15, 1.817990202823693835E-15 ) ) ;
#3590 = EDGE_CURVE ( 'NONE', #8879, #7077, #2702, .T. ) ;
#3591 = CARTESIAN_POINT ( 'NONE',  ( 0.2175196850393649184, 0.05905511811023538005, -0.1761811023622072703 ) ) ;
#3592 = VECTOR ( 'NONE', #9847, 39.37007874015748854 ) ;
#3593 = CARTESIAN_POINT ( 'NONE',  ( 0.4432086614173175176, 0.1476377952755900669, -0.1875984251968524918 ) ) ;
#3594 = PRESENTATION_STYLE_ASSIGNMENT (( #7924 ) ) ;
#3595 = CARTESIAN_POINT ( 'NONE',  ( 0.2812691996270416106, 0.09291338582677093061, -0.07618110236220715370 ) ) ;
#3596 = COLOUR_RGB ( '',1.000000000000000000, 1.000000000000000000, 1.000000000000000000 ) ;
#3597 = CARTESIAN_POINT ( 'NONE',  ( 0.4058070866141684219, 0.1279527559055112784, -0.2826771653543329044 ) ) ;
#3598 = FILL_AREA_STYLE_COLOUR ( '', #253 ) ;
#3599 = PLANE ( 'NONE',  #3354 ) ;
#3600 = CIRCLE ( 'NONE', #2492, 0.01181102362204724046 ) ;
#3601 = ORIENTED_EDGE ( 'NONE', *, *, #5477, .F. ) ;
#3602 = ADVANCED_FACE ( 'NONE', ( #9509 ), #2382, .T. ) ;
#3603 =( NAMED_UNIT ( * ) PLANE_ANGLE_UNIT ( ) SI_UNIT ( $, .RADIAN. ) );
#3604 =( NAMED_UNIT ( * ) PLANE_ANGLE_UNIT ( ) SI_UNIT ( $, .RADIAN. ) );
#3605 = ORIENTED_EDGE ( 'NONE', *, *, #8653, .T. ) ;
#3606 = COLOUR_RGB ( '',1.000000000000000000, 1.000000000000000000, 1.000000000000000000 ) ;
#3607 = ORIENTED_EDGE ( 'NONE', *, *, #3350, .F. ) ;
#3608 = FILL_AREA_STYLE ('',( #1870 ) ) ;
#3609 = LINE ( 'NONE', #883, #1064 ) ;
#3610 = DIRECTION ( 'NONE',  ( 1.817990202823693835E-15, 0.0000000000000000000, -1.000000000000000000 ) ) ;
#3611 = LINE ( 'NONE', #933, #8121 ) ;
#3612 = DIRECTION ( 'NONE',  ( -1.000000000000000000, -1.644517855225996559E-15, -1.817990202823693835E-15 ) ) ;
#3613 = AXIS2_PLACEMENT_3D ( 'NONE', #9148, #10973, #3005 ) ;
#3614 = LINE ( 'NONE', #7132, #11378 ) ;
#3615 = VERTEX_POINT ( 'NONE', #10393 ) ;
#3616 = DIRECTION ( 'NONE',  ( -1.000000000000000000, -1.644517855225996559E-15, -1.817990202823693835E-15 ) ) ;
#3617 = ORIENTED_EDGE ( 'NONE', *, *, #10240, .F. ) ;
#3618 = CARTESIAN_POINT ( 'NONE',  ( 0.3560039370078685872, 0.1240157480314954541, -0.04192913385827000405 ) ) ;
#3619 = ORIENTED_EDGE ( 'NONE', *, *, #6189, .F. ) ;
#3620 =( GEOMETRIC_REPRESENTATION_CONTEXT ( 3 ) GLOBAL_UNCERTAINTY_ASSIGNED_CONTEXT ( ( #10633 ) ) GLOBAL_UNIT_ASSIGNED_CONTEXT ( ( #7550, #9467, #5799 ) ) REPRESENTATION_CONTEXT ( 'NONE', 'WORKASPACE' ) );
#3621 = MECHANICAL_DESIGN_GEOMETRIC_PRESENTATION_REPRESENTATION (  '', ( #7312 ), #8809 ) ;
#3622 = PLANE ( 'NONE',  #5594 ) ;
#3623 = AXIS2_PLACEMENT_3D ( 'NONE', #6740, #8349, #2169 ) ;
#3624 = CARTESIAN_POINT ( 'NONE',  ( 0.4957861071419631394, 0.08464566929133819639, -0.09729921259842723436 ) ) ;
#3625 = FILL_AREA_STYLE ('',( #1008 ) ) ;
#3626 =( LENGTH_UNIT ( ) NAMED_UNIT ( * ) SI_UNIT ( $, .METRE. ) );
#3627 = DIRECTION ( 'NONE',  ( 2.036344053754329794E-15, -0.9701425001453376495, -0.2425356250363099597 ) ) ;
#3628 = SURFACE_SIDE_STYLE ('',( #1955 ) ) ;
#3629 = DIMENSIONAL_EXPONENTS ( 1.000000000000000000, 0.0000000000000000000, 0.0000000000000000000, 0.0000000000000000000, 0.0000000000000000000, 0.0000000000000000000, 0.0000000000000000000 ) ;
#3630 = CARTESIAN_POINT ( 'NONE',  ( 0.5442913385826717576, 0.05905511811023591434, -0.1104330708661436372 ) ) ;
#3631 = EDGE_LOOP ( 'NONE', ( #1364, #9323, #2001, #5872, #10232, #5107, #10434, #2222 ) ) ;
#3632 = AXIS2_PLACEMENT_3D ( 'NONE', #10336, #7803, #7001 ) ;
#3633 = ORIENTED_EDGE ( 'NONE', *, *, #6540, .F. ) ;
#3634 = VECTOR ( 'NONE', #414, 39.37007874015748143 ) ;
#3635 = VERTEX_POINT ( 'NONE', #4119 ) ;
#3636 = DIRECTION ( 'NONE',  ( 1.817990202823693835E-15, 0.0000000000000000000, -1.000000000000000000 ) ) ;
#3637 = VERTEX_POINT ( 'NONE', #7644 ) ;
#3638 = VECTOR ( 'NONE', #7140, 39.37007874015748143 ) ;
#3639 = VECTOR ( 'NONE', #3386, 39.37007874015748143 ) ;
#3640 = DIRECTION ( 'NONE',  ( 1.000000000000000000, 1.644517855225996559E-15, 1.817990202823693835E-15 ) ) ;
#3641 = EDGE_CURVE ( 'NONE', #4981, #6045, #11100, .T. ) ;
#3642 = UNCERTAINTY_MEASURE_WITH_UNIT (LENGTH_MEASURE( 1.000000000000000082E-05 ), #11424, 'distance_accuracy_value', 'NONE');
#3643 = ORIENTED_EDGE ( 'NONE', *, *, #10378, .T. ) ;
#3644 = CARTESIAN_POINT ( 'NONE',  ( 0.2175196850393644188, 0.05905511811023538005, -0.06043307086614425200 ) ) ;
#3645 = DIRECTION ( 'NONE',  ( -0.3630301527216025503, 0.9317773919853011844, -6.599852609774626257E-16 ) ) ;
#3646 = DIRECTION ( 'NONE',  ( -1.817990202823693835E-15, 0.0000000000000000000, 1.000000000000000000 ) ) ;
#3647 = EDGE_CURVE ( 'NONE', #7849, #6665, #1339, .T. ) ;
#3648 = ORIENTED_EDGE ( 'NONE', *, *, #11264, .T. ) ;
#3649 = DIMENSIONAL_EXPONENTS ( 1.000000000000000000, 0.0000000000000000000, 0.0000000000000000000, 0.0000000000000000000, 0.0000000000000000000, 0.0000000000000000000, 0.0000000000000000000 ) ;
#3650 =( NAMED_UNIT ( * ) PLANE_ANGLE_UNIT ( ) SI_UNIT ( $, .RADIAN. ) );
#3651 = MECHANICAL_DESIGN_GEOMETRIC_PRESENTATION_REPRESENTATION (  '', ( #497 ), #1624 ) ;
#3652 = FILL_AREA_STYLE_COLOUR ( '', #8040 ) ;
#3653 = VECTOR ( 'NONE', #9400, 39.37007874015748143 ) ;
#3654 = LENGTH_MEASURE_WITH_UNIT ( LENGTH_MEASURE( 0.02539999999999999897 ), #10924 );
#3655 = CARTESIAN_POINT ( 'NONE',  ( 0.4058070866141678668, 0.1448818897637632330, -0.1812992125984274061 ) ) ;
#3656 = VECTOR ( 'NONE', #744, 39.37007874015748143 ) ;
#3657 = LENGTH_MEASURE_WITH_UNIT ( LENGTH_MEASURE( 0.02539999999999999897 ), #7005 );
#3658 = EDGE_CURVE ( 'NONE', #5522, #2057, #6724, .T. ) ;
#3659 = UNCERTAINTY_MEASURE_WITH_UNIT (LENGTH_MEASURE( 1.000000000000000082E-05 ), #2844, 'distance_accuracy_value', 'NONE');
#3660 = DIRECTION ( 'NONE',  ( 1.644517855225997348E-15, -1.000000000000000000, 2.970554346222872930E-30 ) ) ;
#3661 = VECTOR ( 'NONE', #3516, 39.37007874015748143 ) ;
#3662 = SURFACE_STYLE_FILL_AREA ( #7287 ) ;
#3663 = EDGE_CURVE ( 'NONE', #366, #5419, #519, .T. ) ;
#3664 = ORIENTED_EDGE ( 'NONE', *, *, #9519, .F. ) ;
#3665 = CIRCLE ( 'NONE', #1446, 0.01299212598425198914 ) ;
#3666 = DIRECTION ( 'NONE',  ( 1.817990202823693835E-15, 0.0000000000000000000, -1.000000000000000000 ) ) ;
#3667 = FILL_AREA_STYLE_COLOUR ( '', #2109 ) ;
#3668 = VERTEX_POINT ( 'NONE', #7705 ) ;
#3669 = CARTESIAN_POINT ( 'NONE',  ( 0.2660249164800732036, 0.09645669291338505869, -0.1104330708661441784 ) ) ;
#3670 = PRESENTATION_LAYER_ASSIGNMENT (  '', '', ( #8649 ) ) ;
#3671 = ORIENTED_EDGE ( 'NONE', *, *, #9879, .F. ) ;
#3672 = EDGE_CURVE ( 'NONE', #366, #85, #1575, .T. ) ;
#3673 = AXIS2_PLACEMENT_3D ( 'NONE', #1162, #2092, #6448 ) ;
#3674 = CARTESIAN_POINT ( 'NONE',  ( 0.2175196850393644743, 0.05905511811023538005, -0.08799212598425452947 ) ) ;
#3675 = DIRECTION ( 'NONE',  ( -1.817990202823693835E-15, 0.0000000000000000000, 1.000000000000000000 ) ) ;
#3676 = CARTESIAN_POINT ( 'NONE',  ( 0.4990157480314905691, 0.09645669291338544726, -0.09862204724409653900 ) ) ;
#3677 = FACE_OUTER_BOUND ( 'NONE', #6593, .T. ) ;
#3678 = ORIENTED_EDGE ( 'NONE', *, *, #10488, .T. ) ;
#3679 = CARTESIAN_POINT ( 'NONE',  ( 0.4432086614173170735, 0.1535433070866137062, -0.04901574803149815612 ) ) ;
#3680 = PRESENTATION_STYLE_ASSIGNMENT (( #150 ) ) ;
#3681 = ORIENTED_EDGE ( 'NONE', *, *, #256, .F. ) ;
#3682 = VECTOR ( 'NONE', #6539, 39.37007874015748854 ) ;
#3683 = ORIENTED_EDGE ( 'NONE', *, *, #3385, .F. ) ;
#3684 = CARTESIAN_POINT ( 'NONE',  ( 0.2476053619159081787, 0.06990336523983385619, -0.1761811023622072148 ) ) ;
#3685 = ORIENTED_EDGE ( 'NONE', *, *, #8822, .T. ) ;
#3686 = FILL_AREA_STYLE_COLOUR ( '', #4311 ) ;
#3687 = LENGTH_MEASURE_WITH_UNIT ( LENGTH_MEASURE( 0.02539999999999999897 ), #9881 );
#3688 = AXIS2_PLACEMENT_3D ( 'NONE', #3624, #6978, #9647 ) ;
#3689 = SURFACE_STYLE_FILL_AREA ( #3625 ) ;
#3690 = DIRECTION ( 'NONE',  ( 0.8849182223819943571, 0.4657464328325994773, 1.608772658590624482E-15 ) ) ;
#3691 = DIRECTION ( 'NONE',  ( -1.644517855225997348E-15, 1.000000000000000000, -2.970554346222872930E-30 ) ) ;
#3692 =( NAMED_UNIT ( * ) PLANE_ANGLE_UNIT ( ) SI_UNIT ( $, .RADIAN. ) );
#3693 = ORIENTED_EDGE ( 'NONE', *, *, #4163, .T. ) ;
#3694 = ORIENTED_EDGE ( 'NONE', *, *, #9740, .F. ) ;
#3695 = CIRCLE ( 'NONE', #10944, 0.005905511811023628037 ) ;
#3696 = ORIENTED_EDGE ( 'NONE', *, *, #4080, .F. ) ;
#3697 = FACE_OUTER_BOUND ( 'NONE', #4327, .T. ) ;
#3698 = DIRECTION ( 'NONE',  ( 1.817990202823693835E-15, 0.0000000000000000000, -1.000000000000000000 ) ) ;
#3699 = ORIENTED_EDGE ( 'NONE', *, *, #3361, .T. ) ;
#3700 = LINE ( 'NONE', #6687, #7993 ) ;
#3701 = DIRECTION ( 'NONE',  ( 0.0000000000000000000, 1.000000000000000000, 0.0000000000000000000 ) ) ;
#3702 = CARTESIAN_POINT ( 'NONE',  ( 0.5197082840997427899, 0.07204724409448784450, -0.1761811023622067429 ) ) ;
#3703 = FACE_OUTER_BOUND ( 'NONE', #3045, .T. ) ;
#3704 = VECTOR ( 'NONE', #8116, 39.37007874015748143 ) ;
#3705 = CARTESIAN_POINT ( 'NONE',  ( 0.3186023622047189918, 0.1476377952755898726, -0.1490157480314983629 ) ) ;
#3706 = ORIENTED_EDGE ( 'NONE', *, *, #8457, .T. ) ;
#3707 =( NAMED_UNIT ( * ) PLANE_ANGLE_UNIT ( ) SI_UNIT ( $, .RADIAN. ) );
#3708 = FACE_OUTER_BOUND ( 'NONE', #9421, .T. ) ;
#3709 = EDGE_CURVE ( 'NONE', #2114, #9640, #10340, .T. ) ;
#3710 = MECHANICAL_DESIGN_GEOMETRIC_PRESENTATION_REPRESENTATION (  '', ( #7764 ), #10577 ) ;
#3711 = EDGE_CURVE ( 'NONE', #7919, #10065, #5904, .T. ) ;
#3712 = CARTESIAN_POINT ( 'NONE',  ( 0.5001882050568453586, 0.08636077237506221971, -0.2104330708661437954 ) ) ;
#3713 = FACE_BOUND ( 'NONE', #6117, .T. ) ;
#3714 = PRESENTATION_STYLE_ASSIGNMENT (( #189 ) ) ;
#3715 = PRESENTATION_LAYER_ASSIGNMENT (  '', '', ( #5736 ) ) ;
#3716 = PLANE ( 'NONE',  #4551 ) ;
#3717 = CARTESIAN_POINT ( 'NONE',  ( 0.2660249164800732591, 0.08937007874015670539, -0.1104330708661441784 ) ) ;
#3718 = EDGE_LOOP ( 'NONE', ( #2230, #10638, #6526, #2981, #8064, #1897, #6916, #927, #3774, #10767, #2615, #1937 ) ) ;
#3719 = EDGE_CURVE ( 'NONE', #7991, #5218, #8565, .T. ) ;
#3720 =( LENGTH_UNIT ( ) NAMED_UNIT ( * ) SI_UNIT ( $, .METRE. ) );
#3721 = EDGE_CURVE ( 'NONE', #170, #10389, #5093, .T. ) ;
#3722 = DIMENSIONAL_EXPONENTS ( 1.000000000000000000, 0.0000000000000000000, 0.0000000000000000000, 0.0000000000000000000, 0.0000000000000000000, 0.0000000000000000000, 0.0000000000000000000 ) ;
#3723 = LENGTH_MEASURE_WITH_UNIT ( LENGTH_MEASURE( 0.02539999999999999897 ), #1990 );
#3724 = LENGTH_MEASURE_WITH_UNIT ( LENGTH_MEASURE( 0.02539999999999999897 ), #196 );
#3725 =( GEOMETRIC_REPRESENTATION_CONTEXT ( 3 ) GLOBAL_UNCERTAINTY_ASSIGNED_CONTEXT ( ( #4913 ) ) GLOBAL_UNIT_ASSIGNED_CONTEXT ( ( #11380, #7988, #1583 ) ) REPRESENTATION_CONTEXT ( 'NONE', 'WORKASPACE' ) );
#3726 = FACE_OUTER_BOUND ( 'NONE', #7735, .T. ) ;
#3727 = DIRECTION ( 'NONE',  ( -1.817990202823693835E-15, 0.0000000000000000000, 1.000000000000000000 ) ) ;
#3728 = LINE ( 'NONE', #5454, #7075 ) ;
#3729 = CARTESIAN_POINT ( 'NONE',  ( 0.4957861071419634724, 0.08464566929133819639, -0.2261811023622068428 ) ) ;
#3730 = ORIENTED_EDGE ( 'NONE', *, *, #6701, .F. ) ;
#3731 = LENGTH_MEASURE_WITH_UNIT ( LENGTH_MEASURE( 0.02539999999999999897 ), #4605 );
#3732 = CYLINDRICAL_SURFACE ( 'NONE', #1571, 0.01181102362204724046 ) ;
#3733 = ORIENTED_EDGE ( 'NONE', *, *, #5647, .T. ) ;
#3734 = ADVANCED_FACE ( 'NONE', ( #6612 ), #2202, .T. ) ;
#3735 = FILL_AREA_STYLE ('',( #9125 ) ) ;
#3736 =( GEOMETRIC_REPRESENTATION_CONTEXT ( 3 ) GLOBAL_UNCERTAINTY_ASSIGNED_CONTEXT ( ( #5148 ) ) GLOBAL_UNIT_ASSIGNED_CONTEXT ( ( #5678, #3780, #3140 ) ) REPRESENTATION_CONTEXT ( 'NONE', 'WORKASPACE' ) );
#3737 = ORIENTED_EDGE ( 'NONE', *, *, #673, .T. ) ;
#3738 = EDGE_CURVE ( 'NONE', #153, #2882, #7806, .T. ) ;
#3739 =( CONVERSION_BASED_UNIT ( 'INCH', #1885 ) LENGTH_UNIT ( ) NAMED_UNIT ( #3800 ) );
#3740 = ORIENTED_EDGE ( 'NONE', *, *, #8819, .T. ) ;
#3741 = DIRECTION ( 'NONE',  ( 0.0000000000000000000, 1.000000000000000000, 0.0000000000000000000 ) ) ;
#3742 = AXIS2_PLACEMENT_3D ( 'NONE', #4131, #8703, #2510 ) ;
#3743 = DIRECTION ( 'NONE',  ( 1.817990202823693835E-15, 0.0000000000000000000, -1.000000000000000000 ) ) ;
#3744 = SURFACE_STYLE_USAGE ( .BOTH. , #9884 ) ;
#3745 = VECTOR ( 'NONE', #3660, 39.37007874015748143 ) ;
#3746 = SURFACE_STYLE_USAGE ( .BOTH. , #6466 ) ;
#3747 = LINE ( 'NONE', #5358, #4330 ) ;
#3748 = DIRECTION ( 'NONE',  ( -1.644517855225997348E-15, 1.000000000000000000, -2.989717349169496850E-30 ) ) ;
#3749 = ORIENTED_EDGE ( 'NONE', *, *, #10705, .T. ) ;
#3750 = EDGE_CURVE ( 'NONE', #4976, #825, #3415, .T. ) ;
#3751 = ORIENTED_EDGE ( 'NONE', *, *, #130, .T. ) ;
#3752 = FACE_OUTER_BOUND ( 'NONE', #7516, .T. ) ;
#3753 = ORIENTED_EDGE ( 'NONE', *, *, #9270, .T. ) ;
#3754 = FILL_AREA_STYLE ('',( #222 ) ) ;
#3755 = UNCERTAINTY_MEASURE_WITH_UNIT (LENGTH_MEASURE( 1.000000000000000082E-05 ), #7076, 'distance_accuracy_value', 'NONE');
#3756 = ORIENTED_EDGE ( 'NONE', *, *, #5350, .T. ) ;
#3757 = CARTESIAN_POINT ( 'NONE',  ( 0.2660249164800732036, 0.08464566929133782169, -0.1393149606299237120 ) ) ;
#3758 = CARTESIAN_POINT ( 'NONE',  ( 0.4957861071419626398, 0.08464566929133819639, -0.02618110236220680051 ) ) ;
#3759 = DIRECTION ( 'NONE',  ( 0.9317773919853016285, 0.3630301527216017177, 2.628368902995158081E-15 ) ) ;
#3760 =( NAMED_UNIT ( * ) SI_UNIT ( $, .STERADIAN. ) SOLID_ANGLE_UNIT ( ) );
#3761 = DIRECTION ( 'NONE',  ( -1.644517855225997348E-15, 1.000000000000000000, -2.970554346222872930E-30 ) ) ;
#3762 = VECTOR ( 'NONE', #3675, 39.37007874015748143 ) ;
#3763 = ORIENTED_EDGE ( 'NONE', *, *, #10488, .F. ) ;
#3764 = SURFACE_SIDE_STYLE ('',( #65 ) ) ;
#3765 = FACE_OUTER_BOUND ( 'NONE', #9581, .T. ) ;
#3766 = PRESENTATION_LAYER_ASSIGNMENT (  '', '', ( #10251 ) ) ;
#3767 = DIRECTION ( 'NONE',  ( -0.3630301527215995527, -0.9317773919853026277, -6.599852609774574981E-16 ) ) ;
#3768 = UNCERTAINTY_MEASURE_WITH_UNIT (LENGTH_MEASURE( 1.000000000000000082E-05 ), #4265, 'distance_accuracy_value', 'NONE');
#3769 = CARTESIAN_POINT ( 'NONE',  ( 0.4957861071419628618, 0.09645669291338543339, -0.07618110236220680676 ) ) ;
#3770 = FILL_AREA_STYLE_COLOUR ( '', #6604 ) ;
#3771 = FILL_AREA_STYLE ('',( #10087 ) ) ;
#3772 = LINE ( 'NONE', #10808, #1693 ) ;
#3773 = CARTESIAN_POINT ( 'NONE',  ( 0.4058070866141674782, 0.1448818897637632330, -0.05531496062992343615 ) ) ;
#3774 = ORIENTED_EDGE ( 'NONE', *, *, #4861, .F. ) ;
#3775 = VECTOR ( 'NONE', #3646, 39.37007874015748143 ) ;
#3776 = FILL_AREA_STYLE_COLOUR ( '', #9734 ) ;
#3777 = DIRECTION ( 'NONE',  ( 0.0000000000000000000, 1.000000000000000000, 0.0000000000000000000 ) ) ;
#3778 = DIRECTION ( 'NONE',  ( -1.000000000000000000, -1.644517855225996559E-15, -1.817990202823693835E-15 ) ) ;
#3779 = DIMENSIONAL_EXPONENTS ( 1.000000000000000000, 0.0000000000000000000, 0.0000000000000000000, 0.0000000000000000000, 0.0000000000000000000, 0.0000000000000000000, 0.0000000000000000000 ) ;
#3780 =( NAMED_UNIT ( * ) PLANE_ANGLE_UNIT ( ) SI_UNIT ( $, .RADIAN. ) );
#3781 = STYLED_ITEM ( 'NONE', ( #11410 ), #9466 ) ;
#3782 = SURFACE_STYLE_FILL_AREA ( #8175 ) ;
#3783 = EDGE_CURVE ( 'NONE', #7831, #3283, #10512, .T. ) ;
#3784 = DIRECTION ( 'NONE',  ( -1.817990202823693835E-15, 0.0000000000000000000, 1.000000000000000000 ) ) ;
#3785 = DIRECTION ( 'NONE',  ( -1.000000000000000000, -1.644517855225997348E-15, -1.817990202823693441E-15 ) ) ;
#3786 = SURFACE_STYLE_USAGE ( .BOTH. , #2045 ) ;
#3787 = EDGE_LOOP ( 'NONE', ( #2283, #8474, #10611, #4877 ) ) ;
#3788 = EDGE_CURVE ( 'NONE', #9369, #6152, #919, .T. ) ;
#3789 = EDGE_CURVE ( 'NONE', #2356, #7663, #8629, .T. ) ;
#3790 = PRESENTATION_LAYER_ASSIGNMENT (  '', '', ( #1379 ) ) ;
#3791 = VERTEX_POINT ( 'NONE', #3593 ) ;
#3792 = LINE ( 'NONE', #2048, #10489 ) ;
#3793 =( GEOMETRIC_REPRESENTATION_CONTEXT ( 3 ) GLOBAL_UNCERTAINTY_ASSIGNED_CONTEXT ( ( #1357 ) ) GLOBAL_UNIT_ASSIGNED_CONTEXT ( ( #7100, #7161, #1084 ) ) REPRESENTATION_CONTEXT ( 'NONE', 'WORKASPACE' ) );
#3794 = ORIENTED_EDGE ( 'NONE', *, *, #948, .F. ) ;
#3795 = VERTEX_POINT ( 'NONE', #3359 ) ;
#3796 = PLANE ( 'NONE',  #8334 ) ;
#3797 = COLOUR_RGB ( '',0.7607843137254901578, 0.7607843137254901578, 0.0000000000000000000 ) ;
#3798 = LINE ( 'NONE', #6408, #5160 ) ;
#3799 = EDGE_CURVE ( 'NONE', #6244, #2190, #1637, .T. ) ;
#3800 = DIMENSIONAL_EXPONENTS ( 1.000000000000000000, 0.0000000000000000000, 0.0000000000000000000, 0.0000000000000000000, 0.0000000000000000000, 0.0000000000000000000, 0.0000000000000000000 ) ;
#3801 = CARTESIAN_POINT ( 'NONE',  ( 0.2175196850393644743, 0.05905511811023538005, -0.07618110236220727860 ) ) ;
#3802 = LINE ( 'NONE', #10901, #2982 ) ;
#3803 = PRESENTATION_LAYER_ASSIGNMENT (  '', '', ( #3812 ) ) ;
#3804 = EDGE_CURVE ( 'NONE', #11477, #9747, #8865, .T. ) ;
#3805 = PRESENTATION_STYLE_ASSIGNMENT (( #2172 ) ) ;
#3806 = SURFACE_STYLE_USAGE ( .BOTH. , #10062 ) ;
#3807 = VERTEX_POINT ( 'NONE', #4344 ) ;
#3808 = AXIS2_PLACEMENT_3D ( 'NONE', #283, #6369, #7105 ) ;
#3809 = EDGE_LOOP ( 'NONE', ( #5795, #109, #3749, #6536, #2023, #1303, #9551, #6746, #8954, #4788, #1868, #1602 ) ) ;
#3810 = DIRECTION ( 'NONE',  ( -1.000000000000000000, -1.644517855225996559E-15, -1.817990202823693835E-15 ) ) ;
#3811 = EDGE_LOOP ( 'NONE', ( #3918, #5972, #10363, #8188 ) ) ;
#3812 = STYLED_ITEM ( 'NONE', ( #5534 ), #10029 ) ;
#3813 = FILL_AREA_STYLE ('',( #5313 ) ) ;
#3814 = DIRECTION ( 'NONE',  ( -1.000000000000000000, -1.644517855225996559E-15, -1.817990202823693835E-15 ) ) ;
#3815 = EDGE_CURVE ( 'NONE', #5167, #3514, #11445, .T. ) ;
#3816 = VERTEX_POINT ( 'NONE', #10449 ) ;
#3817 = VECTOR ( 'NONE', #5276, 39.37007874015748143 ) ;
#3818 = DIRECTION ( 'NONE',  ( -0.9317773919853014064, -0.3630301527216026058, -1.693962169841890603E-15 ) ) ;
#3819 = CARTESIAN_POINT ( 'NONE',  ( 0.2811787864752145483, 0.08937007874015674702, 0.02905743399721811074 ) ) ;
#3820 = PRESENTATION_STYLE_ASSIGNMENT (( #7398 ) ) ;
#3821 = VECTOR ( 'NONE', #4700, 39.37007874015747433 ) ;
#3822 = SURFACE_STYLE_FILL_AREA ( #4687 ) ;
#3823 = MECHANICAL_DESIGN_GEOMETRIC_PRESENTATION_REPRESENTATION (  '', ( #9730 ), #7123 ) ;
#3824 = VERTEX_POINT ( 'NONE', #9567 ) ;
#3825 =( NAMED_UNIT ( * ) PLANE_ANGLE_UNIT ( ) SI_UNIT ( $, .RADIAN. ) );
#3826 = CARTESIAN_POINT ( 'NONE',  ( 0.2476053619159081509, 0.06990336523983385619, -0.1604330708661441673 ) ) ;
#3827 = VECTOR ( 'NONE', #11072, 39.37007874015748143 ) ;
#3828 = COLOUR_RGB ( '',0.7607843137254901578, 0.7607843137254901578, 0.0000000000000000000 ) ;
#3829 = DIRECTION ( 'NONE',  ( -1.644517855225997348E-15, 1.000000000000000000, -2.970554346222872930E-30 ) ) ;
#3830 = VECTOR ( 'NONE', #11262, 39.37007874015748143 ) ;
#3831 = LINE ( 'NONE', #10084, #1466 ) ;
#3832 = PRESENTATION_LAYER_ASSIGNMENT (  '', '', ( #9223 ) ) ;
#3833 = DIRECTION ( 'NONE',  ( 1.644517855225997348E-15, -1.000000000000000000, 2.970554346222872930E-30 ) ) ;
#3834 = FILL_AREA_STYLE ('',( #9155 ) ) ;
#3835 = LINE ( 'NONE', #5610, #4663 ) ;
#3836 = VECTOR ( 'NONE', #8130, 39.37007874015748143 ) ;
#3837 = PRESENTATION_LAYER_ASSIGNMENT (  '', '', ( #10702 ) ) ;
#3838 =( GEOMETRIC_REPRESENTATION_CONTEXT ( 3 ) GLOBAL_UNCERTAINTY_ASSIGNED_CONTEXT ( ( #4929 ) ) GLOBAL_UNIT_ASSIGNED_CONTEXT ( ( #7887, #1709, #2520 ) ) REPRESENTATION_CONTEXT ( 'NONE', 'WORKASPACE' ) );
#3839 = DIRECTION ( 'NONE',  ( 1.817990202823693835E-15, 0.0000000000000000000, -1.000000000000000000 ) ) ;
#3840 = ORIENTED_EDGE ( 'NONE', *, *, #6039, .T. ) ;
#3841 = CIRCLE ( 'NONE', #7340, 0.005905511811023602016 ) ;
#3842 = DIRECTION ( 'NONE',  ( 1.000000000000000000, 1.644517855225996559E-15, 1.817990202823693835E-15 ) ) ;
#3843 = FILL_AREA_STYLE ('',( #5569 ) ) ;
#3844 = LINE ( 'NONE', #3899, #2368 ) ;
#3845 = DIRECTION ( 'NONE',  ( -0.9317773919853014064, -0.3630301527216026058, -1.693962169841890603E-15 ) ) ;
#3846 = AXIS2_PLACEMENT_3D ( 'NONE', #10704, #2748, #6279 ) ;
#3847 = DIRECTION ( 'NONE',  ( -1.644517855225997348E-15, 1.000000000000000000, -2.970554346222872930E-30 ) ) ;
#3848 = FACE_OUTER_BOUND ( 'NONE', #974, .T. ) ;
#3849 = ORIENTED_EDGE ( 'NONE', *, *, #1387, .T. ) ;
#3850 = AXIS2_PLACEMENT_3D ( 'NONE', #3929, #1499, #8428 ) ;
#3851 = PRESENTATION_STYLE_ASSIGNMENT (( #1938 ) ) ;
#3852 = VECTOR ( 'NONE', #9197, 39.37007874015748143 ) ;
#3853 = VERTEX_POINT ( 'NONE', #7862 ) ;
#3854 = FACE_OUTER_BOUND ( 'NONE', #3367, .T. ) ;
#3855 = VERTEX_POINT ( 'NONE', #5158 ) ;
#3856 = EDGE_CURVE ( 'NONE', #3188, #2346, #6078, .T. ) ;
#3857 = STYLED_ITEM ( 'NONE', ( #10395 ), #4638 ) ;
#3858 = ORIENTED_EDGE ( 'NONE', *, *, #9813, .F. ) ;
#3859 = EDGE_CURVE ( 'NONE', #2198, #841, #3281, .T. ) ;
#3860 = DIRECTION ( 'NONE',  ( -1.000000000000000000, -1.644517855225996559E-15, -1.817990202823693835E-15 ) ) ;
#3861 = EDGE_CURVE ( 'NONE', #8842, #2699, #3532, .T. ) ;
#3862 = DIRECTION ( 'NONE',  ( -1.644517855225997348E-15, 1.000000000000000000, -2.970554346222872930E-30 ) ) ;
#3863 = DIRECTION ( 'NONE',  ( -1.817990202823693835E-15, 0.0000000000000000000, 1.000000000000000000 ) ) ;
#3864 = CARTESIAN_POINT ( 'NONE',  ( 0.3809055118110185045, 0.1240157480314954819, -0.2049212598425219634 ) ) ;
#3865 = DIMENSIONAL_EXPONENTS ( 1.000000000000000000, 0.0000000000000000000, 0.0000000000000000000, 0.0000000000000000000, 0.0000000000000000000, 0.0000000000000000000, 0.0000000000000000000 ) ;
#3866 = FACE_OUTER_BOUND ( 'NONE', #6027, .T. ) ;
#3867 = AXIS2_PLACEMENT_3D ( 'NONE', #3940, #2963, #3767 ) ;
#3868 = ORIENTED_EDGE ( 'NONE', *, *, #3711, .F. ) ;
#3869 = ORIENTED_EDGE ( 'NONE', *, *, #8588, .T. ) ;
#3870 = ADVANCED_FACE ( 'NONE', ( #6193 ), #5605, .F. ) ;
#3871 = PLANE ( 'NONE',  #11063 ) ;
#3872 = EDGE_LOOP ( 'NONE', ( #8328, #2477, #4146, #3089, #7371, #7124 ) ) ;
#3873 = EDGE_CURVE ( 'NONE', #7077, #7249, #6314, .T. ) ;
#3874 = CARTESIAN_POINT ( 'NONE',  ( 0.5067913519291876723, 0.08893342700064806039, -0.1604330708661436955 ) ) ;
#3875 =( NAMED_UNIT ( * ) SI_UNIT ( $, .STERADIAN. ) SOLID_ANGLE_UNIT ( ) );
#3876 = CARTESIAN_POINT ( 'NONE',  ( 0.2421027395222939971, 0.06614173228346377498, -0.1604330708661442506 ) ) ;
#3877 = CARTESIAN_POINT ( 'NONE',  ( 0.3186023622047192694, 0.1476377952755898726, -0.1990157480314983796 ) ) ;
#3878 = CARTESIAN_POINT ( 'NONE',  ( 0.5076025148337935944, 0.06733071061424766857, -0.06043307086614371076 ) ) ;
#3879 = CARTESIAN_POINT ( 'NONE',  ( 0.3186023622047189363, 0.1476377952755898726, -0.1375984251968526972 ) ) ;
#3880 = VERTEX_POINT ( 'NONE', #1148 ) ;
#3881 =( GEOMETRIC_REPRESENTATION_CONTEXT ( 3 ) GLOBAL_UNCERTAINTY_ASSIGNED_CONTEXT ( ( #3524 ) ) GLOBAL_UNIT_ASSIGNED_CONTEXT ( ( #3209, #4195, #6736 ) ) REPRESENTATION_CONTEXT ( 'NONE', 'WORKASPACE' ) );
#3882 = DIMENSIONAL_EXPONENTS ( 1.000000000000000000, 0.0000000000000000000, 0.0000000000000000000, 0.0000000000000000000, 0.0000000000000000000, 0.0000000000000000000, 0.0000000000000000000 ) ;
#3883 =( NAMED_UNIT ( * ) SI_UNIT ( $, .STERADIAN. ) SOLID_ANGLE_UNIT ( ) );
#3884 = ADVANCED_FACE ( 'NONE', ( #10859 ), #238, .T. ) ;
#3885 = CARTESIAN_POINT ( 'NONE',  ( 0.4058070866141676447, 0.1240157480314955235, -0.1049212598425219023 ) ) ;
#3886 = ORIENTED_EDGE ( 'NONE', *, *, #11029, .F. ) ;
#3887 = DIRECTION ( 'NONE',  ( 1.154489273450655176E-15, -0.9701425001453140018, 0.2425356250364040234 ) ) ;
#3888 = EDGE_CURVE ( 'NONE', #7747, #3573, #10926, .T. ) ;
#3889 = FILL_AREA_STYLE_COLOUR ( '', #167 ) ;
#3890 = VECTOR ( 'NONE', #6716, 39.37007874015748143 ) ;
#3891 = UNCERTAINTY_MEASURE_WITH_UNIT (LENGTH_MEASURE( 1.000000000000000082E-05 ), #3965, 'distance_accuracy_value', 'NONE');
#3892 = CARTESIAN_POINT ( 'NONE',  ( 0.2864173228346396094, 0.1535433070866134286, 0.02578740157480073278 ) ) ;
#3893 = DIRECTION ( 'NONE',  ( -0.9317773919853014064, -0.3630301527216026058, -1.693962169841890603E-15 ) ) ;
#3894 = DIRECTION ( 'NONE',  ( 0.9317773919853026277, -0.3630301527215995527, 1.693962169841892772E-15 ) ) ;
#3895 = DIRECTION ( 'NONE',  ( 1.817990202823693835E-15, 0.0000000000000000000, -1.000000000000000000 ) ) ;
#3896 = ORIENTED_EDGE ( 'NONE', *, *, #1225, .T. ) ;
#3897 = VECTOR ( 'NONE', #6995, 39.37007874015748143 ) ;
#3898 =( CONVERSION_BASED_UNIT ( 'INCH', #359 ) LENGTH_UNIT ( ) NAMED_UNIT ( #4014 ) );
#3899 = CARTESIAN_POINT ( 'NONE',  ( 0.4806322371468050858, 0.08937007874015706621, 0.02905743399721845074 ) ) ;
#3900 = DIRECTION ( 'NONE',  ( 1.000000000000000000, 1.644517855225996559E-15, 1.817990202823693835E-15 ) ) ;
#3901 =( LENGTH_UNIT ( ) NAMED_UNIT ( * ) SI_UNIT ( $, .METRE. ) );
#3902 = CIRCLE ( 'NONE', #10764, 0.004724409448818893235 ) ;
#3903 = PLANE ( 'NONE',  #7958 ) ;
#3904 = CARTESIAN_POINT ( 'NONE',  ( 0.3821850393700738091, 0.1448818897637632053, -0.2812992125984274949 ) ) ;
#3905 = VERTEX_POINT ( 'NONE', #4750 ) ;
#3906 = ORIENTED_EDGE ( 'NONE', *, *, #4089, .F. ) ;
#3907 = SURFACE_STYLE_FILL_AREA ( #3735 ) ;
#3908 = ORIENTED_EDGE ( 'NONE', *, *, #3001, .T. ) ;
#3909 = VECTOR ( 'NONE', #9422, 39.37007874015748143 ) ;
#3910 = DIRECTION ( 'NONE',  ( -0.9317773919853014064, -0.3630301527216026058, -1.693962169841890603E-15 ) ) ;
#3911 = FACE_OUTER_BOUND ( 'NONE', #11069, .T. ) ;
#3912 = SURFACE_STYLE_FILL_AREA ( #10345 ) ;
#3913 = CARTESIAN_POINT ( 'NONE',  ( 0.3186023622047194359, 0.1476377952755898726, -0.2490157480314983962 ) ) ;
#3914 = SURFACE_SIDE_STYLE ('',( #6692 ) ) ;
#3915 = CARTESIAN_POINT ( 'NONE',  ( 0.5108267716535376257, 0.05905511811023586577, -0.04862204724409645989 ) ) ;
#3916 = PRESENTATION_LAYER_ASSIGNMENT (  '', '', ( #8325 ) ) ;
#3917 =( CONVERSION_BASED_UNIT ( 'INCH', #1957 ) LENGTH_UNIT ( ) NAMED_UNIT ( #8132 ) );
#3918 = ORIENTED_EDGE ( 'NONE', *, *, #10229, .T. ) ;
#3919 = ORIENTED_EDGE ( 'NONE', *, *, #3586, .T. ) ;
#3920 = LINE ( 'NONE', #7442, #4384 ) ;
#3921 = ORIENTED_EDGE ( 'NONE', *, *, #5190, .F. ) ;
#3922 = VECTOR ( 'NONE', #7260, 39.37007874015748143 ) ;
#3923 = FILL_AREA_STYLE_COLOUR ( '', #9863 ) ;
#3924 =( GEOMETRIC_REPRESENTATION_CONTEXT ( 3 ) GLOBAL_UNCERTAINTY_ASSIGNED_CONTEXT ( ( #4453 ) ) GLOBAL_UNIT_ASSIGNED_CONTEXT ( ( #10706, #9816, #2799 ) ) REPRESENTATION_CONTEXT ( 'NONE', 'WORKASPACE' ) );
#3925 = DIRECTION ( 'NONE',  ( 0.9317773919853026277, -0.3630301527215995527, 1.693962169841892772E-15 ) ) ;
#3926 = LENGTH_MEASURE_WITH_UNIT ( LENGTH_MEASURE( 0.02539999999999999897 ), #8425 );
#3927 = CARTESIAN_POINT ( 'NONE',  ( 0.2421027395222942191, 0.07204724409448738653, -0.2104330708661442673 ) ) ;
#3928 =( CONVERSION_BASED_UNIT ( 'INCH', #4573 ) LENGTH_UNIT ( ) NAMED_UNIT ( #4364 ) );
#3929 = CARTESIAN_POINT ( 'NONE',  ( 0.2421027395222934975, 0.07204724409448738653, 0.002700787401572295014 ) ) ;
#3930 = ADVANCED_FACE ( 'NONE', ( #1092 ), #4637, .T. ) ;
#3931 =( CONVERSION_BASED_UNIT ( 'INCH', #9904 ) LENGTH_UNIT ( ) NAMED_UNIT ( #7979 ) );
#3932 = VERTEX_POINT ( 'NONE', #4800 ) ;
#3933 = EDGE_CURVE ( 'NONE', #5566, #4218, #2129, .T. ) ;
#3934 = EDGE_CURVE ( 'NONE', #698, #3501, #6714, .T. ) ;
#3935 = CIRCLE ( 'NONE', #2259, 0.01299212598425198914 ) ;
#3936 = DIMENSIONAL_EXPONENTS ( 1.000000000000000000, 0.0000000000000000000, 0.0000000000000000000, 0.0000000000000000000, 0.0000000000000000000, 0.0000000000000000000, 0.0000000000000000000 ) ;
#3937 = SURFACE_STYLE_FILL_AREA ( #5718 ) ;
#3938 = ORIENTED_EDGE ( 'NONE', *, *, #4731, .F. ) ;
#3939 = PLANE ( 'NONE',  #10708 ) ;
#3940 = CARTESIAN_POINT ( 'NONE',  ( 0.2443811050961595677, 0.06162777273582203952, -0.03799212598425445037 ) ) ;
#3941 = CARTESIAN_POINT ( 'NONE',  ( 0.5076025148337939275, 0.06733071061424766857, -0.1261811023622067540 ) ) ;
#3942 = STYLED_ITEM ( 'NONE', ( #110 ), #8303 ) ;
#3943 = FACE_OUTER_BOUND ( 'NONE', #10435, .T. ) ;
#3944 = STYLED_ITEM ( 'NONE', ( #1494 ), #7392 ) ;
#3945 = DIRECTION ( 'NONE',  ( -1.817990202823693835E-15, 0.0000000000000000000, 1.000000000000000000 ) ) ;
#3946 = EDGE_CURVE ( 'NONE', #8842, #3853, #4162, .T. ) ;
#3947 = CARTESIAN_POINT ( 'NONE',  ( 0.4432086614173172401, 0.1535433070866137062, -0.09901574803149817972 ) ) ;
#3948 = VERTEX_POINT ( 'NONE', #1266 ) ;
#3949 = EDGE_CURVE ( 'NONE', #6244, #36, #3841, .T. ) ;
#3950 = CARTESIAN_POINT ( 'NONE',  ( 0.4432086614173168515, 0.1476377952755900669, 0.0009842519685018479535 ) ) ;
#3951 = CARTESIAN_POINT ( 'NONE',  ( 0.2746062992125927749, 0.09645669291338507256, -0.07618110236220720921 ) ) ;
#3952 = ORIENTED_EDGE ( 'NONE', *, *, #321, .T. ) ;
#3953 = CARTESIAN_POINT ( 'NONE',  ( 0.2550196716928484486, 0.08893342700064765793, -0.02618110236220720990 ) ) ;
#3954 = VECTOR ( 'NONE', #3784, 39.37007874015748143 ) ;
#3955 = DIMENSIONAL_EXPONENTS ( 1.000000000000000000, 0.0000000000000000000, 0.0000000000000000000, 0.0000000000000000000, 0.0000000000000000000, 0.0000000000000000000, 0.0000000000000000000 ) ;
#3956 =( CONVERSION_BASED_UNIT ( 'INCH', #3723 ) LENGTH_UNIT ( ) NAMED_UNIT ( #2227 ) );
#3957 = DIRECTION ( 'NONE',  ( -1.817990202823693835E-15, 0.0000000000000000000, 1.000000000000000000 ) ) ;
#3958 =( NAMED_UNIT ( * ) SI_UNIT ( $, .STERADIAN. ) SOLID_ANGLE_UNIT ( ) );
#3959 = LENGTH_MEASURE_WITH_UNIT ( LENGTH_MEASURE( 0.02539999999999999897 ), #7298 );
#3960 = ADVANCED_FACE ( 'NONE', ( #2309 ), #5666, .F. ) ;
#3961 =( LENGTH_UNIT ( ) NAMED_UNIT ( * ) SI_UNIT ( $, .METRE. ) );
#3962 = DIRECTION ( 'NONE',  ( -1.644517855225997348E-15, 1.000000000000000000, -2.970554346222872930E-30 ) ) ;
#3963 = ORIENTED_EDGE ( 'NONE', *, *, #10243, .T. ) ;
#3964 = LINE ( 'NONE', #7653, #10872 ) ;
#3965 =( CONVERSION_BASED_UNIT ( 'INCH', #9237 ) LENGTH_UNIT ( ) NAMED_UNIT ( #2985 ) );
#3966 = EDGE_LOOP ( 'NONE', ( #7934, #7889, #8223, #11389 ) ) ;
#3967 = ORIENTED_EDGE ( 'NONE', *, *, #4667, .T. ) ;
#3968 = AXIS2_PLACEMENT_3D ( 'NONE', #1736, #8798, #175 ) ;
#3969 = CARTESIAN_POINT ( 'NONE',  ( 0.4872047244094435126, 0.08937007874015708009, -0.1604330708661437788 ) ) ;
#3970 = CARTESIAN_POINT ( 'NONE',  ( 0.5197082840997424569, 0.05905511811023587965, -0.07618110236220675124 ) ) ;
#3971 = ORIENTED_EDGE ( 'NONE', *, *, #5821, .T. ) ;
#3972 = CARTESIAN_POINT ( 'NONE',  ( 0.3186023622047187698, 0.1535433070866134841, -0.09901574803149836013 ) ) ;
#3973 = AXIS2_PLACEMENT_3D ( 'NONE', #8403, #3203, #7484 ) ;
#3974 = PLANE ( 'NONE',  #7863 ) ;
#3975 = CARTESIAN_POINT ( 'NONE',  ( 0.2660249164800739252, 0.09645669291338505869, -0.2761811023622072203 ) ) ;
#3976 = FILL_AREA_STYLE_COLOUR ( '', #7302 ) ;
#3977 = CARTESIAN_POINT ( 'NONE',  ( 0.5076025148337944826, 0.06733071061424766857, -0.2761811023622067762 ) ) ;
#3978 = CIRCLE ( 'NONE', #8025, 0.005905511811023628037 ) ;
#3979 = ORIENTED_EDGE ( 'NONE', *, *, #2171, .T. ) ;
#3980 = ORIENTED_EDGE ( 'NONE', *, *, #247, .T. ) ;
#3981 = DIRECTION ( 'NONE',  ( -1.817990202823693835E-15, 0.0000000000000000000, 1.000000000000000000 ) ) ;
#3982 = EDGE_LOOP ( 'NONE', ( #3517, #8049, #3107, #7932 ) ) ;
#3983 =( GEOMETRIC_REPRESENTATION_CONTEXT ( 3 ) GLOBAL_UNCERTAINTY_ASSIGNED_CONTEXT ( ( #3098 ) ) GLOBAL_UNIT_ASSIGNED_CONTEXT ( ( #1628, #1854, #7798 ) ) REPRESENTATION_CONTEXT ( 'NONE', 'WORKASPACE' ) );
#3984 = EDGE_LOOP ( 'NONE', ( #2177, #2250, #8642, #432 ) ) ;
#3985 =( NAMED_UNIT ( * ) SI_UNIT ( $, .STERADIAN. ) SOLID_ANGLE_UNIT ( ) );
#3986 =( CONVERSION_BASED_UNIT ( 'INCH', #8605 ) LENGTH_UNIT ( ) NAMED_UNIT ( #2672 ) );
#3987 = CARTESIAN_POINT ( 'NONE',  ( 0.5197082840997424569, 0.06614173228346423294, -0.07618110236220675124 ) ) ;
#3988 = VECTOR ( 'NONE', #4635, 39.37007874015748143 ) ;
#3989 = ORIENTED_EDGE ( 'NONE', *, *, #1606, .T. ) ;
#3990 = CARTESIAN_POINT ( 'NONE',  ( 0.2175196850393649184, 0.06614173228346371947, -0.1879921259842545489 ) ) ;
#3991 = VECTOR ( 'NONE', #6172, 39.37007874015748143 ) ;
#3992 = EDGE_LOOP ( 'NONE', ( #8021, #5754, #7727, #9792, #4259, #11215, #5800, #5543, #6225, #6309, #651, #3542 ) ) ;
#3993 = LENGTH_MEASURE_WITH_UNIT ( LENGTH_MEASURE( 0.02539999999999999897 ), #1445 );
#3994 = ADVANCED_FACE ( 'NONE', ( #2191 ), #3939, .T. ) ;
#3995 = CIRCLE ( 'NONE', #7119, 0.004724409448818895838 ) ;
#3996 = CARTESIAN_POINT ( 'NONE',  ( 0.4432086614173168515, 0.1535433070866137062, 0.0009842519685018479535 ) ) ;
#3997 = EDGE_CURVE ( 'NONE', #477, #5917, #7148, .T. ) ;
#3998 = UNCERTAINTY_MEASURE_WITH_UNIT (LENGTH_MEASURE( 1.000000000000000082E-05 ), #4087, 'distance_accuracy_value', 'NONE');
#3999 = FACE_OUTER_BOUND ( 'NONE', #9235, .T. ) ;
#4000 = ADVANCED_FACE ( 'NONE', ( #8438 ), #507, .T. ) ;
#4001 = MECHANICAL_DESIGN_GEOMETRIC_PRESENTATION_REPRESENTATION (  '', ( #3435 ), #5650 ) ;
#4002 = CARTESIAN_POINT ( 'NONE',  ( 0.4058070866141674782, 0.1240157480314798000, -0.05649606299212818483 ) ) ;
#4003 = CARTESIAN_POINT ( 'NONE',  ( 0.2175196850393649184, 0.06614173228346371947, -0.1761811023622072703 ) ) ;
#4004 = ORIENTED_EDGE ( 'NONE', *, *, #3156, .F. ) ;
#4005 = SURFACE_STYLE_USAGE ( .BOTH. , #7414 ) ;
#4006 = CARTESIAN_POINT ( 'NONE',  ( 0.2660249164800736477, 0.09645669291338505869, -0.2104330708661442395 ) ) ;
#4007 = VERTEX_POINT ( 'NONE', #844 ) ;
#4008 = MECHANICAL_DESIGN_GEOMETRIC_PRESENTATION_REPRESENTATION (  '', ( #2342 ), #4186 ) ;
#4009 = MECHANICAL_DESIGN_GEOMETRIC_PRESENTATION_REPRESENTATION (  '', ( #9006 ), #7437 ) ;
#4010 = FILL_AREA_STYLE_COLOUR ( '', #685 ) ;
#4011 = ADVANCED_FACE ( 'NONE', ( #3464 ), #5948, .T. ) ;
#4012 =( NAMED_UNIT ( * ) PLANE_ANGLE_UNIT ( ) SI_UNIT ( $, .RADIAN. ) );
#4013 = CARTESIAN_POINT ( 'NONE',  ( 0.4058070866141676447, 0.1448818897637632330, -0.1312992125984274172 ) ) ;
#4014 = DIMENSIONAL_EXPONENTS ( 1.000000000000000000, 0.0000000000000000000, 0.0000000000000000000, 0.0000000000000000000, 0.0000000000000000000, 0.0000000000000000000, 0.0000000000000000000 ) ;
#4015 = EDGE_CURVE ( 'NONE', #9555, #4787, #10338, .T. ) ;
#4016 = CARTESIAN_POINT ( 'NONE',  ( 0.2746062992125929969, 0.08937007874015673314, -0.1104330708661441784 ) ) ;
#4017 = PRESENTATION_LAYER_ASSIGNMENT (  '', '', ( #2532 ) ) ;
#4018 = AXIS2_PLACEMENT_3D ( 'NONE', #8596, #655, #9429 ) ;
#4019 = DIRECTION ( 'NONE',  ( 0.3630301527216025503, -0.9317773919853011844, 6.599852609774626257E-16 ) ) ;
#4020 = SURFACE_STYLE_USAGE ( .BOTH. , #10219 ) ;
#4021 = CARTESIAN_POINT ( 'NONE',  ( 0.2421027395222942469, 0.05905511811023542168, -0.2261811023622072869 ) ) ;
#4022 = ORIENTED_EDGE ( 'NONE', *, *, #1375, .F. ) ;
#4023 = STYLED_ITEM ( 'NONE', ( #10043 ), #7226 ) ;
#4024 = SURFACE_SIDE_STYLE ('',( #4940 ) ) ;
#4025 = SURFACE_STYLE_FILL_AREA ( #4127 ) ;
#4026 = ORIENTED_EDGE ( 'NONE', *, *, #10772, .F. ) ;
#4027 = PRESENTATION_LAYER_ASSIGNMENT (  '', '', ( #9024 ) ) ;
#4028 = ORIENTED_EDGE ( 'NONE', *, *, #6137, .T. ) ;
#4029 = ADVANCED_FACE ( 'NONE', ( #7748 ), #2607, .F. ) ;
#4030 = AXIS2_PLACEMENT_3D ( 'NONE', #2673, #5207, #4236 ) ;
#4031 = DIRECTION ( 'NONE',  ( 1.000000000000000000, 1.644517855225996559E-15, 1.817990202823693835E-15 ) ) ;
#4032 = UNCERTAINTY_MEASURE_WITH_UNIT (LENGTH_MEASURE( 1.000000000000000082E-05 ), #5560, 'distance_accuracy_value', 'NONE');
#4033 = CARTESIAN_POINT ( 'NONE',  ( 0.2542085087882421934, 0.06733071061424725223, -0.01043307086614417636 ) ) ;
#4034 = ORIENTED_EDGE ( 'NONE', *, *, #6147, .F. ) ;
#4035 = FACE_OUTER_BOUND ( 'NONE', #4746, .T. ) ;
#4036 = MECHANICAL_DESIGN_GEOMETRIC_PRESENTATION_REPRESENTATION (  '', ( #8649 ), #5129 ) ;
#4037 = VECTOR ( 'NONE', #7346, 39.37007874015748143 ) ;
#4038 = CARTESIAN_POINT ( 'NONE',  ( 0.2509842519684981621, 0.05905511811023543556, -0.03799212598425445037 ) ) ;
#4039 = DIRECTION ( 'NONE',  ( -0.9317773919853026277, 0.3630301527215991642, -1.445602896647337733E-15 ) ) ;
#4040 = CARTESIAN_POINT ( 'NONE',  ( 0.4957861071419636390, 0.09645669291338543339, -0.2604330708661438121 ) ) ;
#4041 = DIRECTION ( 'NONE',  ( -1.644517855225997348E-15, 1.000000000000000000, -2.970554346222872930E-30 ) ) ;
#4042 = ORIENTED_EDGE ( 'NONE', *, *, #1747, .T. ) ;
#4043 = ORIENTED_EDGE ( 'NONE', *, *, #964, .F. ) ;
#4044 = VERTEX_POINT ( 'NONE', #9662 ) ;
#4045 = VECTOR ( 'NONE', #9026, 39.37007874015748143 ) ;
#4046 = CARTESIAN_POINT ( 'NONE',  ( 0.2660249164800734811, 0.08937007874015670539, -0.1761811023622072148 ) ) ;
#4047 = DIRECTION ( 'NONE',  ( 1.000000000000000000, 1.644517855225996559E-15, 1.817990202823693835E-15 ) ) ;
#4048 = VECTOR ( 'NONE', #2563, 39.37007874015748143 ) ;
#4049 = CARTESIAN_POINT ( 'NONE',  ( 0.3560039370078689203, 0.1279527559055112229, -0.2326771653543329432 ) ) ;
#4050 =( LENGTH_UNIT ( ) NAMED_UNIT ( * ) SI_UNIT ( $, .METRE. ) );
#4051 = CARTESIAN_POINT ( 'NONE',  ( 0.4957861071419636390, 0.08937007874015708009, -0.2604330708661438121 ) ) ;
#4052 = ORIENTED_EDGE ( 'NONE', *, *, #7538, .T. ) ;
#4053 =( CONVERSION_BASED_UNIT ( 'INCH', #11189 ) LENGTH_UNIT ( ) NAMED_UNIT ( #4613 ) );
#4054 = VERTEX_POINT ( 'NONE', #1731 ) ;
#4055 =( NAMED_UNIT ( * ) PLANE_ANGLE_UNIT ( ) SI_UNIT ( $, .RADIAN. ) );
#4056 =( CONVERSION_BASED_UNIT ( 'INCH', #4910 ) LENGTH_UNIT ( ) NAMED_UNIT ( #10080 ) );
#4057 = SURFACE_SIDE_STYLE ('',( #11254 ) ) ;
#4058 = DIRECTION ( 'NONE',  ( -1.000000000000000000, -1.644517855225996559E-15, -1.817990202823693835E-15 ) ) ;
#4059 = DIRECTION ( 'NONE',  ( -1.817990202823693835E-15, 0.0000000000000000000, 1.000000000000000000 ) ) ;
#4060 = FILL_AREA_STYLE ('',( #2314 ) ) ;
#4061 = DIRECTION ( 'NONE',  ( -1.817990202823693835E-15, 0.0000000000000000000, 1.000000000000000000 ) ) ;
#4062 = PRESENTATION_LAYER_ASSIGNMENT (  '', '', ( #2387 ) ) ;
#4063 = DIRECTION ( 'NONE',  ( 1.000000000000000000, 1.644517855225996559E-15, 1.817990202823693835E-15 ) ) ;
#4064 = VERTEX_POINT ( 'NONE', #5246 ) ;
#4065 = DIRECTION ( 'NONE',  ( 1.644517855225997348E-15, -1.000000000000000000, 2.970554346222872930E-30 ) ) ;
#4066 = DIRECTION ( 'NONE',  ( 1.817990202823693835E-15, 0.0000000000000000000, -1.000000000000000000 ) ) ;
#4067 = EDGE_CURVE ( 'NONE', #6708, #6698, #8791, .T. ) ;
#4068 = CARTESIAN_POINT ( 'NONE',  ( 0.5076025148337942605, 0.06733071061424766857, -0.2261811023622067873 ) ) ;
#4069 = PRESENTATION_LAYER_ASSIGNMENT (  '', '', ( #7189 ) ) ;
#4070 = SURFACE_SIDE_STYLE ('',( #7645 ) ) ;
#4071 = SURFACE_STYLE_FILL_AREA ( #10279 ) ;
#4072 =( NAMED_UNIT ( * ) SI_UNIT ( $, .STERADIAN. ) SOLID_ANGLE_UNIT ( ) );
#4073 = FACE_OUTER_BOUND ( 'NONE', #11012, .T. ) ;
#4074 = CARTESIAN_POINT ( 'NONE',  ( 0.5197082840997430120, 0.06614173228346423294, -0.2104330708661437122 ) ) ;
#4075 = ORIENTED_EDGE ( 'NONE', *, *, #3012, .T. ) ;
#4076 = EDGE_CURVE ( 'NONE', #5335, #7991, #2229, .T. ) ;
#4077 = COLOUR_RGB ( '',0.7607843137254901578, 0.7607843137254901578, 0.0000000000000000000 ) ;
#4078 = FACE_OUTER_BOUND ( 'NONE', #6931, .T. ) ;
#4079 = ORIENTED_EDGE ( 'NONE', *, *, #3421, .F. ) ;
#4080 = EDGE_CURVE ( 'NONE', #3071, #10463, #1363, .T. ) ;
#4081 = ORIENTED_EDGE ( 'NONE', *, *, #1893, .F. ) ;
#4082 = VECTOR ( 'NONE', #2360, 39.37007874015748143 ) ;
#4083 = PRESENTATION_STYLE_ASSIGNMENT (( #1705 ) ) ;
#4084 = FACE_OUTER_BOUND ( 'NONE', #7441, .T. ) ;
#4085 = DIRECTION ( 'NONE',  ( -1.644517855225997348E-15, 1.000000000000000000, -2.970554346222872930E-30 ) ) ;
#4086 = ORIENTED_EDGE ( 'NONE', *, *, #6065, .T. ) ;
#4087 =( CONVERSION_BASED_UNIT ( 'INCH', #8648 ) LENGTH_UNIT ( ) NAMED_UNIT ( #372 ) );
#4088 = DIMENSIONAL_EXPONENTS ( 1.000000000000000000, 0.0000000000000000000, 0.0000000000000000000, 0.0000000000000000000, 0.0000000000000000000, 0.0000000000000000000, 0.0000000000000000000 ) ;
#4089 = EDGE_CURVE ( 'NONE', #3071, #8838, #6743, .T. ) ;
#4090 = CARTESIAN_POINT ( 'NONE',  ( 0.4058070866141674782, 0.1240157480314955235, -0.05492125984252187870 ) ) ;
#4091 = EDGE_LOOP ( 'NONE', ( #5767, #11281, #1490, #1549 ) ) ;
#4092 = EDGE_CURVE ( 'NONE', #3816, #838, #8415, .T. ) ;
#4093 = STYLED_ITEM ( 'NONE', ( #5873 ), #6183 ) ;
#4094 = ORIENTED_EDGE ( 'NONE', *, *, #4781, .F. ) ;
#4095 = DIRECTION ( 'NONE',  ( 0.3630301527215994972, 0.9317773919853026277, 6.599852609774574981E-16 ) ) ;
#4096 = VERTEX_POINT ( 'NONE', #5877 ) ;
#4097 = LENGTH_MEASURE_WITH_UNIT ( LENGTH_MEASURE( 0.02539999999999999897 ), #6702 );
#4098 = CARTESIAN_POINT ( 'NONE',  ( 0.4058070866141678668, 0.1279527559055112784, -0.1539370078740179282 ) ) ;
#4099 = CARTESIAN_POINT ( 'NONE',  ( 0.5197082840997432340, 0.06614173228346423294, -0.2761811023622067762 ) ) ;
#4100 = CARTESIAN_POINT ( 'NONE',  ( 0.4058070866141681443, 0.1448818897637632330, -0.2312992125984274228 ) ) ;
#4101 = DIRECTION ( 'NONE',  ( -1.817990202823693835E-15, 0.0000000000000000000, 1.000000000000000000 ) ) ;
#4102 = CARTESIAN_POINT ( 'NONE',  ( 0.2550196716928484486, 0.08893342700064765793, -0.02618110236220720990 ) ) ;
#4103 = PRESENTATION_STYLE_ASSIGNMENT (( #8548 ) ) ;
#4104 = EDGE_CURVE ( 'NONE', #2114, #1773, #7501, .T. ) ;
#4105 =( CONVERSION_BASED_UNIT ( 'INCH', #10371 ) LENGTH_UNIT ( ) NAMED_UNIT ( #5324 ) );
#4106 = ORIENTED_EDGE ( 'NONE', *, *, #4378, .T. ) ;
#4107 = FACE_OUTER_BOUND ( 'NONE', #9575, .T. ) ;
#4108 = VECTOR ( 'NONE', #1388, 39.37007874015748854 ) ;
#4109 = ORIENTED_EDGE ( 'NONE', *, *, #10786, .T. ) ;
#4110 = AXIS2_PLACEMENT_3D ( 'NONE', #11163, #8645, #9418 ) ;
#4111 = DIRECTION ( 'NONE',  ( -0.9317773919853016285, -0.3630301527216017177, -2.628368902995158081E-15 ) ) ;
#4112 = UNCERTAINTY_MEASURE_WITH_UNIT (LENGTH_MEASURE( 1.000000000000000082E-05 ), #7022, 'distance_accuracy_value', 'NONE');
#4113 =( NAMED_UNIT ( * ) PLANE_ANGLE_UNIT ( ) SI_UNIT ( $, .RADIAN. ) );
#4114 = FILL_AREA_STYLE ('',( #5900 ) ) ;
#4115 =( GEOMETRIC_REPRESENTATION_CONTEXT ( 3 ) GLOBAL_UNCERTAINTY_ASSIGNED_CONTEXT ( ( #5250 ) ) GLOBAL_UNIT_ASSIGNED_CONTEXT ( ( #10939, #1217, #3958 ) ) REPRESENTATION_CONTEXT ( 'NONE', 'WORKASPACE' ) );
#4116 = ORIENTED_EDGE ( 'NONE', *, *, #2455, .T. ) ;
#4117 = VECTOR ( 'NONE', #10490, 39.37007874015748143 ) ;
#4118 = FILL_AREA_STYLE ('',( #10211 ) ) ;
#4119 = CARTESIAN_POINT ( 'NONE',  ( 0.3560039370078680876, 0.1279527559055112229, -0.003937007874017977964 ) ) ;
#4120 = VECTOR ( 'NONE', #4085, 39.37007874015748143 ) ;
#4121 = CARTESIAN_POINT ( 'NONE',  ( 0.2175196850393649184, 0.05905511811023538005, -0.1761811023622072703 ) ) ;
#4122 = AXIS2_PLACEMENT_3D ( 'NONE', #10191, #3112, #5759 ) ;
#4123 = PRESENTATION_STYLE_ASSIGNMENT (( #8512 ) ) ;
#4124 = DIRECTION ( 'NONE',  ( -0.3630301527216025503, 0.9317773919853011844, -6.599852609774626257E-16 ) ) ;
#4125 = VERTEX_POINT ( 'NONE', #11064 ) ;
#4126 = SURFACE_STYLE_USAGE ( .BOTH. , #5739 ) ;
#4127 = FILL_AREA_STYLE ('',( #475 ) ) ;
#4128 = VERTEX_POINT ( 'NONE', #2352 ) ;
#4129 = AXIS2_PLACEMENT_3D ( 'NONE', #5224, #8584, #4306 ) ;
#4130 = EDGE_LOOP ( 'NONE', ( #1232, #6734, #9607, #7564, #2573, #4329, #1857, #4252, #10126, #10699, #770, #4052 ) ) ;
#4131 = CARTESIAN_POINT ( 'NONE',  ( 0.2421027395222943024, 0.07204724409448738653, -0.1972992125984277256 ) ) ;
#4132 = EDGE_CURVE ( 'NONE', #10949, #895, #3665, .T. ) ;
#4133 = CARTESIAN_POINT ( 'NONE',  ( 0.4058070866141674782, 0.1448818897637632330, -0.08129921259842741443 ) ) ;
#4134 = MECHANICAL_DESIGN_GEOMETRIC_PRESENTATION_REPRESENTATION (  '', ( #8955 ), #1927 ) ;
#4135 = CARTESIAN_POINT ( 'NONE',  ( 0.4872047244094431795, 0.09645669291338541951, -0.07618110236220680676 ) ) ;
#4136 = EDGE_CURVE ( 'NONE', #1605, #10871, #9308, .T. ) ;
#4137 = ORIENTED_EDGE ( 'NONE', *, *, #935, .F. ) ;
#4138 = CARTESIAN_POINT ( 'NONE',  ( 0.4058070866141674782, 0.1279527559055124442, -0.05531496062992343615 ) ) ;
#4139 = FACE_OUTER_BOUND ( 'NONE', #4620, .T. ) ;
#4140 = DIRECTION ( 'NONE',  ( 1.644517855225996559E-15, -1.000000000000000000, 2.970554346222871178E-30 ) ) ;
#4141 = DIRECTION ( 'NONE',  ( -1.000000000000000000, -1.644517855225997348E-15, -1.817990202823693441E-15 ) ) ;
#4142 = ORIENTED_EDGE ( 'NONE', *, *, #2874, .F. ) ;
#4143 = PRESENTATION_LAYER_ASSIGNMENT (  '', '', ( #4523 ) ) ;
#4144 = VERTEX_POINT ( 'NONE', #9426 ) ;
#4145 = LINE ( 'NONE', #5932, #8437 ) ;
#4146 = ORIENTED_EDGE ( 'NONE', *, *, #10770, .F. ) ;
#4147 = EDGE_CURVE ( 'NONE', #4507, #6107, #1488, .T. ) ;
#4148 =( CONVERSION_BASED_UNIT ( 'INCH', #5012 ) LENGTH_UNIT ( ) NAMED_UNIT ( #4088 ) );
#4149 = AXIS2_PLACEMENT_3D ( 'NONE', #2334, #5861, #4993 ) ;
#4150 = PRESENTATION_STYLE_ASSIGNMENT (( #2472 ) ) ;
#4151 = EDGE_CURVE ( 'NONE', #5787, #8838, #3327, .T. ) ;
#4152 = CARTESIAN_POINT ( 'NONE',  ( 0.2421027395222934142, 0.06614173228346377498, -0.02618110236220727929 ) ) ;
#4153 = AXIS2_PLACEMENT_3D ( 'NONE', #10807, #1097, #396 ) ;
#4154 =( NAMED_UNIT ( * ) SI_UNIT ( $, .STERADIAN. ) SOLID_ANGLE_UNIT ( ) );
#4155 = CARTESIAN_POINT ( 'NONE',  ( 0.5442913385826717576, 0.06614173228346426070, -0.1261811023622066708 ) ) ;
#4156 = ORIENTED_EDGE ( 'NONE', *, *, #3799, .F. ) ;
#4157 = PRESENTATION_LAYER_ASSIGNMENT (  '', '', ( #2494 ) ) ;
#4158 = DIMENSIONAL_EXPONENTS ( 1.000000000000000000, 0.0000000000000000000, 0.0000000000000000000, 0.0000000000000000000, 0.0000000000000000000, 0.0000000000000000000, 0.0000000000000000000 ) ;
#4159 = FILL_AREA_STYLE_COLOUR ( '', #5312 ) ;
#4160 = EDGE_LOOP ( 'NONE', ( #3303, #90, #738, #768 ) ) ;
#4161 = PRESENTATION_LAYER_ASSIGNMENT (  '', '', ( #6744 ) ) ;
#4162 = LINE ( 'NONE', #9443, #10897 ) ;
#4163 = EDGE_CURVE ( 'NONE', #6976, #538, #3278, .T. ) ;
#4164 = CARTESIAN_POINT ( 'NONE',  ( 0.2175196850393642523, 0.05905511811023538005, -0.02618110236220727929 ) ) ;
#4165 = DIRECTION ( 'NONE',  ( 1.644517855225996559E-15, -1.000000000000000000, 2.970554346222871178E-30 ) ) ;
#4166 =( NAMED_UNIT ( * ) PLANE_ANGLE_UNIT ( ) SI_UNIT ( $, .RADIAN. ) );
#4167 = AXIS2_PLACEMENT_3D ( 'NONE', #3990, #1380, #389 ) ;
#4168 = CARTESIAN_POINT ( 'NONE',  ( 0.3339566929133800377, 0.1240157480314796473, -0.04429133858267952223 ) ) ;
#4169 =( NAMED_UNIT ( * ) SI_UNIT ( $, .STERADIAN. ) SOLID_ANGLE_UNIT ( ) );
#4170 = CARTESIAN_POINT ( 'NONE',  ( 0.4058070866141683664, 0.1279527559055124442, -0.2553149606299234819 ) ) ;
#4171 = AXIS2_PLACEMENT_3D ( 'NONE', #2594, #2652, #955 ) ;
#4172 = ORIENTED_EDGE ( 'NONE', *, *, #8836, .F. ) ;
#4173 = CARTESIAN_POINT ( 'NONE',  ( 0.5001882050568453586, 0.08636077237506221971, -0.2104330708661437954 ) ) ;
#4174 = CARTESIAN_POINT ( 'NONE',  ( 0.3186023622047194359, 0.1535433070866134841, -0.2490157480314983962 ) ) ;
#4175 = DIRECTION ( 'NONE',  ( 1.817990202823693835E-15, 0.0000000000000000000, -1.000000000000000000 ) ) ;
#4176 = VECTOR ( 'NONE', #2572, 39.37007874015748143 ) ;
#4177 = CARTESIAN_POINT ( 'NONE',  ( 0.2746062992125928859, 0.08937007874015673314, -0.1104330708661442062 ) ) ;
#4178 = MECHANICAL_DESIGN_GEOMETRIC_PRESENTATION_REPRESENTATION (  '', ( #9175 ), #6020 ) ;
#4179 = CARTESIAN_POINT ( 'NONE',  ( 0.2421027395222939138, 0.07204724409448738653, -0.09729921259842770620 ) ) ;
#4180 = SURFACE_STYLE_USAGE ( .BOTH. , #4070 ) ;
#4181 = DIRECTION ( 'NONE',  ( 0.5643446851342032167, 0.8255392639728148518, 0.0000000000000000000 ) ) ;
#4182 =( NAMED_UNIT ( * ) PLANE_ANGLE_UNIT ( ) SI_UNIT ( $, .RADIAN. ) );
#4183 = CARTESIAN_POINT ( 'NONE',  ( 0.4957861071419636390, 0.08937007874015708009, -0.2761811023622068317 ) ) ;
#4184 =( NAMED_UNIT ( * ) PLANE_ANGLE_UNIT ( ) SI_UNIT ( $, .RADIAN. ) );
#4185 = ORIENTED_EDGE ( 'NONE', *, *, #6361, .F. ) ;
#4186 =( GEOMETRIC_REPRESENTATION_CONTEXT ( 3 ) GLOBAL_UNCERTAINTY_ASSIGNED_CONTEXT ( ( #10877 ) ) GLOBAL_UNIT_ASSIGNED_CONTEXT ( ( #3190, #9398, #4862 ) ) REPRESENTATION_CONTEXT ( 'NONE', 'WORKASPACE' ) );
#4187 = CARTESIAN_POINT ( 'NONE',  ( 0.3186023622047192139, 0.1476377952755898726, -0.1875984251968526861 ) ) ;
#4188 = FILL_AREA_STYLE_COLOUR ( '', #5993 ) ;
#4189 = AXIS2_PLACEMENT_3D ( 'NONE', #2097, #7651, #9345 ) ;
#4190 = ORIENTED_EDGE ( 'NONE', *, *, #2319, .F. ) ;
#4191 = SURFACE_STYLE_USAGE ( .BOTH. , #639 ) ;
#4192 = VERTEX_POINT ( 'NONE', #2464 ) ;
#4193 = STYLED_ITEM ( 'NONE', ( #1122 ), #3574 ) ;
#4194 = DIRECTION ( 'NONE',  ( -1.000000000000000000, -1.644517855225996559E-15, -1.817990202823693835E-15 ) ) ;
#4195 =( NAMED_UNIT ( * ) PLANE_ANGLE_UNIT ( ) SI_UNIT ( $, .RADIAN. ) );
#4196 = LINE ( 'NONE', #1650, #11001 ) ;
#4197 =( GEOMETRIC_REPRESENTATION_CONTEXT ( 3 ) GLOBAL_UNCERTAINTY_ASSIGNED_CONTEXT ( ( #1790 ) ) GLOBAL_UNIT_ASSIGNED_CONTEXT ( ( #6581, #9199, #1187 ) ) REPRESENTATION_CONTEXT ( 'NONE', 'WORKASPACE' ) );
#4198 = ORIENTED_EDGE ( 'NONE', *, *, #7348, .F. ) ;
#4199 = LINE ( 'NONE', #5925, #6113 ) ;
#4200 = SURFACE_STYLE_FILL_AREA ( #708 ) ;
#4201 = STYLED_ITEM ( 'NONE', ( #3250 ), #2682 ) ;
#4202 = CARTESIAN_POINT ( 'NONE',  ( 0.2175196850393644743, 0.06614173228346371947, -0.07618110236220727860 ) ) ;
#4203 = EDGE_LOOP ( 'NONE', ( #2234, #6088, #2481, #7192 ) ) ;
#4204 = EDGE_LOOP ( 'NONE', ( #6866, #3387, #3919, #580 ) ) ;
#4205 = EDGE_CURVE ( 'NONE', #4961, #10389, #5867, .T. ) ;
#4207 = LINE ( 'NONE', #9484, #3082 ) ;
#4206 = AXIS2_PLACEMENT_3D ( 'NONE', #9214, #7579, #447 ) ;
#4208 = ORIENTED_EDGE ( 'NONE', *, *, #10692, .T. ) ;
#4209 = ADVANCED_FACE ( 'NONE', ( #596 ), #5929, .T. ) ;
#4210 = MECHANICAL_DESIGN_GEOMETRIC_PRESENTATION_REPRESENTATION (  '', ( #7528 ), #324 ) ;
#4211 = VECTOR ( 'NONE', #10438, 39.37007874015748143 ) ;
#4212 = FILL_AREA_STYLE_COLOUR ( '', #1978 ) ;
#4213 = CARTESIAN_POINT ( 'NONE',  ( 0.2175196850393646686, 0.05905511811023538005, -0.1261811023622072814 ) ) ;
#4214 =( NAMED_UNIT ( * ) SI_UNIT ( $, .STERADIAN. ) SOLID_ANGLE_UNIT ( ) );
#4215 = VECTOR ( 'NONE', #5062, 39.37007874015748143 ) ;
#4216 = VERTEX_POINT ( 'NONE', #7563 ) ;
#4217 = EDGE_CURVE ( 'NONE', #8575, #7767, #11118, .T. ) ;
#4218 = VERTEX_POINT ( 'NONE', #7668 ) ;
#4219 = VECTOR ( 'NONE', #2243, 39.37007874015748143 ) ;
#4220 = ORIENTED_EDGE ( 'NONE', *, *, #448, .T. ) ;
#4221 = EDGE_CURVE ( 'NONE', #9369, #5553, #6812, .T. ) ;
#4222 = CARTESIAN_POINT ( 'NONE',  ( 0.3809055118110176719, 0.1240157480314954819, -0.004921259842521943581 ) ) ;
#4223 = VERTEX_POINT ( 'NONE', #8592 ) ;
#4224 = LENGTH_MEASURE_WITH_UNIT ( LENGTH_MEASURE( 0.02539999999999999897 ), #6655 );
#4225 = COLOUR_RGB ( '',1.000000000000000000, 1.000000000000000000, 1.000000000000000000 ) ;
#4226 = FILL_AREA_STYLE_COLOUR ( '', #11468 ) ;
#4227 = UNCERTAINTY_MEASURE_WITH_UNIT (LENGTH_MEASURE( 1.000000000000000082E-05 ), #8600, 'distance_accuracy_value', 'NONE');
#4228 = SURFACE_STYLE_USAGE ( .BOTH. , #7524 ) ;
#4229 = CARTESIAN_POINT ( 'NONE',  ( 0.4104330708661356741, 0.1535433070866136507, 0.03759842519684825080 ) ) ;
#4230 = DIRECTION ( 'NONE',  ( 1.817990202823693835E-15, -3.503246160812042677E-46, -1.000000000000000000 ) ) ;
#4231 = ORIENTED_EDGE ( 'NONE', *, *, #2549, .F. ) ;
#4232 = EDGE_CURVE ( 'NONE', #5804, #4218, #650, .T. ) ;
#4233 = CARTESIAN_POINT ( 'NONE',  ( 0.2542085087882432481, 0.06733071061424725223, -0.2761811023622072203 ) ) ;
#4234 = EDGE_CURVE ( 'NONE', #3637, #2669, #429, .T. ) ;
#4235 = PRESENTATION_STYLE_ASSIGNMENT (( #11435 ) ) ;
#4236 = DIRECTION ( 'NONE',  ( 0.9317773919853026277, -0.3630301527215991642, 0.0000000000000000000 ) ) ;
#4237 = CARTESIAN_POINT ( 'NONE',  ( 0.3186023622047192139, 0.1535433070866134841, -0.1875984251968526861 ) ) ;
#4238 = DIMENSIONAL_EXPONENTS ( 1.000000000000000000, 0.0000000000000000000, 0.0000000000000000000, 0.0000000000000000000, 0.0000000000000000000, 0.0000000000000000000, 0.0000000000000000000 ) ;
#4239 = MECHANICAL_DESIGN_GEOMETRIC_PRESENTATION_REPRESENTATION (  '', ( #3310 ), #4612 ) ;
#4240 = UNCERTAINTY_MEASURE_WITH_UNIT (LENGTH_MEASURE( 1.000000000000000082E-05 ), #4729, 'distance_accuracy_value', 'NONE');
#4241 =( NAMED_UNIT ( * ) SI_UNIT ( $, .STERADIAN. ) SOLID_ANGLE_UNIT ( ) );
#4242 =( CONVERSION_BASED_UNIT ( 'INCH', #695 ) LENGTH_UNIT ( ) NAMED_UNIT ( #6534 ) );
#4243 = CARTESIAN_POINT ( 'NONE',  ( 0.2175196850393652515, 0.06259842519684954976, -0.2683070866141758493 ) ) ;
#4244 = PLANE ( 'NONE',  #10409 ) ;
#4245 = DIRECTION ( 'NONE',  ( 1.519684859950636582E-14, 0.9701425001453376495, 0.2425356250363099597 ) ) ;
#4246 = ORIENTED_EDGE ( 'NONE', *, *, #9388, .T. ) ;
#4247 =( NAMED_UNIT ( * ) PLANE_ANGLE_UNIT ( ) SI_UNIT ( $, .RADIAN. ) );
#4248 = SURFACE_STYLE_FILL_AREA ( #1815 ) ;
#4249 = ORIENTED_EDGE ( 'NONE', *, *, #2301, .T. ) ;
#4250 = VECTOR ( 'NONE', #8409, 39.37007874015748143 ) ;
#4251 = CARTESIAN_POINT ( 'NONE',  ( 0.4872047244094437346, 0.09645669291338541951, -0.2104330708661437954 ) ) ;
#4252 = ORIENTED_EDGE ( 'NONE', *, *, #1658, .T. ) ;
#4253 = FILL_AREA_STYLE ('',( #1413 ) ) ;
#4254 = LINE ( 'NONE', #11392, #3357 ) ;
#4255 = DIRECTION ( 'NONE',  ( 1.644517855225996559E-15, -1.000000000000000000, 2.970554346222871178E-30 ) ) ;
#4256 =( CONVERSION_BASED_UNIT ( 'INCH', #11286 ) LENGTH_UNIT ( ) NAMED_UNIT ( #1578 ) );
#4257 = AXIS2_PLACEMENT_3D ( 'NONE', #4334, #8918, #970 ) ;
#4258 = SURFACE_STYLE_FILL_AREA ( #5114 ) ;
#4259 = ORIENTED_EDGE ( 'NONE', *, *, #4559, .T. ) ;
#4260 = ORIENTED_EDGE ( 'NONE', *, *, #816, .T. ) ;
#4261 = VECTOR ( 'NONE', #2182, 39.37007874015748143 ) ;
#4262 = DIRECTION ( 'NONE',  ( 1.817990202823693835E-15, 0.0000000000000000000, -1.000000000000000000 ) ) ;
#4263 = ORIENTED_EDGE ( 'NONE', *, *, #6890, .F. ) ;
#4264 = FILL_AREA_STYLE_COLOUR ( '', #5531 ) ;
#4265 =( CONVERSION_BASED_UNIT ( 'INCH', #6819 ) LENGTH_UNIT ( ) NAMED_UNIT ( #10937 ) );
#4266 = DIRECTION ( 'NONE',  ( 1.644517855225996559E-15, -1.000000000000000000, 2.970554346222871178E-30 ) ) ;
#4267 = DIRECTION ( 'NONE',  ( 1.817990202823693835E-15, 0.0000000000000000000, -1.000000000000000000 ) ) ;
#4268 = EDGE_LOOP ( 'NONE', ( #727, #4481, #8700, #9689 ) ) ;
#4269 = ORIENTED_EDGE ( 'NONE', *, *, #1666, .F. ) ;
#4270 = ORIENTED_EDGE ( 'NONE', *, *, #11314, .F. ) ;
#4271 = EDGE_LOOP ( 'NONE', ( #7326, #2977, #6201, #528 ) ) ;
#4272 = CIRCLE ( 'NONE', #751, 0.005905511811023644517 ) ;
#4273 = DIRECTION ( 'NONE',  ( 0.0000000000000000000, -1.000000000000000000, 0.0000000000000000000 ) ) ;
#4274 = EDGE_CURVE ( 'NONE', #1119, #5917, #6695, .T. ) ;
#4275 = PLANE ( 'NONE',  #2649 ) ;
#4276 = LINE ( 'NONE', #11255, #3146 ) ;
#4277 = SURFACE_STYLE_USAGE ( .BOTH. , #8030 ) ;
#4278 =( NAMED_UNIT ( * ) PLANE_ANGLE_UNIT ( ) SI_UNIT ( $, .RADIAN. ) );
#4279 = CARTESIAN_POINT ( 'NONE',  ( 0.4957861071419630283, 0.09645669291338543339, -0.1261811023622068095 ) ) ;
#4280 = ADVANCED_FACE ( 'NONE', ( #541 ), #10360, .T. ) ;
#4281 = DIRECTION ( 'NONE',  ( 0.9317773919853008513, 0.3630301527216037161, 2.891205793294688483E-15 ) ) ;
#4282 = ORIENTED_EDGE ( 'NONE', *, *, #9867, .T. ) ;
#4283 = VECTOR ( 'NONE', #8963, 39.37007874015748143 ) ;
#4284 = CARTESIAN_POINT ( 'NONE',  ( 0.3821850393700735316, 0.1240157480314797583, -0.1812992125984274894 ) ) ;
#4285 = MECHANICAL_DESIGN_GEOMETRIC_PRESENTATION_REPRESENTATION (  '', ( #9108 ), #4665 ) ;
#4286 = FACE_OUTER_BOUND ( 'NONE', #2826, .T. ) ;
#4287 = DIRECTION ( 'NONE',  ( -1.644517855225997348E-15, 1.000000000000000000, -2.970554346222872930E-30 ) ) ;
#4288 = FILL_AREA_STYLE_COLOUR ( '', #4225 ) ;
#4289 = ADVANCED_FACE ( 'NONE', ( #1052 ), #4538, .F. ) ;
#4290 = MECHANICAL_DESIGN_GEOMETRIC_PRESENTATION_REPRESENTATION (  '', ( #10223 ), #2638 ) ;
#4291 = CARTESIAN_POINT ( 'NONE',  ( 0.5442913385826717576, 0.05905511811023591434, -0.1104330708661436372 ) ) ;
#4292 = VECTOR ( 'NONE', #7172, 39.37007874015748854 ) ;
#4293 = DIRECTION ( 'NONE',  ( -1.000000000000000000, -1.644517855225996559E-15, -1.817990202823693835E-15 ) ) ;
#4294 = CARTESIAN_POINT ( 'NONE',  ( 0.4957861071419630283, 0.09645669291338543339, -0.1104330708661437760 ) ) ;
#4295 = EDGE_CURVE ( 'NONE', #1171, #10794, #3609, .T. ) ;
#4296 = CARTESIAN_POINT ( 'NONE',  ( 0.3560039370078691978, 0.1279527559055112229, -0.2826771653543329599 ) ) ;
#4297 = CARTESIAN_POINT ( 'NONE',  ( 0.4957861071419628618, 0.09645669291338543339, -0.07618110236220680676 ) ) ;
#4298 = EDGE_LOOP ( 'NONE', ( #8714, #7518, #25, #700 ) ) ;
#4299 = CARTESIAN_POINT ( 'NONE',  ( 0.5197082840997427899, 0.05905511811023587965, -0.1761811023622067429 ) ) ;
#4300 = ORIENTED_EDGE ( 'NONE', *, *, #3161, .F. ) ;
#4301 = DIRECTION ( 'NONE',  ( -0.8789799039125308910, -0.4626210020592183003, -0.1156552505148055743 ) ) ;
#4302 = ORIENTED_EDGE ( 'NONE', *, *, #6636, .T. ) ;
#4303 = LINE ( 'NONE', #7823, #1330 ) ;
#4304 = EDGE_CURVE ( 'NONE', #8852, #6558, #6328, .T. ) ;
#4305 = PLANE ( 'NONE',  #2995 ) ;
#4306 = DIRECTION ( 'NONE',  ( -0.5643446851342095449, 0.8255392639728106330, -1.084202172485504631E-15 ) ) ;
#4307 = PLANE ( 'NONE',  #1687 ) ;
#4308 = VECTOR ( 'NONE', #1111, 39.37007874015748143 ) ;
#4309 = DIRECTION ( 'NONE',  ( 0.0000000000000000000, -1.000000000000000000, 0.0000000000000000000 ) ) ;
#4310 = DIMENSIONAL_EXPONENTS ( 1.000000000000000000, 0.0000000000000000000, 0.0000000000000000000, 0.0000000000000000000, 0.0000000000000000000, 0.0000000000000000000, 0.0000000000000000000 ) ;
#4311 = COLOUR_RGB ( '',1.000000000000000000, 1.000000000000000000, 1.000000000000000000 ) ;
#4312 =( NAMED_UNIT ( * ) PLANE_ANGLE_UNIT ( ) SI_UNIT ( $, .RADIAN. ) );
#4313 = EDGE_LOOP ( 'NONE', ( #9085, #2101, #11098, #2246 ) ) ;
#4314 = CARTESIAN_POINT ( 'NONE',  ( 0.4957861071419632504, 0.09645669291338543339, -0.1604330708661437788 ) ) ;
#4315 = VERTEX_POINT ( 'NONE', #3546 ) ;
#4316 = DIRECTION ( 'NONE',  ( 0.0000000000000000000, 1.000000000000000000, 0.0000000000000000000 ) ) ;
#4317 = ORIENTED_EDGE ( 'NONE', *, *, #1462, .F. ) ;
#4318 = COLOUR_RGB ( '',0.7607843137254901578, 0.7607843137254901578, 0.0000000000000000000 ) ;
#4319 = CARTESIAN_POINT ( 'NONE',  ( 0.2175196850393650849, 0.05905511811023538005, -0.2261811023622072869 ) ) ;
#4320 = LINE ( 'NONE', #4556, #9263 ) ;
#4321 = FILL_AREA_STYLE ('',( #2475 ) ) ;
#4322 = SURFACE_SIDE_STYLE ('',( #5237 ) ) ;
#4323 = LINE ( 'NONE', #11475, #5588 ) ;
#4324 = STYLED_ITEM ( 'NONE', ( #3714 ), #9039 ) ;
#4325 = ORIENTED_EDGE ( 'NONE', *, *, #9394, .F. ) ;
#4326 = ORIENTED_EDGE ( 'NONE', *, *, #187, .F. ) ;
#4327 = EDGE_LOOP ( 'NONE', ( #8876, #8682, #843, #5752 ) ) ;
#4328 = DIRECTION ( 'NONE',  ( 1.817990202823693835E-15, 0.0000000000000000000, -1.000000000000000000 ) ) ;
#4329 = ORIENTED_EDGE ( 'NONE', *, *, #10596, .F. ) ;
#4330 = VECTOR ( 'NONE', #8902, 39.37007874015748854 ) ;
#4331 = VECTOR ( 'NONE', #6881, 39.37007874015748143 ) ;
#4332 = CARTESIAN_POINT ( 'NONE',  ( 0.2616228185651917615, 0.08636077237506183113, -0.2104330708661442395 ) ) ;
#4333 = UNCERTAINTY_MEASURE_WITH_UNIT (LENGTH_MEASURE( 1.000000000000000082E-05 ), #5669, 'distance_accuracy_value', 'NONE');
#4334 = CARTESIAN_POINT ( 'NONE',  ( 0.3812007874015690967, 0.1448818897637632053, -0.08011811023622274208 ) ) ;
#4335 = DIRECTION ( 'NONE',  ( 0.0000000000000000000, 1.000000000000000000, 0.0000000000000000000 ) ) ;
#4336 = CARTESIAN_POINT ( 'NONE',  ( 0.5067913519291880053, 0.08893342700064806039, -0.2261811023622067873 ) ) ;
#4337 = DIRECTION ( 'NONE',  ( 1.000000000000000000, 1.644517855225996559E-15, 1.817990202823693835E-15 ) ) ;
#4338 = VECTOR ( 'NONE', #6204, 39.37007874015748143 ) ;
#4339 = ORIENTED_EDGE ( 'NONE', *, *, #2437, .F. ) ;
#4340 = CARTESIAN_POINT ( 'NONE',  ( 0.2746062992125926638, 0.1358267716535425662, -0.1289370078740181835 ) ) ;
#4341 =( CONVERSION_BASED_UNIT ( 'INCH', #9507 ) LENGTH_UNIT ( ) NAMED_UNIT ( #9282 ) );
#4342 = AXIS2_PLACEMENT_3D ( 'NONE', #3892, #10085, #8218 ) ;
#4343 = CARTESIAN_POINT ( 'NONE',  ( 0.4058070866141669786, 0.1240157480314955235, 0.1580708661417300764 ) ) ;
#4344 = CARTESIAN_POINT ( 'NONE',  ( 0.2421027395222938028, 0.06614173228346377498, -0.1104330708661442478 ) ) ;
#4345 = EDGE_CURVE ( 'NONE', #1119, #6976, #691, .T. ) ;
#4346 = EDGE_CURVE ( 'NONE', #9848, #3554, #7126, .T. ) ;
#4347 = VECTOR ( 'NONE', #11147, 39.37007874015748143 ) ;
#4348 = DIRECTION ( 'NONE',  ( -1.817990202823693835E-15, 0.0000000000000000000, 1.000000000000000000 ) ) ;
#4349 = UNCERTAINTY_MEASURE_WITH_UNIT (LENGTH_MEASURE( 1.000000000000000082E-05 ), #8433, 'distance_accuracy_value', 'NONE');
#4350 = LINE ( 'NONE', #981, #8542 ) ;
#4351 = AXIS2_PLACEMENT_3D ( 'NONE', #913, #9795, #5198 ) ;
#4352 =( NAMED_UNIT ( * ) SI_UNIT ( $, .STERADIAN. ) SOLID_ANGLE_UNIT ( ) );
#4353 = DIRECTION ( 'NONE',  ( 1.817990202823693835E-15, -3.503246160812042677E-46, -1.000000000000000000 ) ) ;
#4354 = CARTESIAN_POINT ( 'NONE',  ( 0.2175196850393650849, 0.05905511811023538005, -0.2261811023622072869 ) ) ;
#4355 = VERTEX_POINT ( 'NONE', #8113 ) ;
#4356 = CARTESIAN_POINT ( 'NONE',  ( 0.4957861071419626398, 0.09645669291338543339, -0.01043307086614376697 ) ) ;
#4357 = VECTOR ( 'NONE', #5177, 39.37007874015748143 ) ;
#4358 = VERTEX_POINT ( 'NONE', #5516 ) ;
#4359 = EDGE_CURVE ( 'NONE', #6107, #7092, #10531, .T. ) ;
#4360 = AXIS2_PLACEMENT_3D ( 'NONE', #6860, #8768, #10473 ) ;
#4361 = VERTEX_POINT ( 'NONE', #8054 ) ;
#4362 = ADVANCED_FACE ( 'NONE', ( #1106 ), #1823, .F. ) ;
#4363 = SURFACE_SIDE_STYLE ('',( #10529 ) ) ;
#4364 = DIMENSIONAL_EXPONENTS ( 1.000000000000000000, 0.0000000000000000000, 0.0000000000000000000, 0.0000000000000000000, 0.0000000000000000000, 0.0000000000000000000, 0.0000000000000000000 ) ;
#4365 = STYLED_ITEM ( 'NONE', ( #2396 ), #2378 ) ;
#4366 = SURFACE_SIDE_STYLE ('',( #3494 ) ) ;
#4367 = DIRECTION ( 'NONE',  ( -1.644517855225997348E-15, 1.000000000000000000, -2.970554346222872930E-30 ) ) ;
#4368 =( GEOMETRIC_REPRESENTATION_CONTEXT ( 3 ) GLOBAL_UNCERTAINTY_ASSIGNED_CONTEXT ( ( #410 ) ) GLOBAL_UNIT_ASSIGNED_CONTEXT ( ( #5273, #10640, #8698 ) ) REPRESENTATION_CONTEXT ( 'NONE', 'WORKASPACE' ) );
#4369 = DIRECTION ( 'NONE',  ( 1.817990202823693835E-15, 0.0000000000000000000, -1.000000000000000000 ) ) ;
#4370 = FACE_OUTER_BOUND ( 'NONE', #257, .T. ) ;
#4371 = CARTESIAN_POINT ( 'NONE',  ( 0.5076025148337941495, 0.06733071061424766857, -0.2104330708661437122 ) ) ;
#4372 = SURFACE_STYLE_USAGE ( .BOTH. , #822 ) ;
#4373 = ORIENTED_EDGE ( 'NONE', *, *, #6623, .F. ) ;
#4374 = EDGE_CURVE ( 'NONE', #8550, #3795, #7295, .T. ) ;
#4375 = CARTESIAN_POINT ( 'NONE',  ( 0.3560039370078689203, 0.1279527559055112229, -0.2326771653543329432 ) ) ;
#4376 = EDGE_LOOP ( 'NONE', ( #10187, #9942, #9485, #1133 ) ) ;
#4377 = PRESENTATION_LAYER_ASSIGNMENT (  '', '', ( #9737 ) ) ;
#4378 = EDGE_CURVE ( 'NONE', #11155, #4358, #10044, .T. ) ;
#4379 = PRESENTATION_STYLE_ASSIGNMENT (( #8656 ) ) ;
#4380 = ORIENTED_EDGE ( 'NONE', *, *, #9029, .T. ) ;
#4381 = DIRECTION ( 'NONE',  ( -1.000000000000000000, -1.644517855225996559E-15, -1.817990202823693835E-15 ) ) ;
#4382 = FACE_OUTER_BOUND ( 'NONE', #9496, .T. ) ;
#4383 = VECTOR ( 'NONE', #7986, 39.37007874015748143 ) ;
#4384 = VECTOR ( 'NONE', #10130, 39.37007874015748143 ) ;
#4385 = SURFACE_SIDE_STYLE ('',( #8847 ) ) ;
#4386 = PRESENTATION_LAYER_ASSIGNMENT (  '', '', ( #4571 ) ) ;
#4387 = SURFACE_SIDE_STYLE ('',( #6925 ) ) ;
#4388 = ORIENTED_EDGE ( 'NONE', *, *, #6566, .F. ) ;
#4389 = VECTOR ( 'NONE', #6596, 39.37007874015748143 ) ;
#4390 = VERTEX_POINT ( 'NONE', #1277 ) ;
#4391 = EDGE_LOOP ( 'NONE', ( #7790, #10128, #9594, #5221 ) ) ;
#4392 = DIRECTION ( 'NONE',  ( 1.000000000000000000, 1.644517855225996559E-15, 1.817990202823693835E-15 ) ) ;
#4393 = ORIENTED_EDGE ( 'NONE', *, *, #9112, .F. ) ;
#4394 = PRESENTATION_LAYER_ASSIGNMENT (  '', '', ( #6968 ) ) ;
#4395 = CARTESIAN_POINT ( 'NONE',  ( 0.3812007874015689302, 0.1448818897637632053, -0.03011811023622272890 ) ) ;
#4396 = LENGTH_MEASURE_WITH_UNIT ( LENGTH_MEASURE( 0.02539999999999999897 ), #9664 );
#4397 = PLANE ( 'NONE',  #530 ) ;
#4398 = VECTOR ( 'NONE', #5005, 39.37007874015748143 ) ;
#4399 =( LENGTH_UNIT ( ) NAMED_UNIT ( * ) SI_UNIT ( $, .METRE. ) );
#4400 = SURFACE_SIDE_STYLE ('',( #7212 ) ) ;
#4401 = VECTOR ( 'NONE', #8031, 39.37007874015748143 ) ;
#4402 = VECTOR ( 'NONE', #237, 39.37007874015748143 ) ;
#4403 = ORIENTED_EDGE ( 'NONE', *, *, #1304, .T. ) ;
#4404 = CARTESIAN_POINT ( 'NONE',  ( 0.5142056617061282475, 0.06990336523983428640, -0.07618110236220675124 ) ) ;
#4405 = CIRCLE ( 'NONE', #5879, 0.01181102362204725087 ) ;
#4406 = SURFACE_STYLE_FILL_AREA ( #1800 ) ;
#4407 = SURFACE_STYLE_FILL_AREA ( #3136 ) ;
#4408 = CARTESIAN_POINT ( 'NONE',  ( 0.2175196850393646408, 0.05905511811023538005, -0.1104330708661442478 ) ) ;
#4409 = DIRECTION ( 'NONE',  ( -1.817990202823693835E-15, 0.0000000000000000000, 1.000000000000000000 ) ) ;
#4410 =( CONVERSION_BASED_UNIT ( 'INCH', #9682 ) LENGTH_UNIT ( ) NAMED_UNIT ( #8671 ) );
#4411 = AXIS2_PLACEMENT_3D ( 'NONE', #1398, #8456, #9984 ) ;
#4412 = DIRECTION ( 'NONE',  ( 1.817990202823693835E-15, 0.0000000000000000000, -1.000000000000000000 ) ) ;
#4413 = ORIENTED_EDGE ( 'NONE', *, *, #100, .T. ) ;
#4414 = EDGE_CURVE ( 'NONE', #11368, #8652, #6670, .T. ) ;
#4415 = DIRECTION ( 'NONE',  ( -1.644517855225997348E-15, 1.000000000000000000, -2.989717349169496850E-30 ) ) ;
#4416 = LINE ( 'NONE', #3487, #7285 ) ;
#4417 = ORIENTED_EDGE ( 'NONE', *, *, #4590, .F. ) ;
#4418 = CARTESIAN_POINT ( 'NONE',  ( 0.5197082840997427899, 0.06614173228346423294, -0.1761811023622067429 ) ) ;
#4419 = ORIENTED_EDGE ( 'NONE', *, *, #480, .T. ) ;
#4420 = VECTOR ( 'NONE', #9610, 39.37007874015748143 ) ;
#4421 = DIRECTION ( 'NONE',  ( 0.9317773919853026277, -0.3630301527215995527, 1.693962169841892772E-15 ) ) ;
#4422 = FILL_AREA_STYLE ('',( #1761 ) ) ;
#4423 = EDGE_CURVE ( 'NONE', #2075, #4797, #2040, .T. ) ;
#4424 = FACE_OUTER_BOUND ( 'NONE', #92, .T. ) ;
#4425 = SURFACE_SIDE_STYLE ('',( #6909 ) ) ;
#4426 = EDGE_CURVE ( 'NONE', #6589, #8347, #9284, .T. ) ;
#4427 = VECTOR ( 'NONE', #8718, 39.37007874015748143 ) ;
#4428 = EDGE_CURVE ( 'NONE', #3615, #1168, #4867, .T. ) ;
#4429 = SURFACE_SIDE_STYLE ('',( #6100 ) ) ;
#4430 = CARTESIAN_POINT ( 'NONE',  ( 0.4432086614173179617, 0.1535433070866137062, -0.2490157480314981742 ) ) ;
#4431 = ORIENTED_EDGE ( 'NONE', *, *, #6336, .T. ) ;
#4432 = CARTESIAN_POINT ( 'NONE',  ( 0.2421027395222942191, 0.05905511811023542168, -0.2104330708661442673 ) ) ;
#4433 = ORIENTED_EDGE ( 'NONE', *, *, #11191, .F. ) ;
#4434 = LINE ( 'NONE', #7080, #8066 ) ;
#4435 = VERTEX_POINT ( 'NONE', #10876 ) ;
#4436 = PRESENTATION_STYLE_ASSIGNMENT (( #5183 ) ) ;
#4437 = EDGE_CURVE ( 'NONE', #7802, #871, #4405, .T. ) ;
#4438 =( LENGTH_UNIT ( ) NAMED_UNIT ( * ) SI_UNIT ( $, .METRE. ) );
#4439 = PLANE ( 'NONE',  #4171 ) ;
#4440 = DIRECTION ( 'NONE',  ( 1.000000000000000000, 1.644517855225996559E-15, 1.817990202823693835E-15 ) ) ;
#4441 = LINE ( 'NONE', #5302, #2298 ) ;
#4442 = EDGE_CURVE ( 'NONE', #10731, #1514, #9169, .T. ) ;
#4443 = CARTESIAN_POINT ( 'NONE',  ( 0.4058070866141676447, 0.1448818897637632330, -0.1312992125984274172 ) ) ;
#4444 = ORIENTED_EDGE ( 'NONE', *, *, #4511, .T. ) ;
#4445 = VECTOR ( 'NONE', #4058, 39.37007874015748143 ) ;
#4446 = ORIENTED_EDGE ( 'NONE', *, *, #8035, .F. ) ;
#4447 = VERTEX_POINT ( 'NONE', #7539 ) ;
#4448 = CARTESIAN_POINT ( 'NONE',  ( 0.2175196850393642523, 0.06614173228346371947, -0.02618110236220727929 ) ) ;
#4449 = ORIENTED_EDGE ( 'NONE', *, *, #5743, .F. ) ;
#4450 = LINE ( 'NONE', #8083, #2188 ) ;
#4451 = EDGE_CURVE ( 'NONE', #11216, #5862, #2267, .T. ) ;
#4452 = STYLED_ITEM ( 'NONE', ( #6170 ), #6035 ) ;
#4453 = UNCERTAINTY_MEASURE_WITH_UNIT (LENGTH_MEASURE( 1.000000000000000082E-05 ), #10706, 'distance_accuracy_value', 'NONE');
#4454 = ORIENTED_EDGE ( 'NONE', *, *, #4731, .T. ) ;
#4455 = CARTESIAN_POINT ( 'NONE',  ( 0.4872047244094428464, 0.08937007874015708009, 0.03759842519684838957 ) ) ;
#4456 =( NAMED_UNIT ( * ) PLANE_ANGLE_UNIT ( ) SI_UNIT ( $, .RADIAN. ) );
#4457 = CARTESIAN_POINT ( 'NONE',  ( 0.4957861071419626398, 0.08937007874015708009, -0.02618110236220680051 ) ) ;
#4458 = CARTESIAN_POINT ( 'NONE',  ( 0.2175196850393652515, 0.06614173228346371947, -0.2604330708661442562 ) ) ;
#4459 = FACE_OUTER_BOUND ( 'NONE', #2957, .T. ) ;
#4460 = ORIENTED_EDGE ( 'NONE', *, *, #6955, .T. ) ;
#4461 = FILL_AREA_STYLE_COLOUR ( '', #5846 ) ;
#4462 = VECTOR ( 'NONE', #7422, 39.37007874015748143 ) ;
#4463 = SURFACE_SIDE_STYLE ('',( #4407 ) ) ;
#4464 = FILL_AREA_STYLE_COLOUR ( '', #8850 ) ;
#4465 = UNCERTAINTY_MEASURE_WITH_UNIT (LENGTH_MEASURE( 1.000000000000000082E-05 ), #4757, 'distance_accuracy_value', 'NONE');
#4466 = SURFACE_STYLE_FILL_AREA ( #8932 ) ;
#4467 = FACE_OUTER_BOUND ( 'NONE', #2628, .T. ) ;
#4468 = AXIS2_PLACEMENT_3D ( 'NONE', #3729, #10818, #2150 ) ;
#4469 = CARTESIAN_POINT ( 'NONE',  ( 0.3560039370078684762, 0.1279527559055112229, -0.1326771653543329377 ) ) ;
#4470 = ORIENTED_EDGE ( 'NONE', *, *, #6779, .F. ) ;
#4471 =( LENGTH_UNIT ( ) NAMED_UNIT ( * ) SI_UNIT ( $, .METRE. ) );
#4472 = DIRECTION ( 'NONE',  ( -1.817990202823693835E-15, 0.0000000000000000000, 1.000000000000000000 ) ) ;
#4473 = EDGE_LOOP ( 'NONE', ( #10668, #5918, #3740, #9952 ) ) ;
#4474 = CARTESIAN_POINT ( 'NONE',  ( 0.5197082840997423459, 0.05905511811023587965, -0.02618110236220673112 ) ) ;
#4475 = ORIENTED_EDGE ( 'NONE', *, *, #3288, .F. ) ;
#4476 = VECTOR ( 'NONE', #9222, 39.37007874015748143 ) ;
#4477 = PLANE ( 'NONE',  #7232 ) ;
#4478 = DIRECTION ( 'NONE',  ( -1.817990202823693835E-15, 0.0000000000000000000, 1.000000000000000000 ) ) ;
#4479 = DIRECTION ( 'NONE',  ( 0.8789799039125328894, -0.4626210020592154137, -0.1156552505148023963 ) ) ;
#4480 =( NAMED_UNIT ( * ) SI_UNIT ( $, .STERADIAN. ) SOLID_ANGLE_UNIT ( ) );
#4481 = ORIENTED_EDGE ( 'NONE', *, *, #6764, .T. ) ;
#4482 =( CONVERSION_BASED_UNIT ( 'INCH', #940 ) LENGTH_UNIT ( ) NAMED_UNIT ( #10760 ) );
#4483 = CARTESIAN_POINT ( 'NONE',  ( 0.4104330708661356741, 0.1535433070866136507, 0.03759842519684825080 ) ) ;
#4484 = EDGE_LOOP ( 'NONE', ( #7265, #5524, #1503, #9992 ) ) ;
#4485 = COLOUR_RGB ( '',0.7607843137254901578, 0.7607843137254901578, 0.0000000000000000000 ) ;
#4486 = MECHANICAL_DESIGN_GEOMETRIC_PRESENTATION_REPRESENTATION (  '', ( #1535 ), #7882 ) ;
#4487 = CARTESIAN_POINT ( 'NONE',  ( 0.5001882050568453586, 0.08636077237506221971, -0.2261811023622068428 ) ) ;
#4488 = ORIENTED_EDGE ( 'NONE', *, *, #4984, .F. ) ;
#4489 = EDGE_CURVE ( 'NONE', #5859, #6283, #5147, .T. ) ;
#4490 = CARTESIAN_POINT ( 'NONE',  ( 0.3809055118110179494, 0.06299212598425141252, -0.09330708661417551342 ) ) ;
#4491 = VERTEX_POINT ( 'NONE', #2146 ) ;
#4492 = ADVANCED_FACE ( 'NONE', ( #1216 ), #408, .T. ) ;
#4493 = EDGE_CURVE ( 'NONE', #11155, #7608, #4763, .T. ) ;
#4494 = PRESENTATION_LAYER_ASSIGNMENT (  '', '', ( #3942 ) ) ;
#4495 = CARTESIAN_POINT ( 'NONE',  ( 0.5197082840997426789, 0.06614173228346423294, -0.1261811023622067540 ) ) ;
#4496 = EDGE_CURVE ( 'NONE', #2161, #5804, #3844, .T. ) ;
#4497 = VECTOR ( 'NONE', #6977, 39.37007874015748143 ) ;
#4498 = LINE ( 'NONE', #9947, #10701 ) ;
#4499 = LINE ( 'NONE', #10664, #10674 ) ;
#4500 = CARTESIAN_POINT ( 'NONE',  ( 0.4058070866141672561, 0.1279527559055112784, -0.003937007874017909442 ) ) ;
#4501 = CARTESIAN_POINT ( 'NONE',  ( 0.5442913385826723127, 0.06259842519685009099, -0.2683070866141751831 ) ) ;
#4502 =( NAMED_UNIT ( * ) SI_UNIT ( $, .STERADIAN. ) SOLID_ANGLE_UNIT ( ) );
#4503 = CARTESIAN_POINT ( 'NONE',  ( 0.3186023622047192139, 0.1476377952755898726, -0.1875984251968526861 ) ) ;
#4504 = VERTEX_POINT ( 'NONE', #8278 ) ;
#4505 = ORIENTED_EDGE ( 'NONE', *, *, #2216, .F. ) ;
#4506 = VECTOR ( 'NONE', #10100, 39.37007874015748143 ) ;
#4507 = VERTEX_POINT ( 'NONE', #7418 ) ;
#4508 = EDGE_CURVE ( 'NONE', #9654, #10925, #8331, .T. ) ;
#4509 = FACE_OUTER_BOUND ( 'NONE', #3461, .T. ) ;
#4510 = ORIENTED_EDGE ( 'NONE', *, *, #4640, .F. ) ;
#4511 = EDGE_CURVE ( 'NONE', #647, #85, #1458, .T. ) ;
#4512 = CARTESIAN_POINT ( 'NONE',  ( 0.2542085087882422489, 0.06733071061424725223, -0.02618110236220720990 ) ) ;
#4513 = ORIENTED_EDGE ( 'NONE', *, *, #7762, .T. ) ;
#4514 = SURFACE_SIDE_STYLE ('',( #10737 ) ) ;
#4515 = FILL_AREA_STYLE_COLOUR ( '', #10381 ) ;
#4516 = VECTOR ( 'NONE', #2907, 39.37007874015748143 ) ;
#4517 = SURFACE_STYLE_FILL_AREA ( #7050 ) ;
#4518 =( LENGTH_UNIT ( ) NAMED_UNIT ( * ) SI_UNIT ( $, .METRE. ) );
#4519 = ORIENTED_EDGE ( 'NONE', *, *, #801, .T. ) ;
#4520 = CARTESIAN_POINT ( 'NONE',  ( 0.3560039370078683096, 0.1279527559055112229, -0.08267716535433294878 ) ) ;
#4521 = DIMENSIONAL_EXPONENTS ( 1.000000000000000000, 0.0000000000000000000, 0.0000000000000000000, 0.0000000000000000000, 0.0000000000000000000, 0.0000000000000000000, 0.0000000000000000000 ) ;
#4522 = EDGE_CURVE ( 'NONE', #2016, #3370, #1638, .T. ) ;
#4523 = STYLED_ITEM ( 'NONE', ( #10 ), #9311 ) ;
#4524 = PRESENTATION_STYLE_ASSIGNMENT (( #8986 ) ) ;
#4525 = CARTESIAN_POINT ( 'NONE',  ( 0.5197082840997423459, 0.07204724409448784450, -0.08931496062992320961 ) ) ;
#4526 = DIRECTION ( 'NONE',  ( 0.9317773919853026277, -0.3630301527215991642, 0.0000000000000000000 ) ) ;
#4527 = CARTESIAN_POINT ( 'NONE',  ( 0.4058070866141681998, 0.1279527559055112784, -0.2326771653543328877 ) ) ;
#4528 = LINE ( 'NONE', #7174, #6682 ) ;
#4529 = MECHANICAL_DESIGN_GEOMETRIC_PRESENTATION_REPRESENTATION (  '', ( #437 ), #10464 ) ;
#4530 = ORIENTED_EDGE ( 'NONE', *, *, #11117, .F. ) ;
#4531 = FILL_AREA_STYLE ('',( #3667 ) ) ;
#4532 = ORIENTED_EDGE ( 'NONE', *, *, #2399, .T. ) ;
#4533 = LINE ( 'NONE', #3669, #140 ) ;
#4534 = VECTOR ( 'NONE', #8563, 39.37007874015748143 ) ;
#4535 = ORIENTED_EDGE ( 'NONE', *, *, #9325, .T. ) ;
#4536 = DIMENSIONAL_EXPONENTS ( 1.000000000000000000, 0.0000000000000000000, 0.0000000000000000000, 0.0000000000000000000, 0.0000000000000000000, 0.0000000000000000000, 0.0000000000000000000 ) ;
#4537 = CARTESIAN_POINT ( 'NONE',  ( 0.2616228185651920390, 0.08636077237506183113, -0.2761811023622072203 ) ) ;
#4538 = PLANE ( 'NONE',  #2932 ) ;
#4539 = LINE ( 'NONE', #6332, #3954 ) ;
#4540 = CARTESIAN_POINT ( 'NONE',  ( 0.5076025148337941495, 0.06733071061424766857, -0.1761811023622067429 ) ) ;
#4541 = PRESENTATION_LAYER_ASSIGNMENT (  '', '', ( #9356 ) ) ;
#4542 = DIRECTION ( 'NONE',  ( 1.644517855225996559E-15, -1.000000000000000000, 2.970554346222871178E-30 ) ) ;
#4543 = ORIENTED_EDGE ( 'NONE', *, *, #4928, .T. ) ;
#4544 = DIRECTION ( 'NONE',  ( -1.000000000000000000, -1.644517855225996559E-15, -1.817990202823693835E-15 ) ) ;
#4545 = MECHANICAL_DESIGN_GEOMETRIC_PRESENTATION_REPRESENTATION (  '', ( #3812 ), #6570 ) ;
#4546 = ORIENTED_EDGE ( 'NONE', *, *, #2807, .F. ) ;
#4547 = CARTESIAN_POINT ( 'NONE',  ( 0.2660249164800734256, 0.09645669291338505869, -0.1604330708661441673 ) ) ;
#4548 = ORIENTED_EDGE ( 'NONE', *, *, #658, .F. ) ;
#4549 = LINE ( 'NONE', #8841, #2340 ) ;
#4550 = EDGE_LOOP ( 'NONE', ( #2744, #7625, #8406, #9522 ) ) ;
#4551 = AXIS2_PLACEMENT_3D ( 'NONE', #191, #9811, #6380 ) ;
#4552 = CARTESIAN_POINT ( 'NONE',  ( 0.4872047244094435126, 0.09645669291338541951, -0.1604330708661437788 ) ) ;
#4553 = COLOUR_RGB ( '',0.7607843137254901578, 0.7607843137254901578, 0.0000000000000000000 ) ;
#4554 = LINE ( 'NONE', #7198, #6642 ) ;
#4555 = CARTESIAN_POINT ( 'NONE',  ( 0.3821850393700731985, 0.1448818897637632053, -0.1312992125984275005 ) ) ;
#4556 = CARTESIAN_POINT ( 'NONE',  ( 0.4432086614173175176, 0.1476377952755900669, -0.1875984251968524918 ) ) ;
#4557 = PRODUCT_DEFINITION ( 'UNKNOWN', '', #1034, #7711 ) ;
#4558 = EDGE_LOOP ( 'NONE', ( #1643, #10492, #558, #3979 ) ) ;
#4559 = EDGE_CURVE ( 'NONE', #6858, #10282, #162, .T. ) ;
#4560 = PRESENTATION_LAYER_ASSIGNMENT (  '', '', ( #9004 ) ) ;
#4561 = EDGE_CURVE ( 'NONE', #2942, #6926, #2326, .T. ) ;
#4562 = ORIENTED_EDGE ( 'NONE', *, *, #1161, .T. ) ;
#4563 = CARTESIAN_POINT ( 'NONE',  ( 0.2175196850393650849, 0.06614173228346371947, -0.2104330708661442673 ) ) ;
#4564 = VERTEX_POINT ( 'NONE', #10514 ) ;
#4565 = SURFACE_STYLE_FILL_AREA ( #3754 ) ;
#4566 = AXIS2_PLACEMENT_3D ( 'NONE', #72, #5382, #4293 ) ;
#4567 = AXIS2_PLACEMENT_3D ( 'NONE', #332, #7567, #11122 ) ;
#4568 = UNCERTAINTY_MEASURE_WITH_UNIT (LENGTH_MEASURE( 1.000000000000000082E-05 ), #5727, 'distance_accuracy_value', 'NONE');
#4569 = VERTEX_POINT ( 'NONE', #4237 ) ;
#4570 = LINE ( 'NONE', #4953, #9124 ) ;
#4571 = STYLED_ITEM ( 'NONE', ( #10710 ), #10972 ) ;
#4572 = PRESENTATION_STYLE_ASSIGNMENT (( #3581 ) ) ;
#4573 = LENGTH_MEASURE_WITH_UNIT ( LENGTH_MEASURE( 0.02539999999999999897 ), #5431 );
#4574 = LENGTH_MEASURE_WITH_UNIT ( LENGTH_MEASURE( 0.02539999999999999897 ), #9902 );
#4575 = DIRECTION ( 'NONE',  ( -2.162563726507829819E-15, 0.2425356250364040789, 0.9701425001453142238 ) ) ;
#4576 = ADVANCED_FACE ( 'NONE', ( #7761 ), #6789, .F. ) ;
#4577 = ORIENTED_EDGE ( 'NONE', *, *, #3238, .T. ) ;
#4578 = EDGE_CURVE ( 'NONE', #10871, #8670, #8510, .T. ) ;
#4579 = AXIS2_PLACEMENT_3D ( 'NONE', #8103, #1038, #9106 ) ;
#4580 = VECTOR ( 'NONE', #4175, 39.37007874015748143 ) ;
#4581 = LINE ( 'NONE', #7216, #10144 ) ;
#4582 = LENGTH_MEASURE_WITH_UNIT ( LENGTH_MEASURE( 0.02539999999999999897 ), #2902 );
#4583 = COLOUR_RGB ( '',1.000000000000000000, 1.000000000000000000, 1.000000000000000000 ) ;
#4584 = SURFACE_STYLE_FILL_AREA ( #5441 ) ;
#4585 = UNCERTAINTY_MEASURE_WITH_UNIT (LENGTH_MEASURE( 1.000000000000000082E-05 ), #5047, 'distance_accuracy_value', 'NONE');
#4586 = DIRECTION ( 'NONE',  ( -1.000000000000000000, -1.644517855225996559E-15, -1.817990202823693835E-15 ) ) ;
#4587 = VECTOR ( 'NONE', #3343, 39.37007874015748143 ) ;
#4588 = PRESENTATION_STYLE_ASSIGNMENT (( #7461 ) ) ;
#4589 = CARTESIAN_POINT ( 'NONE',  ( 0.3339566929133808704, 0.1240157480314796473, -0.2442913385826795403 ) ) ;
#4590 = EDGE_CURVE ( 'NONE', #5218, #7150, #1520, .T. ) ;
#4591 = LINE ( 'NONE', #2852, #6868 ) ;
#4592 = EDGE_CURVE ( 'NONE', #8916, #10655, #10343, .T. ) ;
#4593 = AXIS2_PLACEMENT_3D ( 'NONE', #10759, #9864, #9927 ) ;
#4594 = CARTESIAN_POINT ( 'NONE',  ( 0.5001882050568449145, 0.08636077237506221971, -0.1104330708661437760 ) ) ;
#4595 = ORIENTED_EDGE ( 'NONE', *, *, #9482, .T. ) ;
#4596 = PRESENTATION_STYLE_ASSIGNMENT (( #1047 ) ) ;
#4597 = DIRECTION ( 'NONE',  ( -1.817990202823693835E-15, 0.0000000000000000000, 1.000000000000000000 ) ) ;
#4598 = DIMENSIONAL_EXPONENTS ( 1.000000000000000000, 0.0000000000000000000, 0.0000000000000000000, 0.0000000000000000000, 0.0000000000000000000, 0.0000000000000000000, 0.0000000000000000000 ) ;
#4599 = LINE ( 'NONE', #8442, #3704 ) ;
#4600 = CARTESIAN_POINT ( 'NONE',  ( 0.4432086614173171291, 0.1476377952755900669, -0.08759842519685250017 ) ) ;
#4601 = EDGE_CURVE ( 'NONE', #8853, #1377, #2439, .T. ) ;
#4602 = VECTOR ( 'NONE', #3074, 39.37007874015748143 ) ;
#4603 = CARTESIAN_POINT ( 'NONE',  ( 0.5076025148337935944, 0.06733071061424766857, -0.07618110236220675124 ) ) ;
#4604 = ORIENTED_EDGE ( 'NONE', *, *, #7886, .F. ) ;
#4605 =( LENGTH_UNIT ( ) NAMED_UNIT ( * ) SI_UNIT ( $, .METRE. ) );
#4606 = CARTESIAN_POINT ( 'NONE',  ( 0.3821850393700731985, 0.1240157480314797583, -0.1064960629921282709 ) ) ;
#4607 = EDGE_LOOP ( 'NONE', ( #1560, #2869, #2779, #6458 ) ) ;
#4608 = MECHANICAL_DESIGN_GEOMETRIC_PRESENTATION_REPRESENTATION (  '', ( #5525 ), #9982 ) ;
#4609 = CARTESIAN_POINT ( 'NONE',  ( 0.2660249164800732591, 0.08937007874015670539, -0.1104330708661441784 ) ) ;
#4610 = ORIENTED_EDGE ( 'NONE', *, *, #6715, .T. ) ;
#4611 = EDGE_LOOP ( 'NONE', ( #10081, #6550, #3341, #1962, #1185, #6738, #544, #2465, #9875, #10525, #1419, #7051 ) ) ;
#4612 =( GEOMETRIC_REPRESENTATION_CONTEXT ( 3 ) GLOBAL_UNCERTAINTY_ASSIGNED_CONTEXT ( ( #7098 ) ) GLOBAL_UNIT_ASSIGNED_CONTEXT ( ( #4792, #1495, #603 ) ) REPRESENTATION_CONTEXT ( 'NONE', 'WORKASPACE' ) );
#4613 = DIMENSIONAL_EXPONENTS ( 1.000000000000000000, 0.0000000000000000000, 0.0000000000000000000, 0.0000000000000000000, 0.0000000000000000000, 0.0000000000000000000, 0.0000000000000000000 ) ;
#4614 = DIRECTION ( 'NONE',  ( 1.644517855225996559E-15, -1.000000000000000000, 2.970554346222871178E-30 ) ) ;
#4615 = PLANE ( 'NONE',  #3623 ) ;
#4616 = SURFACE_SIDE_STYLE ('',( #2771 ) ) ;
#4617 = CARTESIAN_POINT ( 'NONE',  ( 0.5197082840997424569, 0.07204724409448784450, -0.1393149606299232124 ) ) ;
#4618 = PLANE ( 'NONE',  #2073 ) ;
#4619 = ORIENTED_EDGE ( 'NONE', *, *, #1878, .T. ) ;
#4620 = EDGE_LOOP ( 'NONE', ( #7430, #10459, #8034, #4688, #2049, #3617 ) ) ;
#4621 = STYLED_ITEM ( 'NONE', ( #8526 ), #5427 ) ;
#4622 = CARTESIAN_POINT ( 'NONE',  ( 0.3821850393700738091, 0.1240157480314797583, -0.2553149606299235375 ) ) ;
#4623 = ORIENTED_EDGE ( 'NONE', *, *, #4217, .T. ) ;
#4624 =( NAMED_UNIT ( * ) SI_UNIT ( $, .STERADIAN. ) SOLID_ANGLE_UNIT ( ) );
#4625 = FILL_AREA_STYLE_COLOUR ( '', #5705 ) ;
#4626 = EDGE_LOOP ( 'NONE', ( #9279, #8597, #2866, #9731 ) ) ;
#4627 = PRESENTATION_STYLE_ASSIGNMENT (( #1968 ) ) ;
#4628 = SURFACE_SIDE_STYLE ('',( #1190 ) ) ;
#4629 = SURFACE_SIDE_STYLE ('',( #1910 ) ) ;
#4630 = CARTESIAN_POINT ( 'NONE',  ( 0.2421027395222942469, 0.07204724409448738653, -0.2261811023622072869 ) ) ;
#4631 = AXIS2_PLACEMENT_3D ( 'NONE', #10678, #7, #8029 ) ;
#4632 = LINE ( 'NONE', #6429, #11161 ) ;
#4633 = ORIENTED_EDGE ( 'NONE', *, *, #1945, .T. ) ;
#4634 =( CONVERSION_BASED_UNIT ( 'INCH', #7278 ) LENGTH_UNIT ( ) NAMED_UNIT ( #1067 ) );
#4635 = DIRECTION ( 'NONE',  ( 1.000000000000000000, 1.644517855225996559E-15, 1.817990202823693835E-15 ) ) ;
#4636 = DIRECTION ( 'NONE',  ( 1.000000000000000000, 1.644517855225996559E-15, 1.817990202823693835E-15 ) ) ;
#4637 = PLANE ( 'NONE',  #8636 ) ;
#4638 = ADVANCED_FACE ( 'NONE', ( #9569 ), #5908, .F. ) ;
#4639 = PRESENTATION_STYLE_ASSIGNMENT (( #9100 ) ) ;
#4640 = EDGE_CURVE ( 'NONE', #6190, #5335, #8041, .T. ) ;
#4641 = LENGTH_MEASURE_WITH_UNIT ( LENGTH_MEASURE( 0.02539999999999999897 ), #7410 );
#4642 = CARTESIAN_POINT ( 'NONE',  ( 0.5174299185258770528, 0.06162777273582249055, -0.2486220472440965334 ) ) ;
#4643 = PLANE ( 'NONE',  #2096 ) ;
#4644 = DIRECTION ( 'NONE',  ( -1.655894157641429758E-15, -0.09370354293204574692, 0.9956001436530542703 ) ) ;
#4645 = PRESENTATION_LAYER_ASSIGNMENT (  '', '', ( #7036 ) ) ;
#4646 = CARTESIAN_POINT ( 'NONE',  ( 0.4058070866141676447, 0.1240157480314798000, -0.1064960629921281876 ) ) ;
#4647 = CARTESIAN_POINT ( 'NONE',  ( 0.4432086614173170735, 0.1476377952755900669, -0.04901574803149815612 ) ) ;
#4648 = ORIENTED_EDGE ( 'NONE', *, *, #7754, .T. ) ;
#4649 = CARTESIAN_POINT ( 'NONE',  ( 0.4957861071419626398, 0.08464566929133819639, -0.01043307086614376697 ) ) ;
#4650 = EDGE_CURVE ( 'NONE', #11403, #2057, #5326, .T. ) ;
#4651 = CARTESIAN_POINT ( 'NONE',  ( 0.2660249164800739252, 0.08464566929133782169, -0.2761811023622072203 ) ) ;
#4652 = PRESENTATION_STYLE_ASSIGNMENT (( #6387 ) ) ;
#4653 = EDGE_CURVE ( 'NONE', #2526, #5841, #7357, .T. ) ;
#4654 = VECTOR ( 'NONE', #7369, 39.37007874015748143 ) ;
#4655 = CARTESIAN_POINT ( 'NONE',  ( 0.5442913385826723127, 0.05905511811023591434, -0.2604330708661436455 ) ) ;
#4656 = FILL_AREA_STYLE_COLOUR ( '', #545 ) ;
#4657 = DIRECTION ( 'NONE',  ( -1.817990202823693835E-15, 0.0000000000000000000, 1.000000000000000000 ) ) ;
#4658 = DIRECTION ( 'NONE',  ( -1.644517855225997348E-15, 1.000000000000000000, -2.970554346222872930E-30 ) ) ;
#4659 = LINE ( 'NONE', #994, #9925 ) ;
#4660 = ORIENTED_EDGE ( 'NONE', *, *, #2080, .T. ) ;
#4661 = FILL_AREA_STYLE_COLOUR ( '', #3596 ) ;
#4662 = EDGE_LOOP ( 'NONE', ( #4824, #1757, #7038, #5976 ) ) ;
#4663 = VECTOR ( 'NONE', #11033, 39.37007874015748143 ) ;
#4664 = DIRECTION ( 'NONE',  ( -1.644517855225997348E-15, 1.000000000000000000, -2.970554346222872930E-30 ) ) ;
#4665 =( GEOMETRIC_REPRESENTATION_CONTEXT ( 3 ) GLOBAL_UNCERTAINTY_ASSIGNED_CONTEXT ( ( #1675 ) ) GLOBAL_UNIT_ASSIGNED_CONTEXT ( ( #10898, #319, #8293 ) ) REPRESENTATION_CONTEXT ( 'NONE', 'WORKASPACE' ) );
#4666 = ORIENTED_EDGE ( 'NONE', *, *, #3171, .T. ) ;
#4667 = EDGE_CURVE ( 'NONE', #5553, #11178, #3479, .T. ) ;
#4668 = ORIENTED_EDGE ( 'NONE', *, *, #2010, .T. ) ;
#4669 = PLANE ( 'NONE',  #3317 ) ;
#4670 = LINE ( 'NONE', #8191, #3836 ) ;
#4671 = DIRECTION ( 'NONE',  ( -1.644517855225997348E-15, 1.000000000000000000, -2.970554346222872930E-30 ) ) ;
#4672 = PRESENTATION_LAYER_ASSIGNMENT (  '', '', ( #2819 ) ) ;
#4673 =( NAMED_UNIT ( * ) SI_UNIT ( $, .STERADIAN. ) SOLID_ANGLE_UNIT ( ) );
#4674 = AXIS2_PLACEMENT_3D ( 'NONE', #3232, #1376, #6650 ) ;
#4675 = ORIENTED_EDGE ( 'NONE', *, *, #720, .T. ) ;
#4676 = ORIENTED_EDGE ( 'NONE', *, *, #9609, .F. ) ;
#4677 = CARTESIAN_POINT ( 'NONE',  ( 0.2616228185651914284, 0.08636077237506183113, -0.1261811023622072259 ) ) ;
#4678 = EDGE_LOOP ( 'NONE', ( #2263, #296, #9346, #8018, #1657, #10996, #9577, #7094, #424, #9815, #6918, #4388 ) ) ;
#4679 = VECTOR ( 'NONE', #2722, 39.37007874015748143 ) ;
#4680 = COLOUR_RGB ( '',0.7607843137254901578, 0.7607843137254901578, 0.0000000000000000000 ) ;
#4681 = PLANE ( 'NONE',  #4753 ) ;
#4682 =( LENGTH_UNIT ( ) NAMED_UNIT ( * ) SI_UNIT ( $, .METRE. ) );
#4683 = ORIENTED_EDGE ( 'NONE', *, *, #1019, .F. ) ;
#4684 = DIRECTION ( 'NONE',  ( 1.000000000000000000, 1.644517855225996559E-15, 1.817990202823693835E-15 ) ) ;
#4685 = CARTESIAN_POINT ( 'NONE',  ( 0.4058070866141683664, 0.1240157480314955235, -0.2549212598425218967 ) ) ;
#4686 = FACE_OUTER_BOUND ( 'NONE', #2509, .T. ) ;
#4687 = FILL_AREA_STYLE ('',( #9206 ) ) ;
#4688 = ORIENTED_EDGE ( 'NONE', *, *, #208, .T. ) ;
#4689 = DIMENSIONAL_EXPONENTS ( 1.000000000000000000, 0.0000000000000000000, 0.0000000000000000000, 0.0000000000000000000, 0.0000000000000000000, 0.0000000000000000000, 0.0000000000000000000 ) ;
#4690 = SURFACE_STYLE_FILL_AREA ( #10688 ) ;
#4691 = DIRECTION ( 'NONE',  ( 1.817990202823693835E-15, 0.0000000000000000000, -1.000000000000000000 ) ) ;
#4692 =( NAMED_UNIT ( * ) SI_UNIT ( $, .STERADIAN. ) SOLID_ANGLE_UNIT ( ) );
#4693 = AXIS2_PLACEMENT_3D ( 'NONE', #7411, #6661, #8381 ) ;
#4694 = UNCERTAINTY_MEASURE_WITH_UNIT (LENGTH_MEASURE( 1.000000000000000082E-05 ), #2521, 'distance_accuracy_value', 'NONE');
#4695 = CARTESIAN_POINT ( 'NONE',  ( 0.2660249164800732036, 0.08464566929133782169, -0.1393149606299237120 ) ) ;
#4696 = FACE_BOUND ( 'NONE', #7456, .T. ) ;
#4697 = CARTESIAN_POINT ( 'NONE',  ( 0.2746062992125928304, 0.08937007874015673314, -0.07618110236220720921 ) ) ;
#4698 = DIRECTION ( 'NONE',  ( -0.5643446851342101001, -0.8255392639728102999, 0.0000000000000000000 ) ) ;
#4699 = PRESENTATION_LAYER_ASSIGNMENT (  '', '', ( #8202 ) ) ;
#4700 = DIRECTION ( 'NONE',  ( 0.3630301527215994972, 0.9317773919853026277, 6.599852609774574981E-16 ) ) ;
#4701 = PLANE ( 'NONE',  #6560 ) ;
#4702 = ORIENTED_EDGE ( 'NONE', *, *, #7870, .T. ) ;
#4703 = ADVANCED_FACE ( 'NONE', ( #1919 ), #9911, .F. ) ;
#4704 = PRESENTATION_STYLE_ASSIGNMENT (( #1213 ) ) ;
#4705 = CARTESIAN_POINT ( 'NONE',  ( 0.3186023622047189363, 0.1535433070866134841, -0.1375984251968526972 ) ) ;
#4706 = CARTESIAN_POINT ( 'NONE',  ( 0.2476053619159077623, 0.06990336523983385619, -0.06043307086614418261 ) ) ;
#4707 = UNCERTAINTY_MEASURE_WITH_UNIT (LENGTH_MEASURE( 1.000000000000000082E-05 ), #6984, 'distance_accuracy_value', 'NONE');
#4708 = CARTESIAN_POINT ( 'NONE',  ( 0.2660249164800730926, 0.08937007874015670539, -0.07618110236220720921 ) ) ;
#4709 =( GEOMETRIC_REPRESENTATION_CONTEXT ( 3 ) GLOBAL_UNCERTAINTY_ASSIGNED_CONTEXT ( ( #9244 ) ) GLOBAL_UNIT_ASSIGNED_CONTEXT ( ( #9715, #1664, #2597 ) ) REPRESENTATION_CONTEXT ( 'NONE', 'WORKASPACE' ) );
#4710 = FACE_OUTER_BOUND ( 'NONE', #10333, .T. ) ;
#4711 =( NAMED_UNIT ( * ) SI_UNIT ( $, .STERADIAN. ) SOLID_ANGLE_UNIT ( ) );
#4712 = ORIENTED_EDGE ( 'NONE', *, *, #1948, .F. ) ;
#4713 = EDGE_CURVE ( 'NONE', #10686, #5566, #7110, .T. ) ;
#4714 =( GEOMETRIC_REPRESENTATION_CONTEXT ( 3 ) GLOBAL_UNCERTAINTY_ASSIGNED_CONTEXT ( ( #8270 ) ) GLOBAL_UNIT_ASSIGNED_CONTEXT ( ( #2979, #8287, #9825 ) ) REPRESENTATION_CONTEXT ( 'NONE', 'WORKASPACE' ) );
#4715 = LINE ( 'NONE', #7243, #10276 ) ;
#4716 = ORIENTED_EDGE ( 'NONE', *, *, #6482, .F. ) ;
#4717 = EDGE_CURVE ( 'NONE', #2784, #153, #1806, .T. ) ;
#4718 = DIRECTION ( 'NONE',  ( -1.644517855225997348E-15, 1.000000000000000000, -2.970554346222872930E-30 ) ) ;
#4719 = MECHANICAL_DESIGN_GEOMETRIC_PRESENTATION_REPRESENTATION (  '', ( #6744 ), #10475 ) ;
#4720 = ORIENTED_EDGE ( 'NONE', *, *, #4205, .F. ) ;
#4721 = EDGE_LOOP ( 'NONE', ( #2806, #8343, #796, #5824, #9945 ) ) ;
#4722 = COLOUR_RGB ( '',0.7607843137254901578, 0.7607843137254901578, 0.0000000000000000000 ) ;
#4723 =( LENGTH_UNIT ( ) NAMED_UNIT ( * ) SI_UNIT ( $, .METRE. ) );
#4724 = COLOUR_RGB ( '',1.000000000000000000, 1.000000000000000000, 1.000000000000000000 ) ;
#4725 = FILL_AREA_STYLE ('',( #1178 ) ) ;
#4726 =( CONVERSION_BASED_UNIT ( 'INCH', #9886 ) LENGTH_UNIT ( ) NAMED_UNIT ( #7183 ) );
#4727 = ADVANCED_FACE ( 'NONE', ( #7057 ), #1861, .F. ) ;
#4728 = SURFACE_SIDE_STYLE ('',( #1180 ) ) ;
#4729 =( CONVERSION_BASED_UNIT ( 'INCH', #5589 ) LENGTH_UNIT ( ) NAMED_UNIT ( #9781 ) );
#4730 = ORIENTED_EDGE ( 'NONE', *, *, #6108, .F. ) ;
#4731 = EDGE_CURVE ( 'NONE', #8479, #8027, #4785, .T. ) ;
#4732 = VECTOR ( 'NONE', #7134, 39.37007874015748143 ) ;
#4733 = ORIENTED_EDGE ( 'NONE', *, *, #11117, .T. ) ;
#4734 = VECTOR ( 'NONE', #9687, 39.37007874015748143 ) ;
#4735 =( LENGTH_UNIT ( ) NAMED_UNIT ( * ) SI_UNIT ( $, .METRE. ) );
#4736 = ORIENTED_EDGE ( 'NONE', *, *, #8168, .F. ) ;
#4737 = VECTOR ( 'NONE', #11170, 39.37007874015748143 ) ;
#4738 = CYLINDRICAL_SURFACE ( 'NONE', #8940, 0.01299212598425198914 ) ;
#4739 =( CONVERSION_BASED_UNIT ( 'INCH', #3926 ) LENGTH_UNIT ( ) NAMED_UNIT ( #1048 ) );
#4740 = CARTESIAN_POINT ( 'NONE',  ( 0.2421027395222939971, 0.06614173228346377498, -0.1604330708661442506 ) ) ;
#4741 = STYLED_ITEM ( 'NONE', ( #4704 ), #2586 ) ;
#4742 = DIRECTION ( 'NONE',  ( -1.644517855225997348E-15, 1.000000000000000000, -2.970554346222872930E-30 ) ) ;
#4743 = PRESENTATION_LAYER_ASSIGNMENT (  '', '', ( #6218 ) ) ;
#4744 = CARTESIAN_POINT ( 'NONE',  ( 0.3186023622047193804, 0.1535433070866134841, -0.2375984251968527028 ) ) ;
#4745 = VECTOR ( 'NONE', #11211, 39.37007874015748143 ) ;
#4746 = EDGE_LOOP ( 'NONE', ( #8165, #5406, #11190, #4519 ) ) ;
#4747 = CARTESIAN_POINT ( 'NONE',  ( 0.5142056617061280255, 0.06990336523983428640, -0.02618110236220673112 ) ) ;
#4748 = DIMENSIONAL_EXPONENTS ( 1.000000000000000000, 0.0000000000000000000, 0.0000000000000000000, 0.0000000000000000000, 0.0000000000000000000, 0.0000000000000000000, 0.0000000000000000000 ) ;
#4749 = VERTEX_POINT ( 'NONE', #6598 ) ;
#4750 = CARTESIAN_POINT ( 'NONE',  ( 0.4058070866141678668, 0.1240157480314955235, -0.1553149606299234486 ) ) ;
#4751 = COLOUR_RGB ( '',0.7607843137254901578, 0.7607843137254901578, 0.0000000000000000000 ) ;
#4752 =( CONVERSION_BASED_UNIT ( 'INCH', #5606 ) LENGTH_UNIT ( ) NAMED_UNIT ( #10235 ) );
#4753 = AXIS2_PLACEMENT_3D ( 'NONE', #11124, #4791, #336 ) ;
#4754 = FACE_OUTER_BOUND ( 'NONE', #1534, .T. ) ;
#4755 = VECTOR ( 'NONE', #8691, 39.37007874015748143 ) ;
#4756 = PRESENTATION_STYLE_ASSIGNMENT (( #4005 ) ) ;
#4757 =( CONVERSION_BASED_UNIT ( 'INCH', #2139 ) LENGTH_UNIT ( ) NAMED_UNIT ( #8372 ) );
#4758 = EDGE_LOOP ( 'NONE', ( #2813, #1004, #6828, #11417 ) ) ;
#4759 = MECHANICAL_DESIGN_GEOMETRIC_PRESENTATION_REPRESENTATION (  '', ( #9761 ), #1234 ) ;
#4760 = CARTESIAN_POINT ( 'NONE',  ( 0.3186023622047195469, 0.1476377952755898726, -0.2875984251968527472 ) ) ;
#4761 = MECHANICAL_DESIGN_GEOMETRIC_PRESENTATION_REPRESENTATION (  '', ( #3285 ), #11070 ) ;
#4762 = AXIS2_PLACEMENT_3D ( 'NONE', #11359, #10610, #2544 ) ;
#4763 = LINE ( 'NONE', #4706, #1072 ) ;
#4764 =( LENGTH_UNIT ( ) NAMED_UNIT ( * ) SI_UNIT ( $, .METRE. ) );
#4765 = VECTOR ( 'NONE', #10299, 39.37007874015748143 ) ;
#4766 = FILL_AREA_STYLE_COLOUR ( '', #4553 ) ;
#4767 = ORIENTED_EDGE ( 'NONE', *, *, #8386, .F. ) ;
#4768 = AXIS2_PLACEMENT_3D ( 'NONE', #9319, #9261, #4843 ) ;
#4769 = FILL_AREA_STYLE ('',( #8062 ) ) ;
#4770 = SURFACE_STYLE_FILL_AREA ( #1227 ) ;
#4771 = ORIENTED_EDGE ( 'NONE', *, *, #5821, .F. ) ;
#4772 = DIRECTION ( 'NONE',  ( 1.000000000000000000, 1.644517855225996559E-15, 1.817990202823693835E-15 ) ) ;
#4773 = ORIENTED_EDGE ( 'NONE', *, *, #8532, .F. ) ;
#4774 = PRESENTATION_LAYER_ASSIGNMENT (  '', '', ( #696 ) ) ;
#4775 = EDGE_CURVE ( 'NONE', #7919, #1620, #1267, .T. ) ;
#4776 = MECHANICAL_DESIGN_GEOMETRIC_PRESENTATION_REPRESENTATION (  '', ( #5297 ), #5061 ) ;
#4777 = DIRECTION ( 'NONE',  ( -1.644517855225997348E-15, 1.000000000000000000, -2.970554346222872930E-30 ) ) ;
#4778 = EDGE_CURVE ( 'NONE', #3188, #841, #2031, .T. ) ;
#4779 = DIRECTION ( 'NONE',  ( -1.817990202823693835E-15, 0.0000000000000000000, 1.000000000000000000 ) ) ;
#4780 = PRESENTATION_STYLE_ASSIGNMENT (( #3744 ) ) ;
#4781 = EDGE_CURVE ( 'NONE', #4907, #6059, #3831, .T. ) ;
#4782 = FILL_AREA_STYLE_COLOUR ( '', #6208 ) ;
#4783 = CARTESIAN_POINT ( 'NONE',  ( 0.4058070866141674782, 0.1279527559055112784, -0.05393700787401791569 ) ) ;
#4784 =( CONVERSION_BASED_UNIT ( 'INCH', #1244 ) LENGTH_UNIT ( ) NAMED_UNIT ( #8434 ) );
#4785 = CIRCLE ( 'NONE', #5884, 0.01299212598425197353 ) ;
#4786 = VERTEX_POINT ( 'NONE', #3996 ) ;
#4787 = VERTEX_POINT ( 'NONE', #9216 ) ;
#4788 = ORIENTED_EDGE ( 'NONE', *, *, #10757, .T. ) ;
#4789 = EDGE_CURVE ( 'NONE', #9135, #8196, #9271, .T. ) ;
#4790 = STYLED_ITEM ( 'NONE', ( #4436 ), #5156 ) ;
#4791 = DIRECTION ( 'NONE',  ( 1.644517855225996559E-15, -1.000000000000000000, 2.970554346222871178E-30 ) ) ;
#4792 =( CONVERSION_BASED_UNIT ( 'INCH', #337 ) LENGTH_UNIT ( ) NAMED_UNIT ( #444 ) );
#4793 = EDGE_CURVE ( 'NONE', #2997, #4920, #6656, .T. ) ;
#4794 = VERTEX_POINT ( 'NONE', #4851 ) ;
#4795 = FACE_OUTER_BOUND ( 'NONE', #9483, .T. ) ;
#4796 = LINE ( 'NONE', #4968, #8454 ) ;
#4797 = VERTEX_POINT ( 'NONE', #1093 ) ;
#4798 = COLOUR_RGB ( '',0.7607843137254901578, 0.7607843137254901578, 0.0000000000000000000 ) ;
#4799 = ORIENTED_EDGE ( 'NONE', *, *, #3509, .T. ) ;
#4800 = CARTESIAN_POINT ( 'NONE',  ( 0.4058070866141673116, 0.1240157480314955235, -0.03169291338582896217 ) ) ;
#4801 = ADVANCED_FACE ( 'NONE', ( #2130 ), #10203, .T. ) ;
#4802 = UNCERTAINTY_MEASURE_WITH_UNIT (LENGTH_MEASURE( 1.000000000000000082E-05 ), #10805, 'distance_accuracy_value', 'NONE');
#4803 = PLANE ( 'NONE',  #5073 ) ;
#4804 = CARTESIAN_POINT ( 'NONE',  ( 0.3560039370078683096, 0.1279527559055112229, -0.05393700787401798508 ) ) ;
#4805 = LINE ( 'NONE', #4003, #8340 ) ;
#4806 = DIRECTION ( 'NONE',  ( 1.644517855225996559E-15, -1.000000000000000000, 2.970554346222871178E-30 ) ) ;
#4807 = ORIENTED_EDGE ( 'NONE', *, *, #3350, .T. ) ;
#4808 =( NAMED_UNIT ( * ) SI_UNIT ( $, .STERADIAN. ) SOLID_ANGLE_UNIT ( ) );
#4809 = CARTESIAN_POINT ( 'NONE',  ( 0.2476053619159077623, 0.06990336523983385619, -0.06043307086614418261 ) ) ;
#4810 = DIMENSIONAL_EXPONENTS ( 1.000000000000000000, 0.0000000000000000000, 0.0000000000000000000, 0.0000000000000000000, 0.0000000000000000000, 0.0000000000000000000, 0.0000000000000000000 ) ;
#4811 = UNCERTAINTY_MEASURE_WITH_UNIT (LENGTH_MEASURE( 1.000000000000000082E-05 ), #11384, 'distance_accuracy_value', 'NONE');
#4812 = DIRECTION ( 'NONE',  ( -1.817990202823693835E-15, 0.0000000000000000000, 1.000000000000000000 ) ) ;
#4813 = AXIS2_PLACEMENT_3D ( 'NONE', #1128, #425, #4671 ) ;
#4814 = ORIENTED_EDGE ( 'NONE', *, *, #106, .T. ) ;
#4815 = VERTEX_POINT ( 'NONE', #6878 ) ;
#4816 = FILL_AREA_STYLE ('',( #3205 ) ) ;
#4817 = ORIENTED_EDGE ( 'NONE', *, *, #6843, .F. ) ;
#4818 = MECHANICAL_DESIGN_GEOMETRIC_PRESENTATION_REPRESENTATION (  '', ( #566 ), #9097 ) ;
#4819 = CARTESIAN_POINT ( 'NONE',  ( 0.2660249164800728150, 0.09645669291338505869, -0.01043307086614417636 ) ) ;
#4820 = CARTESIAN_POINT ( 'NONE',  ( 0.4957861071419628618, 0.09645669291338543339, -0.06043307086614377321 ) ) ;
#4821 = UNCERTAINTY_MEASURE_WITH_UNIT (LENGTH_MEASURE( 1.000000000000000082E-05 ), #7543, 'distance_accuracy_value', 'NONE');
#4822 = DIMENSIONAL_EXPONENTS ( 1.000000000000000000, 0.0000000000000000000, 0.0000000000000000000, 0.0000000000000000000, 0.0000000000000000000, 0.0000000000000000000, 0.0000000000000000000 ) ;
#4823 = PRESENTATION_STYLE_ASSIGNMENT (( #2166 ) ) ;
#4824 = ORIENTED_EDGE ( 'NONE', *, *, #2656, .F. ) ;
#4825 = SURFACE_STYLE_FILL_AREA ( #1295 ) ;
#4826 = PLANE ( 'NONE',  #11224 ) ;
#4827 =( NAMED_UNIT ( * ) PLANE_ANGLE_UNIT ( ) SI_UNIT ( $, .RADIAN. ) );
#4828 =( NAMED_UNIT ( * ) PLANE_ANGLE_UNIT ( ) SI_UNIT ( $, .RADIAN. ) );
#4829 = DIRECTION ( 'NONE',  ( 1.000000000000000000, 1.644517855225996559E-15, 1.817990202823693835E-15 ) ) ;
#4830 = ORIENTED_EDGE ( 'NONE', *, *, #2960, .T. ) ;
#4831 = VECTOR ( 'NONE', #11337, 39.37007874015748143 ) ;
#4832 = EDGE_CURVE ( 'NONE', #2660, #4358, #9444, .T. ) ;
#4833 = ORIENTED_EDGE ( 'NONE', *, *, #6482, .T. ) ;
#4834 = EDGE_CURVE ( 'NONE', #2356, #1389, #7580, .T. ) ;
#4835 = ORIENTED_EDGE ( 'NONE', *, *, #10183, .F. ) ;
#4836 = ADVANCED_FACE ( 'NONE', ( #8555 ), #8675, .T. ) ;
#4837 = COLOUR_RGB ( '',0.7607843137254901578, 0.7607843137254901578, 0.0000000000000000000 ) ;
#4838 = PRESENTATION_STYLE_ASSIGNMENT (( #433 ) ) ;
#4839 = PRESENTATION_LAYER_ASSIGNMENT (  '', '', ( #5955 ) ) ;
#4840 = SURFACE_SIDE_STYLE ('',( #2949 ) ) ;
#4841 = EDGE_LOOP ( 'NONE', ( #4623, #4733, #1195, #6360, #7731, #9350, #5126, #6898, #10181, #10917, #4942, #7722 ) ) ;
#4842 = DIRECTION ( 'NONE',  ( -1.817990202823693835E-15, 0.0000000000000000000, 1.000000000000000000 ) ) ;
#4843 = DIRECTION ( 'NONE',  ( 0.9317773919853027387, -0.3630301527215988866, 2.628368902995161236E-15 ) ) ;
#4844 = DIRECTION ( 'NONE',  ( -2.162563726507829819E-15, 0.2425356250364040789, 0.9701425001453142238 ) ) ;
#4845 = ORIENTED_EDGE ( 'NONE', *, *, #10696, .F. ) ;
#4846 = EDGE_CURVE ( 'NONE', #10741, #698, #8617, .T. ) ;
#4847 = VECTOR ( 'NONE', #9806, 39.37007874015748143 ) ;
#4848 = EDGE_CURVE ( 'NONE', #6283, #1506, #11361, .T. ) ;
#4849 = SURFACE_STYLE_FILL_AREA ( #7405 ) ;
#4850 = ORIENTED_EDGE ( 'NONE', *, *, #9101, .T. ) ;
#4851 = CARTESIAN_POINT ( 'NONE',  ( 0.5442913385826720907, 0.05905511811023591434, -0.2261811023622066763 ) ) ;
#4852 = DIRECTION ( 'NONE',  ( -0.3630301527216025503, 0.9317773919853011844, -6.599852609774626257E-16 ) ) ;
#4853 = SURFACE_STYLE_USAGE ( .BOTH. , #1992 ) ;
#4854 = MECHANICAL_DESIGN_GEOMETRIC_PRESENTATION_REPRESENTATION (  '', ( #2081 ), #7631 ) ;
#4855 = FACE_OUTER_BOUND ( 'NONE', #7175, .T. ) ;
#4856 = PRESENTATION_LAYER_ASSIGNMENT (  '', '', ( #8747 ) ) ;
#4857 = DIRECTION ( 'NONE',  ( 1.000000000000000000, 1.644517855225996559E-15, 1.817990202823693835E-15 ) ) ;
#4858 = SURFACE_SIDE_STYLE ('',( #453 ) ) ;
#4859 = DIRECTION ( 'NONE',  ( -0.09329485713884211329, 0.9912578571002028660, -0.09329485713884015652 ) ) ;
#4860 = ORIENTED_EDGE ( 'NONE', *, *, #6108, .T. ) ;
#4861 = EDGE_CURVE ( 'NONE', #10949, #11403, #3404, .T. ) ;
#4862 =( NAMED_UNIT ( * ) SI_UNIT ( $, .STERADIAN. ) SOLID_ANGLE_UNIT ( ) );
#4863 = CARTESIAN_POINT ( 'NONE',  ( 0.4058070866141683664, 0.1448818897637632330, -0.2812992125984274394 ) ) ;
#4864 = EDGE_LOOP ( 'NONE', ( #7400, #5305, #7719, #9657, #6927, #6356 ) ) ;
#4865 = FILL_AREA_STYLE_COLOUR ( '', #9746 ) ;
#4866 = CYLINDRICAL_SURFACE ( 'NONE', #8071, 0.005905511811023628037 ) ;
#4867 = LINE ( 'NONE', #10938, #3296 ) ;
#4868 =( NAMED_UNIT ( * ) PLANE_ANGLE_UNIT ( ) SI_UNIT ( $, .RADIAN. ) );
#4869 = DIRECTION ( 'NONE',  ( -2.162563726507829819E-15, 0.2425356250364040789, 0.9701425001453142238 ) ) ;
#4870 = STYLED_ITEM ( 'NONE', ( #1524 ), #8968 ) ;
#4871 = DIRECTION ( 'NONE',  ( 1.644517855225997348E-15, -1.000000000000000000, 2.970554346222872930E-30 ) ) ;
#4872 = ORIENTED_EDGE ( 'NONE', *, *, #3750, .F. ) ;
#4873 = FILL_AREA_STYLE ('',( #9347 ) ) ;
#4874 = SURFACE_SIDE_STYLE ('',( #4025 ) ) ;
#4875 = ORIENTED_EDGE ( 'NONE', *, *, #937, .F. ) ;
#4876 = COLOUR_RGB ( '',0.7607843137254901578, 0.7607843137254901578, 0.0000000000000000000 ) ;
#4877 = ORIENTED_EDGE ( 'NONE', *, *, #3586, .F. ) ;
#4878 = CARTESIAN_POINT ( 'NONE',  ( 0.2175196850393649184, 0.05905511811023538005, -0.1761811023622072703 ) ) ;
#4879 = CARTESIAN_POINT ( 'NONE',  ( 0.2812691996270423878, 0.09291338582677093061, -0.2604330708661441451 ) ) ;
#4880 = CARTESIAN_POINT ( 'NONE',  ( 0.2476053619159079844, 0.06990336523983385619, -0.1261811023622072259 ) ) ;
#4881 = VERTEX_POINT ( 'NONE', #5084 ) ;
#4882 = FILL_AREA_STYLE ('',( #1484 ) ) ;
#4883 = PLANE ( 'NONE',  #10493 ) ;
#4884 =( LENGTH_UNIT ( ) NAMED_UNIT ( * ) SI_UNIT ( $, .METRE. ) );
#4885 = DIMENSIONAL_EXPONENTS ( 1.000000000000000000, 0.0000000000000000000, 0.0000000000000000000, 0.0000000000000000000, 0.0000000000000000000, 0.0000000000000000000, 0.0000000000000000000 ) ;
#4886 = LINE ( 'NONE', #4040, #6597 ) ;
#4887 = CARTESIAN_POINT ( 'NONE',  ( 0.2660249164800736477, 0.08464566929133782169, -0.2104330708661442395 ) ) ;
#4888 =( GEOMETRIC_REPRESENTATION_CONTEXT ( 3 ) GLOBAL_UNCERTAINTY_ASSIGNED_CONTEXT ( ( #169 ) ) GLOBAL_UNIT_ASSIGNED_CONTEXT ( ( #5820, #5941, #8489 ) ) REPRESENTATION_CONTEXT ( 'NONE', 'WORKASPACE' ) );
#4889 = ORIENTED_EDGE ( 'NONE', *, *, #830, .F. ) ;
#4890 = VERTEX_POINT ( 'NONE', #680 ) ;
#4891 = LINE ( 'NONE', #6699, #303 ) ;
#4892 = ORIENTED_EDGE ( 'NONE', *, *, #5077, .T. ) ;
#4893 = LINE ( 'NONE', #4046, #3564 ) ;
#4894 = MECHANICAL_DESIGN_GEOMETRIC_PRESENTATION_REPRESENTATION (  '', ( #11208 ), #8037 ) ;
#4895 = FILL_AREA_STYLE_COLOUR ( '', #2580 ) ;
#4896 = PRODUCT ( 'CUI_DEVICES_DS05-127-2-06BK-SMT-TR', 'CUI_DEVICES_DS05-127-2-06BK-SMT-TR', '', ( #8314 ) ) ;
#4897 = SURFACE_STYLE_FILL_AREA ( #8364 ) ;
#4898 = LINE ( 'NONE', #5995, #4998 ) ;
#4899 = FILL_AREA_STYLE ('',( #3115 ) ) ;
#4900 = LINE ( 'NONE', #4102, #334 ) ;
#4901 = CARTESIAN_POINT ( 'NONE',  ( 0.3821850393700736426, 0.1240157480314797583, -0.2312992125984274783 ) ) ;
#4902 = EDGE_CURVE ( 'NONE', #8291, #10494, #2252, .T. ) ;
#4903 = VECTOR ( 'NONE', #7891, 39.37007874015748143 ) ;
#4904 = SURFACE_SIDE_STYLE ('',( #8490 ) ) ;
#4905 = ORIENTED_EDGE ( 'NONE', *, *, #1375, .T. ) ;
#4906 = COLOUR_RGB ( '',1.000000000000000000, 1.000000000000000000, 1.000000000000000000 ) ;
#4907 = VERTEX_POINT ( 'NONE', #10440 ) ;
#4908 =( NAMED_UNIT ( * ) SI_UNIT ( $, .STERADIAN. ) SOLID_ANGLE_UNIT ( ) );
#4909 = VECTOR ( 'NONE', #4301, 39.37007874015748854 ) ;
#4910 = LENGTH_MEASURE_WITH_UNIT ( LENGTH_MEASURE( 0.02539999999999999897 ), #10379 );
#4911 = EDGE_CURVE ( 'NONE', #947, #3853, #6769, .T. ) ;
#4912 = PRESENTATION_LAYER_ASSIGNMENT (  '', '', ( #11414 ) ) ;
#4913 = UNCERTAINTY_MEASURE_WITH_UNIT (LENGTH_MEASURE( 1.000000000000000082E-05 ), #11380, 'distance_accuracy_value', 'NONE');
#4914 =( NAMED_UNIT ( * ) SI_UNIT ( $, .STERADIAN. ) SOLID_ANGLE_UNIT ( ) );
#4915 = STYLED_ITEM ( 'NONE', ( #5058 ), #10110 ) ;
#4916 =( LENGTH_UNIT ( ) NAMED_UNIT ( * ) SI_UNIT ( $, .METRE. ) );
#4917 = DIRECTION ( 'NONE',  ( -1.817990202823693835E-15, 0.0000000000000000000, 1.000000000000000000 ) ) ;
#4918 = EDGE_CURVE ( 'NONE', #8053, #4192, #9556, .T. ) ;
#4919 = CARTESIAN_POINT ( 'NONE',  ( 0.2660249164800728150, 0.09645669291338505869, -0.01043307086614417636 ) ) ;
#4920 = VERTEX_POINT ( 'NONE', #9329 ) ;
#4921 = FILL_AREA_STYLE ('',( #9336 ) ) ;
#4922 = CARTESIAN_POINT ( 'NONE',  ( 0.4432086614173172401, 0.1476377952755900669, -0.09901574803149817972 ) ) ;
#4923 = ORIENTED_EDGE ( 'NONE', *, *, #10456, .T. ) ;
#4924 =( NAMED_UNIT ( * ) PLANE_ANGLE_UNIT ( ) SI_UNIT ( $, .RADIAN. ) );
#4925 = VECTOR ( 'NONE', #4871, 39.37007874015748143 ) ;
#4926 = PLANE ( 'NONE',  #10725 ) ;
#4927 = DIRECTION ( 'NONE',  ( 0.5643446851342062143, 0.8255392639728129645, 0.0000000000000000000 ) ) ;
#4928 = EDGE_CURVE ( 'NONE', #5522, #10949, #10734, .T. ) ;
#4929 = UNCERTAINTY_MEASURE_WITH_UNIT (LENGTH_MEASURE( 1.000000000000000082E-05 ), #7887, 'distance_accuracy_value', 'NONE');
#4930 = CARTESIAN_POINT ( 'NONE',  ( 0.2627952755905458848, 0.09645669291338505869, -0.1879921259842544934 ) ) ;
#4931 = CIRCLE ( 'NONE', #9385, 0.01181102362204725087 ) ;
#4932 = PRESENTATION_LAYER_ASSIGNMENT (  '', '', ( #4193 ) ) ;
#4933 = PRESENTATION_STYLE_ASSIGNMENT (( #8282 ) ) ;
#4934 = EDGE_CURVE ( 'NONE', #64, #1562, #5700, .T. ) ;
#4935 = MECHANICAL_DESIGN_GEOMETRIC_PRESENTATION_REPRESENTATION (  '', ( #5275 ), #3838 ) ;
#4936 = DIRECTION ( 'NONE',  ( -0.09370354293204734286, 0.9956001436530540483, -1.703521230203314793E-16 ) ) ;
#4937 = CARTESIAN_POINT ( 'NONE',  ( 0.2542085087882432481, 0.06733071061424725223, -0.2604330708661442007 ) ) ;
#4938 = VERTEX_POINT ( 'NONE', #3465 ) ;
#4939 = COLOUR_RGB ( '',0.7607843137254901578, 0.7607843137254901578, 0.0000000000000000000 ) ;
#4940 = SURFACE_STYLE_FILL_AREA ( #4873 ) ;
#4941 = DIRECTION ( 'NONE',  ( 1.817990202823693835E-15, 0.0000000000000000000, -1.000000000000000000 ) ) ;
#4942 = ORIENTED_EDGE ( 'NONE', *, *, #4295, .F. ) ;
#4943 = CARTESIAN_POINT ( 'NONE',  ( 0.4058070866141678668, 0.1279527559055124442, -0.1553149606299234486 ) ) ;
#4944 = VECTOR ( 'NONE', #8797, 39.37007874015748143 ) ;
#4945 = AXIS2_PLACEMENT_3D ( 'NONE', #4343, #1636, #15 ) ;
#4946 = EDGE_LOOP ( 'NONE', ( #3694, #7017, #9110, #4860 ) ) ;
#4947 =( LENGTH_UNIT ( ) NAMED_UNIT ( * ) SI_UNIT ( $, .METRE. ) );
#4948 = EDGE_CURVE ( 'NONE', #2356, #5181, #1850, .T. ) ;
#4949 = VECTOR ( 'NONE', #4287, 39.37007874015748143 ) ;
#4950 = CARTESIAN_POINT ( 'NONE',  ( 0.4957861071419634724, 0.09645669291338543339, -0.2261811023622068428 ) ) ;
#4951 = LINE ( 'NONE', #2281, #10366 ) ;
#4952 = UNCERTAINTY_MEASURE_WITH_UNIT (LENGTH_MEASURE( 1.000000000000000082E-05 ), #4410, 'distance_accuracy_value', 'NONE');
#4953 = CARTESIAN_POINT ( 'NONE',  ( 0.2660249164800730370, 0.09645669291338505869, -0.07618110236220720921 ) ) ;
#4954 = ORIENTED_EDGE ( 'NONE', *, *, #6833, .T. ) ;
#4955 = CARTESIAN_POINT ( 'NONE',  ( 0.5442913385826713135, 0.05905511811023591434, -0.02618110236220666173 ) ) ;
#4956 = MECHANICAL_DESIGN_GEOMETRIC_PRESENTATION_REPRESENTATION (  '', ( #694 ), #7351 ) ;
#4957 = VECTOR ( 'NONE', #9554, 39.37007874015748143 ) ;
#4958 = CARTESIAN_POINT ( 'NONE',  ( 0.4058070866141675337, 0.1240157480314955235, -0.08129921259842741443 ) ) ;
#4959 = CARTESIAN_POINT ( 'NONE',  ( 0.3186023622047195469, 0.1476377952755898726, -0.2875984251968527472 ) ) ;
#4960 = CARTESIAN_POINT ( 'NONE',  ( 0.5442913385826713135, 0.06614173228346426070, -0.01043307086614362993 ) ) ;
#4961 = VERTEX_POINT ( 'NONE', #4332 ) ;
#4962 = VECTOR ( 'NONE', #4829, 39.37007874015748143 ) ;
#4963 = EDGE_LOOP ( 'NONE', ( #4535, #7566, #2588, #6521, #9032, #5289, #4444, #4513, #3046, #4317, #6345, #1143 ) ) ;
#4964 = ORIENTED_EDGE ( 'NONE', *, *, #5512, .T. ) ;
#4965 = DIRECTION ( 'NONE',  ( 1.000000000000000000, 1.644517855225996559E-15, 1.817990202823693835E-15 ) ) ;
#4966 = VECTOR ( 'NONE', #863, 39.37007874015748143 ) ;
#4967 = ORIENTED_EDGE ( 'NONE', *, *, #5336, .T. ) ;
#4968 = CARTESIAN_POINT ( 'NONE',  ( 0.4872047244094429019, 0.09645669291338541951, -0.01043307086614376697 ) ) ;
#4969 = SURFACE_SIDE_STYLE ('',( #5017 ) ) ;
#4970 = FILL_AREA_STYLE_COLOUR ( '', #11347 ) ;
#4971 = ORIENTED_EDGE ( 'NONE', *, *, #11390, .T. ) ;
#4972 = DIRECTION ( 'NONE',  ( -0.5643446851342061032, -0.8255392639728129645, -1.314184451497581407E-15 ) ) ;
#4973 = DIMENSIONAL_EXPONENTS ( 1.000000000000000000, 0.0000000000000000000, 0.0000000000000000000, 0.0000000000000000000, 0.0000000000000000000, 0.0000000000000000000, 0.0000000000000000000 ) ;
#4974 = VECTOR ( 'NONE', #2484, 39.37007874015748143 ) ;
#4975 = LINE ( 'NONE', #2306, #2168 ) ;
#4976 = VERTEX_POINT ( 'NONE', #5426 ) ;
#4977 = SURFACE_SIDE_STYLE ('',( #7749 ) ) ;
#4978 = LINE ( 'NONE', #10443, #6932 ) ;
#4979 = FACE_OUTER_BOUND ( 'NONE', #8495, .T. ) ;
#4980 = CARTESIAN_POINT ( 'NONE',  ( 0.4957861071419636390, 0.08937007874015708009, -0.2604330708661438121 ) ) ;
#4981 = VERTEX_POINT ( 'NONE', #4512 ) ;
#4982 = FACE_OUTER_BOUND ( 'NONE', #11463, .T. ) ;
#4983 = DIRECTION ( 'NONE',  ( 1.817990202823693835E-15, 0.0000000000000000000, -1.000000000000000000 ) ) ;
#4984 = EDGE_CURVE ( 'NONE', #8937, #7950, #910, .T. ) ;
#4985 = DIRECTION ( 'NONE',  ( 1.644517855225997348E-15, -1.000000000000000000, 2.970554346222872930E-30 ) ) ;
#4986 = EDGE_CURVE ( 'NONE', #2997, #4907, #7852, .T. ) ;
#4987 = CARTESIAN_POINT ( 'NONE',  ( 0.4872047244094431240, 0.09645669291338541951, -0.06043307086614377321 ) ) ;
#4988 = CARTESIAN_POINT ( 'NONE',  ( 0.4073818897637735414, 0.1240157480314798000, -0.005314960629923433377 ) ) ;
#4989 = DIRECTION ( 'NONE',  ( -1.644517855225997348E-15, 1.000000000000000000, -2.970554346222872930E-30 ) ) ;
#4990 = SURFACE_SIDE_STYLE ('',( #5966 ) ) ;
#4991 =( LENGTH_UNIT ( ) NAMED_UNIT ( * ) SI_UNIT ( $, .METRE. ) );
#4992 = ORIENTED_EDGE ( 'NONE', *, *, #8741, .F. ) ;
#4993 = DIRECTION ( 'NONE',  ( -1.817990202823693835E-15, 0.0000000000000000000, 1.000000000000000000 ) ) ;
#4994 = VERTEX_POINT ( 'NONE', #10498 ) ;
#4995 = ADVANCED_FACE ( 'NONE', ( #8857 ), #5196, .T. ) ;
#4996 = ORIENTED_EDGE ( 'NONE', *, *, #4934, .F. ) ;
#4997 = EDGE_CURVE ( 'NONE', #9871, #9427, #4450, .T. ) ;
#4998 = VECTOR ( 'NONE', #663, 39.37007874015748143 ) ;
#4999 = FACE_OUTER_BOUND ( 'NONE', #4298, .T. ) ;
#5000 = FILL_AREA_STYLE ('',( #2219 ) ) ;
#5001 = ORIENTED_EDGE ( 'NONE', *, *, #1094, .T. ) ;
#5002 = SURFACE_STYLE_USAGE ( .BOTH. , #2284 ) ;
#5003 =( CONVERSION_BASED_UNIT ( 'INCH', #7609 ) LENGTH_UNIT ( ) NAMED_UNIT ( #8881 ) );
#5004 = CARTESIAN_POINT ( 'NONE',  ( 0.3809055118110178939, 0.1240157480314954819, -0.05492125984252195503 ) ) ;
#5005 = DIRECTION ( 'NONE',  ( 1.000000000000000000, 1.644517855225996559E-15, 1.817990202823693835E-15 ) ) ;
#5006 = ORIENTED_EDGE ( 'NONE', *, *, #7117, .T. ) ;
#5007 = EDGE_CURVE ( 'NONE', #366, #6015, #9789, .T. ) ;
#5008 = MECHANICAL_DESIGN_GEOMETRIC_PRESENTATION_REPRESENTATION (  '', ( #10401 ), #1121 ) ;
#5009 = ORIENTED_EDGE ( 'NONE', *, *, #1878, .F. ) ;
#5010 = DIRECTION ( 'NONE',  ( -0.3630301527216025503, 0.9317773919853011844, -6.599852609774626257E-16 ) ) ;
#5011 = ORIENTED_EDGE ( 'NONE', *, *, #6688, .T. ) ;
#5012 = LENGTH_MEASURE_WITH_UNIT ( LENGTH_MEASURE( 0.02539999999999999897 ), #5128 );
#5013 = VECTOR ( 'NONE', #1153, 39.37007874015748143 ) ;
#5014 = LINE ( 'NONE', #9598, #5474 ) ;
#5015 = PRESENTATION_STYLE_ASSIGNMENT (( #7738 ) ) ;
#5016 = DIRECTION ( 'NONE',  ( -1.817990202823693835E-15, 0.0000000000000000000, 1.000000000000000000 ) ) ;
#5017 = SURFACE_STYLE_FILL_AREA ( #3174 ) ;
#5018 =( NAMED_UNIT ( * ) PLANE_ANGLE_UNIT ( ) SI_UNIT ( $, .RADIAN. ) );
#5019 = EDGE_LOOP ( 'NONE', ( #6149, #8359, #2430, #8110 ) ) ;
#5020 = VECTOR ( 'NONE', #3691, 39.37007874015748143 ) ;
#5021 = LENGTH_MEASURE_WITH_UNIT ( LENGTH_MEASURE( 0.02539999999999999897 ), #11303 );
#5022 = VERTEX_POINT ( 'NONE', #6248 ) ;
#5023 = AXIS2_PLACEMENT_3D ( 'NONE', #2042, #3900, #2206 ) ;
#5024 = CARTESIAN_POINT ( 'NONE',  ( 0.5197082840997432340, 0.07204724409448784450, -0.2761811023622067762 ) ) ;
#5025 = FILL_AREA_STYLE ('',( #4226 ) ) ;
#5026 = UNCERTAINTY_MEASURE_WITH_UNIT (LENGTH_MEASURE( 1.000000000000000082E-05 ), #8660, 'distance_accuracy_value', 'NONE');
#5027 = CARTESIAN_POINT ( 'NONE',  ( 0.4058070866141675337, 0.1279527559055112784, -0.08267716535433289327 ) ) ;
#5028 = PLANE ( 'NONE',  #2308 ) ;
#5029 = DIRECTION ( 'NONE',  ( 1.817990202823693835E-15, 0.0000000000000000000, -1.000000000000000000 ) ) ;
#5030 = CARTESIAN_POINT ( 'NONE',  ( 0.4432086614173179617, 0.1476377952755900669, -0.2490157480314981742 ) ) ;
#5031 = ORIENTED_EDGE ( 'NONE', *, *, #5489, .T. ) ;
#5032 = CIRCLE ( 'NONE', #5957, 0.005905511811023644517 ) ;
#5033 = SURFACE_STYLE_USAGE ( .BOTH. , #7701 ) ;
#5034 = DIRECTION ( 'NONE',  ( 0.0000000000000000000, 1.000000000000000000, 0.0000000000000000000 ) ) ;
#5036 = DIRECTION ( 'NONE',  ( -1.817990202823693835E-15, 0.0000000000000000000, 1.000000000000000000 ) ) ;
#5035 = VECTOR ( 'NONE', #7335, 39.37007874015748143 ) ;
#5037 = DIMENSIONAL_EXPONENTS ( 1.000000000000000000, 0.0000000000000000000, 0.0000000000000000000, 0.0000000000000000000, 0.0000000000000000000, 0.0000000000000000000, 0.0000000000000000000 ) ;
#5038 = STYLED_ITEM ( 'NONE', ( #1252 ), #7333 ) ;
#5039 =( CONVERSION_BASED_UNIT ( 'INCH', #10216 ) LENGTH_UNIT ( ) NAMED_UNIT ( #3275 ) );
#5040 = CYLINDRICAL_SURFACE ( 'NONE', #8436, 0.004724409448818893235 ) ;
#5041 = LINE ( 'NONE', #8752, #8759 ) ;
#5042 = CARTESIAN_POINT ( 'NONE',  ( 0.5142056617061280255, 0.06990336523983428640, -0.01043307086614369758 ) ) ;
#5043 = ORIENTED_EDGE ( 'NONE', *, *, #5424, .T. ) ;
#5044 = ADVANCED_FACE ( 'NONE', ( #10558 ), #8792, .F. ) ;
#5045 = ADVANCED_FACE ( 'NONE', ( #846 ), #4397, .F. ) ;
#5046 = FILL_AREA_STYLE ('',( #5916 ) ) ;
#5047 =( CONVERSION_BASED_UNIT ( 'INCH', #1529 ) LENGTH_UNIT ( ) NAMED_UNIT ( #5716 ) );
#5048 = ORIENTED_EDGE ( 'NONE', *, *, #3002, .F. ) ;
#5049 = AXIS2_PLACEMENT_3D ( 'NONE', #3379, #8647, #588 ) ;
#5050 = DIRECTION ( 'NONE',  ( 1.817990202823693835E-15, 0.0000000000000000000, -1.000000000000000000 ) ) ;
#5051 = EDGE_LOOP ( 'NONE', ( #375, #5258, #5449, #6093 ) ) ;
#5052 = SURFACE_SIDE_STYLE ('',( #2456 ) ) ;
#5053 = LINE ( 'NONE', #1648, #10792 ) ;
#5054 = LINE ( 'NONE', #8583, #2776 ) ;
#5055 = ADVANCED_FACE ( 'NONE', ( #9034 ), #9200, .F. ) ;
#5056 = ORIENTED_EDGE ( 'NONE', *, *, #2399, .F. ) ;
#5057 = LINE ( 'NONE', #4955, #6863 ) ;
#5058 = PRESENTATION_STYLE_ASSIGNMENT (( #11289 ) ) ;
#5059 = ADVANCED_FACE ( 'NONE', ( #1253 ), #2831, .T. ) ;
#5060 = DIRECTION ( 'NONE',  ( 1.817990202823693835E-15, -3.503246160812042677E-46, -1.000000000000000000 ) ) ;
#5061 =( GEOMETRIC_REPRESENTATION_CONTEXT ( 3 ) GLOBAL_UNCERTAINTY_ASSIGNED_CONTEXT ( ( #185 ) ) GLOBAL_UNIT_ASSIGNED_CONTEXT ( ( #4726, #216, #4673 ) ) REPRESENTATION_CONTEXT ( 'NONE', 'WORKASPACE' ) );
#5062 = DIRECTION ( 'NONE',  ( -1.000000000000000000, -1.644517855225996559E-15, -1.817990202823693835E-15 ) ) ;
#5063 = ORIENTED_EDGE ( 'NONE', *, *, #11120, .F. ) ;
#5064 = MECHANICAL_DESIGN_GEOMETRIC_PRESENTATION_REPRESENTATION (  '', ( #10829 ), #82 ) ;
#5065 = ORIENTED_EDGE ( 'NONE', *, *, #3208, .F. ) ;
#5066 = CARTESIAN_POINT ( 'NONE',  ( 0.2175196850393644743, 0.06614173228346371947, -0.07618110236220727860 ) ) ;
#5067 = ORIENTED_EDGE ( 'NONE', *, *, #1817, .F. ) ;
#5068 = STYLED_ITEM ( 'NONE', ( #3680 ), #1323 ) ;
#5069 = DIRECTION ( 'NONE',  ( 1.817990202823693835E-15, 0.0000000000000000000, -1.000000000000000000 ) ) ;
#5070 = ADVANCED_FACE ( 'NONE', ( #7509 ), #6643, .T. ) ;
#5071 = FILL_AREA_STYLE ('',( #4212 ) ) ;
#5072 = FILL_AREA_STYLE_COLOUR ( '', #2787 ) ;
#5073 = AXIS2_PLACEMENT_3D ( 'NONE', #5508, #3127, #7584 ) ;
#5074 = CARTESIAN_POINT ( 'NONE',  ( 0.2542085087882430261, 0.06733071061424725223, -0.2104330708661442395 ) ) ;
#5075 = PRESENTATION_STYLE_ASSIGNMENT (( #9652 ) ) ;
#5076 = CARTESIAN_POINT ( 'NONE',  ( 0.4432086614173175176, 0.1476377952755900669, -0.1875984251968524918 ) ) ;
#5077 = EDGE_CURVE ( 'NONE', #7763, #10063, #10306, .T. ) ;
#5078 = ORIENTED_EDGE ( 'NONE', *, *, #6903, .F. ) ;
#5079 = VECTOR ( 'NONE', #4065, 39.37007874015748143 ) ;
#5080 = VERTEX_POINT ( 'NONE', #7570 ) ;
#5081 = EDGE_LOOP ( 'NONE', ( #1114, #6507, #9989, #10109 ) ) ;
#5082 = COLOUR_RGB ( '',0.7607843137254901578, 0.7607843137254901578, 0.0000000000000000000 ) ;
#5083 = LENGTH_MEASURE_WITH_UNIT ( LENGTH_MEASURE( 0.02539999999999999897 ), #11305 );
#5084 = CARTESIAN_POINT ( 'NONE',  ( 0.5067913519291871172, 0.08893342700064806039, -0.02618110236220673112 ) ) ;
#5085 = LINE ( 'NONE', #3349, #5410 ) ;
#5086 = CARTESIAN_POINT ( 'NONE',  ( 0.5001882050568451366, 0.08636077237506221971, -0.1761811023622067984 ) ) ;
#5087 = LINE ( 'NONE', #4279, #4331 ) ;
#5088 = COLOUR_RGB ( '',0.7607843137254901578, 0.7607843137254901578, 0.0000000000000000000 ) ;
#5089 = EDGE_LOOP ( 'NONE', ( #4075, #8462, #3696, #2950 ) ) ;
#5090 = FACE_OUTER_BOUND ( 'NONE', #8539, .T. ) ;
#5091 = CARTESIAN_POINT ( 'NONE',  ( 0.5142056617061289137, 0.06990336523983428640, -0.2261811023622067873 ) ) ;
#5092 = CIRCLE ( 'NONE', #11229, 0.01299212598425196659 ) ;
#5093 = LINE ( 'NONE', #11040, #4602 ) ;
#5094 = COLOUR_RGB ( '',0.7607843137254901578, 0.7607843137254901578, 0.0000000000000000000 ) ;
#5095 =( GEOMETRIC_REPRESENTATION_CONTEXT ( 3 ) GLOBAL_UNCERTAINTY_ASSIGNED_CONTEXT ( ( #10846 ) ) GLOBAL_UNIT_ASSIGNED_CONTEXT ( ( #11396, #6334, #938 ) ) REPRESENTATION_CONTEXT ( 'NONE', 'WORKASPACE' ) );
#5096 = FACE_OUTER_BOUND ( 'NONE', #8790, .T. ) ;
#5097 = CYLINDRICAL_SURFACE ( 'NONE', #6790, 0.01299212598425198914 ) ;
#5098 = DIRECTION ( 'NONE',  ( -1.000000000000000000, -1.644517855225996559E-15, -1.817990202823693835E-15 ) ) ;
#5099 = AXIS2_PLACEMENT_3D ( 'NONE', #8485, #10428, #3391 ) ;
#5100 = CARTESIAN_POINT ( 'NONE',  ( 0.2660249164800733146, 0.08937007874015670539, -0.1261811023622072259 ) ) ;
#5101 = ORIENTED_EDGE ( 'NONE', *, *, #3783, .T. ) ;
#5102 = FILL_AREA_STYLE ('',( #8757 ) ) ;
#5103 = DIRECTION ( 'NONE',  ( -0.9317773919853014064, -0.3630301527216026058, -1.693962169841890603E-15 ) ) ;
#5104 = COLOUR_RGB ( '',0.7607843137254901578, 0.7607843137254901578, 0.0000000000000000000 ) ;
#5105 = VERTEX_POINT ( 'NONE', #11125 ) ;
#5106 = SURFACE_STYLE_USAGE ( .BOTH. , #8701 ) ;
#5107 = ORIENTED_EDGE ( 'NONE', *, *, #2794, .T. ) ;
#5108 = STYLED_ITEM ( 'NONE', ( #804 ), #387 ) ;
#5109 =( GEOMETRIC_REPRESENTATION_CONTEXT ( 3 ) GLOBAL_UNCERTAINTY_ASSIGNED_CONTEXT ( ( #9913 ) ) GLOBAL_UNIT_ASSIGNED_CONTEXT ( ( #3739, #8126, #10827 ) ) REPRESENTATION_CONTEXT ( 'NONE', 'WORKASPACE' ) );
#5110 = CARTESIAN_POINT ( 'NONE',  ( 0.3821850393700727544, 0.1448818897637632053, -0.005314960629923502766 ) ) ;
#5111 = CARTESIAN_POINT ( 'NONE',  ( 0.2175196850393648351, 0.05905511811023538005, -0.1604330708661442506 ) ) ;
#5112 = LINE ( 'NONE', #11393, #9313 ) ;
#5113 =( GEOMETRIC_REPRESENTATION_CONTEXT ( 3 ) GLOBAL_UNCERTAINTY_ASSIGNED_CONTEXT ( ( #10262 ) ) GLOBAL_UNIT_ASSIGNED_CONTEXT ( ( #2889, #8913, #965 ) ) REPRESENTATION_CONTEXT ( 'NONE', 'WORKASPACE' ) );
#5114 = FILL_AREA_STYLE ('',( #1599 ) ) ;
#5115 =( CONVERSION_BASED_UNIT ( 'INCH', #8708 ) LENGTH_UNIT ( ) NAMED_UNIT ( #5395 ) );
#5116 = DIMENSIONAL_EXPONENTS ( 1.000000000000000000, 0.0000000000000000000, 0.0000000000000000000, 0.0000000000000000000, 0.0000000000000000000, 0.0000000000000000000, 0.0000000000000000000 ) ;
#5117 = PRESENTATION_LAYER_ASSIGNMENT (  '', '', ( #3285 ) ) ;
#5118 = FILL_AREA_STYLE ('',( #7944 ) ) ;
#5119 = VECTOR ( 'NONE', #518, 39.37007874015748143 ) ;
#5120 = FILL_AREA_STYLE_COLOUR ( '', #9693 ) ;
#5121 = ORIENTED_EDGE ( 'NONE', *, *, #4902, .F. ) ;
#5122 = ORIENTED_EDGE ( 'NONE', *, *, #1747, .F. ) ;
#5123 = EDGE_CURVE ( 'NONE', #10302, #3280, #3170, .T. ) ;
#5125 = CARTESIAN_POINT ( 'NONE',  ( 0.2550196716928495033, 0.08893342700064765793, -0.2761811023622072203 ) ) ;
#5124 = AXIS2_PLACEMENT_3D ( 'NONE', #1979, #6485, #8155 ) ;
#5126 = ORIENTED_EDGE ( 'NONE', *, *, #5338, .F. ) ;
#5127 = EDGE_CURVE ( 'NONE', #7836, #9255, #10245, .T. ) ;
#5128 =( LENGTH_UNIT ( ) NAMED_UNIT ( * ) SI_UNIT ( $, .METRE. ) );
#5129 =( GEOMETRIC_REPRESENTATION_CONTEXT ( 3 ) GLOBAL_UNCERTAINTY_ASSIGNED_CONTEXT ( ( #8749 ) ) GLOBAL_UNIT_ASSIGNED_CONTEXT ( ( #2416, #718, #4214 ) ) REPRESENTATION_CONTEXT ( 'NONE', 'WORKASPACE' ) );
#5130 = EDGE_CURVE ( 'NONE', #2364, #7747, #9373, .T. ) ;
#5131 = AXIS2_PLACEMENT_3D ( 'NONE', #9441, #6712, #11134 ) ;
#5132 =( NAMED_UNIT ( * ) PLANE_ANGLE_UNIT ( ) SI_UNIT ( $, .RADIAN. ) );
#5133 = CARTESIAN_POINT ( 'NONE',  ( 0.4432086614173175176, 0.1476377952755900669, -0.1875984251968524918 ) ) ;
#5134 = FILL_AREA_STYLE ('',( #5072 ) ) ;
#5135 = LINE ( 'NONE', #10487, #5827 ) ;
#5136 = DIRECTION ( 'NONE',  ( 1.817990202823693835E-15, 0.0000000000000000000, -1.000000000000000000 ) ) ;
#5137 = CARTESIAN_POINT ( 'NONE',  ( 0.4432086614173169070, 0.1476377952755900669, -0.03759842519685248352 ) ) ;
#5138 = VECTOR ( 'NONE', #6637, 39.37007874015748143 ) ;
#5139 = DIRECTION ( 'NONE',  ( -1.000000000000000000, -1.644517855225996559E-15, -1.817990202823693835E-15 ) ) ;
#5140 = ORIENTED_EDGE ( 'NONE', *, *, #8517, .T. ) ;
#5141 = ORIENTED_EDGE ( 'NONE', *, *, #813, .F. ) ;
#5142 = EDGE_LOOP ( 'NONE', ( #7306, #415, #6484, #2278 ) ) ;
#5143 = EDGE_CURVE ( 'NONE', #1845, #7244, #2358, .T. ) ;
#5144 = VERTEX_POINT ( 'NONE', #2413 ) ;
#5145 = CARTESIAN_POINT ( 'NONE',  ( 0.4957861071419628618, 0.08464566929133819639, -0.07618110236220680676 ) ) ;
#5146 = EDGE_CURVE ( 'NONE', #7180, #4994, #8601, .T. ) ;
#5147 = CIRCLE ( 'NONE', #3673, 0.01299212598425196659 ) ;
#5148 = UNCERTAINTY_MEASURE_WITH_UNIT (LENGTH_MEASURE( 1.000000000000000082E-05 ), #5678, 'distance_accuracy_value', 'NONE');
#5149 = CARTESIAN_POINT ( 'NONE',  ( 0.3812007874015694853, 0.1448818897637632053, -0.1801181102362227338 ) ) ;
#5150 = CARTESIAN_POINT ( 'NONE',  ( 0.2660249164800739252, 0.08937007874015670539, -0.2761811023622072203 ) ) ;
#5151 = DIRECTION ( 'NONE',  ( -1.644517855225997348E-15, 1.000000000000000000, -2.970554346222872930E-30 ) ) ;
#5152 =( LENGTH_UNIT ( ) NAMED_UNIT ( * ) SI_UNIT ( $, .METRE. ) );
#5153 = ORIENTED_EDGE ( 'NONE', *, *, #5647, .F. ) ;
#5154 = CARTESIAN_POINT ( 'NONE',  ( 0.4957861071419626953, 0.08464566929133819639, 0.002700787401572772931 ) ) ;
#5155 = PLANE ( 'NONE',  #820 ) ;
#5156 = ADVANCED_FACE ( 'NONE', ( #5935 ), #1553, .T. ) ;
#5157 = CARTESIAN_POINT ( 'NONE',  ( 0.4058070866141676447, 0.1240157480314955235, -0.1053149606299234459 ) ) ;
#5158 = CARTESIAN_POINT ( 'NONE',  ( 0.4058070866141674782, 0.1240157480314955235, -0.05531496062992343615 ) ) ;
#5159 = DIRECTION ( 'NONE',  ( -1.817990202823693835E-15, 0.0000000000000000000, 1.000000000000000000 ) ) ;
#5160 = VECTOR ( 'NONE', #2053, 39.37007874015748143 ) ;
#5161 = DIRECTION ( 'NONE',  ( -1.000000000000000000, -1.644517855225996559E-15, -1.817990202823693835E-15 ) ) ;
#5162 = CARTESIAN_POINT ( 'NONE',  ( 0.5197082840997425679, 0.07204724409448784450, -0.1104330708661437066 ) ) ;
#5163 = LENGTH_MEASURE_WITH_UNIT ( LENGTH_MEASURE( 0.02539999999999999897 ), #2740 );
#5164 = SURFACE_SIDE_STYLE ('',( #8574 ) ) ;
#5165 = ORIENTED_EDGE ( 'NONE', *, *, #673, .F. ) ;
#5166 = CARTESIAN_POINT ( 'NONE',  ( 0.4058070866141676447, 0.1448818897637632330, -0.1053149606299234459 ) ) ;
#5167 = VERTEX_POINT ( 'NONE', #7953 ) ;
#5168 = STYLED_ITEM ( 'NONE', ( #6461 ), #5293 ) ;
#5169 = CARTESIAN_POINT ( 'NONE',  ( 0.4432086614173168515, 0.1476377952755900669, 0.0009842519685018479535 ) ) ;
#5170 = VERTEX_POINT ( 'NONE', #8846 ) ;
#5171 = LINE ( 'NONE', #1594, #10602 ) ;
#5172 = DIRECTION ( 'NONE',  ( -1.817990202823693835E-15, 0.0000000000000000000, 1.000000000000000000 ) ) ;
#5173 = PRESENTATION_LAYER_ASSIGNMENT (  '', '', ( #9621 ) ) ;
#5174 = DIRECTION ( 'NONE',  ( 1.000000000000000000, 1.644517855225996559E-15, 1.817990202823693835E-15 ) ) ;
#5175 =( CONVERSION_BASED_UNIT ( 'INCH', #5985 ) LENGTH_UNIT ( ) NAMED_UNIT ( #322 ) );
#5176 = ORIENTED_EDGE ( 'NONE', *, *, #6903, .T. ) ;
#5177 = DIRECTION ( 'NONE',  ( 1.000000000000000000, 1.644517855225996559E-15, 1.817990202823693835E-15 ) ) ;
#5178 = VERTEX_POINT ( 'NONE', #4495 ) ;
#5179 = MECHANICAL_DESIGN_GEOMETRIC_PRESENTATION_REPRESENTATION (  '', ( #5368 ), #6847 ) ;
#5180 = FACE_OUTER_BOUND ( 'NONE', #1261, .T. ) ;
#5181 = VERTEX_POINT ( 'NONE', #8897 ) ;
#5182 = LINE ( 'NONE', #4319, #4497 ) ;
#5183 = SURFACE_STYLE_USAGE ( .BOTH. , #10598 ) ;
#5184 = DIRECTION ( 'NONE',  ( 0.8849182223819943571, 0.4657464328325994773, 1.608772658590624482E-15 ) ) ;
#5185 = DIRECTION ( 'NONE',  ( -1.817990202823693835E-15, 3.503246160812042677E-46, 1.000000000000000000 ) ) ;
#5186 = DIRECTION ( 'NONE',  ( 1.154489273450655176E-15, -0.9701425001453140018, 0.2425356250364040234 ) ) ;
#5187 = PRESENTATION_STYLE_ASSIGNMENT (( #7901 ) ) ;
#5188 = CARTESIAN_POINT ( 'NONE',  ( 0.3186023622047189918, 0.1476377952755898726, -0.1490157480314983629 ) ) ;
#5189 = VERTEX_POINT ( 'NONE', #9596 ) ;
#5190 = EDGE_CURVE ( 'NONE', #712, #713, #3508, .T. ) ;
#5191 = EDGE_LOOP ( 'NONE', ( #486, #2290, #1022, #5423 ) ) ;
#5192 = ORIENTED_EDGE ( 'NONE', *, *, #208, .F. ) ;
#5193 = DIMENSIONAL_EXPONENTS ( 1.000000000000000000, 0.0000000000000000000, 0.0000000000000000000, 0.0000000000000000000, 0.0000000000000000000, 0.0000000000000000000, 0.0000000000000000000 ) ;
#5194 = ORIENTED_EDGE ( 'NONE', *, *, #2733, .T. ) ;
#5195 = DIRECTION ( 'NONE',  ( 1.644517855225996559E-15, -1.000000000000000000, 2.970554346222871178E-30 ) ) ;
#5196 = PLANE ( 'NONE',  #6456 ) ;
#5197 = LENGTH_MEASURE_WITH_UNIT ( LENGTH_MEASURE( 0.02539999999999999897 ), #6832 );
#5198 = DIRECTION ( 'NONE',  ( 0.3630301527216025503, -0.9317773919853011844, 6.599852609774626257E-16 ) ) ;
#5199 = DIRECTION ( 'NONE',  ( -1.817990202823693835E-15, 0.0000000000000000000, 1.000000000000000000 ) ) ;
#5200 = FILL_AREA_STYLE_COLOUR ( '', #2483 ) ;
#5201 = EDGE_CURVE ( 'NONE', #4144, #10256, #3390, .T. ) ;
#5202 = ORIENTED_EDGE ( 'NONE', *, *, #10927, .F. ) ;
#5203 = ADVANCED_FACE ( 'NONE', ( #93 ), #3446, .T. ) ;
#5204 = CIRCLE ( 'NONE', #10215, 0.004724409448818893235 ) ;
#5205 = LINE ( 'NONE', #1633, #8058 ) ;
#5206 = LINE ( 'NONE', #1574, #2728 ) ;
#5207 = DIRECTION ( 'NONE',  ( 1.817990202823693835E-15, 0.0000000000000000000, -1.000000000000000000 ) ) ;
#5208 = CARTESIAN_POINT ( 'NONE',  ( 0.2660249164800736477, 0.09645669291338505869, -0.2261811023622072314 ) ) ;
#5209 = MECHANICAL_DESIGN_GEOMETRIC_PRESENTATION_REPRESENTATION (  '', ( #9658 ), #1120 ) ;
#5210 = CARTESIAN_POINT ( 'NONE',  ( 0.4957861071419634724, 0.08464566929133819639, -0.2104330708661437954 ) ) ;
#5211 =( GEOMETRIC_REPRESENTATION_CONTEXT ( 3 ) GLOBAL_UNCERTAINTY_ASSIGNED_CONTEXT ( ( #8026 ) ) GLOBAL_UNIT_ASSIGNED_CONTEXT ( ( #5039, #6023, #4241 ) ) REPRESENTATION_CONTEXT ( 'NONE', 'WORKASPACE' ) );
#5212 =( LENGTH_UNIT ( ) NAMED_UNIT ( * ) SI_UNIT ( $, .METRE. ) );
#5213 = ADVANCED_FACE ( 'NONE', ( #8778 ), #7898, .T. ) ;
#5214 = SURFACE_SIDE_STYLE ('',( #752 ) ) ;
#5215 = FILL_AREA_STYLE_COLOUR ( '', #1214 ) ;
#5216 = EDGE_LOOP ( 'NONE', ( #3328, #2117, #6575, #3664 ) ) ;
#5217 = PLANE ( 'NONE',  #7684 ) ;
#5218 = VERTEX_POINT ( 'NONE', #1951 ) ;
#5219 = PRESENTATION_STYLE_ASSIGNMENT (( #5106 ) ) ;
#5220 = AXIS2_PLACEMENT_3D ( 'NONE', #911, #7159, #5251 ) ;
#5221 = ORIENTED_EDGE ( 'NONE', *, *, #4578, .T. ) ;
#5222 = VECTOR ( 'NONE', #6239, 39.37007874015748143 ) ;
#5223 = CARTESIAN_POINT ( 'NONE',  ( 0.2175196850393642523, 0.06614173228346371947, -0.02618110236220727929 ) ) ;
#5224 = CARTESIAN_POINT ( 'NONE',  ( 0.2660249164800728705, 0.08464566929133782169, -0.02618110236220720990 ) ) ;
#5225 = CIRCLE ( 'NONE', #7999, 0.01299212598425198914 ) ;
#5226 = ORIENTED_EDGE ( 'NONE', *, *, #9324, .T. ) ;
#5227 = CARTESIAN_POINT ( 'NONE',  ( 0.2175196850393646408, 0.05905511811023538005, -0.1104330708661442478 ) ) ;
#5228 = ORIENTED_EDGE ( 'NONE', *, *, #11244, .T. ) ;
#5229 =( CONVERSION_BASED_UNIT ( 'INCH', #8715 ) LENGTH_UNIT ( ) NAMED_UNIT ( #11080 ) );
#5230 = ORIENTED_EDGE ( 'NONE', *, *, #9810, .T. ) ;
#5231 = DIRECTION ( 'NONE',  ( -1.644517855225997348E-15, 1.000000000000000000, -2.970554346222872930E-30 ) ) ;
#5232 =( LENGTH_UNIT ( ) NAMED_UNIT ( * ) SI_UNIT ( $, .METRE. ) );
#5233 = FACE_OUTER_BOUND ( 'NONE', #9058, .T. ) ;
#5234 = CARTESIAN_POINT ( 'NONE',  ( 0.2550196716928492813, 0.08893342700064765793, -0.2261811023622072314 ) ) ;
#5235 = CARTESIAN_POINT ( 'NONE',  ( 0.2175196850393644743, 0.05905511811023538005, -0.07618110236220727860 ) ) ;
#5236 = DIMENSIONAL_EXPONENTS ( 1.000000000000000000, 0.0000000000000000000, 0.0000000000000000000, 0.0000000000000000000, 0.0000000000000000000, 0.0000000000000000000, 0.0000000000000000000 ) ;
#5237 = SURFACE_STYLE_FILL_AREA ( #49 ) ;
#5238 = DIRECTION ( 'NONE',  ( 0.9317773919853027387, -0.3630301527215988866, 2.628368902995161236E-15 ) ) ;
#5239 = VECTOR ( 'NONE', #3470, 39.37007874015748143 ) ;
#5240 = ORIENTED_EDGE ( 'NONE', *, *, #7450, .T. ) ;
#5241 = ORIENTED_EDGE ( 'NONE', *, *, #5919, .F. ) ;
#5242 = ORIENTED_EDGE ( 'NONE', *, *, #7193, .F. ) ;
#5243 = LINE ( 'NONE', #842, #3661 ) ;
#5244 = ORIENTED_EDGE ( 'NONE', *, *, #4221, .T. ) ;
#5245 = PRESENTATION_LAYER_ASSIGNMENT (  '', '', ( #266 ) ) ;
#5246 = CARTESIAN_POINT ( 'NONE',  ( 0.5142056617061282475, 0.06990336523983428640, -0.07618110236220675124 ) ) ;
#5247 = FACE_OUTER_BOUND ( 'NONE', #7821, .T. ) ;
#5248 = VECTOR ( 'NONE', #7574, 39.37007874015748143 ) ;
#5249 = DIRECTION ( 'NONE',  ( 0.0000000000000000000, 1.000000000000000000, 0.0000000000000000000 ) ) ;
#5250 = UNCERTAINTY_MEASURE_WITH_UNIT (LENGTH_MEASURE( 1.000000000000000082E-05 ), #10939, 'distance_accuracy_value', 'NONE');
#5251 = DIRECTION ( 'NONE',  ( -0.9317773919853027387, 0.3630301527215988866, -1.971276677246371124E-15 ) ) ;
#5252 = PLANE ( 'NONE',  #4257 ) ;
#5253 = ADVANCED_FACE ( 'NONE', ( #3911 ), #9998, .T. ) ;
#5254 = LINE ( 'NONE', #2724, #1188 ) ;
#5255 = CARTESIAN_POINT ( 'NONE',  ( 0.5442913385826720907, 0.05905511811023591434, -0.2261811023622066763 ) ) ;
#5256 = CARTESIAN_POINT ( 'NONE',  ( 0.3560039370078677545, 0.1240157480314954541, 0.1580708661417300209 ) ) ;
#5257 = MECHANICAL_DESIGN_GEOMETRIC_PRESENTATION_REPRESENTATION (  '', ( #5068 ), #9340 ) ;
#5258 = ORIENTED_EDGE ( 'NONE', *, *, #7565, .F. ) ;
#5259 = SURFACE_STYLE_FILL_AREA ( #1739 ) ;
#5260 = CARTESIAN_POINT ( 'NONE',  ( 0.2476053619159075403, 0.06990336523983385619, -0.01043307086614417636 ) ) ;
#5261 = VECTOR ( 'NONE', #5318, 39.37007874015748143 ) ;
#5262 =( NAMED_UNIT ( * ) PLANE_ANGLE_UNIT ( ) SI_UNIT ( $, .RADIAN. ) );
#5263 = ADVANCED_FACE ( 'NONE', ( #9186 ), #2815, .T. ) ;
#5264 =( GEOMETRIC_REPRESENTATION_CONTEXT ( 3 ) GLOBAL_UNCERTAINTY_ASSIGNED_CONTEXT ( ( #70 ) ) GLOBAL_UNIT_ASSIGNED_CONTEXT ( ( #4341, #2491, #741 ) ) REPRESENTATION_CONTEXT ( 'NONE', 'WORKASPACE' ) );
#5265 = EDGE_CURVE ( 'NONE', #8575, #156, #3798, .T. ) ;
#5266 = UNCERTAINTY_MEASURE_WITH_UNIT (LENGTH_MEASURE( 1.000000000000000082E-05 ), #8036, 'distance_accuracy_value', 'NONE');
#5267 = DIRECTION ( 'NONE',  ( 1.817990202823693835E-15, 0.0000000000000000000, -1.000000000000000000 ) ) ;
#5268 = EDGE_CURVE ( 'NONE', #871, #7135, #4554, .T. ) ;
#5269 = STYLED_ITEM ( 'NONE', ( #3451 ), #10019 ) ;
#5270 = SURFACE_SIDE_STYLE ('',( #73 ) ) ;
#5271 = FILL_AREA_STYLE ('',( #6086 ) ) ;
#5272 = VERTEX_POINT ( 'NONE', #9021 ) ;
#5273 =( CONVERSION_BASED_UNIT ( 'INCH', #8637 ) LENGTH_UNIT ( ) NAMED_UNIT ( #1107 ) );
#5274 = ORIENTED_EDGE ( 'NONE', *, *, #1683, .F. ) ;
#5275 = STYLED_ITEM ( 'NONE', ( #7773 ), #10913 ) ;
#5276 = DIRECTION ( 'NONE',  ( -1.817990202823693835E-15, 0.0000000000000000000, 1.000000000000000000 ) ) ;
#5277 = VERTEX_POINT ( 'NONE', #367 ) ;
#5278 = EDGE_CURVE ( 'NONE', #193, #652, #10118, .T. ) ;
#5279 = SURFACE_STYLE_USAGE ( .BOTH. , #10646 ) ;
#5280 = ADVANCED_FACE ( 'NONE', ( #11002 ), #7254, .T. ) ;
#5281 = SURFACE_SIDE_STYLE ('',( #8882 ) ) ;
#5282 = STYLED_ITEM ( 'NONE', ( #11280 ), #2376 ) ;
#5283 = PLANE ( 'NONE',  #5715 ) ;
#5284 = DIRECTION ( 'NONE',  ( 1.000000000000000000, 1.644517855225996559E-15, 1.817990202823693835E-15 ) ) ;
#5285 = VECTOR ( 'NONE', #1644, 39.37007874015748143 ) ;
#5286 = LINE ( 'NONE', #5399, #5564 ) ;
#5287 = AXIS2_PLACEMENT_3D ( 'NONE', #888, #2637, #4309 ) ;
#5288 = DIRECTION ( 'NONE',  ( -1.817990202823693835E-15, 0.0000000000000000000, 1.000000000000000000 ) ) ;
#5289 = ORIENTED_EDGE ( 'NONE', *, *, #9518, .T. ) ;
#5290 = CARTESIAN_POINT ( 'NONE',  ( 0.3560039370078683096, 0.1240157480314954541, -0.05492125984252195503 ) ) ;
#5291 = AXIS2_PLACEMENT_3D ( 'NONE', #2473, #8779, #8603 ) ;
#5292 = VERTEX_POINT ( 'NONE', #1125 ) ;
#5293 = ADVANCED_FACE ( 'NONE', ( #1236 ), #4669, .F. ) ;
#5294 = VERTEX_POINT ( 'NONE', #4135 ) ;
#5295 = AXIS2_PLACEMENT_3D ( 'NONE', #7967, #2830, #58 ) ;
#5296 = CARTESIAN_POINT ( 'NONE',  ( 0.5442913385826719797, 0.06259842519685009099, -0.1683070866141751498 ) ) ;
#5297 = STYLED_ITEM ( 'NONE', ( #10001 ), #1045 ) ;
#5298 = CARTESIAN_POINT ( 'NONE',  ( 0.2616228185651914284, 0.08636077237506183113, -0.1261811023622072259 ) ) ;
#5299 = MECHANICAL_DESIGN_GEOMETRIC_PRESENTATION_REPRESENTATION (  '', ( #11250 ), #7331 ) ;
#5300 = VECTOR ( 'NONE', #3531, 39.37007874015747433 ) ;
#5301 = DIRECTION ( 'NONE',  ( 1.000000000000000000, 1.644517855225996559E-15, 1.817990202823693835E-15 ) ) ;
#5302 = CARTESIAN_POINT ( 'NONE',  ( 0.5076025148337941495, 0.06733071061424766857, -0.1761811023622067429 ) ) ;
#5303 = COLOUR_RGB ( '',1.000000000000000000, 1.000000000000000000, 1.000000000000000000 ) ;
#5304 = LINE ( 'NONE', #8784, #1712 ) ;
#5305 = ORIENTED_EDGE ( 'NONE', *, *, #7628, .F. ) ;
#5306 = VECTOR ( 'NONE', #7004, 39.37007874015748143 ) ;
#5307 = ORIENTED_EDGE ( 'NONE', *, *, #8672, .F. ) ;
#5308 = VERTEX_POINT ( 'NONE', #10176 ) ;
#5309 = LINE ( 'NONE', #1961, #880 ) ;
#5310 = ORIENTED_EDGE ( 'NONE', *, *, #2529, .T. ) ;
#5311 = PRESENTATION_LAYER_ASSIGNMENT (  '', '', ( #6799 ) ) ;
#5312 = COLOUR_RGB ( '',0.7607843137254901578, 0.7607843137254901578, 0.0000000000000000000 ) ;
#5313 = FILL_AREA_STYLE_COLOUR ( '', #853 ) ;
#5314 = CARTESIAN_POINT ( 'NONE',  ( 0.2746062992125931634, 0.08937007874015673314, -0.1761811023622072148 ) ) ;
#5315 = AXIS2_PLACEMENT_3D ( 'NONE', #678, #10614, #3518 ) ;
#5316 =( CONVERSION_BASED_UNIT ( 'INCH', #8793 ) LENGTH_UNIT ( ) NAMED_UNIT ( #2543 ) );
#5317 = FACE_OUTER_BOUND ( 'NONE', #5352, .T. ) ;
#5318 = DIRECTION ( 'NONE',  ( 1.817990202823693835E-15, 0.0000000000000000000, -1.000000000000000000 ) ) ;
#5319 = FILL_AREA_STYLE ('',( #6128 ) ) ;
#5320 = VECTOR ( 'NONE', #11018, 39.37007874015748143 ) ;
#5321 = STYLED_ITEM ( 'NONE', ( #6473 ), #3249 ) ;
#5322 = ORIENTED_EDGE ( 'NONE', *, *, #3221, .F. ) ;
#5323 = FACE_OUTER_BOUND ( 'NONE', #9316, .T. ) ;
#5324 = DIMENSIONAL_EXPONENTS ( 1.000000000000000000, 0.0000000000000000000, 0.0000000000000000000, 0.0000000000000000000, 0.0000000000000000000, 0.0000000000000000000, 0.0000000000000000000 ) ;
#5325 = LINE ( 'NONE', #10629, #7888 ) ;
#5326 = LINE ( 'NONE', #3712, #11273 ) ;
#5327 = LINE ( 'NONE', #8869, #7791 ) ;
#5328 = SURFACE_SIDE_STYLE ('',( #4466 ) ) ;
#5329 = AXIS2_PLACEMENT_3D ( 'NONE', #11138, #616, #4273 ) ;
#5330 = LINE ( 'NONE', #1694, #2623 ) ;
#5331 = ORIENTED_EDGE ( 'NONE', *, *, #8683, .F. ) ;
#5332 = EDGE_CURVE ( 'NONE', #5582, #6104, #1482, .T. ) ;
#5333 = DIRECTION ( 'NONE',  ( -1.817990202823693835E-15, 0.0000000000000000000, 1.000000000000000000 ) ) ;
#5334 = CARTESIAN_POINT ( 'NONE',  ( 0.3809055118110182825, 0.1240157480314954819, -0.1549212598425219467 ) ) ;
#5335 = VERTEX_POINT ( 'NONE', #6804 ) ;
#5336 = EDGE_CURVE ( 'NONE', #6045, #11419, #3321, .T. ) ;
#5337 = FILL_AREA_STYLE ('',( #1701 ) ) ;
#5338 = EDGE_CURVE ( 'NONE', #6679, #3283, #4951, .T. ) ;
#5339 = ORIENTED_EDGE ( 'NONE', *, *, #106, .F. ) ;
#5340 = CARTESIAN_POINT ( 'NONE',  ( 0.3821850393700731985, 0.1448818897637632053, -0.1053149606299235153 ) ) ;
#5341 =( CONVERSION_BASED_UNIT ( 'INCH', #8880 ) LENGTH_UNIT ( ) NAMED_UNIT ( #7343 ) );
#5342 = CARTESIAN_POINT ( 'NONE',  ( 0.5067913519291880053, 0.08893342700064806039, -0.2604330708661437566 ) ) ;
#5343 = LINE ( 'NONE', #1762, #3506 ) ;
#5344 = CARTESIAN_POINT ( 'NONE',  ( 0.4957861071419628618, 0.09645669291338543339, -0.06043307086614377321 ) ) ;
#5345 = DIRECTION ( 'NONE',  ( 1.000000000000000000, 1.644517855225996559E-15, 1.817990202823693835E-15 ) ) ;
#5346 = EDGE_CURVE ( 'NONE', #4491, #5859, #1538, .T. ) ;
#5347 =( LENGTH_UNIT ( ) NAMED_UNIT ( * ) SI_UNIT ( $, .METRE. ) );
#5348 = DIRECTION ( 'NONE',  ( -1.000000000000000000, -1.644517855225996559E-15, -1.817990202823693835E-15 ) ) ;
#5349 = ORIENTED_EDGE ( 'NONE', *, *, #739, .F. ) ;
#5350 = EDGE_CURVE ( 'NONE', #10445, #1562, #11056, .T. ) ;
#5351 = PLANE ( 'NONE',  #3422 ) ;
#5352 = EDGE_LOOP ( 'NONE', ( #1074, #4373, #7961, #11399 ) ) ;
#5353 = DIRECTION ( 'NONE',  ( 1.817990202823693835E-15, 0.0000000000000000000, -1.000000000000000000 ) ) ;
#5354 = ORIENTED_EDGE ( 'NONE', *, *, #10639, .T. ) ;
#5355 =( CONVERSION_BASED_UNIT ( 'INCH', #6232 ) LENGTH_UNIT ( ) NAMED_UNIT ( #8591 ) );
#5356 = CARTESIAN_POINT ( 'NONE',  ( 0.2660249164800735922, 0.08464566929133782169, -0.2393149606299237175 ) ) ;
#5357 = PRESENTATION_STYLE_ASSIGNMENT (( #717 ) ) ;
#5358 = CARTESIAN_POINT ( 'NONE',  ( 0.5076025148337933723, 0.06733071061424766857, -0.02618110236220673112 ) ) ;
#5359 = EDGE_CURVE ( 'NONE', #8537, #907, #11220, .T. ) ;
#5360 = PLANE ( 'NONE',  #3543 ) ;
#5361 = ORIENTED_EDGE ( 'NONE', *, *, #6992, .T. ) ;
#5362 = AXIS2_PLACEMENT_3D ( 'NONE', #9317, #4266, #2474 ) ;
#5363 = ORIENTED_EDGE ( 'NONE', *, *, #6116, .T. ) ;
#5364 = ORIENTED_EDGE ( 'NONE', *, *, #5921, .F. ) ;
#5365 = CARTESIAN_POINT ( 'NONE',  ( 0.5442913385826719797, 0.05905511811023591434, -0.1604330708661436400 ) ) ;
#5366 = ORIENTED_EDGE ( 'NONE', *, *, #9736, .T. ) ;
#5367 = DIRECTION ( 'NONE',  ( 1.817990202823693835E-15, 0.0000000000000000000, -1.000000000000000000 ) ) ;
#5368 = STYLED_ITEM ( 'NONE', ( #5015 ), #5969 ) ;
#5369 = UNCERTAINTY_MEASURE_WITH_UNIT (LENGTH_MEASURE( 1.000000000000000082E-05 ), #9790, 'distance_accuracy_value', 'NONE');
#5370 = ORIENTED_EDGE ( 'NONE', *, *, #10682, .F. ) ;
#5371 = FACE_OUTER_BOUND ( 'NONE', #1472, .T. ) ;
#5372 = DIRECTION ( 'NONE',  ( -1.000000000000000000, -1.644517855225996559E-15, -1.817990202823693835E-15 ) ) ;
#5373 = DIMENSIONAL_EXPONENTS ( 1.000000000000000000, 0.0000000000000000000, 0.0000000000000000000, 0.0000000000000000000, 0.0000000000000000000, 0.0000000000000000000, 0.0000000000000000000 ) ;
#5374 = LENGTH_MEASURE_WITH_UNIT ( LENGTH_MEASURE( 0.02539999999999999897 ), #4518 );
#5375 = ORIENTED_EDGE ( 'NONE', *, *, #3641, .F. ) ;
#5376 =( CONVERSION_BASED_UNIT ( 'INCH', #10855 ) LENGTH_UNIT ( ) NAMED_UNIT ( #10485 ) );
#5377 = DIRECTION ( 'NONE',  ( 1.817990202823693835E-15, 0.0000000000000000000, -1.000000000000000000 ) ) ;
#5378 = DIRECTION ( 'NONE',  ( -1.817990202823693835E-15, 0.0000000000000000000, 1.000000000000000000 ) ) ;
#5379 =( NAMED_UNIT ( * ) SI_UNIT ( $, .STERADIAN. ) SOLID_ANGLE_UNIT ( ) );
#5380 = UNCERTAINTY_MEASURE_WITH_UNIT (LENGTH_MEASURE( 1.000000000000000082E-05 ), #8252, 'distance_accuracy_value', 'NONE');
#5381 = DIRECTION ( 'NONE',  ( 1.817990202823693835E-15, 0.0000000000000000000, -1.000000000000000000 ) ) ;
#5382 = DIRECTION ( 'NONE',  ( 1.817990202823693835E-15, -3.503246160812042677E-46, -1.000000000000000000 ) ) ;
#5383 = SURFACE_STYLE_FILL_AREA ( #9858 ) ;
#5384 = VECTOR ( 'NONE', #3847, 39.37007874015748143 ) ;
#5385 = VECTOR ( 'NONE', #5231, 39.37007874015748143 ) ;
#5386 = ORIENTED_EDGE ( 'NONE', *, *, #9973, .F. ) ;
#5387 = PLANE ( 'NONE',  #8611 ) ;
#5388 = LINE ( 'NONE', #985, #8033 ) ;
#5389 = ORIENTED_EDGE ( 'NONE', *, *, #3235, .T. ) ;
#5390 = FACE_OUTER_BOUND ( 'NONE', #7859, .T. ) ;
#5391 = ORIENTED_EDGE ( 'NONE', *, *, #11044, .F. ) ;
#5392 = VECTOR ( 'NONE', #513, 39.37007874015748143 ) ;
#5393 = SURFACE_STYLE_FILL_AREA ( #3608 ) ;
#5394 = PRESENTATION_STYLE_ASSIGNMENT (( #5279 ) ) ;
#5395 = DIMENSIONAL_EXPONENTS ( 1.000000000000000000, 0.0000000000000000000, 0.0000000000000000000, 0.0000000000000000000, 0.0000000000000000000, 0.0000000000000000000, 0.0000000000000000000 ) ;
#5396 =( CONVERSION_BASED_UNIT ( 'INCH', #1873 ) LENGTH_UNIT ( ) NAMED_UNIT ( #9343 ) );
#5397 = DIRECTION ( 'NONE',  ( 1.000000000000000000, 1.644517855225996559E-15, 1.817990202823693835E-15 ) ) ;
#5398 = EDGE_CURVE ( 'NONE', #5105, #2364, #5054, .T. ) ;
#5399 = CARTESIAN_POINT ( 'NONE',  ( 0.3821850393700729764, 0.1448818897637632053, -0.08129921259842748382 ) ) ;
#5400 = EDGE_CURVE ( 'NONE', #10050, #7950, #9419, .T. ) ;
#5401 = DIRECTION ( 'NONE',  ( 0.3630301527216025503, -0.9317773919853011844, 6.599852609774626257E-16 ) ) ;
#5402 = CARTESIAN_POINT ( 'NONE',  ( 0.2175196850393646686, 0.05905511811023538005, -0.1379921259842545322 ) ) ;
#5403 = ORIENTED_EDGE ( 'NONE', *, *, #6964, .T. ) ;
#5404 = VECTOR ( 'NONE', #8321, 39.37007874015748143 ) ;
#5405 = LINE ( 'NONE', #8950, #10481 ) ;
#5406 = ORIENTED_EDGE ( 'NONE', *, *, #2171, .F. ) ;
#5407 = CARTESIAN_POINT ( 'NONE',  ( 0.2660249164800730370, 0.09645669291338505869, -0.06043307086614418261 ) ) ;
#5408 = VERTEX_POINT ( 'NONE', #4820 ) ;
#5409 = EDGE_CURVE ( 'NONE', #4223, #1015, #6856, .T. ) ;
#5410 = VECTOR ( 'NONE', #10263, 39.37007874015748143 ) ;
#5411 =( NAMED_UNIT ( * ) SI_UNIT ( $, .STERADIAN. ) SOLID_ANGLE_UNIT ( ) );
#5412 = EDGE_CURVE ( 'NONE', #2931, #12, #3695, .T. ) ;
#5413 = DIMENSIONAL_EXPONENTS ( 1.000000000000000000, 0.0000000000000000000, 0.0000000000000000000, 0.0000000000000000000, 0.0000000000000000000, 0.0000000000000000000, 0.0000000000000000000 ) ;
#5414 = CARTESIAN_POINT ( 'NONE',  ( 0.5442913385826716466, 0.06259842519685009099, -0.06830708661417514427 ) ) ;
#5415 = FACE_OUTER_BOUND ( 'NONE', #4271, .T. ) ;
#5416 =( NAMED_UNIT ( * ) SI_UNIT ( $, .STERADIAN. ) SOLID_ANGLE_UNIT ( ) );
#5417 = DIRECTION ( 'NONE',  ( -1.644517855225997348E-15, 1.000000000000000000, -2.970554346222872930E-30 ) ) ;
#5418 = ORIENTED_EDGE ( 'NONE', *, *, #43, .F. ) ;
#5419 = VERTEX_POINT ( 'NONE', #3969 ) ;
#5420 = STYLED_ITEM ( 'NONE', ( #9287 ), #8839 ) ;
#5421 = ORIENTED_EDGE ( 'NONE', *, *, #5268, .T. ) ;
#5422 = CARTESIAN_POINT ( 'NONE',  ( 0.2542085087882430261, 0.06733071061424725223, -0.2104330708661442395 ) ) ;
#5423 = ORIENTED_EDGE ( 'NONE', *, *, #9407, .T. ) ;
#5424 = EDGE_CURVE ( 'NONE', #5986, #8480, #10230, .T. ) ;
#5425 =( NAMED_UNIT ( * ) PLANE_ANGLE_UNIT ( ) SI_UNIT ( $, .RADIAN. ) );
#5426 = CARTESIAN_POINT ( 'NONE',  ( 0.5442913385826717576, 0.05905511811023591434, -0.1261811023622066708 ) ) ;
#5427 = ADVANCED_FACE ( 'NONE', ( #4084 ), #6632, .F. ) ;
#5428 = ORIENTED_EDGE ( 'NONE', *, *, #3095, .T. ) ;
#5429 = CARTESIAN_POINT ( 'NONE',  ( 0.3821850393700728654, 0.1240157480314797583, -0.03129921259842747411 ) ) ;
#5430 = MECHANICAL_DESIGN_GEOMETRIC_PRESENTATION_REPRESENTATION (  '', ( #4324 ), #1734 ) ;
#5431 =( LENGTH_UNIT ( ) NAMED_UNIT ( * ) SI_UNIT ( $, .METRE. ) );
#5432 = PRESENTATION_STYLE_ASSIGNMENT (( #7275 ) ) ;
#5433 = LINE ( 'NONE', #10562, #3775 ) ;
#5434 = ORIENTED_EDGE ( 'NONE', *, *, #4522, .F. ) ;
#5435 = VECTOR ( 'NONE', #7436, 39.37007874015748143 ) ;
#5436 = SURFACE_STYLE_FILL_AREA ( #1916 ) ;
#5437 = DIRECTION ( 'NONE',  ( 1.817990202823693835E-15, -3.503246160812042677E-46, -1.000000000000000000 ) ) ;
#5438 = COLOUR_RGB ( '',0.7607843137254901578, 0.7607843137254901578, 0.0000000000000000000 ) ;
#5439 = PRESENTATION_STYLE_ASSIGNMENT (( #349 ) ) ;
#5440 = ADVANCED_FACE ( 'NONE', ( #764 ), #6906, .F. ) ;
#5441 = FILL_AREA_STYLE ('',( #4464 ) ) ;
#5442 = CARTESIAN_POINT ( 'NONE',  ( 0.4957861071419630283, 0.08937007874015708009, -0.1104330708661437760 ) ) ;
#5443 = VECTOR ( 'NONE', #6284, 39.37007874015748143 ) ;
#5444 = SURFACE_SIDE_STYLE ('',( #10086 ) ) ;
#5445 = CARTESIAN_POINT ( 'NONE',  ( 0.3560039370078680876, 0.1279527559055112229, -0.03267716535433293212 ) ) ;
#5446 = VECTOR ( 'NONE', #6174, 39.37007874015748143 ) ;
#5447 = DIRECTION ( 'NONE',  ( 1.644517855225997348E-15, -1.000000000000000000, 2.970554346222872930E-30 ) ) ;
#5448 =( NAMED_UNIT ( * ) PLANE_ANGLE_UNIT ( ) SI_UNIT ( $, .RADIAN. ) );
#5449 = ORIENTED_EDGE ( 'NONE', *, *, #4423, .T. ) ;
#5450 = STYLED_ITEM ( 'NONE', ( #9399 ), #1697 ) ;
#5451 = AXIS2_PLACEMENT_3D ( 'NONE', #342, #3818, #6528 ) ;
#5452 = PRESENTATION_STYLE_ASSIGNMENT (( #6962 ) ) ;
#5453 = CARTESIAN_POINT ( 'NONE',  ( 0.4058070866141681443, 0.1448818897637632330, -0.2312992125984274228 ) ) ;
#5454 = CARTESIAN_POINT ( 'NONE',  ( 0.2542085087882430261, 0.06733071061424725223, -0.2261811023622072314 ) ) ;
#5455 = DIRECTION ( 'NONE',  ( -1.817990202823693835E-15, 0.0000000000000000000, 1.000000000000000000 ) ) ;
#5456 = MECHANICAL_DESIGN_GEOMETRIC_PRESENTATION_REPRESENTATION (  '', ( #9356 ), #10670 ) ;
#5457 = FACE_OUTER_BOUND ( 'NONE', #7415, .T. ) ;
#5458 = EDGE_LOOP ( 'NONE', ( #10288, #6644, #2873, #506 ) ) ;
#5459 = FACE_OUTER_BOUND ( 'NONE', #3030, .T. ) ;
#5460 = ORIENTED_EDGE ( 'NONE', *, *, #3072, .F. ) ;
#5461 = CARTESIAN_POINT ( 'NONE',  ( 0.5076025148337940385, 0.06733071061424766857, -0.1604330708661436955 ) ) ;
#5462 = ORIENTED_EDGE ( 'NONE', *, *, #5562, .F. ) ;
#5463 = LINE ( 'NONE', #3684, #1218 ) ;
#5464 = VERTEX_POINT ( 'NONE', #10467 ) ;
#5465 = VECTOR ( 'NONE', #8184, 39.37007874015748143 ) ;
#5466 = AXIS2_PLACEMENT_3D ( 'NONE', #4187, #10404, #3368 ) ;
#5467 =( NAMED_UNIT ( * ) SI_UNIT ( $, .STERADIAN. ) SOLID_ANGLE_UNIT ( ) );
#5468 = DIRECTION ( 'NONE',  ( 1.817990202823693835E-15, 0.0000000000000000000, -1.000000000000000000 ) ) ;
#5469 = CARTESIAN_POINT ( 'NONE',  ( 0.4432086614173171291, 0.1535433070866137062, -0.08759842519685250017 ) ) ;
#5470 = CARTESIAN_POINT ( 'NONE',  ( 0.2627952755905457183, 0.09645669291338505869, -0.1379921259842544767 ) ) ;
#5471 = DIRECTION ( 'NONE',  ( -1.817990202823693835E-15, 3.503246160812042677E-46, 1.000000000000000000 ) ) ;
#5472 = LINE ( 'NONE', #160, #7362 ) ;
#5473 = CARTESIAN_POINT ( 'NONE',  ( 0.2616228185651915950, 0.08636077237506183113, -0.1761811023622072148 ) ) ;
#5474 = VECTOR ( 'NONE', #2530, 39.37007874015748143 ) ;
#5475 = DIRECTION ( 'NONE',  ( -1.817990202823693835E-15, 0.0000000000000000000, 1.000000000000000000 ) ) ;
#5476 = ORIENTED_EDGE ( 'NONE', *, *, #9909, .T. ) ;
#5477 = EDGE_CURVE ( 'NONE', #11477, #50, #5343, .T. ) ;
#5478 = VECTOR ( 'NONE', #13, 39.37007874015747433 ) ;
#5479 = VECTOR ( 'NONE', #7814, 39.37007874015748143 ) ;
#5480 = ORIENTED_EDGE ( 'NONE', *, *, #7413, .F. ) ;
#5481 = EDGE_CURVE ( 'NONE', #10351, #6634, #1706, .T. ) ;
#5482 = DIRECTION ( 'NONE',  ( -1.000000000000000000, -1.644517855225997348E-15, -1.817990202823693441E-15 ) ) ;
#5483 = ORIENTED_EDGE ( 'NONE', *, *, #10822, .T. ) ;
#5484 = EDGE_CURVE ( 'NONE', #7673, #8891, #3611, .T. ) ;
#5485 = PLANE ( 'NONE',  #5295 ) ;
#5486 = MECHANICAL_DESIGN_GEOMETRIC_PRESENTATION_REPRESENTATION (  '', ( #7520 ), #11239 ) ;
#5487 = UNCERTAINTY_MEASURE_WITH_UNIT (LENGTH_MEASURE( 1.000000000000000082E-05 ), #11045, 'distance_accuracy_value', 'NONE');
#5488 = EDGE_LOOP ( 'NONE', ( #8491, #8435, #1645, #2542 ) ) ;
#5489 = EDGE_CURVE ( 'NONE', #6417, #4192, #7020, .T. ) ;
#5490 = CARTESIAN_POINT ( 'NONE',  ( 0.5076025148337933723, 0.06733071061424766857, -0.02618110236220673112 ) ) ;
#5491 = DIRECTION ( 'NONE',  ( 1.644517855225997348E-15, -1.000000000000000000, 2.970554346222872930E-30 ) ) ;
#5492 = MECHANICAL_DESIGN_GEOMETRIC_PRESENTATION_REPRESENTATION (  '', ( #669 ), #2752 ) ;
#5493 = LINE ( 'NONE', #5660, #2714 ) ;
#5494 = ORIENTED_EDGE ( 'NONE', *, *, #3439, .T. ) ;
#5495 = EDGE_CURVE ( 'NONE', #10282, #2062, #706, .T. ) ;
#5496 = DIMENSIONAL_EXPONENTS ( 1.000000000000000000, 0.0000000000000000000, 0.0000000000000000000, 0.0000000000000000000, 0.0000000000000000000, 0.0000000000000000000, 0.0000000000000000000 ) ;
#5497 = CARTESIAN_POINT ( 'NONE',  ( 0.4432086614173179617, 0.1476377952755900669, -0.2490157480314981742 ) ) ;
#5498 = COLOUR_RGB ( '',0.7607843137254901578, 0.7607843137254901578, 0.0000000000000000000 ) ;
#5499 = AXIS2_PLACEMENT_3D ( 'NONE', #10743, #5378, #2901 ) ;
#5500 = ADVANCED_FACE ( 'NONE', ( #9699 ), #5283, .T. ) ;
#5501 = CARTESIAN_POINT ( 'NONE',  ( 0.3821850393700738646, 0.1240157480314797583, -0.2812992125984274949 ) ) ;
#5502 = FILL_AREA_STYLE_COLOUR ( '', #1994 ) ;
#5503 = VECTOR ( 'NONE', #10630, 39.37007874015748143 ) ;
#5504 = UNCERTAINTY_MEASURE_WITH_UNIT (LENGTH_MEASURE( 1.000000000000000082E-05 ), #5773, 'distance_accuracy_value', 'NONE');
#5505 = LINE ( 'NONE', #3941, #9661 ) ;
#5506 = STYLED_ITEM ( 'NONE', ( #5075 ), #1016 ) ;
#5507 = VECTOR ( 'NONE', #2029, 39.37007874015748143 ) ;
#5508 = CARTESIAN_POINT ( 'NONE',  ( 0.2175196850393642245, 0.06259842519684954976, -0.01830708661417576252 ) ) ;
#5509 = CARTESIAN_POINT ( 'NONE',  ( 0.5076025148337943715, 0.06733071061424766857, -0.2604330708661437566 ) ) ;
#5510 = FACE_OUTER_BOUND ( 'NONE', #3631, .T. ) ;
#5511 = PLANE ( 'NONE',  #8523 ) ;
#5512 = EDGE_CURVE ( 'NONE', #10496, #4749, #6659, .T. ) ;
#5513 = LINE ( 'NONE', #7176, #10105 ) ;
#5514 = ORIENTED_EDGE ( 'NONE', *, *, #6992, .F. ) ;
#5515 = DIRECTION ( 'NONE',  ( 1.644517855225996559E-15, -1.000000000000000000, 2.970554346222871178E-30 ) ) ;
#5516 = CARTESIAN_POINT ( 'NONE',  ( 0.2550196716928486151, 0.08893342700064765793, -0.06043307086614418261 ) ) ;
#5517 = VECTOR ( 'NONE', #9227, 39.37007874015748143 ) ;
#5518 = UNCERTAINTY_MEASURE_WITH_UNIT (LENGTH_MEASURE( 1.000000000000000082E-05 ), #6495, 'distance_accuracy_value', 'NONE');
#5519 = LINE ( 'NONE', #9817, #2590 ) ;
#5520 = CARTESIAN_POINT ( 'NONE',  ( 0.4432086614173170735, 0.1476377952755900669, -0.04901574803149815612 ) ) ;
#5521 = PLANE ( 'NONE',  #6763 ) ;
#5522 = VERTEX_POINT ( 'NONE', #5777 ) ;
#5523 = CARTESIAN_POINT ( 'NONE',  ( 0.5442913385826717576, 0.06614173228346426070, -0.1104330708661436372 ) ) ;
#5524 = ORIENTED_EDGE ( 'NONE', *, *, #6747, .T. ) ;
#5525 = STYLED_ITEM ( 'NONE', ( #1079 ), #5045 ) ;
#5526 = CARTESIAN_POINT ( 'NONE',  ( 0.2746062992125924418, 0.09645669291338507256, -0.3163385826771688003 ) ) ;
#5527 = ORIENTED_EDGE ( 'NONE', *, *, #4015, .T. ) ;
#5528 = PLANE ( 'NONE',  #6783 ) ;
#5529 = VERTEX_POINT ( 'NONE', #8942 ) ;
#5530 = DIRECTION ( 'NONE',  ( -1.817990202823693835E-15, 0.0000000000000000000, 1.000000000000000000 ) ) ;
#5531 = COLOUR_RGB ( '',0.7607843137254901578, 0.7607843137254901578, 0.0000000000000000000 ) ;
#5532 = PRESENTATION_STYLE_ASSIGNMENT (( #158 ) ) ;
#5533 =( CONVERSION_BASED_UNIT ( 'INCH', #1952 ) LENGTH_UNIT ( ) NAMED_UNIT ( #1262 ) );
#5534 = PRESENTATION_STYLE_ASSIGNMENT (( #1129 ) ) ;
#5535 = LINE ( 'NONE', #7321, #7612 ) ;
#5536 = DIRECTION ( 'NONE',  ( 1.817990202823693835E-15, 0.0000000000000000000, -1.000000000000000000 ) ) ;
#5537 = ORIENTED_EDGE ( 'NONE', *, *, #2301, .F. ) ;
#5538 = ORIENTED_EDGE ( 'NONE', *, *, #4015, .F. ) ;
#5539 = VECTOR ( 'NONE', #7661, 39.37007874015748143 ) ;
#5540 = LINE ( 'NONE', #8020, #6439 ) ;
#5541 = ORIENTED_EDGE ( 'NONE', *, *, #3658, .T. ) ;
#5542 = SURFACE_STYLE_USAGE ( .BOTH. , #6421 ) ;
#5543 = ORIENTED_EDGE ( 'NONE', *, *, #4076, .T. ) ;
#5544 = DIRECTION ( 'NONE',  ( -1.817990202823693835E-15, 0.0000000000000000000, 1.000000000000000000 ) ) ;
#5545 = DIRECTION ( 'NONE',  ( 0.0000000000000000000, -1.000000000000000000, 0.0000000000000000000 ) ) ;
#5546 = LINE ( 'NONE', #9093, #8593 ) ;
#5547 = DIRECTION ( 'NONE',  ( -1.817990202823693835E-15, 0.0000000000000000000, 1.000000000000000000 ) ) ;
#5548 = CARTESIAN_POINT ( 'NONE',  ( 0.5197082840997427899, 0.07204724409448784450, -0.1761811023622067429 ) ) ;
#5549 = EDGE_CURVE ( 'NONE', #7836, #9892, #5519, .T. ) ;
#5550 = MECHANICAL_DESIGN_GEOMETRIC_PRESENTATION_REPRESENTATION (  '', ( #9621 ), #1103 ) ;
#5551 = EDGE_CURVE ( 'NONE', #5862, #698, #3126, .T. ) ;
#5552 = PLANE ( 'NONE',  #5661 ) ;
#5553 = VERTEX_POINT ( 'NONE', #6330 ) ;
#5554 = SURFACE_SIDE_STYLE ('',( #5436 ) ) ;
#5555 = DIRECTION ( 'NONE',  ( 0.4657464328325966463, 0.8849182223819959114, 8.467224518897441389E-16 ) ) ;
#5556 =( GEOMETRIC_REPRESENTATION_CONTEXT ( 3 ) GLOBAL_UNCERTAINTY_ASSIGNED_CONTEXT ( ( #8497 ) ) GLOBAL_UNIT_ASSIGNED_CONTEXT ( ( #5533, #7317, #2818 ) ) REPRESENTATION_CONTEXT ( 'NONE', 'WORKASPACE' ) );
#5557 = SURFACE_SIDE_STYLE ('',( #1981 ) ) ;
#5558 = ADVANCED_FACE ( 'NONE', ( #3999 ), #450, .T. ) ;
#5559 = LENGTH_MEASURE_WITH_UNIT ( LENGTH_MEASURE( 0.02539999999999999897 ), #6488 );
#5560 =( CONVERSION_BASED_UNIT ( 'INCH', #10904 ) LENGTH_UNIT ( ) NAMED_UNIT ( #10424 ) );
#5561 = PLANE ( 'NONE',  #8073 ) ;
#5562 = EDGE_CURVE ( 'NONE', #5080, #2773, #4599, .T. ) ;
#5563 = LINE ( 'NONE', #6492, #5013 ) ;
#5564 = VECTOR ( 'NONE', #5174, 39.37007874015748143 ) ;
#5565 = LINE ( 'NONE', #3773, #8050 ) ;
#5566 = VERTEX_POINT ( 'NONE', #2753 ) ;
#5567 = DIRECTION ( 'NONE',  ( -1.817990202823693835E-15, 0.0000000000000000000, 1.000000000000000000 ) ) ;
#5568 = DIMENSIONAL_EXPONENTS ( 1.000000000000000000, 0.0000000000000000000, 0.0000000000000000000, 0.0000000000000000000, 0.0000000000000000000, 0.0000000000000000000, 0.0000000000000000000 ) ;
#5569 = FILL_AREA_STYLE_COLOUR ( '', #495 ) ;
#5570 = DIRECTION ( 'NONE',  ( -1.817990202823693835E-15, 0.0000000000000000000, 1.000000000000000000 ) ) ;
#5571 = EDGE_CURVE ( 'NONE', #7948, #8356, #6450, .T. ) ;
#5572 = CIRCLE ( 'NONE', #943, 0.005905511811023644517 ) ;
#5573 = LINE ( 'NONE', #3080, #1522 ) ;
#5574 = EDGE_CURVE ( 'NONE', #4007, #9293, #6280, .T. ) ;
#5575 = PRESENTATION_STYLE_ASSIGNMENT (( #7238 ) ) ;
#5576 = PRESENTATION_STYLE_ASSIGNMENT (( #3786 ) ) ;
#5577 = ORIENTED_EDGE ( 'NONE', *, *, #4832, .T. ) ;
#5578 = EDGE_LOOP ( 'NONE', ( #5122, #7946, #10054, #4850 ) ) ;
#5579 = COLOUR_RGB ( '',0.7607843137254901578, 0.7607843137254901578, 0.0000000000000000000 ) ;
#5580 = DIRECTION ( 'NONE',  ( 1.817990202823693835E-15, 0.0000000000000000000, -1.000000000000000000 ) ) ;
#5581 = STYLED_ITEM ( 'NONE', ( #4083 ), #7794 ) ;
#5582 = VERTEX_POINT ( 'NONE', #1110 ) ;
#5583 = EDGE_LOOP ( 'NONE', ( #8908, #3678, #4845, #7039 ) ) ;
#5584 = DIRECTION ( 'NONE',  ( -1.817990202823693835E-15, 3.503246160812042677E-46, 1.000000000000000000 ) ) ;
#5585 = FILL_AREA_STYLE ('',( #1066 ) ) ;
#5586 = VECTOR ( 'NONE', #8470, 39.37007874015748143 ) ;
#5587 = DIRECTION ( 'NONE',  ( 1.000000000000000000, 1.644517855225996559E-15, 1.817990202823693835E-15 ) ) ;
#5588 = VECTOR ( 'NONE', #10604, 39.37007874015748143 ) ;
#5589 = LENGTH_MEASURE_WITH_UNIT ( LENGTH_MEASURE( 0.02539999999999999897 ), #3043 );
#5590 = ORIENTED_EDGE ( 'NONE', *, *, #1742, .F. ) ;
#5591 = ORIENTED_EDGE ( 'NONE', *, *, #1307, .T. ) ;
#5592 = VERTEX_POINT ( 'NONE', #7236 ) ;
#5593 = VECTOR ( 'NONE', #6737, 39.37007874015747433 ) ;
#5594 = AXIS2_PLACEMENT_3D ( 'NONE', #7138, #10718, #2765 ) ;
#5595 = CARTESIAN_POINT ( 'NONE',  ( 0.2443811050961603726, 0.06162777273582203952, -0.2379921259842544823 ) ) ;
#5596 = ORIENTED_EDGE ( 'NONE', *, *, #183, .F. ) ;
#5597 = PLANE ( 'NONE',  #3153 ) ;
#5598 = CARTESIAN_POINT ( 'NONE',  ( 0.3186023622047185477, 0.1476377952755898726, -0.04901574803149836429 ) ) ;
#5599 = PRESENTATION_LAYER_ASSIGNMENT (  '', '', ( #7637 ) ) ;
#5600 = ORIENTED_EDGE ( 'NONE', *, *, #10556, .T. ) ;
#5601 =( NAMED_UNIT ( * ) SI_UNIT ( $, .STERADIAN. ) SOLID_ANGLE_UNIT ( ) );
#5602 =( LENGTH_UNIT ( ) NAMED_UNIT ( * ) SI_UNIT ( $, .METRE. ) );
#5603 = FILL_AREA_STYLE_COLOUR ( '', #1997 ) ;
#5604 = ORIENTED_EDGE ( 'NONE', *, *, #10380, .T. ) ;
#5605 = CYLINDRICAL_SURFACE ( 'NONE', #5124, 0.004724409448818893235 ) ;
#5606 = LENGTH_MEASURE_WITH_UNIT ( LENGTH_MEASURE( 0.02539999999999999897 ), #7283 );
#5607 = UNCERTAINTY_MEASURE_WITH_UNIT (LENGTH_MEASURE( 1.000000000000000082E-05 ), #10275, 'distance_accuracy_value', 'NONE');
#5608 = FILL_AREA_STYLE ('',( #8271 ) ) ;
#5609 = FACE_BOUND ( 'NONE', #3486, .T. ) ;
#5610 = CARTESIAN_POINT ( 'NONE',  ( 0.2421027395222942191, 0.06614173228346377498, -0.2104330708661442673 ) ) ;
#5611 = VECTOR ( 'NONE', #1840, 39.37007874015748143 ) ;
#5612 =( LENGTH_UNIT ( ) NAMED_UNIT ( * ) SI_UNIT ( $, .METRE. ) );
#5613 =( LENGTH_UNIT ( ) NAMED_UNIT ( * ) SI_UNIT ( $, .METRE. ) );
#5614 = EDGE_LOOP ( 'NONE', ( #9240, #2087, #9969, #2201 ) ) ;
#5615 = AXIS2_PLACEMENT_3D ( 'NONE', #5838, #4917, #736 ) ;
#5616 = EDGE_CURVE ( 'NONE', #3178, #8916, #10188, .T. ) ;
#5617 =( NAMED_UNIT ( * ) SI_UNIT ( $, .STERADIAN. ) SOLID_ANGLE_UNIT ( ) );
#5618 = ADVANCED_FACE ( 'NONE', ( #9932 ), #9063, .F. ) ;
#5619 = EDGE_CURVE ( 'NONE', #4064, #4787, #9611, .T. ) ;
#5620 =( GEOMETRIC_REPRESENTATION_CONTEXT ( 3 ) GLOBAL_UNCERTAINTY_ASSIGNED_CONTEXT ( ( #8989 ) ) GLOBAL_UNIT_ASSIGNED_CONTEXT ( ( #9688, #756, #7817 ) ) REPRESENTATION_CONTEXT ( 'NONE', 'WORKASPACE' ) );
#5621 = CARTESIAN_POINT ( 'NONE',  ( 0.2660249164800732591, 0.09645669291338505869, -0.1261811023622072259 ) ) ;
#5622 = DIMENSIONAL_EXPONENTS ( 1.000000000000000000, 0.0000000000000000000, 0.0000000000000000000, 0.0000000000000000000, 0.0000000000000000000, 0.0000000000000000000, 0.0000000000000000000 ) ;
#5623 = UNCERTAINTY_MEASURE_WITH_UNIT (LENGTH_MEASURE( 1.000000000000000082E-05 ), #4634, 'distance_accuracy_value', 'NONE');
#5624 = DIRECTION ( 'NONE',  ( -0.8789799039125308910, -0.4626210020592183003, -0.1156552505148055743 ) ) ;
#5625 = STYLED_ITEM ( 'NONE', ( #4588 ), #9595 ) ;
#5626 = FILL_AREA_STYLE ('',( #10047 ) ) ;
#5627 = SURFACE_STYLE_FILL_AREA ( #8118 ) ;
#5628 = LINE ( 'NONE', #1221, #3634 ) ;
#5629 = VERTEX_POINT ( 'NONE', #7694 ) ;
#5630 = CARTESIAN_POINT ( 'NONE',  ( 0.3339566929133804818, 0.1240157480314796473, -0.1442913385826795070 ) ) ;
#5631 = ORIENTED_EDGE ( 'NONE', *, *, #197, .F. ) ;
#5632 = EDGE_CURVE ( 'NONE', #5592, #4218, #2425, .T. ) ;
#5633 = DIRECTION ( 'NONE',  ( -0.5643446851342061032, -0.8255392639728129645, 0.0000000000000000000 ) ) ;
#5634 = VECTOR ( 'NONE', #2953, 39.37007874015748143 ) ;
#5635 = ORIENTED_EDGE ( 'NONE', *, *, #8483, .F. ) ;
#5636 = EDGE_CURVE ( 'NONE', #5167, #1869, #2373, .T. ) ;
#5637 = ORIENTED_EDGE ( 'NONE', *, *, #247, .F. ) ;
#5638 = CARTESIAN_POINT ( 'NONE',  ( 0.4957861071419626398, 0.08464566929133819639, -0.02618110236220680051 ) ) ;
#5639 = MECHANICAL_DESIGN_GEOMETRIC_PRESENTATION_REPRESENTATION (  '', ( #6203 ), #9920 ) ;
#5640 = FACE_OUTER_BOUND ( 'NONE', #5019, .T. ) ;
#5641 = SURFACE_STYLE_FILL_AREA ( #371 ) ;
#5642 = LINE ( 'NONE', #11007, #3922 ) ;
#5643 = SURFACE_STYLE_USAGE ( .BOTH. , #7384 ) ;
#5644 = EDGE_LOOP ( 'NONE', ( #5701, #3458, #10906, #10252 ) ) ;
#5645 = EDGE_CURVE ( 'NONE', #9747, #10886, #3241, .T. ) ;
#5646 = ORIENTED_EDGE ( 'NONE', *, *, #4221, .F. ) ;
#5647 = EDGE_CURVE ( 'NONE', #7229, #5189, #6773, .T. ) ;
#5648 =( NAMED_UNIT ( * ) PLANE_ANGLE_UNIT ( ) SI_UNIT ( $, .RADIAN. ) );
#5649 = ORIENTED_EDGE ( 'NONE', *, *, #5477, .T. ) ;
#5650 =( GEOMETRIC_REPRESENTATION_CONTEXT ( 3 ) GLOBAL_UNCERTAINTY_ASSIGNED_CONTEXT ( ( #6422 ) ) GLOBAL_UNIT_ASSIGNED_CONTEXT ( ( #1164, #6282, #4711 ) ) REPRESENTATION_CONTEXT ( 'NONE', 'WORKASPACE' ) );
#5651 = FILL_AREA_STYLE ('',( #7393 ) ) ;
#5652 =( NAMED_UNIT ( * ) SI_UNIT ( $, .STERADIAN. ) SOLID_ANGLE_UNIT ( ) );
#5653 = ORIENTED_EDGE ( 'NONE', *, *, #9683, .F. ) ;
#5654 = CARTESIAN_POINT ( 'NONE',  ( 0.2476053619159079844, 0.06990336523983385619, -0.1261811023622072259 ) ) ;
#5655 = MECHANICAL_DESIGN_GEOMETRIC_PRESENTATION_REPRESENTATION (  '', ( #9745 ), #9931 ) ;
#5656 = DIRECTION ( 'NONE',  ( 0.3630301527216025503, -0.9317773919853011844, 6.599852609774626257E-16 ) ) ;
#5657 = CARTESIAN_POINT ( 'NONE',  ( 0.3821850393700735871, 0.1448818897637632053, -0.2312992125984274783 ) ) ;
#5658 = DIRECTION ( 'NONE',  ( 0.9317773919853026277, -0.3630301527215995527, 1.693962169841892772E-15 ) ) ;
#5659 = AXIS2_PLACEMENT_3D ( 'NONE', #1196, #10142, #10971 ) ;
#5660 = CARTESIAN_POINT ( 'NONE',  ( 0.4872047244094434015, 0.08937007874015708009, -0.1261811023622068095 ) ) ;
#5661 = AXIS2_PLACEMENT_3D ( 'NONE', #10140, #4844, #9094 ) ;
#5662 = ORIENTED_EDGE ( 'NONE', *, *, #9670, .F. ) ;
#5663 = CARTESIAN_POINT ( 'NONE',  ( 0.5197082840997423459, 0.05905511811023587965, -0.02618110236220673112 ) ) ;
#5664 = PRESENTATION_STYLE_ASSIGNMENT (( #557 ) ) ;
#5665 = ORIENTED_EDGE ( 'NONE', *, *, #4834, .T. ) ;
#5666 = PLANE ( 'NONE',  #4206 ) ;
#5667 = DIRECTION ( 'NONE',  ( 1.817990202823693835E-15, 0.0000000000000000000, -1.000000000000000000 ) ) ;
#5668 = AXIS2_PLACEMENT_3D ( 'NONE', #1105, #5515, #9283 ) ;
#5669 =( CONVERSION_BASED_UNIT ( 'INCH', #2193 ) LENGTH_UNIT ( ) NAMED_UNIT ( #7403 ) );
#5670 = LINE ( 'NONE', #8273, #1049 ) ;
#5671 = LENGTH_MEASURE_WITH_UNIT ( LENGTH_MEASURE( 0.02539999999999999897 ), #2196 );
#5672 = LINE ( 'NONE', #455, #6318 ) ;
#5673 = MECHANICAL_DESIGN_GEOMETRIC_PRESENTATION_REPRESENTATION (  '', ( #3081 ), #489 ) ;
#5674 = LINE ( 'NONE', #4922, #9154 ) ;
#5675 = ORIENTED_EDGE ( 'NONE', *, *, #2251, .T. ) ;
#5676 =( NAMED_UNIT ( * ) SI_UNIT ( $, .STERADIAN. ) SOLID_ANGLE_UNIT ( ) );
#5677 = CARTESIAN_POINT ( 'NONE',  ( 0.4957861071419632504, 0.08464566929133819639, -0.1761811023622067984 ) ) ;
#5678 =( CONVERSION_BASED_UNIT ( 'INCH', #9985 ) LENGTH_UNIT ( ) NAMED_UNIT ( #3865 ) );
#5679 = EDGE_CURVE ( 'NONE', #8357, #1012, #4276, .T. ) ;
#5680 = DIRECTION ( 'NONE',  ( 1.644517855225996559E-15, -1.000000000000000000, 2.970554346222871178E-30 ) ) ;
#5681 = ORIENTED_EDGE ( 'NONE', *, *, #57, .F. ) ;
#5682 = ADVANCED_FACE ( 'NONE', ( #5835 ), #10501, .T. ) ;
#5683 = COLOUR_RGB ( '',0.7607843137254901578, 0.7607843137254901578, 0.0000000000000000000 ) ;
#5684 = DIRECTION ( 'NONE',  ( 1.817990202823693835E-15, 0.0000000000000000000, -1.000000000000000000 ) ) ;
#5685 = CARTESIAN_POINT ( 'NONE',  ( 0.2175196850393642523, 0.06614173228346371947, -0.02618110236220727929 ) ) ;
#5686 = ORIENTED_EDGE ( 'NONE', *, *, #4848, .T. ) ;
#5687 = LENGTH_MEASURE_WITH_UNIT ( LENGTH_MEASURE( 0.02539999999999999897 ), #8290 );
#5688 = ORIENTED_EDGE ( 'NONE', *, *, #5574, .F. ) ;
#5689 = AXIS2_PLACEMENT_3D ( 'NONE', #4988, #8689, #745 ) ;
#5690 = DIRECTION ( 'NONE',  ( 1.817990202823693835E-15, 0.0000000000000000000, -1.000000000000000000 ) ) ;
#5691 = CARTESIAN_POINT ( 'NONE',  ( 0.2746062992125931079, 0.09645669291338507256, -0.1604330708661441673 ) ) ;
#5692 = ADVANCED_FACE ( 'NONE', ( #11362 ), #2612, .T. ) ;
#5693 = ORIENTED_EDGE ( 'NONE', *, *, #4997, .T. ) ;
#5694 = FACE_OUTER_BOUND ( 'NONE', #4268, .T. ) ;
#5695 = DIRECTION ( 'NONE',  ( 1.817990202823693835E-15, 0.0000000000000000000, -1.000000000000000000 ) ) ;
#5696 = DIRECTION ( 'NONE',  ( -1.817990202823693835E-15, 0.0000000000000000000, 1.000000000000000000 ) ) ;
#5697 = DIMENSIONAL_EXPONENTS ( 1.000000000000000000, 0.0000000000000000000, 0.0000000000000000000, 0.0000000000000000000, 0.0000000000000000000, 0.0000000000000000000, 0.0000000000000000000 ) ;
#5698 = ADVANCED_FACE ( 'NONE', ( #7853 ), #5252, .T. ) ;
#5699 = DIRECTION ( 'NONE',  ( 1.817990202823693835E-15, 0.0000000000000000000, -1.000000000000000000 ) ) ;
#5700 = CIRCLE ( 'NONE', #9425, 0.004724409448818895838 ) ;
#5701 = ORIENTED_EDGE ( 'NONE', *, *, #1666, .T. ) ;
#5702 = ORIENTED_EDGE ( 'NONE', *, *, #3221, .T. ) ;
#5703 = SURFACE_STYLE_USAGE ( .BOTH. , #1305 ) ;
#5704 = ORIENTED_EDGE ( 'NONE', *, *, #1888, .F. ) ;
#5705 = COLOUR_RGB ( '',0.7607843137254901578, 0.7607843137254901578, 0.0000000000000000000 ) ;
#5706 =( NAMED_UNIT ( * ) PLANE_ANGLE_UNIT ( ) SI_UNIT ( $, .RADIAN. ) );
#5707 = EDGE_CURVE ( 'NONE', #8203, #10055, #8128, .T. ) ;
#5708 = DIRECTION ( 'NONE',  ( 1.644517855225997348E-15, -1.000000000000000000, 2.970554346222872930E-30 ) ) ;
#5709 = LINE ( 'NONE', #7571, #4082 ) ;
#5710 =( LENGTH_UNIT ( ) NAMED_UNIT ( * ) SI_UNIT ( $, .METRE. ) );
#5711 = DIRECTION ( 'NONE',  ( 1.000000000000000000, 1.644517855225996559E-15, 1.817990202823693835E-15 ) ) ;
#5712 = SURFACE_STYLE_FILL_AREA ( #10850 ) ;
#5713 = CARTESIAN_POINT ( 'NONE',  ( 0.4872047244094431240, 0.08937007874015708009, -0.06043307086614377321 ) ) ;
#5714 = ORIENTED_EDGE ( 'NONE', *, *, #9909, .F. ) ;
#5715 = AXIS2_PLACEMENT_3D ( 'NONE', #6037, #885, #9584 ) ;
#5716 = DIMENSIONAL_EXPONENTS ( 1.000000000000000000, 0.0000000000000000000, 0.0000000000000000000, 0.0000000000000000000, 0.0000000000000000000, 0.0000000000000000000, 0.0000000000000000000 ) ;
#5717 = CYLINDRICAL_SURFACE ( 'NONE', #10094, 0.01299212598425198914 ) ;
#5718 = FILL_AREA_STYLE ('',( #6653 ) ) ;
#5719 = ORIENTED_EDGE ( 'NONE', *, *, #11027, .T. ) ;
#5720 = FILL_AREA_STYLE ('',( #3060 ) ) ;
#5721 = PRESENTATION_LAYER_ASSIGNMENT (  '', '', ( #10373 ) ) ;
#5722 = UNCERTAINTY_MEASURE_WITH_UNIT (LENGTH_MEASURE( 1.000000000000000082E-05 ), #4056, 'distance_accuracy_value', 'NONE');
#5723 = LINE ( 'NONE', #11030, #5404 ) ;
#5724 = DIRECTION ( 'NONE',  ( 1.817990202823693835E-15, 0.0000000000000000000, -1.000000000000000000 ) ) ;
#5725 = PLANE ( 'NONE',  #4342 ) ;
#5726 = CARTESIAN_POINT ( 'NONE',  ( 0.5001882050568455806, 0.08636077237506221971, -0.2761811023622068317 ) ) ;
#5727 =( CONVERSION_BASED_UNIT ( 'INCH', #7463 ) LENGTH_UNIT ( ) NAMED_UNIT ( #6080 ) );
#5728 = DIRECTION ( 'NONE',  ( 0.0000000000000000000, 1.000000000000000000, 0.0000000000000000000 ) ) ;
#5729 = EDGE_LOOP ( 'NONE', ( #4249, #3490, #3149, #11356 ) ) ;
#5730 = DIRECTION ( 'NONE',  ( -1.644517855225997348E-15, 1.000000000000000000, -2.970554346222872930E-30 ) ) ;
#5731 = EDGE_LOOP ( 'NONE', ( #9150, #7188, #5704, #2793, #7596 ) ) ;
#5732 = AXIS2_PLACEMENT_3D ( 'NONE', #226, #10848, #10135 ) ;
#5733 = DIRECTION ( 'NONE',  ( 1.817990202823693835E-15, 0.0000000000000000000, -1.000000000000000000 ) ) ;
#5734 = PLANE ( 'NONE',  #5668 ) ;
#5735 = UNCERTAINTY_MEASURE_WITH_UNIT (LENGTH_MEASURE( 1.000000000000000082E-05 ), #7242, 'distance_accuracy_value', 'NONE');
#5736 = STYLED_ITEM ( 'NONE', ( #8944 ), #6258 ) ;
#5737 = FILL_AREA_STYLE ('',( #4766 ) ) ;
#5738 = VERTEX_POINT ( 'NONE', #9846 ) ;
#5739 = SURFACE_SIDE_STYLE ('',( #11049 ) ) ;
#5740 = VERTEX_POINT ( 'NONE', #2780 ) ;
#5741 = VERTEX_POINT ( 'NONE', #1969 ) ;
#5742 = AXIS2_PLACEMENT_3D ( 'NONE', #8107, #131, #9107 ) ;
#5743 = EDGE_CURVE ( 'NONE', #10238, #8203, #11425, .T. ) ;
#5744 = EDGE_CURVE ( 'NONE', #8652, #1812, #10738, .T. ) ;
#5745 = SURFACE_STYLE_FILL_AREA ( #5000 ) ;
#5746 = UNCERTAINTY_MEASURE_WITH_UNIT (LENGTH_MEASURE( 1.000000000000000082E-05 ), #8922, 'distance_accuracy_value', 'NONE');
#5747 = EDGE_LOOP ( 'NONE', ( #10727, #3373, #8579, #959 ) ) ;
#5748 = CARTESIAN_POINT ( 'NONE',  ( 0.5197082840997432340, 0.05905511811023587965, -0.2761811023622067762 ) ) ;
#5749 = STYLED_ITEM ( 'NONE', ( #3805 ), #7031 ) ;
#5750 = FACE_OUTER_BOUND ( 'NONE', #6681, .T. ) ;
#5751 = DIRECTION ( 'NONE',  ( -1.817990202823693835E-15, 0.0000000000000000000, 1.000000000000000000 ) ) ;
#5752 = ORIENTED_EDGE ( 'NONE', *, *, #11168, .F. ) ;
#5753 = VECTOR ( 'NONE', #3610, 39.37007874015748143 ) ;
#5754 = ORIENTED_EDGE ( 'NONE', *, *, #587, .F. ) ;
#5755 = ADVANCED_FACE ( 'NONE', ( #5317 ), #10560, .F. ) ;
#5756 = EDGE_LOOP ( 'NONE', ( #7427, #4619, #3886, #9301 ) ) ;
#5757 = EDGE_CURVE ( 'NONE', #10580, #3795, #341, .T. ) ;
#5758 = COLOUR_RGB ( '',0.7607843137254901578, 0.7607843137254901578, 0.0000000000000000000 ) ;
#5759 = DIRECTION ( 'NONE',  ( -1.817990202823693835E-15, 0.0000000000000000000, 1.000000000000000000 ) ) ;
#5760 = MECHANICAL_DESIGN_GEOMETRIC_PRESENTATION_REPRESENTATION (  '', ( #8348 ), #5211 ) ;
#5761 = DIRECTION ( 'NONE',  ( 1.000000000000000000, 1.644517855225996559E-15, 1.817990202823693835E-15 ) ) ;
#5762 = PRESENTATION_STYLE_ASSIGNMENT (( #2063 ) ) ;
#5763 = DIRECTION ( 'NONE',  ( 0.0000000000000000000, -1.000000000000000000, 0.0000000000000000000 ) ) ;
#5764 = LINE ( 'NONE', #10248, #2926 ) ;
#5765 = LINE ( 'NONE', #4901, #7096 ) ;
#5766 = CARTESIAN_POINT ( 'NONE',  ( 0.4058070866141679223, 0.1279527559055112784, -0.1826771653543328711 ) ) ;
#5767 = ORIENTED_EDGE ( 'NONE', *, *, #9953, .T. ) ;
#5768 = PLANE ( 'NONE',  #9540 ) ;
#5769 = DIMENSIONAL_EXPONENTS ( 1.000000000000000000, 0.0000000000000000000, 0.0000000000000000000, 0.0000000000000000000, 0.0000000000000000000, 0.0000000000000000000, 0.0000000000000000000 ) ;
#5770 = AXIS2_PLACEMENT_3D ( 'NONE', #7452, #11020, #8312 ) ;
#5771 = ADVANCED_FACE ( 'NONE', ( #2952 ), #1139, .F. ) ;
#5772 = ORIENTED_EDGE ( 'NONE', *, *, #11234, .T. ) ;
#5773 =( CONVERSION_BASED_UNIT ( 'INCH', #3993 ) LENGTH_UNIT ( ) NAMED_UNIT ( #10854 ) );
#5774 = ADVANCED_FACE ( 'NONE', ( #8365 ), #5597, .T. ) ;
#5775 = DIRECTION ( 'NONE',  ( -1.000000000000000000, -1.644517855225996559E-15, -1.817990202823693835E-15 ) ) ;
#5776 =( NAMED_UNIT ( * ) PLANE_ANGLE_UNIT ( ) SI_UNIT ( $, .RADIAN. ) );
#5777 = CARTESIAN_POINT ( 'NONE',  ( 0.5076025148337942605, 0.06733071061424766857, -0.2261811023622067873 ) ) ;
#5778 = VECTOR ( 'NONE', #8765, 39.37007874015748143 ) ;
#5779 = DIRECTION ( 'NONE',  ( 1.817990202823693835E-15, 0.0000000000000000000, -1.000000000000000000 ) ) ;
#5780 = VECTOR ( 'NONE', #6460, 39.37007874015748143 ) ;
#5781 = FACE_OUTER_BOUND ( 'NONE', #6298, .T. ) ;
#5782 = PRESENTATION_STYLE_ASSIGNMENT (( #10505 ) ) ;
#5783 = LINE ( 'NONE', #622, #4476 ) ;
#5784 = VERTEX_POINT ( 'NONE', #6477 ) ;
#5785 = DIRECTION ( 'NONE',  ( 1.644517855225997348E-15, -1.000000000000000000, 2.970554346222872930E-30 ) ) ;
#5786 = FILL_AREA_STYLE ('',( #2262 ) ) ;
#5787 = VERTEX_POINT ( 'NONE', #6645 ) ;
#5788 = EDGE_CURVE ( 'NONE', #6469, #3791, #436, .T. ) ;
#5789 = CARTESIAN_POINT ( 'NONE',  ( 0.4957861071419634724, 0.09645669291338543339, -0.2104330708661437954 ) ) ;
#5790 = VECTOR ( 'NONE', #3364, 39.37007874015748143 ) ;
#5791 = LENGTH_MEASURE_WITH_UNIT ( LENGTH_MEASURE( 0.02539999999999999897 ), #2436 );
#5792 =( NAMED_UNIT ( * ) SI_UNIT ( $, .STERADIAN. ) SOLID_ANGLE_UNIT ( ) );
#5793 = PLANE ( 'NONE',  #11325 ) ;
#5794 = AXIS2_PLACEMENT_3D ( 'NONE', #2488, #5029, #10387 ) ;
#5795 = ORIENTED_EDGE ( 'NONE', *, *, #4147, .T. ) ;
#5796 = PLANE ( 'NONE',  #1598 ) ;
#5797 = DIRECTION ( 'NONE',  ( -0.9317773919853016285, -0.3630301527216017177, -1.314184451497579040E-15 ) ) ;
#5798 = VERTEX_POINT ( 'NONE', #10014 ) ;
#5799 =( NAMED_UNIT ( * ) SI_UNIT ( $, .STERADIAN. ) SOLID_ANGLE_UNIT ( ) );
#5800 = ORIENTED_EDGE ( 'NONE', *, *, #2319, .T. ) ;
#5801 = VECTOR ( 'NONE', #2614, 39.37007874015748143 ) ;
#5802 = SURFACE_STYLE_FILL_AREA ( #7489 ) ;
#5803 = CARTESIAN_POINT ( 'NONE',  ( 0.4872047244094437346, 0.08937007874015708009, -0.2104330708661437954 ) ) ;
#5804 = VERTEX_POINT ( 'NONE', #10195 ) ;
#5805 = VECTOR ( 'NONE', #2505, 39.37007874015748143 ) ;
#5806 = LINE ( 'NONE', #6571, #4737 ) ;
#5807 =( NAMED_UNIT ( * ) SI_UNIT ( $, .STERADIAN. ) SOLID_ANGLE_UNIT ( ) );
#5808 = SURFACE_STYLE_USAGE ( .BOTH. , #2228 ) ;
#5809 = CARTESIAN_POINT ( 'NONE',  ( 0.5197082840997430120, 0.07204724409448784450, -0.2104330708661437122 ) ) ;
#5810 = VECTOR ( 'NONE', #10666, 39.37007874015748143 ) ;
#5811 = VERTEX_POINT ( 'NONE', #7511 ) ;
#5812 = VERTEX_POINT ( 'NONE', #1257 ) ;
#5813 = LINE ( 'NONE', #9370, #10892 ) ;
#5814 = ORIENTED_EDGE ( 'NONE', *, *, #2104, .T. ) ;
#5815 = DIRECTION ( 'NONE',  ( -1.817990202823693835E-15, 0.0000000000000000000, 1.000000000000000000 ) ) ;
#5816 = CARTESIAN_POINT ( 'NONE',  ( 0.2175196850393652792, 0.05905511811023538005, -0.2761811023622073313 ) ) ;
#5817 = CARTESIAN_POINT ( 'NONE',  ( 0.2660249164800733146, 0.08937007874015670539, -0.1261811023622072259 ) ) ;
#5818 = FACE_OUTER_BOUND ( 'NONE', #988, .T. ) ;
#5819 = LINE ( 'NONE', #2123, #7537 ) ;
#5820 =( CONVERSION_BASED_UNIT ( 'INCH', #9377 ) LENGTH_UNIT ( ) NAMED_UNIT ( #6892 ) );
#5821 = EDGE_CURVE ( 'NONE', #12, #10698, #10964, .T. ) ;
#5822 = VECTOR ( 'NONE', #4718, 39.37007874015748143 ) ;
#5823 =( LENGTH_UNIT ( ) NAMED_UNIT ( * ) SI_UNIT ( $, .METRE. ) );
#5824 = ORIENTED_EDGE ( 'NONE', *, *, #2670, .F. ) ;
#5825 = EDGE_CURVE ( 'NONE', #4361, #8537, #8146, .T. ) ;
#5826 = DIRECTION ( 'NONE',  ( 1.817990202823693835E-15, 0.0000000000000000000, -1.000000000000000000 ) ) ;
#5827 = VECTOR ( 'NONE', #10430, 39.37007874015748143 ) ;
#5828 = CARTESIAN_POINT ( 'NONE',  ( 0.2175196850393650849, 0.06614173228346371947, -0.2261811023622072869 ) ) ;
#5829 = ORIENTED_EDGE ( 'NONE', *, *, #2888, .T. ) ;
#5830 = FILL_AREA_STYLE ('',( #8318 ) ) ;
#5831 = VECTOR ( 'NONE', #9691, 39.37007874015748143 ) ;
#5832 = DIRECTION ( 'NONE',  ( 1.154489273450655176E-15, -0.9701425001453140018, 0.2425356250364040234 ) ) ;
#5833 = CIRCLE ( 'NONE', #6945, 0.005905511811023644517 ) ;
#5834 = UNCERTAINTY_MEASURE_WITH_UNIT (LENGTH_MEASURE( 1.000000000000000082E-05 ), #4148, 'distance_accuracy_value', 'NONE');
#5835 = FACE_OUTER_BOUND ( 'NONE', #272, .T. ) ;
#5836 =( NAMED_UNIT ( * ) PLANE_ANGLE_UNIT ( ) SI_UNIT ( $, .RADIAN. ) );
#5837 = SURFACE_SIDE_STYLE ('',( #8444 ) ) ;
#5838 = CARTESIAN_POINT ( 'NONE',  ( 0.5197082840997426789, 0.07204724409448784450, -0.1261811023622067540 ) ) ;
#5839 = EDGE_CURVE ( 'NONE', #4064, #6609, #22, .T. ) ;
#5840 = CYLINDRICAL_SURFACE ( 'NONE', #2440, 0.005905511811023602016 ) ;
#5841 = VERTEX_POINT ( 'NONE', #5654 ) ;
#5842 = EDGE_CURVE ( 'NONE', #1786, #9877, #7589, .T. ) ;
#5843 = VECTOR ( 'NONE', #3510, 39.37007874015748143 ) ;
#5844 =( NAMED_UNIT ( * ) SI_UNIT ( $, .STERADIAN. ) SOLID_ANGLE_UNIT ( ) );
#5845 = CIRCLE ( 'NONE', #8627, 0.01299212598425197526 ) ;
#5846 = COLOUR_RGB ( '',0.2549019607843137081, 0.2549019607843137081, 0.2627450980392156965 ) ;
#5847 = CARTESIAN_POINT ( 'NONE',  ( 0.3821850393700735871, 0.1448818897637632053, -0.2312992125984274783 ) ) ;
#5848 = PRESENTATION_STYLE_ASSIGNMENT (( #9281 ) ) ;
#5849 = SURFACE_SIDE_STYLE ('',( #8394 ) ) ;
#5850 = DIMENSIONAL_EXPONENTS ( 1.000000000000000000, 0.0000000000000000000, 0.0000000000000000000, 0.0000000000000000000, 0.0000000000000000000, 0.0000000000000000000, 0.0000000000000000000 ) ;
#5851 = UNCERTAINTY_MEASURE_WITH_UNIT (LENGTH_MEASURE( 1.000000000000000082E-05 ), #6836, 'distance_accuracy_value', 'NONE');
#5852 =( NAMED_UNIT ( * ) PLANE_ANGLE_UNIT ( ) SI_UNIT ( $, .RADIAN. ) );
#5853 =( GEOMETRIC_REPRESENTATION_CONTEXT ( 3 ) GLOBAL_UNCERTAINTY_ASSIGNED_CONTEXT ( ( #6315 ) ) GLOBAL_UNIT_ASSIGNED_CONTEXT ( ( #4242, #1176, #10954 ) ) REPRESENTATION_CONTEXT ( 'NONE', 'WORKASPACE' ) );
#5854 = CIRCLE ( 'NONE', #2533, 0.004724409448818893235 ) ;
#5855 = FILL_AREA_STYLE_COLOUR ( '', #9328 ) ;
#5856 = EDGE_CURVE ( 'NONE', #698, #3668, #5709, .T. ) ;
#5857 = MECHANICAL_DESIGN_GEOMETRIC_PRESENTATION_REPRESENTATION (  '', ( #4571 ), #1987 ) ;
#5858 = LINE ( 'NONE', #9410, #3064 ) ;
#5859 = VERTEX_POINT ( 'NONE', #1555 ) ;
#5860 = PRESENTATION_STYLE_ASSIGNMENT (( #4126 ) ) ;
#5861 = DIRECTION ( 'NONE',  ( 1.000000000000000000, 1.644517855225996559E-15, 1.817990202823693835E-15 ) ) ;
#5862 = VERTEX_POINT ( 'NONE', #4100 ) ;
#5863 = PLANE ( 'NONE',  #6943 ) ;
#5864 = PRESENTATION_LAYER_ASSIGNMENT (  '', '', ( #7528 ) ) ;
#5865 = COLOUR_RGB ( '',0.7607843137254901578, 0.7607843137254901578, 0.0000000000000000000 ) ;
#5866 = VERTEX_POINT ( 'NONE', #3392 ) ;
#5867 = CIRCLE ( 'NONE', #3476, 0.004724409448818895838 ) ;
#5868 = CARTESIAN_POINT ( 'NONE',  ( 0.2175196850393650849, 0.05905511811023538005, -0.2261811023622072869 ) ) ;
#5869 = CARTESIAN_POINT ( 'NONE',  ( 0.4872047244094429574, 0.08937007874015708009, -0.02618110236220680051 ) ) ;
#5870 = UNCERTAINTY_MEASURE_WITH_UNIT (LENGTH_MEASURE( 1.000000000000000082E-05 ), #3986, 'distance_accuracy_value', 'NONE');
#5871 = SURFACE_STYLE_USAGE ( .BOTH. , #9529 ) ;
#5872 = ORIENTED_EDGE ( 'NONE', *, *, #3235, .F. ) ;
#5873 = PRESENTATION_STYLE_ASSIGNMENT (( #8587 ) ) ;
#5874 = VECTOR ( 'NONE', #10255, 39.37007874015748143 ) ;
#5875 = CARTESIAN_POINT ( 'NONE',  ( 0.5442913385826717576, 0.05905511811023591434, -0.1261811023622066708 ) ) ;
#5876 = DIRECTION ( 'NONE',  ( 1.000000000000000000, 1.644517855225996559E-15, 1.817990202823693835E-15 ) ) ;
#5877 = CARTESIAN_POINT ( 'NONE',  ( 0.5442913385826716466, 0.06614173228346426070, -0.07618110236220666798 ) ) ;
#5878 = VERTEX_POINT ( 'NONE', #606 ) ;
#5879 = AXIS2_PLACEMENT_3D ( 'NONE', #465, #2918, #4927 ) ;
#5880 = ORIENTED_EDGE ( 'NONE', *, *, #4132, .F. ) ;
#5881 = DIRECTION ( 'NONE',  ( 1.000000000000000000, 1.644517855225996559E-15, 1.817990202823693835E-15 ) ) ;
#5882 = ORIENTED_EDGE ( 'NONE', *, *, #3933, .T. ) ;
#5883 = DIMENSIONAL_EXPONENTS ( 1.000000000000000000, 0.0000000000000000000, 0.0000000000000000000, 0.0000000000000000000, 0.0000000000000000000, 0.0000000000000000000, 0.0000000000000000000 ) ;
#5884 = AXIS2_PLACEMENT_3D ( 'NONE', #9152, #5667, #285 ) ;
#5885 = ORIENTED_EDGE ( 'NONE', *, *, #10411, .T. ) ;
#5886 = DIRECTION ( 'NONE',  ( -1.817990202823693835E-15, 0.0000000000000000000, 1.000000000000000000 ) ) ;
#5887 = SURFACE_STYLE_FILL_AREA ( #4899 ) ;
#5888 = FACE_OUTER_BOUND ( 'NONE', #11230, .T. ) ;
#5889 = FACE_OUTER_BOUND ( 'NONE', #11402, .T. ) ;
#5890 = ORIENTED_EDGE ( 'NONE', *, *, #10046, .T. ) ;
#5891 = LINE ( 'NONE', #10653, #9726 ) ;
#5892 = VECTOR ( 'NONE', #108, 39.37007874015748143 ) ;
#5893 = ORIENTED_EDGE ( 'NONE', *, *, #3090, .T. ) ;
#5894 = CARTESIAN_POINT ( 'NONE',  ( 0.4058070866141681443, 0.1448818897637632330, -0.2312992125984274228 ) ) ;
#5895 = EDGE_CURVE ( 'NONE', #10445, #11341, #11237, .T. ) ;
#5896 = FILL_AREA_STYLE_COLOUR ( '', #8886 ) ;
#5897 = ADVANCED_FACE ( 'NONE', ( #11296 ), #7678, .F. ) ;
#5898 =( LENGTH_UNIT ( ) NAMED_UNIT ( * ) SI_UNIT ( $, .METRE. ) );
#5899 =( GEOMETRIC_REPRESENTATION_CONTEXT ( 3 ) GLOBAL_UNCERTAINTY_ASSIGNED_CONTEXT ( ( #59 ) ) GLOBAL_UNIT_ASSIGNED_CONTEXT ( ( #10010, #6525, #5652 ) ) REPRESENTATION_CONTEXT ( 'NONE', 'WORKASPACE' ) );
#5900 = FILL_AREA_STYLE_COLOUR ( '', #1319 ) ;
#5901 = ORIENTED_EDGE ( 'NONE', *, *, #2501, .T. ) ;
#5902 = SURFACE_STYLE_USAGE ( .BOTH. , #10337 ) ;
#5903 =( CONVERSION_BASED_UNIT ( 'INCH', #6667 ) LENGTH_UNIT ( ) NAMED_UNIT ( #7493 ) );
#5904 = LINE ( 'NONE', #9456, #6264 ) ;
#5905 = EDGE_CURVE ( 'NONE', #2098, #443, #11184, .T. ) ;
#5906 = COLOUR_RGB ( '',0.7607843137254901578, 0.7607843137254901578, 0.0000000000000000000 ) ;
#5907 =( CONVERSION_BASED_UNIT ( 'INCH', #1463 ) LENGTH_UNIT ( ) NAMED_UNIT ( #5850 ) );
#5908 = CYLINDRICAL_SURFACE ( 'NONE', #1255, 0.005905511811023602016 ) ;
#5909 = EDGE_CURVE ( 'NONE', #10445, #3100, #3902, .T. ) ;
#5910 = PLANE ( 'NONE',  #1332 ) ;
#5911 = FACE_OUTER_BOUND ( 'NONE', #9018, .T. ) ;
#5912 = PLANE ( 'NONE',  #7419 ) ;
#5913 = DIRECTION ( 'NONE',  ( -1.817990202823693835E-15, 0.0000000000000000000, 1.000000000000000000 ) ) ;
#5914 = ORIENTED_EDGE ( 'NONE', *, *, #6611, .F. ) ;
#5915 = VECTOR ( 'NONE', #8737, 39.37007874015747433 ) ;
#5916 = FILL_AREA_STYLE_COLOUR ( '', #5094 ) ;
#5917 = VERTEX_POINT ( 'NONE', #8604 ) ;
#5918 = ORIENTED_EDGE ( 'NONE', *, *, #830, .T. ) ;
#5919 = EDGE_CURVE ( 'NONE', #6634, #3223, #4898, .T. ) ;
#5920 = LINE ( 'NONE', #5110, #6325 ) ;
#5921 = EDGE_CURVE ( 'NONE', #7229, #8125, #11127, .T. ) ;
#5922 = MECHANICAL_DESIGN_GEOMETRIC_PRESENTATION_REPRESENTATION (  '', ( #6486 ), #6302 ) ;
#5923 = LINE ( 'NONE', #9472, #8342 ) ;
#5924 = ORIENTED_EDGE ( 'NONE', *, *, #9592, .T. ) ;
#5925 = CARTESIAN_POINT ( 'NONE',  ( 0.2660249164800739252, 0.09645669291338505869, -0.2761811023622072203 ) ) ;
#5926 = FACE_OUTER_BOUND ( 'NONE', #3329, .T. ) ;
#5927 = CARTESIAN_POINT ( 'NONE',  ( 0.5142056617061289137, 0.06990336523983428640, -0.2261811023622067873 ) ) ;
#5928 = DIMENSIONAL_EXPONENTS ( 1.000000000000000000, 0.0000000000000000000, 0.0000000000000000000, 0.0000000000000000000, 0.0000000000000000000, 0.0000000000000000000, 0.0000000000000000000 ) ;
#5929 = PLANE ( 'NONE',  #10147 ) ;
#5930 = VERTEX_POINT ( 'NONE', #6754 ) ;
#5931 = EDGE_LOOP ( 'NONE', ( #4954, #4326, #7377, #7024, #3488, #10934 ) ) ;
#5932 = CARTESIAN_POINT ( 'NONE',  ( 0.4872047244094436236, 0.08937007874015708009, -0.1761811023622067984 ) ) ;
#5933 = ORIENTED_EDGE ( 'NONE', *, *, #11027, .F. ) ;
#5934 =( NAMED_UNIT ( * ) SI_UNIT ( $, .STERADIAN. ) SOLID_ANGLE_UNIT ( ) );
#5935 = FACE_OUTER_BOUND ( 'NONE', #4841, .T. ) ;
#5936 = COLOUR_RGB ( '',1.000000000000000000, 1.000000000000000000, 1.000000000000000000 ) ;
#5937 = LINE ( 'NONE', #1554, #10879 ) ;
#5938 =( NAMED_UNIT ( * ) SI_UNIT ( $, .STERADIAN. ) SOLID_ANGLE_UNIT ( ) );
#5939 = LINE ( 'NONE', #550, #1581 ) ;
#5940 = CARTESIAN_POINT ( 'NONE',  ( 0.3186023622047183812, 0.1476377952755898726, 0.0009842519685016432561 ) ) ;
#5941 =( NAMED_UNIT ( * ) PLANE_ANGLE_UNIT ( ) SI_UNIT ( $, .RADIAN. ) );
#5942 = VERTEX_POINT ( 'NONE', #9434 ) ;
#5943 = ORIENTED_EDGE ( 'NONE', *, *, #4650, .F. ) ;
#5944 = PRESENTATION_LAYER_ASSIGNMENT (  '', '', ( #9648 ) ) ;
#5945 = FACE_OUTER_BOUND ( 'NONE', #417, .T. ) ;
#5946 = ORIENTED_EDGE ( 'NONE', *, *, #3873, .F. ) ;
#5947 = VECTOR ( 'NONE', #10116, 39.37007874015747433 ) ;
#5948 = PLANE ( 'NONE',  #5315 ) ;
#5949 =( NAMED_UNIT ( * ) PLANE_ANGLE_UNIT ( ) SI_UNIT ( $, .RADIAN. ) );
#5950 = UNCERTAINTY_MEASURE_WITH_UNIT (LENGTH_MEASURE( 1.000000000000000082E-05 ), #1420, 'distance_accuracy_value', 'NONE');
#5951 = DIRECTION ( 'NONE',  ( 0.8789799039125328894, -0.4626210020592154137, -0.1156552505148023963 ) ) ;
#5952 = LENGTH_MEASURE_WITH_UNIT ( LENGTH_MEASURE( 0.02539999999999999897 ), #8380 );
#5953 = DIRECTION ( 'NONE',  ( 1.000000000000000000, 1.644517855225996559E-15, 1.817990202823693835E-15 ) ) ;
#5954 = CYLINDRICAL_SURFACE ( 'NONE', #11333, 0.01299212598425197353 ) ;
#5955 = STYLED_ITEM ( 'NONE', ( #4123 ), #7965 ) ;
#5956 = ORIENTED_EDGE ( 'NONE', *, *, #2021, .F. ) ;
#5957 = AXIS2_PLACEMENT_3D ( 'NONE', #6519, #5536, #9192 ) ;
#5958 = LINE ( 'NONE', #4233, #5478 ) ;
#5959 = FACE_OUTER_BOUND ( 'NONE', #4626, .T. ) ;
#5960 = DIRECTION ( 'NONE',  ( -1.817990202823693835E-15, 0.0000000000000000000, 1.000000000000000000 ) ) ;
#5961 =( LENGTH_UNIT ( ) NAMED_UNIT ( * ) SI_UNIT ( $, .METRE. ) );
#5962 = VECTOR ( 'NONE', #8344, 39.37007874015748143 ) ;
#5963 = UNCERTAINTY_MEASURE_WITH_UNIT (LENGTH_MEASURE( 1.000000000000000082E-05 ), #2350, 'distance_accuracy_value', 'NONE');
#5964 = FILL_AREA_STYLE ('',( #9460 ) ) ;
#5965 = LENGTH_MEASURE_WITH_UNIT ( LENGTH_MEASURE( 0.02539999999999999897 ), #7433 );
#5966 = SURFACE_STYLE_FILL_AREA ( #10400 ) ;
#5967 = LINE ( 'NONE', #8514, #10025 ) ;
#5968 = ORIENTED_EDGE ( 'NONE', *, *, #4151, .T. ) ;
#5969 = ADVANCED_FACE ( 'NONE', ( #6705 ), #1497, .F. ) ;
#5970 = FACE_OUTER_BOUND ( 'NONE', #6459, .T. ) ;
#5971 = PRESENTATION_STYLE_ASSIGNMENT (( #10579 ) ) ;
#5972 = ORIENTED_EDGE ( 'NONE', *, *, #5130, .T. ) ;
#5973 = VECTOR ( 'NONE', #7421, 39.37007874015748143 ) ;
#5974 = ADVANCED_FACE ( 'NONE', ( #1009 ), #833, .F. ) ;
#5975 = FILL_AREA_STYLE ('',( #11159 ) ) ;
#5976 = ORIENTED_EDGE ( 'NONE', *, *, #6289, .F. ) ;
#5977 = DIRECTION ( 'NONE',  ( 1.000000000000000000, 1.644517855225996559E-15, 1.817990202823693835E-15 ) ) ;
#5978 = PRESENTATION_LAYER_ASSIGNMENT (  '', '', ( #4870 ) ) ;
#5979 = SURFACE_STYLE_USAGE ( .BOTH. , #4366 ) ;
#5980 = CYLINDRICAL_SURFACE ( 'NONE', #5049, 0.004724409448818893235 ) ;
#5981 = LENGTH_MEASURE_WITH_UNIT ( LENGTH_MEASURE( 0.02539999999999999897 ), #2460 );
#5982 = EDGE_CURVE ( 'NONE', #10463, #565, #7083, .T. ) ;
#5983 = CARTESIAN_POINT ( 'NONE',  ( 0.3560039370078689203, 0.1279527559055112229, -0.2326771653543329432 ) ) ;
#5984 = AXIS2_PLACEMENT_3D ( 'NONE', #4959, #9423, #592 ) ;
#5985 = LENGTH_MEASURE_WITH_UNIT ( LENGTH_MEASURE( 0.02539999999999999897 ), #8834 );
#5986 = VERTEX_POINT ( 'NONE', #778 ) ;
#5987 = EDGE_CURVE ( 'NONE', #3791, #1710, #4320, .T. ) ;
#5988 =( GEOMETRIC_REPRESENTATION_CONTEXT ( 3 ) GLOBAL_UNCERTAINTY_ASSIGNED_CONTEXT ( ( #5746 ) ) GLOBAL_UNIT_ASSIGNED_CONTEXT ( ( #8922, #6530, #3760 ) ) REPRESENTATION_CONTEXT ( 'NONE', 'WORKASPACE' ) );
#5989 = ORIENTED_EDGE ( 'NONE', *, *, #6403, .F. ) ;
#5990 = CARTESIAN_POINT ( 'NONE',  ( 0.5076025148337935944, 0.06733071061424766857, -0.06043307086614371076 ) ) ;
#5991 = ORIENTED_EDGE ( 'NONE', *, *, #1080, .F. ) ;
#5992 = FILL_AREA_STYLE_COLOUR ( '', #11358 ) ;
#5993 = COLOUR_RGB ( '',0.7607843137254901578, 0.7607843137254901578, 0.0000000000000000000 ) ;
#5994 = LINE ( 'NONE', #10600, #7322 ) ;
#5995 = CARTESIAN_POINT ( 'NONE',  ( 0.2175196850393650849, 0.05905511811023538005, -0.2104330708661442673 ) ) ;
#5996 = SURFACE_STYLE_FILL_AREA ( #4321 ) ;
#5997 = CARTESIAN_POINT ( 'NONE',  ( 0.2421027395222936363, 0.06614173228346377498, -0.07618110236220727860 ) ) ;
#5998 = EDGE_CURVE ( 'NONE', #6152, #4938, #2593, .T. ) ;
#5999 = ORIENTED_EDGE ( 'NONE', *, *, #8696, .T. ) ;
#6000 = EDGE_LOOP ( 'NONE', ( #8201, #3340, #1123, #962 ) ) ;
#6001 = VECTOR ( 'NONE', #2381, 39.37007874015748143 ) ;
#6002 = EDGE_LOOP ( 'NONE', ( #9831, #4081, #876, #6430 ) ) ;
#6003 = DIMENSIONAL_EXPONENTS ( 1.000000000000000000, 0.0000000000000000000, 0.0000000000000000000, 0.0000000000000000000, 0.0000000000000000000, 0.0000000000000000000, 0.0000000000000000000 ) ;
#6004 =( NAMED_UNIT ( * ) PLANE_ANGLE_UNIT ( ) SI_UNIT ( $, .RADIAN. ) );
#6005 = ORIENTED_EDGE ( 'NONE', *, *, #5839, .F. ) ;
#6006 = MECHANICAL_DESIGN_GEOMETRIC_PRESENTATION_REPRESENTATION (  '', ( #3418 ), #3793 ) ;
#6007 = CARTESIAN_POINT ( 'NONE',  ( 0.5442913385826723127, 0.05905511811023591434, -0.2486220472440964502 ) ) ;
#6008 = FACE_OUTER_BOUND ( 'NONE', #6271, .T. ) ;
#6009 = VECTOR ( 'NONE', #10713, 39.37007874015748143 ) ;
#6010 = CARTESIAN_POINT ( 'NONE',  ( 0.5197082840997429010, 0.07204724409448784450, -0.2393149606299232179 ) ) ;
#6011 = PLANE ( 'NONE',  #2546 ) ;
#6012 = DIRECTION ( 'NONE',  ( 0.5643446851342032167, 0.8255392639728148518, 0.0000000000000000000 ) ) ;
#6013 =( CONVERSION_BASED_UNIT ( 'INCH', #9027 ) LENGTH_UNIT ( ) NAMED_UNIT ( #3936 ) );
#6014 = MECHANICAL_DESIGN_GEOMETRIC_PRESENTATION_REPRESENTATION (  '', ( #463 ), #8800 ) ;
#6015 = VERTEX_POINT ( 'NONE', #1839 ) ;
#6016 = LINE ( 'NONE', #10390, #1414 ) ;
#6017 = DIRECTION ( 'NONE',  ( 1.644517855225996559E-15, -1.000000000000000000, 2.970554346222871178E-30 ) ) ;
#6018 = CARTESIAN_POINT ( 'NONE',  ( 0.4058070866141678112, 0.1240157480314955235, -0.04192913385826993466 ) ) ;
#6019 = MECHANICAL_DESIGN_GEOMETRIC_PRESENTATION_REPRESENTATION (  '', ( #8806 ), #10869 ) ;
#6020 =( GEOMETRIC_REPRESENTATION_CONTEXT ( 3 ) GLOBAL_UNCERTAINTY_ASSIGNED_CONTEXT ( ( #5518 ) ) GLOBAL_UNIT_ASSIGNED_CONTEXT ( ( #6495, #3603, #926 ) ) REPRESENTATION_CONTEXT ( 'NONE', 'WORKASPACE' ) );
#6021 =( GEOMETRIC_REPRESENTATION_CONTEXT ( 3 ) GLOBAL_UNCERTAINTY_ASSIGNED_CONTEXT ( ( #3755 ) ) GLOBAL_UNIT_ASSIGNED_CONTEXT ( ( #7076, #8767, #7943 ) ) REPRESENTATION_CONTEXT ( 'NONE', 'WORKASPACE' ) );
#6022 = PRESENTATION_STYLE_ASSIGNMENT (( #4180 ) ) ;
#6023 =( NAMED_UNIT ( * ) PLANE_ANGLE_UNIT ( ) SI_UNIT ( $, .RADIAN. ) );
#6024 = SURFACE_STYLE_USAGE ( .BOTH. , #5328 ) ;
#6025 = CARTESIAN_POINT ( 'NONE',  ( 0.2175196850393642245, 0.06614173228346371947, -0.01043307086614424402 ) ) ;
#6026 = DIRECTION ( 'NONE',  ( 1.000000000000000000, 1.644517855225996559E-15, 1.817990202823693835E-15 ) ) ;
#6027 = EDGE_LOOP ( 'NONE', ( #9397, #3512, #6130, #3528 ) ) ;
#6028 = DIRECTION ( 'NONE',  ( 1.644517855225996559E-15, -1.000000000000000000, 2.970554346222871178E-30 ) ) ;
#6029 = CARTESIAN_POINT ( 'NONE',  ( 0.5442913385826719797, 0.05905511811023591434, -0.1761811023622066597 ) ) ;
#6030 = ORIENTED_EDGE ( 'NONE', *, *, #4778, .F. ) ;
#6031 = CARTESIAN_POINT ( 'NONE',  ( 0.2421027395222934142, 0.07204724409448738653, -0.02618110236220727929 ) ) ;
#6032 = ORIENTED_EDGE ( 'NONE', *, *, #9813, .T. ) ;
#6033 = VECTOR ( 'NONE', #6106, 39.37007874015748143 ) ;
#6034 = CARTESIAN_POINT ( 'NONE',  ( 0.4058070866141672561, 0.1448818897637632330, -0.03129921259842740472 ) ) ;
#6035 = ADVANCED_FACE ( 'NONE', ( #4382 ), #7900, .T. ) ;
#6036 = PLANE ( 'NONE',  #572 ) ;
#6037 = CARTESIAN_POINT ( 'NONE',  ( 0.4812992125984192349, 0.09645669291338541951, 0.02972440944881686933 ) ) ;
#6038 = CARTESIAN_POINT ( 'NONE',  ( 0.4872047244094433460, 0.08937007874015708009, -0.1104330708661437760 ) ) ;
#6039 = EDGE_CURVE ( 'NONE', #11419, #6883, #7028, .T. ) ;
#6040 = MECHANICAL_DESIGN_GEOMETRIC_PRESENTATION_REPRESENTATION (  '', ( #6599 ), #4197 ) ;
#6041 =( GEOMETRIC_REPRESENTATION_CONTEXT ( 3 ) GLOBAL_UNCERTAINTY_ASSIGNED_CONTEXT ( ( #2032 ) ) GLOBAL_UNIT_ASSIGNED_CONTEXT ( ( #7462, #11032, #4169 ) ) REPRESENTATION_CONTEXT ( 'NONE', 'WORKASPACE' ) );
#6042 = FACE_OUTER_BOUND ( 'NONE', #312, .T. ) ;
#6043 =( GEOMETRIC_REPRESENTATION_CONTEXT ( 3 ) GLOBAL_UNCERTAINTY_ASSIGNED_CONTEXT ( ( #11437 ) ) GLOBAL_UNIT_ASSIGNED_CONTEXT ( ( #5903, #4924, #9455 ) ) REPRESENTATION_CONTEXT ( 'NONE', 'WORKASPACE' ) );
#6044 = FILL_AREA_STYLE_COLOUR ( '', #4876 ) ;
#6045 = VERTEX_POINT ( 'NONE', #7496 ) ;
#6046 = ORIENTED_EDGE ( 'NONE', *, *, #4717, .F. ) ;
#6048 = LINE ( 'NONE', #9593, #11434 ) ;
#6047 = MECHANICAL_DESIGN_GEOMETRIC_PRESENTATION_REPRESENTATION (  '', ( #2162 ), #6619 ) ;
#6049 = ORIENTED_EDGE ( 'NONE', *, *, #10745, .F. ) ;
#6050 = ADVANCED_FACE ( 'NONE', ( #5694 ), #10120, .F. ) ;
#6051 = FACE_OUTER_BOUND ( 'NONE', #11328, .T. ) ;
#6052 = MECHANICAL_DESIGN_GEOMETRIC_PRESENTATION_REPRESENTATION (  '', ( #5506 ), #3471 ) ;
#6053 = MECHANICAL_DESIGN_GEOMETRIC_PRESENTATION_REPRESENTATION (  '', ( #2737 ), #9580 ) ;
#6054 = ADVANCED_FACE ( 'NONE', ( #5640 ), #9188, .T. ) ;
#6055 =( LENGTH_UNIT ( ) NAMED_UNIT ( * ) SI_UNIT ( $, .METRE. ) );
#6056 = CARTESIAN_POINT ( 'NONE',  ( 0.5442913385826719797, 0.06614173228346426070, -0.1761811023622066597 ) ) ;
#6057 =( LENGTH_UNIT ( ) NAMED_UNIT ( * ) SI_UNIT ( $, .METRE. ) );
#6058 = CARTESIAN_POINT ( 'NONE',  ( 0.3821850393700736426, 0.1240157480314797583, -0.2312992125984274783 ) ) ;
#6059 = VERTEX_POINT ( 'NONE', #8192 ) ;
#6060 = VERTEX_POINT ( 'NONE', #3972 ) ;
#6061 = ORIENTED_EDGE ( 'NONE', *, *, #8956, .T. ) ;
#6062 = PLANE ( 'NONE',  #9765 ) ;
#6063 = ORIENTED_EDGE ( 'NONE', *, *, #7822, .F. ) ;
#6064 = CARTESIAN_POINT ( 'NONE',  ( 0.2627952755905463289, 0.09645669291338505869, -0.2879921259842544989 ) ) ;
#6065 = EDGE_CURVE ( 'NONE', #3554, #5294, #3802, .T. ) ;
#6066 =( GEOMETRIC_REPRESENTATION_CONTEXT ( 3 ) GLOBAL_UNCERTAINTY_ASSIGNED_CONTEXT ( ( #4802 ) ) GLOBAL_UNIT_ASSIGNED_CONTEXT ( ( #10805, #9855, #5379 ) ) REPRESENTATION_CONTEXT ( 'NONE', 'WORKASPACE' ) );
#6067 = DIRECTION ( 'NONE',  ( 1.000000000000000000, 1.644517855225996559E-15, 1.817990202823693835E-15 ) ) ;
#6068 = UNCERTAINTY_MEASURE_WITH_UNIT (LENGTH_MEASURE( 1.000000000000000082E-05 ), #1311, 'distance_accuracy_value', 'NONE');
#6069 = SURFACE_STYLE_USAGE ( .BOTH. , #2550 ) ;
#6070 = CARTESIAN_POINT ( 'NONE',  ( 0.5001882050568449145, 0.08636077237506221971, -0.1104330708661437760 ) ) ;
#6071 = DIRECTION ( 'NONE',  ( 1.000000000000000000, 1.644517855225996559E-15, 1.817990202823693835E-15 ) ) ;
#6072 = LINE ( 'NONE', #8740, #7273 ) ;
#6073 = LINE ( 'NONE', #8905, #10035 ) ;
#6074 = VERTEX_POINT ( 'NONE', #1239 ) ;
#6075 = VECTOR ( 'NONE', #5832, 39.37007874015748854 ) ;
#6076 = DIRECTION ( 'NONE',  ( 1.817990202823693835E-15, 0.0000000000000000000, -1.000000000000000000 ) ) ;
#6077 = SURFACE_STYLE_USAGE ( .BOTH. , #8864 ) ;
#6078 = LINE ( 'NONE', #8746, #5306 ) ;
#6079 = FILL_AREA_STYLE ('',( #4288 ) ) ;
#6080 = DIMENSIONAL_EXPONENTS ( 1.000000000000000000, 0.0000000000000000000, 0.0000000000000000000, 0.0000000000000000000, 0.0000000000000000000, 0.0000000000000000000, 0.0000000000000000000 ) ;
#6081 = STYLED_ITEM ( 'NONE', ( #9257 ), #5055 ) ;
#6082 = UNCERTAINTY_MEASURE_WITH_UNIT (LENGTH_MEASURE( 1.000000000000000082E-05 ), #2821, 'distance_accuracy_value', 'NONE');
#6083 = LINE ( 'NONE', #8990, #4847 ) ;
#6084 = DIRECTION ( 'NONE',  ( -0.5643446851342101001, -0.8255392639728102999, 0.0000000000000000000 ) ) ;
#6085 = DIRECTION ( 'NONE',  ( -1.000000000000000000, -1.644517855225996559E-15, -1.817990202823693835E-15 ) ) ;
#6086 = FILL_AREA_STYLE_COLOUR ( '', #8712 ) ;
#6087 = LINE ( 'NONE', #9463, #8242 ) ;
#6088 = ORIENTED_EDGE ( 'NONE', *, *, #2514, .F. ) ;
#6089 = DIRECTION ( 'NONE',  ( 0.3630301527216025503, -0.9317773919853011844, 6.599852609774626257E-16 ) ) ;
#6090 = EDGE_LOOP ( 'NONE', ( #4530, #7133, #5956, #2409 ) ) ;
#6091 = MECHANICAL_DESIGN_GEOMETRIC_PRESENTATION_REPRESENTATION (  '', ( #8492 ), #7015 ) ;
#6092 = CARTESIAN_POINT ( 'NONE',  ( 0.5174299185258760536, 0.06162777273582249055, 0.001377952755903543314 ) ) ;
#6093 = ORIENTED_EDGE ( 'NONE', *, *, #321, .F. ) ;
#6094 = DIRECTION ( 'NONE',  ( 1.000000000000000000, 1.644517855225996559E-15, 1.817990202823693835E-15 ) ) ;
#6095 = SURFACE_SIDE_STYLE ('',( #2576 ) ) ;
#6096 = DIRECTION ( 'NONE',  ( -3.421105991089600105E-14, 1.000000000000000000, -6.217620874327673957E-29 ) ) ;
#6097 = DIRECTION ( 'NONE',  ( -2.036344053754329794E-15, 0.9701425001453376495, 0.2425356250363099597 ) ) ;
#6098 = VECTOR ( 'NONE', #5951, 39.37007874015748143 ) ;
#6099 = CARTESIAN_POINT ( 'NONE',  ( 0.2660249164800739252, 0.08937007874015670539, -0.2761811023622072203 ) ) ;
#6100 = SURFACE_STYLE_FILL_AREA ( #5118 ) ;
#6101 = FACE_OUTER_BOUND ( 'NONE', #8535, .T. ) ;
#6102 = ORIENTED_EDGE ( 'NONE', *, *, #2967, .T. ) ;
#6103 = CARTESIAN_POINT ( 'NONE',  ( 0.4058070866141678668, 0.1240157480314955235, -0.1549212598425218912 ) ) ;
#6104 = VERTEX_POINT ( 'NONE', #6465 ) ;
#6105 = PRESENTATION_LAYER_ASSIGNMENT (  '', '', ( #8894 ) ) ;
#6106 = DIRECTION ( 'NONE',  ( 1.000000000000000000, 1.644517855225996559E-15, 1.817990202823693835E-15 ) ) ;
#6107 = VERTEX_POINT ( 'NONE', #9999 ) ;
#6108 = EDGE_CURVE ( 'NONE', #2803, #3948, #2054, .T. ) ;
#6109 = LINE ( 'NONE', #8720, #302 ) ;
#6110 = FILL_AREA_STYLE_COLOUR ( '', #2217 ) ;
#6111 = PRESENTATION_LAYER_ASSIGNMENT (  '', '', ( #9658 ) ) ;
#6112 = CARTESIAN_POINT ( 'NONE',  ( 0.3812007874015699294, 0.1448818897637632053, -0.2801181102362227393 ) ) ;
#6113 = VECTOR ( 'NONE', #1541, 39.37007874015748143 ) ;
#6114 =( NAMED_UNIT ( * ) SI_UNIT ( $, .STERADIAN. ) SOLID_ANGLE_UNIT ( ) );
#6115 = EDGE_LOOP ( 'NONE', ( #147, #1959, #3290, #514 ) ) ;
#6116 = EDGE_CURVE ( 'NONE', #9747, #7669, #369, .T. ) ;
#6117 = EDGE_LOOP ( 'NONE', ( #10374, #445, #3753, #11246 ) ) ;
#6118 = ORIENTED_EDGE ( 'NONE', *, *, #8016, .F. ) ;
#6119 = EDGE_CURVE ( 'NONE', #166, #1941, #2223, .T. ) ;
#6120 =( NAMED_UNIT ( * ) SI_UNIT ( $, .STERADIAN. ) SOLID_ANGLE_UNIT ( ) );
#6121 = ORIENTED_EDGE ( 'NONE', *, *, #10596, .T. ) ;
#6122 = EDGE_CURVE ( 'NONE', #1156, #7150, #4199, .T. ) ;
#6123 = DIRECTION ( 'NONE',  ( -1.000000000000000000, -1.644517855225996559E-15, -1.817990202823693835E-15 ) ) ;
#6124 = MECHANICAL_DESIGN_GEOMETRIC_PRESENTATION_REPRESENTATION (  '', ( #9470 ), #8912 ) ;
#6125 =( CONVERSION_BASED_UNIT ( 'INCH', #8974 ) LENGTH_UNIT ( ) NAMED_UNIT ( #4748 ) );
#6126 = LENGTH_MEASURE_WITH_UNIT ( LENGTH_MEASURE( 0.02539999999999999897 ), #3406 );
#6127 = FILL_AREA_STYLE_COLOUR ( '', #9996 ) ;
#6128 = FILL_AREA_STYLE_COLOUR ( '', #7344 ) ;
#6129 = FACE_OUTER_BOUND ( 'NONE', #1063, .T. ) ;
#6130 = ORIENTED_EDGE ( 'NONE', *, *, #197, .T. ) ;
#6131 = ADVANCED_FACE ( 'NONE', ( #7664 ), #3273, .F. ) ;
#6132 =( GEOMETRIC_REPRESENTATION_CONTEXT ( 3 ) GLOBAL_UNCERTAINTY_ASSIGNED_CONTEXT ( ( #9791 ) ) GLOBAL_UNIT_ASSIGNED_CONTEXT ( ( #8353, #4827, #8133 ) ) REPRESENTATION_CONTEXT ( 'NONE', 'WORKASPACE' ) );
#6133 = PLANE ( 'NONE',  #7130 ) ;
#6134 = CARTESIAN_POINT ( 'NONE',  ( 0.4058070866141678668, 0.1240157480314955235, -0.1549212598425218912 ) ) ;
#6135 = CIRCLE ( 'NONE', #10217, 0.01181102362204725087 ) ;
#6136 = DIMENSIONAL_EXPONENTS ( 1.000000000000000000, 0.0000000000000000000, 0.0000000000000000000, 0.0000000000000000000, 0.0000000000000000000, 0.0000000000000000000, 0.0000000000000000000 ) ;
#6137 = EDGE_CURVE ( 'NONE', #5022, #156, #5057, .T. ) ;
#6138 = SURFACE_SIDE_STYLE ('',( #4584 ) ) ;
#6139 =( GEOMETRIC_REPRESENTATION_CONTEXT ( 3 ) GLOBAL_UNCERTAINTY_ASSIGNED_CONTEXT ( ( #9666 ) ) GLOBAL_UNIT_ASSIGNED_CONTEXT ( ( #882, #10703, #989 ) ) REPRESENTATION_CONTEXT ( 'NONE', 'WORKASPACE' ) );
#6140 = DIRECTION ( 'NONE',  ( 1.000000000000000000, 1.644517855225996559E-15, 1.817990202823693835E-15 ) ) ;
#6141 = CIRCLE ( 'NONE', #6882, 0.004724409448818895838 ) ;
#6142 = CIRCLE ( 'NONE', #3189, 0.01299212598425197353 ) ;
#6143 =( NAMED_UNIT ( * ) PLANE_ANGLE_UNIT ( ) SI_UNIT ( $, .RADIAN. ) );
#6144 = LENGTH_MEASURE_WITH_UNIT ( LENGTH_MEASURE( 0.02539999999999999897 ), #2679 );
#6145 = DIRECTION ( 'NONE',  ( -1.000000000000000000, -1.644517855225996559E-15, -1.817990202823693835E-15 ) ) ;
#6146 = ORIENTED_EDGE ( 'NONE', *, *, #690, .F. ) ;
#6147 = EDGE_CURVE ( 'NONE', #10238, #2669, #6807, .T. ) ;
#6148 = DIRECTION ( 'NONE',  ( 1.000000000000000000, 1.644517855225996559E-15, 1.817990202823693835E-15 ) ) ;
#6149 = ORIENTED_EDGE ( 'NONE', *, *, #1042, .F. ) ;
#6150 = LINE ( 'NONE', #6275, #10301 ) ;
#6151 = PRESENTATION_LAYER_ASSIGNMENT (  '', '', ( #2081 ) ) ;
#6152 = VERTEX_POINT ( 'NONE', #8475 ) ;
#6153 = PRESENTATION_LAYER_ASSIGNMENT (  '', '', ( #3944 ) ) ;
#6154 =( LENGTH_UNIT ( ) NAMED_UNIT ( * ) SI_UNIT ( $, .METRE. ) );
#6155 = CARTESIAN_POINT ( 'NONE',  ( 0.2175196850393644743, 0.06614173228346371947, -0.08799212598425452947 ) ) ;
#6156 = DIRECTION ( 'NONE',  ( 0.3630301527215994972, 0.9317773919853026277, 6.599852609774574981E-16 ) ) ;
#6157 = LINE ( 'NONE', #9700, #1355 ) ;
#6158 = CARTESIAN_POINT ( 'NONE',  ( 0.5142056617061291357, 0.06990336523983428640, -0.2761811023622067762 ) ) ;
#6159 = VECTOR ( 'NONE', #6097, 39.37007874015748143 ) ;
#6160 = CARTESIAN_POINT ( 'NONE',  ( 0.5442913385826716466, 0.06614173228346426070, -0.04862204724409639051 ) ) ;
#6161 = ORIENTED_EDGE ( 'NONE', *, *, #1161, .F. ) ;
#6162 = DIRECTION ( 'NONE',  ( 0.5643446851342075465, -0.8255392639728119653, 7.228014483236709374E-16 ) ) ;
#6163 = ORIENTED_EDGE ( 'NONE', *, *, #440, .F. ) ;
#6164 = LINE ( 'NONE', #5407, #491 ) ;
#6165 = ORIENTED_EDGE ( 'NONE', *, *, #4650, .T. ) ;
#6166 = STYLED_ITEM ( 'NONE', ( #1208 ), #9052 ) ;
#6167 = SURFACE_STYLE_FILL_AREA ( #898 ) ;
#6168 = LENGTH_MEASURE_WITH_UNIT ( LENGTH_MEASURE( 0.02539999999999999897 ), #949 );
#6169 = LINE ( 'NONE', #10721, #2148 ) ;
#6170 = PRESENTATION_STYLE_ASSIGNMENT (( #3511 ) ) ;
#6171 =( GEOMETRIC_REPRESENTATION_CONTEXT ( 3 ) GLOBAL_UNCERTAINTY_ASSIGNED_CONTEXT ( ( #1690 ) ) GLOBAL_UNIT_ASSIGNED_CONTEXT ( ( #5175, #4312, #10590 ) ) REPRESENTATION_CONTEXT ( 'NONE', 'WORKASPACE' ) );
#6172 = DIRECTION ( 'NONE',  ( -1.817990202823693835E-15, 0.0000000000000000000, 1.000000000000000000 ) ) ;
#6173 =( LENGTH_UNIT ( ) NAMED_UNIT ( * ) SI_UNIT ( $, .METRE. ) );
#6174 = DIRECTION ( 'NONE',  ( 1.817990202823693835E-15, 0.0000000000000000000, -1.000000000000000000 ) ) ;
#6175 = CARTESIAN_POINT ( 'NONE',  ( 0.5197082840997430120, 0.06614173228346423294, -0.2261811023622067873 ) ) ;
#6176 = AXIS2_PLACEMENT_3D ( 'NONE', #5548, #6585, #9144 ) ;
#6177 = ORIENTED_EDGE ( 'NONE', *, *, #1670, .F. ) ;
#6178 = ORIENTED_EDGE ( 'NONE', *, *, #8602, .T. ) ;
#6179 = ORIENTED_EDGE ( 'NONE', *, *, #7703, .T. ) ;
#6180 = ORIENTED_EDGE ( 'NONE', *, *, #7597, .T. ) ;
#6181 = VECTOR ( 'NONE', #6897, 39.37007874015748143 ) ;
#6182 = CARTESIAN_POINT ( 'NONE',  ( 0.4058070866141677557, 0.1240157480314955235, -0.1316929133858289747 ) ) ;
#6183 = ADVANCED_FACE ( 'NONE', ( #4035 ), #590, .T. ) ;
#6184 = UNCERTAINTY_MEASURE_WITH_UNIT (LENGTH_MEASURE( 1.000000000000000082E-05 ), #10383, 'distance_accuracy_value', 'NONE');
#6185 = CARTESIAN_POINT ( 'NONE',  ( 0.5197082840997423459, 0.06614173228346423294, -0.02618110236220673112 ) ) ;
#6186 =( NAMED_UNIT ( * ) PLANE_ANGLE_UNIT ( ) SI_UNIT ( $, .RADIAN. ) );
#6187 =( CONVERSION_BASED_UNIT ( 'INCH', #1794 ) LENGTH_UNIT ( ) NAMED_UNIT ( #10096 ) );
#6188 = CARTESIAN_POINT ( 'NONE',  ( 0.5142056617061285806, 0.06990336523983428640, -0.1604330708661436955 ) ) ;
#6189 = EDGE_CURVE ( 'NONE', #9121, #7673, #5286, .T. ) ;
#6190 = VERTEX_POINT ( 'NONE', #6099 ) ;
#6191 = CARTESIAN_POINT ( 'NONE',  ( 0.3821850393700733095, 0.1240157480314797583, -0.1312992125984275005 ) ) ;
#6192 = VECTOR ( 'NONE', #10919, 39.37007874015748143 ) ;
#6193 = FACE_OUTER_BOUND ( 'NONE', #5191, .T. ) ;
#6194 = VECTOR ( 'NONE', #9676, 39.37007874015748143 ) ;
#6195 = ADVANCED_FACE ( 'NONE', ( #9762 ), #6219, .T. ) ;
#6196 = UNCERTAINTY_MEASURE_WITH_UNIT (LENGTH_MEASURE( 1.000000000000000082E-05 ), #6446, 'distance_accuracy_value', 'NONE');
#6197 = DIRECTION ( 'NONE',  ( 1.644517855225997348E-15, -1.000000000000000000, 2.970554346222872930E-30 ) ) ;
#6198 = CARTESIAN_POINT ( 'NONE',  ( 0.2550196716928494478, 0.08893342700064765793, -0.2604330708661442007 ) ) ;
#6199 = PLANE ( 'NONE',  #9136 ) ;
#6200 = EDGE_CURVE ( 'NONE', #7116, #1514, #2516, .T. ) ;
#6201 = ORIENTED_EDGE ( 'NONE', *, *, #3424, .T. ) ;
#6202 =( NAMED_UNIT ( * ) SI_UNIT ( $, .STERADIAN. ) SOLID_ANGLE_UNIT ( ) );
#6203 = STYLED_ITEM ( 'NONE', ( #2870 ), #2238 ) ;
#6204 = DIRECTION ( 'NONE',  ( 1.817990202823693835E-15, 0.0000000000000000000, -1.000000000000000000 ) ) ;
#6205 = ORIENTED_EDGE ( 'NONE', *, *, #9956, .F. ) ;
#6206 = MECHANICAL_DESIGN_GEOMETRIC_PRESENTATION_REPRESENTATION (  '', ( #11414 ), #6770 ) ;
#6207 = CARTESIAN_POINT ( 'NONE',  ( 0.2421027395222938028, 0.05905511811023542168, -0.1104330708661442478 ) ) ;
#6208 = COLOUR_RGB ( '',0.7607843137254901578, 0.7607843137254901578, 0.0000000000000000000 ) ;
#6209 = ORIENTED_EDGE ( 'NONE', *, *, #5265, .F. ) ;
#6210 = FILL_AREA_STYLE ('',( #9633 ) ) ;
#6211 = DIRECTION ( 'NONE',  ( -0.5643446851342061032, -0.8255392639728129645, 0.0000000000000000000 ) ) ;
#6212 = DIMENSIONAL_EXPONENTS ( 1.000000000000000000, 0.0000000000000000000, 0.0000000000000000000, 0.0000000000000000000, 0.0000000000000000000, 0.0000000000000000000, 0.0000000000000000000 ) ;
#6213 = EDGE_CURVE ( 'NONE', #5553, #1669, #7885, .T. ) ;
#6214 = CARTESIAN_POINT ( 'NONE',  ( 0.4957861071419634724, 0.08464566929133819639, -0.2104330708661437954 ) ) ;
#6215 = PRESENTATION_LAYER_ASSIGNMENT (  '', '', ( #4741 ) ) ;
#6216 =( NAMED_UNIT ( * ) SI_UNIT ( $, .STERADIAN. ) SOLID_ANGLE_UNIT ( ) );
#6217 = LINE ( 'NONE', #2861, #7819 ) ;
#6218 = STYLED_ITEM ( 'NONE', ( #8503 ), #11373 ) ;
#6219 = PLANE ( 'NONE',  #742 ) ;
#6220 = VECTOR ( 'NONE', #6845, 39.37007874015748143 ) ;
#6221 =( LENGTH_UNIT ( ) NAMED_UNIT ( * ) SI_UNIT ( $, .METRE. ) );
#6222 = ORIENTED_EDGE ( 'NONE', *, *, #5484, .F. ) ;
#6223 = FILL_AREA_STYLE ('',( #1766 ) ) ;
#6224 = CARTESIAN_POINT ( 'NONE',  ( 0.5442913385826713135, 0.05905511811023591434, -0.02618110236220666173 ) ) ;
#6225 = ORIENTED_EDGE ( 'NONE', *, *, #3719, .T. ) ;
#6226 = LINE ( 'NONE', #4314, #4903 ) ;
#6227 = AXIS2_PLACEMENT_3D ( 'NONE', #4490, #9073, #7029 ) ;
#6228 = ORIENTED_EDGE ( 'NONE', *, *, #5921, .T. ) ;
#6229 = FACE_OUTER_BOUND ( 'NONE', #3515, .T. ) ;
#6230 = ORIENTED_EDGE ( 'NONE', *, *, #390, .T. ) ;
#6231 = STYLED_ITEM ( 'NONE', ( #1021 ), #7311 ) ;
#6232 = LENGTH_MEASURE_WITH_UNIT ( LENGTH_MEASURE( 0.02539999999999999897 ), #10658 );
#6233 =( NAMED_UNIT ( * ) SI_UNIT ( $, .STERADIAN. ) SOLID_ANGLE_UNIT ( ) );
#6234 = SURFACE_STYLE_FILL_AREA ( #11470 ) ;
#6235 =( GEOMETRIC_REPRESENTATION_CONTEXT ( 3 ) GLOBAL_UNCERTAINTY_ASSIGNED_CONTEXT ( ( #7007 ) ) GLOBAL_UNIT_ASSIGNED_CONTEXT ( ( #2497, #6143, #4352 ) ) REPRESENTATION_CONTEXT ( 'NONE', 'WORKASPACE' ) );
#6236 = MECHANICAL_DESIGN_GEOMETRIC_PRESENTATION_REPRESENTATION (  '', ( #4741 ), #6969 ) ;
#6237 = PLANE ( 'NONE',  #6447 ) ;
#6238 = LINE ( 'NONE', #8903, #1001 ) ;
#6239 = DIRECTION ( 'NONE',  ( 1.817990202823693835E-15, 0.0000000000000000000, -1.000000000000000000 ) ) ;
#6240 = ORIENTED_EDGE ( 'NONE', *, *, #7045, .F. ) ;
#6241 = ORIENTED_EDGE ( 'NONE', *, *, #3788, .T. ) ;
#6242 = ORIENTED_EDGE ( 'NONE', *, *, #739, .T. ) ;
#6243 = FACE_OUTER_BOUND ( 'NONE', #7149, .T. ) ;
#6244 = VERTEX_POINT ( 'NONE', #6158 ) ;
#6245 = AXIS2_PLACEMENT_3D ( 'NONE', #11196, #9502, #3065 ) ;
#6246 = VECTOR ( 'NONE', #122, 39.37007874015748143 ) ;
#6247 =( LENGTH_UNIT ( ) NAMED_UNIT ( * ) SI_UNIT ( $, .METRE. ) );
#6248 = CARTESIAN_POINT ( 'NONE',  ( 0.5442913385826713135, 0.05905511811023591434, -0.02618110236220666173 ) ) ;
#6249 = COLOUR_RGB ( '',0.7607843137254901578, 0.7607843137254901578, 0.0000000000000000000 ) ;
#6250 = ORIENTED_EDGE ( 'NONE', *, *, #800, .T. ) ;
#6251 = DIRECTION ( 'NONE',  ( -1.644517855225997348E-15, 1.000000000000000000, -2.970554346222872930E-30 ) ) ;
#6252 = CARTESIAN_POINT ( 'NONE',  ( 0.2550196716928492813, 0.08893342700064765793, -0.2261811023622072314 ) ) ;
#6253 = DIRECTION ( 'NONE',  ( 0.3630301527215994972, 0.9317773919853026277, 6.599852609774574981E-16 ) ) ;
#6254 = VECTOR ( 'NONE', #1313, 39.37007874015748143 ) ;
#6255 = ORIENTED_EDGE ( 'NONE', *, *, #6983, .F. ) ;
#6256 =( LENGTH_UNIT ( ) NAMED_UNIT ( * ) SI_UNIT ( $, .METRE. ) );
#6257 = LINE ( 'NONE', #6191, #2883 ) ;
#6258 = ADVANCED_FACE ( 'NONE', ( #887 ), #4307, .F. ) ;
#6259 = MECHANICAL_DESIGN_GEOMETRIC_PRESENTATION_REPRESENTATION (  '', ( #696 ), #6066 ) ;
#6260 = CARTESIAN_POINT ( 'NONE',  ( 0.2421027395222938028, 0.07204724409448738653, -0.1104330708661442478 ) ) ;
#6261 = PRESENTATION_LAYER_ASSIGNMENT (  '', '', ( #669 ) ) ;
#6262 = CARTESIAN_POINT ( 'NONE',  ( 0.2175196850393642523, 0.05905511811023538005, -0.02618110236220727929 ) ) ;
#6263 = ADVANCED_FACE ( 'NONE', ( #9233 ), #146, .F. ) ;
#6264 = VECTOR ( 'NONE', #2264, 39.37007874015748143 ) ;
#6265 = EDGE_CURVE ( 'NONE', #7378, #2198, #362, .T. ) ;
#6266 = FILL_AREA_STYLE ('',( #10632 ) ) ;
#6267 = LINE ( 'NONE', #5442, #11345 ) ;
#6268 = LINE ( 'NONE', #3597, #2159 ) ;
#6269 = STYLED_ITEM ( 'NONE', ( #1904 ), #5044 ) ;
#6270 = DIRECTION ( 'NONE',  ( 1.644517855225997348E-15, -1.000000000000000000, -2.970554346222872930E-30 ) ) ;
#6271 = EDGE_LOOP ( 'NONE', ( #7818, #11187, #4872, #7970, #4668, #9268, #8139, #4905, #9126, #9074, #7202, #2105 ) ) ;
#6272 = CARTESIAN_POINT ( 'NONE',  ( 0.2175196850393652792, 0.05905511811023538005, -0.2761811023622073313 ) ) ;
#6273 = ORIENTED_EDGE ( 'NONE', *, *, #119, .T. ) ;
#6274 = ADVANCED_FACE ( 'NONE', ( #10765 ), #3903, .T. ) ;
#6275 = CARTESIAN_POINT ( 'NONE',  ( 0.5197082840997430120, 0.05905511811023587965, -0.2261811023622067873 ) ) ;
#6276 = ORIENTED_EDGE ( 'NONE', *, *, #6277, .F. ) ;
#6277 = EDGE_CURVE ( 'NONE', #4491, #4096, #2923, .T. ) ;
#6278 = MECHANICAL_DESIGN_GEOMETRIC_PRESENTATION_REPRESENTATION (  '', ( #4790 ), #2025 ) ;
#6279 = DIRECTION ( 'NONE',  ( 0.5643446851342075465, -0.8255392639728119653, 0.0000000000000000000 ) ) ;
#6280 = LINE ( 'NONE', #198, #3513 ) ;
#6281 = CARTESIAN_POINT ( 'NONE',  ( 0.3809055118110186711, 0.1240157480314954819, -0.2549212598425219523 ) ) ;
#6282 =( NAMED_UNIT ( * ) PLANE_ANGLE_UNIT ( ) SI_UNIT ( $, .RADIAN. ) );
#6283 = VERTEX_POINT ( 'NONE', #4603 ) ;
#6284 = DIRECTION ( 'NONE',  ( 1.000000000000000000, 1.644517855225996559E-15, 1.817990202823693835E-15 ) ) ;
#6285 = VERTEX_POINT ( 'NONE', #201 ) ;
#6286 = EDGE_CURVE ( 'NONE', #5181, #10549, #10992, .T. ) ;
#6287 = CARTESIAN_POINT ( 'NONE',  ( 0.4806322371468050858, 0.08937007874015706621, 0.02905743399721845074 ) ) ;
#6288 = ORIENTED_EDGE ( 'NONE', *, *, #9770, .F. ) ;
#6289 = EDGE_CURVE ( 'NONE', #3004, #582, #6313, .T. ) ;
#6290 = ORIENTED_EDGE ( 'NONE', *, *, #9823, .F. ) ;
#6291 = VECTOR ( 'NONE', #11309, 39.37007874015748854 ) ;
#6292 = SURFACE_STYLE_USAGE ( .BOTH. , #8721 ) ;
#6293 =( LENGTH_UNIT ( ) NAMED_UNIT ( * ) SI_UNIT ( $, .METRE. ) );
#6294 = LINE ( 'NONE', #9834, #4283 ) ;
#6295 = DIRECTION ( 'NONE',  ( -0.9317773919853027387, 0.3630301527215988866, -1.971276677246371124E-15 ) ) ;
#6296 = EDGE_LOOP ( 'NONE', ( #7635, #7688, #958, #5688 ) ) ;
#6297 =( GEOMETRIC_REPRESENTATION_CONTEXT ( 3 ) GLOBAL_UNCERTAINTY_ASSIGNED_CONTEXT ( ( #6303 ) ) GLOBAL_UNIT_ASSIGNED_CONTEXT ( ( #2769, #7200, #899 ) ) REPRESENTATION_CONTEXT ( 'NONE', 'WORKASPACE' ) );
#6298 = EDGE_LOOP ( 'NONE', ( #2840, #9899, #2478, #1061 ) ) ;
#6299 = ORIENTED_EDGE ( 'NONE', *, *, #4274, .T. ) ;
#6300 = CARTESIAN_POINT ( 'NONE',  ( 0.4058070866141680333, 0.1240157480314955235, -0.09192913385826995132 ) ) ;
#6301 = ORIENTED_EDGE ( 'NONE', *, *, #4426, .T. ) ;
#6302 =( GEOMETRIC_REPRESENTATION_CONTEXT ( 3 ) GLOBAL_UNCERTAINTY_ASSIGNED_CONTEXT ( ( #7795 ) ) GLOBAL_UNIT_ASSIGNED_CONTEXT ( ( #10955, #2005, #7382 ) ) REPRESENTATION_CONTEXT ( 'NONE', 'WORKASPACE' ) );
#6303 = UNCERTAINTY_MEASURE_WITH_UNIT (LENGTH_MEASURE( 1.000000000000000082E-05 ), #2769, 'distance_accuracy_value', 'NONE');
#6304 = ORIENTED_EDGE ( 'NONE', *, *, #4496, .F. ) ;
#6305 = FACE_OUTER_BOUND ( 'NONE', #11260, .T. ) ;
#6306 = FILL_AREA_STYLE ('',( #4515 ) ) ;
#6307 = CARTESIAN_POINT ( 'NONE',  ( 0.2175196850393646686, 0.06614173228346371947, -0.1261811023622072814 ) ) ;
#6308 = DIRECTION ( 'NONE',  ( 1.000000000000000000, 1.644517855225997348E-15, 1.817990202823693441E-15 ) ) ;
#6309 = ORIENTED_EDGE ( 'NONE', *, *, #10460, .F. ) ;
#6310 = DIMENSIONAL_EXPONENTS ( 1.000000000000000000, 0.0000000000000000000, 0.0000000000000000000, 0.0000000000000000000, 0.0000000000000000000, 0.0000000000000000000, 0.0000000000000000000 ) ;
#6311 =( NAMED_UNIT ( * ) PLANE_ANGLE_UNIT ( ) SI_UNIT ( $, .RADIAN. ) );
#6312 = DIRECTION ( 'NONE',  ( -2.162563726507829819E-15, 0.2425356250364040789, 0.9701425001453142238 ) ) ;
#6313 = CIRCLE ( 'NONE', #4468, 0.01181102362204724046 ) ;
#6314 = LINE ( 'NONE', #7282, #3096 ) ;
#6315 = UNCERTAINTY_MEASURE_WITH_UNIT (LENGTH_MEASURE( 1.000000000000000082E-05 ), #4242, 'distance_accuracy_value', 'NONE');
#6316 = FILL_AREA_STYLE_COLOUR ( '', #5498 ) ;
#6317 = CARTESIAN_POINT ( 'NONE',  ( 0.2421027395222936363, 0.07204724409448738653, -0.07618110236220727860 ) ) ;
#6318 = VECTOR ( 'NONE', #6719, 39.37007874015748143 ) ;
#6319 = CARTESIAN_POINT ( 'NONE',  ( 0.5442913385826716466, 0.06614173228346426070, -0.06043307086614363444 ) ) ;
#6320 = VECTOR ( 'NONE', #4194, 39.37007874015748143 ) ;
#6321 = CARTESIAN_POINT ( 'NONE',  ( 0.3560039370078684762, 0.1240157480314954541, -0.1316929133858290302 ) ) ;
#6322 = FILL_AREA_STYLE ('',( #10753 ) ) ;
#6323 = ORIENTED_EDGE ( 'NONE', *, *, #3385, .T. ) ;
#6324 = PLANE ( 'NONE',  #8074 ) ;
#6325 = VECTOR ( 'NONE', #762, 39.37007874015748143 ) ;
#6327 = DIRECTION ( 'NONE',  ( 1.817990202823693835E-15, -3.503246160812042677E-46, -1.000000000000000000 ) ) ;
#6326 =( GEOMETRIC_REPRESENTATION_CONTEXT ( 3 ) GLOBAL_UNCERTAINTY_ASSIGNED_CONTEXT ( ( #8735 ) ) GLOBAL_UNIT_ASSIGNED_CONTEXT ( ( #11323, #5852, #802 ) ) REPRESENTATION_CONTEXT ( 'NONE', 'WORKASPACE' ) );
#6328 = LINE ( 'NONE', #1759, #9035 ) ;
#6329 = DIRECTION ( 'NONE',  ( 1.644517855225996559E-15, -1.000000000000000000, 2.970554346222871178E-30 ) ) ;
#6330 = CARTESIAN_POINT ( 'NONE',  ( 0.4432086614173172956, 0.1476377952755900669, -0.1375984251968525029 ) ) ;
#6331 = ADVANCED_FACE ( 'NONE', ( #2863 ), #2975, .F. ) ;
#6332 = CARTESIAN_POINT ( 'NONE',  ( 0.3560039370078683096, 0.1240157480314954541, -0.08169291338582906903 ) ) ;
#6333 = FILL_AREA_STYLE_COLOUR ( '', #8142 ) ;
#6334 =( NAMED_UNIT ( * ) PLANE_ANGLE_UNIT ( ) SI_UNIT ( $, .RADIAN. ) );
#6335 = EDGE_LOOP ( 'NONE', ( #9146, #3560, #6276, #3266, #7262, #5686, #8264, #9717, #4086, #10157, #5527, #3110 ) ) ;
#6336 = EDGE_CURVE ( 'NONE', #8400, #11050, #1995, .T. ) ;
#6337 = ADVANCED_FACE ( 'NONE', ( #6504 ), #8177, .T. ) ;
#6338 = FILL_AREA_STYLE ('',( #310 ) ) ;
#6339 = ORIENTED_EDGE ( 'NONE', *, *, #10628, .F. ) ;
#6340 = MECHANICAL_DESIGN_GEOMETRIC_PRESENTATION_REPRESENTATION (  '', ( #1542 ), #8551 ) ;
#6341 =( GEOMETRIC_REPRESENTATION_CONTEXT ( 3 ) GLOBAL_UNCERTAINTY_ASSIGNED_CONTEXT ( ( #3198 ) ) GLOBAL_UNIT_ASSIGNED_CONTEXT ( ( #4105, #5018, #2418 ) ) REPRESENTATION_CONTEXT ( 'NONE', 'WORKASPACE' ) );
#6342 = PLANE ( 'NONE',  #7310 ) ;
#6343 = ORIENTED_EDGE ( 'NONE', *, *, #10316, .T. ) ;
#6344 = SURFACE_STYLE_USAGE ( .BOTH. , #10716 ) ;
#6345 = ORIENTED_EDGE ( 'NONE', *, *, #7413, .T. ) ;
#6346 = VECTOR ( 'NONE', #225, 39.37007874015747433 ) ;
#6347 = SURFACE_SIDE_STYLE ('',( #10777 ) ) ;
#6348 =( GEOMETRIC_REPRESENTATION_CONTEXT ( 3 ) GLOBAL_UNCERTAINTY_ASSIGNED_CONTEXT ( ( #9446 ) ) GLOBAL_UNIT_ASSIGNED_CONTEXT ( ( #5355, #9880, #5467 ) ) REPRESENTATION_CONTEXT ( 'NONE', 'WORKASPACE' ) );
#6349 = ADVANCED_FACE ( 'NONE', ( #8398 ), #1279, .T. ) ;
#6350 = CARTESIAN_POINT ( 'NONE',  ( 0.2421027395222938028, 0.06614173228346377498, -0.1104330708661442478 ) ) ;
#6351 = CARTESIAN_POINT ( 'NONE',  ( 0.5108267716535375147, 0.05905511811023586577, 0.001377952755903543314 ) ) ;
#6352 = CARTESIAN_POINT ( 'NONE',  ( 0.4805418239949947323, 0.09291338582677124980, -0.1604330708661437788 ) ) ;
#6353 = ADVANCED_FACE ( 'NONE', ( #4073 ), #5912, .T. ) ;
#6354 =( LENGTH_UNIT ( ) NAMED_UNIT ( * ) SI_UNIT ( $, .METRE. ) );
#6355 = SURFACE_STYLE_FILL_AREA ( #1895 ) ;
#6356 = ORIENTED_EDGE ( 'NONE', *, *, #720, .F. ) ;
#6357 = AXIS2_PLACEMENT_3D ( 'NONE', #9474, #7726, #2344 ) ;
#6358 = ORIENTED_EDGE ( 'NONE', *, *, #2599, .F. ) ;
#6359 = DIRECTION ( 'NONE',  ( 1.817990202823693835E-15, 0.0000000000000000000, -1.000000000000000000 ) ) ;
#6360 = ORIENTED_EDGE ( 'NONE', *, *, #2549, .T. ) ;
#6361 = EDGE_CURVE ( 'NONE', #2198, #6015, #5967, .T. ) ;
#6362 = EDGE_LOOP ( 'NONE', ( #4971, #1898, #2557, #10950 ) ) ;
#6363 = DIRECTION ( 'NONE',  ( -1.817990202823693835E-15, 0.0000000000000000000, 1.000000000000000000 ) ) ;
#6364 = VECTOR ( 'NONE', #2444, 39.37007874015748143 ) ;
#6365 = CARTESIAN_POINT ( 'NONE',  ( 0.2660249164800730926, 0.08937007874015670539, -0.07618110236220720921 ) ) ;
#6366 = CARTESIAN_POINT ( 'NONE',  ( 0.4058070866141683664, 0.1448818897637632330, -0.2553149606299234819 ) ) ;
#6367 = LENGTH_MEASURE_WITH_UNIT ( LENGTH_MEASURE( 0.02539999999999999897 ), #10076 );
#6368 = ORIENTED_EDGE ( 'NONE', *, *, #9164, .F. ) ;
#6369 = DIRECTION ( 'NONE',  ( -1.817990202823693835E-15, 0.0000000000000000000, 1.000000000000000000 ) ) ;
#6370 = LINE ( 'NONE', #1147, #6246 ) ;
#6371 = STYLED_ITEM ( 'NONE', ( #3000 ), #9335 ) ;
#6372 = SURFACE_STYLE_FILL_AREA ( #978 ) ;
#6373 = CARTESIAN_POINT ( 'NONE',  ( 0.2836614173228287905, 0.06299212598425124598, 0.02657480314960392054 ) ) ;
#6374 = CARTESIAN_POINT ( 'NONE',  ( 0.4432086614173169070, 0.1535433070866137062, -0.03759842519685248352 ) ) ;
#6375 = VECTOR ( 'NONE', #637, 39.37007874015748143 ) ;
#6376 = LINE ( 'NONE', #9105, #9151 ) ;
#6377 =( CONVERSION_BASED_UNIT ( 'INCH', #1984 ) LENGTH_UNIT ( ) NAMED_UNIT ( #8982 ) );
#6378 = SURFACE_STYLE_USAGE ( .BOTH. , #1746 ) ;
#6379 = LINE ( 'NONE', #6442, #1131 ) ;
#6380 = DIRECTION ( 'NONE',  ( 0.8849182223819943571, 0.4657464328325994773, 1.608772658590624482E-15 ) ) ;
#6381 = DIRECTION ( 'NONE',  ( -1.000000000000000000, -1.644517855225996559E-15, -1.817990202823693835E-15 ) ) ;
#6382 = ORIENTED_EDGE ( 'NONE', *, *, #5757, .F. ) ;
#6383 = DIRECTION ( 'NONE',  ( -1.817990202823693835E-15, 0.0000000000000000000, 1.000000000000000000 ) ) ;
#6384 = VECTOR ( 'NONE', #6076, 39.37007874015748143 ) ;
#6385 = DIMENSIONAL_EXPONENTS ( 1.000000000000000000, 0.0000000000000000000, 0.0000000000000000000, 0.0000000000000000000, 0.0000000000000000000, 0.0000000000000000000, 0.0000000000000000000 ) ;
#6386 =( GEOMETRIC_REPRESENTATION_CONTEXT ( 3 ) GLOBAL_UNCERTAINTY_ASSIGNED_CONTEXT ( ( #2832 ) ) GLOBAL_UNIT_ASSIGNED_CONTEXT ( ( #7696, #5836, #9391 ) ) REPRESENTATION_CONTEXT ( 'NONE', 'WORKASPACE' ) );
#6387 = SURFACE_STYLE_USAGE ( .BOTH. , #141 ) ;
#6388 =( LENGTH_UNIT ( ) NAMED_UNIT ( * ) SI_UNIT ( $, .METRE. ) );
#6389 = DIRECTION ( 'NONE',  ( 0.5643446851342109882, -0.8255392639728097448, 0.0000000000000000000 ) ) ;
#6390 = DIRECTION ( 'NONE',  ( 1.644517855225997348E-15, -1.000000000000000000, 2.970554346222872930E-30 ) ) ;
#6391 = CARTESIAN_POINT ( 'NONE',  ( 0.4576771653543247331, 0.1299212598425192322, 0.01496062992125773289 ) ) ;
#6392 = STYLED_ITEM ( 'NONE', ( #1031 ), #1949 ) ;
#6393 = VERTEX_POINT ( 'NONE', #4183 ) ;
#6394 = PRESENTATION_LAYER_ASSIGNMENT (  '', '', ( #5275 ) ) ;
#6395 = CARTESIAN_POINT ( 'NONE',  ( 0.4058070866141675337, 0.1240157480314955235, -0.08169291338582897188 ) ) ;
#6396 = ORIENTED_EDGE ( 'NONE', *, *, #7954, .T. ) ;
#6397 = CARTESIAN_POINT ( 'NONE',  ( 0.3560039370078689203, 0.1240157480314954541, -0.2049212598425219634 ) ) ;
#6398 = ORIENTED_EDGE ( 'NONE', *, *, #2967, .F. ) ;
#6399 = EDGE_CURVE ( 'NONE', #2660, #6873, #3172, .T. ) ;
#6400 = CARTESIAN_POINT ( 'NONE',  ( 0.4872047244094431795, 0.08937007874015708009, -0.07618110236220680676 ) ) ;
#6401 = EDGE_LOOP ( 'NONE', ( #5031, #10067, #1751, #4675 ) ) ;
#6402 = AXIS2_PLACEMENT_3D ( 'NONE', #6031, #7766, #11331 ) ;
#6403 = EDGE_CURVE ( 'NONE', #5178, #5170, #3313, .T. ) ;
#6404 = VECTOR ( 'NONE', #7065, 39.37007874015747433 ) ;
#6405 = SURFACE_STYLE_USAGE ( .BOTH. , #9774 ) ;
#6406 = ADVANCED_FACE ( 'NONE', ( #413 ), #11103, .T. ) ;
#6407 = VECTOR ( 'NONE', #8461, 39.37007874015748143 ) ;
#6408 = CARTESIAN_POINT ( 'NONE',  ( 0.5442913385826713135, 0.06614173228346426070, -0.01043307086614362993 ) ) ;
#6409 = DIRECTION ( 'NONE',  ( -1.817990202823693835E-15, 0.0000000000000000000, 1.000000000000000000 ) ) ;
#6410 =( GEOMETRIC_REPRESENTATION_CONTEXT ( 3 ) GLOBAL_UNCERTAINTY_ASSIGNED_CONTEXT ( ( #10030 ) ) GLOBAL_UNIT_ASSIGNED_CONTEXT ( ( #2944, #5648, #546 ) ) REPRESENTATION_CONTEXT ( 'NONE', 'WORKASPACE' ) );
#6411 = COLOUR_RGB ( '',0.7607843137254901578, 0.7607843137254901578, 0.0000000000000000000 ) ;
#6412 = EDGE_LOOP ( 'NONE', ( #2359, #4648, #5514, #9660 ) ) ;
#6413 = MECHANICAL_DESIGN_GEOMETRIC_PRESENTATION_REPRESENTATION (  '', ( #9004 ), #481 ) ;
#6414 = ORIENTED_EDGE ( 'NONE', *, *, #6553, .T. ) ;
#6415 = EDGE_CURVE ( 'NONE', #2630, #11344, #2271, .T. ) ;
#6416 = DIRECTION ( 'NONE',  ( 1.000000000000000000, 1.644517855225996559E-15, 1.817990202823693835E-15 ) ) ;
#6417 = VERTEX_POINT ( 'NONE', #10402 ) ;
#6418 = ADVANCED_FACE ( 'NONE', ( #634 ), #5793, .T. ) ;
#6419 = VECTOR ( 'NONE', #3535, 39.37007874015748854 ) ;
#6420 = MECHANICAL_DESIGN_GEOMETRIC_PRESENTATION_REPRESENTATION (  '', ( #4193 ), #5109 ) ;
#6421 = SURFACE_SIDE_STYLE ('',( #2664 ) ) ;
#6422 = UNCERTAINTY_MEASURE_WITH_UNIT (LENGTH_MEASURE( 1.000000000000000082E-05 ), #1164, 'distance_accuracy_value', 'NONE');
#6423 = ORIENTED_EDGE ( 'NONE', *, *, #595, .F. ) ;
#6424 =( NAMED_UNIT ( * ) SI_UNIT ( $, .STERADIAN. ) SOLID_ANGLE_UNIT ( ) );
#6425 = MECHANICAL_DESIGN_GEOMETRIC_PRESENTATION_REPRESENTATION (  '', ( #8439 ), #1801 ) ;
#6426 = FILL_AREA_STYLE_COLOUR ( '', #5082 ) ;
#6427 = CARTESIAN_POINT ( 'NONE',  ( 0.2811787864752145483, 0.08937007874015674702, -0.3156716072255704719 ) ) ;
#6428 = AXIS2_PLACEMENT_3D ( 'NONE', #2730, #7981, #1802 ) ;
#6429 = CARTESIAN_POINT ( 'NONE',  ( 0.3560039370078680876, 0.1279527559055112229, -0.03267716535433293212 ) ) ;
#6430 = ORIENTED_EDGE ( 'NONE', *, *, #2455, .F. ) ;
#6431 = DIRECTION ( 'NONE',  ( -1.000000000000000000, -1.644517855225996559E-15, -1.817990202823693835E-15 ) ) ;
#6432 = PRESENTATION_LAYER_ASSIGNMENT (  '', '', ( #497 ) ) ;
#6433 = PLANE ( 'NONE',  #4167 ) ;
#6434 = EDGE_CURVE ( 'NONE', #11287, #4144, #8460, .T. ) ;
#6435 = LINE ( 'NONE', #9801, #2357 ) ;
#6436 = STYLED_ITEM ( 'NONE', ( #9735 ), #3734 ) ;
#6437 = UNCERTAINTY_MEASURE_WITH_UNIT (LENGTH_MEASURE( 1.000000000000000082E-05 ), #4739, 'distance_accuracy_value', 'NONE');
#6438 = VECTOR ( 'NONE', #6756, 39.37007874015748143 ) ;
#6439 = VECTOR ( 'NONE', #1848, 39.37007874015748854 ) ;
#6440 = CARTESIAN_POINT ( 'NONE',  ( 0.2660249164800734811, 0.08464566929133782169, -0.1604330708661441673 ) ) ;
#6441 = DIRECTION ( 'NONE',  ( 0.3630301527216025503, -0.9317773919853011844, 6.599852609774626257E-16 ) ) ;
#6442 = CARTESIAN_POINT ( 'NONE',  ( 0.3821850393700731985, 0.1240157480314797583, -0.1053149606299235153 ) ) ;
#6443 = COLOUR_RGB ( '',0.7607843137254901578, 0.7607843137254901578, 0.0000000000000000000 ) ;
#6444 = DIRECTION ( 'NONE',  ( -0.8789799039125312241, -0.4626210020592183003, 0.1156552505148023963 ) ) ;
#6445 = ORIENTED_EDGE ( 'NONE', *, *, #10334, .T. ) ;
#6446 =( CONVERSION_BASED_UNIT ( 'INCH', #3022 ) LENGTH_UNIT ( ) NAMED_UNIT ( #5496 ) );
#6447 = AXIS2_PLACEMENT_3D ( 'NONE', #6467, #2055, #3690 ) ;
#6448 = DIRECTION ( 'NONE',  ( -0.5643446851342061032, -0.8255392639728129645, -1.314184451497581407E-15 ) ) ;
#6449 = SURFACE_STYLE_FILL_AREA ( #1109 ) ;
#6450 = LINE ( 'NONE', #510, #4445 ) ;
#6451 = LINE ( 'NONE', #10942, #117 ) ;
#6452 = ORIENTED_EDGE ( 'NONE', *, *, #245, .T. ) ;
#6453 = CARTESIAN_POINT ( 'NONE',  ( 0.2660249164800729815, 0.08464566929133782169, -0.08931496062992368146 ) ) ;
#6454 =( LENGTH_UNIT ( ) NAMED_UNIT ( * ) SI_UNIT ( $, .METRE. ) );
#6455 = ORIENTED_EDGE ( 'NONE', *, *, #3788, .F. ) ;
#6456 = AXIS2_PLACEMENT_3D ( 'NONE', #1673, #11422, #3640 ) ;
#6457 = SURFACE_SIDE_STYLE ('',( #3907 ) ) ;
#6458 = ORIENTED_EDGE ( 'NONE', *, *, #5574, .T. ) ;
#6459 = EDGE_LOOP ( 'NONE', ( #7586, #3456, #314, #5600 ) ) ;
#6460 = DIRECTION ( 'NONE',  ( -1.644517855225997348E-15, 1.000000000000000000, -2.970554346222872930E-30 ) ) ;
#6461 = PRESENTATION_STYLE_ASSIGNMENT (( #2935 ) ) ;
#6462 = PRESENTATION_LAYER_ASSIGNMENT (  '', '', ( #10936 ) ) ;
#6463 = DIMENSIONAL_EXPONENTS ( 1.000000000000000000, 0.0000000000000000000, 0.0000000000000000000, 0.0000000000000000000, 0.0000000000000000000, 0.0000000000000000000, 0.0000000000000000000 ) ;
#6464 = PRESENTATION_STYLE_ASSIGNMENT (( #9513 ) ) ;
#6465 = CARTESIAN_POINT ( 'NONE',  ( 0.2660249164800734811, 0.09645669291338505869, -0.1761811023622072148 ) ) ;
#6466 = SURFACE_SIDE_STYLE ('',( #7319 ) ) ;
#6467 = CARTESIAN_POINT ( 'NONE',  ( 0.4432086614173168515, 0.1476377952755900669, -0.006496062992128110065 ) ) ;
#6468 = PLANE ( 'NONE',  #11066 ) ;
#6469 = VERTEX_POINT ( 'NONE', #11210 ) ;
#6470 = EDGE_CURVE ( 'NONE', #2379, #8238, #6792, .T. ) ;
#6471 = ORIENTED_EDGE ( 'NONE', *, *, #6039, .F. ) ;
#6472 = VECTOR ( 'NONE', #11285, 39.37007874015748143 ) ;
#6473 = PRESENTATION_STYLE_ASSIGNMENT (( #219 ) ) ;
#6474 = ORIENTED_EDGE ( 'NONE', *, *, #7607, .F. ) ;
#6475 = ORIENTED_EDGE ( 'NONE', *, *, #2434, .F. ) ;
#6476 = CARTESIAN_POINT ( 'NONE',  ( 0.2542085087882426930, 0.06733071061424725223, -0.1261811023622072259 ) ) ;
#6477 = CARTESIAN_POINT ( 'NONE',  ( 0.3821850393700735871, 0.1448818897637632053, -0.2053149606299235486 ) ) ;
#6478 = LINE ( 'NONE', #5598, #96 ) ;
#6479 = LINE ( 'NONE', #6307, #4401 ) ;
#6480 = EDGE_CURVE ( 'NONE', #5629, #10886, #10349, .T. ) ;
#6481 = ORIENTED_EDGE ( 'NONE', *, *, #4601, .F. ) ;
#6482 = EDGE_CURVE ( 'NONE', #5738, #947, #3365, .T. ) ;
#6483 = FILL_AREA_STYLE_COLOUR ( '', #6758 ) ;
#6484 = ORIENTED_EDGE ( 'NONE', *, *, #7055, .T. ) ;
#6485 = DIRECTION ( 'NONE',  ( 1.817990202823693835E-15, 0.0000000000000000000, -1.000000000000000000 ) ) ;
#6486 = STYLED_ITEM ( 'NONE', ( #4780 ), #6050 ) ;
#6487 = CARTESIAN_POINT ( 'NONE',  ( 0.4432086614173180172, 0.1476377952755900669, -0.2875984251968525252 ) ) ;
#6488 =( LENGTH_UNIT ( ) NAMED_UNIT ( * ) SI_UNIT ( $, .METRE. ) );
#6489 =( NAMED_UNIT ( * ) PLANE_ANGLE_UNIT ( ) SI_UNIT ( $, .RADIAN. ) );
#6490 = LINE ( 'NONE', #4697, #4516 ) ;
#6491 = EDGE_CURVE ( 'NONE', #10920, #11158, #4272, .T. ) ;
#6492 = CARTESIAN_POINT ( 'NONE',  ( 0.2175196850393646408, 0.06614173228346371947, -0.1104330708661442478 ) ) ;
#6493 = ADVANCED_FACE ( 'NONE', ( #10637 ), #3599, .T. ) ;
#6494 = PRESENTATION_LAYER_ASSIGNMENT (  '', '', ( #11318 ) ) ;
#6495 =( CONVERSION_BASED_UNIT ( 'INCH', #1988 ) LENGTH_UNIT ( ) NAMED_UNIT ( #3779 ) );
#6496 = CARTESIAN_POINT ( 'NONE',  ( 0.5442913385826720907, 0.06259842519685009099, -0.2183070866141751665 ) ) ;
#6497 = ORIENTED_EDGE ( 'NONE', *, *, #10684, .T. ) ;
#6498 = DIRECTION ( 'NONE',  ( 0.8789799039125325564, -0.4626210020592155248, 0.1156552505148055882 ) ) ;
#6499 = LINE ( 'NONE', #10812, #10513 ) ;
#6500 =( NAMED_UNIT ( * ) SI_UNIT ( $, .STERADIAN. ) SOLID_ANGLE_UNIT ( ) );
#6501 = VECTOR ( 'NONE', #1402, 39.37007874015748143 ) ;
#6502 = PLANE ( 'NONE',  #10643 ) ;
#6503 = EDGE_CURVE ( 'NONE', #6152, #9640, #3536, .T. ) ;
#6504 = FACE_OUTER_BOUND ( 'NONE', #4484, .T. ) ;
#6505 = DIRECTION ( 'NONE',  ( 1.000000000000000000, 1.644517855225996559E-15, 1.817990202823693835E-15 ) ) ;
#6506 = ORIENTED_EDGE ( 'NONE', *, *, #6611, .T. ) ;
#6507 = ORIENTED_EDGE ( 'NONE', *, *, #6839, .F. ) ;
#6508 = CIRCLE ( 'NONE', #3362, 0.01181102362204724046 ) ;
#6509 = VECTOR ( 'NONE', #5624, 39.37007874015748854 ) ;
#6510 = EDGE_LOOP ( 'NONE', ( #10476, #7875, #4814, #4419, #10893, #3295, #9475, #6179, #78, #6250, #10999, #3202 ) ) ;
#6511 = EDGE_LOOP ( 'NONE', ( #547, #3648, #2746, #4736, #11047 ) ) ;
#6512 = FILL_AREA_STYLE_COLOUR ( '', #8877 ) ;
#6513 = COLOUR_RGB ( '',0.7607843137254901578, 0.7607843137254901578, 0.0000000000000000000 ) ;
#6514 = LENGTH_MEASURE_WITH_UNIT ( LENGTH_MEASURE( 0.02539999999999999897 ), #2820 );
#6515 = DIRECTION ( 'NONE',  ( -1.000000000000000000, -1.644517855225996559E-15, -1.817990202823693835E-15 ) ) ;
#6516 = DIMENSIONAL_EXPONENTS ( 1.000000000000000000, 0.0000000000000000000, 0.0000000000000000000, 0.0000000000000000000, 0.0000000000000000000, 0.0000000000000000000, 0.0000000000000000000 ) ;
#6517 = COLOUR_RGB ( '',1.000000000000000000, 1.000000000000000000, 1.000000000000000000 ) ;
#6518 = CARTESIAN_POINT ( 'NONE',  ( 0.3821850393700735316, 0.1240157480314797583, -0.1812992125984274894 ) ) ;
#6519 = CARTESIAN_POINT ( 'NONE',  ( 0.5197082840997427899, 0.07204724409448784450, -0.1604330708661436955 ) ) ;
#6520 = ORIENTED_EDGE ( 'NONE', *, *, #4911, .F. ) ;
#6521 = ORIENTED_EDGE ( 'NONE', *, *, #1531, .T. ) ;
#6522 = PRESENTATION_STYLE_ASSIGNMENT (( #5703 ) ) ;
#6523 = VERTEX_POINT ( 'NONE', #2498 ) ;
#6524 = COLOUR_RGB ( '',0.7607843137254901578, 0.7607843137254901578, 0.0000000000000000000 ) ;
#6525 =( NAMED_UNIT ( * ) PLANE_ANGLE_UNIT ( ) SI_UNIT ( $, .RADIAN. ) );
#6526 = ORIENTED_EDGE ( 'NONE', *, *, #8904, .T. ) ;
#6527 = DIRECTION ( 'NONE',  ( -0.9317773919853008513, -0.3630301527216037161, -1.445602896647344241E-15 ) ) ;
#6528 = DIRECTION ( 'NONE',  ( 0.3630301527216025503, -0.9317773919853011844, 6.599852609774626257E-16 ) ) ;
#6529 = CARTESIAN_POINT ( 'NONE',  ( 0.4058070866141673116, 0.1279527559055124442, -0.03129921259842740472 ) ) ;
#6530 =( NAMED_UNIT ( * ) PLANE_ANGLE_UNIT ( ) SI_UNIT ( $, .RADIAN. ) );
#6531 =( NAMED_UNIT ( * ) SI_UNIT ( $, .STERADIAN. ) SOLID_ANGLE_UNIT ( ) );
#6532 = VECTOR ( 'NONE', #3612, 39.37007874015748143 ) ;
#6533 = ORIENTED_EDGE ( 'NONE', *, *, #3028, .F. ) ;
#6534 = DIMENSIONAL_EXPONENTS ( 1.000000000000000000, 0.0000000000000000000, 0.0000000000000000000, 0.0000000000000000000, 0.0000000000000000000, 0.0000000000000000000, 0.0000000000000000000 ) ;
#6535 = LINE ( 'NONE', #944, #4357 ) ;
#6536 = ORIENTED_EDGE ( 'NONE', *, *, #2224, .T. ) ;
#6537 = EDGE_CURVE ( 'NONE', #7919, #11477, #11442, .T. ) ;
#6538 =( GEOMETRIC_REPRESENTATION_CONTEXT ( 3 ) GLOBAL_UNCERTAINTY_ASSIGNED_CONTEXT ( ( #5487 ) ) GLOBAL_UNIT_ASSIGNED_CONTEXT ( ( #11045, #4868, #4072 ) ) REPRESENTATION_CONTEXT ( 'NONE', 'WORKASPACE' ) );
#6539 = DIRECTION ( 'NONE',  ( -0.8789799039125312241, -0.4626210020592183003, 0.1156552505148023963 ) ) ;
#6540 = EDGE_CURVE ( 'NONE', #1845, #10986, #5330, .T. ) ;
#6541 = UNCERTAINTY_MEASURE_WITH_UNIT (LENGTH_MEASURE( 1.000000000000000082E-05 ), #8172, 'distance_accuracy_value', 'NONE');
#6542 = LINE ( 'NONE', #3013, #1145 ) ;
#6543 = ADVANCED_FACE ( 'NONE', ( #10574 ), #4244, .F. ) ;
#6544 = ADVANCED_FACE ( 'NONE', ( #3484 ), #7928, .T. ) ;
#6545 = FILL_AREA_STYLE ('',( #3770 ) ) ;
#6546 = DIRECTION ( 'NONE',  ( -0.4657464328325995329, 0.8849182223819944682, -8.467224518897498582E-16 ) ) ;
#6547 =( GEOMETRIC_REPRESENTATION_CONTEXT ( 3 ) GLOBAL_UNCERTAINTY_ASSIGNED_CONTEXT ( ( #4694 ) ) GLOBAL_UNIT_ASSIGNED_CONTEXT ( ( #2521, #8710, #35 ) ) REPRESENTATION_CONTEXT ( 'NONE', 'WORKASPACE' ) );
#6548 = SURFACE_STYLE_FILL_AREA ( #4921 ) ;
#6549 = LINE ( 'NONE', #3133, #9348 ) ;
#6550 = ORIENTED_EDGE ( 'NONE', *, *, #1094, .F. ) ;
#6551 = CIRCLE ( 'NONE', #5615, 0.005905511811023602016 ) ;
#6552 = CARTESIAN_POINT ( 'NONE',  ( 0.5197082840997430120, 0.05905511811023587965, -0.2261811023622067873 ) ) ;
#6553 = EDGE_CURVE ( 'NONE', #5181, #6759, #4591, .T. ) ;
#6554 =( NAMED_UNIT ( * ) PLANE_ANGLE_UNIT ( ) SI_UNIT ( $, .RADIAN. ) );
#6555 = ADVANCED_FACE ( 'NONE', ( #9158 ), #190, .T. ) ;
#6556 = LENGTH_MEASURE_WITH_UNIT ( LENGTH_MEASURE( 0.02539999999999999897 ), #306 );
#6557 = LINE ( 'NONE', #10103, #7874 ) ;
#6558 = VERTEX_POINT ( 'NONE', #5445 ) ;
#6559 =( CONVERSION_BASED_UNIT ( 'INCH', #3087 ) LENGTH_UNIT ( ) NAMED_UNIT ( #235 ) );
#6560 = AXIS2_PLACEMENT_3D ( 'NONE', #6496, #9162, #4472 ) ;
#6561 =( NAMED_UNIT ( * ) PLANE_ANGLE_UNIT ( ) SI_UNIT ( $, .RADIAN. ) );
#6562 = ORIENTED_EDGE ( 'NONE', *, *, #3505, .T. ) ;
#6563 =( NAMED_UNIT ( * ) SI_UNIT ( $, .STERADIAN. ) SOLID_ANGLE_UNIT ( ) );
#6564 = VECTOR ( 'NONE', #10310, 39.37007874015748143 ) ;
#6565 = ORIENTED_EDGE ( 'NONE', *, *, #10329, .T. ) ;
#6566 = EDGE_CURVE ( 'NONE', #1726, #4881, #4528, .T. ) ;
#6567 =( GEOMETRIC_REPRESENTATION_CONTEXT ( 3 ) GLOBAL_UNCERTAINTY_ASSIGNED_CONTEXT ( ( #5266 ) ) GLOBAL_UNIT_ASSIGNED_CONTEXT ( ( #8036, #3825, #7280 ) ) REPRESENTATION_CONTEXT ( 'NONE', 'WORKASPACE' ) );
#6568 =( CONVERSION_BASED_UNIT ( 'INCH', #3687 ) LENGTH_UNIT ( ) NAMED_UNIT ( #4973 ) );
#6569 = DIRECTION ( 'NONE',  ( -1.817990202823693835E-15, 0.0000000000000000000, 1.000000000000000000 ) ) ;
#6570 =( GEOMETRIC_REPRESENTATION_CONTEXT ( 3 ) GLOBAL_UNCERTAINTY_ASSIGNED_CONTEXT ( ( #3210 ) ) GLOBAL_UNIT_ASSIGNED_CONTEXT ( ( #1011, #10956, #8010 ) ) REPRESENTATION_CONTEXT ( 'NONE', 'WORKASPACE' ) );
#6571 = CARTESIAN_POINT ( 'NONE',  ( 0.2476053619159079289, 0.06990336523983385619, -0.1104330708661441784 ) ) ;
#6572 = LINE ( 'NONE', #10122, #434 ) ;
#6573 = FILL_AREA_STYLE ('',( #9081 ) ) ;
#6574 = FACE_OUTER_BOUND ( 'NONE', #3811, .T. ) ;
#6575 = ORIENTED_EDGE ( 'NONE', *, *, #8234, .T. ) ;
#6576 = VERTEX_POINT ( 'NONE', #6319 ) ;
#6577 = COLOUR_RGB ( '',1.000000000000000000, 1.000000000000000000, 1.000000000000000000 ) ;
#6578 = DIRECTION ( 'NONE',  ( 1.817990202823693835E-15, 0.0000000000000000000, -1.000000000000000000 ) ) ;
#6579 = ORIENTED_EDGE ( 'NONE', *, *, #194, .T. ) ;
#6580 = AXIS2_PLACEMENT_3D ( 'NONE', #1485, #5695, #3159 ) ;
#6581 =( CONVERSION_BASED_UNIT ( 'INCH', #4097 ) LENGTH_UNIT ( ) NAMED_UNIT ( #2304 ) );
#6582 = FILL_AREA_STYLE ('',( #2996 ) ) ;
#6583 =( NAMED_UNIT ( * ) PLANE_ANGLE_UNIT ( ) SI_UNIT ( $, .RADIAN. ) );
#6584 = CARTESIAN_POINT ( 'NONE',  ( 0.3186023622047192694, 0.1476377952755898726, -0.1990157480314983796 ) ) ;
#6585 = DIRECTION ( 'NONE',  ( -1.817990202823693835E-15, 0.0000000000000000000, 1.000000000000000000 ) ) ;
#6586 = VECTOR ( 'NONE', #6431, 39.37007874015748143 ) ;
#6587 = DIRECTION ( 'NONE',  ( 1.000000000000000000, 1.644517855225997348E-15, 1.817990202823693441E-15 ) ) ;
#6588 = PRESENTATION_LAYER_ASSIGNMENT (  '', '', ( #11426 ) ) ;
#6589 = VERTEX_POINT ( 'NONE', #9859 ) ;
#6590 =( GEOMETRIC_REPRESENTATION_CONTEXT ( 3 ) GLOBAL_UNCERTAINTY_ASSIGNED_CONTEXT ( ( #5607 ) ) GLOBAL_UNIT_ASSIGNED_CONTEXT ( ( #10275, #461, #9401 ) ) REPRESENTATION_CONTEXT ( 'NONE', 'WORKASPACE' ) );
#6591 = FILL_AREA_STYLE ('',( #6483 ) ) ;
#6592 = DIMENSIONAL_EXPONENTS ( 1.000000000000000000, 0.0000000000000000000, 0.0000000000000000000, 0.0000000000000000000, 0.0000000000000000000, 0.0000000000000000000, 0.0000000000000000000 ) ;
#6593 = EDGE_LOOP ( 'NONE', ( #5011, #4302, #7309, #6146 ) ) ;
#6594 = PRESENTATION_LAYER_ASSIGNMENT (  '', '', ( #3081 ) ) ;
#6595 = AXIS2_PLACEMENT_3D ( 'NONE', #8358, #1367, #7390 ) ;
#6596 = DIRECTION ( 'NONE',  ( 1.817990202823693835E-15, 0.0000000000000000000, -1.000000000000000000 ) ) ;
#6597 = VECTOR ( 'NONE', #1425, 39.37007874015748143 ) ;
#6598 = CARTESIAN_POINT ( 'NONE',  ( 0.4058070866141681443, 0.1240157480314955235, -0.2053149606299234653 ) ) ;
#6599 = STYLED_ITEM ( 'NONE', ( #4838 ), #7330 ) ;
#6600 = PRESENTATION_STYLE_ASSIGNMENT (( #9218 ) ) ;
#6601 = DIRECTION ( 'NONE',  ( 0.0000000000000000000, 1.000000000000000000, 0.0000000000000000000 ) ) ;
#6602 =( CONVERSION_BASED_UNIT ( 'INCH', #1329 ) LENGTH_UNIT ( ) NAMED_UNIT ( #7772 ) );
#6603 = LINE ( 'NONE', #8501, #7052 ) ;
#6604 = COLOUR_RGB ( '',0.7607843137254901578, 0.7607843137254901578, 0.0000000000000000000 ) ;
#6605 = AXIS2_PLACEMENT_3D ( 'NONE', #8391, #3308, #10567 ) ;
#6606 = ORIENTED_EDGE ( 'NONE', *, *, #6701, .T. ) ;
#6607 =( LENGTH_UNIT ( ) NAMED_UNIT ( * ) SI_UNIT ( $, .METRE. ) );
#6608 = FACE_OUTER_BOUND ( 'NONE', #11332, .T. ) ;
#6609 = VERTEX_POINT ( 'NONE', #354 ) ;
#6610 = EDGE_CURVE ( 'NONE', #11050, #7785, #5572, .T. ) ;
#6611 = EDGE_CURVE ( 'NONE', #6074, #2773, #6379, .T. ) ;
#6612 = FACE_OUTER_BOUND ( 'NONE', #8967, .T. ) ;
#6613 = DIMENSIONAL_EXPONENTS ( 1.000000000000000000, 0.0000000000000000000, 0.0000000000000000000, 0.0000000000000000000, 0.0000000000000000000, 0.0000000000000000000, 0.0000000000000000000 ) ;
#6614 = VECTOR ( 'NONE', #1778, 39.37007874015748143 ) ;
#6615 = VECTOR ( 'NONE', #3810, 39.37007874015748143 ) ;
#6616 = SURFACE_STYLE_FILL_AREA ( #9115 ) ;
#6617 = CARTESIAN_POINT ( 'NONE',  ( 0.4432086614173174621, 0.1535433070866137062, -0.1490157480314981686 ) ) ;
#6618 = SURFACE_STYLE_USAGE ( .BOTH. , #1991 ) ;
#6619 =( GEOMETRIC_REPRESENTATION_CONTEXT ( 3 ) GLOBAL_UNCERTAINTY_ASSIGNED_CONTEXT ( ( #10978 ) ) GLOBAL_UNIT_ASSIGNED_CONTEXT ( ( #3402, #11420, #7792 ) ) REPRESENTATION_CONTEXT ( 'NONE', 'WORKASPACE' ) );
#6620 = DIRECTION ( 'NONE',  ( 1.817990202823693835E-15, 0.0000000000000000000, -1.000000000000000000 ) ) ;
#6621 = CARTESIAN_POINT ( 'NONE',  ( 0.2746062992125936075, 0.08937007874015673314, -0.2761811023622072203 ) ) ;
#6622 = ORIENTED_EDGE ( 'NONE', *, *, #5424, .F. ) ;
#6623 = EDGE_CURVE ( 'NONE', #55, #5292, #3772, .T. ) ;
#6624 = CARTESIAN_POINT ( 'NONE',  ( 0.2509842519684991613, 0.05905511811023543556, -0.2879921259842544989 ) ) ;
#6625 = CARTESIAN_POINT ( 'NONE',  ( 0.4872047244094433460, 0.08937007874015708009, -0.1104330708661437760 ) ) ;
#6626 = ORIENTED_EDGE ( 'NONE', *, *, #5268, .F. ) ;
#6627 = ADVANCED_FACE ( 'NONE', ( #1864 ), #10982, .T. ) ;
#6628 = CARTESIAN_POINT ( 'NONE',  ( 0.4872047244094429019, 0.09645669291338541951, -0.01043307086614376697 ) ) ;
#6629 = ORIENTED_EDGE ( 'NONE', *, *, #7479, .F. ) ;
#6630 = COLOUR_RGB ( '',0.7607843137254901578, 0.7607843137254901578, 0.0000000000000000000 ) ;
#6631 = DIRECTION ( 'NONE',  ( 1.000000000000000000, 1.644517855225996559E-15, 1.817990202823693835E-15 ) ) ;
#6632 = PLANE ( 'NONE',  #184 ) ;
#6633 = SURFACE_SIDE_STYLE ('',( #1293 ) ) ;
#6634 = VERTEX_POINT ( 'NONE', #9054 ) ;
#6635 = DIRECTION ( 'NONE',  ( -1.644517855225997348E-15, 1.000000000000000000, -2.970554346222872930E-30 ) ) ;
#6636 = EDGE_CURVE ( 'NONE', #8196, #9213, #9918, .T. ) ;
#6637 = DIRECTION ( 'NONE',  ( -1.644517855225997348E-15, 1.000000000000000000, -2.970554346222872930E-30 ) ) ;
#6638 = ORIENTED_EDGE ( 'NONE', *, *, #448, .F. ) ;
#6639 = EDGE_CURVE ( 'NONE', #9213, #589, #1986, .T. ) ;
#6640 = ORIENTED_EDGE ( 'NONE', *, *, #4601, .T. ) ;
#6641 = ORIENTED_EDGE ( 'NONE', *, *, #7247, .T. ) ;
#6642 = VECTOR ( 'NONE', #5468, 39.37007874015748143 ) ;
#6643 = PLANE ( 'NONE',  #177 ) ;
#6644 = ORIENTED_EDGE ( 'NONE', *, *, #10909, .F. ) ;
#6645 = CARTESIAN_POINT ( 'NONE',  ( 0.3186023622047185477, 0.1535433070866134841, -0.04901574803149836429 ) ) ;
#6646 = DIRECTION ( 'NONE',  ( 1.817990202823693835E-15, 0.0000000000000000000, -1.000000000000000000 ) ) ;
#6647 = LINE ( 'NONE', #3052, #5320 ) ;
#6648 = DIRECTION ( 'NONE',  ( 0.9317773919853016285, 0.3630301527216017177, 0.0000000000000000000 ) ) ;
#6649 = ADVANCED_FACE ( 'NONE', ( #2966 ), #5511, .T. ) ;
#6650 = DIRECTION ( 'NONE',  ( -1.154489273450654979E-15, 0.9701425001453140018, -0.2425356250364040234 ) ) ;
#6651 = ORIENTED_EDGE ( 'NONE', *, *, #8105, .F. ) ;
#6652 = VECTOR ( 'NONE', #9637, 39.37007874015748143 ) ;
#6653 = FILL_AREA_STYLE_COLOUR ( '', #1442 ) ;
#6654 = EDGE_LOOP ( 'NONE', ( #6343, #711, #5048, #7342, #42, #8467 ) ) ;
#6655 =( LENGTH_UNIT ( ) NAMED_UNIT ( * ) SI_UNIT ( $, .METRE. ) );
#6656 = LINE ( 'NONE', #2192, #10162 ) ;
#6657 = MECHANICAL_DESIGN_GEOMETRIC_PRESENTATION_REPRESENTATION (  '', ( #7196 ), #8688 ) ;
#6658 = UNCERTAINTY_MEASURE_WITH_UNIT (LENGTH_MEASURE( 1.000000000000000082E-05 ), #7603, 'distance_accuracy_value', 'NONE');
#6659 = LINE ( 'NONE', #10205, #7933 ) ;
#6660 = SURFACE_STYLE_USAGE ( .BOTH. , #3128 ) ;
#6661 = DIRECTION ( 'NONE',  ( -1.817990202823693835E-15, 0.0000000000000000000, 1.000000000000000000 ) ) ;
#6662 = CARTESIAN_POINT ( 'NONE',  ( 0.3186023622047193804, 0.1476377952755898726, -0.2375984251968527028 ) ) ;
#6663 = EDGE_LOOP ( 'NONE', ( #10841, #1360, #5241, #636, #6971, #8251, #1526, #10376, #8577, #2940, #891, #1430 ) ) ;
#6664 = CARTESIAN_POINT ( 'NONE',  ( 0.2421027395222944967, 0.05905511811023542168, -0.2761811023622073313 ) ) ;
#6665 = VERTEX_POINT ( 'NONE', #8161 ) ;
#6666 = AXIS2_PLACEMENT_3D ( 'NONE', #5414, #9650, #3566 ) ;
#6667 = LENGTH_MEASURE_WITH_UNIT ( LENGTH_MEASURE( 0.02539999999999999897 ), #3720 );
#6668 = DIRECTION ( 'NONE',  ( 1.644517855225996559E-15, -1.000000000000000000, 2.970554346222871178E-30 ) ) ;
#6669 = DIRECTION ( 'NONE',  ( 1.000000000000000000, 1.644517855225996559E-15, 1.817990202823693835E-15 ) ) ;
#6670 = LINE ( 'NONE', #10214, #515 ) ;
#6671 = DIMENSIONAL_EXPONENTS ( 1.000000000000000000, 0.0000000000000000000, 0.0000000000000000000, 0.0000000000000000000, 0.0000000000000000000, 0.0000000000000000000, 0.0000000000000000000 ) ;
#6672 = UNCERTAINTY_MEASURE_WITH_UNIT (LENGTH_MEASURE( 1.000000000000000082E-05 ), #4482, 'distance_accuracy_value', 'NONE');
#6673 = FILL_AREA_STYLE ('',( #3141 ) ) ;
#6674 = DIRECTION ( 'NONE',  ( -0.5643446851342095449, 0.8255392639728106330, -7.228014483236697541E-16 ) ) ;
#6675 =( NAMED_UNIT ( * ) PLANE_ANGLE_UNIT ( ) SI_UNIT ( $, .RADIAN. ) );
#6676 = ORIENTED_EDGE ( 'NONE', *, *, #2958, .F. ) ;
#6677 = LINE ( 'NONE', #10995, #1972 ) ;
#6678 =( LENGTH_UNIT ( ) NAMED_UNIT ( * ) SI_UNIT ( $, .METRE. ) );
#6679 = VERTEX_POINT ( 'NONE', #241 ) ;
#6680 = CARTESIAN_POINT ( 'NONE',  ( 0.2175196850393649184, 0.06614173228346371947, -0.1761811023622072703 ) ) ;
#6681 = EDGE_LOOP ( 'NONE', ( #8639, #2606, #9537, #5056 ) ) ;
#6682 = VECTOR ( 'NONE', #8274, 39.37007874015748854 ) ;
#6683 = CARTESIAN_POINT ( 'NONE',  ( 0.2550196716928488927, 0.08893342700064765793, -0.1104330708661441784 ) ) ;
#6684 = EDGE_CURVE ( 'NONE', #4390, #3807, #5563, .T. ) ;
#6685 = LINE ( 'NONE', #1290, #5962 ) ;
#6686 = UNCERTAINTY_MEASURE_WITH_UNIT (LENGTH_MEASURE( 1.000000000000000082E-05 ), #3928, 'distance_accuracy_value', 'NONE');
#6687 = CARTESIAN_POINT ( 'NONE',  ( 0.2550196716928490592, 0.08893342700064765793, -0.1761811023622072148 ) ) ;
#6688 = EDGE_CURVE ( 'NONE', #1368, #8196, #2084, .T. ) ;
#6689 = ORIENTED_EDGE ( 'NONE', *, *, #3077, .T. ) ;
#6690 = DIRECTION ( 'NONE',  ( 1.817990202823693835E-15, 0.0000000000000000000, -1.000000000000000000 ) ) ;
#6691 = EDGE_CURVE ( 'NONE', #3514, #5798, #3835, .T. ) ;
#6692 = SURFACE_STYLE_FILL_AREA ( #3039 ) ;
#6693 = DIRECTION ( 'NONE',  ( -0.3630301527216025503, 0.9317773919853011844, -6.599852609774626257E-16 ) ) ;
#6694 = PRESENTATION_STYLE_ASSIGNMENT (( #3276 ) ) ;
#6695 = LINE ( 'NONE', #11292, #8269 ) ;
#6696 = VERTEX_POINT ( 'NONE', #4980 ) ;
#6697 = VECTOR ( 'NONE', #8407, 39.37007874015748143 ) ;
#6698 = VERTEX_POINT ( 'NONE', #2197 ) ;
#6699 = CARTESIAN_POINT ( 'NONE',  ( 0.5076025148337933723, 0.06733071061424766857, -0.01043307086614369758 ) ) ;
#6700 = ORIENTED_EDGE ( 'NONE', *, *, #9127, .F. ) ;
#6701 = EDGE_CURVE ( 'NONE', #2353, #9384, #4805, .T. ) ;
#6702 =( LENGTH_UNIT ( ) NAMED_UNIT ( * ) SI_UNIT ( $, .METRE. ) );
#6703 = ADVANCED_FACE ( 'NONE', ( #6777 ), #3018, .T. ) ;
#6704 = DIRECTION ( 'NONE',  ( -1.817990202823693835E-15, 3.503246160812042677E-46, 1.000000000000000000 ) ) ;
#6705 = FACE_OUTER_BOUND ( 'NONE', #598, .T. ) ;
#6706 = CARTESIAN_POINT ( 'NONE',  ( 0.2660249164800730370, 0.09645669291338505869, -0.07618110236220720921 ) ) ;
#6707 = PRESENTATION_STYLE_ASSIGNMENT (( #667 ) ) ;
#6708 = VERTEX_POINT ( 'NONE', #4170 ) ;
#6709 = DIRECTION ( 'NONE',  ( 1.817990202823693835E-15, 0.0000000000000000000, -1.000000000000000000 ) ) ;
#6710 = MECHANICAL_DESIGN_GEOMETRIC_PRESENTATION_REPRESENTATION (  '', ( #3942 ), #2265 ) ;
#6711 =( GEOMETRIC_REPRESENTATION_CONTEXT ( 3 ) GLOBAL_UNCERTAINTY_ASSIGNED_CONTEXT ( ( #4707 ) ) GLOBAL_UNIT_ASSIGNED_CONTEXT ( ( #6984, #7086, #6114 ) ) REPRESENTATION_CONTEXT ( 'NONE', 'WORKASPACE' ) );
#6712 = DIRECTION ( 'NONE',  ( -1.817990202823693835E-15, 3.503246160812042677E-46, 1.000000000000000000 ) ) ;
#6713 = ORIENTED_EDGE ( 'NONE', *, *, #813, .T. ) ;
#6714 = LINE ( 'NONE', #5894, #6795 ) ;
#6715 = EDGE_CURVE ( 'NONE', #7618, #9368, #7698, .T. ) ;
#6716 = DIRECTION ( 'NONE',  ( 1.000000000000000000, 1.644517855225996559E-15, -1.817990202823693835E-15 ) ) ;
#6717 = MECHANICAL_DESIGN_GEOMETRIC_PRESENTATION_REPRESENTATION (  '', ( #5420 ), #2659 ) ;
#6718 = DIRECTION ( 'NONE',  ( -1.644517855225997348E-15, 1.000000000000000000, -2.970554346222872930E-30 ) ) ;
#6719 = DIRECTION ( 'NONE',  ( 1.817990202823693835E-15, 0.0000000000000000000, -1.000000000000000000 ) ) ;
#6720 = ORIENTED_EDGE ( 'NONE', *, *, #3647, .T. ) ;
#6721 = CARTESIAN_POINT ( 'NONE',  ( 0.2175196850393650849, 0.05905511811023538005, -0.2379921259842545378 ) ) ;
#6722 = DIRECTION ( 'NONE',  ( -1.817990202823693835E-15, 0.0000000000000000000, 1.000000000000000000 ) ) ;
#6723 = PRESENTATION_LAYER_ASSIGNMENT (  '', '', ( #4324 ) ) ;
#6724 = LINE ( 'NONE', #4068, #3076 ) ;
#6725 =( LENGTH_UNIT ( ) NAMED_UNIT ( * ) SI_UNIT ( $, .METRE. ) );
#6726 = LINE ( 'NONE', #4294, #6364 ) ;
#6727 = DIRECTION ( 'NONE',  ( -1.000000000000000000, -1.644517855225996559E-15, -1.817990202823693835E-15 ) ) ;
#6728 = MECHANICAL_DESIGN_GEOMETRIC_PRESENTATION_REPRESENTATION (  '', ( #4523 ), #5988 ) ;
#6729 = EDGE_LOOP ( 'NONE', ( #1306, #3247, #1439, #6396 ) ) ;
#6730 = DIRECTION ( 'NONE',  ( -1.644517855225997348E-15, 1.000000000000000000, -2.970554346222872930E-30 ) ) ;
#6731 = CARTESIAN_POINT ( 'NONE',  ( 0.4957861071419625287, 0.08464566929133819639, 0.05270078740157278091 ) ) ;
#6732 = VERTEX_POINT ( 'NONE', #8324 ) ;
#6733 = LINE ( 'NONE', #1474, #471 ) ;
#6734 = ORIENTED_EDGE ( 'NONE', *, *, #6491, .T. ) ;
#6735 = DIRECTION ( 'NONE',  ( 1.519684859950636582E-14, 0.9701425001453376495, 0.2425356250363099597 ) ) ;
#6736 =( NAMED_UNIT ( * ) SI_UNIT ( $, .STERADIAN. ) SOLID_ANGLE_UNIT ( ) );
#6737 = DIRECTION ( 'NONE',  ( 0.3630301527215994972, 0.9317773919853026277, 6.599852609774574981E-16 ) ) ;
#6738 = ORIENTED_EDGE ( 'NONE', *, *, #4592, .T. ) ;
#6739 = STYLED_ITEM ( 'NONE', ( #5971 ), #1548 ) ;
#6740 = CARTESIAN_POINT ( 'NONE',  ( 0.4073818897637739855, 0.1240157480314798000, -0.1053149606299234459 ) ) ;
#6741 = FACE_OUTER_BOUND ( 'NONE', #1829, .T. ) ;
#6742 = DIMENSIONAL_EXPONENTS ( 1.000000000000000000, 0.0000000000000000000, 0.0000000000000000000, 0.0000000000000000000, 0.0000000000000000000, 0.0000000000000000000, 0.0000000000000000000 ) ;
#6743 = LINE ( 'NONE', #6861, #5138 ) ;
#6744 = STYLED_ITEM ( 'NONE', ( #8260 ), #9757 ) ;
#6745 = ORIENTED_EDGE ( 'NONE', *, *, #7102, .F. ) ;
#6746 = ORIENTED_EDGE ( 'NONE', *, *, #7193, .T. ) ;
#6747 = EDGE_CURVE ( 'NONE', #6698, #1620, #10088, .T. ) ;
#6748 = ORIENTED_EDGE ( 'NONE', *, *, #6537, .T. ) ;
#6749 = EDGE_CURVE ( 'NONE', #6696, #11452, #951, .T. ) ;
#6750 = PRESENTATION_LAYER_ASSIGNMENT (  '', '', ( #7483 ) ) ;
#6751 = SURFACE_SIDE_STYLE ('',( #9646 ) ) ;
#6752 = AXIS2_PLACEMENT_3D ( 'NONE', #11128, #10369, #5763 ) ;
#6753 = PRODUCT_DEFINITION_SHAPE ( 'NONE', 'NONE',  #4557 ) ;
#6754 = CARTESIAN_POINT ( 'NONE',  ( 0.2542085087882430261, 0.06733071061424725223, -0.2261811023622072314 ) ) ;
#6755 = CARTESIAN_POINT ( 'NONE',  ( 0.3186023622047187698, 0.1476377952755898726, -0.09901574803149836013 ) ) ;
#6756 = DIRECTION ( 'NONE',  ( -1.817990202823693835E-15, 0.0000000000000000000, 1.000000000000000000 ) ) ;
#6757 =( LENGTH_UNIT ( ) NAMED_UNIT ( * ) SI_UNIT ( $, .METRE. ) );
#6758 = COLOUR_RGB ( '',0.7607843137254901578, 0.7607843137254901578, 0.0000000000000000000 ) ;
#6759 = VERTEX_POINT ( 'NONE', #7465 ) ;
#6760 = EDGE_CURVE ( 'NONE', #6285, #6060, #3186, .T. ) ;
#6761 = COLOUR_RGB ( '',0.7607843137254901578, 0.7607843137254901578, 0.0000000000000000000 ) ;
#6762 = FACE_OUTER_BOUND ( 'NONE', #3314, .T. ) ;
#6763 = AXIS2_PLACEMENT_3D ( 'NONE', #10709, #8000, #10885 ) ;
#6764 = EDGE_CURVE ( 'NONE', #2912, #8347, #5783, .T. ) ;
#6765 = DIRECTION ( 'NONE',  ( 1.817990202823693835E-15, 0.0000000000000000000, -1.000000000000000000 ) ) ;
#6766 = ORIENTED_EDGE ( 'NONE', *, *, #5909, .T. ) ;
#6767 = DIRECTION ( 'NONE',  ( -0.8789799039125312241, -0.4626210020592183003, 0.1156552505148023963 ) ) ;
#6768 = VECTOR ( 'NONE', #2088, 39.37007874015748143 ) ;
#6769 = LINE ( 'NONE', #10323, #4974 ) ;
#6770 =( GEOMETRIC_REPRESENTATION_CONTEXT ( 3 ) GLOBAL_UNCERTAINTY_ASSIGNED_CONTEXT ( ( #4811 ) ) GLOBAL_UNIT_ASSIGNED_CONTEXT ( ( #11384, #4247, #6202 ) ) REPRESENTATION_CONTEXT ( 'NONE', 'WORKASPACE' ) );
#6771 = UNCERTAINTY_MEASURE_WITH_UNIT (LENGTH_MEASURE( 1.000000000000000082E-05 ), #8556, 'distance_accuracy_value', 'NONE');
#6772 = SURFACE_SIDE_STYLE ('',( #11139 ) ) ;
#6773 = LINE ( 'NONE', #10264, #1856 ) ;
#6774 = VECTOR ( 'NONE', #4245, 39.37007874015748143 ) ;
#6775 = FILL_AREA_STYLE ('',( #11141 ) ) ;
#6776 = CARTESIAN_POINT ( 'NONE',  ( 0.3186023622047195469, 0.1476377952755898726, -0.2875984251968527472 ) ) ;
#6777 = FACE_OUTER_BOUND ( 'NONE', #8966, .T. ) ;
#6778 = ORIENTED_EDGE ( 'NONE', *, *, #7032, .T. ) ;
#6779 = EDGE_CURVE ( 'NONE', #5592, #712, #7639, .T. ) ;
#6780 =( NAMED_UNIT ( * ) SI_UNIT ( $, .STERADIAN. ) SOLID_ANGLE_UNIT ( ) );
#6781 = VECTOR ( 'NONE', #11406, 39.37007874015748143 ) ;
#6782 = LINE ( 'NONE', #1460, #6001 ) ;
#6783 = AXIS2_PLACEMENT_3D ( 'NONE', #2646, #9709, #896 ) ;
#6784 =( GEOMETRIC_REPRESENTATION_CONTEXT ( 3 ) GLOBAL_UNCERTAINTY_ASSIGNED_CONTEXT ( ( #2041 ) ) GLOBAL_UNIT_ASSIGNED_CONTEXT ( ( #7641, #1334, #6780 ) ) REPRESENTATION_CONTEXT ( 'NONE', 'WORKASPACE' ) );
#6785 = EDGE_CURVE ( 'NONE', #9632, #1248, #6603, .T. ) ;
#6786 = DIRECTION ( 'NONE',  ( 1.817990202823693835E-15, 0.0000000000000000000, -1.000000000000000000 ) ) ;
#6787 = PRESENTATION_LAYER_ASSIGNMENT (  '', '', ( #309 ) ) ;
#6788 = FACE_OUTER_BOUND ( 'NONE', #7774, .T. ) ;
#6789 = PLANE ( 'NONE',  #5689 ) ;
#6790 = AXIS2_PLACEMENT_3D ( 'NONE', #1238, #4779, #8812 ) ;
#6791 = VECTOR ( 'NONE', #7190, 39.37007874015748143 ) ;
#6792 = LINE ( 'NONE', #3259, #1881 ) ;
#6793 = LINE ( 'NONE', #11382, #9935 ) ;
#6794 = ORIENTED_EDGE ( 'NONE', *, *, #3072, .T. ) ;
#6795 = VECTOR ( 'NONE', #11137, 39.37007874015748143 ) ;
#6796 =( LENGTH_UNIT ( ) NAMED_UNIT ( * ) SI_UNIT ( $, .METRE. ) );
#6797 = FACE_OUTER_BOUND ( 'NONE', #784, .T. ) ;
#6798 = ORIENTED_EDGE ( 'NONE', *, *, #8186, .F. ) ;
#6799 = STYLED_ITEM ( 'NONE', ( #1328 ), #576 ) ;
#6800 = VECTOR ( 'NONE', #6416, 39.37007874015748143 ) ;
#6801 = ORIENTED_EDGE ( 'NONE', *, *, #11390, .F. ) ;
#6802 =( GEOMETRIC_REPRESENTATION_CONTEXT ( 3 ) GLOBAL_UNCERTAINTY_ASSIGNED_CONTEXT ( ( #10863 ) ) GLOBAL_UNIT_ASSIGNED_CONTEXT ( ( #3345, #7851, #10555 ) ) REPRESENTATION_CONTEXT ( 'NONE', 'WORKASPACE' ) );
#6803 = CARTESIAN_POINT ( 'NONE',  ( 0.4432086614173168515, 0.1476377952755900669, 0.0009842519685018479535 ) ) ;
#6804 = CARTESIAN_POINT ( 'NONE',  ( 0.2660249164800739252, 0.08937007874015670539, -0.2604330708661442007 ) ) ;
#6805 = LINE ( 'NONE', #6038, #5778 ) ;
#6806 = EDGE_LOOP ( 'NONE', ( #11460, #897, #7079, #6876 ) ) ;
#6807 = LINE ( 'NONE', #10296, #2424 ) ;
#6808 = PRESENTATION_LAYER_ASSIGNMENT (  '', '', ( #694 ) ) ;
#6809 = DIRECTION ( 'NONE',  ( 0.9317773919853026277, -0.3630301527215995527, 1.693962169841892772E-15 ) ) ;
#6810 = PLANE ( 'NONE',  #6911 ) ;
#6811 = CARTESIAN_POINT ( 'NONE',  ( 0.4432086614173177397, 0.1535433070866137062, -0.2375984251968525085 ) ) ;
#6812 = LINE ( 'NONE', #3163, #4962 ) ;
#6813 = ORIENTED_EDGE ( 'NONE', *, *, #3496, .T. ) ;
#6814 = VECTOR ( 'NONE', #570, 39.37007874015748143 ) ;
#6815 = ORIENTED_EDGE ( 'NONE', *, *, #7055, .F. ) ;
#6816 = ORIENTED_EDGE ( 'NONE', *, *, #8228, .T. ) ;
#6817 =( LENGTH_UNIT ( ) NAMED_UNIT ( * ) SI_UNIT ( $, .METRE. ) );
#6818 = STYLED_ITEM ( 'NONE', ( #560 ), #4836 ) ;
#6819 = LENGTH_MEASURE_WITH_UNIT ( LENGTH_MEASURE( 0.02539999999999999897 ), #6055 );
#6820 = CARTESIAN_POINT ( 'NONE',  ( 0.5442913385826723127, 0.05905511811023591434, -0.2604330708661436455 ) ) ;
#6821 = CARTESIAN_POINT ( 'NONE',  ( 0.4432086614173176842, 0.1476377952755900669, -0.1990157480314981575 ) ) ;
#6822 = DIRECTION ( 'NONE',  ( 1.154489273450655176E-15, -0.9701425001453140018, 0.2425356250364040234 ) ) ;
#6823 = ORIENTED_EDGE ( 'NONE', *, *, #8022, .F. ) ;
#6824 = ORIENTED_EDGE ( 'NONE', *, *, #11400, .T. ) ;
#6825 = DIMENSIONAL_EXPONENTS ( 1.000000000000000000, 0.0000000000000000000, 0.0000000000000000000, 0.0000000000000000000, 0.0000000000000000000, 0.0000000000000000000, 0.0000000000000000000 ) ;
#6826 = VECTOR ( 'NONE', #10367, 39.37007874015748143 ) ;
#6827 = SURFACE_SIDE_STYLE ('',( #1671 ) ) ;
#6828 = ORIENTED_EDGE ( 'NONE', *, *, #116, .T. ) ;
#6829 = DIRECTION ( 'NONE',  ( -0.9317773919853008513, -0.3630301527216037161, 0.0000000000000000000 ) ) ;
#6830 = EDGE_CURVE ( 'NONE', #6679, #4815, #5204, .T. ) ;
#6831 = LENGTH_MEASURE_WITH_UNIT ( LENGTH_MEASURE( 0.02539999999999999897 ), #561 );
#6832 =( LENGTH_UNIT ( ) NAMED_UNIT ( * ) SI_UNIT ( $, .METRE. ) );
#6833 = EDGE_CURVE ( 'NONE', #11477, #10542, #9450, .T. ) ;
#6834 = DIRECTION ( 'NONE',  ( -1.817990202823693835E-15, 0.0000000000000000000, 1.000000000000000000 ) ) ;
#6835 = ORIENTED_EDGE ( 'NONE', *, *, #587, .T. ) ;
#6836 =( CONVERSION_BASED_UNIT ( 'INCH', #2490 ) LENGTH_UNIT ( ) NAMED_UNIT ( #9649 ) );
#6837 = DIRECTION ( 'NONE',  ( 0.9317773919853026277, -0.3630301527215995527, 1.693962169841892772E-15 ) ) ;
#6838 = SURFACE_SIDE_STYLE ('',( #9510 ) ) ;
#6839 = EDGE_CURVE ( 'NONE', #2764, #6107, #5672, .T. ) ;
#6840 =( LENGTH_UNIT ( ) NAMED_UNIT ( * ) SI_UNIT ( $, .METRE. ) );
#6841 = CARTESIAN_POINT ( 'NONE',  ( 0.4957861071419634724, 0.08464566929133819639, -0.2261811023622068428 ) ) ;
#6842 =( NAMED_UNIT ( * ) SI_UNIT ( $, .STERADIAN. ) SOLID_ANGLE_UNIT ( ) );
#6843 = EDGE_CURVE ( 'NONE', #9072, #2726, #3130, .T. ) ;
#6844 = DIRECTION ( 'NONE',  ( -0.3630301527216025503, 0.9317773919853011844, -6.599852609774626257E-16 ) ) ;
#6845 = DIRECTION ( 'NONE',  ( 1.000000000000000000, 1.644517855225996559E-15, 1.817990202823693835E-15 ) ) ;
#6846 = ORIENTED_EDGE ( 'NONE', *, *, #2251, .F. ) ;
#6847 =( GEOMETRIC_REPRESENTATION_CONTEXT ( 3 ) GLOBAL_UNCERTAINTY_ASSIGNED_CONTEXT ( ( #8619 ) ) GLOBAL_UNIT_ASSIGNED_CONTEXT ( ( #11407, #7141, #953 ) ) REPRESENTATION_CONTEXT ( 'NONE', 'WORKASPACE' ) );
#6848 = FILL_AREA_STYLE_COLOUR ( '', #7656 ) ;
#6849 = ORIENTED_EDGE ( 'NONE', *, *, #9867, .F. ) ;
#6850 = SURFACE_STYLE_FILL_AREA ( #4816 ) ;
#6851 = ORIENTED_EDGE ( 'NONE', *, *, #8889, .F. ) ;
#6852 = FACE_OUTER_BOUND ( 'NONE', #270, .T. ) ;
#6853 = EDGE_CURVE ( 'NONE', #7994, #2260, #10330, .T. ) ;
#6854 = AXIS2_PLACEMENT_3D ( 'NONE', #2405, #9530, #3101 ) ;
#6855 = FACE_OUTER_BOUND ( 'NONE', #8623, .T. ) ;
#6856 = LINE ( 'NONE', #5869, #2403 ) ;
#6857 = CARTESIAN_POINT ( 'NONE',  ( 0.2660249164800734256, 0.09645669291338505869, -0.1604330708661441673 ) ) ;
#6858 = VERTEX_POINT ( 'NONE', #2258 ) ;
#6859 = FILL_AREA_STYLE_COLOUR ( '', #10685 ) ;
#6860 = CARTESIAN_POINT ( 'NONE',  ( 0.3186023622047183812, 0.1476377952755898726, 0.0009842519685016432561 ) ) ;
#6861 = CARTESIAN_POINT ( 'NONE',  ( 0.3186023622047187143, 0.1476377952755898726, -0.08759842519685272222 ) ) ;
#6862 = ORIENTED_EDGE ( 'NONE', *, *, #7601, .F. ) ;
#6863 = VECTOR ( 'NONE', #10415, 39.37007874015748143 ) ;
#6864 = VERTEX_POINT ( 'NONE', #4919 ) ;
#6865 = CARTESIAN_POINT ( 'NONE',  ( 0.2746062992125931634, 0.08937007874015673314, -0.1604330708661441673 ) ) ;
#6866 = ORIENTED_EDGE ( 'NONE', *, *, #2370, .F. ) ;
#6867 = SURFACE_STYLE_FILL_AREA ( #7736 ) ;
#6868 = VECTOR ( 'NONE', #1209, 39.37007874015748143 ) ;
#6869 = DIRECTION ( 'NONE',  ( -1.817990202823693835E-15, 0.0000000000000000000, 1.000000000000000000 ) ) ;
#6870 = DIRECTION ( 'NONE',  ( 1.644517855225997348E-15, -1.000000000000000000, 2.970554346222872930E-30 ) ) ;
#6871 = DIRECTION ( 'NONE',  ( -1.000000000000000000, -1.644517855225996559E-15, -1.817990202823693835E-15 ) ) ;
#6872 = ORIENTED_EDGE ( 'NONE', *, *, #4067, .F. ) ;
#6873 = VERTEX_POINT ( 'NONE', #8445 ) ;
#6874 = ORIENTED_EDGE ( 'NONE', *, *, #6403, .T. ) ;
#6875 = VECTOR ( 'NONE', #4063, 39.37007874015748143 ) ;
#6876 = ORIENTED_EDGE ( 'NONE', *, *, #7886, .T. ) ;
#6877 = VECTOR ( 'NONE', #9230, 39.37007874015748143 ) ;
#6878 = CARTESIAN_POINT ( 'NONE',  ( 0.5001882050568444704, 0.08636077237506221971, -0.01043307086614376697 ) ) ;
#6879 = UNCERTAINTY_MEASURE_WITH_UNIT (LENGTH_MEASURE( 1.000000000000000082E-05 ), #7770, 'distance_accuracy_value', 'NONE');
#6880 = LENGTH_MEASURE_WITH_UNIT ( LENGTH_MEASURE( 0.02539999999999999897 ), #449 );
#6881 = DIRECTION ( 'NONE',  ( -1.000000000000000000, -1.644517855225996559E-15, -1.817990202823693835E-15 ) ) ;
#6882 = AXIS2_PLACEMENT_3D ( 'NONE', #17, #5381, #2735 ) ;
#6883 = VERTEX_POINT ( 'NONE', #7585 ) ;
#6884 = STYLED_ITEM ( 'NONE', ( #6707 ), #10676 ) ;
#6885 = DIRECTION ( 'NONE',  ( 1.817990202823693835E-15, 0.0000000000000000000, -1.000000000000000000 ) ) ;
#6886 = PLANE ( 'NONE',  #1006 ) ;
#6887 = ADVANCED_FACE ( 'NONE', ( #2316 ), #5840, .F. ) ;
#6888 = DIRECTION ( 'NONE',  ( -1.644517855225997348E-15, 1.000000000000000000, -2.970554346222872930E-30 ) ) ;
#6889 = CARTESIAN_POINT ( 'NONE',  ( 0.4432086614173179617, 0.1476377952755900669, -0.2490157480314981742 ) ) ;
#6890 = EDGE_CURVE ( 'NONE', #2803, #1119, #6073, .T. ) ;
#6891 = PRESENTATION_LAYER_ASSIGNMENT (  '', '', ( #1542 ) ) ;
#6892 = DIMENSIONAL_EXPONENTS ( 1.000000000000000000, 0.0000000000000000000, 0.0000000000000000000, 0.0000000000000000000, 0.0000000000000000000, 0.0000000000000000000, 0.0000000000000000000 ) ;
#6893 = AXIS2_PLACEMENT_3D ( 'NONE', #9020, #1005, #3741 ) ;
#6894 = CARTESIAN_POINT ( 'NONE',  ( 0.3560039370078689203, 0.1240157480314954541, -0.2316929133858290635 ) ) ;
#6895 = CARTESIAN_POINT ( 'NONE',  ( 0.4073818897637742631, 0.1240157480314798000, -0.1812992125984274061 ) ) ;
#6896 = ORIENTED_EDGE ( 'NONE', *, *, #8748, .F. ) ;
#6897 = DIRECTION ( 'NONE',  ( 1.817990202823693835E-15, 0.0000000000000000000, -1.000000000000000000 ) ) ;
#6898 = ORIENTED_EDGE ( 'NONE', *, *, #6830, .T. ) ;
#6899 = PRESENTATION_LAYER_ASSIGNMENT (  '', '', ( #5420 ) ) ;
#6900 = ADVANCED_FACE ( 'NONE', ( #8013 ), #5360, .F. ) ;
#6901 = LINE ( 'NONE', #758, #4176 ) ;
#6902 = VERTEX_POINT ( 'NONE', #1894 ) ;
#6903 = EDGE_CURVE ( 'NONE', #10582, #11228, #6294, .T. ) ;
#6904 = LINE ( 'NONE', #7604, #7429 ) ;
#6905 = MECHANICAL_DESIGN_GEOMETRIC_PRESENTATION_REPRESENTATION (  '', ( #6166 ), #7082 ) ;
#6906 = CYLINDRICAL_SURFACE ( 'NONE', #7577, 0.005905511811023628037 ) ;
#6907 = CARTESIAN_POINT ( 'NONE',  ( 0.4432086614173174621, 0.1535433070866137062, -0.1490157480314981686 ) ) ;
#6908 = SURFACE_SIDE_STYLE ('',( #6965 ) ) ;
#6909 = SURFACE_STYLE_FILL_AREA ( #1765 ) ;
#6910 = PLANE ( 'NONE',  #4360 ) ;
#6911 = AXIS2_PLACEMENT_3D ( 'NONE', #5004, #9476, #8531 ) ;
#6912 =( LENGTH_UNIT ( ) NAMED_UNIT ( * ) SI_UNIT ( $, .METRE. ) );
#6913 = ORIENTED_EDGE ( 'NONE', *, *, #376, .F. ) ;
#6914 = EDGE_CURVE ( 'NONE', #502, #6060, #8076, .T. ) ;
#6915 = PRESENTATION_LAYER_ASSIGNMENT (  '', '', ( #437 ) ) ;
#6916 = ORIENTED_EDGE ( 'NONE', *, *, #5571, .F. ) ;
#6917 = LINE ( 'NONE', #2587, #6033 ) ;
#6918 = ORIENTED_EDGE ( 'NONE', *, *, #9770, .T. ) ;
#6919 = CARTESIAN_POINT ( 'NONE',  ( 0.2421027395222938305, 0.07204724409448738653, -0.1261811023622072814 ) ) ;
#6920 = COLOUR_RGB ( '',0.7607843137254901578, 0.7607843137254901578, 0.0000000000000000000 ) ;
#6921 = FILL_AREA_STYLE ('',( #4264 ) ) ;
#6922 = SURFACE_STYLE_FILL_AREA ( #5071 ) ;
#6923 = DIRECTION ( 'NONE',  ( 1.000000000000000000, 1.644517855225996559E-15, 1.817990202823693835E-15 ) ) ;
#6924 = VECTOR ( 'NONE', #2244, 39.37007874015748143 ) ;
#6925 = SURFACE_STYLE_FILL_AREA ( #1842 ) ;
#6926 = VERTEX_POINT ( 'NONE', #7201 ) ;
#6927 = ORIENTED_EDGE ( 'NONE', *, *, #826, .F. ) ;
#6928 = VECTOR ( 'NONE', #7120, 39.37007874015748143 ) ;
#6929 = ORIENTED_EDGE ( 'NONE', *, *, #9241, .T. ) ;
#6930 = LINE ( 'NONE', #8614, #4587 ) ;
#6931 = EDGE_LOOP ( 'NONE', ( #8667, #10790, #6102, #5914, #10372, #7099, #6813, #5310 ) ) ;
#6932 = VECTOR ( 'NONE', #4059, 39.37007874015748143 ) ;
#6933 = CARTESIAN_POINT ( 'NONE',  ( 0.5076025148337941495, 0.06733071061424766857, -0.2104330708661437122 ) ) ;
#6934 =( LENGTH_UNIT ( ) NAMED_UNIT ( * ) SI_UNIT ( $, .METRE. ) );
#6935 = VECTOR ( 'NONE', #7977, 39.37007874015748143 ) ;
#6936 =( LENGTH_UNIT ( ) NAMED_UNIT ( * ) SI_UNIT ( $, .METRE. ) );
#6937 = CARTESIAN_POINT ( 'NONE',  ( 0.4957861071419630283, 0.09645669291338543339, -0.1104330708661437760 ) ) ;
#6938 = SURFACE_SIDE_STYLE ('',( #1454 ) ) ;
#6939 = AXIS2_PLACEMENT_3D ( 'NONE', #3864, #9189, #3627 ) ;
#6940 = ORIENTED_EDGE ( 'NONE', *, *, #723, .F. ) ;
#6941 = FACE_OUTER_BOUND ( 'NONE', #1082, .T. ) ;
#6942 = CARTESIAN_POINT ( 'NONE',  ( 0.4058070866141678668, 0.1240157480314955235, -0.1549212598425218912 ) ) ;
#6943 = AXIS2_PLACEMENT_3D ( 'NONE', #10224, #1532, #5050 ) ;
#6944 =( LENGTH_UNIT ( ) NAMED_UNIT ( * ) SI_UNIT ( $, .METRE. ) );
#6945 = AXIS2_PLACEMENT_3D ( 'NONE', #2569, #10578, #3315 ) ;
#6946 = STYLED_ITEM ( 'NONE', ( #648 ), #10097 ) ;
#6947 = DIRECTION ( 'NONE',  ( -1.817990202823693835E-15, 0.0000000000000000000, 1.000000000000000000 ) ) ;
#6948 = CARTESIAN_POINT ( 'NONE',  ( 0.3186023622047193804, 0.1476377952755898726, -0.2375984251968527028 ) ) ;
#6949 = LINE ( 'NONE', #3363, #8255 ) ;
#6950 = DIRECTION ( 'NONE',  ( -1.000000000000000000, -1.644517855225996559E-15, -1.817990202823693835E-15 ) ) ;
#6951 = COLOUR_RGB ( '',0.7607843137254901578, 0.7607843137254901578, 0.0000000000000000000 ) ;
#6952 = DIRECTION ( 'NONE',  ( -1.817990202823693835E-15, 0.0000000000000000000, 1.000000000000000000 ) ) ;
#6953 = CARTESIAN_POINT ( 'NONE',  ( 0.2542085087882426375, 0.06733071061424725223, -0.1104330708661441784 ) ) ;
#6954 = ORIENTED_EDGE ( 'NONE', *, *, #8197, .T. ) ;
#6955 = EDGE_CURVE ( 'NONE', #6864, #7744, #6508, .T. ) ;
#6956 = PLANE ( 'NONE',  #5466 ) ;
#6957 = ORIENTED_EDGE ( 'NONE', *, *, #9065, .F. ) ;
#6958 = DIRECTION ( 'NONE',  ( -1.817990202823693835E-15, 0.0000000000000000000, 1.000000000000000000 ) ) ;
#6959 = ORIENTED_EDGE ( 'NONE', *, *, #5481, .F. ) ;
#6960 = COLOUR_RGB ( '',0.7607843137254901578, 0.7607843137254901578, 0.0000000000000000000 ) ;
#6961 = MECHANICAL_DESIGN_GEOMETRIC_PRESENTATION_REPRESENTATION (  '', ( #10880 ), #2910 ) ;
#6962 = SURFACE_STYLE_USAGE ( .BOTH. , #9694 ) ;
#6963 = LINE ( 'NONE', #1479, #8162 ) ;
#6964 = EDGE_CURVE ( 'NONE', #51, #10655, #10388, .T. ) ;
#6965 = SURFACE_STYLE_FILL_AREA ( #1651 ) ;
#6966 = DIMENSIONAL_EXPONENTS ( 1.000000000000000000, 0.0000000000000000000, 0.0000000000000000000, 0.0000000000000000000, 0.0000000000000000000, 0.0000000000000000000, 0.0000000000000000000 ) ;
#6967 = ADVANCED_FACE ( 'NONE', ( #2429 ), #5954, .T. ) ;
#6968 = STYLED_ITEM ( 'NONE', ( #1151 ), #521 ) ;
#6969 =( GEOMETRIC_REPRESENTATION_CONTEXT ( 3 ) GLOBAL_UNCERTAINTY_ASSIGNED_CONTEXT ( ( #6196 ) ) GLOBAL_UNIT_ASSIGNED_CONTEXT ( ( #6446, #10040, #5617 ) ) REPRESENTATION_CONTEXT ( 'NONE', 'WORKASPACE' ) );
#6970 = SURFACE_STYLE_FILL_AREA ( #8770 ) ;
#6971 = ORIENTED_EDGE ( 'NONE', *, *, #5842, .T. ) ;
#6972 = DIRECTION ( 'NONE',  ( -0.09329485713884211329, 0.9912578571002028660, 0.09329485713884015652 ) ) ;
#6973 = ORIENTED_EDGE ( 'NONE', *, *, #5905, .F. ) ;
#6975 =( NAMED_UNIT ( * ) SI_UNIT ( $, .STERADIAN. ) SOLID_ANGLE_UNIT ( ) );
#6974 = VECTOR ( 'NONE', #68, 39.37007874015748143 ) ;
#6976 = VERTEX_POINT ( 'NONE', #328 ) ;
#6977 = DIRECTION ( 'NONE',  ( 1.000000000000000000, 1.644517855225996559E-15, 1.817990202823693835E-15 ) ) ;
#6978 = DIRECTION ( 'NONE',  ( 1.817990202823693835E-15, 0.0000000000000000000, -1.000000000000000000 ) ) ;
#6979 = EDGE_CURVE ( 'NONE', #2338, #3573, #3042, .T. ) ;
#6980 = CARTESIAN_POINT ( 'NONE',  ( 0.4872047244094437901, 0.08937007874015708009, -0.2261811023622068428 ) ) ;
#6981 = FILL_AREA_STYLE ('',( #6110 ) ) ;
#6982 =( LENGTH_UNIT ( ) NAMED_UNIT ( * ) SI_UNIT ( $, .METRE. ) );
#6983 = EDGE_CURVE ( 'NONE', #7763, #4994, #5642, .T. ) ;
#6984 =( CONVERSION_BASED_UNIT ( 'INCH', #8014 ) LENGTH_UNIT ( ) NAMED_UNIT ( #6212 ) );
#6985 = ORIENTED_EDGE ( 'NONE', *, *, #4511, .F. ) ;
#6986 = VERTEX_POINT ( 'NONE', #373 ) ;
#6987 = ORIENTED_EDGE ( 'NONE', *, *, #1737, .T. ) ;
#6988 = CARTESIAN_POINT ( 'NONE',  ( 0.4957861071419634724, 0.09645669291338543339, -0.2261811023622068428 ) ) ;
#6989 = VERTEX_POINT ( 'NONE', #10836 ) ;
#6990 = VECTOR ( 'NONE', #3025, 39.37007874015748143 ) ;
#6991 = CARTESIAN_POINT ( 'NONE',  ( 0.4957861071419632504, 0.08464566929133819639, -0.1604330708661437788 ) ) ;
#6992 = EDGE_CURVE ( 'NONE', #8537, #2726, #8299, .T. ) ;
#6993 = UNCERTAINTY_MEASURE_WITH_UNIT (LENGTH_MEASURE( 1.000000000000000082E-05 ), #9544, 'distance_accuracy_value', 'NONE');
#6994 = DIRECTION ( 'NONE',  ( 1.644517855225997348E-15, -1.000000000000000000, 2.989717349169496850E-30 ) ) ;
#6995 = DIRECTION ( 'NONE',  ( 1.000000000000000000, 1.644517855225996559E-15, 1.817990202823693835E-15 ) ) ;
#6996 = PRESENTATION_STYLE_ASSIGNMENT (( #4277 ) ) ;
#6997 = CYLINDRICAL_SURFACE ( 'NONE', #879, 0.01299212598425198914 ) ;
#6998 = PLANE ( 'NONE',  #11381 ) ;
#6999 = EDGE_LOOP ( 'NONE', ( #2318, #3353, #3706, #6497 ) ) ;
#7000 = AXIS2_PLACEMENT_3D ( 'NONE', #6007, #2369, #3239 ) ;
#7001 = DIRECTION ( 'NONE',  ( -1.000000000000000000, -1.644517855225996559E-15, -1.817990202823693835E-15 ) ) ;
#7002 = CARTESIAN_POINT ( 'NONE',  ( 0.3186023622047190473, 0.1476377952755898726, -0.1564960629921283153 ) ) ;
#7003 = PLANE ( 'NONE',  #1625 ) ;
#7004 = DIRECTION ( 'NONE',  ( 1.817990202823693835E-15, 0.0000000000000000000, -1.000000000000000000 ) ) ;
#7005 =( LENGTH_UNIT ( ) NAMED_UNIT ( * ) SI_UNIT ( $, .METRE. ) );
#7006 = VECTOR ( 'NONE', #548, 39.37007874015748143 ) ;
#7007 = UNCERTAINTY_MEASURE_WITH_UNIT (LENGTH_MEASURE( 1.000000000000000082E-05 ), #2497, 'distance_accuracy_value', 'NONE');
#7008 = CARTESIAN_POINT ( 'NONE',  ( 0.2421027395222938305, 0.05905511811023542168, -0.1261811023622072814 ) ) ;
#7009 = DIRECTION ( 'NONE',  ( -0.9317773919853026277, 0.3630301527215991642, -1.445602896647337733E-15 ) ) ;
#7010 = FILL_AREA_STYLE_COLOUR ( '', #5936 ) ;
#7011 = CARTESIAN_POINT ( 'NONE',  ( 0.2175196850393650849, 0.06614173228346371947, -0.2261811023622072869 ) ) ;
#7012 = ORIENTED_EDGE ( 'NONE', *, *, #6684, .T. ) ;
#7013 = DIRECTION ( 'NONE',  ( -1.817990202823693835E-15, 0.0000000000000000000, 1.000000000000000000 ) ) ;
#7014 = ORIENTED_EDGE ( 'NONE', *, *, #7475, .F. ) ;
#7015 =( GEOMETRIC_REPRESENTATION_CONTEXT ( 3 ) GLOBAL_UNCERTAINTY_ASSIGNED_CONTEXT ( ( #10382 ) ) GLOBAL_UNIT_ASSIGNED_CONTEXT ( ( #30, #10648, #6216 ) ) REPRESENTATION_CONTEXT ( 'NONE', 'WORKASPACE' ) );
#7016 = CARTESIAN_POINT ( 'NONE',  ( 0.4957861071419626398, 0.08937007874015708009, -0.01043307086614376697 ) ) ;
#7017 = ORIENTED_EDGE ( 'NONE', *, *, #7807, .F. ) ;
#7018 = DIRECTION ( 'NONE',  ( -0.3630301527215995527, -0.9317773919853026277, -6.599852609774574981E-16 ) ) ;
#7019 =( NAMED_UNIT ( * ) SI_UNIT ( $, .STERADIAN. ) SOLID_ANGLE_UNIT ( ) );
#7020 = LINE ( 'NONE', #83, #7389 ) ;
#7021 = PRESENTATION_LAYER_ASSIGNMENT (  '', '', ( #10569 ) ) ;
#7022 =( CONVERSION_BASED_UNIT ( 'INCH', #8887 ) LENGTH_UNIT ( ) NAMED_UNIT ( #2385 ) );
#7023 = SURFACE_SIDE_STYLE ('',( #2581 ) ) ;
#7024 = ORIENTED_EDGE ( 'NONE', *, *, #8581, .T. ) ;
#7025 = DIRECTION ( 'NONE',  ( 1.000000000000000000, 1.644517855225996559E-15, 1.817990202823693835E-15 ) ) ;
#7026 = ORIENTED_EDGE ( 'NONE', *, *, #6979, .T. ) ;
#7027 = EDGE_CURVE ( 'NONE', #5804, #712, #5535, .T. ) ;
#7028 = CIRCLE ( 'NONE', #2044, 0.004724409448818895838 ) ;
#7029 = DIRECTION ( 'NONE',  ( 1.817990202823693835E-15, 0.0000000000000000000, -1.000000000000000000 ) ) ;
#7030 = ORIENTED_EDGE ( 'NONE', *, *, #5007, .F. ) ;
#7031 = ADVANCED_FACE ( 'NONE', ( #3866 ), #7659, .T. ) ;
#7032 = EDGE_CURVE ( 'NONE', #1483, #277, #10465, .T. ) ;
#7033 = LENGTH_MEASURE_WITH_UNIT ( LENGTH_MEASURE( 0.02539999999999999897 ), #8546 );
#7034 =( CONVERSION_BASED_UNIT ( 'INCH', #11472 ) LENGTH_UNIT ( ) NAMED_UNIT ( #178 ) );
#7035 = SURFACE_SIDE_STYLE ('',( #11473 ) ) ;
#7036 = STYLED_ITEM ( 'NONE', ( #5575 ), #6263 ) ;
#7037 = DIRECTION ( 'NONE',  ( 1.817990202823693835E-15, 0.0000000000000000000, -1.000000000000000000 ) ) ;
#7038 = ORIENTED_EDGE ( 'NONE', *, *, #10254, .T. ) ;
#7039 = ORIENTED_EDGE ( 'NONE', *, *, #529, .F. ) ;
#7040 = VERTEX_POINT ( 'NONE', #6034 ) ;
#7041 = EDGE_CURVE ( 'NONE', #4815, #4128, #1647, .T. ) ;
#7042 = FACE_OUTER_BOUND ( 'NONE', #9994, .T. ) ;
#7043 = ORIENTED_EDGE ( 'NONE', *, *, #4918, .T. ) ;
#7044 = DIRECTION ( 'NONE',  ( -1.644517855225997348E-15, 1.000000000000000000, -2.989717349169496850E-30 ) ) ;
#7045 = EDGE_CURVE ( 'NONE', #9293, #8309, #5920, .T. ) ;
#7046 = VECTOR ( 'NONE', #6270, 39.37007874015748143 ) ;
#7047 = SURFACE_STYLE_USAGE ( .BOTH. , #9724 ) ;
#7048 = FILL_AREA_STYLE_COLOUR ( '', #774 ) ;
#7049 =( CONVERSION_BASED_UNIT ( 'INCH', #10796 ) LENGTH_UNIT ( ) NAMED_UNIT ( #6825 ) );
#7050 = FILL_AREA_STYLE ('',( #10619 ) ) ;
#7051 = ORIENTED_EDGE ( 'NONE', *, *, #7552, .F. ) ;
#7052 = VECTOR ( 'NONE', #2136, 39.37007874015748143 ) ;
#7053 =( LENGTH_UNIT ( ) NAMED_UNIT ( * ) SI_UNIT ( $, .METRE. ) );
#7054 = VECTOR ( 'NONE', #10412, 39.37007874015748143 ) ;
#7055 = EDGE_CURVE ( 'NONE', #2161, #713, #4303, .T. ) ;
#7056 = CARTESIAN_POINT ( 'NONE',  ( 0.4432086614173169070, 0.1476377952755900669, -0.03759842519685248352 ) ) ;
#7057 = FACE_OUTER_BOUND ( 'NONE', #6000, .T. ) ;
#7058 = COLOUR_RGB ( '',0.7607843137254901578, 0.7607843137254901578, 0.0000000000000000000 ) ;
#7059 = DIRECTION ( 'NONE',  ( 1.817990202823693835E-15, 0.0000000000000000000, -1.000000000000000000 ) ) ;
#7060 = VECTOR ( 'NONE', #6197, 39.37007874015748143 ) ;
#7061 = STYLED_ITEM ( 'NONE', ( #9134 ), #10788 ) ;
#7062 = LINE ( 'NONE', #10635, #2909 ) ;
#7063 = DIRECTION ( 'NONE',  ( 1.817990202823693835E-15, 0.0000000000000000000, -1.000000000000000000 ) ) ;
#7064 = VERTEX_POINT ( 'NONE', #3152 ) ;
#7065 = DIRECTION ( 'NONE',  ( 0.3630301527215994972, 0.9317773919853026277, 6.599852609774574981E-16 ) ) ;
#7066 = CARTESIAN_POINT ( 'NONE',  ( 0.5442913385826713135, 0.05905511811023591434, -0.01043307086614362993 ) ) ;
#7067 = VERTEX_POINT ( 'NONE', #6683 ) ;
#7068 = LINE ( 'NONE', #4474, #10679 ) ;
#7069 = ORIENTED_EDGE ( 'NONE', *, *, #11041, .T. ) ;
#7070 = PRESENTATION_LAYER_ASSIGNMENT (  '', '', ( #5038 ) ) ;
#7071 =( LENGTH_UNIT ( ) NAMED_UNIT ( * ) SI_UNIT ( $, .METRE. ) );
#7072 = CARTESIAN_POINT ( 'NONE',  ( 0.4957861071419628618, 0.08937007874015708009, -0.07618110236220680676 ) ) ;
#7073 = DIRECTION ( 'NONE',  ( 1.000000000000000000, 1.644517855225996559E-15, 1.817990202823693835E-15 ) ) ;
#7074 = FILL_AREA_STYLE ('',( #7828 ) ) ;
#7075 = VECTOR ( 'NONE', #8117, 39.37007874015747433 ) ;
#7076 =( CONVERSION_BASED_UNIT ( 'INCH', #5981 ) LENGTH_UNIT ( ) NAMED_UNIT ( #4598 ) );
#7077 = VERTEX_POINT ( 'NONE', #10227 ) ;
#7078 = CARTESIAN_POINT ( 'NONE',  ( 0.2836614173228287905, 0.06299212598425124598, 0.02657480314960392054 ) ) ;
#7079 = ORIENTED_EDGE ( 'NONE', *, *, #3815, .F. ) ;
#7080 = CARTESIAN_POINT ( 'NONE',  ( 0.4058070866141674782, 0.1279527559055112784, -0.05393700787401791569 ) ) ;
#7081 = ORIENTED_EDGE ( 'NONE', *, *, #2174, .T. ) ;
#7082 =( GEOMETRIC_REPRESENTATION_CONTEXT ( 3 ) GLOBAL_UNCERTAINTY_ASSIGNED_CONTEXT ( ( #9898 ) ) GLOBAL_UNIT_ASSIGNED_CONTEXT ( ( #10929, #7526, #9051 ) ) REPRESENTATION_CONTEXT ( 'NONE', 'WORKASPACE' ) );
#7083 = LINE ( 'NONE', #10662, #9454 ) ;
#7084 = DIRECTION ( 'NONE',  ( -1.000000000000000000, -1.644517855225996559E-15, -1.817990202823693835E-15 ) ) ;
#7085 = ADVANCED_FACE ( 'NONE', ( #6852 ), #584, .F. ) ;
#7086 =( NAMED_UNIT ( * ) PLANE_ANGLE_UNIT ( ) SI_UNIT ( $, .RADIAN. ) );
#7087 = AXIS2_PLACEMENT_3D ( 'NONE', #5256, #6308, #9669 ) ;
#7088 = ORIENTED_EDGE ( 'NONE', *, *, #378, .F. ) ;
#7089 = EDGE_CURVE ( 'NONE', #10256, #4125, #11338, .T. ) ;
#7090 = ORIENTED_EDGE ( 'NONE', *, *, #9670, .T. ) ;
#7091 = EDGE_CURVE ( 'NONE', #7229, #8086, #3319, .T. ) ;
#7092 = VERTEX_POINT ( 'NONE', #11335 ) ;
#7093 = DIRECTION ( 'NONE',  ( 1.364855394706498281E-15, 0.2425356250363099597, -0.9701425001453376495 ) ) ;
#7094 = ORIENTED_EDGE ( 'NONE', *, *, #1597, .T. ) ;
#7095 = VECTOR ( 'NONE', #2758, 39.37007874015748143 ) ;
#7096 = VECTOR ( 'NONE', #10249, 39.37007874015748143 ) ;
#7097 = DIRECTION ( 'NONE',  ( -0.5643446851342082127, 0.8255392639728115212, 0.0000000000000000000 ) ) ;
#7098 = UNCERTAINTY_MEASURE_WITH_UNIT (LENGTH_MEASURE( 1.000000000000000082E-05 ), #4792, 'distance_accuracy_value', 'NONE');
#7099 = ORIENTED_EDGE ( 'NONE', *, *, #2221, .T. ) ;
#7100 =( CONVERSION_BASED_UNIT ( 'INCH', #8 ) LENGTH_UNIT ( ) NAMED_UNIT ( #4521 ) );
#7101 = LINE ( 'NONE', #2725, #11016 ) ;
#7102 = EDGE_CURVE ( 'NONE', #1389, #10549, #3376, .T. ) ;
#7103 = ORIENTED_EDGE ( 'NONE', *, *, #6636, .F. ) ;
#7104 = ADVANCED_FACE ( 'NONE', ( #1930 ), #4477, .T. ) ;
#7105 = DIRECTION ( 'NONE',  ( 0.5643446851342109882, -0.8255392639728097448, 9.856383386231853650E-16 ) ) ;
#7106 = VECTOR ( 'NONE', #9901, 39.37007874015748143 ) ;
#7107 = CARTESIAN_POINT ( 'NONE',  ( 0.4432086614173172401, 0.1476377952755900669, -0.09901574803149817972 ) ) ;
#7108 = CARTESIAN_POINT ( 'NONE',  ( 0.5142056617061291357, 0.06990336523983428640, -0.2761811023622067762 ) ) ;
#7109 = AXIS2_PLACEMENT_3D ( 'NONE', #7402, #5826, #4972 ) ;
#7110 = LINE ( 'NONE', #6373, #4966 ) ;
#7111 = UNCERTAINTY_MEASURE_WITH_UNIT (LENGTH_MEASURE( 1.000000000000000082E-05 ), #9212, 'distance_accuracy_value', 'NONE');
#7112 = LINE ( 'NONE', #2621, #8170 ) ;
#7113 = MECHANICAL_DESIGN_GEOMETRIC_PRESENTATION_REPRESENTATION (  '', ( #5269 ), #9915 ) ;
#7114 = DIRECTION ( 'NONE',  ( 1.154489273450655176E-15, -0.9701425001453140018, 0.2425356250364040234 ) ) ;
#7115 = ADVANCED_FACE ( 'NONE', ( #1051 ), #9755, .T. ) ;
#7116 = VERTEX_POINT ( 'NONE', #5340 ) ;
#7117 = EDGE_CURVE ( 'NONE', #1368, #10582, #2633, .T. ) ;
#7118 = LINE ( 'NONE', #1101, #2131 ) ;
#7119 = AXIS2_PLACEMENT_3D ( 'NONE', #7307, #259, #9993 ) ;
#7120 = DIRECTION ( 'NONE',  ( -1.000000000000000000, -1.644517855225996559E-15, -1.817990202823693835E-15 ) ) ;
#7121 = VERTEX_POINT ( 'NONE', #8761 ) ;
#7122 = SURFACE_STYLE_FILL_AREA ( #5337 ) ;
#7123 =( GEOMETRIC_REPRESENTATION_CONTEXT ( 3 ) GLOBAL_UNCERTAINTY_ASSIGNED_CONTEXT ( ( #1481 ) ) GLOBAL_UNIT_ASSIGNED_CONTEXT ( ( #5003, #3104, #2285 ) ) REPRESENTATION_CONTEXT ( 'NONE', 'WORKASPACE' ) );
#7124 = ORIENTED_EDGE ( 'NONE', *, *, #5788, .F. ) ;
#7125 =( LENGTH_UNIT ( ) NAMED_UNIT ( * ) SI_UNIT ( $, .METRE. ) );
#7126 = LINE ( 'NONE', #7072, #154 ) ;
#7127 = DIRECTION ( 'NONE',  ( -1.000000000000000000, -1.644517855225996559E-15, -1.817990202823693835E-15 ) ) ;
#7128 = CARTESIAN_POINT ( 'NONE',  ( 0.2627952755905461069, 0.09645669291338505869, -0.2379921259842544823 ) ) ;
#7129 = DIRECTION ( 'NONE',  ( -1.000000000000000000, -1.644517855225996559E-15, -1.817990202823693835E-15 ) ) ;
#7130 = AXIS2_PLACEMENT_3D ( 'NONE', #1974, #7165, #3587 ) ;
#7131 = VECTOR ( 'NONE', #9041, 39.37007874015748143 ) ;
#7132 = CARTESIAN_POINT ( 'NONE',  ( 0.4872047244094435126, 0.08937007874015708009, -0.1604330708661437788 ) ) ;
#7133 = ORIENTED_EDGE ( 'NONE', *, *, #3360, .F. ) ;
#7134 = DIRECTION ( 'NONE',  ( 1.000000000000000000, 1.644517855225996559E-15, 1.817990202823693835E-15 ) ) ;
#7135 = VERTEX_POINT ( 'NONE', #815 ) ;
#7136 = CARTESIAN_POINT ( 'NONE',  ( 0.4058070866141672561, 0.1448818897637632330, -0.005314960629923433377 ) ) ;
#7137 = ORIENTED_EDGE ( 'NONE', *, *, #3672, .F. ) ;
#7138 = CARTESIAN_POINT ( 'NONE',  ( 0.4073818897637740410, 0.1240157480314798000, -0.1312992125984274172 ) ) ;
#7139 = LENGTH_MEASURE_WITH_UNIT ( LENGTH_MEASURE( 0.02539999999999999897 ), #5232 );
#7140 = DIRECTION ( 'NONE',  ( -2.036344053754329794E-15, 0.9701425001453376495, 0.2425356250363099597 ) ) ;
#7141 =( NAMED_UNIT ( * ) PLANE_ANGLE_UNIT ( ) SI_UNIT ( $, .RADIAN. ) );
#7142 = COLOUR_RGB ( '',0.7607843137254901578, 0.7607843137254901578, 0.0000000000000000000 ) ;
#7143 = PLANE ( 'NONE',  #6939 ) ;
#7144 =( LENGTH_UNIT ( ) NAMED_UNIT ( * ) SI_UNIT ( $, .METRE. ) );
#7145 = CARTESIAN_POINT ( 'NONE',  ( 0.2812691996270419992, 0.09291338582677093061, -0.1604330708661441118 ) ) ;
#7146 = DIRECTION ( 'NONE',  ( -1.817990202823693835E-15, 0.0000000000000000000, 1.000000000000000000 ) ) ;
#7147 = ORIENTED_EDGE ( 'NONE', *, *, #8658, .F. ) ;
#7148 = CIRCLE ( 'NONE', #7534, 0.01299212598425198914 ) ;
#7149 = EDGE_LOOP ( 'NONE', ( #10423, #8385, #1228, #8447 ) ) ;
#7150 = VERTEX_POINT ( 'NONE', #80 ) ;
#7151 = CARTESIAN_POINT ( 'NONE',  ( 0.4432086614173172956, 0.1476377952755900669, -0.1375984251968525029 ) ) ;
#7152 = ORIENTED_EDGE ( 'NONE', *, *, #5123, .T. ) ;
#7153 = VECTOR ( 'NONE', #851, 39.37007874015748854 ) ;
#7154 = VECTOR ( 'NONE', #9659, 39.37007874015748143 ) ;
#7155 = SURFACE_STYLE_USAGE ( .BOTH. , #7268 ) ;
#7156 = DIRECTION ( 'NONE',  ( 1.817990202823693835E-15, 0.0000000000000000000, -1.000000000000000000 ) ) ;
#7157 = VECTOR ( 'NONE', #2288, 39.37007874015748143 ) ;
#7158 = VERTEX_POINT ( 'NONE', #4537 ) ;
#7159 = DIRECTION ( 'NONE',  ( 1.817990202823693835E-15, 0.0000000000000000000, -1.000000000000000000 ) ) ;
#7160 =( CONVERSION_BASED_UNIT ( 'INCH', #1853 ) LENGTH_UNIT ( ) NAMED_UNIT ( #8351 ) );
#7161 =( NAMED_UNIT ( * ) PLANE_ANGLE_UNIT ( ) SI_UNIT ( $, .RADIAN. ) );
#7162 = LINE ( 'NONE', #8032, #8573 ) ;
#7163 = VECTOR ( 'NONE', #5301, 39.37007874015748143 ) ;
#7164 = EDGE_LOOP ( 'NONE', ( #3730, #4546, #986, #2293 ) ) ;
#7165 = DIRECTION ( 'NONE',  ( 1.644517855225996559E-15, -1.000000000000000000, 2.970554346222871178E-30 ) ) ;
#7166 = DIRECTION ( 'NONE',  ( 1.000000000000000000, 1.644517855225996559E-15, 1.817990202823693835E-15 ) ) ;
#7167 = DIMENSIONAL_EXPONENTS ( 1.000000000000000000, 0.0000000000000000000, 0.0000000000000000000, 0.0000000000000000000, 0.0000000000000000000, 0.0000000000000000000, 0.0000000000000000000 ) ;
#7168 = COLOUR_RGB ( '',0.7607843137254901578, 0.7607843137254901578, 0.0000000000000000000 ) ;
#7169 = SURFACE_SIDE_STYLE ('',( #8214 ) ) ;
#7170 = ADVANCED_FACE ( 'NONE', ( #1822 ), #10758, .T. ) ;
#7171 = EDGE_CURVE ( 'NONE', #2156, #1669, #2917, .T. ) ;
#7172 = DIRECTION ( 'NONE',  ( -0.8789799039125308910, -0.4626210020592183003, -0.1156552505148055743 ) ) ;
#7173 =( NAMED_UNIT ( * ) PLANE_ANGLE_UNIT ( ) SI_UNIT ( $, .RADIAN. ) );
#7174 = CARTESIAN_POINT ( 'NONE',  ( 0.5142056617061280255, 0.06990336523983428640, -0.02618110236220673112 ) ) ;
#7175 = EDGE_LOOP ( 'NONE', ( #9524, #1135, #9937, #7733, #6255, #4892, #10419, #9889 ) ) ;
#7176 = CARTESIAN_POINT ( 'NONE',  ( 0.2175196850393646686, 0.06614173228346371947, -0.1261811023622072814 ) ) ;
#7177 =( NAMED_UNIT ( * ) SI_UNIT ( $, .STERADIAN. ) SOLID_ANGLE_UNIT ( ) );
#7178 = ORIENTED_EDGE ( 'NONE', *, *, #9482, .F. ) ;
#7179 = DIRECTION ( 'NONE',  ( 1.000000000000000000, 1.644517855225996559E-15, 1.817990202823693835E-15 ) ) ;
#7180 = VERTEX_POINT ( 'NONE', #407 ) ;
#7181 = ADVANCED_FACE ( 'NONE', ( #8226 ), #5734, .T. ) ;
#7182 =( GEOMETRIC_REPRESENTATION_CONTEXT ( 3 ) GLOBAL_UNCERTAINTY_ASSIGNED_CONTEXT ( ( #10735 ) ) GLOBAL_UNIT_ASSIGNED_CONTEXT ( ( #10660, #1719, #5411 ) ) REPRESENTATION_CONTEXT ( 'NONE', 'WORKASPACE' ) );
#7183 = DIMENSIONAL_EXPONENTS ( 1.000000000000000000, 0.0000000000000000000, 0.0000000000000000000, 0.0000000000000000000, 0.0000000000000000000, 0.0000000000000000000, 0.0000000000000000000 ) ;
#7184 = EDGE_CURVE ( 'NONE', #652, #2641, #6499, .T. ) ;
#7185 = LINE ( 'NONE', #3493, #5753 ) ;
#7186 = CARTESIAN_POINT ( 'NONE',  ( 0.4432086614173169070, 0.1535433070866137062, -0.03759842519685248352 ) ) ;
#7187 = SURFACE_STYLE_FILL_AREA ( #8946 ) ;
#7188 = ORIENTED_EDGE ( 'NONE', *, *, #7624, .T. ) ;
#7189 = STYLED_ITEM ( 'NONE', ( #1933 ), #5558 ) ;
#7190 = DIRECTION ( 'NONE',  ( -1.000000000000000000, -1.644517855225996559E-15, -1.817990202823693835E-15 ) ) ;
#7191 = ORIENTED_EDGE ( 'NONE', *, *, #8668, .T. ) ;
#7192 = ORIENTED_EDGE ( 'NONE', *, *, #5127, .T. ) ;
#7193 = EDGE_CURVE ( 'NONE', #6190, #7158, #9019, .T. ) ;
#7194 = CARTESIAN_POINT ( 'NONE',  ( 0.4058070866141679223, 0.1240157480314955235, -0.1812992125984274061 ) ) ;
#7195 = VERTEX_POINT ( 'NONE', #10875 ) ;
#7196 = STYLED_ITEM ( 'NONE', ( #2920 ), #5618 ) ;
#7197 =( CONVERSION_BASED_UNIT ( 'INCH', #3507 ) LENGTH_UNIT ( ) NAMED_UNIT ( #6742 ) );
#7198 = CARTESIAN_POINT ( 'NONE',  ( 0.4957861071419636390, 0.09645669291338543339, -0.2604330708661438121 ) ) ;
#7199 = LINE ( 'NONE', #9777, #1424 ) ;
#7200 =( NAMED_UNIT ( * ) PLANE_ANGLE_UNIT ( ) SI_UNIT ( $, .RADIAN. ) );
#7201 = CARTESIAN_POINT ( 'NONE',  ( 0.2175196850393648351, 0.05905511811023538005, -0.1604330708661442506 ) ) ;
#7202 = ORIENTED_EDGE ( 'NONE', *, *, #9104, .T. ) ;
#7203 = COLOUR_RGB ( '',0.7607843137254901578, 0.7607843137254901578, 0.0000000000000000000 ) ;
#7204 = ORIENTED_EDGE ( 'NONE', *, *, #5143, .F. ) ;
#7205 = CARTESIAN_POINT ( 'NONE',  ( 0.3809055118110180604, 0.1240157480314954819, -0.1049212598425219578 ) ) ;
#7206 = ORIENTED_EDGE ( 'NONE', *, *, #271, .F. ) ;
#7207 = UNCERTAINTY_MEASURE_WITH_UNIT (LENGTH_MEASURE( 1.000000000000000082E-05 ), #1242, 'distance_accuracy_value', 'NONE');
#7208 = ORIENTED_EDGE ( 'NONE', *, *, #2903, .F. ) ;
#7209 = FILL_AREA_STYLE ('',( #10179 ) ) ;
#7210 = LINE ( 'NONE', #5490, #6192 ) ;
#7211 = CARTESIAN_POINT ( 'NONE',  ( 0.4058070866141681998, 0.1279527559055124442, -0.2312992125984274228 ) ) ;
#7212 = SURFACE_STYLE_FILL_AREA ( #9728 ) ;
#7213 = DIRECTION ( 'NONE',  ( 1.817990202823693835E-15, 0.0000000000000000000, -1.000000000000000000 ) ) ;
#7214 = EDGE_LOOP ( 'NONE', ( #5339, #4604, #3219, #5386 ) ) ;
#7215 =( LENGTH_UNIT ( ) NAMED_UNIT ( * ) SI_UNIT ( $, .METRE. ) );
#7216 = CARTESIAN_POINT ( 'NONE',  ( 0.3560039370078686982, 0.1240157480314954541, -0.1816929133858290468 ) ) ;
#7217 = CARTESIAN_POINT ( 'NONE',  ( 0.4432086614173172956, 0.1476377952755900669, -0.1375984251968525029 ) ) ;
#7218 = UNCERTAINTY_MEASURE_WITH_UNIT (LENGTH_MEASURE( 1.000000000000000082E-05 ), #2685, 'distance_accuracy_value', 'NONE');
#7219 = DIRECTION ( 'NONE',  ( 1.817990202823693835E-15, 0.0000000000000000000, -1.000000000000000000 ) ) ;
#7220 = FACE_OUTER_BOUND ( 'NONE', #9428, .T. ) ;
#7221 = SURFACE_SIDE_STYLE ('',( #3662 ) ) ;
#7222 =( CONVERSION_BASED_UNIT ( 'INCH', #1922 ) LENGTH_UNIT ( ) NAMED_UNIT ( #746 ) );
#7223 = PRESENTATION_LAYER_ASSIGNMENT (  '', '', ( #5749 ) ) ;
#7224 = CARTESIAN_POINT ( 'NONE',  ( 0.5197082840997432340, 0.07204724409448784450, -0.2604330708661437566 ) ) ;
#7225 =( GEOMETRIC_REPRESENTATION_CONTEXT ( 3 ) GLOBAL_UNCERTAINTY_ASSIGNED_CONTEXT ( ( #617 ) ) GLOBAL_UNIT_ASSIGNED_CONTEXT ( ( #9930, #10586, #7019 ) ) REPRESENTATION_CONTEXT ( 'NONE', 'WORKASPACE' ) );
#7226 = ADVANCED_FACE ( 'NONE', ( #9983 ), #1276, .F. ) ;
#7227 = CARTESIAN_POINT ( 'NONE',  ( 0.3821850393700729764, 0.1448818897637632053, -0.08129921259842748382 ) ) ;
#7228 = SURFACE_STYLE_FILL_AREA ( #4531 ) ;
#7229 = VERTEX_POINT ( 'NONE', #3520 ) ;
#7230 = ADVANCED_FACE ( 'NONE', ( #6788 ), #4866, .F. ) ;
#7231 = CARTESIAN_POINT ( 'NONE',  ( 0.3821850393700727544, 0.1448818897637632053, -0.005314960629923502766 ) ) ;
#7232 = AXIS2_PLACEMENT_3D ( 'NONE', #10583, #6327, #3430 ) ;
#7233 = AXIS2_PLACEMENT_3D ( 'NONE', #4930, #1639, #5161 ) ;
#7234 = CARTESIAN_POINT ( 'NONE',  ( 0.2443811050961599562, 0.06162777273582203952, -0.1379921259842544767 ) ) ;
#7235 = DIMENSIONAL_EXPONENTS ( 1.000000000000000000, 0.0000000000000000000, 0.0000000000000000000, 0.0000000000000000000, 0.0000000000000000000, 0.0000000000000000000, 0.0000000000000000000 ) ;
#7236 = CARTESIAN_POINT ( 'NONE',  ( 0.2836614173228287905, 0.06299212598425124598, -0.3131889763779561742 ) ) ;
#7237 = DIRECTION ( 'NONE',  ( -1.817990202823693835E-15, 0.0000000000000000000, 1.000000000000000000 ) ) ;
#7238 = SURFACE_STYLE_USAGE ( .BOTH. , #9987 ) ;
#7239 = LENGTH_MEASURE_WITH_UNIT ( LENGTH_MEASURE( 0.02539999999999999897 ), #254 );
#7240 = ORIENTED_EDGE ( 'NONE', *, *, #609, .T. ) ;
#7241 = ADVANCED_FACE ( 'NONE', ( #5247 ), #4926, .T. ) ;
#7242 =( CONVERSION_BASED_UNIT ( 'INCH', #3731 ) LENGTH_UNIT ( ) NAMED_UNIT ( #9928 ) );
#7243 = CARTESIAN_POINT ( 'NONE',  ( 0.3186023622047184922, 0.1476377952755898726, -0.03759842519685268475 ) ) ;
#7244 = VERTEX_POINT ( 'NONE', #11269 ) ;
#7245 = STYLED_ITEM ( 'NONE', ( #10864 ), #8246 ) ;
#7246 = STYLED_ITEM ( 'NONE', ( #7682 ), #10612 ) ;
#7247 = EDGE_CURVE ( 'NONE', #5529, #5294, #8455, .T. ) ;
#7248 = LINE ( 'NONE', #6397, #2323 ) ;
#7249 = VERTEX_POINT ( 'NONE', #6182 ) ;
#7250 = LINE ( 'NONE', #9772, #10309 ) ;
#7251 = ORIENTED_EDGE ( 'NONE', *, *, #6189, .T. ) ;
#7252 =( NAMED_UNIT ( * ) SI_UNIT ( $, .STERADIAN. ) SOLID_ANGLE_UNIT ( ) );
#7253 = AXIS2_PLACEMENT_3D ( 'NONE', #6281, #9818, #1875 ) ;
#7254 = PLANE ( 'NONE',  #2395 ) ;
#7255 = VECTOR ( 'NONE', #8843, 39.37007874015748143 ) ;
#7256 = DIRECTION ( 'NONE',  ( 1.817990202823693835E-15, 0.0000000000000000000, -1.000000000000000000 ) ) ;
#7257 = DIRECTION ( 'NONE',  ( 1.817990202823693835E-15, 0.0000000000000000000, -1.000000000000000000 ) ) ;
#7258 = LINE ( 'NONE', #7320, #4045 ) ;
#7259 = EDGE_CURVE ( 'NONE', #8695, #6902, #10277, .T. ) ;
#7260 = DIRECTION ( 'NONE',  ( -1.817990202823693835E-15, 0.0000000000000000000, 1.000000000000000000 ) ) ;
#7261 = CARTESIAN_POINT ( 'NONE',  ( 0.4104330708661357296, 0.1358267716535427883, 0.01496062992125766176 ) ) ;
#7262 = ORIENTED_EDGE ( 'NONE', *, *, #4489, .T. ) ;
#7263 = EDGE_CURVE ( 'NONE', #5277, #348, #8509, .T. ) ;
#7264 = AXIS2_PLACEMENT_3D ( 'NONE', #2851, #1985, #7009 ) ;
#7265 = ORIENTED_EDGE ( 'NONE', *, *, #40, .F. ) ;
#7266 = LINE ( 'NONE', #4448, #149 ) ;
#7267 = ORIENTED_EDGE ( 'NONE', *, *, #5398, .T. ) ;
#7268 = SURFACE_SIDE_STYLE ('',( #4565 ) ) ;
#7269 = SURFACE_STYLE_USAGE ( .BOTH. , #10133 ) ;
#7270 = ORIENTED_EDGE ( 'NONE', *, *, #8483, .T. ) ;
#7271 =( NAMED_UNIT ( * ) PLANE_ANGLE_UNIT ( ) SI_UNIT ( $, .RADIAN. ) );
#7272 =( NAMED_UNIT ( * ) PLANE_ANGLE_UNIT ( ) SI_UNIT ( $, .RADIAN. ) );
#7273 = VECTOR ( 'NONE', #6253, 39.37007874015747433 ) ;
#7274 = CARTESIAN_POINT ( 'NONE',  ( 0.2421027395222938028, 0.05905511811023542168, -0.1104330708661442478 ) ) ;
#7275 = SURFACE_STYLE_USAGE ( .BOTH. , #174 ) ;
#7276 = PLANE ( 'NONE',  #5770 ) ;
#7277 = ORIENTED_EDGE ( 'NONE', *, *, #8371, .T. ) ;
#7278 = LENGTH_MEASURE_WITH_UNIT ( LENGTH_MEASURE( 0.02539999999999999897 ), #8925 );
#7279 = VECTOR ( 'NONE', #3160, 39.37007874015748143 ) ;
#7280 =( NAMED_UNIT ( * ) SI_UNIT ( $, .STERADIAN. ) SOLID_ANGLE_UNIT ( ) );
#7281 = LINE ( 'NONE', #8928, #4402 ) ;
#7282 = CARTESIAN_POINT ( 'NONE',  ( 0.4058070866141677557, 0.1279527559055112784, -0.1326771653543328822 ) ) ;
#7283 =( LENGTH_UNIT ( ) NAMED_UNIT ( * ) SI_UNIT ( $, .METRE. ) );
#7284 = FACE_OUTER_BOUND ( 'NONE', #6999, .T. ) ;
#7285 = VECTOR ( 'NONE', #7013, 39.37007874015748143 ) ;
#7286 = LINE ( 'NONE', #10031, #10654 ) ;
#7287 = FILL_AREA_STYLE ('',( #6316 ) ) ;
#7288 =( NAMED_UNIT ( * ) PLANE_ANGLE_UNIT ( ) SI_UNIT ( $, .RADIAN. ) );
#7289 = CARTESIAN_POINT ( 'NONE',  ( 0.3186023622047184367, 0.1476377952755898726, -0.006496062992128316498 ) ) ;
#7290 =( CONVERSION_BASED_UNIT ( 'INCH', #10933 ) LENGTH_UNIT ( ) NAMED_UNIT ( #1275 ) );
#7291 = EDGE_LOOP ( 'NONE', ( #613, #11121, #4270, #11183, #638 ) ) ;
#7292 = LINE ( 'NONE', #4760, #7503 ) ;
#7293 = COLOUR_RGB ( '',0.7607843137254901578, 0.7607843137254901578, 0.0000000000000000000 ) ;
#7294 = AXIS2_PLACEMENT_3D ( 'NONE', #9667, #8919, #4335 ) ;
#7295 = LINE ( 'NONE', #6617, #1247 ) ;
#7296 = CARTESIAN_POINT ( 'NONE',  ( 0.4872047244094437901, 0.09645669291338541951, -0.2261811023622068428 ) ) ;
#7297 = SURFACE_SIDE_STYLE ('',( #3782 ) ) ;
#7298 =( LENGTH_UNIT ( ) NAMED_UNIT ( * ) SI_UNIT ( $, .METRE. ) );
#7299 = ADVANCED_FACE ( 'NONE', ( #9723 ), #10557, .F. ) ;
#7300 = VECTOR ( 'NONE', #7025, 39.37007874015748143 ) ;
#7301 = ORIENTED_EDGE ( 'NONE', *, *, #10397, .T. ) ;
#7302 = COLOUR_RGB ( '',0.7607843137254901578, 0.7607843137254901578, 0.0000000000000000000 ) ;
#7303 =( NAMED_UNIT ( * ) PLANE_ANGLE_UNIT ( ) SI_UNIT ( $, .RADIAN. ) );
#7304 = CARTESIAN_POINT ( 'NONE',  ( 0.4957861071419630283, 0.08937007874015708009, -0.1261811023622068095 ) ) ;
#7305 = AXIS2_PLACEMENT_3D ( 'NONE', #607, #7679, #6646 ) ;
#7306 = ORIENTED_EDGE ( 'NONE', *, *, #4713, .T. ) ;
#7307 = CARTESIAN_POINT ( 'NONE',  ( 0.2660249164800739252, 0.08464566929133782169, -0.2604330708661442007 ) ) ;
#7308 = ORIENTED_EDGE ( 'NONE', *, *, #737, .T. ) ;
#7309 = ORIENTED_EDGE ( 'NONE', *, *, #6639, .T. ) ;
#7310 = AXIS2_PLACEMENT_3D ( 'NONE', #5526, #1942, #8124 ) ;
#7311 = ADVANCED_FACE ( 'NONE', ( #275 ), #5485, .F. ) ;
#7312 = STYLED_ITEM ( 'NONE', ( #5860 ), #11053 ) ;
#7313 = SURFACE_STYLE_USAGE ( .BOTH. , #3097 ) ;
#7314 = SURFACE_STYLE_FILL_AREA ( #8190 ) ;
#7315 = ADVANCED_FACE ( 'NONE', ( #3697 ), #4681, .T. ) ;
#7316 = LINE ( 'NONE', #10831, #3638 ) ;
#7317 =( NAMED_UNIT ( * ) PLANE_ANGLE_UNIT ( ) SI_UNIT ( $, .RADIAN. ) );
#7318 = EDGE_CURVE ( 'NONE', #5144, #9892, #9372, .T. ) ;
#7319 = SURFACE_STYLE_FILL_AREA ( #215 ) ;
#7320 = CARTESIAN_POINT ( 'NONE',  ( 0.4058070866141674782, 0.1448818897637632330, -0.08129921259842741443 ) ) ;
#7321 = CARTESIAN_POINT ( 'NONE',  ( 0.4806322371468050858, 0.08937007874015706621, -0.3156716072255708050 ) ) ;
#7322 = VECTOR ( 'NONE', #716, 39.37007874015748143 ) ;
#7323 = PRESENTATION_LAYER_ASSIGNMENT (  '', '', ( #10880 ) ) ;
#7324 = ORIENTED_EDGE ( 'NONE', *, *, #2036, .T. ) ;
#7325 = STYLED_ITEM ( 'NONE', ( #1915 ), #10601 ) ;
#7326 = ORIENTED_EDGE ( 'NONE', *, *, #4848, .F. ) ;
#7328 = CARTESIAN_POINT ( 'NONE',  ( 0.4058070866141684219, 0.1240157480314955235, -0.2816929133858289691 ) ) ;
#7327 = AXIS2_PLACEMENT_3D ( 'NONE', #4651, #8171, #3777 ) ;
#7329 = VERTEX_POINT ( 'NONE', #8362 ) ;
#7330 = ADVANCED_FACE ( 'NONE', ( #2236 ), #4738, .T. ) ;
#7331 =( GEOMETRIC_REPRESENTATION_CONTEXT ( 3 ) GLOBAL_UNCERTAINTY_ASSIGNED_CONTEXT ( ( #10515 ) ) GLOBAL_UNIT_ASSIGNED_CONTEXT ( ( #9883, #2707, #2817 ) ) REPRESENTATION_CONTEXT ( 'NONE', 'WORKASPACE' ) );
#7332 =( GEOMETRIC_REPRESENTATION_CONTEXT ( 3 ) GLOBAL_UNCERTAINTY_ASSIGNED_CONTEXT ( ( #8868 ) ) GLOBAL_UNIT_ASSIGNED_CONTEXT ( ( #9047, #8154, #1091 ) ) REPRESENTATION_CONTEXT ( 'NONE', 'WORKASPACE' ) );
#7333 = ADVANCED_FACE ( 'NONE', ( #8308 ), #1308, .F. ) ;
#7334 = ORIENTED_EDGE ( 'NONE', *, *, #10845, .F. ) ;
#7335 = DIRECTION ( 'NONE',  ( -1.817990202823693835E-15, 0.0000000000000000000, 1.000000000000000000 ) ) ;
#7336 = DIRECTION ( 'NONE',  ( -1.644517855225997348E-15, 1.000000000000000000, -2.970554346222872930E-30 ) ) ;
#7337 = LINE ( 'NONE', #7274, #1010 ) ;
#7338 = FILL_AREA_STYLE ('',( #10016 ) ) ;
#7339 = SURFACE_STYLE_USAGE ( .BOTH. , #8366 ) ;
#7340 = AXIS2_PLACEMENT_3D ( 'NONE', #5024, #615, #6829 ) ;
#7341 = CARTESIAN_POINT ( 'NONE',  ( 0.2746062992125923308, 0.1535433070866134286, 0.03759842519684797324 ) ) ;
#7342 = ORIENTED_EDGE ( 'NONE', *, *, #441, .F. ) ;
#7343 = DIMENSIONAL_EXPONENTS ( 1.000000000000000000, 0.0000000000000000000, 0.0000000000000000000, 0.0000000000000000000, 0.0000000000000000000, 0.0000000000000000000, 0.0000000000000000000 ) ;
#7344 = COLOUR_RGB ( '',0.7607843137254901578, 0.7607843137254901578, 0.0000000000000000000 ) ;
#7345 = PLANE ( 'NONE',  #8795 ) ;
#7346 = DIRECTION ( 'NONE',  ( -1.644517855225997348E-15, 1.000000000000000000, -2.970554346222872930E-30 ) ) ;
#7347 = FILL_AREA_STYLE ('',( #10744 ) ) ;
#7348 = EDGE_CURVE ( 'NONE', #11199, #8937, #4893, .T. ) ;
#7349 = UNCERTAINTY_MEASURE_WITH_UNIT (LENGTH_MEASURE( 1.000000000000000082E-05 ), #11266, 'distance_accuracy_value', 'NONE');
#7350 = PLANE ( 'NONE',  #9303 ) ;
#7351 =( GEOMETRIC_REPRESENTATION_CONTEXT ( 3 ) GLOBAL_UNCERTAINTY_ASSIGNED_CONTEXT ( ( #1807 ) ) GLOBAL_UNIT_ASSIGNED_CONTEXT ( ( #343, #9436, #2184 ) ) REPRESENTATION_CONTEXT ( 'NONE', 'WORKASPACE' ) );
#7352 = VECTOR ( 'NONE', #3636, 39.37007874015748143 ) ;
#7353 = SURFACE_SIDE_STYLE ('',( #9977 ) ) ;
#7354 =( NAMED_UNIT ( * ) PLANE_ANGLE_UNIT ( ) SI_UNIT ( $, .RADIAN. ) );
#7355 = SURFACE_STYLE_USAGE ( .BOTH. , #4858 ) ;
#7356 = DIRECTION ( 'NONE',  ( -1.000000000000000000, -1.644517855225996559E-15, -1.817990202823693835E-15 ) ) ;
#7357 = CIRCLE ( 'NONE', #9974, 0.005905511811023611557 ) ;
#7358 = CARTESIAN_POINT ( 'NONE',  ( 0.3821850393700735871, 0.1448818897637632053, -0.2312992125984274783 ) ) ;
#7359 =( LENGTH_UNIT ( ) NAMED_UNIT ( * ) SI_UNIT ( $, .METRE. ) );
#7360 = ORIENTED_EDGE ( 'NONE', *, *, #2093, .T. ) ;
#7361 = SURFACE_SIDE_STYLE ('',( #246 ) ) ;
#7362 = VECTOR ( 'NONE', #9133, 39.37007874015748143 ) ;
#7363 = SURFACE_STYLE_FILL_AREA ( #3843 ) ;
#7364 = DIRECTION ( 'NONE',  ( 1.817990202823674902E-15, 1.151110900502999839E-14, -1.000000000000000000 ) ) ;
#7365 = STYLED_ITEM ( 'NONE', ( #4639 ), #4801 ) ;
#7366 = UNCERTAINTY_MEASURE_WITH_UNIT (LENGTH_MEASURE( 1.000000000000000082E-05 ), #3917, 'distance_accuracy_value', 'NONE');
#7367 = LENGTH_MEASURE_WITH_UNIT ( LENGTH_MEASURE( 0.02539999999999999897 ), #9062 );
#7368 = CARTESIAN_POINT ( 'NONE',  ( 0.4432086614173169070, 0.1476377952755900669, -0.03759842519685248352 ) ) ;
#7369 = DIRECTION ( 'NONE',  ( -1.000000000000000000, -1.644517855225996559E-15, -1.817990202823693835E-15 ) ) ;
#7370 = DIRECTION ( 'NONE',  ( 1.817990202823693835E-15, 0.0000000000000000000, -1.000000000000000000 ) ) ;
#7371 = ORIENTED_EDGE ( 'NONE', *, *, #5987, .F. ) ;
#7372 = DIRECTION ( 'NONE',  ( 0.0000000000000000000, -1.000000000000000000, 0.0000000000000000000 ) ) ;
#7373 =( NAMED_UNIT ( * ) SI_UNIT ( $, .STERADIAN. ) SOLID_ANGLE_UNIT ( ) );
#7374 = ORIENTED_EDGE ( 'NONE', *, *, #4234, .T. ) ;
#7375 = AXIS2_PLACEMENT_3D ( 'NONE', #9541, #3333, #5761 ) ;
#7376 =( NAMED_UNIT ( * ) PLANE_ANGLE_UNIT ( ) SI_UNIT ( $, .RADIAN. ) );
#7377 = ORIENTED_EDGE ( 'NONE', *, *, #5744, .F. ) ;
#7378 = VERTEX_POINT ( 'NONE', #3284 ) ;
#7379 = DIRECTION ( 'NONE',  ( -1.644517855225997348E-15, 1.000000000000000000, -2.970554346222872930E-30 ) ) ;
#7380 = PRESENTATION_LAYER_ASSIGNMENT (  '', '', ( #6081 ) ) ;
#7381 = SURFACE_SIDE_STYLE ('',( #3912 ) ) ;
#7382 =( NAMED_UNIT ( * ) SI_UNIT ( $, .STERADIAN. ) SOLID_ANGLE_UNIT ( ) );
#7383 =( LENGTH_UNIT ( ) NAMED_UNIT ( * ) SI_UNIT ( $, .METRE. ) );
#7384 = SURFACE_SIDE_STYLE ('',( #2113 ) ) ;
#7385 = ORIENTED_EDGE ( 'NONE', *, *, #1013, .F. ) ;
#7386 = ADVANCED_FACE ( 'NONE', ( #6051 ), #8659, .F. ) ;
#7387 = ORIENTED_EDGE ( 'NONE', *, *, #9191, .F. ) ;
#7388 = EDGE_CURVE ( 'NONE', #6469, #4569, #8717, .T. ) ;
#7389 = VECTOR ( 'NONE', #8828, 39.37007874015748143 ) ;
#7390 = DIRECTION ( 'NONE',  ( -0.3630301527215995527, -0.9317773919853026277, -6.599852609774574981E-16 ) ) ;
#7391 = ORIENTED_EDGE ( 'NONE', *, *, #2668, .T. ) ;
#7392 = ADVANCED_FACE ( 'NONE', ( #7779 ), #10482, .F. ) ;
#7393 = FILL_AREA_STYLE_COLOUR ( '', #11245 ) ;
#7394 =( LENGTH_UNIT ( ) NAMED_UNIT ( * ) SI_UNIT ( $, .METRE. ) );
#7395 = SURFACE_SIDE_STYLE ('',( #4897 ) ) ;
#7396 = CARTESIAN_POINT ( 'NONE',  ( 0.4957861071419628618, 0.08937007874015708009, -0.07618110236220680676 ) ) ;
#7397 = DIRECTION ( 'NONE',  ( -0.5643446851342061032, -0.8255392639728129645, 0.0000000000000000000 ) ) ;
#7398 = SURFACE_STYLE_USAGE ( .BOTH. , #9204 ) ;
#7399 = LINE ( 'NONE', #5713, #2145 ) ;
#7400 = ORIENTED_EDGE ( 'NONE', *, *, #9417, .T. ) ;
#7401 = EDGE_CURVE ( 'NONE', #3267, #8086, #11172, .T. ) ;
#7402 = CARTESIAN_POINT ( 'NONE',  ( 0.5197082840997426789, 0.07204724409448784450, -0.1261811023622067540 ) ) ;
#7403 = DIMENSIONAL_EXPONENTS ( 1.000000000000000000, 0.0000000000000000000, 0.0000000000000000000, 0.0000000000000000000, 0.0000000000000000000, 0.0000000000000000000, 0.0000000000000000000 ) ;
#7404 = EDGE_CURVE ( 'NONE', #10351, #10241, #5182, .T. ) ;
#7405 = FILL_AREA_STYLE ('',( #5603 ) ) ;
#7406 = ORIENTED_EDGE ( 'NONE', *, *, #187, .T. ) ;
#7407 =( CONVERSION_BASED_UNIT ( 'INCH', #4582 ) LENGTH_UNIT ( ) NAMED_UNIT ( #5413 ) );
#7408 = PRESENTATION_STYLE_ASSIGNMENT (( #10861 ) ) ;
#7409 = FILL_AREA_STYLE ('',( #10928 ) ) ;
#7410 =( LENGTH_UNIT ( ) NAMED_UNIT ( * ) SI_UNIT ( $, .METRE. ) );
#7411 = CARTESIAN_POINT ( 'NONE',  ( 0.2660249164800729815, 0.08464566929133782169, -0.08931496062992368146 ) ) ;
#7412 = DIRECTION ( 'NONE',  ( 1.000000000000000000, 1.644517855225996559E-15, 1.817990202823693835E-15 ) ) ;
#7413 = EDGE_CURVE ( 'NONE', #5308, #9892, #1150, .T. ) ;
#7414 = SURFACE_SIDE_STYLE ('',( #2137 ) ) ;
#7415 = EDGE_LOOP ( 'NONE', ( #60, #8070, #5354, #7909 ) ) ;
#7416 = DIRECTION ( 'NONE',  ( 0.5643446851342032167, 0.8255392639728148518, 1.807003620809182077E-15 ) ) ;
#7417 = DIMENSIONAL_EXPONENTS ( 1.000000000000000000, 0.0000000000000000000, 0.0000000000000000000, 0.0000000000000000000, 0.0000000000000000000, 0.0000000000000000000, 0.0000000000000000000 ) ;
#7418 = CARTESIAN_POINT ( 'NONE',  ( 0.2175196850393652792, 0.06614173228346371947, -0.2761811023622073313 ) ) ;
#7419 = AXIS2_PLACEMENT_3D ( 'NONE', #9288, #11153, #7542 ) ;
#7420 = PLANE ( 'NONE',  #963 ) ;
#7421 = DIRECTION ( 'NONE',  ( 1.000000000000000000, 1.644517855225996559E-15, 1.817990202823693835E-15 ) ) ;
#7422 = DIRECTION ( 'NONE',  ( -1.644517855225997348E-15, 1.000000000000000000, -2.970554346222872930E-30 ) ) ;
#7423 = CARTESIAN_POINT ( 'NONE',  ( 0.4432086614173170735, 0.1476377952755900669, -0.04901574803149815612 ) ) ;
#7424 = ORIENTED_EDGE ( 'NONE', *, *, #8038, .T. ) ;
#7425 = CARTESIAN_POINT ( 'NONE',  ( 0.4432086614173175176, 0.1535433070866137062, -0.1875984251968524918 ) ) ;
#7426 = SURFACE_SIDE_STYLE ('',( #4770 ) ) ;
#7427 = ORIENTED_EDGE ( 'NONE', *, *, #1448, .T. ) ;
#7428 = CARTESIAN_POINT ( 'NONE',  ( 0.4432086614173177397, 0.1476377952755900669, -0.2375984251968525085 ) ) ;
#7429 = VECTOR ( 'NONE', #763, 39.37007874015748143 ) ;
#7430 = ORIENTED_EDGE ( 'NONE', *, *, #8092, .T. ) ;
#7431 = CARTESIAN_POINT ( 'NONE',  ( 0.2476053619159081509, 0.06990336523983385619, -0.1604330708661441673 ) ) ;
#7432 = CARTESIAN_POINT ( 'NONE',  ( 0.3186023622047185477, 0.1476377952755898726, -0.04901574803149836429 ) ) ;
#7433 =( LENGTH_UNIT ( ) NAMED_UNIT ( * ) SI_UNIT ( $, .METRE. ) );
#7434 = CIRCLE ( 'NONE', #9296, 0.01299212598425196659 ) ;
#7435 = CARTESIAN_POINT ( 'NONE',  ( 0.2746062992125931079, 0.09645669291338507256, -0.1604330708661441673 ) ) ;
#7436 = DIRECTION ( 'NONE',  ( 1.817990202823693835E-15, 0.0000000000000000000, -1.000000000000000000 ) ) ;
#7437 =( GEOMETRIC_REPRESENTATION_CONTEXT ( 3 ) GLOBAL_UNCERTAINTY_ASSIGNED_CONTEXT ( ( #422 ) ) GLOBAL_UNIT_ASSIGNED_CONTEXT ( ( #3931, #9145, #6531 ) ) REPRESENTATION_CONTEXT ( 'NONE', 'WORKASPACE' ) );
#7438 = LENGTH_MEASURE_WITH_UNIT ( LENGTH_MEASURE( 0.02539999999999999897 ), #10061 );
#7439 = DIRECTION ( 'NONE',  ( -1.817990202823693835E-15, 0.0000000000000000000, 1.000000000000000000 ) ) ;
#7440 = ORIENTED_EDGE ( 'NONE', *, *, #9518, .F. ) ;
#7441 = EDGE_LOOP ( 'NONE', ( #3643, #2891, #5434, #6230 ) ) ;
#7442 = CARTESIAN_POINT ( 'NONE',  ( 0.4058070866141683664, 0.1279527559055112784, -0.2539370078740179615 ) ) ;
#7443 = ORIENTED_EDGE ( 'NONE', *, *, #1760, .T. ) ;
#7444 = PRESENTATION_LAYER_ASSIGNMENT (  '', '', ( #2841 ) ) ;
#7445 =( LENGTH_UNIT ( ) NAMED_UNIT ( * ) SI_UNIT ( $, .METRE. ) );
#7446 = CARTESIAN_POINT ( 'NONE',  ( 0.3186023622047183812, 0.1476377952755898726, 0.0009842519685016432561 ) ) ;
#7447 = DIRECTION ( 'NONE',  ( 0.5643446851342109882, -0.8255392639728097448, 0.0000000000000000000 ) ) ;
#7448 = CARTESIAN_POINT ( 'NONE',  ( 0.4058070866141674782, 0.1279527559055112784, -0.05393700787401791569 ) ) ;
#7449 =( NAMED_UNIT ( * ) PLANE_ANGLE_UNIT ( ) SI_UNIT ( $, .RADIAN. ) );
#7450 = EDGE_CURVE ( 'NONE', #1493, #4890, #8957, .T. ) ;
#7451 = ADVANCED_FACE ( 'NONE', ( #8129 ), #211, .F. ) ;
#7452 = CARTESIAN_POINT ( 'NONE',  ( 0.2175196850393650849, 0.06259842519684954976, -0.2183070866141757771 ) ) ;
#7453 = COLOUR_RGB ( '',0.7607843137254901578, 0.7607843137254901578, 0.0000000000000000000 ) ;
#7454 = EDGE_LOOP ( 'NONE', ( #10673, #5165, #2275, #3537 ) ) ;
#7455 = LENGTH_MEASURE_WITH_UNIT ( LENGTH_MEASURE( 0.02539999999999999897 ), #2071 );
#7456 = EDGE_LOOP ( 'NONE', ( #9137, #5968, #9438, #3869 ) ) ;
#7457 = SURFACE_STYLE_FILL_AREA ( #5830 ) ;
#7458 = AXIS2_PLACEMENT_3D ( 'NONE', #4243, #10452, #1641 ) ;
#7459 = EDGE_CURVE ( 'NONE', #137, #3071, #10597, .T. ) ;
#7460 = UNCERTAINTY_MEASURE_WITH_UNIT (LENGTH_MEASURE( 1.000000000000000082E-05 ), #2999, 'distance_accuracy_value', 'NONE');
#7461 = SURFACE_STYLE_USAGE ( .BOTH. , #7353 ) ;
#7462 =( CONVERSION_BASED_UNIT ( 'INCH', #397 ) LENGTH_UNIT ( ) NAMED_UNIT ( #4822 ) );
#7463 = LENGTH_MEASURE_WITH_UNIT ( LENGTH_MEASURE( 0.02539999999999999897 ), #10033 );
#7464 = ADVANCED_FACE ( 'NONE', ( #7952 ), #3622, .T. ) ;
#7465 = CARTESIAN_POINT ( 'NONE',  ( 0.2421027395222933865, 0.05905511811023542168, -0.01043307086614424402 ) ) ;
#7466 = ORIENTED_EDGE ( 'NONE', *, *, #8307, .T. ) ;
#7467 = CARTESIAN_POINT ( 'NONE',  ( 0.5067913519291870061, 0.08893342700064806039, -0.01043307086614369758 ) ) ;
#7468 = DIRECTION ( 'NONE',  ( -1.817990202823693835E-15, 0.0000000000000000000, 1.000000000000000000 ) ) ;
#7469 = ORIENTED_EDGE ( 'NONE', *, *, #4793, .T. ) ;
#7470 = CARTESIAN_POINT ( 'NONE',  ( 0.3821850393700738091, 0.1448818897637632053, -0.2812992125984274949 ) ) ;
#7471 = CARTESIAN_POINT ( 'NONE',  ( 0.4957861071419632504, 0.08937007874015708009, -0.1604330708661437788 ) ) ;
#7472 = DIRECTION ( 'NONE',  ( 0.3630301527215994972, 0.9317773919853026277, 6.599852609774574981E-16 ) ) ;
#7473 = CARTESIAN_POINT ( 'NONE',  ( 0.2175196850393650849, 0.06614173228346371947, -0.2379921259842545378 ) ) ;
#7474 = DIMENSIONAL_EXPONENTS ( 1.000000000000000000, 0.0000000000000000000, 0.0000000000000000000, 0.0000000000000000000, 0.0000000000000000000, 0.0000000000000000000, 0.0000000000000000000 ) ;
#7475 = EDGE_CURVE ( 'NONE', #3004, #7847, #157, .T. ) ;
#7476 = PRESENTATION_STYLE_ASSIGNMENT (( #6618 ) ) ;
#7477 =( GEOMETRIC_REPRESENTATION_CONTEXT ( 3 ) GLOBAL_UNCERTAINTY_ASSIGNED_CONTEXT ( ( #4032 ) ) GLOBAL_UNIT_ASSIGNED_CONTEXT ( ( #5560, #9220, #9274 ) ) REPRESENTATION_CONTEXT ( 'NONE', 'WORKASPACE' ) );
#7478 = CARTESIAN_POINT ( 'NONE',  ( 0.2746062992125930524, 0.08937007874015673314, -0.1604330708661442229 ) ) ;
#7479 = EDGE_CURVE ( 'NONE', #36, #11050, #6685, .T. ) ;
#7480 = LINE ( 'NONE', #10165, #4925 ) ;
#7481 = ORIENTED_EDGE ( 'NONE', *, *, #7091, .T. ) ;
#7482 = CARTESIAN_POINT ( 'NONE',  ( 0.3186023622047192694, 0.1476377952755898726, -0.1990157480314983796 ) ) ;
#7483 = STYLED_ITEM ( 'NONE', ( #9906 ), #1874 ) ;
#7484 = DIRECTION ( 'NONE',  ( -1.000000000000000000, -1.644517855225996559E-15, -1.817990202823693835E-15 ) ) ;
#7485 = ORIENTED_EDGE ( 'NONE', *, *, #4493, .F. ) ;
#7486 = DIRECTION ( 'NONE',  ( 1.817990202823693835E-15, -3.503246160812042677E-46, -1.000000000000000000 ) ) ;
#7487 = ORIENTED_EDGE ( 'NONE', *, *, #4345, .T. ) ;
#7488 = EDGE_CURVE ( 'NONE', #6989, #4890, #9129, .T. ) ;
#7489 = FILL_AREA_STYLE ('',( #3154 ) ) ;
#7490 = VECTOR ( 'NONE', #6972, 39.37007874015748143 ) ;
#7491 = CARTESIAN_POINT ( 'NONE',  ( 0.3821850393700728654, 0.1240157480314797583, -0.03129921259842747411 ) ) ;
#7492 = UNCERTAINTY_MEASURE_WITH_UNIT (LENGTH_MEASURE( 1.000000000000000082E-05 ), #6602, 'distance_accuracy_value', 'NONE');
#7493 = DIMENSIONAL_EXPONENTS ( 1.000000000000000000, 0.0000000000000000000, 0.0000000000000000000, 0.0000000000000000000, 0.0000000000000000000, 0.0000000000000000000, 0.0000000000000000000 ) ;
#7494 = CARTESIAN_POINT ( 'NONE',  ( 0.4957861071419629173, 0.08464566929133819639, -0.04729921259842723158 ) ) ;
#7495 = ORIENTED_EDGE ( 'NONE', *, *, #258, .F. ) ;
#7496 = CARTESIAN_POINT ( 'NONE',  ( 0.2616228185651909843, 0.08636077237506183113, -0.02618110236220720990 ) ) ;
#7497 = STYLED_ITEM ( 'NONE', ( #8487 ), #9882 ) ;
#7498 = CARTESIAN_POINT ( 'NONE',  ( 0.3560039370078689203, 0.1240157480314796890, -0.2049212598425219634 ) ) ;
#7499 = PLANE ( 'NONE',  #5984 ) ;
#7500 = SURFACE_STYLE_FILL_AREA ( #540 ) ;
#7501 = LINE ( 'NONE', #10185, #2742 ) ;
#7502 = EDGE_LOOP ( 'NONE', ( #7206, #8758, #1435, #9603 ) ) ;
#7503 = VECTOR ( 'NONE', #6498, 39.37007874015748143 ) ;
#7504 = EDGE_LOOP ( 'NONE', ( #7551, #5943, #217, #1900 ) ) ;
#7505 = PRESENTATION_LAYER_ASSIGNMENT (  '', '', ( #9175 ) ) ;
#7506 = FILL_AREA_STYLE ('',( #2992 ) ) ;
#7507 = ORIENTED_EDGE ( 'NONE', *, *, #7401, .T. ) ;
#7508 = STYLED_ITEM ( 'NONE', ( #2518 ), #10113 ) ;
#7509 = FACE_OUTER_BOUND ( 'NONE', #995, .T. ) ;
#7510 = LINE ( 'NONE', #5298, #2727 ) ;
#7511 = CARTESIAN_POINT ( 'NONE',  ( 0.2175196850393650849, 0.06614173228346371947, -0.2261811023622072869 ) ) ;
#7512 = PLANE ( 'NONE',  #9895 ) ;
#7513 = AXIS2_PLACEMENT_3D ( 'NONE', #6721, #4806, #10984 ) ;
#7514 = PLANE ( 'NONE',  #8352 ) ;
#7515 = STYLED_ITEM ( 'NONE', ( #574 ), #10259 ) ;
#7516 = EDGE_LOOP ( 'NONE', ( #9721, #7308, #7556, #7406 ) ) ;
#7517 = PLANE ( 'NONE',  #5131 ) ;
#7518 = ORIENTED_EDGE ( 'NONE', *, *, #903, .F. ) ;
#7519 = AXIS2_PLACEMENT_3D ( 'NONE', #3037, #5587, #3863 ) ;
#7520 = STYLED_ITEM ( 'NONE', ( #4379 ), #3348 ) ;
#7521 = CARTESIAN_POINT ( 'NONE',  ( 0.5197082840997432340, 0.07204724409448784450, -0.2604330708661437566 ) ) ;
#7522 =( LENGTH_UNIT ( ) NAMED_UNIT ( * ) SI_UNIT ( $, .METRE. ) );
#7523 = FILL_AREA_STYLE_COLOUR ( '', #714 ) ;
#7524 = SURFACE_SIDE_STYLE ('',( #3184 ) ) ;
#7525 = SURFACE_STYLE_FILL_AREA ( #6775 ) ;
#7526 =( NAMED_UNIT ( * ) PLANE_ANGLE_UNIT ( ) SI_UNIT ( $, .RADIAN. ) );
#7527 = DIRECTION ( 'NONE',  ( 1.000000000000000000, 1.644517855225996559E-15, 1.817990202823693835E-15 ) ) ;
#7528 = STYLED_ITEM ( 'NONE', ( #1629 ), #604 ) ;
#7529 = COLOUR_RGB ( '',0.7607843137254901578, 0.7607843137254901578, 0.0000000000000000000 ) ;
#7530 = ORIENTED_EDGE ( 'NONE', *, *, #11251, .F. ) ;
#7531 = DIRECTION ( 'NONE',  ( 1.000000000000000000, 1.644517855225996559E-15, 1.817990202823693835E-15 ) ) ;
#7532 = VERTEX_POINT ( 'NONE', #11055 ) ;
#7533 = EDGE_CURVE ( 'NONE', #4128, #9692, #2462, .T. ) ;
#7534 = AXIS2_PLACEMENT_3D ( 'NONE', #7521, #11026, #4111 ) ;
#7535 = CARTESIAN_POINT ( 'NONE',  ( 0.4058070866141676447, 0.1279527559055112784, -0.1039370078740179254 ) ) ;
#7536 = ADVANCED_FACE ( 'NONE', ( #1235 ), #3796, .T. ) ;
#7537 = VECTOR ( 'NONE', #9376, 39.37007874015748143 ) ;
#7538 = EDGE_CURVE ( 'NONE', #2075, #6576, #2279, .T. ) ;
#7539 = CARTESIAN_POINT ( 'NONE',  ( 0.4058070866141677557, 0.1240157480314955235, -0.1312992125984274172 ) ) ;
#7540 = DIRECTION ( 'NONE',  ( -0.9317773919853016285, -0.3630301527216017177, -1.642730564371973899E-15 ) ) ;
#7541 = PRESENTATION_LAYER_ASSIGNMENT (  '', '', ( #1635 ) ) ;
#7542 = DIRECTION ( 'NONE',  ( 1.000000000000000000, 1.644517855225996559E-15, 1.817990202823693835E-15 ) ) ;
#7543 =( CONVERSION_BASED_UNIT ( 'INCH', #9234 ) LENGTH_UNIT ( ) NAMED_UNIT ( #2900 ) );
#7544 = ORIENTED_EDGE ( 'NONE', *, *, #6537, .F. ) ;
#7545 = VECTOR ( 'NONE', #1395, 39.37007874015748143 ) ;
#7546 = PRESENTATION_STYLE_ASSIGNMENT (( #11156 ) ) ;
#7547 = PRESENTATION_STYLE_ASSIGNMENT (( #10107 ) ) ;
#7548 = ORIENTED_EDGE ( 'NONE', *, *, #5481, .T. ) ;
#7549 = ADVANCED_FACE ( 'NONE', ( #9997 ), #2052, .F. ) ;
#7550 =( CONVERSION_BASED_UNIT ( 'INCH', #2277 ) LENGTH_UNIT ( ) NAMED_UNIT ( #6613 ) );
#7551 = ORIENTED_EDGE ( 'NONE', *, *, #335, .F. ) ;
#7552 = EDGE_CURVE ( 'NONE', #2931, #1913, #9184, .T. ) ;
#7553 = AXIS2_PLACEMENT_3D ( 'NONE', #5677, #3957, #3416 ) ;
#7554 = CARTESIAN_POINT ( 'NONE',  ( 0.5001882050568446925, 0.08636077237506221971, -0.06043307086614377321 ) ) ;
#7555 = DIRECTION ( 'NONE',  ( -1.817990202823693835E-15, 0.0000000000000000000, 1.000000000000000000 ) ) ;
#7556 = ORIENTED_EDGE ( 'NONE', *, *, #9814, .F. ) ;
#7557 = SURFACE_SIDE_STYLE ('',( #4258 ) ) ;
#7558 =( NAMED_UNIT ( * ) SI_UNIT ( $, .STERADIAN. ) SOLID_ANGLE_UNIT ( ) );
#7559 = LINE ( 'NONE', #5875, #803 ) ;
#7560 = DIMENSIONAL_EXPONENTS ( 1.000000000000000000, 0.0000000000000000000, 0.0000000000000000000, 0.0000000000000000000, 0.0000000000000000000, 0.0000000000000000000, 0.0000000000000000000 ) ;
#7561 = PRESENTATION_LAYER_ASSIGNMENT (  '', '', ( #7365 ) ) ;
#7562 = CARTESIAN_POINT ( 'NONE',  ( 0.3560039370078691978, 0.1279527559055112229, -0.2539370078740180170 ) ) ;
#7563 = CARTESIAN_POINT ( 'NONE',  ( 0.2476053619159081787, 0.06990336523983385619, -0.1761811023622072148 ) ) ;
#7564 = ORIENTED_EDGE ( 'NONE', *, *, #10816, .T. ) ;
#7565 = EDGE_CURVE ( 'NONE', #2075, #4491, #420, .T. ) ;
#7566 = ORIENTED_EDGE ( 'NONE', *, *, #8915, .F. ) ;
#7567 = DIRECTION ( 'NONE',  ( -1.817990202823693835E-15, 0.0000000000000000000, 1.000000000000000000 ) ) ;
#7568 = ORIENTED_EDGE ( 'NONE', *, *, #1030, .F. ) ;
#7569 = DIRECTION ( 'NONE',  ( 1.000000000000000000, 1.644517855225996559E-15, 1.817990202823693835E-15 ) ) ;
#7570 = CARTESIAN_POINT ( 'NONE',  ( 0.4058070866141676447, 0.1279527559055124442, -0.1053149606299234459 ) ) ;
#7571 = CARTESIAN_POINT ( 'NONE',  ( 0.4058070866141681443, 0.1279527559055112784, -0.2039370078740179171 ) ) ;
#7572 =( CONVERSION_BASED_UNIT ( 'INCH', #9435 ) LENGTH_UNIT ( ) NAMED_UNIT ( #7167 ) );
#7573 = LINE ( 'NONE', #6584, #8844 ) ;
#7574 = DIRECTION ( 'NONE',  ( 1.817990202823693835E-15, 0.0000000000000000000, -1.000000000000000000 ) ) ;
#7575 =( NAMED_UNIT ( * ) PLANE_ANGLE_UNIT ( ) SI_UNIT ( $, .RADIAN. ) );
#7576 = EDGE_LOOP ( 'NONE', ( #5202, #244, #6299, #9589 ) ) ;
#7577 = AXIS2_PLACEMENT_3D ( 'NONE', #2577, #3432, #7997 ) ;
#7578 = EDGE_LOOP ( 'NONE', ( #2684, #6520, #4716, #5991, #8465, #101 ) ) ;
#7579 = DIRECTION ( 'NONE',  ( 1.644517855225996559E-15, -1.000000000000000000, 2.970554346222871178E-30 ) ) ;
#7580 = LINE ( 'NONE', #4164, #3491 ) ;
#7581 = VECTOR ( 'NONE', #3467, 39.37007874015748143 ) ;
#7582 = UNCERTAINTY_MEASURE_WITH_UNIT (LENGTH_MEASURE( 1.000000000000000082E-05 ), #5907, 'distance_accuracy_value', 'NONE');
#7583 = FILL_AREA_STYLE_COLOUR ( '', #11355 ) ;
#7584 = DIRECTION ( 'NONE',  ( 1.817990202823693835E-15, 0.0000000000000000000, -1.000000000000000000 ) ) ;
#7585 = CARTESIAN_POINT ( 'NONE',  ( 0.2660249164800728705, 0.08937007874015670539, -0.01043307086614417636 ) ) ;
#7586 = ORIENTED_EDGE ( 'NONE', *, *, #892, .F. ) ;
#7587 = LINE ( 'NONE', #8326, #7871 ) ;
#7588 = DIRECTION ( 'NONE',  ( 1.644517855225997348E-15, -1.000000000000000000, 2.970554346222872930E-30 ) ) ;
#7589 = CIRCLE ( 'NONE', #9084, 0.01299212598425197526 ) ;
#7590 = PRESENTATION_STYLE_ASSIGNMENT (( #2266 ) ) ;
#7591 = AXIS2_PLACEMENT_3D ( 'NONE', #9526, #11283, #7723 ) ;
#7592 = CARTESIAN_POINT ( 'NONE',  ( 0.5174299185258767197, 0.06162777273582249055, -0.1486220472440964724 ) ) ;
#7593 = COLOUR_RGB ( '',0.7607843137254901578, 0.7607843137254901578, 0.0000000000000000000 ) ;
#7594 = SURFACE_STYLE_FILL_AREA ( #470 ) ;
#7595 = DIRECTION ( 'NONE',  ( 1.644517855225997348E-15, -1.000000000000000000, 2.970554346222872930E-30 ) ) ;
#7596 = ORIENTED_EDGE ( 'NONE', *, *, #2618, .F. ) ;
#7597 = EDGE_CURVE ( 'NONE', #6864, #277, #9242, .T. ) ;
#7598 = EDGE_CURVE ( 'NONE', #589, #5272, #10175, .T. ) ;
#7599 = ORIENTED_EDGE ( 'NONE', *, *, #726, .F. ) ;
#7600 =( LENGTH_UNIT ( ) NAMED_UNIT ( * ) SI_UNIT ( $, .METRE. ) );
#7601 = EDGE_CURVE ( 'NONE', #2942, #8027, #1354, .T. ) ;
#7602 = ORIENTED_EDGE ( 'NONE', *, *, #440, .T. ) ;
#7603 =( CONVERSION_BASED_UNIT ( 'INCH', #8580 ) LENGTH_UNIT ( ) NAMED_UNIT ( #7710 ) );
#7604 = CARTESIAN_POINT ( 'NONE',  ( 0.2660249164800737032, 0.08937007874015670539, -0.2261811023622072314 ) ) ;
#7605 = CARTESIAN_POINT ( 'NONE',  ( 0.2660249164800733146, 0.08937007874015670539, -0.1261811023622072259 ) ) ;
#7606 = UNCERTAINTY_MEASURE_WITH_UNIT (LENGTH_MEASURE( 1.000000000000000082E-05 ), #8158, 'distance_accuracy_value', 'NONE');
#7607 = EDGE_CURVE ( 'NONE', #8004, #1506, #482, .T. ) ;
#7608 = VERTEX_POINT ( 'NONE', #3269 ) ;
#7609 = LENGTH_MEASURE_WITH_UNIT ( LENGTH_MEASURE( 0.02539999999999999897 ), #8530 );
#7610 =( NAMED_UNIT ( * ) PLANE_ANGLE_UNIT ( ) SI_UNIT ( $, .RADIAN. ) );
#7611 = EDGE_CURVE ( 'NONE', #1669, #6285, #2343, .T. ) ;
#7612 = VECTOR ( 'NONE', #8194, 39.37007874015748143 ) ;
#7613 = CARTESIAN_POINT ( 'NONE',  ( 0.2175196850393652792, 0.05905511811023538005, -0.2761811023622073313 ) ) ;
#7614 = ORIENTED_EDGE ( 'NONE', *, *, #5359, .F. ) ;
#7615 = MECHANICAL_DESIGN_GEOMETRIC_PRESENTATION_REPRESENTATION (  '', ( #8927 ), #3924 ) ;
#7616 = ORIENTED_EDGE ( 'NONE', *, *, #4080, .T. ) ;
#7617 = LINE ( 'NONE', #379, #10342 ) ;
#7618 = VERTEX_POINT ( 'NONE', #10466 ) ;
#7619 = VECTOR ( 'NONE', #4597, 39.37007874015748143 ) ;
#7620 = SURFACE_STYLE_FILL_AREA ( #2179 ) ;
#7621 = COLOUR_RGB ( '',0.7607843137254901578, 0.7607843137254901578, 0.0000000000000000000 ) ;
#7622 = DIRECTION ( 'NONE',  ( 1.644517855225997348E-15, -1.000000000000000000, 2.970554346222872930E-30 ) ) ;
#7623 = COLOUR_RGB ( '',0.7607843137254901578, 0.7607843137254901578, 0.0000000000000000000 ) ;
#7624 = EDGE_CURVE ( 'NONE', #10717, #4749, #5053, .T. ) ;
#7625 = ORIENTED_EDGE ( 'NONE', *, *, #3028, .T. ) ;
#7626 =( NAMED_UNIT ( * ) SI_UNIT ( $, .STERADIAN. ) SOLID_ANGLE_UNIT ( ) );
#7627 = LINE ( 'NONE', #5657, #3102 ) ;
#7628 = EDGE_CURVE ( 'NONE', #10496, #9036, #4254, .T. ) ;
#7629 = ORIENTED_EDGE ( 'NONE', *, *, #7475, .T. ) ;
#7630 = CARTESIAN_POINT ( 'NONE',  ( 0.2660249164800736477, 0.09645669291338505869, -0.2261811023622072314 ) ) ;
#7631 =( GEOMETRIC_REPRESENTATION_CONTEXT ( 3 ) GLOBAL_UNCERTAINTY_ASSIGNED_CONTEXT ( ( #2371 ) ) GLOBAL_UNIT_ASSIGNED_CONTEXT ( ( #5316, #848, #7971 ) ) REPRESENTATION_CONTEXT ( 'NONE', 'WORKASPACE' ) );
#7632 = DIMENSIONAL_EXPONENTS ( 1.000000000000000000, 0.0000000000000000000, 0.0000000000000000000, 0.0000000000000000000, 0.0000000000000000000, 0.0000000000000000000, 0.0000000000000000000 ) ;
#7633 = MECHANICAL_DESIGN_GEOMETRIC_PRESENTATION_REPRESENTATION (  '', ( #8747 ), #3015 ) ;
#7634 = LINE ( 'NONE', #3885, #1059 ) ;
#7635 = ORIENTED_EDGE ( 'NONE', *, *, #8748, .T. ) ;
#7636 = SURFACE_STYLE_USAGE ( .BOTH. , #11085 ) ;
#7637 = STYLED_ITEM ( 'NONE', ( #4933 ), #8884 ) ;
#7638 = CYLINDRICAL_SURFACE ( 'NONE', #632, 0.01299212598425198914 ) ;
#7639 = LINE ( 'NONE', #3067, #398 ) ;
#7640 = ORIENTED_EDGE ( 'NONE', *, *, #10991, .F. ) ;
#7641 =( CONVERSION_BASED_UNIT ( 'INCH', #10155 ) LENGTH_UNIT ( ) NAMED_UNIT ( #9582 ) );
#7642 = DIRECTION ( 'NONE',  ( -1.000000000000000000, -1.644517855225996559E-15, -1.817990202823693835E-15 ) ) ;
#7643 = PRESENTATION_LAYER_ASSIGNMENT (  '', '', ( #6166 ) ) ;
#7644 = CARTESIAN_POINT ( 'NONE',  ( 0.2175196850393644743, 0.06614173228346371947, -0.07618110236220727860 ) ) ;
#7645 = SURFACE_STYLE_FILL_AREA ( #6079 ) ;
#7646 = DIRECTION ( 'NONE',  ( -1.817990202823693835E-15, 0.0000000000000000000, 1.000000000000000000 ) ) ;
#7647 = PRESENTATION_LAYER_ASSIGNMENT (  '', '', ( #10269 ) ) ;
#7648 = DIRECTION ( 'NONE',  ( 1.817990202823693835E-15, 0.0000000000000000000, -1.000000000000000000 ) ) ;
#7649 = DIRECTION ( 'NONE',  ( -1.644517855225997348E-15, 1.000000000000000000, -2.970554346222872930E-30 ) ) ;
#7650 = MECHANICAL_DESIGN_GEOMETRIC_PRESENTATION_REPRESENTATION (  '', ( #6371 ), #8965 ) ;
#7651 = DIRECTION ( 'NONE',  ( 1.817990202823693835E-15, 0.0000000000000000000, -1.000000000000000000 ) ) ;
#7652 = ORIENTED_EDGE ( 'NONE', *, *, #6336, .F. ) ;
#7653 = CARTESIAN_POINT ( 'NONE',  ( 0.2746062992125934410, 0.08937007874015673314, -0.2604330708661442007 ) ) ;
#7654 = ORIENTED_EDGE ( 'NONE', *, *, #10746, .T. ) ;
#7655 = CARTESIAN_POINT ( 'NONE',  ( 0.2175196850393642523, 0.05905511811023538005, -0.02618110236220727929 ) ) ;
#7656 = COLOUR_RGB ( '',0.7607843137254901578, 0.7607843137254901578, 0.0000000000000000000 ) ;
#7657 = ORIENTED_EDGE ( 'NONE', *, *, #5619, .T. ) ;
#7658 = COLOUR_RGB ( '',0.7607843137254901578, 0.7607843137254901578, 0.0000000000000000000 ) ;
#7659 = CYLINDRICAL_SURFACE ( 'NONE', #3742, 0.01299212598425197353 ) ;
#7660 = DIRECTION ( 'NONE',  ( 1.817990202823693835E-15, 0.0000000000000000000, -1.000000000000000000 ) ) ;
#7661 = DIRECTION ( 'NONE',  ( -1.000000000000000000, -1.644517855225996559E-15, -1.817990202823693835E-15 ) ) ;
#7662 = CARTESIAN_POINT ( 'NONE',  ( 0.4058070866141673116, 0.1240157480314955235, -0.03129921259842740472 ) ) ;
#7663 = VERTEX_POINT ( 'NONE', #10291 ) ;
#7664 = FACE_OUTER_BOUND ( 'NONE', #2051, .T. ) ;
#7665 = AXIS2_PLACEMENT_3D ( 'NONE', #9278, #4983, #403 ) ;
#7666 = LINE ( 'NONE', #5927, #79 ) ;
#7667 = LINE ( 'NONE', #6811, #9360 ) ;
#7668 = CARTESIAN_POINT ( 'NONE',  ( 0.4781496062992067198, 0.06299212598425155130, -0.3131889763779566183 ) ) ;
#7669 = VERTEX_POINT ( 'NONE', #3378 ) ;
#7670 = ORIENTED_EDGE ( 'NONE', *, *, #3427, .F. ) ;
#7671 = EDGE_CURVE ( 'NONE', #4920, #2210, #6963, .T. ) ;
#7672 = DIRECTION ( 'NONE',  ( -1.817990202823693835E-15, 0.0000000000000000000, 1.000000000000000000 ) ) ;
#7673 = VERTEX_POINT ( 'NONE', #4133 ) ;
#7674 = VECTOR ( 'NONE', #9440, 39.37007874015748143 ) ;
#7675 = EDGE_CURVE ( 'NONE', #10351, #5811, #8705, .T. ) ;
#7676 =( NAMED_UNIT ( * ) PLANE_ANGLE_UNIT ( ) SI_UNIT ( $, .RADIAN. ) );
#7677 = AXIS2_PLACEMENT_3D ( 'NONE', #2708, #7783, #7084 ) ;
#7678 = PLANE ( 'NONE',  #5362 ) ;
#7679 = DIRECTION ( 'NONE',  ( 1.000000000000000000, 1.644517855225996559E-15, 1.817990202823693835E-15 ) ) ;
#7680 = DIRECTION ( 'NONE',  ( -1.817990202823693835E-15, 0.0000000000000000000, 1.000000000000000000 ) ) ;
#7681 = CIRCLE ( 'NONE', #1774, 0.004724409448818876756 ) ;
#7682 = PRESENTATION_STYLE_ASSIGNMENT (( #11242 ) ) ;
#7683 = EDGE_LOOP ( 'NONE', ( #6063, #3212, #2761, #960 ) ) ;
#7684 = AXIS2_PLACEMENT_3D ( 'NONE', #2503, #6028, #6148 ) ;
#7685 = AXIS2_PLACEMENT_3D ( 'NONE', #9988, #8232, #2756 ) ;
#7686 = ORIENTED_EDGE ( 'NONE', *, *, #6890, .T. ) ;
#7687 = EDGE_CURVE ( 'NONE', #6926, #3178, #534, .T. ) ;
#7688 = ORIENTED_EDGE ( 'NONE', *, *, #8440, .T. ) ;
#7689 = SURFACE_SIDE_STYLE ('',( #7457 ) ) ;
#7690 = EDGE_CURVE ( 'NONE', #170, #2013, #6904, .T. ) ;
#7691 = AXIS2_PLACEMENT_3D ( 'NONE', #9351, #7486, #2214 ) ;
#7692 = CARTESIAN_POINT ( 'NONE',  ( 0.2550196716928486707, 0.08893342700064765793, -0.07618110236220720921 ) ) ;
#7693 = UNCERTAINTY_MEASURE_WITH_UNIT (LENGTH_MEASURE( 1.000000000000000082E-05 ), #10231, 'distance_accuracy_value', 'NONE');
#7694 = CARTESIAN_POINT ( 'NONE',  ( 0.3560039370078691978, 0.1279527559055112229, -0.2826771653543329599 ) ) ;
#7695 = VECTOR ( 'NONE', #5913, 39.37007874015748143 ) ;
#7696 =( CONVERSION_BASED_UNIT ( 'INCH', #2313 ) LENGTH_UNIT ( ) NAMED_UNIT ( #10290 ) );
#7697 = DIRECTION ( 'NONE',  ( 0.0000000000000000000, -1.000000000000000000, 0.0000000000000000000 ) ) ;
#7698 = LINE ( 'NONE', #10153, #9477 ) ;
#7699 = VERTEX_POINT ( 'NONE', #9636 ) ;
#7700 = PLANE ( 'NONE',  #3632 ) ;
#7701 = SURFACE_SIDE_STYLE ('',( #7921 ) ) ;
#7702 = STYLED_ITEM ( 'NONE', ( #5848 ), #3602 ) ;
#7703 = EDGE_CURVE ( 'NONE', #170, #10052, #7782, .T. ) ;
#7704 = SURFACE_SIDE_STYLE ('',( #11202 ) ) ;
#7705 = CARTESIAN_POINT ( 'NONE',  ( 0.4058070866141681998, 0.1279527559055112784, -0.2326771653543328877 ) ) ;
#7706 = ADVANCED_FACE ( 'NONE', ( #4999 ), #4305, .T. ) ;
#7707 = VECTOR ( 'NONE', #2061, 39.37007874015748143 ) ;
#7708 = DIRECTION ( 'NONE',  ( 1.000000000000000000, 1.644517855225996559E-15, 1.817990202823693835E-15 ) ) ;
#7709 =( LENGTH_UNIT ( ) NAMED_UNIT ( * ) SI_UNIT ( $, .METRE. ) );
#7710 = DIMENSIONAL_EXPONENTS ( 1.000000000000000000, 0.0000000000000000000, 0.0000000000000000000, 0.0000000000000000000, 0.0000000000000000000, 0.0000000000000000000, 0.0000000000000000000 ) ;
#7711 = PRODUCT_DEFINITION_CONTEXT ( 'detailed design', #2039, 'design' ) ;
#7712 = FACE_OUTER_BOUND ( 'NONE', #10437, .T. ) ;
#7713 = VECTOR ( 'NONE', #4985, 39.37007874015748143 ) ;
#7714 = CARTESIAN_POINT ( 'NONE',  ( 0.2421027395222936363, 0.05905511811023542168, -0.07618110236220727860 ) ) ;
#7715 =( CONVERSION_BASED_UNIT ( 'INCH', #3261 ) LENGTH_UNIT ( ) NAMED_UNIT ( #9696 ) );
#7716 = ORIENTED_EDGE ( 'NONE', *, *, #8753, .F. ) ;
#7717 = VECTOR ( 'NONE', #799, 39.37007874015748143 ) ;
#7718 = CARTESIAN_POINT ( 'NONE',  ( 0.3339566929133802597, 0.1240157480314796473, -0.09429133858267951807 ) ) ;
#7719 = ORIENTED_EDGE ( 'NONE', *, *, #2796, .F. ) ;
#7720 = CARTESIAN_POINT ( 'NONE',  ( 0.5442913385826719797, 0.05905511811023591434, -0.1761811023622066597 ) ) ;
#7721 = MECHANICAL_DESIGN_GEOMETRIC_PRESENTATION_REPRESENTATION (  '', ( #8641 ), #2556 ) ;
#7722 = ORIENTED_EDGE ( 'NONE', *, *, #9655, .T. ) ;
#7723 = DIRECTION ( 'NONE',  ( -0.5643446851342101001, -0.8255392639728102999, 0.0000000000000000000 ) ) ;
#7724 = VECTOR ( 'NONE', #1546, 39.37007874015748143 ) ;
#7725 = CARTESIAN_POINT ( 'NONE',  ( 0.5142056617061290247, 0.06990336523983428640, -0.2604330708661437566 ) ) ;
#7726 = DIRECTION ( 'NONE',  ( 1.644517855225996559E-15, -1.000000000000000000, 2.970554346222871178E-30 ) ) ;
#7727 = ORIENTED_EDGE ( 'NONE', *, *, #4578, .F. ) ;
#7728 = DIRECTION ( 'NONE',  ( -1.817990202823693835E-15, 3.503246160812042677E-46, 1.000000000000000000 ) ) ;
#7729 =( NAMED_UNIT ( * ) PLANE_ANGLE_UNIT ( ) SI_UNIT ( $, .RADIAN. ) );
#7730 = DIRECTION ( 'NONE',  ( -1.817990202823693835E-15, 0.0000000000000000000, 1.000000000000000000 ) ) ;
#7731 = ORIENTED_EDGE ( 'NONE', *, *, #8292, .T. ) ;
#7732 = VECTOR ( 'NONE', #920, 39.37007874015748143 ) ;
#7733 = ORIENTED_EDGE ( 'NONE', *, *, #8602, .F. ) ;
#7734 = CARTESIAN_POINT ( 'NONE',  ( 0.4432086614173172401, 0.1476377952755900669, -0.09901574803149817972 ) ) ;
#7735 = EDGE_LOOP ( 'NONE', ( #9812, #3633, #8006, #9822 ) ) ;
#7736 = FILL_AREA_STYLE ('',( #4895 ) ) ;
#7737 = VECTOR ( 'NONE', #3347, 39.37007874015748143 ) ;
#7738 = SURFACE_STYLE_USAGE ( .BOTH. , #2297 ) ;
#7739 = FACE_OUTER_BOUND ( 'NONE', #2603, .T. ) ;
#7740 = EDGE_CURVE ( 'NONE', #11135, #7064, #5171, .T. ) ;
#7741 = CARTESIAN_POINT ( 'NONE',  ( 0.5442913385826713135, 0.06614173228346426070, 0.001377952755903611619 ) ) ;
#7742 = ORIENTED_EDGE ( 'NONE', *, *, #6147, .T. ) ;
#7743 = EDGE_CURVE ( 'NONE', #3816, #3855, #3431, .T. ) ;
#7744 = VERTEX_POINT ( 'NONE', #10356 ) ;
#7745 = ORIENTED_EDGE ( 'NONE', *, *, #801, .F. ) ;
#7746 = VECTOR ( 'NONE', #2592, 39.37007874015748143 ) ;
#7747 = VERTEX_POINT ( 'NONE', #705 ) ;
#7748 = FACE_OUTER_BOUND ( 'NONE', #4376, .T. ) ;
#7749 = SURFACE_STYLE_FILL_AREA ( #5025 ) ;
#7750 =( NAMED_UNIT ( * ) PLANE_ANGLE_UNIT ( ) SI_UNIT ( $, .RADIAN. ) );
#7751 =( NAMED_UNIT ( * ) PLANE_ANGLE_UNIT ( ) SI_UNIT ( $, .RADIAN. ) );
#7752 = PLANE ( 'NONE',  #9948 ) ;
#7753 = LINE ( 'NONE', #621, #798 ) ;
#7754 = EDGE_CURVE ( 'NONE', #5738, #2726, #7769, .T. ) ;
#7755 = VECTOR ( 'NONE', #7555, 39.37007874015748143 ) ;
#7756 = ORIENTED_EDGE ( 'NONE', *, *, #10967, .T. ) ;
#7757 = EDGE_CURVE ( 'NONE', #3151, #1941, #5923, .T. ) ;
#7758 = PRESENTATION_STYLE_ASSIGNMENT (( #740 ) ) ;
#7759 = DIRECTION ( 'NONE',  ( -1.000000000000000000, -1.644517855225996559E-15, -1.817990202823693835E-15 ) ) ;
#7760 = SURFACE_SIDE_STYLE ('',( #2435 ) ) ;
#7761 = FACE_OUTER_BOUND ( 'NONE', #11354, .T. ) ;
#7762 = EDGE_CURVE ( 'NONE', #85, #6989, #1537, .T. ) ;
#7763 = VERTEX_POINT ( 'NONE', #9583 ) ;
#7764 = STYLED_ITEM ( 'NONE', ( #2531 ), #5897 ) ;
#7765 = EDGE_LOOP ( 'NONE', ( #457, #8861, #3896, #10210 ) ) ;
#7766 = DIRECTION ( 'NONE',  ( 1.817990202823693835E-15, 0.0000000000000000000, -1.000000000000000000 ) ) ;
#7767 = VERTEX_POINT ( 'NONE', #7825 ) ;
#7768 = DIRECTION ( 'NONE',  ( 0.9317773919853008513, 0.3630301527216037161, 0.0000000000000000000 ) ) ;
#7769 = LINE ( 'NONE', #2400, #4831 ) ;
#7770 =( CONVERSION_BASED_UNIT ( 'INCH', #993 ) LENGTH_UNIT ( ) NAMED_UNIT ( #5928 ) );
#7771 =( NAMED_UNIT ( * ) SI_UNIT ( $, .STERADIAN. ) SOLID_ANGLE_UNIT ( ) );
#7772 = DIMENSIONAL_EXPONENTS ( 1.000000000000000000, 0.0000000000000000000, 0.0000000000000000000, 0.0000000000000000000, 0.0000000000000000000, 0.0000000000000000000, 0.0000000000000000000 ) ;
#7773 = PRESENTATION_STYLE_ASSIGNMENT (( #11459 ) ) ;
#7774 = EDGE_LOOP ( 'NONE', ( #1044, #4771, #8412, #5194 ) ) ;
#7775 = VECTOR ( 'NONE', #7649, 39.37007874015748143 ) ;
#7776 = ORIENTED_EDGE ( 'NONE', *, *, #5632, .F. ) ;
#7777 = CARTESIAN_POINT ( 'NONE',  ( 0.3186023622047189918, 0.1476377952755898726, -0.1490157480314983629 ) ) ;
#7778 = ORIENTED_EDGE ( 'NONE', *, *, #10477, .F. ) ;
#7779 = FACE_OUTER_BOUND ( 'NONE', #6335, .T. ) ;
#7780 = STYLED_ITEM ( 'NONE', ( #11257 ), #6900 ) ;
#7781 = CARTESIAN_POINT ( 'NONE',  ( 0.2660249164800733146, 0.08464566929133782169, -0.1261811023622072259 ) ) ;
#7782 = CIRCLE ( 'NONE', #4110, 0.004724409448818893235 ) ;
#7783 = DIRECTION ( 'NONE',  ( 1.817990202823693835E-15, -3.503246160812042677E-46, -1.000000000000000000 ) ) ;
#7784 = DIRECTION ( 'NONE',  ( 1.817990202823693835E-15, 0.0000000000000000000, -1.000000000000000000 ) ) ;
#7785 = VERTEX_POINT ( 'NONE', #7725 ) ;
#7786 = EDGE_LOOP ( 'NONE', ( #10407, #6606, #5001, #3971 ) ) ;
#7787 = ORIENTED_EDGE ( 'NONE', *, *, #6213, .F. ) ;
#7788 = VECTOR ( 'NONE', #929, 39.37007874015748143 ) ;
#7789 = PLANE ( 'NONE',  #4762 ) ;
#7790 = ORIENTED_EDGE ( 'NONE', *, *, #8038, .F. ) ;
#7791 = VECTOR ( 'NONE', #1743, 39.37007874015748143 ) ;
#7792 =( NAMED_UNIT ( * ) SI_UNIT ( $, .STERADIAN. ) SOLID_ANGLE_UNIT ( ) );
#7793 = DIRECTION ( 'NONE',  ( -1.644517855225997348E-15, 1.000000000000000000, -2.970554346222872930E-30 ) ) ;
#7794 = ADVANCED_FACE ( 'NONE', ( #6855 ), #6036, .F. ) ;
#7795 = UNCERTAINTY_MEASURE_WITH_UNIT (LENGTH_MEASURE( 1.000000000000000082E-05 ), #10955, 'distance_accuracy_value', 'NONE');
#7796 = DIRECTION ( 'NONE',  ( 1.817990202823693835E-15, 0.0000000000000000000, -1.000000000000000000 ) ) ;
#7797 = EDGE_CURVE ( 'NONE', #151, #1844, #6135, .T. ) ;
#7798 =( NAMED_UNIT ( * ) SI_UNIT ( $, .STERADIAN. ) SOLID_ANGLE_UNIT ( ) );
#7799 = SURFACE_STYLE_FILL_AREA ( #5319 ) ;
#7800 = CARTESIAN_POINT ( 'NONE',  ( 0.3821850393700729764, 0.1448818897637632053, -0.08129921259842748382 ) ) ;
#7801 = MECHANICAL_DESIGN_GEOMETRIC_PRESENTATION_REPRESENTATION (  '', ( #2459 ), #1350 ) ;
#7802 = VERTEX_POINT ( 'NONE', #5342 ) ;
#7803 = DIRECTION ( 'NONE',  ( 1.644517855225996559E-15, -1.000000000000000000, 2.970554346222871178E-30 ) ) ;
#7804 = DIRECTION ( 'NONE',  ( 0.3630301527215994972, 0.9317773919853026277, 6.599852609774574981E-16 ) ) ;
#7805 =( NAMED_UNIT ( * ) SI_UNIT ( $, .STERADIAN. ) SOLID_ANGLE_UNIT ( ) );
#7806 = LINE ( 'NONE', #11320, #2913 ) ;
#7807 = EDGE_CURVE ( 'NONE', #983, #8400, #10761, .T. ) ;
#7808 = STYLED_ITEM ( 'NONE', ( #4627 ), #8468 ) ;
#7809 = CARTESIAN_POINT ( 'NONE',  ( 0.2542085087882428596, 0.06733071061424725223, -0.1604330708661441673 ) ) ;
#7810 = AXIS2_PLACEMENT_3D ( 'NONE', #5296, #2002, #5530 ) ;
#7811 = ADVANCED_FACE ( 'NONE', ( #3726 ), #81, .T. ) ;
#7812 = CARTESIAN_POINT ( 'NONE',  ( 0.3186023622047187698, 0.1535433070866134841, -0.09901574803149836013 ) ) ;
#7813 = SURFACE_STYLE_USAGE ( .BOTH. , #1811 ) ;
#7814 = DIRECTION ( 'NONE',  ( 1.817990202823693835E-15, 0.0000000000000000000, -1.000000000000000000 ) ) ;
#7815 = VERTEX_POINT ( 'NONE', #11454 ) ;
#7816 = CARTESIAN_POINT ( 'NONE',  ( 0.4432086614173172401, 0.1476377952755900669, -0.09901574803149817972 ) ) ;
#7817 =( NAMED_UNIT ( * ) SI_UNIT ( $, .STERADIAN. ) SOLID_ANGLE_UNIT ( ) );
#7818 = ORIENTED_EDGE ( 'NONE', *, *, #9127, .T. ) ;
#7819 = VECTOR ( 'NONE', #6390, 39.37007874015748143 ) ;
#7820 = DIRECTION ( 'NONE',  ( -0.9317773919853014064, -0.3630301527216026058, -1.693962169841890603E-15 ) ) ;
#7821 = EDGE_LOOP ( 'NONE', ( #11035, #9826, #10652, #5363 ) ) ;
#7822 = EDGE_CURVE ( 'NONE', #6576, #4096, #7185, .T. ) ;
#7823 = CARTESIAN_POINT ( 'NONE',  ( 0.4806322371468050858, 0.08937007874015706621, 0.02905743399721845074 ) ) ;
#7824 = ADVANCED_FACE ( 'NONE', ( #2691 ), #142, .T. ) ;
#7825 = CARTESIAN_POINT ( 'NONE',  ( 0.5197082840997423459, 0.06614173228346423294, -0.01043307086614369758 ) ) ;
#7826 =( GEOMETRIC_REPRESENTATION_CONTEXT ( 3 ) GLOBAL_UNCERTAINTY_ASSIGNED_CONTEXT ( ( #4952 ) ) GLOBAL_UNIT_ASSIGNED_CONTEXT ( ( #4410, #7173, #10636 ) ) REPRESENTATION_CONTEXT ( 'NONE', 'WORKASPACE' ) );
#7827 = LINE ( 'NONE', #6857, #8369 ) ;
#7828 = FILL_AREA_STYLE_COLOUR ( '', #7593 ) ;
#7829 = LENGTH_MEASURE_WITH_UNIT ( LENGTH_MEASURE( 0.02539999999999999897 ), #766 );
#7830 = VECTOR ( 'NONE', #2880, 39.37007874015748143 ) ;
#7831 = VERTEX_POINT ( 'NONE', #9697 ) ;
#7832 = DIRECTION ( 'NONE',  ( -1.817990202823693835E-15, 0.0000000000000000000, 1.000000000000000000 ) ) ;
#7833 =( GEOMETRIC_REPRESENTATION_CONTEXT ( 3 ) GLOBAL_UNCERTAINTY_ASSIGNED_CONTEXT ( ( #11113 ) ) GLOBAL_UNIT_ASSIGNED_CONTEXT ( ( #11197, #2375, #1513 ) ) REPRESENTATION_CONTEXT ( 'NONE', 'WORKASPACE' ) );
#7834 = EDGE_LOOP ( 'NONE', ( #3921, #4470, #8553, #7324 ) ) ;
#7835 = ADVANCED_FACE ( 'NONE', ( #2859 ), #1163, .F. ) ;
#7836 = VERTEX_POINT ( 'NONE', #3027 ) ;
#7837 =( GEOMETRIC_REPRESENTATION_CONTEXT ( 3 ) GLOBAL_UNCERTAINTY_ASSIGNED_CONTEXT ( ( #4585 ) ) GLOBAL_UNIT_ASSIGNED_CONTEXT ( ( #5047, #9521, #2683 ) ) REPRESENTATION_CONTEXT ( 'NONE', 'WORKASPACE' ) );
#7838 = LINE ( 'NONE', #7899, #6781 ) ;
#7839 = FILL_AREA_STYLE_COLOUR ( '', #9819 ) ;
#7840 = MECHANICAL_DESIGN_GEOMETRIC_PRESENTATION_REPRESENTATION (  '', ( #1382 ), #7477 ) ;
#7841 = SURFACE_SIDE_STYLE ('',( #5996 ) ) ;
#7842 =( LENGTH_UNIT ( ) NAMED_UNIT ( * ) SI_UNIT ( $, .METRE. ) );
#7843 = FILL_AREA_STYLE ('',( #10548 ) ) ;
#7844 = LINE ( 'NONE', #6175, #2268 ) ;
#7845 = VERTEX_POINT ( 'NONE', #4708 ) ;
#7846 = ORIENTED_EDGE ( 'NONE', *, *, #4948, .T. ) ;
#7847 = VERTEX_POINT ( 'NONE', #7296 ) ;
#7848 = CARTESIAN_POINT ( 'NONE',  ( 0.2175196850393650849, 0.06614173228346371947, -0.2104330708661442673 ) ) ;
#7849 = VERTEX_POINT ( 'NONE', #4016 ) ;
#7850 = PRESENTATION_LAYER_ASSIGNMENT (  '', '', ( #11208 ) ) ;
#7851 =( NAMED_UNIT ( * ) PLANE_ANGLE_UNIT ( ) SI_UNIT ( $, .RADIAN. ) );
#7852 = LINE ( 'NONE', #9665, #4420 ) ;
#7853 = FACE_OUTER_BOUND ( 'NONE', #7962, .T. ) ;
#7854 = DIRECTION ( 'NONE',  ( 1.817990202823693835E-15, 0.0000000000000000000, -1.000000000000000000 ) ) ;
#7855 = CARTESIAN_POINT ( 'NONE',  ( 0.4432086614173177397, 0.1535433070866137062, -0.2375984251968525085 ) ) ;
#7856 = DIRECTION ( 'NONE',  ( -1.154489273450654979E-15, 0.9701425001453140018, -0.2425356250364040234 ) ) ;
#7857 = PRESENTATION_LAYER_ASSIGNMENT (  '', '', ( #10894 ) ) ;
#7858 = PRESENTATION_LAYER_ASSIGNMENT (  '', '', ( #5269 ) ) ;
#7859 = EDGE_LOOP ( 'NONE', ( #7530, #5153, #6228, #5428 ) ) ;
#7860 = DIRECTION ( 'NONE',  ( -1.000000000000000000, -1.644517855225996559E-15, -1.817990202823693835E-15 ) ) ;
#7861 = PRESENTATION_STYLE_ASSIGNMENT (( #6077 ) ) ;
#7862 = CARTESIAN_POINT ( 'NONE',  ( 0.4058070866141673116, 0.1279527559055112784, -0.03267716535433286273 ) ) ;
#7863 = AXIS2_PLACEMENT_3D ( 'NONE', #11457, #7728, #9532 ) ;
#7864 = CARTESIAN_POINT ( 'NONE',  ( 0.4432086614173176842, 0.1476377952755900669, -0.1990157480314981575 ) ) ;
#7865 = CARTESIAN_POINT ( 'NONE',  ( 0.2542085087882428596, 0.06733071061424725223, -0.1604330708661441673 ) ) ;
#7866 =( NAMED_UNIT ( * ) PLANE_ANGLE_UNIT ( ) SI_UNIT ( $, .RADIAN. ) );
#7867 = VECTOR ( 'NONE', #5708, 39.37007874015748143 ) ;
#7868 = CARTESIAN_POINT ( 'NONE',  ( 0.2660249164800736477, 0.08937007874015670539, -0.2104330708661442395 ) ) ;
#7869 = ORIENTED_EDGE ( 'NONE', *, *, #8536, .T. ) ;
#7870 = EDGE_CURVE ( 'NONE', #5464, #5105, #8333, .T. ) ;
#7871 = VECTOR ( 'NONE', #2199, 39.37007874015748143 ) ;
#7872 = SURFACE_STYLE_USAGE ( .BOTH. , #808 ) ;
#7873 = DIRECTION ( 'NONE',  ( 1.364855394706498281E-15, 0.2425356250363099597, -0.9701425001453376495 ) ) ;
#7874 = VECTOR ( 'NONE', #10049, 39.37007874015748143 ) ;
#7875 = ORIENTED_EDGE ( 'NONE', *, *, #750, .T. ) ;
#7876 = EDGE_CURVE ( 'NONE', #983, #2803, #2919, .T. ) ;
#7877 = VECTOR ( 'NONE', #3252, 39.37007874015747433 ) ;
#7878 = ORIENTED_EDGE ( 'NONE', *, *, #937, .T. ) ;
#7879 = VECTOR ( 'NONE', #94, 39.37007874015748854 ) ;
#7880 = PRESENTATION_LAYER_ASSIGNMENT (  '', '', ( #7520 ) ) ;
#7881 = DIRECTION ( 'NONE',  ( 1.644517855225996559E-15, -1.000000000000000000, 2.970554346222871178E-30 ) ) ;
#7882 =( GEOMETRIC_REPRESENTATION_CONTEXT ( 3 ) GLOBAL_UNCERTAINTY_ASSIGNED_CONTEXT ( ( #4240 ) ) GLOBAL_UNIT_ASSIGNED_CONTEXT ( ( #4729, #3692, #1132 ) ) REPRESENTATION_CONTEXT ( 'NONE', 'WORKASPACE' ) );
#7883 = DIRECTION ( 'NONE',  ( 1.019786107410400490E-14, 1.000000000000000000, 1.855877452542481725E-29 ) ) ;
#7884 =( GEOMETRIC_REPRESENTATION_CONTEXT ( 3 ) GLOBAL_UNCERTAINTY_ASSIGNED_CONTEXT ( ( #1920 ) ) GLOBAL_UNIT_ASSIGNED_CONTEXT ( ( #7407, #10976, #2030 ) ) REPRESENTATION_CONTEXT ( 'NONE', 'WORKASPACE' ) );
#7885 = LINE ( 'NONE', #936, #10773 ) ;
#7886 = EDGE_CURVE ( 'NONE', #5167, #9767, #5573, .T. ) ;
#7887 =( CONVERSION_BASED_UNIT ( 'INCH', #2639 ) LENGTH_UNIT ( ) NAMED_UNIT ( #9852 ) );
#7888 = VECTOR ( 'NONE', #7922, 39.37007874015748143 ) ;
#7889 = ORIENTED_EDGE ( 'NONE', *, *, #8898, .T. ) ;
#7890 = ADVANCED_FACE ( 'NONE', ( #11101 ), #7420, .F. ) ;
#7891 = DIRECTION ( 'NONE',  ( 1.817990202823693835E-15, 0.0000000000000000000, -1.000000000000000000 ) ) ;
#7892 = ORIENTED_EDGE ( 'NONE', *, *, #10830, .F. ) ;
#7894 = DIRECTION ( 'NONE',  ( -1.817990202823693835E-15, 0.0000000000000000000, 1.000000000000000000 ) ) ;
#7893 = AXIS2_PLACEMENT_3D ( 'NONE', #10813, #2690, #6211 ) ;
#7895 = ORIENTED_EDGE ( 'NONE', *, *, #653, .T. ) ;
#7896 = VECTOR ( 'NONE', #8488, 39.37007874015748143 ) ;
#7897 = VECTOR ( 'NONE', #10789, 39.37007874015748143 ) ;
#7898 = PLANE ( 'NONE',  #8673 ) ;
#7899 = CARTESIAN_POINT ( 'NONE',  ( 0.2660249164800734811, 0.08937007874015670539, -0.1604330708661441673 ) ) ;
#7900 = PLANE ( 'NONE',  #553 ) ;
#7901 = SURFACE_STYLE_USAGE ( .BOTH. , #3287 ) ;
#7902 = DIMENSIONAL_EXPONENTS ( 1.000000000000000000, 0.0000000000000000000, 0.0000000000000000000, 0.0000000000000000000, 0.0000000000000000000, 0.0000000000000000000, 0.0000000000000000000 ) ;
#7903 = LENGTH_MEASURE_WITH_UNIT ( LENGTH_MEASURE( 0.02539999999999999897 ), #6057 );
#7904 = ADVANCED_FACE ( 'NONE', ( #7712 ), #8568, .F. ) ;
#7905 = STYLED_ITEM ( 'NONE', ( #5394 ), #4289 ) ;
#7906 = LINE ( 'NONE', #8851, #583 ) ;
#7907 = VERTEX_POINT ( 'NONE', #4291 ) ;
#7908 = EDGE_LOOP ( 'NONE', ( #6985, #4004, #7030, #9708 ) ) ;
#7909 = ORIENTED_EDGE ( 'NONE', *, *, #1737, .F. ) ;
#7910 = CARTESIAN_POINT ( 'NONE',  ( 0.2175196850393644743, 0.05905511811023538005, -0.07618110236220727860 ) ) ;
#7911 = ORIENTED_EDGE ( 'NONE', *, *, #9833, .F. ) ;
#7912 = SURFACE_SIDE_STYLE ('',( #1563 ) ) ;
#7913 = MECHANICAL_DESIGN_GEOMETRIC_PRESENTATION_REPRESENTATION (  '', ( #3857 ), #884 ) ;
#7914 = FILL_AREA_STYLE ('',( #569 ) ) ;
#7915 =( LENGTH_UNIT ( ) NAMED_UNIT ( * ) SI_UNIT ( $, .METRE. ) );
#7916 = UNCERTAINTY_MEASURE_WITH_UNIT (LENGTH_MEASURE( 1.000000000000000082E-05 ), #3956, 'distance_accuracy_value', 'NONE');
#7917 = FILL_AREA_STYLE_COLOUR ( '', #7142 ) ;
#7918 = SURFACE_STYLE_USAGE ( .BOTH. , #4400 ) ;
#7919 = VERTEX_POINT ( 'NONE', #571 ) ;
#7920 = DIRECTION ( 'NONE',  ( 0.0000000000000000000, -1.000000000000000000, 0.0000000000000000000 ) ) ;
#7921 = SURFACE_STYLE_FILL_AREA ( #626 ) ;
#7922 = DIRECTION ( 'NONE',  ( 1.817990202823693835E-15, 0.0000000000000000000, -1.000000000000000000 ) ) ;
#7923 = DIRECTION ( 'NONE',  ( -0.9317773919853016285, -0.3630301527216017177, -2.628368902995158081E-15 ) ) ;
#7924 = SURFACE_STYLE_USAGE ( .BOTH. , #6138 ) ;
#7925 = UNCERTAINTY_MEASURE_WITH_UNIT (LENGTH_MEASURE( 1.000000000000000082E-05 ), #313, 'distance_accuracy_value', 'NONE');
#7926 = CARTESIAN_POINT ( 'NONE',  ( 0.4432086614173170735, 0.1476377952755900669, -0.04901574803149815612 ) ) ;
#7927 = LINE ( 'NONE', #4527, #6419 ) ;
#7928 = PLANE ( 'NONE',  #2431 ) ;
#7929 = CARTESIAN_POINT ( 'NONE',  ( 0.2660249164800728705, 0.08937007874015670539, -0.01043307086614417636 ) ) ;
#7930 = ORIENTED_EDGE ( 'NONE', *, *, #8889, .T. ) ;
#7931 = DIRECTION ( 'NONE',  ( -1.817990202823693835E-15, 0.0000000000000000000, 1.000000000000000000 ) ) ;
#7932 = ORIENTED_EDGE ( 'NONE', *, *, #130, .F. ) ;
#7933 = VECTOR ( 'NONE', #5724, 39.37007874015748143 ) ;
#7934 = ORIENTED_EDGE ( 'NONE', *, *, #2731, .F. ) ;
#7935 =( NAMED_UNIT ( * ) SI_UNIT ( $, .STERADIAN. ) SOLID_ANGLE_UNIT ( ) );
#7936 =( LENGTH_UNIT ( ) NAMED_UNIT ( * ) SI_UNIT ( $, .METRE. ) );
#7937 =( NAMED_UNIT ( * ) SI_UNIT ( $, .STERADIAN. ) SOLID_ANGLE_UNIT ( ) );
#7938 = LINE ( 'NONE', #1827, #4308 ) ;
#7939 = EDGE_CURVE ( 'NONE', #5277, #7092, #524, .T. ) ;
#7940 = AXIS2_PLACEMENT_3D ( 'NONE', #9390, #8677, #10326 ) ;
#7941 = DIRECTION ( 'NONE',  ( 1.000000000000000000, 1.644517855225996559E-15, 1.817990202823693835E-15 ) ) ;
#7942 = EDGE_CURVE ( 'NONE', #9836, #4797, #3935, .T. ) ;
#7943 =( NAMED_UNIT ( * ) SI_UNIT ( $, .STERADIAN. ) SOLID_ANGLE_UNIT ( ) );
#7944 = FILL_AREA_STYLE_COLOUR ( '', #6761 ) ;
#7945 = SURFACE_STYLE_USAGE ( .BOTH. , #9535 ) ;
#7946 = ORIENTED_EDGE ( 'NONE', *, *, #10167, .F. ) ;
#7947 = DIRECTION ( 'NONE',  ( -1.817990202823693835E-15, 0.0000000000000000000, 1.000000000000000000 ) ) ;
#7948 = VERTEX_POINT ( 'NONE', #8458 ) ;
#7949 =( GEOMETRIC_REPRESENTATION_CONTEXT ( 3 ) GLOBAL_UNCERTAINTY_ASSIGNED_CONTEXT ( ( #6068 ) ) GLOBAL_UNIT_ASSIGNED_CONTEXT ( ( #1311, #7272, #3985 ) ) REPRESENTATION_CONTEXT ( 'NONE', 'WORKASPACE' ) );
#7950 = VERTEX_POINT ( 'NONE', #9511 ) ;
#7951 = EDGE_CURVE ( 'NONE', #6926, #9384, #10344, .T. ) ;
#7952 = FACE_OUTER_BOUND ( 'NONE', #6511, .T. ) ;
#7953 = CARTESIAN_POINT ( 'NONE',  ( 0.2476053619159083452, 0.06990336523983385619, -0.2104330708661442395 ) ) ;
#7954 = EDGE_CURVE ( 'NONE', #5464, #10580, #2388, .T. ) ;
#7955 = SURFACE_STYLE_FILL_AREA ( #6981 ) ;
#7956 = LINE ( 'NONE', #5234, #3991 ) ;
#7957 = DIRECTION ( 'NONE',  ( -1.644517855225997348E-15, 1.000000000000000000, -2.989717349169496850E-30 ) ) ;
#7958 = AXIS2_PLACEMENT_3D ( 'NONE', #3029, #1056, #5455 ) ;
#7959 = LINE ( 'NONE', #3630, #5222 ) ;
#7960 = EDGE_LOOP ( 'NONE', ( #5829, #3605, #7443, #6339, #5590, #7026, #6987, #9786 ) ) ;
#7961 = ORIENTED_EDGE ( 'NONE', *, *, #9736, .F. ) ;
#7962 = EDGE_LOOP ( 'NONE', ( #11212, #6222, #3619, #1411 ) ) ;
#7963 = DIRECTION ( 'NONE',  ( 1.000000000000000000, 1.644517855225996559E-15, 1.817990202823693835E-15 ) ) ;
#7964 = ORIENTED_EDGE ( 'NONE', *, *, #9417, .F. ) ;
#7965 = ADVANCED_FACE ( 'NONE', ( #5096 ), #5910, .T. ) ;
#7966 = VECTOR ( 'NONE', #9515, 39.37007874015748143 ) ;
#7967 = CARTESIAN_POINT ( 'NONE',  ( 0.5442913385826723127, 0.06614173228346426070, -0.2486220472440964502 ) ) ;
#7968 = CARTESIAN_POINT ( 'NONE',  ( 0.5076025148337942605, 0.06733071061424766857, -0.2261811023622067873 ) ) ;
#7969 = EDGE_CURVE ( 'NONE', #8356, #4044, #8930, .T. ) ;
#7970 = ORIENTED_EDGE ( 'NONE', *, *, #1157, .T. ) ;
#7971 =( NAMED_UNIT ( * ) SI_UNIT ( $, .STERADIAN. ) SOLID_ANGLE_UNIT ( ) );
#7972 = CARTESIAN_POINT ( 'NONE',  ( 0.3186023622047194359, 0.1476377952755898726, -0.2490157480314983962 ) ) ;
#7973 = CARTESIAN_POINT ( 'NONE',  ( 0.3809055118110175608, 0.1417322834645663443, 0.03759842519684818141 ) ) ;
#7974 = CARTESIAN_POINT ( 'NONE',  ( 0.2836614173228287905, 0.06299212598425124598, 0.02657480314960392054 ) ) ;
#7975 = ORIENTED_EDGE ( 'NONE', *, *, #10240, .T. ) ;
#7976 = FILL_AREA_STYLE ('',( #4461 ) ) ;
#7977 = DIRECTION ( 'NONE',  ( 1.644517855225997348E-15, -1.000000000000000000, 2.970554346222872930E-30 ) ) ;
#7978 = VECTOR ( 'NONE', #9298, 39.37007874015748143 ) ;
#7979 = DIMENSIONAL_EXPONENTS ( 1.000000000000000000, 0.0000000000000000000, 0.0000000000000000000, 0.0000000000000000000, 0.0000000000000000000, 0.0000000000000000000, 0.0000000000000000000 ) ;
#7980 = CARTESIAN_POINT ( 'NONE',  ( 0.4058070866141672561, 0.1240157480314955235, -0.005314960629923433377 ) ) ;
#7981 = DIRECTION ( 'NONE',  ( -1.644517855225997348E-15, 1.000000000000000000, -2.989717349169496850E-30 ) ) ;
#7982 = DIRECTION ( 'NONE',  ( -1.000000000000000000, -1.644517855225996559E-15, -1.817990202823693835E-15 ) ) ;
#7983 = CARTESIAN_POINT ( 'NONE',  ( 0.4432086614173176842, 0.1535433070866137062, -0.1990157480314981575 ) ) ;
#7984 = AXIS2_PLACEMENT_3D ( 'NONE', #5210, #71, #3480 ) ;
#7985 =( GEOMETRIC_REPRESENTATION_CONTEXT ( 3 ) GLOBAL_UNCERTAINTY_ASSIGNED_CONTEXT ( ( #2282 ) ) GLOBAL_UNIT_ASSIGNED_CONTEXT ( ( #9380, #7575, #9437 ) ) REPRESENTATION_CONTEXT ( 'NONE', 'WORKASPACE' ) );
#7986 = DIRECTION ( 'NONE',  ( -1.000000000000000000, -1.644517855225996559E-15, -1.817990202823693835E-15 ) ) ;
#7987 = FILL_AREA_STYLE ('',( #3598 ) ) ;
#7988 =( NAMED_UNIT ( * ) PLANE_ANGLE_UNIT ( ) SI_UNIT ( $, .RADIAN. ) );
#7989 = EDGE_LOOP ( 'NONE', ( #5101, #3236, #1173, #9312, #9011, #6121, #6641, #8046, #2811, #5140, #4042, #2213, #1540, #4403, #5240, #8528, #4807, #3473, #2655, #9798, #9067, #10270, #9247, #10439, #4562, #7103, #11304, #6816 ) ) ;
#7990 = LINE ( 'NONE', #7227, #839 ) ;
#7991 = VERTEX_POINT ( 'NONE', #8101 ) ;
#7992 = CARTESIAN_POINT ( 'NONE',  ( 0.3186023622047184922, 0.1535433070866134841, -0.03759842519685268475 ) ) ;
#7993 = VECTOR ( 'NONE', #6363, 39.37007874015748143 ) ;
#7994 = VERTEX_POINT ( 'NONE', #6948 ) ;
#7995 = SURFACE_STYLE_USAGE ( .BOTH. , #4363 ) ;
#7996 = LENGTH_MEASURE_WITH_UNIT ( LENGTH_MEASURE( 0.02539999999999999897 ), #7936 );
#7997 = DIRECTION ( 'NONE',  ( -0.9317773919853026277, 0.3630301527215991642, -2.891205793294675467E-15 ) ) ;
#7998 = CARTESIAN_POINT ( 'NONE',  ( 0.3821850393700738091, 0.1240157480314797583, -0.2553149606299235375 ) ) ;
#7999 = AXIS2_PLACEMENT_3D ( 'NONE', #992, #4812, #7540 ) ;
#8000 = DIRECTION ( 'NONE',  ( -1.817990202823693835E-15, 3.503246160812042677E-46, 1.000000000000000000 ) ) ;
#8001 = DIRECTION ( 'NONE',  ( 1.644517855225996559E-15, -1.000000000000000000, 2.970554346222871178E-30 ) ) ;
#8002 = EDGE_LOOP ( 'NONE', ( #10186, #7334, #5421, #5814 ) ) ;
#8003 = CARTESIAN_POINT ( 'NONE',  ( 0.5442913385826716466, 0.05905511811023591434, -0.06043307086614363444 ) ) ;
#8004 = VERTEX_POINT ( 'NONE', #1808 ) ;
#8005 = DIRECTION ( 'NONE',  ( 1.817990202823693835E-15, 0.0000000000000000000, -1.000000000000000000 ) ) ;
#8006 = ORIENTED_EDGE ( 'NONE', *, *, #5143, .T. ) ;
#8007 =( LENGTH_UNIT ( ) NAMED_UNIT ( * ) SI_UNIT ( $, .METRE. ) );
#8008 = CARTESIAN_POINT ( 'NONE',  ( 0.5142056617061283585, 0.06990336523983428640, -0.1104330708661437066 ) ) ;
#8009 = MECHANICAL_DESIGN_GEOMETRIC_PRESENTATION_REPRESENTATION (  '', ( #2482 ), #3217 ) ;
#8010 =( NAMED_UNIT ( * ) SI_UNIT ( $, .STERADIAN. ) SOLID_ANGLE_UNIT ( ) );
#8011 = FILL_AREA_STYLE_COLOUR ( '', #614 ) ;
#8012 = PRESENTATION_STYLE_ASSIGNMENT (( #8783 ) ) ;
#8013 = FACE_OUTER_BOUND ( 'NONE', #4611, .T. ) ;
#8014 = LENGTH_MEASURE_WITH_UNIT ( LENGTH_MEASURE( 0.02539999999999999897 ), #3455 );
#8015 = ORIENTED_EDGE ( 'NONE', *, *, #3509, .F. ) ;
#8016 = EDGE_CURVE ( 'NONE', #4192, #10491, #6083, .T. ) ;
#8017 = ORIENTED_EDGE ( 'NONE', *, *, #11182, .F. ) ;
#8018 = ORIENTED_EDGE ( 'NONE', *, *, #1291, .T. ) ;
#8019 = EDGE_CURVE ( 'NONE', #2669, #9871, #5327, .T. ) ;
#8020 = CARTESIAN_POINT ( 'NONE',  ( 0.5142056617061284696, 0.06990336523983428640, -0.1261811023622067540 ) ) ;
#8021 = ORIENTED_EDGE ( 'NONE', *, *, #8166, .T. ) ;
#8022 = EDGE_CURVE ( 'NONE', #1973, #99, #7434, .T. ) ;
#8023 = VECTOR ( 'NONE', #3148, 39.37007874015748143 ) ;
#8024 = DIRECTION ( 'NONE',  ( 0.0000000000000000000, -1.000000000000000000, 0.0000000000000000000 ) ) ;
#8025 = AXIS2_PLACEMENT_3D ( 'NONE', #8102, #2135, #2082 ) ;
#8026 = UNCERTAINTY_MEASURE_WITH_UNIT (LENGTH_MEASURE( 1.000000000000000082E-05 ), #5039, 'distance_accuracy_value', 'NONE');
#8027 = VERTEX_POINT ( 'NONE', #186 ) ;
#8028 = SURFACE_STYLE_USAGE ( .BOTH. , #4514 ) ;
#8029 = DIRECTION ( 'NONE',  ( 0.5643446851342109882, -0.8255392639728097448, 1.314184451497580421E-15 ) ) ;
#8030 = SURFACE_SIDE_STYLE ('',( #734 ) ) ;
#8031 = DIRECTION ( 'NONE',  ( 1.000000000000000000, 1.644517855225996559E-15, 1.817990202823693835E-15 ) ) ;
#8032 = CARTESIAN_POINT ( 'NONE',  ( 0.4058070866141681443, 0.1448818897637632330, -0.2053149606299234653 ) ) ;
#8033 = VECTOR ( 'NONE', #7531, 39.37007874015748143 ) ;
#8034 = ORIENTED_EDGE ( 'NONE', *, *, #2090, .F. ) ;
#8035 = EDGE_CURVE ( 'NONE', #4054, #1233, #6267, .T. ) ;
#8036 =( CONVERSION_BASED_UNIT ( 'INCH', #8152 ) LENGTH_UNIT ( ) NAMED_UNIT ( #10180 ) );
#8037 =( GEOMETRIC_REPRESENTATION_CONTEXT ( 3 ) GLOBAL_UNCERTAINTY_ASSIGNED_CONTEXT ( ( #10293 ) ) GLOBAL_UNIT_ASSIGNED_CONTEXT ( ( #10265, #7751, #11090 ) ) REPRESENTATION_CONTEXT ( 'NONE', 'WORKASPACE' ) );
#8038 = EDGE_CURVE ( 'NONE', #4507, #8670, #10516, .T. ) ;
#8039 = LINE ( 'NONE', #3591, #4037 ) ;
#8040 = COLOUR_RGB ( '',0.7607843137254901578, 0.7607843137254901578, 0.0000000000000000000 ) ;
#8041 = LINE ( 'NONE', #69, #7732 ) ;
#8042 = UNCERTAINTY_MEASURE_WITH_UNIT (LENGTH_MEASURE( 1.000000000000000082E-05 ), #5229, 'distance_accuracy_value', 'NONE');
#8043 = STYLED_ITEM ( 'NONE', ( #10903 ), #10034 ) ;
#8044 =( NAMED_UNIT ( * ) SI_UNIT ( $, .STERADIAN. ) SOLID_ANGLE_UNIT ( ) );
#8045 = DIRECTION ( 'NONE',  ( 1.817990202823693835E-15, -3.503246160812042677E-46, -1.000000000000000000 ) ) ;
#8046 = ORIENTED_EDGE ( 'NONE', *, *, #6065, .F. ) ;
#8047 = EDGE_CURVE ( 'NONE', #6696, #2882, #4350, .T. ) ;
#8048 = FACE_OUTER_BOUND ( 'NONE', #11084, .T. ) ;
#8049 = ORIENTED_EDGE ( 'NONE', *, *, #1976, .F. ) ;
#8050 = VECTOR ( 'NONE', #984, 39.37007874015748143 ) ;
#8051 = DIRECTION ( 'NONE',  ( 0.5643446851342062143, 0.8255392639728129645, 1.084202172485503842E-15 ) ) ;
#8052 = VECTOR ( 'NONE', #363, 39.37007874015748143 ) ;
#8053 = VERTEX_POINT ( 'NONE', #7983 ) ;
#8054 = CARTESIAN_POINT ( 'NONE',  ( 0.3560039370078680876, 0.1240157480314796890, -0.004921259842521943581 ) ) ;
#8055 = MECHANICAL_DESIGN_GEOMETRIC_PRESENTATION_REPRESENTATION (  '', ( #123 ), #10497 ) ;
#8056 =( LENGTH_UNIT ( ) NAMED_UNIT ( * ) SI_UNIT ( $, .METRE. ) );
#8057 = PLANE ( 'NONE',  #248 ) ;
#8058 = VECTOR ( 'NONE', #9564, 39.37007874015748143 ) ;
#8059 = MECHANICAL_DESIGN_GEOMETRIC_PRESENTATION_REPRESENTATION (  '', ( #7515 ), #1416 ) ;
#8060 = ORIENTED_EDGE ( 'NONE', *, *, #7954, .F. ) ;
#8061 = VECTOR ( 'NONE', #5960, 39.37007874015748143 ) ;
#8062 = FILL_AREA_STYLE_COLOUR ( '', #2538 ) ;
#8063 = DIRECTION ( 'NONE',  ( 1.000000000000000000, 1.644517855225996559E-15, 1.817990202823693835E-15 ) ) ;
#8064 = ORIENTED_EDGE ( 'NONE', *, *, #11322, .T. ) ;
#8065 = SURFACE_STYLE_USAGE ( .BOTH. , #6457 ) ;
#8066 = VECTOR ( 'NONE', #5353, 39.37007874015748143 ) ;
#8067 = ORIENTED_EDGE ( 'NONE', *, *, #11324, .F. ) ;
#8068 = LINE ( 'NONE', #155, #9386 ) ;
#8069 = AXIS2_PLACEMENT_3D ( 'NONE', #5630, #9824, #2757 ) ;
#8070 = ORIENTED_EDGE ( 'NONE', *, *, #2943, .T. ) ;
#8071 = AXIS2_PLACEMENT_3D ( 'NONE', #4179, #1397, #3138 ) ;
#8072 = DIMENSIONAL_EXPONENTS ( 1.000000000000000000, 0.0000000000000000000, 0.0000000000000000000, 0.0000000000000000000, 0.0000000000000000000, 0.0000000000000000000, 0.0000000000000000000 ) ;
#8073 = AXIS2_PLACEMENT_3D ( 'NONE', #4642, #3893, #6441 ) ;
#8074 = AXIS2_PLACEMENT_3D ( 'NONE', #10093, #567, #4066 ) ;
#8075 = LENGTH_MEASURE_WITH_UNIT ( LENGTH_MEASURE( 0.02539999999999999897 ), #9949 );
#8076 = LINE ( 'NONE', #9504, #5020 ) ;
#8077 = ORIENTED_EDGE ( 'NONE', *, *, #10456, .F. ) ;
#8078 = VERTEX_POINT ( 'NONE', #1691 ) ;
#8079 = CARTESIAN_POINT ( 'NONE',  ( 0.5001882050568451366, 0.08636077237506221971, -0.1604330708661437788 ) ) ;
#8080 = ORIENTED_EDGE ( 'NONE', *, *, #4775, .T. ) ;
#8081 = COLOUR_RGB ( '',1.000000000000000000, 1.000000000000000000, 1.000000000000000000 ) ;
#8082 = PRESENTATION_LAYER_ASSIGNMENT (  '', '', ( #2737 ) ) ;
#8083 = CARTESIAN_POINT ( 'NONE',  ( 0.2421027395222936085, 0.06614173228346377498, -0.06043307086614425200 ) ) ;
#8084 = EDGE_CURVE ( 'NONE', #7948, #11403, #406, .T. ) ;
#8085 = PRESENTATION_LAYER_ASSIGNMENT (  '', '', ( #2922 ) ) ;
#8086 = VERTEX_POINT ( 'NONE', #7008 ) ;
#8087 = DIRECTION ( 'NONE',  ( 1.000000000000000000, 1.644517855225996559E-15, 1.817990202823693835E-15 ) ) ;
#8088 =( LENGTH_UNIT ( ) NAMED_UNIT ( * ) SI_UNIT ( $, .METRE. ) );
#8089 = PLANE ( 'NONE',  #5451 ) ;
#8090 = CARTESIAN_POINT ( 'NONE',  ( 0.2746062992125923308, 0.1358267716535425662, -0.3242125984252002269 ) ) ;
#8091 = CARTESIAN_POINT ( 'NONE',  ( 0.4432086614173176842, 0.1476377952755900669, -0.1990157480314981575 ) ) ;
#8092 = EDGE_CURVE ( 'NONE', #1588, #838, #8750, .T. ) ;
#8093 = EDGE_CURVE ( 'NONE', #9121, #7763, #1862, .T. ) ;
#8094 = ORIENTED_EDGE ( 'NONE', *, *, #10018, .F. ) ;
#8095 = LINE ( 'NONE', #1090, #3988 ) ;
#8096 = VECTOR ( 'NONE', #4348, 39.37007874015748143 ) ;
#8097 = PLANE ( 'NONE',  #9403 ) ;
#8098 =( LENGTH_UNIT ( ) NAMED_UNIT ( * ) SI_UNIT ( $, .METRE. ) );
#8099 = DIRECTION ( 'NONE',  ( 1.817990202823693835E-15, -3.503246160812042677E-46, -1.000000000000000000 ) ) ;
#8100 = EDGE_CURVE ( 'NONE', #9310, #8053, #2788, .T. ) ;
#8101 = CARTESIAN_POINT ( 'NONE',  ( 0.2746062992125935520, 0.08937007874015673314, -0.2604330708661442007 ) ) ;
#8102 = CARTESIAN_POINT ( 'NONE',  ( 0.2421027395222936085, 0.07204724409448738653, -0.06043307086614425200 ) ) ;
#8103 = CARTESIAN_POINT ( 'NONE',  ( 0.2660249164800737032, 0.08464566929133782169, -0.2261811023622072314 ) ) ;
#8104 = CYLINDRICAL_SURFACE ( 'NONE', #4693, 0.01181102362204724046 ) ;
#8105 = EDGE_CURVE ( 'NONE', #7180, #8891, #7112, .T. ) ;
#8106 =( GEOMETRIC_REPRESENTATION_CONTEXT ( 3 ) GLOBAL_UNCERTAINTY_ASSIGNED_CONTEXT ( ( #1325 ) ) GLOBAL_UNIT_ASSIGNED_CONTEXT ( ( #6125, #2719, #3521 ) ) REPRESENTATION_CONTEXT ( 'NONE', 'WORKASPACE' ) );
#8107 = CARTESIAN_POINT ( 'NONE',  ( 0.4058070866141678112, 0.1240157480314955235, -0.04192913385826993466 ) ) ;
#8108 = CARTESIAN_POINT ( 'NONE',  ( 0.5442913385826720907, 0.05905511811023591434, -0.2104330708661436566 ) ) ;
#8109 = DIRECTION ( 'NONE',  ( 0.9317773919853026277, -0.3630301527215995527, 1.693962169841892772E-15 ) ) ;
#8110 = ORIENTED_EDGE ( 'NONE', *, *, #268, .F. ) ;
#8111 = CARTESIAN_POINT ( 'NONE',  ( 0.4058070866141677557, 0.1240157480314955235, -0.1316929133858289747 ) ) ;
#8112 = COLOUR_RGB ( '',1.000000000000000000, 1.000000000000000000, 1.000000000000000000 ) ;
#8113 = CARTESIAN_POINT ( 'NONE',  ( 0.3821850393700734760, 0.1240157480314797583, -0.1553149606299235042 ) ) ;
#8114 = EDGE_CURVE ( 'NONE', #5292, #8853, #581, .T. ) ;
#8115 = DIRECTION ( 'NONE',  ( 1.000000000000000000, 1.644517855225997348E-15, 1.817990202823693441E-15 ) ) ;
#8116 = DIRECTION ( 'NONE',  ( 1.644517855225997348E-15, -1.000000000000000000, 2.970554346222872930E-30 ) ) ;
#8117 = DIRECTION ( 'NONE',  ( 0.3630301527215994972, 0.9317773919853026277, 6.599852609774574981E-16 ) ) ;
#8118 = FILL_AREA_STYLE ('',( #6333 ) ) ;
#8119 = CARTESIAN_POINT ( 'NONE',  ( 0.4058070866141675892, 0.1240157480314955235, 0.008070866141730076784 ) ) ;
#8120 = EDGE_LOOP ( 'NONE', ( #555, #8240, #2215, #4269, #4633 ) ) ;
#8121 = VECTOR ( 'NONE', #4478, 39.37007874015748143 ) ;
#8122 = LINE ( 'NONE', #6395, #2302 ) ;
#8123 = ORIENTED_EDGE ( 'NONE', *, *, #7807, .T. ) ;
#8124 = DIRECTION ( 'NONE',  ( 1.807634335923344096E-15, -0.9956001436530541593, 0.09370354293204573304 ) ) ;
#8125 = VERTEX_POINT ( 'NONE', #4408 ) ;
#8126 =( NAMED_UNIT ( * ) PLANE_ANGLE_UNIT ( ) SI_UNIT ( $, .RADIAN. ) );
#8127 = ORIENTED_EDGE ( 'NONE', *, *, #2235, .T. ) ;
#8128 = CIRCLE ( 'NONE', #4631, 0.01299212598425197526 ) ;
#8129 = FACE_OUTER_BOUND ( 'NONE', #3571, .T. ) ;
#8130 = DIRECTION ( 'NONE',  ( 1.519684859950636582E-14, 0.9701425001453376495, 0.2425356250363099597 ) ) ;
#8131 = SURFACE_STYLE_USAGE ( .BOTH. , #4616 ) ;
#8132 = DIMENSIONAL_EXPONENTS ( 1.000000000000000000, 0.0000000000000000000, 0.0000000000000000000, 0.0000000000000000000, 0.0000000000000000000, 0.0000000000000000000, 0.0000000000000000000 ) ;
#8133 =( NAMED_UNIT ( * ) SI_UNIT ( $, .STERADIAN. ) SOLID_ANGLE_UNIT ( ) );
#8134 = LINE ( 'NONE', #7261, #8173 ) ;
#8135 = EDGE_LOOP ( 'NONE', ( #7440, #9480, #2701, #2925 ) ) ;
#8136 = MECHANICAL_DESIGN_GEOMETRIC_PRESENTATION_REPRESENTATION (  '', ( #4452 ), #5556 ) ;
#8137 = ORIENTED_EDGE ( 'NONE', *, *, #2796, .T. ) ;
#8138 = CYLINDRICAL_SURFACE ( 'NONE', #1977, 0.005905511811023628037 ) ;
#8139 = ORIENTED_EDGE ( 'NONE', *, *, #9065, .T. ) ;
#8140 = SURFACE_STYLE_FILL_AREA ( #3813 ) ;
#8141 = FILL_AREA_STYLE ('',( #4625 ) ) ;
#8142 = COLOUR_RGB ( '',0.7607843137254901578, 0.7607843137254901578, 0.0000000000000000000 ) ;
#8143 = UNCERTAINTY_MEASURE_WITH_UNIT (LENGTH_MEASURE( 1.000000000000000082E-05 ), #1954, 'distance_accuracy_value', 'NONE');
#8144 = ORIENTED_EDGE ( 'NONE', *, *, #5332, .F. ) ;
#8145 = LENGTH_MEASURE_WITH_UNIT ( LENGTH_MEASURE( 0.02539999999999999897 ), #9037 );
#8146 = LINE ( 'NONE', #11073, #4261 ) ;
#8147 = DIRECTION ( 'NONE',  ( 0.5643446851342075465, -0.8255392639728119653, 0.0000000000000000000 ) ) ;
#8148 = DIRECTION ( 'NONE',  ( 1.000000000000000000, 1.644517855225996559E-15, 1.817990202823693835E-15 ) ) ;
#8149 = CARTESIAN_POINT ( 'NONE',  ( 0.5142056617061285806, 0.06990336523983428640, -0.1604330708661436955 ) ) ;
#8150 = ORIENTED_EDGE ( 'NONE', *, *, #10845, .T. ) ;
#8151 = DIMENSIONAL_EXPONENTS ( 1.000000000000000000, 0.0000000000000000000, 0.0000000000000000000, 0.0000000000000000000, 0.0000000000000000000, 0.0000000000000000000, 0.0000000000000000000 ) ;
#8152 = LENGTH_MEASURE_WITH_UNIT ( LENGTH_MEASURE( 0.02539999999999999897 ), #7215 );
#8153 = AXIS2_PLACEMENT_3D ( 'NONE', #7289, #8993, #10931 ) ;
#8154 =( NAMED_UNIT ( * ) PLANE_ANGLE_UNIT ( ) SI_UNIT ( $, .RADIAN. ) );
#8155 = DIRECTION ( 'NONE',  ( 0.0000000000000000000, -1.000000000000000000, 0.0000000000000000000 ) ) ;
#8156 = EDGE_CURVE ( 'NONE', #10655, #8233, #6141, .T. ) ;
#8157 = UNCERTAINTY_MEASURE_WITH_UNIT (LENGTH_MEASURE( 1.000000000000000082E-05 ), #1859, 'distance_accuracy_value', 'NONE');
#8158 =( CONVERSION_BASED_UNIT ( 'INCH', #4641 ) LENGTH_UNIT ( ) NAMED_UNIT ( #1679 ) );
#8159 =( LENGTH_UNIT ( ) NAMED_UNIT ( * ) SI_UNIT ( $, .METRE. ) );
#8160 = DIRECTION ( 'NONE',  ( -0.3630301527215995527, -0.9317773919853026277, -6.599852609774574981E-16 ) ) ;
#8161 = CARTESIAN_POINT ( 'NONE',  ( 0.2746062992125928304, 0.08937007874015673314, -0.07618110236220720921 ) ) ;
#8162 = VECTOR ( 'NONE', #11284, 39.37007874015748143 ) ;
#8163 = LINE ( 'NONE', #2911, #1027 ) ;
#8164 = SURFACE_SIDE_STYLE ('',( #2792 ) ) ;
#8165 = ORIENTED_EDGE ( 'NONE', *, *, #2618, .T. ) ;
#8166 = EDGE_CURVE ( 'NONE', #5277, #2764, #3555, .T. ) ;
#8167 = CARTESIAN_POINT ( 'NONE',  ( 0.2421027395222938305, 0.06614173228346377498, -0.1261811023622072814 ) ) ;
#8168 = EDGE_CURVE ( 'NONE', #5866, #2467, #10634, .T. ) ;
#8169 = AXIS2_PLACEMENT_3D ( 'NONE', #2398, #642, #7768 ) ;
#8171 = DIRECTION ( 'NONE',  ( -1.817990202823693835E-15, 0.0000000000000000000, 1.000000000000000000 ) ) ;
#8170 = VECTOR ( 'NONE', #6140, 39.37007874015748143 ) ;
#8172 =( CONVERSION_BASED_UNIT ( 'INCH', #3724 ) LENGTH_UNIT ( ) NAMED_UNIT ( #8296 ) );
#8173 = VECTOR ( 'NONE', #5475, 39.37007874015748143 ) ;
#8174 = CARTESIAN_POINT ( 'NONE',  ( 0.4432086614173174621, 0.1476377952755900669, -0.1490157480314981686 ) ) ;
#8175 = FILL_AREA_STYLE ('',( #4656 ) ) ;
#8176 = CARTESIAN_POINT ( 'NONE',  ( 0.4957861071419630283, 0.08937007874015708009, -0.1104330708661437760 ) ) ;
#8177 = PLANE ( 'NONE',  #3346 ) ;
#8178 = CARTESIAN_POINT ( 'NONE',  ( 0.4058070866141683664, 0.1448818897637632330, -0.2553149606299234819 ) ) ;
#8179 = ORIENTED_EDGE ( 'NONE', *, *, #3224, .F. ) ;
#8180 = SURFACE_STYLE_FILL_AREA ( #9070 ) ;
#8181 = EDGE_LOOP ( 'NONE', ( #5331, #4712, #10131, #5192 ) ) ;
#8182 = COLOUR_RGB ( '',0.7607843137254901578, 0.7607843137254901578, 0.0000000000000000000 ) ;
#8183 = EDGE_CURVE ( 'NONE', #1248, #7699, #5723, .T. ) ;
#8184 = DIRECTION ( 'NONE',  ( 1.000000000000000000, 1.644517855225996559E-15, 1.817990202823693835E-15 ) ) ;
#8185 = VERTEX_POINT ( 'NONE', #9049 ) ;
#8186 = EDGE_CURVE ( 'NONE', #7195, #5942, #5505, .T. ) ;
#8187 = DIRECTION ( 'NONE',  ( 1.817990202823693835E-15, 0.0000000000000000000, -1.000000000000000000 ) ) ;
#8188 = ORIENTED_EDGE ( 'NONE', *, *, #2390, .T. ) ;
#8189 = SURFACE_STYLE_USAGE ( .BOTH. , #1124 ) ;
#8190 = FILL_AREA_STYLE ('',( #6512 ) ) ;
#8191 = CARTESIAN_POINT ( 'NONE',  ( 0.4058070866141683664, 0.1240157480314955235, -0.2549212598425218967 ) ) ;
#8192 = CARTESIAN_POINT ( 'NONE',  ( 0.4104330708661357296, 0.1358267716535427883, 0.01496062992125766176 ) ) ;
#8193 = FILL_AREA_STYLE_COLOUR ( '', #4906 ) ;
#8194 = DIRECTION ( 'NONE',  ( -1.000000000000000000, -1.644517855225996559E-15, 1.817990202823693835E-15 ) ) ;
#8195 =( LENGTH_UNIT ( ) NAMED_UNIT ( * ) SI_UNIT ( $, .METRE. ) );
#8196 = VERTEX_POINT ( 'NONE', #9272 ) ;
#8197 = EDGE_CURVE ( 'NONE', #3178, #8027, #6542, .T. ) ;
#8198 = VECTOR ( 'NONE', #2328, 39.37007874015748143 ) ;
#8199 = ORIENTED_EDGE ( 'NONE', *, *, #9683, .T. ) ;
#8200 = SURFACE_SIDE_STYLE ('',( #165 ) ) ;
#8201 = ORIENTED_EDGE ( 'NONE', *, *, #7184, .F. ) ;
#8202 = STYLED_ITEM ( 'NONE', ( #9588 ), #1254 ) ;
#8203 = VERTEX_POINT ( 'NONE', #288 ) ;
#8204 = CARTESIAN_POINT ( 'NONE',  ( 0.2746062992125929969, 0.09645669291338507256, -0.1261811023622072259 ) ) ;
#8205 = DIRECTION ( 'NONE',  ( 1.000000000000000000, 1.644517855225996559E-15, 1.817990202823693835E-15 ) ) ;
#8206 =( LENGTH_UNIT ( ) NAMED_UNIT ( * ) SI_UNIT ( $, .METRE. ) );
#8207 =( NAMED_UNIT ( * ) SI_UNIT ( $, .STERADIAN. ) SOLID_ANGLE_UNIT ( ) );
#8208 = CARTESIAN_POINT ( 'NONE',  ( 0.4957861071419626398, 0.09645669291338543339, -0.02618110236220680051 ) ) ;
#8209 = ORIENTED_EDGE ( 'NONE', *, *, #658, .T. ) ;
#8210 =( NAMED_UNIT ( * ) SI_UNIT ( $, .STERADIAN. ) SOLID_ANGLE_UNIT ( ) );
#8211 = DIRECTION ( 'NONE',  ( 1.154489273450655176E-15, -0.9701425001453140018, 0.2425356250364040234 ) ) ;
#8212 = CARTESIAN_POINT ( 'NONE',  ( 0.2746062992125929414, 0.09645669291338507256, -0.1104330708661441784 ) ) ;
#8213 = MECHANICAL_DESIGN_GEOMETRIC_PRESENTATION_REPRESENTATION (  '', ( #9707 ), #4888 ) ;
#8214 = SURFACE_STYLE_FILL_AREA ( #7347 ) ;
#8215 =( NAMED_UNIT ( * ) SI_UNIT ( $, .STERADIAN. ) SOLID_ANGLE_UNIT ( ) );
#8216 = CYLINDRICAL_SURFACE ( 'NONE', #1718, 0.01181102362204724046 ) ;
#8217 = VECTOR ( 'NONE', #3539, 39.37007874015748143 ) ;
#8218 = DIRECTION ( 'NONE',  ( -1.817990202823693835E-15, 0.0000000000000000000, 1.000000000000000000 ) ) ;
#8219 = LENGTH_MEASURE_WITH_UNIT ( LENGTH_MEASURE( 0.02539999999999999897 ), #9156 );
#8220 = SURFACE_STYLE_USAGE ( .BOTH. , #9221 ) ;
#8221 = CARTESIAN_POINT ( 'NONE',  ( 0.2746062992125923308, 0.1535433070866134286, -0.3242125984252002269 ) ) ;
#8222 = FILL_AREA_STYLE_COLOUR ( '', #10303 ) ;
#8223 = ORIENTED_EDGE ( 'NONE', *, *, #11120, .T. ) ;
#8224 = MECHANICAL_DESIGN_GEOMETRIC_PRESENTATION_REPRESENTATION (  '', ( #7483 ), #6567 ) ;
#8225 = DIMENSIONAL_EXPONENTS ( 1.000000000000000000, 0.0000000000000000000, 0.0000000000000000000, 0.0000000000000000000, 0.0000000000000000000, 0.0000000000000000000, 0.0000000000000000000 ) ;
#8226 = FACE_OUTER_BOUND ( 'NONE', #9361, .T. ) ;
#8227 = DIRECTION ( 'NONE',  ( 1.817990202823693835E-15, 0.0000000000000000000, -1.000000000000000000 ) ) ;
#8228 = EDGE_CURVE ( 'NONE', #9135, #7831, #10150, .T. ) ;
#8229 = PLANE ( 'NONE',  #11179 ) ;
#8230 = DIRECTION ( 'NONE',  ( 1.644517855225996559E-15, -1.000000000000000000, 2.970554346222871178E-30 ) ) ;
#8231 = CIRCLE ( 'NONE', #3613, 0.005905511811023602016 ) ;
#8232 = DIRECTION ( 'NONE',  ( -1.817990202823693441E-15, -1.916300294662321915E-32, -1.000000000000000000 ) ) ;
#8233 = VERTEX_POINT ( 'NONE', #2848 ) ;
#8234 = EDGE_CURVE ( 'NONE', #3429, #348, #9153, .T. ) ;
#8235 = AXIS2_PLACEMENT_3D ( 'NONE', #7718, #4415, #1814 ) ;
#8236 =( NAMED_UNIT ( * ) PLANE_ANGLE_UNIT ( ) SI_UNIT ( $, .RADIAN. ) );
#8237 = PRESENTATION_LAYER_ASSIGNMENT (  '', '', ( #4915 ) ) ;
#8238 = VERTEX_POINT ( 'NONE', #6374 ) ;
#8239 = ORIENTED_EDGE ( 'NONE', *, *, #3997, .T. ) ;
#8240 = ORIENTED_EDGE ( 'NONE', *, *, #3888, .T. ) ;
#8241 = CIRCLE ( 'NONE', #3260, 0.01181102362204725087 ) ;
#8242 = VECTOR ( 'NONE', #11327, 39.37007874015748143 ) ;
#8243 =( NAMED_UNIT ( * ) SI_UNIT ( $, .STERADIAN. ) SOLID_ANGLE_UNIT ( ) );
#8244 = ADVANCED_FACE ( 'NONE', ( #4754 ), #8216, .T. ) ;
#8245 = LENGTH_MEASURE_WITH_UNIT ( LENGTH_MEASURE( 0.02539999999999999897 ), #4884 );
#8246 = ADVANCED_FACE ( 'NONE', ( #7284 ), #7350, .F. ) ;
#8247 = PRESENTATION_LAYER_ASSIGNMENT (  '', '', ( #123 ) ) ;
#8248 = VECTOR ( 'NONE', #10656, 39.37007874015748143 ) ;
#8249 = ORIENTED_EDGE ( 'NONE', *, *, #6760, .F. ) ;
#8250 = VECTOR ( 'NONE', #1391, 39.37007874015748143 ) ;
#8251 = ORIENTED_EDGE ( 'NONE', *, *, #3224, .T. ) ;
#8252 =( CONVERSION_BASED_UNIT ( 'INCH', #3222 ) LENGTH_UNIT ( ) NAMED_UNIT ( #2165 ) );
#8253 = ORIENTED_EDGE ( 'NONE', *, *, #2599, .T. ) ;
#8254 = DIRECTION ( 'NONE',  ( -1.817990202823693835E-15, 0.0000000000000000000, 1.000000000000000000 ) ) ;
#8255 = VECTOR ( 'NONE', #18, 39.37007874015748143 ) ;
#8256 = STYLED_ITEM ( 'NONE', ( #4235 ), #2747 ) ;
#8257 = ADVANCED_FACE ( 'NONE', ( #6008 ), #9447, .F. ) ;
#8258 =( NAMED_UNIT ( * ) SI_UNIT ( $, .STERADIAN. ) SOLID_ANGLE_UNIT ( ) );
#8259 = DIRECTION ( 'NONE',  ( 1.817990202823693835E-15, 0.0000000000000000000, -1.000000000000000000 ) ) ;
#8260 = PRESENTATION_STYLE_ASSIGNMENT (( #227 ) ) ;
#8261 = SURFACE_STYLE_USAGE ( .BOTH. , #2019 ) ;
#8262 =( GEOMETRIC_REPRESENTATION_CONTEXT ( 3 ) GLOBAL_UNCERTAINTY_ASSIGNED_CONTEXT ( ( #3659 ) ) GLOBAL_UNIT_ASSIGNED_CONTEXT ( ( #2844, #9854, #4692 ) ) REPRESENTATION_CONTEXT ( 'NONE', 'WORKASPACE' ) );
#8263 = CARTESIAN_POINT ( 'NONE',  ( 0.3560039370078687537, 0.1240157480314954541, -0.09192913385827003458 ) ) ;
#8264 = ORIENTED_EDGE ( 'NONE', *, *, #2589, .T. ) ;
#8265 = VECTOR ( 'NONE', #735, 39.37007874015748143 ) ;
#8266 = VECTOR ( 'NONE', #11248, 39.37007874015748143 ) ;
#8267 = LINE ( 'NONE', #5828, #8845 ) ;
#8268 = VERTEX_POINT ( 'NONE', #2254 ) ;
#8269 = VECTOR ( 'NONE', #8355, 39.37007874015748143 ) ;
#8270 = UNCERTAINTY_MEASURE_WITH_UNIT (LENGTH_MEASURE( 1.000000000000000082E-05 ), #2979, 'distance_accuracy_value', 'NONE');
#8271 = FILL_AREA_STYLE_COLOUR ( '', #7621 ) ;
#8272 = MECHANICAL_DESIGN_GEOMETRIC_PRESENTATION_REPRESENTATION (  '', ( #2745 ), #9579 ) ;
#8273 = CARTESIAN_POINT ( 'NONE',  ( 0.4432086614173175176, 0.1535433070866137062, -0.1875984251968524918 ) ) ;
#8274 = DIRECTION ( 'NONE',  ( -0.3630301527216025503, 0.9317773919853011844, -6.599852609774626257E-16 ) ) ;
#8275 = VECTOR ( 'NONE', #5570, 39.37007874015748143 ) ;
#8276 = CARTESIAN_POINT ( 'NONE',  ( 0.4058070866141678668, 0.1448818897637632330, -0.1553149606299234486 ) ) ;
#8277 = ORIENTED_EDGE ( 'NONE', *, *, #9810, .F. ) ;
#8278 = CARTESIAN_POINT ( 'NONE',  ( 0.2746062992125925528, 0.08937007874015673314, -0.02618110236220720990 ) ) ;
#8279 = DIMENSIONAL_EXPONENTS ( 1.000000000000000000, 0.0000000000000000000, 0.0000000000000000000, 0.0000000000000000000, 0.0000000000000000000, 0.0000000000000000000, 0.0000000000000000000 ) ;
#8280 = VECTOR ( 'NONE', #9843, 39.37007874015748143 ) ;
#8281 = FILL_AREA_STYLE_COLOUR ( '', #47 ) ;
#8282 = SURFACE_STYLE_USAGE ( .BOTH. , #1220 ) ;
#8283 = DIRECTION ( 'NONE',  ( -1.817990202823693835E-15, 0.0000000000000000000, 1.000000000000000000 ) ) ;
#8284 = LINE ( 'NONE', #6621, #1980 ) ;
#8285 = EDGE_LOOP ( 'NONE', ( #3033, #1134, #3906, #9922 ) ) ;
#8286 = SURFACE_STYLE_FILL_AREA ( #4769 ) ;
#8287 =( NAMED_UNIT ( * ) PLANE_ANGLE_UNIT ( ) SI_UNIT ( $, .RADIAN. ) );
#8288 = ORIENTED_EDGE ( 'NONE', *, *, #9827, .F. ) ;
#8289 = COLOUR_RGB ( '',0.7607843137254901578, 0.7607843137254901578, 0.0000000000000000000 ) ;
#8290 =( LENGTH_UNIT ( ) NAMED_UNIT ( * ) SI_UNIT ( $, .METRE. ) );
#8291 = VERTEX_POINT ( 'NONE', #5027 ) ;
#8292 = EDGE_CURVE ( 'NONE', #11135, #2367, #5085, .T. ) ;
#8293 =( NAMED_UNIT ( * ) SI_UNIT ( $, .STERADIAN. ) SOLID_ANGLE_UNIT ( ) );
#8294 = ADVANCED_FACE ( 'NONE', ( #3182 ), #509, .F. ) ;
#8295 = SURFACE_SIDE_STYLE ('',( #7314 ) ) ;
#8296 = DIMENSIONAL_EXPONENTS ( 1.000000000000000000, 0.0000000000000000000, 0.0000000000000000000, 0.0000000000000000000, 0.0000000000000000000, 0.0000000000000000000, 0.0000000000000000000 ) ;
#8297 = DIRECTION ( 'NONE',  ( -1.644517855225997348E-15, 1.000000000000000000, -2.970554346222872930E-30 ) ) ;
#8298 = DIRECTION ( 'NONE',  ( -0.9317773919853014064, -0.3630301527216026058, -1.693962169841890603E-15 ) ) ;
#8299 = LINE ( 'NONE', #2989, #9285 ) ;
#8300 =( NAMED_UNIT ( * ) PLANE_ANGLE_UNIT ( ) SI_UNIT ( $, .RADIAN. ) );
#8301 = ORIENTED_EDGE ( 'NONE', *, *, #11374, .T. ) ;
#8302 = ORIENTED_EDGE ( 'NONE', *, *, #3658, .F. ) ;
#8303 = ADVANCED_FACE ( 'NONE', ( #6305 ), #9793, .T. ) ;
#8304 = PRESENTATION_LAYER_ASSIGNMENT (  '', '', ( #1667 ) ) ;
#8305 = CARTESIAN_POINT ( 'NONE',  ( 0.2542085087882426930, 0.06733071061424725223, -0.1261811023622072259 ) ) ;
#8306 = ORIENTED_EDGE ( 'NONE', *, *, #1157, .F. ) ;
#8307 = EDGE_CURVE ( 'NONE', #2346, #1012, #9845, .T. ) ;
#8308 = FACE_OUTER_BOUND ( 'NONE', #1880, .T. ) ;
#8309 = VERTEX_POINT ( 'NONE', #1908 ) ;
#8310 = CARTESIAN_POINT ( 'NONE',  ( 0.2660249164800736477, 0.08937007874015670539, -0.2104330708661442395 ) ) ;
#8311 = FILL_AREA_STYLE_COLOUR ( '', #5438 ) ;
#8312 = DIRECTION ( 'NONE',  ( 1.817990202823693835E-15, 0.0000000000000000000, -1.000000000000000000 ) ) ;
#8313 = VERTEX_POINT ( 'NONE', #6185 ) ;
#8314 = PRODUCT_CONTEXT ( 'NONE', #11375, 'mechanical' ) ;
#8315 = ADVANCED_FACE ( 'NONE', ( #5371, #3580 ), #8859, .T. ) ;
#8316 =( LENGTH_UNIT ( ) NAMED_UNIT ( * ) SI_UNIT ( $, .METRE. ) );
#8317 = ORIENTED_EDGE ( 'NONE', *, *, #8956, .F. ) ;
#8318 = FILL_AREA_STYLE_COLOUR ( '', #10324 ) ;
#8319 = ADVANCED_FACE ( 'NONE', ( #2665 ), #4275, .F. ) ;
#8320 = PRESENTATION_LAYER_ASSIGNMENT (  '', '', ( #4093 ) ) ;
#8321 = DIRECTION ( 'NONE',  ( 1.644517855225997348E-15, -1.000000000000000000, 2.970554346222872930E-30 ) ) ;
#8322 = DIRECTION ( 'NONE',  ( -2.891205793294679411E-15, 1.000000000000000000, 0.0000000000000000000 ) ) ;
#8323 = CARTESIAN_POINT ( 'NONE',  ( 0.2660249164800734811, 0.08464566929133782169, -0.1761811023622072148 ) ) ;
#8324 = CARTESIAN_POINT ( 'NONE',  ( 0.4058070866141681443, 0.1448818897637632330, -0.2053149606299234653 ) ) ;
#8325 = STYLED_ITEM ( 'NONE', ( #9625 ), #6493 ) ;
#8326 = CARTESIAN_POINT ( 'NONE',  ( 0.4957861071419634724, 0.09645669291338543339, -0.2104330708661437954 ) ) ;
#8327 = DIRECTION ( 'NONE',  ( 2.891205793294679411E-15, -1.000000000000000000, 0.0000000000000000000 ) ) ;
#8328 = ORIENTED_EDGE ( 'NONE', *, *, #10745, .T. ) ;
#8329 = CARTESIAN_POINT ( 'NONE',  ( 0.2175196850393644188, 0.06614173228346371947, -0.06043307086614425200 ) ) ;
#8330 = DIRECTION ( 'NONE',  ( 2.891205793294679411E-15, -1.000000000000000000, 0.0000000000000000000 ) ) ;
#8331 = LINE ( 'NONE', #10988, #6990 ) ;
#8332 = AXIS2_PLACEMENT_3D ( 'NONE', #2391, #1468, #6674 ) ;
#8333 = LINE ( 'NONE', #8174, #6509 ) ;
#8334 = AXIS2_PLACEMENT_3D ( 'NONE', #10228, #5584, #9355 ) ;
#8335 = DIRECTION ( 'NONE',  ( 1.154489273450655176E-15, -0.9701425001453140018, 0.2425356250364040234 ) ) ;
#8336 = CARTESIAN_POINT ( 'NONE',  ( 0.5197082840997426789, 0.06614173228346423294, -0.1261811023622067540 ) ) ;
#8337 = ORIENTED_EDGE ( 'NONE', *, *, #2736, .F. ) ;
#8338 =( NAMED_UNIT ( * ) PLANE_ANGLE_UNIT ( ) SI_UNIT ( $, .RADIAN. ) );
#8339 = ORIENTED_EDGE ( 'NONE', *, *, #7624, .F. ) ;
#8340 = VECTOR ( 'NONE', #3245, 39.37007874015748143 ) ;
#8341 = DIRECTION ( 'NONE',  ( -1.000000000000000000, -1.644517855225996559E-15, -1.817990202823693835E-15 ) ) ;
#8342 = VECTOR ( 'NONE', #8582, 39.37007874015748143 ) ;
#8343 = ORIENTED_EDGE ( 'NONE', *, *, #3934, .T. ) ;
#8344 = DIRECTION ( 'NONE',  ( -1.817990202823693835E-15, 0.0000000000000000000, 1.000000000000000000 ) ) ;
#8345 = CARTESIAN_POINT ( 'NONE',  ( 0.2421027395222939971, 0.07204724409448738653, -0.1604330708661442506 ) ) ;
#8346 = FACE_OUTER_BOUND ( 'NONE', #8818, .T. ) ;
#8347 = VERTEX_POINT ( 'NONE', #8204 ) ;
#8348 = STYLED_ITEM ( 'NONE', ( #10450 ), #7904 ) ;
#8349 = DIRECTION ( 'NONE',  ( 1.817990202823693835E-15, -3.503246160812042677E-46, -1.000000000000000000 ) ) ;
#8350 = CARTESIAN_POINT ( 'NONE',  ( 0.3821850393700734760, 0.1448818897637632053, -0.1553149606299235042 ) ) ;
#8351 = DIMENSIONAL_EXPONENTS ( 1.000000000000000000, 0.0000000000000000000, 0.0000000000000000000, 0.0000000000000000000, 0.0000000000000000000, 0.0000000000000000000, 0.0000000000000000000 ) ;
#8352 = AXIS2_PLACEMENT_3D ( 'NONE', #7741, #1617, #442 ) ;
#8353 =( CONVERSION_BASED_UNIT ( 'INCH', #7438 ) LENGTH_UNIT ( ) NAMED_UNIT ( #9266 ) );
#8354 = CARTESIAN_POINT ( 'NONE',  ( 0.2812691996270415551, 0.09291338582677093061, -0.06043307086614411322 ) ) ;
#8355 = DIRECTION ( 'NONE',  ( -1.817990202823693835E-15, 0.0000000000000000000, 1.000000000000000000 ) ) ;
#8356 = VERTEX_POINT ( 'NONE', #5803 ) ;
#8357 = VERTEX_POINT ( 'NONE', #278 ) ;
#8358 = CARTESIAN_POINT ( 'NONE',  ( 0.2509842519684983286, 0.05905511811023543556, -0.08799212598425446008 ) ) ;
#8359 = ORIENTED_EDGE ( 'NONE', *, *, #11191, .T. ) ;
#8360 = COLOUR_RGB ( '',1.000000000000000000, 1.000000000000000000, 1.000000000000000000 ) ;
#8361 = MECHANICAL_DESIGN_GEOMETRIC_PRESENTATION_REPRESENTATION (  '', ( #5038 ), #1543 ) ;
#8362 = CARTESIAN_POINT ( 'NONE',  ( 0.3560039370078680876, 0.1240157480314954541, -0.03169291338582903850 ) ) ;
#8363 = SURFACE_STYLE_USAGE ( .BOTH. , #4840 ) ;
#8364 = FILL_AREA_STYLE ('',( #11014 ) ) ;
#8365 = FACE_OUTER_BOUND ( 'NONE', #1816, .T. ) ;
#8366 = SURFACE_SIDE_STYLE ('',( #1193 ) ) ;
#8367 = EDGE_CURVE ( 'NONE', #6873, #7121, #4570, .T. ) ;
#8368 = SURFACE_SIDE_STYLE ('',( #610 ) ) ;
#8369 = VECTOR ( 'NONE', #11221, 39.37007874015748143 ) ;
#8370 = VERTEX_POINT ( 'NONE', #1083 ) ;
#8371 = EDGE_CURVE ( 'NONE', #6986, #5812, #10795, .T. ) ;
#8372 = DIMENSIONAL_EXPONENTS ( 1.000000000000000000, 0.0000000000000000000, 0.0000000000000000000, 0.0000000000000000000, 0.0000000000000000000, 0.0000000000000000000, 0.0000000000000000000 ) ;
#8373 = EDGE_CURVE ( 'NONE', #10491, #675, #11165, .T. ) ;
#8374 =( NAMED_UNIT ( * ) SI_UNIT ( $, .STERADIAN. ) SOLID_ANGLE_UNIT ( ) );
#8375 = ORIENTED_EDGE ( 'NONE', *, *, #2864, .F. ) ;
#8376 = SURFACE_STYLE_FILL_AREA ( #5720 ) ;
#8377 = COLOUR_RGB ( '',1.000000000000000000, 1.000000000000000000, 1.000000000000000000 ) ;
#8378 = UNCERTAINTY_MEASURE_WITH_UNIT (LENGTH_MEASURE( 1.000000000000000082E-05 ), #3244, 'distance_accuracy_value', 'NONE');
#8379 = DIRECTION ( 'NONE',  ( -1.817990202823693835E-15, 0.0000000000000000000, 1.000000000000000000 ) ) ;
#8380 =( LENGTH_UNIT ( ) NAMED_UNIT ( * ) SI_UNIT ( $, .METRE. ) );
#8381 = DIRECTION ( 'NONE',  ( 2.891205793294679411E-15, -1.000000000000000000, 0.0000000000000000000 ) ) ;
#8382 = EDGE_CURVE ( 'NONE', #4504, #9368, #10918, .T. ) ;
#8383 = CARTESIAN_POINT ( 'NONE',  ( 0.4432086614173174621, 0.1476377952755900669, -0.1564960629921281210 ) ) ;
#8384 = AXIS2_PLACEMENT_3D ( 'NONE', #11340, #5288, #10474 ) ;
#8385 = ORIENTED_EDGE ( 'NONE', *, *, #4997, .F. ) ;
#8386 = EDGE_CURVE ( 'NONE', #5582, #1913, #3700, .T. ) ;
#8387 = LINE ( 'NONE', #8276, #1603 ) ;
#8388 = DIRECTION ( 'NONE',  ( -0.8849182223819958004, 0.4657464328325965908, -1.608772658590627243E-15 ) ) ;
#8389 = VERTEX_POINT ( 'NONE', #2017 ) ;
#8390 = CIRCLE ( 'NONE', #10260, 0.004724409448818876756 ) ;
#8391 = CARTESIAN_POINT ( 'NONE',  ( 0.2812691996270422212, 0.09291338582677093061, -0.2104330708661441562 ) ) ;
#8392 = SURFACE_SIDE_STYLE ('',( #2324 ) ) ;
#8393 = PRESENTATION_LAYER_ASSIGNMENT (  '', '', ( #3038 ) ) ;
#8394 = SURFACE_STYLE_FILL_AREA ( #7914 ) ;
#8395 = UNCERTAINTY_MEASURE_WITH_UNIT (LENGTH_MEASURE( 1.000000000000000082E-05 ), #2898, 'distance_accuracy_value', 'NONE');
#8396 = CARTESIAN_POINT ( 'NONE',  ( 0.4058070866141673116, 0.1279527559055112784, -0.03267716535433286273 ) ) ;
#8397 = EDGE_CURVE ( 'NONE', #5841, #6523, #3211, .T. ) ;
#8398 = FACE_OUTER_BOUND ( 'NONE', #5458, .T. ) ;
#8399 = CARTESIAN_POINT ( 'NONE',  ( 0.5442913385826717576, 0.06614173228346426070, -0.1261811023622066708 ) ) ;
#8400 = VERTEX_POINT ( 'NONE', #2951 ) ;
#8401 = DIRECTION ( 'NONE',  ( 0.0000000000000000000, 1.000000000000000000, 0.0000000000000000000 ) ) ;
#8402 =( GEOMETRIC_REPRESENTATION_CONTEXT ( 3 ) GLOBAL_UNCERTAINTY_ASSIGNED_CONTEXT ( ( #3533 ) ) GLOBAL_UNIT_ASSIGNED_CONTEXT ( ( #7290, #3604, #1155 ) ) REPRESENTATION_CONTEXT ( 'NONE', 'WORKASPACE' ) );
#8403 = CARTESIAN_POINT ( 'NONE',  ( 0.2812691996270413886, 0.09291338582677093061, -0.01043307086614410698 ) ) ;
#8404 = ORIENTED_EDGE ( 'NONE', *, *, #102, .T. ) ;
#8405 = STYLED_ITEM ( 'NONE', ( #3407 ), #9674 ) ;
#8406 = ORIENTED_EDGE ( 'NONE', *, *, #6470, .T. ) ;
#8407 = DIRECTION ( 'NONE',  ( 1.000000000000000000, 1.644517855225996559E-15, 1.817990202823693835E-15 ) ) ;
#8408 = CIRCLE ( 'NONE', #7109, 0.01299212598425196659 ) ;
#8409 = DIRECTION ( 'NONE',  ( 1.519684859950636582E-14, 0.9701425001453376495, 0.2425356250363099597 ) ) ;
#8410 = UNCERTAINTY_MEASURE_WITH_UNIT (LENGTH_MEASURE( 1.000000000000000082E-05 ), #2955, 'distance_accuracy_value', 'NONE');
#8411 = DIRECTION ( 'NONE',  ( 1.817990202823693835E-15, -3.503246160812042677E-46, -1.000000000000000000 ) ) ;
#8412 = ORIENTED_EDGE ( 'NONE', *, *, #5412, .F. ) ;
#8413 = SURFACE_STYLE_FILL_AREA ( #4882 ) ;
#8414 = SURFACE_SIDE_STYLE ('',( #1361 ) ) ;
#8415 = LINE ( 'NONE', #4090, #1813 ) ;
#8416 = ORIENTED_EDGE ( 'NONE', *, *, #9956, .T. ) ;
#8417 = VECTOR ( 'NONE', #9578, 39.37007874015748143 ) ;
#8418 = ORIENTED_EDGE ( 'NONE', *, *, #1448, .F. ) ;
#8419 = PRESENTATION_LAYER_ASSIGNMENT (  '', '', ( #11222 ) ) ;
#8420 = DIRECTION ( 'NONE',  ( -0.3630301527216025503, 0.9317773919853011844, -6.599852609774626257E-16 ) ) ;
#8421 = EDGE_LOOP ( 'NONE', ( #10958, #8951, #688, #759 ) ) ;
#8422 = COLOUR_RGB ( '',0.7607843137254901578, 0.7607843137254901578, 0.0000000000000000000 ) ;
#8423 = SURFACE_STYLE_USAGE ( .BOTH. , #10244 ) ;
#8424 = SURFACE_SIDE_STYLE ('',( #6867 ) ) ;
#8425 =( LENGTH_UNIT ( ) NAMED_UNIT ( * ) SI_UNIT ( $, .METRE. ) );
#8426 = SURFACE_STYLE_FILL_AREA ( #5134 ) ;
#8427 = SURFACE_STYLE_USAGE ( .BOTH. , #10136 ) ;
#8428 = DIRECTION ( 'NONE',  ( -0.9317773919853027387, 0.3630301527215988866, -1.683798828481275204E-15 ) ) ;
#8429 = DIRECTION ( 'NONE',  ( -1.000000000000000000, -1.644517855225996559E-15, -1.817990202823693835E-15 ) ) ;
#8430 = PRESENTATION_LAYER_ASSIGNMENT (  '', '', ( #7325 ) ) ;
#8431 = VECTOR ( 'NONE', #635, 39.37007874015748143 ) ;
#8432 = EDGE_LOOP ( 'NONE', ( #3858, #6823, #4532, #10908 ) ) ;
#8433 =( CONVERSION_BASED_UNIT ( 'INCH', #9382 ) LENGTH_UNIT ( ) NAMED_UNIT ( #3722 ) );
#8434 = DIMENSIONAL_EXPONENTS ( 1.000000000000000000, 0.0000000000000000000, 0.0000000000000000000, 0.0000000000000000000, 0.0000000000000000000, 0.0000000000000000000, 0.0000000000000000000 ) ;
#8435 = ORIENTED_EDGE ( 'NONE', *, *, #4948, .F. ) ;
#8436 = AXIS2_PLACEMENT_3D ( 'NONE', #7494, #9187, #423 ) ;
#8437 = VECTOR ( 'NONE', #4262, 39.37007874015748143 ) ;
#8438 = FACE_OUTER_BOUND ( 'NONE', #4607, .T. ) ;
#8439 = STYLED_ITEM ( 'NONE', ( #3851 ), #10983 ) ;
#8440 = EDGE_CURVE ( 'NONE', #5986, #9072, #1358, .T. ) ;
#8441 = VECTOR ( 'NONE', #3194, 39.37007874015748143 ) ;
#8442 = CARTESIAN_POINT ( 'NONE',  ( 0.4058070866141676447, 0.1448818897637632330, -0.1053149606299234459 ) ) ;
#8443 = EDGE_CURVE ( 'NONE', #11105, #11419, #9092, .T. ) ;
#8444 = SURFACE_STYLE_FILL_AREA ( #4060 ) ;
#8445 = CARTESIAN_POINT ( 'NONE',  ( 0.2660249164800730370, 0.09645669291338505869, -0.07618110236220720921 ) ) ;
#8446 = MECHANICAL_DESIGN_GEOMETRIC_PRESENTATION_REPRESENTATION (  '', ( #6799 ), #6041 ) ;
#8447 = ORIENTED_EDGE ( 'NONE', *, *, #4493, .T. ) ;
#8448 = CARTESIAN_POINT ( 'NONE',  ( 0.4058070866141684219, 0.1279527559055112784, -0.2826771653543329044 ) ) ;
#8449 = ORIENTED_EDGE ( 'NONE', *, *, #6839, .T. ) ;
#8450 = MECHANICAL_DESIGN_GEOMETRIC_PRESENTATION_REPRESENTATION (  '', ( #6436 ), #10139 ) ;
#8451 = LINE ( 'NONE', #5789, #4580 ) ;
#8452 = CARTESIAN_POINT ( 'NONE',  ( 0.2746062992125935520, 0.08937007874015673314, -0.2604330708661442007 ) ) ;
#8453 = EDGE_CURVE ( 'NONE', #3267, #3100, #9900, .T. ) ;
#8454 = VECTOR ( 'NONE', #10137, 39.37007874015748143 ) ;
#8455 = LINE ( 'NONE', #4987, #8441 ) ;
#8456 = DIRECTION ( 'NONE',  ( 0.4657464328325966463, 0.8849182223819959114, 8.467224518897441389E-16 ) ) ;
#8457 = EDGE_CURVE ( 'NONE', #5741, #9710, #1138, .T. ) ;
#8458 = CARTESIAN_POINT ( 'NONE',  ( 0.4957861071419634724, 0.08937007874015708009, -0.2104330708661437954 ) ) ;
#8459 = CARTESIAN_POINT ( 'NONE',  ( 0.4058070866141678668, 0.1448818897637632330, -0.1812992125984274061 ) ) ;
#8460 = LINE ( 'NONE', #525, #7775 ) ;
#8461 = DIRECTION ( 'NONE',  ( -1.000000000000000000, -1.644517855225996559E-15, -1.817990202823693835E-15 ) ) ;
#8462 = ORIENTED_EDGE ( 'NONE', *, *, #5982, .F. ) ;
#8463 = DIRECTION ( 'NONE',  ( 1.817990202823693835E-15, 0.0000000000000000000, -1.000000000000000000 ) ) ;
#8464 = PRESENTATION_STYLE_ASSIGNMENT (( #579 ) ) ;
#8465 = ORIENTED_EDGE ( 'NONE', *, *, #2438, .F. ) ;
#8466 = SURFACE_STYLE_FILL_AREA ( #5975 ) ;
#8467 = ORIENTED_EDGE ( 'NONE', *, *, #6853, .F. ) ;
#8468 = ADVANCED_FACE ( 'NONE', ( #1023 ), #11114, .T. ) ;
#8469 = MECHANICAL_DESIGN_GEOMETRIC_PRESENTATION_REPRESENTATION (  '', ( #9590 ), #9046 ) ;
#8470 = DIRECTION ( 'NONE',  ( 1.817990202823693835E-15, 0.0000000000000000000, -1.000000000000000000 ) ) ;
#8471 = FILL_AREA_STYLE_COLOUR ( '', #1703 ) ;
#8472 = CARTESIAN_POINT ( 'NONE',  ( 0.4058070866141672561, 0.1240157480314955235, -0.004921259842521875059 ) ) ;
#8473 = DIRECTION ( 'NONE',  ( -1.000000000000000000, -1.644517855225996559E-15, -1.817990202823693835E-15 ) ) ;
#8474 = ORIENTED_EDGE ( 'NONE', *, *, #10092, .F. ) ;
#8475 = CARTESIAN_POINT ( 'NONE',  ( 0.3560039370078684762, 0.1279527559055112229, -0.1326771653543329377 ) ) ;
#8476 = PRESENTATION_STYLE_ASSIGNMENT (( #10957 ) ) ;
#8477 = VECTOR ( 'NONE', #2310, 39.37007874015748854 ) ;
#8478 = CARTESIAN_POINT ( 'NONE',  ( 0.2660249164800739252, 0.08937007874015670539, -0.2604330708661442007 ) ) ;
#8479 = VERTEX_POINT ( 'NONE', #10414 ) ;
#8480 = VERTEX_POINT ( 'NONE', #7662 ) ;
#8481 = CARTESIAN_POINT ( 'NONE',  ( 0.4872047244094431240, 0.08937007874015708009, -0.06043307086614377321 ) ) ;
#8482 = ORIENTED_EDGE ( 'NONE', *, *, #4304, .F. ) ;
#8483 = EDGE_CURVE ( 'NONE', #2641, #7618, #601, .T. ) ;
#8484 = CARTESIAN_POINT ( 'NONE',  ( 0.3821850393700730320, 0.1240157480314797583, -0.08129921259842748382 ) ) ;
#8485 = CARTESIAN_POINT ( 'NONE',  ( 0.2660249164800730370, 0.08464566929133782169, -0.06043307086614418261 ) ) ;
#8486 = LENGTH_MEASURE_WITH_UNIT ( LENGTH_MEASURE( 0.02539999999999999897 ), #10429 );
#8487 = PRESENTATION_STYLE_ASSIGNMENT (( #10196 ) ) ;
#8488 = DIRECTION ( 'NONE',  ( 1.817990202823693835E-15, 0.0000000000000000000, -1.000000000000000000 ) ) ;
#8489 =( NAMED_UNIT ( * ) SI_UNIT ( $, .STERADIAN. ) SOLID_ANGLE_UNIT ( ) );
#8490 = SURFACE_STYLE_FILL_AREA ( #2363 ) ;
#8491 = ORIENTED_EDGE ( 'NONE', *, *, #6553, .F. ) ;
#8492 = STYLED_ITEM ( 'NONE', ( #10587 ), #5440 ) ;
#8493 = CARTESIAN_POINT ( 'NONE',  ( 0.2746062992125933855, 0.08937007874015673314, -0.2261811023622072314 ) ) ;
#8494 = DIRECTION ( 'NONE',  ( -1.817990202823693835E-15, 0.0000000000000000000, 1.000000000000000000 ) ) ;
#8495 = EDGE_LOOP ( 'NONE', ( #9182, #6178, #8017, #52, #6651 ) ) ;
#8496 = MECHANICAL_DESIGN_GEOMETRIC_PRESENTATION_REPRESENTATION (  '', ( #10569 ), #7949 ) ;
#8497 = UNCERTAINTY_MEASURE_WITH_UNIT (LENGTH_MEASURE( 1.000000000000000082E-05 ), #5533, 'distance_accuracy_value', 'NONE');
#8498 = PRESENTATION_STYLE_ASSIGNMENT (( #9559 ) ) ;
#8499 = LENGTH_MEASURE_WITH_UNIT ( LENGTH_MEASURE( 0.02539999999999999897 ), #6934 );
#8500 = CARTESIAN_POINT ( 'NONE',  ( 0.3821850393700727544, 0.1240157480314797583, -0.005314960629923502766 ) ) ;
#8501 = CARTESIAN_POINT ( 'NONE',  ( 0.4104330708661356741, 0.1535433070866136507, 0.01496062992125766176 ) ) ;
#8502 = ORIENTED_EDGE ( 'NONE', *, *, #183, .T. ) ;
#8503 = PRESENTATION_STYLE_ASSIGNMENT (( #355 ) ) ;
#8504 = LINE ( 'NONE', #11097, #5079 ) ;
#8505 = AXIS2_PLACEMENT_3D ( 'NONE', #95, #5185, #3448 ) ;
#8506 = FACE_OUTER_BOUND ( 'NONE', #6663, .T. ) ;
#8507 = EDGE_CURVE ( 'NONE', #2175, #10050, #7827, .T. ) ;
#8508 = CARTESIAN_POINT ( 'NONE',  ( 0.2175196850393652792, 0.05905511811023538005, -0.2879921259842545544 ) ) ;
#8509 = LINE ( 'NONE', #2325, #1046 ) ;
#8510 = LINE ( 'NONE', #11270, #6814 ) ;
#8511 = DIMENSIONAL_EXPONENTS ( 1.000000000000000000, 0.0000000000000000000, 0.0000000000000000000, 0.0000000000000000000, 0.0000000000000000000, 0.0000000000000000000, 0.0000000000000000000 ) ;
#8512 = SURFACE_STYLE_USAGE ( .BOTH. , #3199 ) ;
#8513 = SURFACE_STYLE_USAGE ( .BOTH. , #4990 ) ;
#8514 = CARTESIAN_POINT ( 'NONE',  ( 0.5076025148337940385, 0.06733071061424766857, -0.1604330708661436955 ) ) ;
#8515 = CARTESIAN_POINT ( 'NONE',  ( 0.2660249164800734811, 0.09645669291338505869, -0.1761811023622072148 ) ) ;
#8516 = VERTEX_POINT ( 'NONE', #9585 ) ;
#8517 = EDGE_CURVE ( 'NONE', #1409, #9809, #6805, .T. ) ;
#8518 = FACE_OUTER_BOUND ( 'NONE', #8135, .T. ) ;
#8519 = EDGE_LOOP ( 'NONE', ( #104, #7204, #6049, #8934 ) ) ;
#8520 = EDGE_CURVE ( 'NONE', #4794, #5741, #5112, .T. ) ;
#8521 = EDGE_CURVE ( 'NONE', #2260, #675, #10357, .T. ) ;
#8522 = EDGE_LOOP ( 'NONE', ( #6798, #6565, #4595, #7090 ) ) ;
#8523 = AXIS2_PLACEMENT_3D ( 'NONE', #10036, #4644, #2035 ) ;
#8524 = PRESENTATION_STYLE_ASSIGNMENT (( #8643 ) ) ;
#8525 = CARTESIAN_POINT ( 'NONE',  ( 0.4058070866141674782, 0.1240157480314955235, -0.05492125984252187870 ) ) ;
#8526 = PRESENTATION_STYLE_ASSIGNMENT (( #11112 ) ) ;
#8527 = UNCERTAINTY_MEASURE_WITH_UNIT (LENGTH_MEASURE( 1.000000000000000082E-05 ), #9514, 'distance_accuracy_value', 'NONE');
#8528 = ORIENTED_EDGE ( 'NONE', *, *, #7488, .F. ) ;
#8529 =( NAMED_UNIT ( * ) SI_UNIT ( $, .STERADIAN. ) SOLID_ANGLE_UNIT ( ) );
#8530 =( LENGTH_UNIT ( ) NAMED_UNIT ( * ) SI_UNIT ( $, .METRE. ) );
#8531 = DIRECTION ( 'NONE',  ( 2.036344053754329794E-15, -0.9701425001453376495, -0.2425356250363099597 ) ) ;
#8532 = EDGE_CURVE ( 'NONE', #10065, #50, #4196, .T. ) ;
#8533 =( GEOMETRIC_REPRESENTATION_CONTEXT ( 3 ) GLOBAL_UNCERTAINTY_ASSIGNED_CONTEXT ( ( #3181 ) ) GLOBAL_UNIT_ASSIGNED_CONTEXT ( ( #10783, #161, #4502 ) ) REPRESENTATION_CONTEXT ( 'NONE', 'WORKASPACE' ) );
#8534 = DIRECTION ( 'NONE',  ( -0.9317773919853016285, -0.3630301527216017177, -2.628368902995158081E-15 ) ) ;
#8535 = EDGE_LOOP ( 'NONE', ( #8561, #945, #9563, #7878 ) ) ;
#8536 = EDGE_CURVE ( 'NONE', #7329, #4361, #1596, .T. ) ;
#8537 = VERTEX_POINT ( 'NONE', #3271 ) ;
#8538 = CARTESIAN_POINT ( 'NONE',  ( 0.4957861071419630283, 0.08464566929133819639, -0.1104330708661437760 ) ) ;
#8539 = EDGE_LOOP ( 'NONE', ( #1585, #7147, #527, #788 ) ) ;
#8540 = STYLED_ITEM ( 'NONE', ( #3024 ), #7181 ) ;
#8541 = SURFACE_STYLE_USAGE ( .BOTH. , #3445 ) ;
#8542 = VECTOR ( 'NONE', #9623, 39.37007874015748143 ) ;
#8543 = CARTESIAN_POINT ( 'NONE',  ( 0.4957861071419628618, 0.08937007874015708009, -0.06043307086614377321 ) ) ;
#8544 = CIRCLE ( 'NONE', #3556, 0.01181102362204725087 ) ;
#8545 = CARTESIAN_POINT ( 'NONE',  ( 0.4432086614173179617, 0.1476377952755900669, -0.2564960629921281265 ) ) ;
#8546 =( LENGTH_UNIT ( ) NAMED_UNIT ( * ) SI_UNIT ( $, .METRE. ) );
#8547 = LINE ( 'NONE', #1374, #11268 ) ;
#8548 = SURFACE_STYLE_USAGE ( .BOTH. , #4969 ) ;
#8549 = ADVANCED_FACE ( 'NONE', ( #819 ), #5980, .F. ) ;
#8550 = VERTEX_POINT ( 'NONE', #6907 ) ;
#8551 =( GEOMETRIC_REPRESENTATION_CONTEXT ( 3 ) GLOBAL_UNCERTAINTY_ASSIGNED_CONTEXT ( ( #6771 ) ) GLOBAL_UNIT_ASSIGNED_CONTEXT ( ( #8556, #9499, #10325 ) ) REPRESENTATION_CONTEXT ( 'NONE', 'WORKASPACE' ) );
#8552 = DIRECTION ( 'NONE',  ( 2.036344053754329794E-15, -0.9701425001453376495, -0.2425356250363099597 ) ) ;
#8553 = ORIENTED_EDGE ( 'NONE', *, *, #9241, .F. ) ;
#8554 = DIRECTION ( 'NONE',  ( 1.000000000000000000, 1.644517855225996559E-15, 1.817990202823693835E-15 ) ) ;
#8555 = FACE_OUTER_BOUND ( 'NONE', #10810, .T. ) ;
#8556 =( CONVERSION_BASED_UNIT ( 'INCH', #6880 ) LENGTH_UNIT ( ) NAMED_UNIT ( #1505 ) );
#8557 =( GEOMETRIC_REPRESENTATION_CONTEXT ( 3 ) GLOBAL_UNCERTAINTY_ASSIGNED_CONTEXT ( ( #7693 ) ) GLOBAL_UNIT_ASSIGNED_CONTEXT ( ( #10231, #7271, #6424 ) ) REPRESENTATION_CONTEXT ( 'NONE', 'WORKASPACE' ) );
#8558 = CARTESIAN_POINT ( 'NONE',  ( 0.4058070866141684219, 0.1240157480314955235, -0.2812992125984274394 ) ) ;
#8559 = PLANE ( 'NONE',  #9023 ) ;
#8560 = DIRECTION ( 'NONE',  ( 1.817990202823693835E-15, 0.0000000000000000000, -1.000000000000000000 ) ) ;
#8561 = ORIENTED_EDGE ( 'NONE', *, *, #2658, .F. ) ;
#8562 = FILL_AREA_STYLE_COLOUR ( '', #9378 ) ;
#8563 = DIRECTION ( 'NONE',  ( 1.817990202823693835E-15, 0.0000000000000000000, -1.000000000000000000 ) ) ;
#8564 = LENGTH_MEASURE_WITH_UNIT ( LENGTH_MEASURE( 0.02539999999999999897 ), #10339 );
#8565 = LINE ( 'NONE', #8452, #10535 ) ;
#8566 = CARTESIAN_POINT ( 'NONE',  ( 0.4872047244094434015, 0.08937007874015708009, -0.1261811023622068095 ) ) ;
#8567 = FILL_AREA_STYLE_COLOUR ( '', #6630 ) ;
#8568 = PLANE ( 'NONE',  #7233 ) ;
#8569 = MECHANICAL_DESIGN_GEOMETRIC_PRESENTATION_REPRESENTATION (  '', ( #8202 ), #6171 ) ;
#8570 = FACE_OUTER_BOUND ( 'NONE', #3540, .T. ) ;
#8571 = LINE ( 'NONE', #573, #5790 ) ;
#8572 = DIRECTION ( 'NONE',  ( 1.000000000000000000, 1.644517855225996559E-15, 1.817990202823693835E-15 ) ) ;
#8573 = VECTOR ( 'NONE', #1026, 39.37007874015748143 ) ;
#8574 = SURFACE_STYLE_FILL_AREA ( #11276 ) ;
#8575 = VERTEX_POINT ( 'NONE', #765 ) ;
#8576 = CARTESIAN_POINT ( 'NONE',  ( 0.5442913385826717576, 0.06614173228346426070, -0.1104330708661436372 ) ) ;
#8577 = ORIENTED_EDGE ( 'NONE', *, *, #726, .T. ) ;
#8578 = STYLED_ITEM ( 'NONE', ( #8996 ), #1557 ) ;
#8579 = ORIENTED_EDGE ( 'NONE', *, *, #441, .T. ) ;
#8580 = LENGTH_MEASURE_WITH_UNIT ( LENGTH_MEASURE( 0.02539999999999999897 ), #4947 );
#8581 = EDGE_CURVE ( 'NONE', #8652, #10886, #3433, .T. ) ;
#8582 = DIRECTION ( 'NONE',  ( -1.644517855225997348E-15, 1.000000000000000000, -2.970554346222872930E-30 ) ) ;
#8583 = CARTESIAN_POINT ( 'NONE',  ( 0.4058070866141678668, 0.1279527559055112784, -0.1539370078740179282 ) ) ;
#8584 = DIRECTION ( 'NONE',  ( 1.817990202823693835E-15, 0.0000000000000000000, -1.000000000000000000 ) ) ;
#8585 = EDGE_CURVE ( 'NONE', #23, #3635, #2578, .T. ) ;
#8586 = VERTEX_POINT ( 'NONE', #4600 ) ;
#8587 = SURFACE_STYLE_USAGE ( .BOTH. , #7557 ) ;
#8588 = EDGE_CURVE ( 'NONE', #207, #473, #7938, .T. ) ;
#8589 = MECHANICAL_DESIGN_GEOMETRIC_PRESENTATION_REPRESENTATION (  '', ( #2494 ), #8402 ) ;
#8590 = FILL_AREA_STYLE_COLOUR ( '', #3254 ) ;
#8591 = DIMENSIONAL_EXPONENTS ( 1.000000000000000000, 0.0000000000000000000, 0.0000000000000000000, 0.0000000000000000000, 0.0000000000000000000, 0.0000000000000000000, 0.0000000000000000000 ) ;
#8592 = CARTESIAN_POINT ( 'NONE',  ( 0.4872047244094429574, 0.08937007874015708009, -0.02618110236220680051 ) ) ;
#8593 = VECTOR ( 'NONE', #10074, 39.37007874015748143 ) ;
#8594 = ORIENTED_EDGE ( 'NONE', *, *, #3750, .T. ) ;
#8595 = ORIENTED_EDGE ( 'NONE', *, *, #11322, .F. ) ;
#8596 = CARTESIAN_POINT ( 'NONE',  ( 0.4957861071419630283, 0.08464566929133819639, -0.1104330708661437760 ) ) ;
#8597 = ORIENTED_EDGE ( 'NONE', *, *, #7939, .F. ) ;
#8598 = AXIS2_PLACEMENT_3D ( 'NONE', #8837, #2700, #6162 ) ;
#8599 = ADVANCED_FACE ( 'NONE', ( #143 ), #1993, .T. ) ;
#8600 =( CONVERSION_BASED_UNIT ( 'INCH', #11235 ) LENGTH_UNIT ( ) NAMED_UNIT ( #5622 ) );
#8601 = LINE ( 'NONE', #11181, #9605 ) ;
#8602 = EDGE_CURVE ( 'NONE', #4994, #3855, #2635, .T. ) ;
#8603 = DIRECTION ( 'NONE',  ( 0.0000000000000000000, -1.000000000000000000, 0.0000000000000000000 ) ) ;
#8604 = CARTESIAN_POINT ( 'NONE',  ( 0.5197082840997432340, 0.05905511811023587965, -0.2604330708661437566 ) ) ;
#8605 = LENGTH_MEASURE_WITH_UNIT ( LENGTH_MEASURE( 0.02539999999999999897 ), #5710 );
#8606 = LENGTH_MEASURE_WITH_UNIT ( LENGTH_MEASURE( 0.02539999999999999897 ), #6173 );
#8607 = LINE ( 'NONE', #1615, #9525 ) ;
#8608 = COLOUR_RGB ( '',1.000000000000000000, 1.000000000000000000, 1.000000000000000000 ) ;
#8609 = CARTESIAN_POINT ( 'NONE',  ( 0.2812691996270422767, 0.09291338582677093061, -0.2261811023622071481 ) ) ;
#8610 = ORIENTED_EDGE ( 'NONE', *, *, #6491, .F. ) ;
#8611 = AXIS2_PLACEMENT_3D ( 'NONE', #4646, #136, #3666 ) ;
#8612 = AXIS2_PLACEMENT_3D ( 'NONE', #10820, #9821, #5401 ) ;
#8613 = EDGE_LOOP ( 'NONE', ( #365, #4830, #6689, #11430 ) ) ;
#8614 = CARTESIAN_POINT ( 'NONE',  ( 0.3186023622047183812, 0.1535433070866134841, 0.0009842519685016432561 ) ) ;
#8615 = ORIENTED_EDGE ( 'NONE', *, *, #4861, .T. ) ;
#8616 = EDGE_CURVE ( 'NONE', #156, #8313, #2800, .T. ) ;
#8617 = LINE ( 'NONE', #9498, #1831 ) ;
#8618 = AXIS2_PLACEMENT_3D ( 'NONE', #4340, #7860, #10566 ) ;
#8619 = UNCERTAINTY_MEASURE_WITH_UNIT (LENGTH_MEASURE( 1.000000000000000082E-05 ), #11407, 'distance_accuracy_value', 'NONE');
#8620 = CARTESIAN_POINT ( 'NONE',  ( 0.2476053619159083452, 0.06990336523983385619, -0.2104330708661442395 ) ) ;
#8621 =( LENGTH_UNIT ( ) NAMED_UNIT ( * ) SI_UNIT ( $, .METRE. ) );
#8622 = LINE ( 'NONE', #5150, #8265 ) ;
#8623 = EDGE_LOOP ( 'NONE', ( #783, #7374, #1547, #5693 ) ) ;
#8624 = PLANE ( 'NONE',  #2904 ) ;
#8625 = CIRCLE ( 'NONE', #857, 0.005905511811023644517 ) ;
#8626 = CARTESIAN_POINT ( 'NONE',  ( 0.4058070866141683664, 0.1240157480314955235, -0.2549212598425218967 ) ) ;
#8627 = AXIS2_PLACEMENT_3D ( 'NONE', #771, #7894, #2525 ) ;
#8628 = CARTESIAN_POINT ( 'NONE',  ( 0.2542085087882424155, 0.06733071061424725223, -0.06043307086614418261 ) ) ;
#8629 = LINE ( 'NONE', #6262, #6974 ) ;
#8630 = AXIS2_PLACEMENT_3D ( 'NONE', #464, #6669, #11150 ) ;
#8631 = CARTESIAN_POINT ( 'NONE',  ( 0.2421027395222944412, 0.07204724409448738653, -0.2604330708661442562 ) ) ;
#8632 = AXIS2_PLACEMENT_3D ( 'NONE', #10032, #1207, #10750 ) ;
#8633 =( GEOMETRIC_REPRESENTATION_CONTEXT ( 3 ) GLOBAL_UNCERTAINTY_ASSIGNED_CONTEXT ( ( #2847 ) ) GLOBAL_UNIT_ASSIGNED_CONTEXT ( ( #9508, #3414, #7805 ) ) REPRESENTATION_CONTEXT ( 'NONE', 'WORKASPACE' ) );
#8634 = DIRECTION ( 'NONE',  ( -1.000000000000000000, -1.644517855225996559E-15, -1.817990202823693835E-15 ) ) ;
#8635 = EDGE_LOOP ( 'NONE', ( #9550, #7424, #6835, #8449 ) ) ;
#8636 = AXIS2_PLACEMENT_3D ( 'NONE', #1918, #1322, #8554 ) ;
#8637 = LENGTH_MEASURE_WITH_UNIT ( LENGTH_MEASURE( 0.02539999999999999897 ), #1752 );
#8638 = CARTESIAN_POINT ( 'NONE',  ( 0.4872047244094435126, 0.09645669291338541951, -0.1604330708661437788 ) ) ;
#8639 = ORIENTED_EDGE ( 'NONE', *, *, #1291, .F. ) ;
#8640 = DIRECTION ( 'NONE',  ( -1.817990202823693835E-15, 0.0000000000000000000, 1.000000000000000000 ) ) ;
#8641 = STYLED_ITEM ( 'NONE', ( #9606 ), #3026 ) ;
#8642 = ORIENTED_EDGE ( 'NONE', *, *, #1686, .F. ) ;
#8643 = SURFACE_STYLE_USAGE ( .BOTH. , #5052 ) ;
#8644 = AXIS2_PLACEMENT_3D ( 'NONE', #5145, #729, #10377 ) ;
#8645 = DIRECTION ( 'NONE',  ( -1.817990202823693835E-15, 0.0000000000000000000, 1.000000000000000000 ) ) ;
#8646 = FILL_AREA_STYLE_COLOUR ( '', #4798 ) ;
#8647 = DIRECTION ( 'NONE',  ( -1.817990202823693835E-15, 0.0000000000000000000, 1.000000000000000000 ) ) ;
#8648 = LENGTH_MEASURE_WITH_UNIT ( LENGTH_MEASURE( 0.02539999999999999897 ), #3158 );
#8649 = STYLED_ITEM ( 'NONE', ( #5187 ), #967 ) ;
#8650 = DIRECTION ( 'NONE',  ( -1.817990202823693835E-15, 0.0000000000000000000, 1.000000000000000000 ) ) ;
#8651 = SURFACE_STYLE_FILL_AREA ( #941 ) ;
#8652 = VERTEX_POINT ( 'NONE', #1054 ) ;
#8653 = EDGE_CURVE ( 'NONE', #9008, #2181, #6157, .T. ) ;
#8654 = ORIENTED_EDGE ( 'NONE', *, *, #4653, .T. ) ;
#8655 = ADVANCED_FACE ( 'NONE', ( #4424 ), #8057, .T. ) ;
#8656 = SURFACE_STYLE_USAGE ( .BOTH. , #599 ) ;
#8657 = ORIENTED_EDGE ( 'NONE', *, *, #1527, .T. ) ;
#8658 = EDGE_CURVE ( 'NONE', #8238, #4786, #3550, .T. ) ;
#8659 = PLANE ( 'NONE',  #9673 ) ;
#8660 =( CONVERSION_BASED_UNIT ( 'INCH', #10426 ) LENGTH_UNIT ( ) NAMED_UNIT ( #11060 ) );
#8661 = DIRECTION ( 'NONE',  ( 1.817990202823693835E-15, 0.0000000000000000000, -1.000000000000000000 ) ) ;
#8662 = SURFACE_SIDE_STYLE ('',( #8426 ) ) ;
#8663 = FACE_OUTER_BOUND ( 'NONE', #7908, .T. ) ;
#8664 = FILL_AREA_STYLE ('',( #1614 ) ) ;
#8665 = DIRECTION ( 'NONE',  ( 1.817990202823693835E-15, 0.0000000000000000000, -1.000000000000000000 ) ) ;
#8666 = DIRECTION ( 'NONE',  ( -1.817990202823693835E-15, 0.0000000000000000000, 1.000000000000000000 ) ) ;
#8667 = ORIENTED_EDGE ( 'NONE', *, *, #11261, .T. ) ;
#8668 = EDGE_CURVE ( 'NONE', #4054, #1409, #199, .T. ) ;
#8669 = ORIENTED_EDGE ( 'NONE', *, *, #3436, .T. ) ;
#8670 = VERTEX_POINT ( 'NONE', #10649 ) ;
#8671 = DIMENSIONAL_EXPONENTS ( 1.000000000000000000, 0.0000000000000000000, 0.0000000000000000000, 0.0000000000000000000, 0.0000000000000000000, 0.0000000000000000000, 0.0000000000000000000 ) ;
#8672 = EDGE_CURVE ( 'NONE', #2882, #166, #8829, .T. ) ;
#8673 = AXIS2_PLACEMENT_3D ( 'NONE', #11466, #1007, #3862 ) ;
#8674 = ORIENTED_EDGE ( 'NONE', *, *, #8686, .F. ) ;
#8675 = PLANE ( 'NONE',  #7000 ) ;
#8676 = FILL_AREA_STYLE ('',( #7048 ) ) ;
#8677 = DIRECTION ( 'NONE',  ( -1.000000000000000000, -1.644517855225996559E-15, -1.817990202823693835E-15 ) ) ;
#8678 = CARTESIAN_POINT ( 'NONE',  ( 0.5076025148337943715, 0.06733071061424766857, -0.2604330708661437566 ) ) ;
#8679 = SURFACE_SIDE_STYLE ('',( #7799 ) ) ;
#8680 = DIRECTION ( 'NONE',  ( -1.644517855225997348E-15, 1.000000000000000000, -2.970554346222872930E-30 ) ) ;
#8681 = FILL_AREA_STYLE ('',( #9615 ) ) ;
#8682 = ORIENTED_EDGE ( 'NONE', *, *, #3856, .F. ) ;
#8683 = EDGE_CURVE ( 'NONE', #8185, #2522, #4539, .T. ) ;
#8684 = FILL_AREA_STYLE ('',( #8562 ) ) ;
#8685 = DIRECTION ( 'NONE',  ( 1.817990202823693835E-15, 0.0000000000000000000, -1.000000000000000000 ) ) ;
#8686 = EDGE_CURVE ( 'NONE', #5408, #9555, #9866, .T. ) ;
#8687 = DIRECTION ( 'NONE',  ( -0.3630301527215995527, -0.9317773919853026277, -6.599852609774574981E-16 ) ) ;
#8688 =( GEOMETRIC_REPRESENTATION_CONTEXT ( 3 ) GLOBAL_UNCERTAINTY_ASSIGNED_CONTEXT ( ( #1449 ) ) GLOBAL_UNIT_ASSIGNED_CONTEXT ( ( #2551, #4166, #11194 ) ) REPRESENTATION_CONTEXT ( 'NONE', 'WORKASPACE' ) );
#8689 = DIRECTION ( 'NONE',  ( 1.817990202823693835E-15, -3.503246160812042677E-46, -1.000000000000000000 ) ) ;
#8690 = SURFACE_STYLE_FILL_AREA ( #5964 ) ;
#8691 = DIRECTION ( 'NONE',  ( 1.817990202823693835E-15, 0.0000000000000000000, -1.000000000000000000 ) ) ;
#8692 = FACE_OUTER_BOUND ( 'NONE', #9353, .T. ) ;
#8693 = CARTESIAN_POINT ( 'NONE',  ( 0.4058070866141672561, 0.1279527559055112784, -0.003937007874017909442 ) ) ;
#8694 = DIRECTION ( 'NONE',  ( -1.817990202823693835E-15, 0.0000000000000000000, 1.000000000000000000 ) ) ;
#8695 = VERTEX_POINT ( 'NONE', #8943 ) ;
#8696 = EDGE_CURVE ( 'NONE', #5930, #10052, #3728, .T. ) ;
#8697 = VECTOR ( 'NONE', #8205, 39.37007874015748143 ) ;
#8698 =( NAMED_UNIT ( * ) SI_UNIT ( $, .STERADIAN. ) SOLID_ANGLE_UNIT ( ) );
#8699 = CARTESIAN_POINT ( 'NONE',  ( 0.4957861071419632504, 0.09645669291338543339, -0.1761811023622067984 ) ) ;
#8700 = ORIENTED_EDGE ( 'NONE', *, *, #4426, .F. ) ;
#8701 = SURFACE_SIDE_STYLE ('',( #7122 ) ) ;
#8702 = ORIENTED_EDGE ( 'NONE', *, *, #11400, .F. ) ;
#8703 = DIRECTION ( 'NONE',  ( 1.817990202823693835E-15, 0.0000000000000000000, -1.000000000000000000 ) ) ;
#8704 = MECHANICAL_DESIGN_GEOMETRIC_PRESENTATION_REPRESENTATION (  '', ( #4093 ), #3337 ) ;
#8705 = LINE ( 'NONE', #5868, #954 ) ;
#8706 =( NAMED_UNIT ( * ) PLANE_ANGLE_UNIT ( ) SI_UNIT ( $, .RADIAN. ) );
#8707 =( NAMED_UNIT ( * ) PLANE_ANGLE_UNIT ( ) SI_UNIT ( $, .RADIAN. ) );
#8708 = LENGTH_MEASURE_WITH_UNIT ( LENGTH_MEASURE( 0.02539999999999999897 ), #6221 );
#8709 = SURFACE_STYLE_USAGE ( .BOTH. , #7023 ) ;
#8710 =( NAMED_UNIT ( * ) PLANE_ANGLE_UNIT ( ) SI_UNIT ( $, .RADIAN. ) );
#8711 = ORIENTED_EDGE ( 'NONE', *, *, #2502, .F. ) ;
#8712 = COLOUR_RGB ( '',1.000000000000000000, 1.000000000000000000, 1.000000000000000000 ) ;
#8713 = LINE ( 'NONE', #1770, #10860 ) ;
#8714 = ORIENTED_EDGE ( 'NONE', *, *, #1013, .T. ) ;
#8715 = LENGTH_MEASURE_WITH_UNIT ( LENGTH_MEASURE( 0.02539999999999999897 ), #1656 );
#8716 = EDGE_LOOP ( 'NONE', ( #6323, #3124, #7787, #3967 ) ) ;
#8717 = LINE ( 'NONE', #2412, #5385 ) ;
#8718 = DIRECTION ( 'NONE',  ( -1.000000000000000000, -1.644517855225996559E-15, -1.817990202823693835E-15 ) ) ;
#8719 = MECHANICAL_DESIGN_GEOMETRIC_PRESENTATION_REPRESENTATION (  '', ( #5749 ), #2631 ) ;
#8720 = CARTESIAN_POINT ( 'NONE',  ( 0.5067913519291870061, 0.08893342700064806039, -0.01043307086614369758 ) ) ;
#8721 = SURFACE_SIDE_STYLE ('',( #7955 ) ) ;
#8722 = DIRECTION ( 'NONE',  ( -0.8789799039125312241, -0.4626210020592183003, 0.1156552505148023963 ) ) ;
#8723 = LINE ( 'NONE', #5940, #6614 ) ;
#8724 = CARTESIAN_POINT ( 'NONE',  ( 0.2660249164800739252, 0.08464566929133782169, -0.2604330708661442007 ) ) ;
#8725 = ORIENTED_EDGE ( 'NONE', *, *, #2144, .F. ) ;
#8726 = ORIENTED_EDGE ( 'NONE', *, *, #8520, .F. ) ;
#8727 = ORIENTED_EDGE ( 'NONE', *, *, #9043, .F. ) ;
#8728 = VECTOR ( 'NONE', #3078, 39.37007874015748143 ) ;
#8729 = CARTESIAN_POINT ( 'NONE',  ( 0.2421027395222933865, 0.06614173228346377498, -0.01043307086614424402 ) ) ;
#8730 = ORIENTED_EDGE ( 'NONE', *, *, #2024, .T. ) ;
#8731 = VECTOR ( 'NONE', #865, 39.37007874015748143 ) ;
#8732 = SURFACE_STYLE_USAGE ( .BOTH. , #7912 ) ;
#8733 = DIRECTION ( 'NONE',  ( 1.817990202823693835E-15, 0.0000000000000000000, -1.000000000000000000 ) ) ;
#8734 = EDGE_CURVE ( 'NONE', #6283, #9836, #9003, .T. ) ;
#8735 = UNCERTAINTY_MEASURE_WITH_UNIT (LENGTH_MEASURE( 1.000000000000000082E-05 ), #11323, 'distance_accuracy_value', 'NONE');
#8736 = CARTESIAN_POINT ( 'NONE',  ( 0.4073818897637741521, 0.1240157480314798000, -0.1553149606299234486 ) ) ;
#8737 = DIRECTION ( 'NONE',  ( 0.3630301527215994972, 0.9317773919853026277, 6.599852609774574981E-16 ) ) ;
#8738 = LINE ( 'NONE', #8678, #10857 ) ;
#8739 = LINE ( 'NONE', #794, #7153 ) ;
#8740 = CARTESIAN_POINT ( 'NONE',  ( 0.2476053619159079289, 0.06990336523983385619, -0.1104330708661441784 ) ) ;
#8741 = EDGE_CURVE ( 'NONE', #2715, #9710, #10242, .T. ) ;
#8742 =( GEOMETRIC_REPRESENTATION_CONTEXT ( 3 ) GLOBAL_UNCERTAINTY_ASSIGNED_CONTEXT ( ( #4333 ) ) GLOBAL_UNIT_ASSIGNED_CONTEXT ( ( #5669, #1096, #2905 ) ) REPRESENTATION_CONTEXT ( 'NONE', 'WORKASPACE' ) );
#8743 = ORIENTED_EDGE ( 'NONE', *, *, #737, .F. ) ;
#8744 = PRESENTATION_LAYER_ASSIGNMENT (  '', '', ( #6884 ) ) ;
#8745 = PLANE ( 'NONE',  #8618 ) ;
#8746 = CARTESIAN_POINT ( 'NONE',  ( 0.5442913385826719797, 0.05905511811023591434, -0.1604330708661436400 ) ) ;
#8747 = STYLED_ITEM ( 'NONE', ( #10776 ), #7451 ) ;
#8748 = EDGE_CURVE ( 'NONE', #4007, #5986, #6217, .T. ) ;
#8749 = UNCERTAINTY_MEASURE_WITH_UNIT (LENGTH_MEASURE( 1.000000000000000082E-05 ), #2416, 'distance_accuracy_value', 'NONE');
#8750 = LINE ( 'NONE', #7926, #4292 ) ;
#8751 = LENGTH_MEASURE_WITH_UNIT ( LENGTH_MEASURE( 0.02539999999999999897 ), #5212 );
#8752 = CARTESIAN_POINT ( 'NONE',  ( 0.2542085087882424155, 0.06733071061424725223, -0.06043307086614418261 ) ) ;
#8753 = EDGE_CURVE ( 'NONE', #502, #9640, #10707, .T. ) ;
#8754 = SURFACE_STYLE_USAGE ( .BOTH. , #5214 ) ;
#8755 = PRESENTATION_STYLE_ASSIGNMENT (( #870 ) ) ;
#8756 = ORIENTED_EDGE ( 'NONE', *, *, #3711, .T. ) ;
#8757 = FILL_AREA_STYLE_COLOUR ( '', #1406 ) ;
#8758 = ORIENTED_EDGE ( 'NONE', *, *, #8371, .F. ) ;
#8759 = VECTOR ( 'NONE', #7648, 39.37007874015748143 ) ;
#8760 = VERTEX_POINT ( 'NONE', #7998 ) ;
#8761 = CARTESIAN_POINT ( 'NONE',  ( 0.2660249164800730370, 0.09645669291338505869, -0.06043307086614418261 ) ) ;
#8762 = ADVANCED_FACE ( 'NONE', ( #2754 ), #84, .T. ) ;
#8763 = CIRCLE ( 'NONE', #5794, 0.01181102362204724046 ) ;
#8764 =( LENGTH_UNIT ( ) NAMED_UNIT ( * ) SI_UNIT ( $, .METRE. ) );
#8765 = DIRECTION ( 'NONE',  ( -1.644517855225997348E-15, 1.000000000000000000, -2.970554346222872930E-30 ) ) ;
#8766 = DIRECTION ( 'NONE',  ( 1.019786107410400490E-14, 1.000000000000000000, 1.855877452542481725E-29 ) ) ;
#8767 =( NAMED_UNIT ( * ) PLANE_ANGLE_UNIT ( ) SI_UNIT ( $, .RADIAN. ) );
#8768 = DIRECTION ( 'NONE',  ( 1.000000000000000000, 1.644517855225996559E-15, 1.817990202823693835E-15 ) ) ;
#8769 = VECTOR ( 'NONE', #5696, 39.37007874015748143 ) ;
#8770 = FILL_AREA_STYLE ('',( #6044 ) ) ;
#8771 = ORIENTED_EDGE ( 'NONE', *, *, #1387, .F. ) ;
#8772 = DIRECTION ( 'NONE',  ( -1.644517855225997348E-15, 1.000000000000000000, -2.970554346222872930E-30 ) ) ;
#8773 = AXIS2_PLACEMENT_3D ( 'NONE', #2476, #11076, #6648 ) ;
#8774 = ORIENTED_EDGE ( 'NONE', *, *, #2733, .F. ) ;
#8775 = ORIENTED_EDGE ( 'NONE', *, *, #7404, .T. ) ;
#8776 = CARTESIAN_POINT ( 'NONE',  ( 0.4805418239949943993, 0.09291338582677124980, -0.07618110236220680676 ) ) ;
#8777 = MECHANICAL_DESIGN_GEOMETRIC_PRESENTATION_REPRESENTATION (  '', ( #1939 ), #4714 ) ;
#8778 = FACE_OUTER_BOUND ( 'NONE', #2568, .T. ) ;
#8779 = DIRECTION ( 'NONE',  ( 1.817990202823693835E-15, 0.0000000000000000000, -1.000000000000000000 ) ) ;
#8780 = STYLED_ITEM ( 'NONE', ( #11140 ), #9618 ) ;
#8781 =( CONVERSION_BASED_UNIT ( 'INCH', #900 ) LENGTH_UNIT ( ) NAMED_UNIT ( #5236 ) );
#8782 = SURFACE_SIDE_STYLE ('',( #3335 ) ) ;
#8783 = SURFACE_STYLE_USAGE ( .BOTH. , #4322 ) ;
#8784 = CARTESIAN_POINT ( 'NONE',  ( 0.4058070866141679223, 0.1240157480314955235, -0.1816929133858289636 ) ) ;
#8785 = ORIENTED_EDGE ( 'NONE', *, *, #11261, .F. ) ;
#8786 = ORIENTED_EDGE ( 'NONE', *, *, #1544, .T. ) ;
#8787 = VECTOR ( 'NONE', #7804, 39.37007874015747433 ) ;
#8788 = ORIENTED_EDGE ( 'NONE', *, *, #2794, .F. ) ;
#8789 = LINE ( 'NONE', #787, #9033 ) ;
#8790 = EDGE_LOOP ( 'NONE', ( #3699, #4380, #5772, #10826, #9163, #8727, #6290, #5366, #5063, #7069, #4683, #3908 ) ) ;
#8791 = LINE ( 'NONE', #10361, #3109 ) ;
#8792 = PLANE ( 'NONE',  #3123 ) ;
#8793 = LENGTH_MEASURE_WITH_UNIT ( LENGTH_MEASURE( 0.02539999999999999897 ), #2611 );
#8794 = DIRECTION ( 'NONE',  ( -1.000000000000000000, -1.644517855225997348E-15, -1.817990202823693441E-15 ) ) ;
#8795 = AXIS2_PLACEMENT_3D ( 'NONE', #233, #7166, #8863 ) ;
#8796 = DIRECTION ( 'NONE',  ( -1.644517855225997348E-15, 1.000000000000000000, -2.970554346222872930E-30 ) ) ;
#8797 = DIRECTION ( 'NONE',  ( 1.817990202823693835E-15, 0.0000000000000000000, -1.000000000000000000 ) ) ;
#8798 = DIRECTION ( 'NONE',  ( -0.4657464328325995329, 0.8849182223819944682, -8.467224518897498582E-16 ) ) ;
#8799 = AXIS2_PLACEMENT_3D ( 'NONE', #1545, #4140, #5876 ) ;
#8800 =( GEOMETRIC_REPRESENTATION_CONTEXT ( 3 ) GLOBAL_UNCERTAINTY_ASSIGNED_CONTEXT ( ( #1081 ) ) GLOBAL_UNIT_ASSIGNED_CONTEXT ( ( #8781, #834, #11471 ) ) REPRESENTATION_CONTEXT ( 'NONE', 'WORKASPACE' ) );
#8801 = ORIENTED_EDGE ( 'NONE', *, *, #7348, .T. ) ;
#8802 = SURFACE_STYLE_FILL_AREA ( #8684 ) ;
#8803 = DIRECTION ( 'NONE',  ( 0.3630301527215994972, 0.9317773919853026277, 6.599852609774574981E-16 ) ) ;
#8804 = DIMENSIONAL_EXPONENTS ( 1.000000000000000000, 0.0000000000000000000, 0.0000000000000000000, 0.0000000000000000000, 0.0000000000000000000, 0.0000000000000000000, 0.0000000000000000000 ) ;
#8805 = FACE_OUTER_BOUND ( 'NONE', #6412, .T. ) ;
#8806 = STYLED_ITEM ( 'NONE', ( #5219 ), #2466 ) ;
#8807 = CARTESIAN_POINT ( 'NONE',  ( 0.5197082840997427899, 0.07204724409448784450, -0.1604330708661436955 ) ) ;
#8808 = EDGE_CURVE ( 'NONE', #9769, #10794, #5225, .T. ) ;
#8809 =( GEOMETRIC_REPRESENTATION_CONTEXT ( 3 ) GLOBAL_UNCERTAINTY_ASSIGNED_CONTEXT ( ( #1579 ) ) GLOBAL_UNIT_ASSIGNED_CONTEXT ( ( #6559, #8338, #9412 ) ) REPRESENTATION_CONTEXT ( 'NONE', 'WORKASPACE' ) );
#8810 = EDGE_CURVE ( 'NONE', #1294, #7747, #361, .T. ) ;
#8811 = DIRECTION ( 'NONE',  ( -0.5643446851342082127, 0.8255392639728115212, -1.807003620809174977E-15 ) ) ;
#8812 = DIRECTION ( 'NONE',  ( 0.9317773919853016285, 0.3630301527216017177, 1.314184451497579040E-15 ) ) ;
#8813 =( LENGTH_UNIT ( ) NAMED_UNIT ( * ) SI_UNIT ( $, .METRE. ) );
#8814 = AXIS2_PLACEMENT_3D ( 'NONE', #3618, #946, #1003 ) ;
#8815 = LINE ( 'NONE', #2499, #1783 ) ;
#8816 = ORIENTED_EDGE ( 'NONE', *, *, #100, .F. ) ;
#8817 = LINE ( 'NONE', #1753, #4338 ) ;
#8818 = EDGE_LOOP ( 'NONE', ( #11010, #3157, #3952, #1273 ) ) ;
#8819 = EDGE_CURVE ( 'NONE', #4569, #11021, #2269, .T. ) ;
#8820 = MECHANICAL_DESIGN_GEOMETRIC_PRESENTATION_REPRESENTATION (  '', ( #9223 ), #5113 ) ;
#8821 = ORIENTED_EDGE ( 'NONE', *, *, #2807, .T. ) ;
#8822 = EDGE_CURVE ( 'NONE', #3853, #3932, #9170, .T. ) ;
#8823 = CIRCLE ( 'NONE', #3463, 0.004724409448818876756 ) ;
#8824 = LENGTH_MEASURE_WITH_UNIT ( LENGTH_MEASURE( 0.02539999999999999897 ), #7125 );
#8825 = DIRECTION ( 'NONE',  ( -1.000000000000000000, -1.644517855225996559E-15, -1.817990202823693835E-15 ) ) ;
#8826 = PRESENTATION_STYLE_ASSIGNMENT (( #9758 ) ) ;
#8827 = AXIS2_PLACEMENT_3D ( 'NONE', #5402, #2099, #4544 ) ;
#8828 = DIRECTION ( 'NONE',  ( -1.644517855225997348E-15, 1.000000000000000000, -2.970554346222872930E-30 ) ) ;
#8829 = LINE ( 'NONE', #251, #10631 ) ;
#8830 = PRESENTATION_LAYER_ASSIGNMENT (  '', '', ( #6436 ) ) ;
#8831 = FILL_AREA_STYLE_COLOUR ( '', #209 ) ;
#8832 = CYLINDRICAL_SURFACE ( 'NONE', #5287, 0.004724409448818893235 ) ;
#8833 = VECTOR ( 'NONE', #2552, 39.37007874015748143 ) ;
#8834 =( LENGTH_UNIT ( ) NAMED_UNIT ( * ) SI_UNIT ( $, .METRE. ) );
#8835 = EDGE_LOOP ( 'NONE', ( #377, #4094, #9962, #5494 ) ) ;
#8836 = EDGE_CURVE ( 'NONE', #3398, #11341, #2921, .T. ) ;
#8837 = CARTESIAN_POINT ( 'NONE',  ( 0.2421027395222934142, 0.07204724409448738653, -0.02618110236220727929 ) ) ;
#8838 = VERTEX_POINT ( 'NONE', #11102 ) ;
#8839 = ADVANCED_FACE ( 'NONE', ( #4710 ), #8229, .T. ) ;
#8841 = CARTESIAN_POINT ( 'NONE',  ( 0.5067913519291872282, 0.08893342700064806039, -0.06043307086614371076 ) ) ;
#8840 = AXIS2_PLACEMENT_3D ( 'NONE', #7473, #11043, #3778 ) ;
#8842 = VERTEX_POINT ( 'NONE', #7368 ) ;
#8843 = DIRECTION ( 'NONE',  ( 1.817990202823693835E-15, 0.0000000000000000000, -1.000000000000000000 ) ) ;
#8844 = VECTOR ( 'NONE', #9203, 39.37007874015748143 ) ;
#8845 = VECTOR ( 'NONE', #8494, 39.37007874015748143 ) ;
#8846 = CARTESIAN_POINT ( 'NONE',  ( 0.5197082840997426789, 0.06614173228346423294, -0.1104330708661437066 ) ) ;
#8847 = SURFACE_STYLE_FILL_AREA ( #10547 ) ;
#8848 =( NAMED_UNIT ( * ) PLANE_ANGLE_UNIT ( ) SI_UNIT ( $, .RADIAN. ) );
#8849 = FACE_OUTER_BOUND ( 'NONE', #1117, .T. ) ;
#8850 = COLOUR_RGB ( '',1.000000000000000000, 1.000000000000000000, 1.000000000000000000 ) ;
#8851 = CARTESIAN_POINT ( 'NONE',  ( 0.2542085087882430261, 0.06733071061424725223, -0.2104330708661442395 ) ) ;
#8852 = VERTEX_POINT ( 'NONE', #1400 ) ;
#8853 = VERTEX_POINT ( 'NONE', #1344 ) ;
#8854 = ORIENTED_EDGE ( 'NONE', *, *, #1597, .F. ) ;
#8855 = ORIENTED_EDGE ( 'NONE', *, *, #4217, .F. ) ;
#8856 = MECHANICAL_DESIGN_GEOMETRIC_PRESENTATION_REPRESENTATION (  '', ( #6818 ), #11282 ) ;
#8857 = FACE_OUTER_BOUND ( 'NONE', #702, .T. ) ;
#8858 = UNCERTAINTY_MEASURE_WITH_UNIT (LENGTH_MEASURE( 1.000000000000000082E-05 ), #9986, 'distance_accuracy_value', 'NONE');
#8859 = PLANE ( 'NONE',  #10233 ) ;
#8860 = CARTESIAN_POINT ( 'NONE',  ( 0.2443811050961602060, 0.06162777273582203952, -0.1879921259842544934 ) ) ;
#8861 = ORIENTED_EDGE ( 'NONE', *, *, #1608, .F. ) ;
#8862 = MECHANICAL_DESIGN_GEOMETRIC_PRESENTATION_REPRESENTATION (  '', ( #2387 ), #2 ) ;
#8863 = DIRECTION ( 'NONE',  ( 1.817990202823693835E-15, 0.0000000000000000000, -1.000000000000000000 ) ) ;
#8864 = SURFACE_SIDE_STYLE ('',( #4406 ) ) ;
#8865 = LINE ( 'NONE', #6889, #862 ) ;
#8866 = DIRECTION ( 'NONE',  ( -1.817990202823693835E-15, 0.0000000000000000000, 1.000000000000000000 ) ) ;
#8867 = PRESENTATION_LAYER_ASSIGNMENT (  '', '', ( #5168 ) ) ;
#8868 = UNCERTAINTY_MEASURE_WITH_UNIT (LENGTH_MEASURE( 1.000000000000000082E-05 ), #9047, 'distance_accuracy_value', 'NONE');
#8869 = CARTESIAN_POINT ( 'NONE',  ( 0.2175196850393644188, 0.06614173228346371947, -0.06043307086614425200 ) ) ;
#8870 = CARTESIAN_POINT ( 'NONE',  ( 0.4957861071419628618, 0.09645669291338543339, -0.06043307086614377321 ) ) ;
#8871 = DIRECTION ( 'NONE',  ( 1.817990202823693835E-15, 0.0000000000000000000, -1.000000000000000000 ) ) ;
#8872 = SURFACE_STYLE_FILL_AREA ( #5271 ) ;
#8873 = ORIENTED_EDGE ( 'NONE', *, *, #7687, .F. ) ;
#8874 = LINE ( 'NONE', #8935, #2332 ) ;
#8875 = LINE ( 'NONE', #6029, #811 ) ;
#8876 = ORIENTED_EDGE ( 'NONE', *, *, #1531, .F. ) ;
#8877 = COLOUR_RGB ( '',0.7607843137254901578, 0.7607843137254901578, 0.0000000000000000000 ) ;
#8878 = LENGTH_MEASURE_WITH_UNIT ( LENGTH_MEASURE( 0.02539999999999999897 ), #2629 );
#8879 = VERTEX_POINT ( 'NONE', #10940 ) ;
#8880 = LENGTH_MEASURE_WITH_UNIT ( LENGTH_MEASURE( 0.02539999999999999897 ), #6154 );
#8881 = DIMENSIONAL_EXPONENTS ( 1.000000000000000000, 0.0000000000000000000, 0.0000000000000000000, 0.0000000000000000000, 0.0000000000000000000, 0.0000000000000000000, 0.0000000000000000000 ) ;
#8882 = SURFACE_STYLE_FILL_AREA ( #4422 ) ;
#8883 = FILL_AREA_STYLE ('',( #8646 ) ) ;
#8884 = ADVANCED_FACE ( 'NONE', ( #2149 ), #6502, .F. ) ;
#8885 = CARTESIAN_POINT ( 'NONE',  ( 0.5197082840997430120, 0.07204724409448784450, -0.2261811023622067873 ) ) ;
#8886 = COLOUR_RGB ( '',1.000000000000000000, 1.000000000000000000, 1.000000000000000000 ) ;
#8887 = LENGTH_MEASURE_WITH_UNIT ( LENGTH_MEASURE( 0.02539999999999999897 ), #11456 );
#8888 = LINE ( 'NONE', #1876, #8999 ) ;
#8889 = EDGE_CURVE ( 'NONE', #10549, #11067, #9462, .T. ) ;
#8890 = LINE ( 'NONE', #9703, #286 ) ;
#8891 = VERTEX_POINT ( 'NONE', #11272 ) ;
#8892 = CARTESIAN_POINT ( 'NONE',  ( 0.4058070866141669786, 0.1240157480314955235, 0.1580708661417300764 ) ) ;
#8893 = ORIENTED_EDGE ( 'NONE', *, *, #8836, .T. ) ;
#8894 = STYLED_ITEM ( 'NONE', ( #159 ), #5974 ) ;
#8895 = LINE ( 'NONE', #7136, #9941 ) ;
#8896 = ORIENTED_EDGE ( 'NONE', *, *, #3709, .T. ) ;
#8897 = CARTESIAN_POINT ( 'NONE',  ( 0.2175196850393642245, 0.05905511811023538005, -0.01043307086614424402 ) ) ;
#8898 = EDGE_CURVE ( 'NONE', #10055, #1795, #5041, .T. ) ;
#8899 = FACE_OUTER_BOUND ( 'NONE', #2037, .T. ) ;
#8900 =( LENGTH_UNIT ( ) NAMED_UNIT ( * ) SI_UNIT ( $, .METRE. ) );
#8901 = LINE ( 'NONE', #48, #9168 ) ;
#8902 = DIRECTION ( 'NONE',  ( -0.3630301527216025503, 0.9317773919853011844, -6.599852609774626257E-16 ) ) ;
#8903 = CARTESIAN_POINT ( 'NONE',  ( 0.5076025148337938164, 0.06733071061424766857, -0.1104330708661437066 ) ) ;
#8904 = EDGE_CURVE ( 'NONE', #4125, #151, #10280, .T. ) ;
#8906 =( GEOMETRIC_REPRESENTATION_CONTEXT ( 3 ) GLOBAL_UNCERTAINTY_ASSIGNED_CONTEXT ( ( #6879 ) ) GLOBAL_UNIT_ASSIGNED_CONTEXT ( ( #7770, #8707, #10536 ) ) REPRESENTATION_CONTEXT ( 'NONE', 'WORKASPACE' ) );
#8905 = CARTESIAN_POINT ( 'NONE',  ( 0.5442913385826723127, 0.05905511811023591434, -0.2761811023622067207 ) ) ;
#8907 = ORIENTED_EDGE ( 'NONE', *, *, #1655, .F. ) ;
#8908 = ORIENTED_EDGE ( 'NONE', *, *, #4781, .T. ) ;
#8909 = ORIENTED_EDGE ( 'NONE', *, *, #2104, .F. ) ;
#8910 = DIRECTION ( 'NONE',  ( -1.644517855225997348E-15, 1.000000000000000000, -2.970554346222872930E-30 ) ) ;
#8911 = VERTEX_POINT ( 'NONE', #7714 ) ;
#8912 =( GEOMETRIC_REPRESENTATION_CONTEXT ( 3 ) GLOBAL_UNCERTAINTY_ASSIGNED_CONTEXT ( ( #2610 ) ) GLOBAL_UNIT_ASSIGNED_CONTEXT ( ( #8933, #982, #2908 ) ) REPRESENTATION_CONTEXT ( 'NONE', 'WORKASPACE' ) );
#8913 =( NAMED_UNIT ( * ) PLANE_ANGLE_UNIT ( ) SI_UNIT ( $, .RADIAN. ) );
#8914 = FILL_AREA_STYLE_COLOUR ( '', #10923 ) ;
#8915 = EDGE_CURVE ( 'NONE', #1012, #10353, #11379, .T. ) ;
#8916 = VERTEX_POINT ( 'NONE', #2389 ) ;
#8917 = DIRECTION ( 'NONE',  ( -1.000000000000000000, -1.644517855225996559E-15, -1.817990202823693835E-15 ) ) ;
#8918 = DIRECTION ( 'NONE',  ( -1.644517855225997348E-15, 1.000000000000000000, -2.989717349169496850E-30 ) ) ;
#8919 = DIRECTION ( 'NONE',  ( -1.817990202823693835E-15, 0.0000000000000000000, 1.000000000000000000 ) ) ;
#8920 = EDGE_CURVE ( 'NONE', #6759, #7663, #8571, .T. ) ;
#8921 = CARTESIAN_POINT ( 'NONE',  ( 0.2746062992125933300, 0.08937007874015673314, -0.2104330708661442395 ) ) ;
#8922 =( CONVERSION_BASED_UNIT ( 'INCH', #5374 ) LENGTH_UNIT ( ) NAMED_UNIT ( #6966 ) );
#8923 = ORIENTED_EDGE ( 'NONE', *, *, #3496, .F. ) ;
#8924 = AXIS2_PLACEMENT_3D ( 'NONE', #399, #9333, #5728 ) ;
#8925 =( LENGTH_UNIT ( ) NAMED_UNIT ( * ) SI_UNIT ( $, .METRE. ) );
#8926 = CARTESIAN_POINT ( 'NONE',  ( 0.4872047244094440122, 0.09645669291338541951, -0.2761811023622068317 ) ) ;
#8927 = STYLED_ITEM ( 'NONE', ( #8826 ), #7824 ) ;
#8928 = CARTESIAN_POINT ( 'NONE',  ( 0.5442913385826720907, 0.06614173228346426070, -0.2104330708661436566 ) ) ;
#8929 = DIRECTION ( 'NONE',  ( 1.644517855225997348E-15, -1.000000000000000000, 2.970554346222872930E-30 ) ) ;
#8930 = LINE ( 'NONE', #9741, #234 ) ;
#8931 = VECTOR ( 'NONE', #8379, 39.37007874015748143 ) ;
#8932 = FILL_AREA_STYLE ('',( #2622 ) ) ;
#8933 =( CONVERSION_BASED_UNIT ( 'INCH', #5163 ) LENGTH_UNIT ( ) NAMED_UNIT ( #7474 ) );
#8934 = ORIENTED_EDGE ( 'NONE', *, *, #9469, .F. ) ;
#8935 = CARTESIAN_POINT ( 'NONE',  ( 0.4058070866141674782, 0.1279527559055112784, -0.05393700787401791569 ) ) ;
#8936 = DIRECTION ( 'NONE',  ( 1.644517855225996559E-15, -1.000000000000000000, 2.970554346222871178E-30 ) ) ;
#8937 = VERTEX_POINT ( 'NONE', #1582 ) ;
#8938 = CARTESIAN_POINT ( 'NONE',  ( 0.2746062992125927193, 0.09645669291338507256, -0.06043307086614418261 ) ) ;
#8939 = ORIENTED_EDGE ( 'NONE', *, *, #6200, .F. ) ;
#8940 = AXIS2_PLACEMENT_3D ( 'NONE', #381, #8254, #9315 ) ;
#8941 = FILL_AREA_STYLE ('',( #1871 ) ) ;
#8942 = CARTESIAN_POINT ( 'NONE',  ( 0.4872047244094431240, 0.09645669291338541951, -0.06043307086614377321 ) ) ;
#8943 = CARTESIAN_POINT ( 'NONE',  ( 0.4872047244094434015, 0.08937007874015708009, -0.1261811023622068095 ) ) ;
#8944 = PRESENTATION_STYLE_ASSIGNMENT (( #2693 ) ) ;
#8945 = VECTOR ( 'NONE', #2094, 39.37007874015748143 ) ;
#8946 = FILL_AREA_STYLE ('',( #2976 ) ) ;
#8947 =( NAMED_UNIT ( * ) SI_UNIT ( $, .STERADIAN. ) SOLID_ANGLE_UNIT ( ) );
#8948 = LINE ( 'NONE', #9177, #5443 ) ;
#8949 = ORIENTED_EDGE ( 'NONE', *, *, #8183, .F. ) ;
#8950 = CARTESIAN_POINT ( 'NONE',  ( 0.4058070866141681443, 0.1448818897637632330, -0.2312992125984274228 ) ) ;
#8951 = ORIENTED_EDGE ( 'NONE', *, *, #7041, .F. ) ;
#8952 = EDGE_CURVE ( 'NONE', #670, #10608, #6726, .T. ) ;
#8953 = FILL_AREA_STYLE ('',( #2812 ) ) ;
#8954 = ORIENTED_EDGE ( 'NONE', *, *, #11374, .F. ) ;
#8955 = STYLED_ITEM ( 'NONE', ( #129 ), #8972 ) ;
#8956 = EDGE_CURVE ( 'NONE', #3948, #36, #11209, .T. ) ;
#8957 = LINE ( 'NONE', #4552, #2083 ) ;
#8958 = DIRECTION ( 'NONE',  ( 1.000000000000000000, 1.644517855225997348E-15, 1.817990202823693441E-15 ) ) ;
#8959 = DIRECTION ( 'NONE',  ( -1.817990202823693835E-15, 0.0000000000000000000, 1.000000000000000000 ) ) ;
#8960 = CARTESIAN_POINT ( 'NONE',  ( 0.3560039370078684762, 0.1279527559055112229, -0.1326771653543329377 ) ) ;
#8961 = PRESENTATION_STYLE_ASSIGNMENT (( #10834 ) ) ;
#8962 = DIMENSIONAL_EXPONENTS ( 1.000000000000000000, 0.0000000000000000000, 0.0000000000000000000, 0.0000000000000000000, 0.0000000000000000000, 0.0000000000000000000, 0.0000000000000000000 ) ;
#8963 = DIRECTION ( 'NONE',  ( 1.644517855225997348E-15, -1.000000000000000000, 2.970554346222872930E-30 ) ) ;
#8964 = CARTESIAN_POINT ( 'NONE',  ( 0.5197082840997423459, 0.05905511811023587965, -0.01043307086614369758 ) ) ;
#8965 =( GEOMETRIC_REPRESENTATION_CONTEXT ( 3 ) GLOBAL_UNCERTAINTY_ASSIGNED_CONTEXT ( ( #8975 ) ) GLOBAL_UNIT_ASSIGNED_CONTEXT ( ( #10017, #10799, #8207 ) ) REPRESENTATION_CONTEXT ( 'NONE', 'WORKASPACE' ) );
#8966 = EDGE_LOOP ( 'NONE', ( #10714, #10594, #2489, #1428, #11315, #1457 ) ) ;
#8967 = EDGE_LOOP ( 'NONE', ( #3339, #1002, #8288, #218 ) ) ;
#8968 = ADVANCED_FACE ( 'NONE', ( #9572 ), #9624, .F. ) ;
#8969 = CARTESIAN_POINT ( 'NONE',  ( 0.4872047244094428464, 0.08937007874015708009, 0.03759842519684838957 ) ) ;
#8970 = EDGE_LOOP ( 'NONE', ( #6471, #11123, #9505, #3849 ) ) ;
#8971 =( GEOMETRIC_REPRESENTATION_CONTEXT ( 3 ) GLOBAL_UNCERTAINTY_ASSIGNED_CONTEXT ( ( #3891 ) ) GLOBAL_UNIT_ASSIGNED_CONTEXT ( ( #3965, #6561, #11157 ) ) REPRESENTATION_CONTEXT ( 'NONE', 'WORKASPACE' ) );
#8972 = ADVANCED_FACE ( 'NONE', ( #8692 ), #749, .F. ) ;
#8973 =( NAMED_UNIT ( * ) PLANE_ANGLE_UNIT ( ) SI_UNIT ( $, .RADIAN. ) );
#8974 = LENGTH_MEASURE_WITH_UNIT ( LENGTH_MEASURE( 0.02539999999999999897 ), #7915 );
#8975 = UNCERTAINTY_MEASURE_WITH_UNIT (LENGTH_MEASURE( 1.000000000000000082E-05 ), #10017, 'distance_accuracy_value', 'NONE');
#8976 = ORIENTED_EDGE ( 'NONE', *, *, #4667, .F. ) ;
#8977 = CARTESIAN_POINT ( 'NONE',  ( 0.5442913385826720907, 0.06614173228346426070, -0.2261811023622066763 ) ) ;
#8978 =( NAMED_UNIT ( * ) SI_UNIT ( $, .STERADIAN. ) SOLID_ANGLE_UNIT ( ) );
#8979 = SURFACE_STYLE_FILL_AREA ( #9 ) ;
#8980 = DIRECTION ( 'NONE',  ( -0.8789799039125312241, -0.4626210020592183003, 0.1156552505148023963 ) ) ;
#8981 = ORIENTED_EDGE ( 'NONE', *, *, #1390, .F. ) ;
#8982 = DIMENSIONAL_EXPONENTS ( 1.000000000000000000, 0.0000000000000000000, 0.0000000000000000000, 0.0000000000000000000, 0.0000000000000000000, 0.0000000000000000000, 0.0000000000000000000 ) ;
#8983 = SURFACE_STYLE_USAGE ( .BOTH. , #5554 ) ;
#8984 = ADVANCED_FACE ( 'NONE', ( #5510 ), #6199, .T. ) ;
#8985 = CARTESIAN_POINT ( 'NONE',  ( 0.4872047244094439566, 0.08937007874015708009, -0.2604330708661438121 ) ) ;
#8986 = SURFACE_STYLE_USAGE ( .BOTH. , #7169 ) ;
#8987 = VECTOR ( 'NONE', #38, 39.37007874015748143 ) ;
#8988 = CARTESIAN_POINT ( 'NONE',  ( 0.4073818897637743741, 0.1240157480314798000, -0.2053149606299234653 ) ) ;
#8989 = UNCERTAINTY_MEASURE_WITH_UNIT (LENGTH_MEASURE( 1.000000000000000082E-05 ), #9688, 'distance_accuracy_value', 'NONE');
#8990 = CARTESIAN_POINT ( 'NONE',  ( 0.3186023622047192694, 0.1535433070866134841, -0.1990157480314983796 ) ) ;
#8991 = CYLINDRICAL_SURFACE ( 'NONE', #866, 0.005905511811023628037 ) ;
#8992 = DIRECTION ( 'NONE',  ( 0.5643446851342075465, -0.8255392639728119653, 1.445602896647341875E-15 ) ) ;
#8993 = DIRECTION ( 'NONE',  ( 0.4657464328325966463, 0.8849182223819959114, 8.467224518897441389E-16 ) ) ;
#8994 = CARTESIAN_POINT ( 'NONE',  ( 0.2660249164800734811, 0.08937007874015670539, -0.1761811023622072148 ) ) ;
#8995 =( GEOMETRIC_REPRESENTATION_CONTEXT ( 3 ) GLOBAL_UNCERTAINTY_ASSIGNED_CONTEXT ( ( #287 ) ) GLOBAL_UNIT_ASSIGNED_CONTEXT ( ( #1352, #11051, #3150 ) ) REPRESENTATION_CONTEXT ( 'NONE', 'WORKASPACE' ) );
#8996 = PRESENTATION_STYLE_ASSIGNMENT (( #10809 ) ) ;
#8997 = ORIENTED_EDGE ( 'NONE', *, *, #3933, .F. ) ;
#8998 = LINE ( 'NONE', #8111, #295 ) ;
#8999 = VECTOR ( 'NONE', #307, 39.37007874015748143 ) ;
#9000 = FILL_AREA_STYLE ('',( #930 ) ) ;
#9001 = DIRECTION ( 'NONE',  ( -1.644517855225997348E-15, 1.000000000000000000, -2.970554346222872930E-30 ) ) ;
#9002 =( NAMED_UNIT ( * ) PLANE_ANGLE_UNIT ( ) SI_UNIT ( $, .RADIAN. ) );
#9003 = LINE ( 'NONE', #9064, #979 ) ;
#9004 = STYLED_ITEM ( 'NONE', ( #7758 ), #11386 ) ;
#9005 = DIRECTION ( 'NONE',  ( 1.000000000000000000, 1.644517855225996559E-15, 1.817990202823693835E-15 ) ) ;
#9006 = STYLED_ITEM ( 'NONE', ( #1260 ), #10606 ) ;
#9007 = PLANE ( 'NONE',  #11416 ) ;
#9008 = VERTEX_POINT ( 'NONE', #10751 ) ;
#9009 =( CONVERSION_BASED_UNIT ( 'INCH', #1226 ) LENGTH_UNIT ( ) NAMED_UNIT ( #9045 ) );
#9010 =( NAMED_UNIT ( * ) PLANE_ANGLE_UNIT ( ) SI_UNIT ( $, .RADIAN. ) );
#9011 = ORIENTED_EDGE ( 'NONE', *, *, #2451, .T. ) ;
#9012 = DIRECTION ( 'NONE',  ( 0.0000000000000000000, -1.000000000000000000, 0.0000000000000000000 ) ) ;
#9013 = VECTOR ( 'NONE', #867, 39.37007874015748143 ) ;
#9014 = COLOUR_RGB ( '',0.7607843137254901578, 0.7607843137254901578, 0.0000000000000000000 ) ;
#9015 = ORIENTED_EDGE ( 'NONE', *, *, #8898, .F. ) ;
#9016 = PLANE ( 'NONE',  #8814 ) ;
#9017 = STYLED_ITEM ( 'NONE', ( #11062 ), #10896 ) ;
#9018 = EDGE_LOOP ( 'NONE', ( #3763, #4109, #8949, #2929 ) ) ;
#9019 = CIRCLE ( 'NONE', #7327, 0.004724409448818893235 ) ;
#9020 = CARTESIAN_POINT ( 'NONE',  ( 0.4957861071419632504, 0.08464566929133819639, -0.1761811023622067984 ) ) ;
#9021 = CARTESIAN_POINT ( 'NONE',  ( 0.2746062992125936075, 0.08937007874015673314, -0.2761811023622072203 ) ) ;
#9022 = DIRECTION ( 'NONE',  ( -1.644517855225997348E-15, 1.000000000000000000, -2.970554346222872930E-30 ) ) ;
#9023 = AXIS2_PLACEMENT_3D ( 'NONE', #4002, #4857, #10266 ) ;
#9024 = STYLED_ITEM ( 'NONE', ( #7861 ), #2790 ) ;
#9025 = DIRECTION ( 'NONE',  ( 1.000000000000000000, 1.644517855225996559E-15, 1.817990202823693835E-15 ) ) ;
#9026 = DIRECTION ( 'NONE',  ( 1.644517855225997348E-15, -1.000000000000000000, 2.970554346222872930E-30 ) ) ;
#9027 = LENGTH_MEASURE_WITH_UNIT ( LENGTH_MEASURE( 0.02539999999999999897 ), #5152 );
#9028 = ORIENTED_EDGE ( 'NONE', *, *, #2589, .F. ) ;
#9029 = EDGE_CURVE ( 'NONE', #9427, #7608, #2855, .T. ) ;
#9030 = ORIENTED_EDGE ( 'NONE', *, *, #11307, .T. ) ;
#9031 = LINE ( 'NONE', #10910, #7352 ) ;
#9032 = ORIENTED_EDGE ( 'NONE', *, *, #723, .T. ) ;
#9033 = VECTOR ( 'NONE', #4328, 39.37007874015748143 ) ;
#9034 = FACE_OUTER_BOUND ( 'NONE', #7214, .T. ) ;
#9035 = VECTOR ( 'NONE', #27, 39.37007874015748143 ) ;
#9036 = VERTEX_POINT ( 'NONE', #1039 ) ;
#9037 =( LENGTH_UNIT ( ) NAMED_UNIT ( * ) SI_UNIT ( $, .METRE. ) );
#9038 = LINE ( 'NONE', #8921, #1058 ) ;
#9039 = ADVANCED_FACE ( 'NONE', ( #4467 ), #8104, .T. ) ;
#9040 = VECTOR ( 'NONE', #4440, 39.37007874015748143 ) ;
#9041 = DIRECTION ( 'NONE',  ( -1.000000000000000000, -1.644517855225996559E-15, -1.817990202823693835E-15 ) ) ;
#9042 = EDGE_LOOP ( 'NONE', ( #5882, #3055, #6304, #10669 ) ) ;
#9043 = EDGE_CURVE ( 'NONE', #6665, #1702, #6490, .T. ) ;
#9044 = LINE ( 'NONE', #917, #6935 ) ;
#9045 = DIMENSIONAL_EXPONENTS ( 1.000000000000000000, 0.0000000000000000000, 0.0000000000000000000, 0.0000000000000000000, 0.0000000000000000000, 0.0000000000000000000, 0.0000000000000000000 ) ;
#9046 =( GEOMETRIC_REPRESENTATION_CONTEXT ( 3 ) GLOBAL_UNCERTAINTY_ASSIGNED_CONTEXT ( ( #2132 ) ) GLOBAL_UNIT_ASSIGNED_CONTEXT ( ( #10278, #1464, #11321 ) ) REPRESENTATION_CONTEXT ( 'NONE', 'WORKASPACE' ) );
#9047 =( CONVERSION_BASED_UNIT ( 'INCH', #3654 ) LENGTH_UNIT ( ) NAMED_UNIT ( #2026 ) );
#9048 = CARTESIAN_POINT ( 'NONE',  ( 0.5442913385826719797, 0.05905511811023591434, -0.1604330708661436400 ) ) ;
#9049 = CARTESIAN_POINT ( 'NONE',  ( 0.3560039370078683096, 0.1240157480314954541, -0.08169291338582906903 ) ) ;
#9050 =( NAMED_UNIT ( * ) PLANE_ANGLE_UNIT ( ) SI_UNIT ( $, .RADIAN. ) );
#9051 =( NAMED_UNIT ( * ) SI_UNIT ( $, .STERADIAN. ) SOLID_ANGLE_UNIT ( ) );
#9052 = ADVANCED_FACE ( 'NONE', ( #10152 ), #4643, .T. ) ;
#9053 = PRESENTATION_LAYER_ASSIGNMENT (  '', '', ( #5525 ) ) ;
#9054 = CARTESIAN_POINT ( 'NONE',  ( 0.2175196850393650849, 0.05905511811023538005, -0.2104330708661442673 ) ) ;
#9055 = ADVANCED_FACE ( 'NONE', ( #240 ), #3066, .T. ) ;
#9056 = DIRECTION ( 'NONE',  ( -1.817990202823693835E-15, 0.0000000000000000000, 1.000000000000000000 ) ) ;
#9057 = PLANE ( 'NONE',  #2118 ) ;
#9058 = EDGE_LOOP ( 'NONE', ( #8080, #2703, #6872, #1716, #3569, #7544 ) ) ;
#9059 = FILL_AREA_STYLE ('',( #9862 ) ) ;
#9060 = MECHANICAL_DESIGN_GEOMETRIC_PRESENTATION_REPRESENTATION (  '', ( #6081 ), #5899 ) ;
#9061 = DIMENSIONAL_EXPONENTS ( 1.000000000000000000, 0.0000000000000000000, 0.0000000000000000000, 0.0000000000000000000, 0.0000000000000000000, 0.0000000000000000000, 0.0000000000000000000 ) ;
#9062 =( LENGTH_UNIT ( ) NAMED_UNIT ( * ) SI_UNIT ( $, .METRE. ) );
#9063 = PLANE ( 'NONE',  #7940 ) ;
#9064 = CARTESIAN_POINT ( 'NONE',  ( 0.5076025148337935944, 0.06733071061424766857, -0.07618110236220675124 ) ) ;
#9065 = EDGE_CURVE ( 'NONE', #5942, #1233, #8390, .T. ) ;
#9066 = CARTESIAN_POINT ( 'NONE',  ( 0.5442913385826723127, 0.06614173228346426070, -0.2604330708661436455 ) ) ;
#9067 = ORIENTED_EDGE ( 'NONE', *, *, #3738, .T. ) ;
#9068 = VECTOR ( 'NONE', #10762, 39.37007874015748143 ) ;
#9069 = LINE ( 'NONE', #3679, #6791 ) ;
#9070 = FILL_AREA_STYLE ('',( #4661 ) ) ;
#9071 = EDGE_LOOP ( 'NONE', ( #2602, #1907, #6622, #6896, #1728 ) ) ;
#9072 = VERTEX_POINT ( 'NONE', #8500 ) ;
#9073 = DIRECTION ( 'NONE',  ( 1.644517855225997348E-15, -1.000000000000000000, 2.989717349169496850E-30 ) ) ;
#9074 = ORIENTED_EDGE ( 'NONE', *, *, #9101, .F. ) ;
#9075 =( GEOMETRIC_REPRESENTATION_CONTEXT ( 3 ) GLOBAL_UNCERTAINTY_ASSIGNED_CONTEXT ( ( #9330 ) ) GLOBAL_UNIT_ASSIGNED_CONTEXT ( ( #562, #7750, #10441 ) ) REPRESENTATION_CONTEXT ( 'NONE', 'WORKASPACE' ) );
#9076 = SURFACE_STYLE_FILL_AREA ( #2814 ) ;
#9077 = DIRECTION ( 'NONE',  ( 1.817990202823693835E-15, 0.0000000000000000000, -1.000000000000000000 ) ) ;
#9078 = LENGTH_MEASURE_WITH_UNIT ( LENGTH_MEASURE( 0.02539999999999999897 ), #4438 );
#9079 = DIRECTION ( 'NONE',  ( -1.000000000000000000, -1.644517855225996559E-15, -1.817990202823693835E-15 ) ) ;
#9080 =( NAMED_UNIT ( * ) PLANE_ANGLE_UNIT ( ) SI_UNIT ( $, .RADIAN. ) );
#9081 = FILL_AREA_STYLE_COLOUR ( '', #10416 ) ;
#9082 = CARTESIAN_POINT ( 'NONE',  ( 0.4957861071419628618, 0.08464566929133819639, -0.06043307086614377321 ) ) ;
#9083 = ORIENTED_EDGE ( 'NONE', *, *, #4717, .T. ) ;
#9084 = AXIS2_PLACEMENT_3D ( 'NONE', #3927, #2892, #7447 ) ;
#9085 = ORIENTED_EDGE ( 'NONE', *, *, #10534, .F. ) ;
#9086 = LINE ( 'NONE', #4622, #6800 ) ;
#9087 = VERTEX_POINT ( 'NONE', #3301 ) ;
#9088 = LENGTH_MEASURE_WITH_UNIT ( LENGTH_MEASURE( 0.02539999999999999897 ), #6247 );
#9089 = LENGTH_MEASURE_WITH_UNIT ( LENGTH_MEASURE( 0.02539999999999999897 ), #7394 );
#9090 = COLOUR_RGB ( '',1.000000000000000000, 1.000000000000000000, 1.000000000000000000 ) ;
#9091 = ORIENTED_EDGE ( 'NONE', *, *, #1476, .T. ) ;
#9092 = LINE ( 'NONE', #4033, #6346 ) ;
#9093 = CARTESIAN_POINT ( 'NONE',  ( 0.3821850393700731985, 0.1448818897637632053, -0.1312992125984275005 ) ) ;
#9094 = DIRECTION ( 'NONE',  ( -1.154489273450654979E-15, 0.9701425001453140018, -0.2425356250364040234 ) ) ;
#9095 = VERTEX_POINT ( 'NONE', #2315 ) ;
#9096 = FILL_AREA_STYLE_COLOUR ( '', #3606 ) ;
#9097 =( GEOMETRIC_REPRESENTATION_CONTEXT ( 3 ) GLOBAL_UNCERTAINTY_ASSIGNED_CONTEXT ( ( #10617 ) ) GLOBAL_UNIT_ASSIGNED_CONTEXT ( ( #9409, #11274, #2329 ) ) REPRESENTATION_CONTEXT ( 'NONE', 'WORKASPACE' ) );
#9098 = DIRECTION ( 'NONE',  ( -1.817990202823693835E-15, 0.0000000000000000000, 1.000000000000000000 ) ) ;
#9099 = EDGE_CURVE ( 'NONE', #7669, #3824, #10267, .T. ) ;
#9100 = SURFACE_STYLE_USAGE ( .BOTH. , #2077 ) ;
#9101 = EDGE_CURVE ( 'NONE', #10608, #6902, #5087, .T. ) ;
#9102 = UNCERTAINTY_MEASURE_WITH_UNIT (LENGTH_MEASURE( 1.000000000000000082E-05 ), #7034, 'distance_accuracy_value', 'NONE');
#9103 =( CONVERSION_BASED_UNIT ( 'INCH', #5559 ) LENGTH_UNIT ( ) NAMED_UNIT ( #5037 ) );
#9104 = EDGE_CURVE ( 'NONE', #10608, #1849, #8763, .T. ) ;
#9105 = CARTESIAN_POINT ( 'NONE',  ( 0.4432086614173170735, 0.1476377952755900669, -0.04901574803149815612 ) ) ;
#9106 = DIRECTION ( 'NONE',  ( -0.5643446851342095449, 0.8255392639728106330, 0.0000000000000000000 ) ) ;
#9107 = DIRECTION ( 'NONE',  ( -1.644517855225997348E-15, 1.000000000000000000, -2.970554346222872930E-30 ) ) ;
#9108 = STYLED_ITEM ( 'NONE', ( #1175 ), #7549 ) ;
#9109 = CARTESIAN_POINT ( 'NONE',  ( 0.2746062992125924418, 0.08937007874015673314, 0.03759842519684797324 ) ) ;
#9110 = ORIENTED_EDGE ( 'NONE', *, *, #7876, .T. ) ;
#9111 = LINE ( 'NONE', #7231, #3093 ) ;
#9112 = EDGE_CURVE ( 'NONE', #6634, #1786, #7753, .T. ) ;
#9113 = AXIS2_PLACEMENT_3D ( 'NONE', #9926, #9226, #8330 ) ;
#9115 = FILL_AREA_STYLE ('',( #2858 ) ) ;
#9114 = MECHANICAL_DESIGN_GEOMETRIC_PRESENTATION_REPRESENTATION (  '', ( #10042 ), #8742 ) ;
#9116 = CARTESIAN_POINT ( 'NONE',  ( 0.3821850393700735871, 0.1448818897637632053, -0.2312992125984274783 ) ) ;
#9117 = PRESENTATION_LAYER_ASSIGNMENT (  '', '', ( #7246 ) ) ;
#9118 = ADVANCED_FACE ( 'NONE', ( #9332 ), #11311, .T. ) ;
#9119 = DIRECTION ( 'NONE',  ( -1.644517855225997348E-15, 1.000000000000000000, -2.970554346222872930E-30 ) ) ;
#9120 = CARTESIAN_POINT ( 'NONE',  ( 0.4990157480314912353, 0.09645669291338544726, -0.2486220472440965612 ) ) ;
#9121 = VERTEX_POINT ( 'NONE', #7800 ) ;
#9122 = LENGTH_MEASURE_WITH_UNIT ( LENGTH_MEASURE( 0.02539999999999999897 ), #6454 );
#9123 = ORIENTED_EDGE ( 'NONE', *, *, #6779, .T. ) ;
#9124 = VECTOR ( 'NONE', #5544, 39.37007874015748143 ) ;
#9125 = FILL_AREA_STYLE_COLOUR ( '', #2694 ) ;
#9126 = ORIENTED_EDGE ( 'NONE', *, *, #7259, .T. ) ;
#9127 = EDGE_CURVE ( 'NONE', #6986, #5178, #6551, .T. ) ;
#9128 = VERTEX_POINT ( 'NONE', #11366 ) ;
#9129 = LINE ( 'NONE', #10952, #975 ) ;
#9130 = SURFACE_STYLE_USAGE ( .BOTH. , #6347 ) ;
#9131 = DIMENSIONAL_EXPONENTS ( 1.000000000000000000, 0.0000000000000000000, 0.0000000000000000000, 0.0000000000000000000, 0.0000000000000000000, 0.0000000000000000000, 0.0000000000000000000 ) ;
#9132 = DIRECTION ( 'NONE',  ( 1.817990202823693835E-15, 0.0000000000000000000, -1.000000000000000000 ) ) ;
#9133 = DIRECTION ( 'NONE',  ( 1.019786107410400490E-14, 1.000000000000000000, 1.855877452542481725E-29 ) ) ;
#9134 = PRESENTATION_STYLE_ASSIGNMENT (( #5643 ) ) ;
#9135 = VERTEX_POINT ( 'NONE', #2428 ) ;
#9136 = AXIS2_PLACEMENT_3D ( 'NONE', #4589, #9743, #8871 ) ;
#9137 = ORIENTED_EDGE ( 'NONE', *, *, #10981, .T. ) ;
#9138 = CARTESIAN_POINT ( 'NONE',  ( 0.4058070866141681998, 0.1240157480314955235, -0.2316929133858289802 ) ) ;
#9139 = EDGE_LOOP ( 'NONE', ( #2647, #10315, #1475, #1572 ) ) ;
#9140 = MECHANICAL_DESIGN_GEOMETRIC_PRESENTATION_REPRESENTATION (  '', ( #266 ), #2295 ) ;
#9141 = ORIENTED_EDGE ( 'NONE', *, *, #9557, .T. ) ;
#9142 = CARTESIAN_POINT ( 'NONE',  ( 0.3186023622047189918, 0.1476377952755898726, -0.1490157480314983629 ) ) ;
#9143 = AXIS2_PLACEMENT_3D ( 'NONE', #1630, #8560, #7697 ) ;
#9144 = DIRECTION ( 'NONE',  ( -0.9317773919853008513, -0.3630301527216037161, 0.0000000000000000000 ) ) ;
#9145 =( NAMED_UNIT ( * ) PLANE_ANGLE_UNIT ( ) SI_UNIT ( $, .RADIAN. ) );
#9146 = ORIENTED_EDGE ( 'NONE', *, *, #5839, .T. ) ;
#9147 = MECHANICAL_DESIGN_GEOMETRIC_PRESENTATION_REPRESENTATION (  '', ( #6739 ), #5620 ) ;
#9148 = CARTESIAN_POINT ( 'NONE',  ( 0.5197082840997423459, 0.07204724409448784450, -0.02618110236220673112 ) ) ;
#9149 = LINE ( 'NONE', #1917, #10518 ) ;
#9150 = ORIENTED_EDGE ( 'NONE', *, *, #43, .T. ) ;
#9151 = VECTOR ( 'NONE', #10151, 39.37007874015748143 ) ;
#9152 = CARTESIAN_POINT ( 'NONE',  ( 0.2421027395222940526, 0.07204724409448738653, -0.1761811023622072703 ) ) ;
#9153 = LINE ( 'NONE', #1204, #8931 ) ;
#9154 = VECTOR ( 'NONE', #7642, 39.37007874015748143 ) ;
#9155 = FILL_AREA_STYLE_COLOUR ( '', #10843 ) ;
#9156 =( LENGTH_UNIT ( ) NAMED_UNIT ( * ) SI_UNIT ( $, .METRE. ) );
#9157 = FILL_AREA_STYLE_COLOUR ( '', #9690 ) ;
#9158 = FACE_OUTER_BOUND ( 'NONE', #5747, .T. ) ;
#9159 = AXIS2_PLACEMENT_3D ( 'NONE', #1140, #2894, #5656 ) ;
#9160 = ADVANCED_FACE ( 'NONE', ( #3409 ), #9503, .F. ) ;
#9161 = CARTESIAN_POINT ( 'NONE',  ( 0.3560039370078691978, 0.1240157480314954541, -0.2816929133858290801 ) ) ;
#9162 = DIRECTION ( 'NONE',  ( -1.000000000000000000, -1.644517855225996559E-15, -1.817990202823693835E-15 ) ) ;
#9163 = ORIENTED_EDGE ( 'NONE', *, *, #935, .T. ) ;
#9164 = EDGE_CURVE ( 'NONE', #2011, #5740, #5433, .T. ) ;
#9165 = PLANE ( 'NONE',  #1433 ) ;
#9166 = EDGE_CURVE ( 'NONE', #1168, #4355, #10621, .T. ) ;
#9167 = AXIS2_PLACEMENT_3D ( 'NONE', #1975, #6312, #179 ) ;
#9168 = VECTOR ( 'NONE', #5186, 39.37007874015748854 ) ;
#9169 = LINE ( 'NONE', #4013, #8275 ) ;
#9170 = LINE ( 'NONE', #8396, #3023 ) ;
#9171 =( NAMED_UNIT ( * ) SI_UNIT ( $, .STERADIAN. ) SOLID_ANGLE_UNIT ( ) );
#9172 = LINE ( 'NONE', #8399, #4745 ) ;
#9173 = ORIENTED_EDGE ( 'NONE', *, *, #1307, .F. ) ;
#9174 = ADVANCED_FACE ( 'NONE', ( #4459 ), #3584, .T. ) ;
#9175 = STYLED_ITEM ( 'NONE', ( #242 ), #11247 ) ;
#9176 = SURFACE_STYLE_USAGE ( .BOTH. , #10051 ) ;
#9177 = CARTESIAN_POINT ( 'NONE',  ( 0.2175196850393652515, 0.05905511811023538005, -0.2604330708661442562 ) ) ;
#9178 = ORIENTED_EDGE ( 'NONE', *, *, #2890, .F. ) ;
#9179 = ADVANCED_FACE ( 'NONE', ( #6129 ), #2783, .T. ) ;
#9180 = LINE ( 'NONE', #4609, #2704 ) ;
#9181 = ORIENTED_EDGE ( 'NONE', *, *, #11314, .T. ) ;
#9182 = ORIENTED_EDGE ( 'NONE', *, *, #5146, .T. ) ;
#9183 = MECHANICAL_DESIGN_GEOMETRIC_PRESENTATION_REPRESENTATION (  '', ( #6218 ), #6784 ) ;
#9184 = LINE ( 'NONE', #7431, #5947 ) ;
#9185 = VECTOR ( 'NONE', #9264, 39.37007874015748854 ) ;
#9186 = FACE_OUTER_BOUND ( 'NONE', #8181, .T. ) ;
#9187 = DIRECTION ( 'NONE',  ( 1.817990202823693835E-15, 0.0000000000000000000, -1.000000000000000000 ) ) ;
#9188 = PLANE ( 'NONE',  #4813 ) ;
#9189 = DIRECTION ( 'NONE',  ( 1.364855394706498281E-15, 0.2425356250363099597, -0.9701425001453376495 ) ) ;
#9190 = DIMENSIONAL_EXPONENTS ( 1.000000000000000000, 0.0000000000000000000, 0.0000000000000000000, 0.0000000000000000000, 0.0000000000000000000, 0.0000000000000000000, 0.0000000000000000000 ) ;
#9191 = EDGE_CURVE ( 'NONE', #5553, #7077, #2667, .T. ) ;
#9192 = DIRECTION ( 'NONE',  ( -0.5643446851342101001, -0.8255392639728102999, 0.0000000000000000000 ) ) ;
#9193 = MECHANICAL_DESIGN_GEOMETRIC_PRESENTATION_REPRESENTATION (  '', ( #7702 ), #6590 ) ;
#9194 = ORIENTED_EDGE ( 'NONE', *, *, #9953, .F. ) ;
#9195 = ADVANCED_FACE ( 'NONE', ( #115 ), #852, .T. ) ;
#9196 = ORIENTED_EDGE ( 'NONE', *, *, #7703, .F. ) ;
#9197 = DIRECTION ( 'NONE',  ( 1.644517855225997348E-15, -1.000000000000000000, 2.970554346222872930E-30 ) ) ;
#9198 = ORIENTED_EDGE ( 'NONE', *, *, #10178, .T. ) ;
#9199 =( NAMED_UNIT ( * ) PLANE_ANGLE_UNIT ( ) SI_UNIT ( $, .RADIAN. ) );
#9200 = PLANE ( 'NONE',  #9431 ) ;
#9201 = CARTESIAN_POINT ( 'NONE',  ( 0.4058070866141683664, 0.1448818897637632330, -0.2812992125984274394 ) ) ;
#9202 = FILL_AREA_STYLE ('',( #6426 ) ) ;
#9203 = DIRECTION ( 'NONE',  ( 0.8789799039125328894, -0.4626210020592154137, -0.1156552505148023963 ) ) ;
#9204 = SURFACE_SIDE_STYLE ('',( #5712 ) ) ;
#9205 = PRESENTATION_LAYER_ASSIGNMENT (  '', '', ( #9761 ) ) ;
#9206 = FILL_AREA_STYLE_COLOUR ( '', #5104 ) ;
#9207 = ORIENTED_EDGE ( 'NONE', *, *, #9879, .T. ) ;
#9208 = DIMENSIONAL_EXPONENTS ( 1.000000000000000000, 0.0000000000000000000, 0.0000000000000000000, 0.0000000000000000000, 0.0000000000000000000, 0.0000000000000000000, 0.0000000000000000000 ) ;
#9209 = CIRCLE ( 'NONE', #686, 0.01181102362204724046 ) ;
#9210 = PRESENTATION_STYLE_ASSIGNMENT (( #556 ) ) ;
#9211 = STYLED_ITEM ( 'NONE', ( #2127 ), #2946 ) ;
#9212 =( CONVERSION_BASED_UNIT ( 'INCH', #3058 ) LENGTH_UNIT ( ) NAMED_UNIT ( #8072 ) );
#9213 = VERTEX_POINT ( 'NONE', #11429 ) ;
#9214 = CARTESIAN_POINT ( 'NONE',  ( 0.4990157480314903471, 0.09645669291338544726, -0.04862204724409652928 ) ) ;
#9215 = VECTOR ( 'NONE', #10418, 39.37007874015748143 ) ;
#9216 = CARTESIAN_POINT ( 'NONE',  ( 0.5067913519291873392, 0.08893342700064806039, -0.07618110236220675124 ) ) ;
#9217 = UNCERTAINTY_MEASURE_WITH_UNIT (LENGTH_MEASURE( 1.000000000000000082E-05 ), #1035, 'distance_accuracy_value', 'NONE');
#9218 = SURFACE_STYLE_USAGE ( .BOTH. , #352 ) ;
#9219 = CIRCLE ( 'NONE', #1440, 0.01181102362204724046 ) ;
#9220 =( NAMED_UNIT ( * ) PLANE_ANGLE_UNIT ( ) SI_UNIT ( $, .RADIAN. ) );
#9221 = SURFACE_SIDE_STYLE ('',( #9275 ) ) ;
#9222 = DIRECTION ( 'NONE',  ( 1.817990202823693835E-15, 0.0000000000000000000, -1.000000000000000000 ) ) ;
#9223 = STYLED_ITEM ( 'NONE', ( #2609 ), #7299 ) ;
#9224 = FILL_AREA_STYLE_COLOUR ( '', #2515 ) ;
#9225 = ORIENTED_EDGE ( 'NONE', *, *, #5842, .F. ) ;
#9226 = DIRECTION ( 'NONE',  ( -1.817990202823693835E-15, 0.0000000000000000000, 1.000000000000000000 ) ) ;
#9227 = DIRECTION ( 'NONE',  ( 1.000000000000000000, 1.644517855225996559E-15, 1.817990202823693835E-15 ) ) ;
#9228 = MECHANICAL_DESIGN_GEOMETRIC_PRESENTATION_REPRESENTATION (  '', ( #6269 ), #8106 ) ;
#9229 = UNCERTAINTY_MEASURE_WITH_UNIT (LENGTH_MEASURE( 1.000000000000000082E-05 ), #3216, 'distance_accuracy_value', 'NONE');
#9230 = DIRECTION ( 'NONE',  ( 1.817990202823693835E-15, 0.0000000000000000000, -1.000000000000000000 ) ) ;
#9231 =( NAMED_UNIT ( * ) PLANE_ANGLE_UNIT ( ) SI_UNIT ( $, .RADIAN. ) );
#9232 = DIMENSIONAL_EXPONENTS ( 1.000000000000000000, 0.0000000000000000000, 0.0000000000000000000, 0.0000000000000000000, 0.0000000000000000000, 0.0000000000000000000, 0.0000000000000000000 ) ;
#9233 = FACE_OUTER_BOUND ( 'NONE', #9371, .T. ) ;
#9234 = LENGTH_MEASURE_WITH_UNIT ( LENGTH_MEASURE( 0.02539999999999999897 ), #4991 );
#9235 = EDGE_LOOP ( 'NONE', ( #4026, #9225, #10295, #2600 ) ) ;
#9236 =( LENGTH_UNIT ( ) NAMED_UNIT ( * ) SI_UNIT ( $, .METRE. ) );
#9237 = LENGTH_MEASURE_WITH_UNIT ( LENGTH_MEASURE( 0.02539999999999999897 ), #6678 );
#9238 = ORIENTED_EDGE ( 'NONE', *, *, #5998, .F. ) ;
#9239 = DIRECTION ( 'NONE',  ( -0.5643446851342095449, 0.8255392639728106330, 0.0000000000000000000 ) ) ;
#9240 = ORIENTED_EDGE ( 'NONE', *, *, #7450, .F. ) ;
#9241 = EDGE_CURVE ( 'NONE', #10686, #5592, #914, .T. ) ;
#9242 = LINE ( 'NONE', #4819, #2442 ) ;
#9243 = DIRECTION ( 'NONE',  ( 1.817990202823693835E-15, 0.0000000000000000000, -1.000000000000000000 ) ) ;
#9244 = UNCERTAINTY_MEASURE_WITH_UNIT (LENGTH_MEASURE( 1.000000000000000082E-05 ), #9715, 'distance_accuracy_value', 'NONE');
#9245 = EDGE_CURVE ( 'NONE', #8268, #7067, #6072, .T. ) ;
#9246 = STYLED_ITEM ( 'NONE', ( #2003 ), #5280 ) ;
#9247 = ORIENTED_EDGE ( 'NONE', *, *, #6119, .T. ) ;
#9248 = DIRECTION ( 'NONE',  ( -0.9317773919853014064, -0.3630301527216026058, -1.693962169841890603E-15 ) ) ;
#9249 = CARTESIAN_POINT ( 'NONE',  ( 0.2542085087882424155, 0.06733071061424725223, -0.06043307086614418261 ) ) ;
#9250 = LINE ( 'NONE', #4783, #5435 ) ;
#9251 = CARTESIAN_POINT ( 'NONE',  ( 0.4806322371468050858, 0.08937007874015706621, -0.3156716072255708050 ) ) ;
#9252 = ORIENTED_EDGE ( 'NONE', *, *, #3002, .T. ) ;
#9253 = ORIENTED_EDGE ( 'NONE', *, *, #11264, .F. ) ;
#9254 = PRESENTATION_LAYER_ASSIGNMENT (  '', '', ( #7196 ) ) ;
#9255 = VERTEX_POINT ( 'NONE', #6188 ) ;
#9256 = EDGE_CURVE ( 'NONE', #6732, #10741, #7162, .T. ) ;
#9257 = PRESENTATION_STYLE_ASSIGNMENT (( #7269 ) ) ;
#9258 = EDGE_CURVE ( 'NONE', #11158, #11009, #9613, .T. ) ;
#9259 = LINE ( 'NONE', #1189, #845 ) ;
#9260 =( LENGTH_UNIT ( ) NAMED_UNIT ( * ) SI_UNIT ( $, .METRE. ) );
#9261 = DIRECTION ( 'NONE',  ( 1.817990202823693835E-15, 0.0000000000000000000, -1.000000000000000000 ) ) ;
#9262 = CYLINDRICAL_SURFACE ( 'NONE', #8773, 0.01299212598425198914 ) ;
#9263 = VECTOR ( 'NONE', #9778, 39.37007874015748854 ) ;
#9264 = DIRECTION ( 'NONE',  ( -0.3630301527216025503, 0.9317773919853011844, -6.599852609774626257E-16 ) ) ;
#9265 = ORIENTED_EDGE ( 'NONE', *, *, #7171, .T. ) ;
#9266 = DIMENSIONAL_EXPONENTS ( 1.000000000000000000, 0.0000000000000000000, 0.0000000000000000000, 0.0000000000000000000, 0.0000000000000000000, 0.0000000000000000000, 0.0000000000000000000 ) ;
#9267 = CARTESIAN_POINT ( 'NONE',  ( 0.2175196850393649184, 0.05905511811023538005, -0.1761811023622072703 ) ) ;
#9268 = ORIENTED_EDGE ( 'NONE', *, *, #8186, .T. ) ;
#9269 = PRESENTATION_STYLE_ASSIGNMENT (( #7636 ) ) ;
#9270 = EDGE_CURVE ( 'NONE', #3824, #10065, #7101, .T. ) ;
#9271 = LINE ( 'NONE', #3125, #893 ) ;
#9272 = CARTESIAN_POINT ( 'NONE',  ( 0.4872047244094427909, 0.1535433070866137617, -0.3242125984252007265 ) ) ;
#9273 = FILL_AREA_STYLE ('',( #7523 ) ) ;
#9274 =( NAMED_UNIT ( * ) SI_UNIT ( $, .STERADIAN. ) SOLID_ANGLE_UNIT ( ) );
#9275 = SURFACE_STYLE_FILL_AREA ( #3771 ) ;
#9276 = DIRECTION ( 'NONE',  ( 0.0000000000000000000, 1.000000000000000000, 0.0000000000000000000 ) ) ;
#9277 = VERTEX_POINT ( 'NONE', #9797 ) ;
#9278 = CARTESIAN_POINT ( 'NONE',  ( 0.4957861071419628618, 0.08464566929133819639, -0.06043307086614377321 ) ) ;
#9279 = ORIENTED_EDGE ( 'NONE', *, *, #10705, .F. ) ;
#9280 = PLANE ( 'NONE',  #6605 ) ;
#9281 = SURFACE_STYLE_USAGE ( .BOTH. , #8392 ) ;
#9282 = DIMENSIONAL_EXPONENTS ( 1.000000000000000000, 0.0000000000000000000, 0.0000000000000000000, 0.0000000000000000000, 0.0000000000000000000, 0.0000000000000000000, 0.0000000000000000000 ) ;
#9283 = DIRECTION ( 'NONE',  ( -1.000000000000000000, -1.644517855225996559E-15, -1.817990202823693835E-15 ) ) ;
#9284 = LINE ( 'NONE', #5621, #9408 ) ;
#9285 = VECTOR ( 'NONE', #9950, 39.37007874015748143 ) ;
#9286 = VECTOR ( 'NONE', #7660, 39.37007874015748143 ) ;
#9287 = PRESENTATION_STYLE_ASSIGNMENT (( #2207 ) ) ;
#9288 = CARTESIAN_POINT ( 'NONE',  ( 0.4805418239949951209, 0.09291338582677124980, -0.2604330708661438121 ) ) ;
#9289 = CARTESIAN_POINT ( 'NONE',  ( 0.4957861071419628618, 0.08937007874015708009, -0.06043307086614377321 ) ) ;
#9290 = EDGE_LOOP ( 'NONE', ( #722, #2500, #6801, #6273 ) ) ;
#9291 = LINE ( 'NONE', #7482, #474 ) ;
#9292 = PLANE ( 'NONE',  #4149 ) ;
#9293 = VERTEX_POINT ( 'NONE', #1911 ) ;
#9294 = VECTOR ( 'NONE', #11217, 39.37007874015748143 ) ;
#9295 = LENGTH_MEASURE_WITH_UNIT ( LENGTH_MEASURE( 0.02539999999999999897 ), #7600 );
#9296 = AXIS2_PLACEMENT_3D ( 'NONE', #10693, #1921, #10749 ) ;
#9297 = ORIENTED_EDGE ( 'NONE', *, *, #8453, .T. ) ;
#9298 = DIRECTION ( 'NONE',  ( -1.817990202823693835E-15, 0.0000000000000000000, 1.000000000000000000 ) ) ;
#9299 = SURFACE_SIDE_STYLE ('',( #5745 ) ) ;
#9300 = CARTESIAN_POINT ( 'NONE',  ( 0.2812691996270417771, 0.09291338582677093061, -0.1104330708661441229 ) ) ;
#9301 = ORIENTED_EDGE ( 'NONE', *, *, #4442, .T. ) ;
#9302 =( NAMED_UNIT ( * ) PLANE_ANGLE_UNIT ( ) SI_UNIT ( $, .RADIAN. ) );
#9303 = AXIS2_PLACEMENT_3D ( 'NONE', #2372, #4165, #3299 ) ;
#9304 = FILL_AREA_STYLE_COLOUR ( '', #2335 ) ;
#9305 = FILL_AREA_STYLE_COLOUR ( '', #10832 ) ;
#9306 = PRESENTATION_LAYER_ASSIGNMENT (  '', '', ( #7061 ) ) ;
#9307 = SURFACE_STYLE_FILL_AREA ( #1299 ) ;
#9308 = LINE ( 'NONE', #7613, #7157 ) ;
#9309 = ORIENTED_EDGE ( 'NONE', *, *, #8016, .T. ) ;
#9310 = VERTEX_POINT ( 'NONE', #8091 ) ;
#9311 = ADVANCED_FACE ( 'NONE', ( #3703 ), #6998, .T. ) ;
#9312 = ORIENTED_EDGE ( 'NONE', *, *, #5409, .F. ) ;
#9313 = VECTOR ( 'NONE', #4367, 39.37007874015748143 ) ;
#9314 =( GEOMETRIC_REPRESENTATION_CONTEXT ( 3 ) GLOBAL_UNCERTAINTY_ASSIGNED_CONTEXT ( ( #5834 ) ) GLOBAL_UNIT_ASSIGNED_CONTEXT ( ( #4148, #7676, #5934 ) ) REPRESENTATION_CONTEXT ( 'NONE', 'WORKASPACE' ) );
#9315 = DIRECTION ( 'NONE',  ( 0.9317773919853016285, 0.3630301527216017177, 1.314184451497579040E-15 ) ) ;
#9316 = EDGE_LOOP ( 'NONE', ( #600, #8786, #316, #1165 ) ) ;
#9317 = CARTESIAN_POINT ( 'NONE',  ( 0.5442913385826717576, 0.06614173228346426070, -0.09862204724409640022 ) ) ;
#9318 = CARTESIAN_POINT ( 'NONE',  ( 0.2421027395222936085, 0.06614173228346377498, -0.06043307086614425200 ) ) ;
#9319 = CARTESIAN_POINT ( 'NONE',  ( 0.2421027395222942469, 0.07204724409448738653, -0.2261811023622072869 ) ) ;
#9320 = CARTESIAN_POINT ( 'NONE',  ( 0.3513779527558994475, 0.1476377952755899281, 0.02283464566928904149 ) ) ;
#9321 = FACE_OUTER_BOUND ( 'NONE', #6510, .T. ) ;
#9322 = VECTOR ( 'NONE', #6950, 39.37007874015748143 ) ;
#9323 = ORIENTED_EDGE ( 'NONE', *, *, #5744, .T. ) ;
#9324 = EDGE_CURVE ( 'NONE', #277, #9368, #2837, .T. ) ;
#9325 = EDGE_CURVE ( 'NONE', #7836, #10353, #9698, .T. ) ;
#9326 = SURFACE_STYLE_USAGE ( .BOTH. , #2249 ) ;
#9327 = ORIENTED_EDGE ( 'NONE', *, *, #9868, .F. ) ;
#9328 = COLOUR_RGB ( '',0.7607843137254901578, 0.7607843137254901578, 0.0000000000000000000 ) ;
#9329 = CARTESIAN_POINT ( 'NONE',  ( 0.3513779527558994475, 0.1535433070866135674, 0.03759842519684811202 ) ) ;
#9330 = UNCERTAINTY_MEASURE_WITH_UNIT (LENGTH_MEASURE( 1.000000000000000082E-05 ), #562, 'distance_accuracy_value', 'NONE');
#9331 = PRESENTATION_STYLE_ASSIGNMENT (( #4228 ) ) ;
#9332 = FACE_OUTER_BOUND ( 'NONE', #3175, .T. ) ;
#9333 = DIRECTION ( 'NONE',  ( 1.817990202823693835E-15, 0.0000000000000000000, -1.000000000000000000 ) ) ;
#9334 = ORIENTED_EDGE ( 'NONE', *, *, #11041, .F. ) ;
#9335 = ADVANCED_FACE ( 'NONE', ( #11019 ), #2020, .F. ) ;
#9336 = FILL_AREA_STYLE_COLOUR ( '', #10499 ) ;
#9337 = ORIENTED_EDGE ( 'NONE', *, *, #6116, .F. ) ;
#9338 = VECTOR ( 'NONE', #5151, 39.37007874015748143 ) ;
#9339 = DIRECTION ( 'NONE',  ( -0.3630301527216025503, 0.9317773919853011844, -6.599852609774626257E-16 ) ) ;
#9340 =( GEOMETRIC_REPRESENTATION_CONTEXT ( 3 ) GLOBAL_UNCERTAINTY_ASSIGNED_CONTEXT ( ( #2620 ) ) GLOBAL_UNIT_ASSIGNED_CONTEXT ( ( #1940, #9010, #7373 ) ) REPRESENTATION_CONTEXT ( 'NONE', 'WORKASPACE' ) );
#9341 =( NAMED_UNIT ( * ) SI_UNIT ( $, .STERADIAN. ) SOLID_ANGLE_UNIT ( ) );
#9342 = DIRECTION ( 'NONE',  ( 0.3630301527215994972, 0.9317773919853026277, 6.599852609774574981E-16 ) ) ;
#9343 = DIMENSIONAL_EXPONENTS ( 1.000000000000000000, 0.0000000000000000000, 0.0000000000000000000, 0.0000000000000000000, 0.0000000000000000000, 0.0000000000000000000, 0.0000000000000000000 ) ;
#9344 = DIRECTION ( 'NONE',  ( -0.9956001436530541593, -0.09370354293204735674, -1.809991307091114671E-15 ) ) ;
#9345 = DIRECTION ( 'NONE',  ( 0.0000000000000000000, -1.000000000000000000, 0.0000000000000000000 ) ) ;
#9346 = ORIENTED_EDGE ( 'NONE', *, *, #6137, .F. ) ;
#9347 = FILL_AREA_STYLE_COLOUR ( '', #6577 ) ;
#9348 = VECTOR ( 'NONE', #11200, 39.37007874015748143 ) ;
#9349 = CARTESIAN_POINT ( 'NONE',  ( 0.4058070866141676447, 0.1448818897637632330, -0.1053149606299234459 ) ) ;
#9350 = ORIENTED_EDGE ( 'NONE', *, *, #2034, .F. ) ;
#9351 = CARTESIAN_POINT ( 'NONE',  ( 0.4073818897637746517, 0.1240157480314798000, -0.2812992125984274394 ) ) ;
#9352 = COLOUR_RGB ( '',0.7607843137254901578, 0.7607843137254901578, 0.0000000000000000000 ) ;
#9353 = EDGE_LOOP ( 'NONE', ( #11302, #5460, #4835, #823 ) ) ;
#9354 =( NAMED_UNIT ( * ) PLANE_ANGLE_UNIT ( ) SI_UNIT ( $, .RADIAN. ) );
#9355 = DIRECTION ( 'NONE',  ( -1.000000000000000000, -1.644517855225996559E-15, -1.817990202823693835E-15 ) ) ;
#9356 = STYLED_ITEM ( 'NONE', ( #9210 ), #1960 ) ;
#9357 = LENGTH_MEASURE_WITH_UNIT ( LENGTH_MEASURE( 0.02539999999999999897 ), #320 );
#9358 = UNCERTAINTY_MEASURE_WITH_UNIT (LENGTH_MEASURE( 1.000000000000000082E-05 ), #5115, 'distance_accuracy_value', 'NONE');
#9359 = DIRECTION ( 'NONE',  ( -1.000000000000000000, -1.644517855225996559E-15, -1.817990202823693835E-15 ) ) ;
#9360 = VECTOR ( 'NONE', #8650, 39.37007874015748143 ) ;
#9361 = EDGE_LOOP ( 'NONE', ( #8873, #10528, #10540, #274 ) ) ;
#9362 =( LENGTH_UNIT ( ) NAMED_UNIT ( * ) SI_UNIT ( $, .METRE. ) );
#9363 =( GEOMETRIC_REPRESENTATION_CONTEXT ( 3 ) GLOBAL_UNCERTAINTY_ASSIGNED_CONTEXT ( ( #7207 ) ) GLOBAL_UNIT_ASSIGNED_CONTEXT ( ( #1242, #10359, #7558 ) ) REPRESENTATION_CONTEXT ( 'NONE', 'WORKASPACE' ) );
#9364 = DIRECTION ( 'NONE',  ( -1.000000000000000000, -1.644517855225996559E-15, -1.817990202823693835E-15 ) ) ;
#9365 = DIRECTION ( 'NONE',  ( 1.817990202823693835E-15, 0.0000000000000000000, -1.000000000000000000 ) ) ;
#9366 =( LENGTH_UNIT ( ) NAMED_UNIT ( * ) SI_UNIT ( $, .METRE. ) );
#9367 = CARTESIAN_POINT ( 'NONE',  ( 0.2175196850393652792, 0.06614173228346371947, -0.2761811023622073313 ) ) ;
#9368 = VERTEX_POINT ( 'NONE', #229 ) ;
#9369 = VERTEX_POINT ( 'NONE', #3879 ) ;
#9370 = CARTESIAN_POINT ( 'NONE',  ( 0.2542085087882428596, 0.06733071061424725223, -0.1761811023622072148 ) ) ;
#9371 = EDGE_LOOP ( 'NONE', ( #6475, #8595, #2545, #7629 ) ) ;
#9372 = LINE ( 'NONE', #3874, #7707 ) ;
#9373 = LINE ( 'NONE', #4098, #709 ) ;
#9374 = CARTESIAN_POINT ( 'NONE',  ( 0.4432086614173179617, 0.1535433070866137062, -0.2490157480314981742 ) ) ;
#9375 = SURFACE_STYLE_FILL_AREA ( #2242 ) ;
#9376 = DIRECTION ( 'NONE',  ( 1.817990202823693835E-15, 0.0000000000000000000, -1.000000000000000000 ) ) ;
#9377 = LENGTH_MEASURE_WITH_UNIT ( LENGTH_MEASURE( 0.02539999999999999897 ), #6757 );
#9378 = COLOUR_RGB ( '',0.7607843137254901578, 0.7607843137254901578, 0.0000000000000000000 ) ;
#9379 = ADVANCED_FACE ( 'NONE', ( #1971 ), #9262, .T. ) ;
#9380 =( CONVERSION_BASED_UNIT ( 'INCH', #9549 ) LENGTH_UNIT ( ) NAMED_UNIT ( #7235 ) );
#9381 = ORIENTED_EDGE ( 'NONE', *, *, #350, .F. ) ;
#9382 = LENGTH_MEASURE_WITH_UNIT ( LENGTH_MEASURE( 0.02539999999999999897 ), #5602 );
#9383 = CARTESIAN_POINT ( 'NONE',  ( 0.2812691996270418326, 0.09291338582677093061, -0.1261811023622071426 ) ) ;
#9384 = VERTEX_POINT ( 'NONE', #10198 ) ;
#9385 = AXIS2_PLACEMENT_3D ( 'NONE', #1692, #4409, #10572 ) ;
#9386 = VECTOR ( 'NONE', #8187, 39.37007874015748143 ) ;
#9387 = CARTESIAN_POINT ( 'NONE',  ( 0.4432086614173174621, 0.1476377952755900669, -0.1490157480314981686 ) ) ;
#9388 = EDGE_CURVE ( 'NONE', #1265, #3501, #5765, .T. ) ;
#9389 = PRESENTATION_STYLE_ASSIGNMENT (( #3240 ) ) ;
#9390 = CARTESIAN_POINT ( 'NONE',  ( 0.5442913385826717576, 0.06259842519685009099, -0.1183070866141751609 ) ) ;
#9391 =( NAMED_UNIT ( * ) SI_UNIT ( $, .STERADIAN. ) SOLID_ANGLE_UNIT ( ) );
#9392 = DIRECTION ( 'NONE',  ( 1.817990202823693835E-15, 0.0000000000000000000, -1.000000000000000000 ) ) ;
#9393 = FILL_AREA_STYLE_COLOUR ( '', #11192 ) ;
#9394 = EDGE_CURVE ( 'NONE', #9128, #4504, #8607, .T. ) ;
#9395 = SURFACE_SIDE_STYLE ('',( #2377 ) ) ;
#9396 = EDGE_CURVE ( 'NONE', #8842, #8238, #10312, .T. ) ;
#9397 = ORIENTED_EDGE ( 'NONE', *, *, #1465, .F. ) ;
#9398 =( NAMED_UNIT ( * ) PLANE_ANGLE_UNIT ( ) SI_UNIT ( $, .RADIAN. ) );
#9399 = PRESENTATION_STYLE_ASSIGNMENT (( #5902 ) ) ;
#9400 = DIRECTION ( 'NONE',  ( 1.644517855225997348E-15, -1.000000000000000000, 2.970554346222872930E-30 ) ) ;
#9401 =( NAMED_UNIT ( * ) SI_UNIT ( $, .STERADIAN. ) SOLID_ANGLE_UNIT ( ) );
#9402 = PRESENTATION_LAYER_ASSIGNMENT (  '', '', ( #2745 ) ) ;
#9403 = AXIS2_PLACEMENT_3D ( 'NONE', #7107, #5437, #180 ) ;
#9404 = SURFACE_STYLE_USAGE ( .BOTH. , #5849 ) ;
#9405 = ADVANCED_FACE ( 'NONE', ( #5888 ), #3117, .F. ) ;
#9406 = CARTESIAN_POINT ( 'NONE',  ( 0.5197082840997423459, 0.07204724409448784450, -0.06043307086614371076 ) ) ;
#9407 = EDGE_CURVE ( 'NONE', #6696, #6393, #500, .T. ) ;
#9408 = VECTOR ( 'NONE', #1340, 39.37007874015748143 ) ;
#9409 =( CONVERSION_BASED_UNIT ( 'INCH', #2208 ) LENGTH_UNIT ( ) NAMED_UNIT ( #10161 ) );
#9410 = CARTESIAN_POINT ( 'NONE',  ( 0.5067913519291878943, 0.08893342700064806039, -0.2104330708661437122 ) ) ;
#9411 = ORIENTED_EDGE ( 'NONE', *, *, #3439, .F. ) ;
#9412 =( NAMED_UNIT ( * ) SI_UNIT ( $, .STERADIAN. ) SOLID_ANGLE_UNIT ( ) );
#9413 = ORIENTED_EDGE ( 'NONE', *, *, #6843, .T. ) ;
#9414 = DIRECTION ( 'NONE',  ( -1.817990202823693835E-15, 0.0000000000000000000, 1.000000000000000000 ) ) ;
#9415 = ORIENTED_EDGE ( 'NONE', *, *, #2390, .F. ) ;
#9416 = CARTESIAN_POINT ( 'NONE',  ( 0.2746062992125925528, 0.08937007874015673314, -0.01043307086614417636 ) ) ;
#9417 = EDGE_CURVE ( 'NONE', #9310, #9036, #666, .T. ) ;
#9418 = DIRECTION ( 'NONE',  ( 0.0000000000000000000, 1.000000000000000000, 0.0000000000000000000 ) ) ;
#9419 = LINE ( 'NONE', #5691, #10563 ) ;
#9420 =( LENGTH_UNIT ( ) NAMED_UNIT ( * ) SI_UNIT ( $, .METRE. ) );
#9421 = EDGE_LOOP ( 'NONE', ( #1381, #8249, #3683, #11293 ) ) ;
#9422 = DIRECTION ( 'NONE',  ( 1.817990202823693835E-15, 0.0000000000000000000, -1.000000000000000000 ) ) ;
#9423 = DIRECTION ( 'NONE',  ( -1.817990202823693835E-15, 3.503246160812042677E-46, 1.000000000000000000 ) ) ;
#9424 = DIMENSIONAL_EXPONENTS ( 1.000000000000000000, 0.0000000000000000000, 0.0000000000000000000, 0.0000000000000000000, 0.0000000000000000000, 0.0000000000000000000, 0.0000000000000000000 ) ;
#9425 = AXIS2_PLACEMENT_3D ( 'NONE', #2548, #5367, #7097 ) ;
#9426 = CARTESIAN_POINT ( 'NONE',  ( 0.5442913385826720907, 0.06614173228346426070, -0.2104330708661436566 ) ) ;
#9427 = VERTEX_POINT ( 'NONE', #5997 ) ;
#9428 = EDGE_LOOP ( 'NONE', ( #6745, #2571, #7846, #3397 ) ) ;
#9429 = DIRECTION ( 'NONE',  ( 0.5643446851342062143, 0.8255392639728129645, 1.445602896647338522E-15 ) ) ;
#9430 = ORIENTED_EDGE ( 'NONE', *, *, #1945, .F. ) ;
#9431 = AXIS2_PLACEMENT_3D ( 'NONE', #5595, #3925, #10915 ) ;
#9432 = SURFACE_STYLE_FILL_AREA ( #773 ) ;
#9433 =( NAMED_UNIT ( * ) PLANE_ANGLE_UNIT ( ) SI_UNIT ( $, .RADIAN. ) );
#9434 = CARTESIAN_POINT ( 'NONE',  ( 0.5001882050568449145, 0.08636077237506221971, -0.1261811023622068095 ) ) ;
#9435 = LENGTH_MEASURE_WITH_UNIT ( LENGTH_MEASURE( 0.02539999999999999897 ), #4050 );
#9436 =( NAMED_UNIT ( * ) PLANE_ANGLE_UNIT ( ) SI_UNIT ( $, .RADIAN. ) );
#9437 =( NAMED_UNIT ( * ) SI_UNIT ( $, .STERADIAN. ) SOLID_ANGLE_UNIT ( ) );
#9438 = ORIENTED_EDGE ( 'NONE', *, *, #2305, .T. ) ;
#9439 = PRESENTATION_LAYER_ASSIGNMENT (  '', '', ( #8492 ) ) ;
#9440 = DIRECTION ( 'NONE',  ( -1.644517855225997348E-15, 1.000000000000000000, -2.970554346222872930E-30 ) ) ;
#9441 = CARTESIAN_POINT ( 'NONE',  ( 0.4805418239949941217, 0.09291338582677124980, -0.02618110236220680051 ) ) ;
#9442 = ORIENTED_EDGE ( 'NONE', *, *, #4428, .T. ) ;
#9443 = CARTESIAN_POINT ( 'NONE',  ( 0.4432086614173169070, 0.1476377952755900669, -0.03759842519685248352 ) ) ;
#9444 = LINE ( 'NONE', #7692, #7737 ) ;
#9445 = AXIS2_PLACEMENT_3D ( 'NONE', #1053, #9865, #2255 ) ;
#9446 = UNCERTAINTY_MEASURE_WITH_UNIT (LENGTH_MEASURE( 1.000000000000000082E-05 ), #5355, 'distance_accuracy_value', 'NONE');
#9447 = PLANE ( 'NONE',  #9671 ) ;
#9448 = FILL_AREA_STYLE ('',( #5896 ) ) ;
#9449 = CARTESIAN_POINT ( 'NONE',  ( 0.4104330708661356741, 0.1535433070866136507, 0.01496062992125766176 ) ) ;
#9450 = LINE ( 'NONE', #5030, #4108 ) ;
#9451 = ORIENTED_EDGE ( 'NONE', *, *, #5562, .T. ) ;
#9452 = DIRECTION ( 'NONE',  ( -0.8849182223819958004, 0.4657464328325965908, -1.608772658590627243E-15 ) ) ;
#9453 = ADVANCED_FACE ( 'NONE', ( #2417 ), #7512, .F. ) ;
#9454 = VECTOR ( 'NONE', #10780, 39.37007874015748143 ) ;
#9455 =( NAMED_UNIT ( * ) SI_UNIT ( $, .STERADIAN. ) SOLID_ANGLE_UNIT ( ) );
#9456 = CARTESIAN_POINT ( 'NONE',  ( 0.4432086614173180172, 0.1476377952755900669, -0.2875984251968525252 ) ) ;
#9457 = ADVANCED_FACE ( 'NONE', ( #10370 ), #11130, .T. ) ;
#9458 = EDGE_CURVE ( 'NONE', #2353, #10698, #719, .T. ) ;
#9459 = UNCERTAINTY_MEASURE_WITH_UNIT (LENGTH_MEASURE( 1.000000000000000082E-05 ), #5376, 'distance_accuracy_value', 'NONE');
#9460 = FILL_AREA_STYLE_COLOUR ( '', #4485 ) ;
#9461 = FILL_AREA_STYLE_COLOUR ( '', #6960 ) ;
#9462 = LINE ( 'NONE', #6025, #8198 ) ;
#9463 = CARTESIAN_POINT ( 'NONE',  ( 0.4058070866141674782, 0.1448818897637632330, -0.08129921259842741443 ) ) ;
#9464 = ORIENTED_EDGE ( 'NONE', *, *, #1225, .F. ) ;
#9465 = ORIENTED_EDGE ( 'NONE', *, *, #11474, .T. ) ;
#9466 = ADVANCED_FACE ( 'NONE', ( #11351 ), #2653, .F. ) ;
#9467 =( NAMED_UNIT ( * ) PLANE_ANGLE_UNIT ( ) SI_UNIT ( $, .RADIAN. ) );
#9468 = ORIENTED_EDGE ( 'NONE', *, *, #6610, .T. ) ;
#9469 = EDGE_CURVE ( 'NONE', #10580, #6469, #9599, .T. ) ;
#9470 = STYLED_ITEM ( 'NONE', ( #9573 ), #6544 ) ;
#9471 = DIRECTION ( 'NONE',  ( -1.000000000000000000, -1.644517855225996559E-15, -1.817990202823693835E-15 ) ) ;
#9472 = CARTESIAN_POINT ( 'NONE',  ( 0.4872047244094440122, 0.08937007874015708009, -0.2761811023622068317 ) ) ;
#9473 = CARTESIAN_POINT ( 'NONE',  ( 0.2616228185651909843, 0.08636077237506183113, -0.02618110236220720990 ) ) ;
#9474 = CARTESIAN_POINT ( 'NONE',  ( 0.5442913385826717576, 0.05905511811023591434, -0.09862204724409640022 ) ) ;
#9475 = ORIENTED_EDGE ( 'NONE', *, *, #7690, .F. ) ;
#9476 = DIRECTION ( 'NONE',  ( 1.364855394706498281E-15, 0.2425356250363099597, -0.9701425001453376495 ) ) ;
#9477 = VECTOR ( 'NONE', #7527, 39.37007874015748143 ) ;
#9478 = PLANE ( 'NONE',  #8799 ) ;
#9479 = CARTESIAN_POINT ( 'NONE',  ( 0.3186023622047185477, 0.1535433070866134841, -0.04901574803149836429 ) ) ;
#9480 = ORIENTED_EDGE ( 'NONE', *, *, #6265, .T. ) ;
#9481 = VECTOR ( 'NONE', #585, 39.37007874015748143 ) ;
#9482 = EDGE_CURVE ( 'NONE', #10362, #11279, #6238, .T. ) ;
#9483 = EDGE_LOOP ( 'NONE', ( #10554, #5067, #7657, #11175 ) ) ;
#9484 = CARTESIAN_POINT ( 'NONE',  ( 0.5197082840997423459, 0.06614173228346423294, -0.02618110236220673112 ) ) ;
#9485 = ORIENTED_EDGE ( 'NONE', *, *, #6122, .F. ) ;
#9486 = DIRECTION ( 'NONE',  ( -1.817990202823693835E-15, 3.503246160812042677E-46, 1.000000000000000000 ) ) ;
#9487 = VECTOR ( 'NONE', #904, 39.37007874015747433 ) ;
#9488 = SURFACE_SIDE_STYLE ('',( #6922 ) ) ;
#9489 = DIRECTION ( 'NONE',  ( 0.0000000000000000000, 1.000000000000000000, 0.0000000000000000000 ) ) ;
#9490 =( NAMED_UNIT ( * ) PLANE_ANGLE_UNIT ( ) SI_UNIT ( $, .RADIAN. ) );
#9491 = ORIENTED_EDGE ( 'NONE', *, *, #3856, .T. ) ;
#9492 = VECTOR ( 'NONE', #10294, 39.37007874015748143 ) ;
#9493 = ORIENTED_EDGE ( 'NONE', *, *, #1169, .F. ) ;
#9494 = DIMENSIONAL_EXPONENTS ( 1.000000000000000000, 0.0000000000000000000, 0.0000000000000000000, 0.0000000000000000000, 0.0000000000000000000, 0.0000000000000000000, 0.0000000000000000000 ) ;
#9495 = CARTESIAN_POINT ( 'NONE',  ( 0.3186023622047185477, 0.1476377952755898726, -0.04901574803149836429 ) ) ;
#9496 = EDGE_LOOP ( 'NONE', ( #10141, #6032, #1665, #1996 ) ) ;
#9497 = FILL_AREA_STYLE ('',( #2423 ) ) ;
#9498 = CARTESIAN_POINT ( 'NONE',  ( 0.4058070866141681443, 0.1279527559055112784, -0.2039370078740179171 ) ) ;
#9499 =( NAMED_UNIT ( * ) PLANE_ANGLE_UNIT ( ) SI_UNIT ( $, .RADIAN. ) );
#9500 = SURFACE_SIDE_STYLE ('',( #1511 ) ) ;
#9501 = AXIS2_PLACEMENT_3D ( 'NONE', #5520, #10588, #5397 ) ;
#9502 = DIRECTION ( 'NONE',  ( 1.817990202823693835E-15, -3.503246160812042677E-46, -1.000000000000000000 ) ) ;
#9503 = CYLINDRICAL_SURFACE ( 'NONE', #10838, 0.005905511811023602016 ) ;
#9504 = CARTESIAN_POINT ( 'NONE',  ( 0.3186023622047187698, 0.1476377952755898726, -0.09901574803149836013 ) ) ;
#9505 = ORIENTED_EDGE ( 'NONE', *, *, #2668, .F. ) ;
#9506 =( NAMED_UNIT ( * ) PLANE_ANGLE_UNIT ( ) SI_UNIT ( $, .RADIAN. ) );
#9507 = LENGTH_MEASURE_WITH_UNIT ( LENGTH_MEASURE( 0.02539999999999999897 ), #10391 );
#9508 =( CONVERSION_BASED_UNIT ( 'INCH', #10510 ) LENGTH_UNIT ( ) NAMED_UNIT ( #10023 ) );
#9509 = FACE_OUTER_BOUND ( 'NONE', #2983, .T. ) ;
#9510 = SURFACE_STYLE_FILL_AREA ( #1689 ) ;
#9511 = CARTESIAN_POINT ( 'NONE',  ( 0.2746062992125931634, 0.09645669291338507256, -0.1761811023622072148 ) ) ;
#9512 = VECTOR ( 'NONE', #5348, 39.37007874015748143 ) ;
#9513 = SURFACE_STYLE_USAGE ( .BOTH. , #6633 ) ;
#9514 =( CONVERSION_BASED_UNIT ( 'INCH', #633 ) LENGTH_UNIT ( ) NAMED_UNIT ( #5193 ) );
#9515 = DIRECTION ( 'NONE',  ( -1.817990202823693835E-15, 0.0000000000000000000, 1.000000000000000000 ) ) ;
#9516 = AXIS2_PLACEMENT_3D ( 'NONE', #63, #4575, #7856 ) ;
#9517 = ORIENTED_EDGE ( 'NONE', *, *, #10258, .F. ) ;
#9518 = EDGE_CURVE ( 'NONE', #7378, #647, #4441, .T. ) ;
#9519 = EDGE_CURVE ( 'NONE', #4315, #348, #1182, .T. ) ;
#9520 = LINE ( 'NONE', #8576, #4734 ) ;
#9521 =( NAMED_UNIT ( * ) PLANE_ANGLE_UNIT ( ) SI_UNIT ( $, .RADIAN. ) );
#9522 = ORIENTED_EDGE ( 'NONE', *, *, #8658, .T. ) ;
#9523 = COLOUR_RGB ( '',0.7607843137254901578, 0.7607843137254901578, 0.0000000000000000000 ) ;
#9524 = ORIENTED_EDGE ( 'NONE', *, *, #8683, .T. ) ;
#9525 = VECTOR ( 'NONE', #552, 39.37007874015748143 ) ;
#9526 = CARTESIAN_POINT ( 'NONE',  ( 0.5197082840997430120, 0.07204724409448784450, -0.2104330708661437122 ) ) ;
#9527 = DIRECTION ( 'NONE',  ( 1.000000000000000000, 1.644517855225996559E-15, 1.817990202823693835E-15 ) ) ;
#9528 = ADVANCED_FACE ( 'NONE', ( #8849 ), #3014, .F. ) ;
#9529 = SURFACE_SIDE_STYLE ('',( #1539 ) ) ;
#9530 = DIRECTION ( 'NONE',  ( 1.000000000000000000, 1.644517855225996559E-15, 1.817990202823693835E-15 ) ) ;
#9531 = AXIS2_PLACEMENT_3D ( 'NONE', #10209, #2200, #8388 ) ;
#9532 = DIRECTION ( 'NONE',  ( 1.000000000000000000, 1.644517855225996559E-15, 1.817990202823693835E-15 ) ) ;
#9533 = ADVANCED_FACE ( 'NONE', ( #3943, #2849, #4696, #1983, #2033, #5609, #3713 ), #5725, .T. ) ;
#9534 = FACE_OUTER_BOUND ( 'NONE', #7960, .T. ) ;
#9535 = SURFACE_SIDE_STYLE ('',( #8651 ) ) ;
#9536 = ORIENTED_EDGE ( 'NONE', *, *, #8019, .F. ) ;
#9537 = ORIENTED_EDGE ( 'NONE', *, *, #4295, .T. ) ;
#9538 = LINE ( 'NONE', #7777, #10509 ) ;
#9539 = ORIENTED_EDGE ( 'NONE', *, *, #1337, .F. ) ;
#9540 = AXIS2_PLACEMENT_3D ( 'NONE', #10024, #3176, #6709 ) ;
#9541 = CARTESIAN_POINT ( 'NONE',  ( 0.5442913385826720907, 0.05905511811023591434, -0.1986220472440964058 ) ) ;
#9542 = EDGE_CURVE ( 'NONE', #1588, #473, #6376, .T. ) ;
#9543 = LINE ( 'NONE', #5133, #5843 ) ;
#9544 =( CONVERSION_BASED_UNIT ( 'INCH', #8486 ) LENGTH_UNIT ( ) NAMED_UNIT ( #1341 ) );
#9545 = FILL_AREA_STYLE_COLOUR ( '', #3246 ) ;
#9546 = FILL_AREA_STYLE_COLOUR ( '', #11201 ) ;
#9547 = EDGE_CURVE ( 'NONE', #2175, #1913, #3600, .T. ) ;
#9548 = MECHANICAL_DESIGN_GEOMETRIC_PRESENTATION_REPRESENTATION (  '', ( #5282 ), #3620 ) ;
#9549 = LENGTH_MEASURE_WITH_UNIT ( LENGTH_MEASURE( 0.02539999999999999897 ), #5823 );
#9550 = ORIENTED_EDGE ( 'NONE', *, *, #4147, .F. ) ;
#9551 = ORIENTED_EDGE ( 'NONE', *, *, #653, .F. ) ;
#9552 = VECTOR ( 'NONE', #2209, 39.37007874015748143 ) ;
#9553 = ORIENTED_EDGE ( 'NONE', *, *, #8047, .F. ) ;
#9554 = DIRECTION ( 'NONE',  ( -1.000000000000000000, -1.644517855225996559E-15, -1.817990202823693835E-15 ) ) ;
#9555 = VERTEX_POINT ( 'NONE', #3769 ) ;
#9556 = LINE ( 'NONE', #1627, #10355 ) ;
#9557 = EDGE_CURVE ( 'NONE', #11155, #9871, #3978, .T. ) ;
#9558 = UNCERTAINTY_MEASURE_WITH_UNIT (LENGTH_MEASURE( 1.000000000000000082E-05 ), #2575, 'distance_accuracy_value', 'NONE');
#9559 = SURFACE_STYLE_USAGE ( .BOTH. , #6772 ) ;
#9560 = AXIS2_PLACEMENT_3D ( 'NONE', #1584, #8694, #10575 ) ;
#9561 = DIRECTION ( 'NONE',  ( -1.644517855225997348E-15, 1.000000000000000000, -2.970554346222872930E-30 ) ) ;
#9562 = DIRECTION ( 'NONE',  ( 0.9317773919853026277, -0.3630301527215995527, 1.693962169841892772E-15 ) ) ;
#9563 = ORIENTED_EDGE ( 'NONE', *, *, #877, .T. ) ;
#9564 = DIRECTION ( 'NONE',  ( 1.644517855225997348E-15, -1.000000000000000000, 2.970554346222872930E-30 ) ) ;
#9565 = FACE_OUTER_BOUND ( 'NONE', #8519, .T. ) ;
#9566 = COLOUR_RGB ( '',0.7607843137254901578, 0.7607843137254901578, 0.0000000000000000000 ) ;
#9567 = CARTESIAN_POINT ( 'NONE',  ( 0.3186023622047195469, 0.1535433070866134841, -0.2875984251968527472 ) ) ;
#9568 = MECHANICAL_DESIGN_GEOMETRIC_PRESENTATION_REPRESENTATION (  '', ( #309 ), #9750 ) ;
#9569 = FACE_OUTER_BOUND ( 'NONE', #6090, .T. ) ;
#9570 = CARTESIAN_POINT ( 'NONE',  ( 0.2175196850393648351, 0.05905511811023538005, -0.1604330708661442506 ) ) ;
#9571 = AXIS2_PLACEMENT_3D ( 'NONE', #8323, #3945, #6601 ) ;
#9572 = FACE_OUTER_BOUND ( 'NONE', #4391, .T. ) ;
#9573 = PRESENTATION_STYLE_ASSIGNMENT (( #8754 ) ) ;
#9574 = CARTESIAN_POINT ( 'NONE',  ( 0.3560039370078683096, 0.1279527559055112229, -0.08267716535433294878 ) ) ;
#9575 = EDGE_LOOP ( 'NONE', ( #2854, #1559, #7568, #4282 ) ) ;
#9576 = LINE ( 'NONE', #874, #5285 ) ;
#9577 = ORIENTED_EDGE ( 'NONE', *, *, #7533, .T. ) ;
#9578 = DIRECTION ( 'NONE',  ( -1.817990202823693835E-15, 0.0000000000000000000, 1.000000000000000000 ) ) ;
#9579 =( GEOMETRIC_REPRESENTATION_CONTEXT ( 3 ) GLOBAL_UNCERTAINTY_ASSIGNED_CONTEXT ( ( #7460 ) ) GLOBAL_UNIT_ASSIGNED_CONTEXT ( ( #2999, #2895, #228 ) ) REPRESENTATION_CONTEXT ( 'NONE', 'WORKASPACE' ) );
#9580 =( GEOMETRIC_REPRESENTATION_CONTEXT ( 3 ) GLOBAL_UNCERTAINTY_ASSIGNED_CONTEXT ( ( #7111 ) ) GLOBAL_UNIT_ASSIGNED_CONTEXT ( ( #9212, #505, #3008 ) ) REPRESENTATION_CONTEXT ( 'NONE', 'WORKASPACE' ) );
#9581 = EDGE_LOOP ( 'NONE', ( #6241, #11110, #1621, #5946, #7387, #5646 ) ) ;
#9582 = DIMENSIONAL_EXPONENTS ( 1.000000000000000000, 0.0000000000000000000, 0.0000000000000000000, 0.0000000000000000000, 0.0000000000000000000, 0.0000000000000000000, 0.0000000000000000000 ) ;
#9583 = CARTESIAN_POINT ( 'NONE',  ( 0.3821850393700730320, 0.1240157480314797583, -0.08129921259842748382 ) ) ;
#9584 = DIRECTION ( 'NONE',  ( -0.09370354293204410934, -0.9956001436530543813, -1.703521230203255628E-16 ) ) ;
#9585 = CARTESIAN_POINT ( 'NONE',  ( 0.3186023622047194359, 0.1535433070866134841, -0.2490157480314983962 ) ) ;
#9586 = DIRECTION ( 'NONE',  ( -1.644517855225997348E-15, 1.000000000000000000, -2.989717349169496850E-30 ) ) ;
#9587 = PLANE ( 'NONE',  #8069 ) ;
#9588 = PRESENTATION_STYLE_ASSIGNMENT (( #4372 ) ) ;
#9589 = ORIENTED_EDGE ( 'NONE', *, *, #3997, .F. ) ;
#9590 = STYLED_ITEM ( 'NONE', ( #6022 ), #4576 ) ;
#9591 = VERTEX_POINT ( 'NONE', #2194 ) ;
#9592 = EDGE_CURVE ( 'NONE', #1168, #9095, #7286, .T. ) ;
#9593 = CARTESIAN_POINT ( 'NONE',  ( 0.4806322371468050858, 0.08937007874015706621, 0.02905743399721845074 ) ) ;
#9594 = ORIENTED_EDGE ( 'NONE', *, *, #4136, .T. ) ;
#9595 = ADVANCED_FACE ( 'NONE', ( #7220 ), #4803, .F. ) ;
#9596 = CARTESIAN_POINT ( 'NONE',  ( 0.2175196850393646686, 0.06614173228346371947, -0.1261811023622072814 ) ) ;
#9597 = COLOUR_RGB ( '',0.7607843137254901578, 0.7607843137254901578, 0.0000000000000000000 ) ;
#9598 = CARTESIAN_POINT ( 'NONE',  ( 0.4058070866141673116, 0.1240157480314955235, -0.03169291338582896217 ) ) ;
#9599 = LINE ( 'NONE', #5188, #5446 ) ;
#9600 = LINE ( 'NONE', #782, #2829 ) ;
#9601 = ORIENTED_EDGE ( 'NONE', *, *, #3312, .F. ) ;
#9602 = ORIENTED_EDGE ( 'NONE', *, *, #10692, .F. ) ;
#9603 = ORIENTED_EDGE ( 'NONE', *, *, #116, .F. ) ;
#9604 = ADVANCED_FACE ( 'NONE', ( #4855 ), #5028, .T. ) ;
#9605 = VECTOR ( 'NONE', #7622, 39.37007874015748143 ) ;
#9606 = PRESENTATION_STYLE_ASSIGNMENT (( #2421 ) ) ;
#9607 = ORIENTED_EDGE ( 'NONE', *, *, #9258, .T. ) ;
#9608 = DIRECTION ( 'NONE',  ( 1.817990202823693835E-15, 0.0000000000000000000, -1.000000000000000000 ) ) ;
#9609 = EDGE_CURVE ( 'NONE', #443, #10091, #4978, .T. ) ;
#9610 = DIRECTION ( 'NONE',  ( 1.817990202823693835E-15, 0.0000000000000000000, -1.000000000000000000 ) ) ;
#9611 = LINE ( 'NONE', #1677, #6291 ) ;
#9612 = CARTESIAN_POINT ( 'NONE',  ( 0.2476053619159075680, 0.06990336523983385619, -0.02618110236220720990 ) ) ;
#9613 = LINE ( 'NONE', #10740, #3592 ) ;
#9614 =( GEOMETRIC_REPRESENTATION_CONTEXT ( 3 ) GLOBAL_UNCERTAINTY_ASSIGNED_CONTEXT ( ( #11308 ) ) GLOBAL_UNIT_ASSIGNED_CONTEXT ( ( #6568, #2108, #8243 ) ) REPRESENTATION_CONTEXT ( 'NONE', 'WORKASPACE' ) );
#9615 = FILL_AREA_STYLE_COLOUR ( '', #5579 ) ;
#9616 = ORIENTED_EDGE ( 'NONE', *, *, #9973, .T. ) ;
#9617 = CARTESIAN_POINT ( 'NONE',  ( 0.2542085087882426375, 0.06733071061424725223, -0.1104330708661441784 ) ) ;
#9618 = ADVANCED_FACE ( 'NONE', ( #10385 ), #7638, .T. ) ;
#9619 = FILL_AREA_STYLE ('',( #692 ) ) ;
#9620 = CARTESIAN_POINT ( 'NONE',  ( 0.5442913385826717576, 0.05905511811023591434, -0.1261811023622066708 ) ) ;
#9621 = STYLED_ITEM ( 'NONE', ( #1792 ), #5698 ) ;
#9622 = DIRECTION ( 'NONE',  ( 0.5643446851342109882, -0.8255392639728097448, 0.0000000000000000000 ) ) ;
#9623 = DIRECTION ( 'NONE',  ( -1.000000000000000000, -1.644517855225996559E-15, -1.817990202823693835E-15 ) ) ;
#9624 = PLANE ( 'NONE',  #7458 ) ;
#9625 = PRESENTATION_STYLE_ASSIGNMENT (( #7813 ) ) ;
#9626 = LINE ( 'NONE', #2567, #7695 ) ;
#9627 = ORIENTED_EDGE ( 'NONE', *, *, #6213, .T. ) ;
#9628 = CARTESIAN_POINT ( 'NONE',  ( 0.2542085087882424155, 0.06733071061424725223, -0.07618110236220720921 ) ) ;
#9629 = FACE_OUTER_BOUND ( 'NONE', #1137, .T. ) ;
#9630 = ORIENTED_EDGE ( 'NONE', *, *, #8382, .F. ) ;
#9631 = CARTESIAN_POINT ( 'NONE',  ( 0.5142056617061291357, 0.06990336523983428640, -0.2761811023622067762 ) ) ;
#9632 = VERTEX_POINT ( 'NONE', #9449 ) ;
#9633 = FILL_AREA_STYLE_COLOUR ( '', #2816 ) ;
#9634 = VECTOR ( 'NONE', #704, 39.37007874015748143 ) ;
#9635 = VECTOR ( 'NONE', #7941, 39.37007874015748143 ) ;
#9636 = CARTESIAN_POINT ( 'NONE',  ( 0.4104330708661356741, 0.1358267716535427883, 0.03759842519684825080 ) ) ;
#9637 = DIRECTION ( 'NONE',  ( -1.817990202823693835E-15, 0.0000000000000000000, 1.000000000000000000 ) ) ;
#9638 = CARTESIAN_POINT ( 'NONE',  ( 0.3186023622047183812, 0.1476377952755898726, 0.0009842519685016432561 ) ) ;
#9639 = CARTESIAN_POINT ( 'NONE',  ( 0.4058070866141684219, 0.1240157480314955235, -0.2816929133858289691 ) ) ;
#9640 = VERTEX_POINT ( 'NONE', #1512 ) ;
#9641 = COLOUR_RGB ( '',0.7607843137254901578, 0.7607843137254901578, 0.0000000000000000000 ) ;
#9642 = LINE ( 'NONE', #5227, #7300 ) ;
#9643 = EDGE_LOOP ( 'NONE', ( #7652, #10775, #6061, #2993 ) ) ;
#9644 = DIRECTION ( 'NONE',  ( -0.09329485713883856057, -0.9912578571002033101, -0.09329485713884050346 ) ) ;
#9645 = ORIENTED_EDGE ( 'NONE', *, *, #8367, .F. ) ;
#9646 = SURFACE_STYLE_FILL_AREA ( #3332 ) ;
#9647 = DIRECTION ( 'NONE',  ( 0.0000000000000000000, -1.000000000000000000, 0.0000000000000000000 ) ) ;
#9648 = STYLED_ITEM ( 'NONE', ( #11198 ), #6887 ) ;
#9649 = DIMENSIONAL_EXPONENTS ( 1.000000000000000000, 0.0000000000000000000, 0.0000000000000000000, 0.0000000000000000000, 0.0000000000000000000, 0.0000000000000000000, 0.0000000000000000000 ) ;
#9650 = DIRECTION ( 'NONE',  ( -1.000000000000000000, -1.644517855225996559E-15, -1.817990202823693835E-15 ) ) ;
#9651 = FACE_OUTER_BOUND ( 'NONE', #2833, .T. ) ;
#9652 = SURFACE_STYLE_USAGE ( .BOTH. , #8782 ) ;
#9653 = DIRECTION ( 'NONE',  ( -1.000000000000000000, -1.644517855225996559E-15, -1.817990202823693835E-15 ) ) ;
#9654 = VERTEX_POINT ( 'NONE', #8558 ) ;
#9655 = EDGE_CURVE ( 'NONE', #1171, #8575, #1327, .T. ) ;
#9656 = ORIENTED_EDGE ( 'NONE', *, *, #2878, .F. ) ;
#9657 = ORIENTED_EDGE ( 'NONE', *, *, #2216, .T. ) ;
#9658 = STYLED_ITEM ( 'NONE', ( #8524 ), #7085 ) ;
#9659 = DIRECTION ( 'NONE',  ( 1.817990202823693835E-15, 0.0000000000000000000, -1.000000000000000000 ) ) ;
#9660 = ORIENTED_EDGE ( 'NONE', *, *, #5359, .T. ) ;
#9661 = VECTOR ( 'NONE', #4852, 39.37007874015748854 ) ;
#9662 = CARTESIAN_POINT ( 'NONE',  ( 0.4872047244094437346, 0.09645669291338541951, -0.2104330708661437954 ) ) ;
#9663 = VECTOR ( 'NONE', #8666, 39.37007874015748143 ) ;
#9664 =( LENGTH_UNIT ( ) NAMED_UNIT ( * ) SI_UNIT ( $, .METRE. ) );
#9665 = CARTESIAN_POINT ( 'NONE',  ( 0.3513779527558994475, 0.1358267716535427050, 0.03759842519684811202 ) ) ;
#9666 = UNCERTAINTY_MEASURE_WITH_UNIT (LENGTH_MEASURE( 1.000000000000000082E-05 ), #882, 'distance_accuracy_value', 'NONE');
#9667 = CARTESIAN_POINT ( 'NONE',  ( 0.2660249164800730926, 0.08464566929133782169, -0.07618110236220720921 ) ) ;
#9668 = DIRECTION ( 'NONE',  ( -0.3630301527215995527, -0.9317773919853026277, -6.599852609774574981E-16 ) ) ;
#9669 = DIRECTION ( 'NONE',  ( -1.644517855225997348E-15, 1.000000000000000000, -2.970554346222872930E-30 ) ) ;
#9670 = EDGE_CURVE ( 'NONE', #11279, #5942, #2613, .T. ) ;
#9671 = AXIS2_PLACEMENT_3D ( 'NONE', #1510, #2486, #10204 ) ;
#9672 = ORIENTED_EDGE ( 'NONE', *, *, #1817, .T. ) ;
#9673 = AXIS2_PLACEMENT_3D ( 'NONE', #3389, #1717, #4381 ) ;
#9674 = ADVANCED_FACE ( 'NONE', ( #1793 ), #3582, .F. ) ;
#9675 = FILL_AREA_STYLE_COLOUR ( '', #4751 ) ;
#9676 = DIRECTION ( 'NONE',  ( -1.817990202823693835E-15, 0.0000000000000000000, 1.000000000000000000 ) ) ;
#9677 = CARTESIAN_POINT ( 'NONE',  ( 0.2421027395222944412, 0.06614173228346377498, -0.2604330708661442562 ) ) ;
#9678 = VECTOR ( 'NONE', #7129, 39.37007874015748143 ) ;
#9679 = UNCERTAINTY_MEASURE_WITH_UNIT (LENGTH_MEASURE( 1.000000000000000082E-05 ), #488, 'distance_accuracy_value', 'NONE');
#9680 = CARTESIAN_POINT ( 'NONE',  ( 0.2660249164800730370, 0.08464566929133782169, -0.06043307086614418261 ) ) ;
#9681 = LINE ( 'NONE', #748, #9013 ) ;
#9682 = LENGTH_MEASURE_WITH_UNIT ( LENGTH_MEASURE( 0.02539999999999999897 ), #8813 );
#9683 = EDGE_CURVE ( 'NONE', #477, #11452, #8738, .T. ) ;
#9684 = CARTESIAN_POINT ( 'NONE',  ( 0.5197082840997427899, 0.06614173228346423294, -0.1761811023622067429 ) ) ;
#9685 = ORIENTED_EDGE ( 'NONE', *, *, #10329, .F. ) ;
#9686 = EDGE_CURVE ( 'NONE', #8852, #2379, #5254, .T. ) ;
#9687 = DIRECTION ( 'NONE',  ( -1.000000000000000000, -1.644517855225996559E-15, -1.817990202823693835E-15 ) ) ;
#9688 =( CONVERSION_BASED_UNIT ( 'INCH', #11329 ) LENGTH_UNIT ( ) NAMED_UNIT ( #388 ) );
#9689 = ORIENTED_EDGE ( 'NONE', *, *, #2370, .T. ) ;
#9690 = COLOUR_RGB ( '',0.7607843137254901578, 0.7607843137254901578, 0.0000000000000000000 ) ;
#9691 = DIRECTION ( 'NONE',  ( 1.817990202823693835E-15, 0.0000000000000000000, -1.000000000000000000 ) ) ;
#9692 = VERTEX_POINT ( 'NONE', #4457 ) ;
#9693 = COLOUR_RGB ( '',0.7607843137254901578, 0.7607843137254901578, 0.0000000000000000000 ) ;
#9694 = SURFACE_SIDE_STYLE ('',( #5393 ) ) ;
#9695 =( NAMED_UNIT ( * ) PLANE_ANGLE_UNIT ( ) SI_UNIT ( $, .RADIAN. ) );
#9696 = DIMENSIONAL_EXPONENTS ( 1.000000000000000000, 0.0000000000000000000, 0.0000000000000000000, 0.0000000000000000000, 0.0000000000000000000, 0.0000000000000000000, 0.0000000000000000000 ) ;
#9697 = CARTESIAN_POINT ( 'NONE',  ( 0.4872047244094428464, 0.08937007874015708009, 0.03759842519684838957 ) ) ;
#9698 = CIRCLE ( 'NONE', #6176, 0.005905511811023602016 ) ;
#9699 = FACE_OUTER_BOUND ( 'NONE', #9042, .T. ) ;
#9700 = CARTESIAN_POINT ( 'NONE',  ( 0.3560039370078686982, 0.1240157480314954541, -0.1549212598425219467 ) ) ;
#9701 =( NAMED_UNIT ( * ) PLANE_ANGLE_UNIT ( ) SI_UNIT ( $, .RADIAN. ) );
#9702 = FACE_OUTER_BOUND ( 'NONE', #8002, .T. ) ;
#9703 = CARTESIAN_POINT ( 'NONE',  ( 0.5076025148337944826, 0.06733071061424766857, -0.2761811023622067762 ) ) ;
#9704 = MECHANICAL_DESIGN_GEOMETRIC_PRESENTATION_REPRESENTATION (  '', ( #3038 ), #8971 ) ;
#9705 = ORIENTED_EDGE ( 'NONE', *, *, #3663, .F. ) ;
#9706 = PLANE ( 'NONE',  #2504 ) ;
#9707 = STYLED_ITEM ( 'NONE', ( #4103 ), #9453 ) ;
#9708 = ORIENTED_EDGE ( 'NONE', *, *, #3672, .T. ) ;
#9709 = DIRECTION ( 'NONE',  ( 1.817990202823693835E-15, -3.503246160812042677E-46, -1.000000000000000000 ) ) ;
#9710 = VERTEX_POINT ( 'NONE', #971 ) ;
#9711 = DIRECTION ( 'NONE',  ( 1.817990202823693835E-15, 0.0000000000000000000, -1.000000000000000000 ) ) ;
#9712 = DIRECTION ( 'NONE',  ( -1.817990202823693835E-15, 0.0000000000000000000, 1.000000000000000000 ) ) ;
#9713 = CIRCLE ( 'NONE', #10663, 0.01181102362204724046 ) ;
#9714 = LINE ( 'NONE', #1613, #640 ) ;
#9715 =( CONVERSION_BASED_UNIT ( 'INCH', #7903 ) LENGTH_UNIT ( ) NAMED_UNIT ( #5883 ) );
#9716 = PRESENTATION_STYLE_ASSIGNMENT (( #2711 ) ) ;
#9717 = ORIENTED_EDGE ( 'NONE', *, *, #4346, .T. ) ;
#9718 = ORIENTED_EDGE ( 'NONE', *, *, #3859, .T. ) ;
#9719 = ORIENTED_EDGE ( 'NONE', *, *, #1948, .T. ) ;
#9720 = LINE ( 'NONE', #674, #4957 ) ;
#9721 = ORIENTED_EDGE ( 'NONE', *, *, #3292, .T. ) ;
#9722 = PRESENTATION_LAYER_ASSIGNMENT (  '', '', ( #7497 ) ) ;
#9723 = FACE_OUTER_BOUND ( 'NONE', #10564, .T. ) ;
#9724 = SURFACE_SIDE_STYLE ('',( #10675 ) ) ;
#9725 = FILL_AREA_STYLE ('',( #3525 ) ) ;
#9726 = VECTOR ( 'NONE', #88, 39.37007874015748143 ) ;
#9727 =( NAMED_UNIT ( * ) SI_UNIT ( $, .STERADIAN. ) SOLID_ANGLE_UNIT ( ) );
#9728 = FILL_AREA_STYLE ('',( #5200 ) ) ;
#9729 = AXIS2_PLACEMENT_3D ( 'NONE', #578, #1471, #3147 ) ;
#9730 = STYLED_ITEM ( 'NONE', ( #1421 ), #10048 ) ;
#9731 = ORIENTED_EDGE ( 'NONE', *, *, #8234, .F. ) ;
#9732 = CARTESIAN_POINT ( 'NONE',  ( 0.2550196716928492813, 0.08893342700064765793, -0.2104330708661442395 ) ) ;
#9733 = PLANE ( 'NONE',  #3277 ) ;
#9734 = COLOUR_RGB ( '',0.7607843137254901578, 0.7607843137254901578, 0.0000000000000000000 ) ;
#9735 = PRESENTATION_STYLE_ASSIGNMENT (( #1741 ) ) ;
#9736 = EDGE_CURVE ( 'NONE', #7845, #55, #11034, .T. ) ;
#9737 = STYLED_ITEM ( 'NONE', ( #10626 ), #11467 ) ;
#9738 = MECHANICAL_DESIGN_GEOMETRIC_PRESENTATION_REPRESENTATION (  '', ( #11426 ), #10690 ) ;
#9739 = DIRECTION ( 'NONE',  ( 0.5643446851342075465, -0.8255392639728119653, 0.0000000000000000000 ) ) ;
#9740 = EDGE_CURVE ( 'NONE', #8400, #3948, #793, .T. ) ;
#9741 = CARTESIAN_POINT ( 'NONE',  ( 0.4872047244094437346, 0.08937007874015708009, -0.2104330708661437954 ) ) ;
#9742 = DIRECTION ( 'NONE',  ( 1.817990202823693835E-15, 0.0000000000000000000, -1.000000000000000000 ) ) ;
#9743 = DIRECTION ( 'NONE',  ( -1.644517855225997348E-15, 1.000000000000000000, -2.989717349169496850E-30 ) ) ;
#9744 = DIRECTION ( 'NONE',  ( -1.817990202823693835E-15, 0.0000000000000000000, 1.000000000000000000 ) ) ;
#9745 = STYLED_ITEM ( 'NONE', ( #2120 ), #53 ) ;
#9746 = COLOUR_RGB ( '',0.7607843137254901578, 0.7607843137254901578, 0.0000000000000000000 ) ;
#9747 = VERTEX_POINT ( 'NONE', #7972 ) ;
#9748 = CARTESIAN_POINT ( 'NONE',  ( 0.2746062992125925528, 0.08937007874015673314, -0.01043307086614417636 ) ) ;
#9749 = ORIENTED_EDGE ( 'NONE', *, *, #4232, .T. ) ;
#9750 =( GEOMETRIC_REPRESENTATION_CONTEXT ( 3 ) GLOBAL_UNCERTAINTY_ASSIGNED_CONTEXT ( ( #968 ) ) GLOBAL_UNIT_ASSIGNED_CONTEXT ( ( #2014, #5425, #1965 ) ) REPRESENTATION_CONTEXT ( 'NONE', 'WORKASPACE' ) );
#9751 = DIRECTION ( 'NONE',  ( 1.817990202823693835E-15, 0.0000000000000000000, -1.000000000000000000 ) ) ;
#9752 = ORIENTED_EDGE ( 'NONE', *, *, #4775, .F. ) ;
#9753 = ADVANCED_FACE ( 'NONE', ( #61 ), #3526, .T. ) ;
#9754 = PRESENTATION_LAYER_ASSIGNMENT (  '', '', ( #11250 ) ) ;
#9755 = PLANE ( 'NONE',  #1144 ) ;
#9756 = DIRECTION ( 'NONE',  ( -1.000000000000000000, -1.644517855225996559E-15, -1.817990202823693835E-15 ) ) ;
#9757 = ADVANCED_FACE ( 'NONE', ( #4795 ), #8089, .F. ) ;
#9758 = SURFACE_STYLE_USAGE ( .BOTH. , #5281 ) ;
#9759 = LENGTH_MEASURE_WITH_UNIT ( LENGTH_MEASURE( 0.02539999999999999897 ), #8764 );
#9760 = CARTESIAN_POINT ( 'NONE',  ( 0.3186023622047187698, 0.1476377952755898726, -0.09901574803149836013 ) ) ;
#9761 = STYLED_ITEM ( 'NONE', ( #1507 ), #3960 ) ;
#9762 = FACE_OUTER_BOUND ( 'NONE', #3059, .T. ) ;
#9763 = EDGE_LOOP ( 'NONE', ( #21, #8416, #8816, #1865, #3206, #9173 ) ) ;
#9764 = VECTOR ( 'NONE', #6718, 39.37007874015748143 ) ;
#9765 = AXIS2_PLACEMENT_3D ( 'NONE', #4222, #3, #8552 ) ;
#9766 = CARTESIAN_POINT ( 'NONE',  ( 0.3821850393700736426, 0.1240157480314797583, -0.2312992125984274783 ) ) ;
#9767 = VERTEX_POINT ( 'NONE', #2122 ) ;
#9768 = CARTESIAN_POINT ( 'NONE',  ( 0.3186023622047189363, 0.1535433070866134841, -0.1375984251968526972 ) ) ;
#9769 = VERTEX_POINT ( 'NONE', #1191 ) ;
#9770 = EDGE_CURVE ( 'NONE', #7064, #4881, #9713, .T. ) ;
#9772 = CARTESIAN_POINT ( 'NONE',  ( 0.4058070866141676447, 0.1240157480314955235, -0.1049212598425219023 ) ) ;
#9771 = MECHANICAL_DESIGN_GEOMETRIC_PRESENTATION_REPRESENTATION (  '', ( #1635 ), #6802 ) ;
#9773 = ORIENTED_EDGE ( 'NONE', *, *, #10530, .F. ) ;
#9774 = SURFACE_SIDE_STYLE ('',( #6167 ) ) ;
#9775 = CIRCLE ( 'NONE', #4768, 0.01299212598425197353 ) ;
#9776 = CARTESIAN_POINT ( 'NONE',  ( 0.2811787864752147148, 0.08937007874015674702, -0.06043307086614412016 ) ) ;
#9777 = CARTESIAN_POINT ( 'NONE',  ( 0.5442913385826720907, 0.05905511811023591434, -0.2104330708661436566 ) ) ;
#9778 = DIRECTION ( 'NONE',  ( -0.8789799039125312241, -0.4626210020592183003, 0.1156552505148023963 ) ) ;
#9779 =( LENGTH_UNIT ( ) NAMED_UNIT ( * ) SI_UNIT ( $, .METRE. ) );
#9780 = CARTESIAN_POINT ( 'NONE',  ( 0.2175196850393648351, 0.06614173228346371947, -0.1604330708661442506 ) ) ;
#9781 = DIMENSIONAL_EXPONENTS ( 1.000000000000000000, 0.0000000000000000000, 0.0000000000000000000, 0.0000000000000000000, 0.0000000000000000000, 0.0000000000000000000, 0.0000000000000000000 ) ;
#9782 = CARTESIAN_POINT ( 'NONE',  ( 0.2175196850393649184, 0.06614173228346371947, -0.1761811023622072703 ) ) ;
#9783 = VECTOR ( 'NONE', #11376, 39.37007874015747433 ) ;
#9784 = DIRECTION ( 'NONE',  ( 1.817990202823693835E-15, -3.503246160812042677E-46, -1.000000000000000000 ) ) ;
#9785 = EDGE_LOOP ( 'NONE', ( #7869, #333, #5361, #4817, #10538, #5043, #7240, #4413 ) ) ;
#9786 = ORIENTED_EDGE ( 'NONE', *, *, #10770, .T. ) ;
#9787 = EDGE_LOOP ( 'NONE', ( #2969, #5364, #7481, #8277 ) ) ;
#9788 = ORIENTED_EDGE ( 'NONE', *, *, #6964, .F. ) ;
#9789 = CIRCLE ( 'NONE', #2574, 0.004724409448818893235 ) ;
#9790 =( CONVERSION_BASED_UNIT ( 'INCH', #9088 ) LENGTH_UNIT ( ) NAMED_UNIT ( #4885 ) );
#9791 = UNCERTAINTY_MEASURE_WITH_UNIT (LENGTH_MEASURE( 1.000000000000000082E-05 ), #8353, 'distance_accuracy_value', 'NONE');
#9792 = ORIENTED_EDGE ( 'NONE', *, *, #1318, .T. ) ;
#9793 = CYLINDRICAL_SURFACE ( 'NONE', #5220, 0.01299212598425197353 ) ;
#9794 = SURFACE_STYLE_USAGE ( .BOTH. , #849 ) ;
#9795 = DIRECTION ( 'NONE',  ( -0.9317773919853014064, -0.3630301527216026058, -1.693962169841890603E-15 ) ) ;
#9796 = DIRECTION ( 'NONE',  ( -1.817990202823693835E-15, 0.0000000000000000000, 1.000000000000000000 ) ) ;
#9797 = CARTESIAN_POINT ( 'NONE',  ( 0.2542085087882426375, 0.06733071061424725223, -0.1104330708661441784 ) ) ;
#9798 = ORIENTED_EDGE ( 'NONE', *, *, #2078, .F. ) ;
#9799 = COLOUR_RGB ( '',0.7607843137254901578, 0.7607843137254901578, 0.0000000000000000000 ) ;
#9800 = PLANE ( 'NONE',  #9167 ) ;
#9801 = CARTESIAN_POINT ( 'NONE',  ( 0.4872047244094431795, 0.08937007874015708009, -0.07618110236220680676 ) ) ;
#9802 = DIRECTION ( 'NONE',  ( -1.000000000000000000, -1.644517855225996559E-15, -1.817990202823693835E-15 ) ) ;
#9803 =( NAMED_UNIT ( * ) PLANE_ANGLE_UNIT ( ) SI_UNIT ( $, .RADIAN. ) );
#9804 = VECTOR ( 'NONE', #4031, 39.37007874015748143 ) ;
#9805 = UNCERTAINTY_MEASURE_WITH_UNIT (LENGTH_MEASURE( 1.000000000000000082E-05 ), #10375, 'distance_accuracy_value', 'NONE');
#9806 = DIRECTION ( 'NONE',  ( 1.817990202823693835E-15, 0.0000000000000000000, -1.000000000000000000 ) ) ;
#9807 = CARTESIAN_POINT ( 'NONE',  ( 0.5197082840997427899, 0.06614173228346423294, -0.1604330708661436955 ) ) ;
#9808 = CARTESIAN_POINT ( 'NONE',  ( 0.4872047244094428464, 0.08937007874015708009, -0.3242125984252007265 ) ) ;
#9809 = VERTEX_POINT ( 'NONE', #2064 ) ;
#9810 = EDGE_CURVE ( 'NONE', #2411, #8086, #7337, .T. ) ;
#9811 = DIRECTION ( 'NONE',  ( -0.4657464328325995329, 0.8849182223819944682, -8.467224518897498582E-16 ) ) ;
#9812 = ORIENTED_EDGE ( 'NONE', *, *, #2888, .F. ) ;
#9813 = EDGE_CURVE ( 'NONE', #99, #9769, #7210, .T. ) ;
#9814 = EDGE_CURVE ( 'NONE', #1812, #3233, #2018, .T. ) ;
#9815 = ORIENTED_EDGE ( 'NONE', *, *, #10556, .F. ) ;
#9816 =( NAMED_UNIT ( * ) PLANE_ANGLE_UNIT ( ) SI_UNIT ( $, .RADIAN. ) );
#9817 = CARTESIAN_POINT ( 'NONE',  ( 0.5142056617061286916, 0.06990336523983428640, -0.1761811023622067429 ) ) ;
#9818 = DIRECTION ( 'NONE',  ( 1.364855394706498281E-15, 0.2425356250363099597, -0.9701425001453376495 ) ) ;
#9819 = COLOUR_RGB ( '',0.7607843137254901578, 0.7607843137254901578, 0.0000000000000000000 ) ;
#9820 = CARTESIAN_POINT ( 'NONE',  ( 0.3821850393700731985, 0.1448818897637632053, -0.1053149606299235153 ) ) ;
#9821 = DIRECTION ( 'NONE',  ( -0.9317773919853014064, -0.3630301527216026058, -1.693962169841890603E-15 ) ) ;
#9822 = ORIENTED_EDGE ( 'NONE', *, *, #1527, .F. ) ;
#9823 = EDGE_CURVE ( 'NONE', #7845, #6665, #10797, .T. ) ;
#9824 = DIRECTION ( 'NONE',  ( -1.644517855225997348E-15, 1.000000000000000000, -2.989717349169496850E-30 ) ) ;
#9825 =( NAMED_UNIT ( * ) SI_UNIT ( $, .STERADIAN. ) SOLID_ANGLE_UNIT ( ) );
#9826 = ORIENTED_EDGE ( 'NONE', *, *, #1803, .F. ) ;
#9827 = EDGE_CURVE ( 'NONE', #5866, #10731, #5546, .T. ) ;
#9828 = DIRECTION ( 'NONE',  ( -1.644517855225997348E-15, 1.000000000000000000, -2.970554346222872930E-30 ) ) ;
#9829 = ORIENTED_EDGE ( 'NONE', *, *, #7597, .F. ) ;
#9830 =( LENGTH_UNIT ( ) NAMED_UNIT ( * ) SI_UNIT ( $, .METRE. ) );
#9831 = ORIENTED_EDGE ( 'NONE', *, *, #3075, .F. ) ;
#9832 = LINE ( 'NONE', #1892, #7830 ) ;
#9833 = EDGE_CURVE ( 'NONE', #137, #5787, #6478, .T. ) ;
#9835 = VECTOR ( 'NONE', #10520, 39.37007874015748143 ) ;
#9834 = CARTESIAN_POINT ( 'NONE',  ( 0.2746062992125923308, 0.1358267716535425662, 0.03759842519684797324 ) ) ;
#9836 = VERTEX_POINT ( 'NONE', #3878 ) ;
#9837 = ORIENTED_EDGE ( 'NONE', *, *, #2604, .F. ) ;
#9838 = ORIENTED_EDGE ( 'NONE', *, *, #5616, .F. ) ;
#9839 = LINE ( 'NONE', #5422, #326 ) ;
#9840 = EDGE_LOOP ( 'NONE', ( #2717, #6940, #854, #909 ) ) ;
#9841 = MECHANICAL_DESIGN_GEOMETRIC_PRESENTATION_REPRESENTATION (  '', ( #2248 ), #6132 ) ;
#9842 = AXIS2_PLACEMENT_3D ( 'NONE', #10056, #3910, #11000 ) ;
#9843 = DIRECTION ( 'NONE',  ( -1.817990202823693835E-15, 0.0000000000000000000, 1.000000000000000000 ) ) ;
#9844 = ORIENTED_EDGE ( 'NONE', *, *, #2519, .T. ) ;
#9845 = LINE ( 'NONE', #732, #4679 ) ;
#9846 = CARTESIAN_POINT ( 'NONE',  ( 0.4058070866141672561, 0.1279527559055124442, -0.005314960629923433377 ) ) ;
#9847 = DIRECTION ( 'NONE',  ( -0.3630301527216025503, 0.9317773919853011844, -6.599852609774626257E-16 ) ) ;
#9848 = VERTEX_POINT ( 'NONE', #7396 ) ;
#9849 = MECHANICAL_DESIGN_GEOMETRIC_PRESENTATION_REPRESENTATION (  '', ( #7780 ), #8533 ) ;
#9850 = APPLICATION_PROTOCOL_DEFINITION ( 'draft international standard', 'automotive_design', 1998, #11375 ) ;
#9851 = VECTOR ( 'NONE', #9001, 39.37007874015748143 ) ;
#9852 = DIMENSIONAL_EXPONENTS ( 1.000000000000000000, 0.0000000000000000000, 0.0000000000000000000, 0.0000000000000000000, 0.0000000000000000000, 0.0000000000000000000, 0.0000000000000000000 ) ;
#9853 = DIRECTION ( 'NONE',  ( 1.000000000000000000, 1.644517855225996559E-15, 1.817990202823693835E-15 ) ) ;
#9854 =( NAMED_UNIT ( * ) PLANE_ANGLE_UNIT ( ) SI_UNIT ( $, .RADIAN. ) );
#9855 =( NAMED_UNIT ( * ) PLANE_ANGLE_UNIT ( ) SI_UNIT ( $, .RADIAN. ) );
#9856 = DIRECTION ( 'NONE',  ( 1.817990202823693835E-15, -3.503246160812042677E-46, -1.000000000000000000 ) ) ;
#9857 = MECHANICAL_DESIGN_GEOMETRIC_PRESENTATION_REPRESENTATION (  '', ( #5955 ), #6326 ) ;
#9858 = FILL_AREA_STYLE ('',( #3419 ) ) ;
#9859 = CARTESIAN_POINT ( 'NONE',  ( 0.2660249164800732591, 0.09645669291338505869, -0.1261811023622072259 ) ) ;
#9860 = LINE ( 'NONE', #1924, #11048 ) ;
#9861 = ORIENTED_EDGE ( 'NONE', *, *, #4986, .T. ) ;
#9862 = FILL_AREA_STYLE_COLOUR ( '', #10902 ) ;
#9863 = COLOUR_RGB ( '',0.7607843137254901578, 0.7607843137254901578, 0.0000000000000000000 ) ;
#9864 = DIRECTION ( 'NONE',  ( -0.4657464328325995329, 0.8849182223819944682, -8.467224518897498582E-16 ) ) ;
#9865 = DIRECTION ( 'NONE',  ( 1.817990202823693835E-15, 0.0000000000000000000, -1.000000000000000000 ) ) ;
#9866 = LINE ( 'NONE', #5344, #1551 ) ;
#9867 = EDGE_CURVE ( 'NONE', #8586, #1588, #10965, .T. ) ;
#9868 = EDGE_CURVE ( 'NONE', #502, #9369, #1373, .T. ) ;
#9869 = VECTOR ( 'NONE', #7883, 39.37007874015748143 ) ;
#9870 = DIRECTION ( 'NONE',  ( -1.817990202823693835E-15, 0.0000000000000000000, 1.000000000000000000 ) ) ;
#9871 = VERTEX_POINT ( 'NONE', #9318 ) ;
#9872 = SURFACE_SIDE_STYLE ('',( #10887 ) ) ;
#9873 = ORIENTED_EDGE ( 'NONE', *, *, #3312, .T. ) ;
#9874 = CYLINDRICAL_SURFACE ( 'NONE', #1595, 0.01181102362204724046 ) ;
#9875 = ORIENTED_EDGE ( 'NONE', *, *, #376, .T. ) ;
#9876 = CARTESIAN_POINT ( 'NONE',  ( 0.2421027395222942191, 0.06614173228346377498, -0.2104330708661442673 ) ) ;
#9877 = VERTEX_POINT ( 'NONE', #5074 ) ;
#9878 = VECTOR ( 'NONE', #6085, 39.37007874015748143 ) ;
#9879 = EDGE_CURVE ( 'NONE', #1483, #11228, #5939, .T. ) ;
#9880 =( NAMED_UNIT ( * ) PLANE_ANGLE_UNIT ( ) SI_UNIT ( $, .RADIAN. ) );
#9881 =( LENGTH_UNIT ( ) NAMED_UNIT ( * ) SI_UNIT ( $, .METRE. ) );
#9882 = ADVANCED_FACE ( 'NONE', ( #5818 ), #1498, .F. ) ;
#9883 =( CONVERSION_BASED_UNIT ( 'INCH', #9078 ) LENGTH_UNIT ( ) NAMED_UNIT ( #6310 ) );
#9884 = SURFACE_SIDE_STYLE ('',( #4825 ) ) ;
#9885 = VECTOR ( 'NONE', #11171, 39.37007874015748143 ) ;
#9886 = LENGTH_MEASURE_WITH_UNIT ( LENGTH_MEASURE( 0.02539999999999999897 ), #7144 );
#9887 = DIRECTION ( 'NONE',  ( -1.817990202823693835E-15, 0.0000000000000000000, 1.000000000000000000 ) ) ;
#9888 = COLOUR_RGB ( '',0.7607843137254901578, 0.7607843137254901578, 0.0000000000000000000 ) ;
#9889 = ORIENTED_EDGE ( 'NONE', *, *, #1337, .T. ) ;
#9890 = EDGE_LOOP ( 'NONE', ( #10008, #1833, #4992, #139 ) ) ;
#9891 = DIRECTION ( 'NONE',  ( 1.817990202823693835E-15, 0.0000000000000000000, -1.000000000000000000 ) ) ;
#9892 = VERTEX_POINT ( 'NONE', #11185 ) ;
#9893 = ADVANCED_FACE ( 'NONE', ( #11074 ), #2183, .F. ) ;
#9894 = SURFACE_STYLE_USAGE ( .BOTH. , #1903 ) ;
#9895 = AXIS2_PLACEMENT_3D ( 'NONE', #11241, #3336, #3231 ) ;
#9896 =( CONVERSION_BASED_UNIT ( 'INCH', #10793 ) LENGTH_UNIT ( ) NAMED_UNIT ( #4810 ) );
#9897 = ADVANCED_FACE ( 'NONE', ( #9651 ), #1662, .T. ) ;
#9898 = UNCERTAINTY_MEASURE_WITH_UNIT (LENGTH_MEASURE( 1.000000000000000082E-05 ), #10929, 'distance_accuracy_value', 'NONE');
#9899 = ORIENTED_EDGE ( 'NONE', *, *, #1160, .T. ) ;
#9900 = LINE ( 'NONE', #6476, #591 ) ;
#9901 = DIRECTION ( 'NONE',  ( 1.000000000000000000, 1.644517855225996559E-15, 1.817990202823693835E-15 ) ) ;
#9902 =( LENGTH_UNIT ( ) NAMED_UNIT ( * ) SI_UNIT ( $, .METRE. ) );
#9903 = MECHANICAL_DESIGN_GEOMETRIC_PRESENTATION_REPRESENTATION (  '', ( #5450 ), #10851 ) ;
#9904 = LENGTH_MEASURE_WITH_UNIT ( LENGTH_MEASURE( 0.02539999999999999897 ), #281 );
#9905 = ORIENTED_EDGE ( 'NONE', *, *, #11324, .T. ) ;
#9906 = PRESENTATION_STYLE_ASSIGNMENT (( #10921 ) ) ;
#9907 = COLOUR_RGB ( '',0.7607843137254901578, 0.7607843137254901578, 0.0000000000000000000 ) ;
#9908 = LINE ( 'NONE', #10689, #5507 ) ;
#9909 = EDGE_CURVE ( 'NONE', #23, #8852, #5135, .T. ) ;
#9910 = VECTOR ( 'NONE', #11462, 39.37007874015748143 ) ;
#9911 = PLANE ( 'NONE',  #3483 ) ;
#9912 = MECHANICAL_DESIGN_GEOMETRIC_PRESENTATION_REPRESENTATION (  '', ( #10894 ), #315 ) ;
#9913 = UNCERTAINTY_MEASURE_WITH_UNIT (LENGTH_MEASURE( 1.000000000000000082E-05 ), #3739, 'distance_accuracy_value', 'NONE');
#9914 = DIRECTION ( 'NONE',  ( -1.817990202823693835E-15, 0.0000000000000000000, 1.000000000000000000 ) ) ;
#9915 =( GEOMETRIC_REPRESENTATION_CONTEXT ( 3 ) GLOBAL_UNCERTAINTY_ASSIGNED_CONTEXT ( ( #8143 ) ) GLOBAL_UNIT_ASSIGNED_CONTEXT ( ( #1954, #267, #2770 ) ) REPRESENTATION_CONTEXT ( 'NONE', 'WORKASPACE' ) );
#9916 = DIRECTION ( 'NONE',  ( -1.817990202823693835E-15, 0.0000000000000000000, 1.000000000000000000 ) ) ;
#9917 =( LENGTH_UNIT ( ) NAMED_UNIT ( * ) SI_UNIT ( $, .METRE. ) );
#9918 = LINE ( 'NONE', #10867, #7046 ) ;
#9919 = FACE_OUTER_BOUND ( 'NONE', #5756, .T. ) ;
#9920 =( GEOMETRIC_REPRESENTATION_CONTEXT ( 3 ) GLOBAL_UNCERTAINTY_ASSIGNED_CONTEXT ( ( #7925 ) ) GLOBAL_UNIT_ASSIGNED_CONTEXT ( ( #313, #7376, #6563 ) ) REPRESENTATION_CONTEXT ( 'NONE', 'WORKASPACE' ) );
#9921 = LENGTH_MEASURE_WITH_UNIT ( LENGTH_MEASURE( 0.02539999999999999897 ), #7359 );
#9922 = ORIENTED_EDGE ( 'NONE', *, *, #1087, .T. ) ;
#9923 = PRESENTATION_LAYER_ASSIGNMENT (  '', '', ( #7312 ) ) ;
#9924 = FILL_AREA_STYLE ('',( #3776 ) ) ;
#9925 = VECTOR ( 'NONE', #9870, 39.37007874015748143 ) ;
#9926 = CARTESIAN_POINT ( 'NONE',  ( 0.2660249164800739807, 0.08464566929133782169, -0.3393149606299237231 ) ) ;
#9927 = DIRECTION ( 'NONE',  ( 0.8849182223819943571, 0.4657464328325994773, 1.608772658590624482E-15 ) ) ;
#9928 = DIMENSIONAL_EXPONENTS ( 1.000000000000000000, 0.0000000000000000000, 0.0000000000000000000, 0.0000000000000000000, 0.0000000000000000000, 0.0000000000000000000, 0.0000000000000000000 ) ;
#9929 = PRESENTATION_LAYER_ASSIGNMENT (  '', '', ( #5321 ) ) ;
#9930 =( CONVERSION_BASED_UNIT ( 'INCH', #932 ) LENGTH_UNIT ( ) NAMED_UNIT ( #7632 ) );
#9931 =( GEOMETRIC_REPRESENTATION_CONTEXT ( 3 ) GLOBAL_UNCERTAINTY_ASSIGNED_CONTEXT ( ( #6437 ) ) GLOBAL_UNIT_ASSIGNED_CONTEXT ( ( #4739, #6583, #8258 ) ) REPRESENTATION_CONTEXT ( 'NONE', 'WORKASPACE' ) );
#9932 = FACE_OUTER_BOUND ( 'NONE', #2126, .T. ) ;
#9933 = CARTESIAN_POINT ( 'NONE',  ( 0.5442913385826713135, 0.06614173228346426070, -0.02618110236220666173 ) ) ;
#9934 =( GEOMETRIC_REPRESENTATION_CONTEXT ( 3 ) GLOBAL_UNCERTAINTY_ASSIGNED_CONTEXT ( ( #9459 ) ) GLOBAL_UNIT_ASSIGNED_CONTEXT ( ( #5376, #3707, #5601 ) ) REPRESENTATION_CONTEXT ( 'NONE', 'WORKASPACE' ) );
#9935 = VECTOR ( 'NONE', #753, 39.37007874015748143 ) ;
#9936 = DIRECTION ( 'NONE',  ( -1.644517855225997348E-15, 1.000000000000000000, -2.970554346222872930E-30 ) ) ;
#9937 = ORIENTED_EDGE ( 'NONE', *, *, #7743, .T. ) ;
#9938 =( LENGTH_UNIT ( ) NAMED_UNIT ( * ) SI_UNIT ( $, .METRE. ) );
#9939 = ORIENTED_EDGE ( 'NONE', *, *, #350, .T. ) ;
#9940 = MECHANICAL_DESIGN_GEOMETRIC_PRESENTATION_REPRESENTATION (  '', ( #2532 ), #5853 ) ;
#9941 = VECTOR ( 'NONE', #1946, 39.37007874015748143 ) ;
#9942 = ORIENTED_EDGE ( 'NONE', *, *, #4590, .T. ) ;
#9943 = DIRECTION ( 'NONE',  ( 1.817990202823693835E-15, 0.0000000000000000000, -1.000000000000000000 ) ) ;
#9944 =( GEOMETRIC_REPRESENTATION_CONTEXT ( 3 ) GLOBAL_UNCERTAINTY_ASSIGNED_CONTEXT ( ( #5963 ) ) GLOBAL_UNIT_ASSIGNED_CONTEXT ( ( #2350, #4828, #3162 ) ) REPRESENTATION_CONTEXT ( 'NONE', 'WORKASPACE' ) );
#9945 = ORIENTED_EDGE ( 'NONE', *, *, #4451, .T. ) ;
#9946 = DIMENSIONAL_EXPONENTS ( 1.000000000000000000, 0.0000000000000000000, 0.0000000000000000000, 0.0000000000000000000, 0.0000000000000000000, 0.0000000000000000000, 0.0000000000000000000 ) ;
#9947 = CARTESIAN_POINT ( 'NONE',  ( 0.4058070866141674782, 0.1240157480314955235, -0.05492125984252187870 ) ) ;
#9948 = AXIS2_PLACEMENT_3D ( 'NONE', #7973, #3583, #1678 ) ;
#9949 =( LENGTH_UNIT ( ) NAMED_UNIT ( * ) SI_UNIT ( $, .METRE. ) );
#9950 = DIRECTION ( 'NONE',  ( 1.817990202823693835E-15, 0.0000000000000000000, -1.000000000000000000 ) ) ;
#9951 = DIRECTION ( 'NONE',  ( 0.5643446851342062143, 0.8255392639728129645, 7.228014483236692611E-16 ) ) ;
#9952 = ORIENTED_EDGE ( 'NONE', *, *, #517, .T. ) ;
#9953 = EDGE_CURVE ( 'NONE', #10226, #6708, #3567, .T. ) ;
#9954 = PRESENTATION_LAYER_ASSIGNMENT (  '', '', ( #318 ) ) ;
#9955 = ORIENTED_EDGE ( 'NONE', *, *, #3719, .F. ) ;
#9956 = EDGE_CURVE ( 'NONE', #6558, #7329, #8901, .T. ) ;
#9957 = FILL_AREA_STYLE ('',( #1017 ) ) ;
#9958 = VERTEX_POINT ( 'NONE', #779 ) ;
#9959 = VECTOR ( 'NONE', #2954, 39.37007874015748143 ) ;
#9960 =( GEOMETRIC_REPRESENTATION_CONTEXT ( 3 ) GLOBAL_UNCERTAINTY_ASSIGNED_CONTEXT ( ( #2734 ) ) GLOBAL_UNIT_ASSIGNED_CONTEXT ( ( #4053, #10145, #8374 ) ) REPRESENTATION_CONTEXT ( 'NONE', 'WORKASPACE' ) );
#9961 = VECTOR ( 'NONE', #1300, 39.37007874015748854 ) ;
#9962 = ORIENTED_EDGE ( 'NONE', *, *, #4986, .F. ) ;
#9963 = DIRECTION ( 'NONE',  ( 0.3630301527215994972, 0.9317773919853026277, 6.599852609774574981E-16 ) ) ;
#9964 = FILL_AREA_STYLE_COLOUR ( '', #4077 ) ;
#9965 =( NAMED_UNIT ( * ) PLANE_ANGLE_UNIT ( ) SI_UNIT ( $, .RADIAN. ) );
#9966 = SURFACE_STYLE_FILL_AREA ( #7338 ) ;
#9967 = FILL_AREA_STYLE ('',( #1141 ) ) ;
#9968 = CARTESIAN_POINT ( 'NONE',  ( 0.4058070866141681443, 0.1240157480314955235, -0.2049212598425218801 ) ) ;
#9969 = ORIENTED_EDGE ( 'NONE', *, *, #2153, .T. ) ;
#9970 = ADVANCED_FACE ( 'NONE', ( #10603 ), #4439, .T. ) ;
#9971 = CARTESIAN_POINT ( 'NONE',  ( 0.5442913385826719797, 0.06614173228346426070, -0.1604330708661436400 ) ) ;
#9972 = CARTESIAN_POINT ( 'NONE',  ( 0.5067913519291875613, 0.08893342700064806039, -0.1261811023622067540 ) ) ;
#9973 = EDGE_CURVE ( 'NONE', #597, #1869, #7956, .T. ) ;
#9974 = AXIS2_PLACEMENT_3D ( 'NONE', #2619, #8866, #9739 ) ;
#9975 = DIRECTION ( 'NONE',  ( 1.817990202823693835E-15, 0.0000000000000000000, -1.000000000000000000 ) ) ;
#9976 = DIRECTION ( 'NONE',  ( 2.891205793294679411E-15, -1.000000000000000000, 0.0000000000000000000 ) ) ;
#9977 = SURFACE_STYLE_FILL_AREA ( #3834 ) ;
#9978 = SURFACE_STYLE_USAGE ( .BOTH. , #5444 ) ;
#9979 = EDGE_CURVE ( 'NONE', #11452, #538, #4499, .T. ) ;
#9980 = SURFACE_STYLE_USAGE ( .BOTH. , #2968 ) ;
#9981 = ORIENTED_EDGE ( 'NONE', *, *, #5895, .T. ) ;
#9982 =( GEOMETRIC_REPRESENTATION_CONTEXT ( 3 ) GLOBAL_UNCERTAINTY_ASSIGNED_CONTEXT ( ( #11423 ) ) GLOBAL_UNIT_ASSIGNED_CONTEXT ( ( #9896, #1966, #3875 ) ) REPRESENTATION_CONTEXT ( 'NONE', 'WORKASPACE' ) );
#9983 = FACE_OUTER_BOUND ( 'NONE', #255, .T. ) ;
#9984 = DIRECTION ( 'NONE',  ( -0.8849182223819958004, 0.4657464328325965908, -1.608772658590627243E-15 ) ) ;
#9985 = LENGTH_MEASURE_WITH_UNIT ( LENGTH_MEASURE( 0.02539999999999999897 ), #4764 );
#9986 =( CONVERSION_BASED_UNIT ( 'INCH', #412 ) LENGTH_UNIT ( ) NAMED_UNIT ( #11357 ) );
#9987 = SURFACE_SIDE_STYLE ('',( #5627 ) ) ;
#9988 = CARTESIAN_POINT ( 'NONE',  ( 0.3809055118110175608, 0.1417322834645663443, -0.3242125984252005044 ) ) ;
#9989 = ORIENTED_EDGE ( 'NONE', *, *, #8166, .F. ) ;
#9990 =( NAMED_UNIT ( * ) SI_UNIT ( $, .STERADIAN. ) SOLID_ANGLE_UNIT ( ) );
#9991 = DIRECTION ( 'NONE',  ( 1.000000000000000000, 1.644517855225996559E-15, 1.817990202823693835E-15 ) ) ;
#9992 = ORIENTED_EDGE ( 'NONE', *, *, #4508, .F. ) ;
#9993 = DIRECTION ( 'NONE',  ( -0.5643446851342082127, 0.8255392639728115212, 0.0000000000000000000 ) ) ;
#9994 = EDGE_LOOP ( 'NONE', ( #1623, #7614, #11094, #11249, #400, #3794 ) ) ;
#9995 = ORIENTED_EDGE ( 'NONE', *, *, #256, .T. ) ;
#9996 = COLOUR_RGB ( '',1.000000000000000000, 1.000000000000000000, 1.000000000000000000 ) ;
#9997 = FACE_OUTER_BOUND ( 'NONE', #7765, .T. ) ;
#9998 = PLANE ( 'NONE',  #1089 ) ;
#9999 = CARTESIAN_POINT ( 'NONE',  ( 0.2421027395222944967, 0.06614173228346377498, -0.2761811023622073313 ) ) ;
#10000 = FACE_OUTER_BOUND ( 'NONE', #4864, .T. ) ;
#10001 = PRESENTATION_STYLE_ASSIGNMENT (( #8131 ) ) ;
#10002 = FILL_AREA_STYLE ('',( #3352 ) ) ;
#10003 = PRESENTATION_STYLE_ASSIGNMENT (( #3806 ) ) ;
#10004 = ORIENTED_EDGE ( 'NONE', *, *, #3641, .T. ) ;
#10005 = VECTOR ( 'NONE', #3229, 39.37007874015748143 ) ;
#10006 = ORIENTED_EDGE ( 'NONE', *, *, #5495, .F. ) ;
#10007 =( NAMED_UNIT ( * ) PLANE_ANGLE_UNIT ( ) SI_UNIT ( $, .RADIAN. ) );
#10008 = ORIENTED_EDGE ( 'NONE', *, *, #7089, .F. ) ;
#10009 = SURFACE_STYLE_FILL_AREA ( #5651 ) ;
#10010 =( CONVERSION_BASED_UNIT ( 'INCH', #9089 ) LENGTH_UNIT ( ) NAMED_UNIT ( #5697 ) );
#10011 = EDGE_CURVE ( 'NONE', #8586, #8291, #9714, .T. ) ;
#10012 = AXIS2_PLACEMENT_3D ( 'NONE', #10941, #8230, #1113 ) ;
#10013 = ORIENTED_EDGE ( 'NONE', *, *, #9164, .T. ) ;
#10014 = CARTESIAN_POINT ( 'NONE',  ( 0.2421027395222942469, 0.06614173228346377498, -0.2261811023622072869 ) ) ;
#10015 =( NAMED_UNIT ( * ) SI_UNIT ( $, .STERADIAN. ) SOLID_ANGLE_UNIT ( ) );
#10016 = FILL_AREA_STYLE_COLOUR ( '', #5683 ) ;
#10017 =( CONVERSION_BASED_UNIT ( 'INCH', #6367 ) LENGTH_UNIT ( ) NAMED_UNIT ( #3342 ) );
#10018 = EDGE_CURVE ( 'NONE', #7040, #947, #11349, .T. ) ;
#10019 = ADVANCED_FACE ( 'NONE', ( #8663 ), #3393, .F. ) ;
#10020 = CARTESIAN_POINT ( 'NONE',  ( 0.4058070866141683664, 0.1279527559055112784, -0.2539370078740179615 ) ) ;
#10021 = ORIENTED_EDGE ( 'NONE', *, *, #6610, .F. ) ;
#10022 = ADVANCED_FACE ( 'NONE', ( #10000 ), #7143, .T. ) ;
#10023 = DIMENSIONAL_EXPONENTS ( 1.000000000000000000, 0.0000000000000000000, 0.0000000000000000000, 0.0000000000000000000, 0.0000000000000000000, 0.0000000000000000000, 0.0000000000000000000 ) ;
#10024 = CARTESIAN_POINT ( 'NONE',  ( 0.4432086614173171291, 0.1476377952755900669, -0.08759842519685250017 ) ) ;
#10025 = VECTOR ( 'NONE', #4124, 39.37007874015748854 ) ;
#10026 = PLANE ( 'NONE',  #1631 ) ;
#10027 = ORIENTED_EDGE ( 'NONE', *, *, #10991, .T. ) ;
#10028 = FILL_AREA_STYLE ('',( #3889 ) ) ;
#10029 = ADVANCED_FACE ( 'NONE', ( #1070 ), #2987, .T. ) ;
#10030 = UNCERTAINTY_MEASURE_WITH_UNIT (LENGTH_MEASURE( 1.000000000000000082E-05 ), #2944, 'distance_accuracy_value', 'NONE');
#10031 = CARTESIAN_POINT ( 'NONE',  ( 0.3821850393700734760, 0.1448818897637632053, -0.1553149606299235042 ) ) ;
#10032 = CARTESIAN_POINT ( 'NONE',  ( 0.4432086614173180172, 0.1476377952755900669, -0.2875984251968525252 ) ) ;
#10033 =( LENGTH_UNIT ( ) NAMED_UNIT ( * ) SI_UNIT ( $, .METRE. ) );
#10034 = ADVANCED_FACE ( 'NONE', ( #327 ), #4615, .F. ) ;
#10035 = VECTOR ( 'NONE', #1570, 39.37007874015748143 ) ;
#10036 = CARTESIAN_POINT ( 'NONE',  ( 0.2746062992125924418, 0.09645669291338507256, 0.02972440944881646341 ) ) ;
#10037 = PRESENTATION_LAYER_ASSIGNMENT (  '', '', ( #3544 ) ) ;
#10038 = FACE_OUTER_BOUND ( 'NONE', #3324, .T. ) ;
#10039 = VERTEX_POINT ( 'NONE', #4138 ) ;
#10040 =( NAMED_UNIT ( * ) PLANE_ANGLE_UNIT ( ) SI_UNIT ( $, .RADIAN. ) );
#10041 = MECHANICAL_DESIGN_GEOMETRIC_PRESENTATION_REPRESENTATION (  '', ( #8540 ), #11136 ) ;
#10043 = PRESENTATION_STYLE_ASSIGNMENT (( #11042 ) ) ;
#10042 = STYLED_ITEM ( 'NONE', ( #6600 ), #8244 ) ;
#10044 = LINE ( 'NONE', #4809, #11461 ) ;
#10045 = MECHANICAL_DESIGN_GEOMETRIC_PRESENTATION_REPRESENTATION (  '', ( #6884 ), #6341 ) ;
#10046 = EDGE_CURVE ( 'NONE', #6523, #6589, #1776, .T. ) ;
#10047 = FILL_AREA_STYLE_COLOUR ( '', #1159 ) ;
#10048 = ADVANCED_FACE ( 'NONE', ( #5926 ), #4883, .T. ) ;
#10049 = DIRECTION ( 'NONE',  ( 0.8789799039125325564, -0.4626210020592155248, 0.1156552505148055882 ) ) ;
#10050 = VERTEX_POINT ( 'NONE', #7435 ) ;
#10051 = SURFACE_SIDE_STYLE ('',( #8286 ) ) ;
#10052 = VERTEX_POINT ( 'NONE', #11005 ) ;
#10053 = CARTESIAN_POINT ( 'NONE',  ( 0.5197082840997430120, 0.07204724409448784450, -0.2261811023622067873 ) ) ;
#10054 = ORIENTED_EDGE ( 'NONE', *, *, #8952, .T. ) ;
#10055 = VERTEX_POINT ( 'NONE', #9249 ) ;
#10056 = CARTESIAN_POINT ( 'NONE',  ( 0.5174299185258768308, 0.06162777273582249055, -0.1986220472440964613 ) ) ;
#10057 = MECHANICAL_DESIGN_GEOMETRIC_PRESENTATION_REPRESENTATION (  '', ( #2845 ), #3388 ) ;
#10058 = CARTESIAN_POINT ( 'NONE',  ( 0.2476053619159075403, 0.06990336523983385619, -0.01043307086614417636 ) ) ;
#10059 = LENGTH_MEASURE_WITH_UNIT ( LENGTH_MEASURE( 0.02539999999999999897 ), #2879 );
#10060 = CARTESIAN_POINT ( 'NONE',  ( 0.4872047244094440122, 0.08937007874015708009, -0.2761811023622068317 ) ) ;
#10061 =( LENGTH_UNIT ( ) NAMED_UNIT ( * ) SI_UNIT ( $, .METRE. ) );
#10062 = SURFACE_SIDE_STYLE ('',( #6355 ) ) ;
#10063 = VERTEX_POINT ( 'NONE', #4958 ) ;
#10064 = COLOUR_RGB ( '',0.7607843137254901578, 0.7607843137254901578, 0.0000000000000000000 ) ;
#10065 = VERTEX_POINT ( 'NONE', #370 ) ;
#10066 = FILL_AREA_STYLE ('',( #10961 ) ) ;
#10067 = ORIENTED_EDGE ( 'NONE', *, *, #4918, .F. ) ;
#10068 = LENGTH_MEASURE_WITH_UNIT ( LENGTH_MEASURE( 0.02539999999999999897 ), #3225 );
#10069 = AXIS2_PLACEMENT_3D ( 'NONE', #3915, #8298, #10182 ) ;
#10070 = CARTESIAN_POINT ( 'NONE',  ( 0.2175196850393642523, 0.06614173228346371947, -0.03799212598425452669 ) ) ;
#10071 = SURFACE_STYLE_USAGE ( .BOTH. , #7395 ) ;
#10072 = LENGTH_MEASURE_WITH_UNIT ( LENGTH_MEASURE( 0.02539999999999999897 ), #9260 );
#10073 = AXIS2_PLACEMENT_3D ( 'NONE', #3351, #1386, #8680 ) ;
#10074 = DIRECTION ( 'NONE',  ( 1.000000000000000000, 1.644517855225996559E-15, 1.817990202823693835E-15 ) ) ;
#10075 = LINE ( 'NONE', #8310, #7163 ) ;
#10076 =( LENGTH_UNIT ( ) NAMED_UNIT ( * ) SI_UNIT ( $, .METRE. ) );
#10077 = DIRECTION ( 'NONE',  ( 1.000000000000000000, 1.644517855225996559E-15, 1.817990202823693835E-15 ) ) ;
#10078 = ORIENTED_EDGE ( 'NONE', *, *, #8114, .T. ) ;
#10079 =( NAMED_UNIT ( * ) PLANE_ANGLE_UNIT ( ) SI_UNIT ( $, .RADIAN. ) );
#10080 = DIMENSIONAL_EXPONENTS ( 1.000000000000000000, 0.0000000000000000000, 0.0000000000000000000, 0.0000000000000000000, 0.0000000000000000000, 0.0000000000000000000, 0.0000000000000000000 ) ;
#10081 = ORIENTED_EDGE ( 'NONE', *, *, #5412, .T. ) ;
#10082 =( GEOMETRIC_REPRESENTATION_CONTEXT ( 3 ) GLOBAL_UNCERTAINTY_ASSIGNED_CONTEXT ( ( #7606 ) ) GLOBAL_UNIT_ASSIGNED_CONTEXT ( ( #8158, #6489, #1206 ) ) REPRESENTATION_CONTEXT ( 'NONE', 'WORKASPACE' ) );
#10083 = SURFACE_SIDE_STYLE ('',( #6372 ) ) ;
#10084 = CARTESIAN_POINT ( 'NONE',  ( 0.4576771653543247331, 0.1358267716535428715, 0.01496062992125773289 ) ) ;
#10085 = DIRECTION ( 'NONE',  ( -1.644517855225997348E-15, 1.000000000000000000, -2.989717349169496850E-30 ) ) ;
#10086 = SURFACE_STYLE_FILL_AREA ( #6545 ) ;
#10087 = FILL_AREA_STYLE_COLOUR ( '', #10064 ) ;
#10088 = LINE ( 'NONE', #11143, #5392 ) ;
#10089 = VECTOR ( 'NONE', #9561, 39.37007874015748143 ) ;
#10090 =( LENGTH_UNIT ( ) NAMED_UNIT ( * ) SI_UNIT ( $, .METRE. ) );
#10091 = VERTEX_POINT ( 'NONE', #7498 ) ;
#10092 = EDGE_CURVE ( 'NONE', #8268, #5841, #5806, .T. ) ;
#10093 = CARTESIAN_POINT ( 'NONE',  ( 0.3821850393700729764, 0.1240157480314797583, -0.05649606299212825422 ) ) ;
#10094 = AXIS2_PLACEMENT_3D ( 'NONE', #2959, #10201, #2247 ) ;
#10095 = ADVANCED_FACE ( 'NONE', ( #10121 ), #4826, .T. ) ;
#10096 = DIMENSIONAL_EXPONENTS ( 1.000000000000000000, 0.0000000000000000000, 0.0000000000000000000, 0.0000000000000000000, 0.0000000000000000000, 0.0000000000000000000, 0.0000000000000000000 ) ;
#10097 = ADVANCED_FACE ( 'NONE', ( #10298 ), #3974, .F. ) ;
#10098 = DIRECTION ( 'NONE',  ( -1.817990202823693835E-15, 0.0000000000000000000, 1.000000000000000000 ) ) ;
#10099 = SURFACE_SIDE_STYLE ('',( #6449 ) ) ;
#10100 = DIRECTION ( 'NONE',  ( 1.644517855225997348E-15, -1.000000000000000000, 2.970554346222872930E-30 ) ) ;
#10101 = CARTESIAN_POINT ( 'NONE',  ( 0.2175196850393642245, 0.05905511811023538005, -0.01043307086614424402 ) ) ;
#10102 = VECTOR ( 'NONE', #24, 39.37007874015748143 ) ;
#10103 = CARTESIAN_POINT ( 'NONE',  ( 0.3186023622047193804, 0.1476377952755898726, -0.2375984251968527028 ) ) ;
#10104 = ORIENTED_EDGE ( 'NONE', *, *, #9324, .F. ) ;
#10105 = VECTOR ( 'NONE', #10752, 39.37007874015748143 ) ;
#10106 = DIRECTION ( 'NONE',  ( 1.644517855225997348E-15, -1.000000000000000000, 2.970554346222872930E-30 ) ) ;
#10107 = SURFACE_STYLE_USAGE ( .BOTH. , #4874 ) ;
#10108 = AXIS2_PLACEMENT_3D ( 'NONE', #1936, #7370, #2865 ) ;
#10109 = ORIENTED_EDGE ( 'NONE', *, *, #7939, .T. ) ;
#10110 = ADVANCED_FACE ( 'NONE', ( #4370 ), #8832, .F. ) ;
#10111 = CARTESIAN_POINT ( 'NONE',  ( 0.5442913385826717576, 0.05905511811023591434, -0.1104330708661436372 ) ) ;
#10112 = EDGE_LOOP ( 'NONE', ( #4676, #6973, #7756, #4505 ) ) ;
#10113 = ADVANCED_FACE ( 'NONE', ( #9702 ), #3551, .F. ) ;
#10114 = AXIS2_PLACEMENT_3D ( 'NONE', #11126, #6704, #10246 ) ;
#10115 = AXIS2_PLACEMENT_3D ( 'NONE', #5154, #6885, #7920 ) ;
#10116 = DIRECTION ( 'NONE',  ( 0.3630301527215994972, 0.9317773919853026277, 6.599852609774574981E-16 ) ) ;
#10117 = VECTOR ( 'NONE', #4412, 39.37007874015748143 ) ;
#10118 = LINE ( 'NONE', #10058, #1652 ) ;
#10119 = FILL_AREA_STYLE_COLOUR ( '', #664 ) ;
#10120 = PLANE ( 'NONE',  #1302 ) ;
#10121 = FACE_OUTER_BOUND ( 'NONE', #8285, .T. ) ;
#10122 = CARTESIAN_POINT ( 'NONE',  ( 0.5142056617061290247, 0.06990336523983428640, -0.2604330708661437566 ) ) ;
#10123 = SURFACE_STYLE_FILL_AREA ( #6573 ) ;
#10124 = COLOUR_RGB ( '',1.000000000000000000, 1.000000000000000000, 1.000000000000000000 ) ;
#10125 = LENGTH_MEASURE_WITH_UNIT ( LENGTH_MEASURE( 0.02539999999999999897 ), #9366 );
#10126 = ORIENTED_EDGE ( 'NONE', *, *, #3424, .F. ) ;
#10127 = ADVANCED_FACE ( 'NONE', ( #10766 ), #5521, .T. ) ;
#10128 = ORIENTED_EDGE ( 'NONE', *, *, #6, .F. ) ;
#10130 = DIRECTION ( 'NONE',  ( 1.817990202823693835E-15, 0.0000000000000000000, -1.000000000000000000 ) ) ;
#10129 = AXIS2_PLACEMENT_3D ( 'NONE', #10914, #10791, #8024 ) ;
#10131 = ORIENTED_EDGE ( 'NONE', *, *, #5982, .T. ) ;
#10132 = MECHANICAL_DESIGN_GEOMETRIC_PRESENTATION_REPRESENTATION (  '', ( #4201 ), #2160 ) ;
#10133 = SURFACE_SIDE_STYLE ('',( #11013 ) ) ;
#10134 = CARTESIAN_POINT ( 'NONE',  ( 0.2616228185651915950, 0.08636077237506183113, -0.1761811023622072148 ) ) ;
#10135 = DIRECTION ( 'NONE',  ( 0.0000000000000000000, -1.000000000000000000, 0.0000000000000000000 ) ) ;
#10136 = SURFACE_SIDE_STYLE ('',( #5887 ) ) ;
#10137 = DIRECTION ( 'NONE',  ( 1.817990202823693835E-15, 0.0000000000000000000, -1.000000000000000000 ) ) ;
#10138 = CARTESIAN_POINT ( 'NONE',  ( 0.2509842519684985507, 0.05905511811023543556, -0.1379921259842544767 ) ) ;
#10139 =( GEOMETRIC_REPRESENTATION_CONTEXT ( 3 ) GLOBAL_UNCERTAINTY_ASSIGNED_CONTEXT ( ( #8157 ) ) GLOBAL_UNIT_ASSIGNED_CONTEXT ( ( #1859, #5262, #10568 ) ) REPRESENTATION_CONTEXT ( 'NONE', 'WORKASPACE' ) );
#10140 = CARTESIAN_POINT ( 'NONE',  ( 0.3809055118110185045, 0.1476377952755899559, -0.2375984251968526473 ) ) ;
#10141 = ORIENTED_EDGE ( 'NONE', *, *, #1099, .F. ) ;
#10142 = DIRECTION ( 'NONE',  ( 0.0000000000000000000, 0.0000000000000000000, 1.000000000000000000 ) ) ;
#10143 =( NAMED_UNIT ( * ) PLANE_ANGLE_UNIT ( ) SI_UNIT ( $, .RADIAN. ) );
#10144 = VECTOR ( 'NONE', #9098, 39.37007874015748143 ) ;
#10145 =( NAMED_UNIT ( * ) PLANE_ANGLE_UNIT ( ) SI_UNIT ( $, .RADIAN. ) );
#10146 = ORIENTED_EDGE ( 'NONE', *, *, #1288, .F. ) ;
#10147 = AXIS2_PLACEMENT_3D ( 'NONE', #11174, #4141, #4041 ) ;
#10148 =( NAMED_UNIT ( * ) PLANE_ANGLE_UNIT ( ) SI_UNIT ( $, .RADIAN. ) );
#10149 = UNCERTAINTY_MEASURE_WITH_UNIT (LENGTH_MEASURE( 1.000000000000000082E-05 ), #4752, 'distance_accuracy_value', 'NONE');
#10150 = LINE ( 'NONE', #10806, #2453 ) ;
#10151 = DIRECTION ( 'NONE',  ( -3.421105991089600105E-14, 1.000000000000000000, -6.217620874327673957E-29 ) ) ;
#10152 = FACE_OUTER_BOUND ( 'NONE', #2047, .T. ) ;
#10153 = CARTESIAN_POINT ( 'NONE',  ( 0.2660249164800728705, 0.09645669291338505869, -0.02618110236220720990 ) ) ;
#10154 = EDGE_LOOP ( 'NONE', ( #5604, #11079, #2778, #2774, #7251 ) ) ;
#10155 = LENGTH_MEASURE_WITH_UNIT ( LENGTH_MEASURE( 0.02539999999999999897 ), #6607 );
#10156 = PLANE ( 'NONE',  #9531 ) ;
#10157 = ORIENTED_EDGE ( 'NONE', *, *, #10411, .F. ) ;
#10158 = CARTESIAN_POINT ( 'NONE',  ( 0.3560039370078684762, 0.1240157480314954541, -0.1049212598425219578 ) ) ;
#10159 = SURFACE_STYLE_USAGE ( .BOTH. , #195 ) ;
#10160 = DIRECTION ( 'NONE',  ( -1.817990202823693835E-15, 0.0000000000000000000, 1.000000000000000000 ) ) ;
#10161 = DIMENSIONAL_EXPONENTS ( 1.000000000000000000, 0.0000000000000000000, 0.0000000000000000000, 0.0000000000000000000, 0.0000000000000000000, 0.0000000000000000000, 0.0000000000000000000 ) ;
#10162 = VECTOR ( 'NONE', #11028, 39.37007874015748143 ) ;
#10163 = ADVANCED_FACE ( 'NONE', ( #3677 ), #202, .T. ) ;
#10164 = FILL_AREA_STYLE_COLOUR ( '', #9641 ) ;
#10165 = CARTESIAN_POINT ( 'NONE',  ( 0.4058070866141672561, 0.1448818897637632330, -0.03129921259842740472 ) ) ;
#10166 = ORIENTED_EDGE ( 'NONE', *, *, #11251, .T. ) ;
#10167 = EDGE_CURVE ( 'NONE', #670, #9809, #8888, .T. ) ;
#10168 = ADVANCED_FACE ( 'NONE', ( #3848 ), #2802, .T. ) ;
#10169 = DIRECTION ( 'NONE',  ( -0.3630301527215995527, -0.9317773919853026277, -6.599852609774574981E-16 ) ) ;
#10170 = DIRECTION ( 'NONE',  ( -1.817990202823693835E-15, 0.0000000000000000000, 1.000000000000000000 ) ) ;
#10171 = ORIENTED_EDGE ( 'NONE', *, *, #1219, .F. ) ;
#10172 = AXIS2_PLACEMENT_3D ( 'NONE', #212, #8958, #4777 ) ;
#10173 =( LENGTH_UNIT ( ) NAMED_UNIT ( * ) SI_UNIT ( $, .METRE. ) );
#10174 = ORIENTED_EDGE ( 'NONE', *, *, #3577, .T. ) ;
#10175 = LINE ( 'NONE', #2218, #7978 ) ;
#10176 = CARTESIAN_POINT ( 'NONE',  ( 0.4957861071419632504, 0.09645669291338543339, -0.1761811023622067984 ) ) ;
#10177 = UNCERTAINTY_MEASURE_WITH_UNIT (LENGTH_MEASURE( 1.000000000000000082E-05 ), #7572, 'distance_accuracy_value', 'NONE');
#10178 = EDGE_CURVE ( 'NONE', #7040, #8309, #4659, .T. ) ;
#10179 = FILL_AREA_STYLE_COLOUR ( '', #6524 ) ;
#10180 = DIMENSIONAL_EXPONENTS ( 1.000000000000000000, 0.0000000000000000000, 0.0000000000000000000, 0.0000000000000000000, 0.0000000000000000000, 0.0000000000000000000, 0.0000000000000000000 ) ;
#10181 = ORIENTED_EDGE ( 'NONE', *, *, #3302, .F. ) ;
#10182 = DIRECTION ( 'NONE',  ( 0.3630301527216025503, -0.9317773919853011844, 6.599852609774626257E-16 ) ) ;
#10183 = EDGE_CURVE ( 'NONE', #193, #11067, #1600, .T. ) ;
#10184 = FILL_AREA_STYLE_COLOUR ( '', #9566 ) ;
#10185 = CARTESIAN_POINT ( 'NONE',  ( 0.3560039370078684762, 0.1240157480314954541, -0.1049212598425219578 ) ) ;
#10186 = ORIENTED_EDGE ( 'NONE', *, *, #6119, .F. ) ;
#10187 = ORIENTED_EDGE ( 'NONE', *, *, #10460, .T. ) ;
#10188 = CIRCLE ( 'NONE', #10951, 0.01299212598425197526 ) ;
#10189 =( NAMED_UNIT ( * ) SI_UNIT ( $, .STERADIAN. ) SOLID_ANGLE_UNIT ( ) );
#10190 = ORIENTED_EDGE ( 'NONE', *, *, #5571, .T. ) ;
#10191 = CARTESIAN_POINT ( 'NONE',  ( 0.5442913385826713135, 0.06259842519685009099, -0.01830708661417514496 ) ) ;
#10192 = CARTESIAN_POINT ( 'NONE',  ( 0.4805418239949946213, 0.09291338582677124980, -0.1104330708661437760 ) ) ;
#10193 = ADVANCED_FACE ( 'NONE', ( #5457 ), #9007, .T. ) ;
#10194 = DIRECTION ( 'NONE',  ( 1.644517855225997348E-15, -1.000000000000000000, 2.970554346222872930E-30 ) ) ;
#10195 = CARTESIAN_POINT ( 'NONE',  ( 0.4806322371468050858, 0.08937007874015706621, -0.3156716072255708050 ) ) ;
#10196 = SURFACE_STYLE_USAGE ( .BOTH. , #498 ) ;
#10197 = CARTESIAN_POINT ( 'NONE',  ( 0.2660249164800736477, 0.08464566929133782169, -0.2104330708661442395 ) ) ;
#10198 = CARTESIAN_POINT ( 'NONE',  ( 0.2175196850393648351, 0.06614173228346371947, -0.1604330708661442506 ) ) ;
#10199 = CARTESIAN_POINT ( 'NONE',  ( 0.3821850393700734760, 0.1240157480314797583, -0.1553149606299235042 ) ) ;
#10200 = ORIENTED_EDGE ( 'NONE', *, *, #2043, .T. ) ;
#10201 = DIRECTION ( 'NONE',  ( -1.817990202823693835E-15, 0.0000000000000000000, 1.000000000000000000 ) ) ;
#10202 = ORIENTED_EDGE ( 'NONE', *, *, #4592, .F. ) ;
#10203 = CYLINDRICAL_SURFACE ( 'NONE', #5329, 0.01181102362204724046 ) ;
#10204 = DIRECTION ( 'NONE',  ( 1.000000000000000000, 1.644517855225996559E-15, 1.817990202823693835E-15 ) ) ;
#10205 = CARTESIAN_POINT ( 'NONE',  ( 0.4058070866141681443, 0.1240157480314955235, -0.2049212598425218801 ) ) ;
#10206 = DIRECTION ( 'NONE',  ( 1.000000000000000000, 1.644517855225996559E-15, 1.817990202823693835E-15 ) ) ;
#10207 = EDGE_LOOP ( 'NONE', ( #8306, #2897, #2128, #6368 ) ) ;
#10208 = VECTOR ( 'NONE', #6952, 39.37007874015748143 ) ;
#10209 = CARTESIAN_POINT ( 'NONE',  ( 0.3186023622047193249, 0.1476377952755898726, -0.2064960629921283319 ) ) ;
#10210 = ORIENTED_EDGE ( 'NONE', *, *, #10254, .F. ) ;
#10211 = FILL_AREA_STYLE_COLOUR ( '', #5865 ) ;
#10212 = CARTESIAN_POINT ( 'NONE',  ( 0.2542085087882422489, 0.06733071061424725223, -0.02618110236220720990 ) ) ;
#10213 = SURFACE_SIDE_STYLE ('',( #3255 ) ) ;
#10214 = CARTESIAN_POINT ( 'NONE',  ( 0.3560039370078691978, 0.1240157480314954541, -0.2816929133858290801 ) ) ;
#10215 = AXIS2_PLACEMENT_3D ( 'NONE', #1331, #564, #9276 ) ;
#10216 = LENGTH_MEASURE_WITH_UNIT ( LENGTH_MEASURE( 0.02539999999999999897 ), #6840 );
#10217 = AXIS2_PLACEMENT_3D ( 'NONE', #6214, #10814, #29 ) ;
#10218 = SURFACE_STYLE_FILL_AREA ( #6673 ) ;
#10219 = SURFACE_SIDE_STYLE ('',( #7594 ) ) ;
#10220 = ORIENTED_EDGE ( 'NONE', *, *, #2321, .T. ) ;
#10221 = CARTESIAN_POINT ( 'NONE',  ( 0.5197082840997425679, 0.07204724409448784450, -0.1104330708661437066 ) ) ;
#10222 = ORIENTED_EDGE ( 'NONE', *, *, #7318, .T. ) ;
#10223 = STYLED_ITEM ( 'NONE', ( #1704 ), #7115 ) ;
#10224 = CARTESIAN_POINT ( 'NONE',  ( 0.4058070866141681443, 0.1240157480314798000, -0.2064960629921281932 ) ) ;
#10225 = VECTOR ( 'NONE', #4989, 39.37007874015748143 ) ;
#10226 = VERTEX_POINT ( 'NONE', #8178 ) ;
#10227 = CARTESIAN_POINT ( 'NONE',  ( 0.4058070866141677557, 0.1279527559055112784, -0.1326771653543328822 ) ) ;
#10228 = CARTESIAN_POINT ( 'NONE',  ( 0.3186023622047184922, 0.1476377952755898726, -0.03759842519685268475 ) ) ;
#10229 = EDGE_CURVE ( 'NONE', #9095, #2364, #6451, .T. ) ;
#10230 = LINE ( 'NONE', #7491, #9804 ) ;
#10231 =( CONVERSION_BASED_UNIT ( 'INCH', #8145 ) LENGTH_UNIT ( ) NAMED_UNIT ( #3417 ) );
#10232 = ORIENTED_EDGE ( 'NONE', *, *, #1544, .F. ) ;
#10233 = AXIS2_PLACEMENT_3D ( 'NONE', #4455, #6994, #790 ) ;
#10234 = CARTESIAN_POINT ( 'NONE',  ( 0.3186023622047187143, 0.1476377952755898726, -0.08759842519685272222 ) ) ;
#10235 = DIMENSIONAL_EXPONENTS ( 1.000000000000000000, 0.0000000000000000000, 0.0000000000000000000, 0.0000000000000000000, 0.0000000000000000000, 0.0000000000000000000, 0.0000000000000000000 ) ;
#10236 = PRESENTATION_LAYER_ASSIGNMENT (  '', '', ( #2643 ) ) ;
#10237 = DIRECTION ( 'NONE',  ( -0.5643446851342082127, 0.8255392639728115212, 0.0000000000000000000 ) ) ;
#10238 = VERTEX_POINT ( 'NONE', #11046 ) ;
#10239 = ORIENTED_EDGE ( 'NONE', *, *, #3590, .F. ) ;
#10240 = EDGE_CURVE ( 'NONE', #1588, #137, #11104, .T. ) ;
#10241 = VERTEX_POINT ( 'NONE', #4021 ) ;
#10242 = CIRCLE ( 'NONE', #10811, 0.005905511811023602016 ) ;
#10243 = EDGE_CURVE ( 'NONE', #10302, #9848, #1280, .T. ) ;
#10244 = SURFACE_SIDE_STYLE ('',( #7620 ) ) ;
#10245 = LINE ( 'NONE', #2296, #1473 ) ;
#10246 = DIRECTION ( 'NONE',  ( 1.000000000000000000, 1.644517855225996559E-15, 1.817990202823693835E-15 ) ) ;
#10247 = SURFACE_STYLE_FILL_AREA ( #1610 ) ;
#10248 = CARTESIAN_POINT ( 'NONE',  ( 0.4432086614173168515, 0.1476377952755900669, 0.0009842519685018479535 ) ) ;
#10249 = DIRECTION ( 'NONE',  ( 1.000000000000000000, 1.644517855225996559E-15, 1.817990202823693835E-15 ) ) ;
#10250 = FILL_AREA_STYLE ('',( #10314 ) ) ;
#10251 = STYLED_ITEM ( 'NONE', ( #2739 ), #8984 ) ;
#10252 = ORIENTED_EDGE ( 'NONE', *, *, #4428, .F. ) ;
#10253 = LINE ( 'NONE', #4747, #10292 ) ;
#10254 = EDGE_CURVE ( 'NONE', #151, #582, #5858, .T. ) ;
#10255 = DIRECTION ( 'NONE',  ( -1.817990202823693835E-15, 0.0000000000000000000, 1.000000000000000000 ) ) ;
#10256 = VERTEX_POINT ( 'NONE', #4074 ) ;
#10257 = DIRECTION ( 'NONE',  ( 1.000000000000000000, 1.644517855225996559E-15, 1.817990202823693835E-15 ) ) ;
#10258 = EDGE_CURVE ( 'NONE', #6104, #2175, #1469, .T. ) ;
#10259 = ADVANCED_FACE ( 'NONE', ( #3084 ), #2330, .T. ) ;
#10260 = AXIS2_PLACEMENT_3D ( 'NONE', #512, #4061, #6012 ) ;
#10261 = CARTESIAN_POINT ( 'NONE',  ( 0.5076025148337935944, 0.06733071061424766857, -0.07618110236220675124 ) ) ;
#10262 = UNCERTAINTY_MEASURE_WITH_UNIT (LENGTH_MEASURE( 1.000000000000000082E-05 ), #2889, 'distance_accuracy_value', 'NONE');
#10263 = DIRECTION ( 'NONE',  ( -1.000000000000000000, -1.644517855225996559E-15, -1.817990202823693835E-15 ) ) ;
#10264 = CARTESIAN_POINT ( 'NONE',  ( 0.2175196850393646686, 0.05905511811023538005, -0.1261811023622072814 ) ) ;
#10265 =( CONVERSION_BASED_UNIT ( 'INCH', #5952 ) LENGTH_UNIT ( ) NAMED_UNIT ( #5373 ) );
#10266 = DIRECTION ( 'NONE',  ( 1.817990202823693835E-15, 0.0000000000000000000, -1.000000000000000000 ) ) ;
#10267 = LINE ( 'NONE', #6776, #9338 ) ;
#10268 = CARTESIAN_POINT ( 'NONE',  ( 0.3821850393700727544, 0.1240157480314797583, -0.005314960629923502766 ) ) ;
#10269 = STYLED_ITEM ( 'NONE', ( #710 ), #1243 ) ;
#10270 = ORIENTED_EDGE ( 'NONE', *, *, #8672, .T. ) ;
#10271 = CARTESIAN_POINT ( 'NONE',  ( 0.4957861071419632504, 0.09645669291338543339, -0.1604330708661437788 ) ) ;
#10272 = MECHANICAL_DESIGN_GEOMETRIC_PRESENTATION_REPRESENTATION (  '', ( #3781 ), #4709 ) ;
#10273 = EDGE_CURVE ( 'NONE', #825, #5178, #9172, .T. ) ;
#10274 = LINE ( 'NONE', #5847, #3653 ) ;
#10275 =( CONVERSION_BASED_UNIT ( 'INCH', #5791 ) LENGTH_UNIT ( ) NAMED_UNIT ( #4689 ) );
#10276 = VECTOR ( 'NONE', #8063, 39.37007874015748143 ) ;
#10277 = LINE ( 'NONE', #8566, #2345 ) ;
#10278 =( CONVERSION_BASED_UNIT ( 'INCH', #3195 ) LENGTH_UNIT ( ) NAMED_UNIT ( #2862 ) );
#10279 = FILL_AREA_STYLE ('',( #11271 ) ) ;
#10280 = LINE ( 'NONE', #2565, #77 ) ;
#10281 = PRESENTATION_STYLE_ASSIGNMENT (( #4020 ) ) ;
#10282 = VERTEX_POINT ( 'NONE', #4937 ) ;
#10283 = CARTESIAN_POINT ( 'NONE',  ( 0.3186023622047183812, 0.1535433070866134841, 0.0009842519685016432561 ) ) ;
#10284 = PRESENTATION_LAYER_ASSIGNMENT (  '', '', ( #2686 ) ) ;
#10285 = LINE ( 'NONE', #2274, #8023 ) ;
#10286 = EDGE_LOOP ( 'NONE', ( #10962, #3681, #1281, #3459 ) ) ;
#10287 =( GEOMETRIC_REPRESENTATION_CONTEXT ( 3 ) GLOBAL_UNCERTAINTY_ASSIGNED_CONTEXT ( ( #5870 ) ) GLOBAL_UNIT_ASSIGNED_CONTEXT ( ( #3986, #1312, #7626 ) ) REPRESENTATION_CONTEXT ( 'NONE', 'WORKASPACE' ) );
#10288 = ORIENTED_EDGE ( 'NONE', *, *, #8100, .T. ) ;
#10289 =( NAMED_UNIT ( * ) PLANE_ANGLE_UNIT ( ) SI_UNIT ( $, .RADIAN. ) );
#10290 = DIMENSIONAL_EXPONENTS ( 1.000000000000000000, 0.0000000000000000000, 0.0000000000000000000, 0.0000000000000000000, 0.0000000000000000000, 0.0000000000000000000, 0.0000000000000000000 ) ;
#10291 = CARTESIAN_POINT ( 'NONE',  ( 0.2421027395222934142, 0.05905511811023542168, -0.02618110236220727929 ) ) ;
#10292 = VECTOR ( 'NONE', #2303, 39.37007874015748143 ) ;
#10293 = UNCERTAINTY_MEASURE_WITH_UNIT (LENGTH_MEASURE( 1.000000000000000082E-05 ), #10265, 'distance_accuracy_value', 'NONE');
#10294 = DIRECTION ( 'NONE',  ( -1.817990202823693835E-15, 0.0000000000000000000, 1.000000000000000000 ) ) ;
#10295 = ORIENTED_EDGE ( 'NONE', *, *, #2144, .T. ) ;
#10296 = CARTESIAN_POINT ( 'NONE',  ( 0.2175196850393644188, 0.05905511811023538005, -0.06043307086614425200 ) ) ;
#10297 = AXIS2_PLACEMENT_3D ( 'NONE', #10833, #9132, #1891 ) ;
#10298 = FACE_OUTER_BOUND ( 'NONE', #4963, .T. ) ;
#10299 = DIRECTION ( 'NONE',  ( 0.8789799039125325564, -0.4626210020592155248, 0.1156552505148055882 ) ) ;
#10300 = ORIENTED_EDGE ( 'NONE', *, *, #11180, .F. ) ;
#10301 = VECTOR ( 'NONE', #6958, 39.37007874015748143 ) ;
#10302 = VERTEX_POINT ( 'NONE', #9289 ) ;
#10303 = COLOUR_RGB ( '',1.000000000000000000, 1.000000000000000000, 1.000000000000000000 ) ;
#10304 = ORIENTED_EDGE ( 'NONE', *, *, #6955, .F. ) ;
#10305 = FILL_AREA_STYLE_COLOUR ( '', #4680 ) ;
#10306 = LINE ( 'NONE', #8484, #353 ) ;
#10307 = EDGE_LOOP ( 'NONE', ( #10623, #2058, #8482, #5714 ) ) ;
#10308 = FILL_AREA_STYLE_COLOUR ( '', #7203 ) ;
#10309 = VECTOR ( 'NONE', #8005, 39.37007874015748143 ) ;
#10310 = DIRECTION ( 'NONE',  ( 1.817990202823693835E-15, 0.0000000000000000000, -1.000000000000000000 ) ) ;
#10311 = CARTESIAN_POINT ( 'NONE',  ( 0.4957861071419636390, 0.09645669291338543339, -0.2604330708661438121 ) ) ;
#10312 = LINE ( 'NONE', #5137, #6924 ) ;
#10313 = EDGE_CURVE ( 'NONE', #8389, #3880, #1404, .T. ) ;
#10314 = FILL_AREA_STYLE_COLOUR ( '', #236 ) ;
#10315 = ORIENTED_EDGE ( 'NONE', *, *, #5679, .T. ) ;
#10316 = EDGE_CURVE ( 'NONE', #7994, #2098, #6557, .T. ) ;
#10317 =( GEOMETRIC_REPRESENTATION_CONTEXT ( 3 ) GLOBAL_UNCERTAINTY_ASSIGNED_CONTEXT ( ( #5369 ) ) GLOBAL_UNIT_ASSIGNED_CONTEXT ( ( #9790, #8973, #4624 ) ) REPRESENTATION_CONTEXT ( 'NONE', 'WORKASPACE' ) );
#10318 = LINE ( 'NONE', #7078, #7490 ) ;
#10319 = DIMENSIONAL_EXPONENTS ( 1.000000000000000000, 0.0000000000000000000, 0.0000000000000000000, 0.0000000000000000000, 0.0000000000000000000, 0.0000000000000000000, 0.0000000000000000000 ) ;
#10320 = CARTESIAN_POINT ( 'NONE',  ( 0.2616228185651920390, 0.08636077237506183113, -0.2761811023622072203 ) ) ;
#10321 = EDGE_LOOP ( 'NONE', ( #6180, #5226, #3220, #7301 ) ) ;
#10322 = VECTOR ( 'NONE', #1518, 39.37007874015748143 ) ;
#10323 = CARTESIAN_POINT ( 'NONE',  ( 0.4058070866141672561, 0.1279527559055112784, -0.003937007874017909442 ) ) ;
#10324 = COLOUR_RGB ( '',0.7607843137254901578, 0.7607843137254901578, 0.0000000000000000000 ) ;
#10325 =( NAMED_UNIT ( * ) SI_UNIT ( $, .STERADIAN. ) SOLID_ANGLE_UNIT ( ) );
#10326 = DIRECTION ( 'NONE',  ( -1.817990202823693835E-15, 0.0000000000000000000, 1.000000000000000000 ) ) ;
#10327 = FILL_AREA_STYLE_COLOUR ( '', #9352 ) ;
#10328 = LENGTH_MEASURE_WITH_UNIT ( LENGTH_MEASURE( 0.02539999999999999897 ), #5898 );
#10329 = EDGE_CURVE ( 'NONE', #7195, #10362, #5628, .T. ) ;
#10330 = LINE ( 'NONE', #6662, #10599 ) ;
#10331 =( GEOMETRIC_REPRESENTATION_CONTEXT ( 3 ) GLOBAL_UNCERTAINTY_ASSIGNED_CONTEXT ( ( #980 ) ) GLOBAL_UNIT_ASSIGNED_CONTEXT ( ( #291, #7354, #8044 ) ) REPRESENTATION_CONTEXT ( 'NONE', 'WORKASPACE' ) );
#10332 = PRESENTATION_LAYER_ASSIGNMENT (  '', '', ( #9211 ) ) ;
#10333 = EDGE_LOOP ( 'NONE', ( #459, #668, #8199, #624 ) ) ;
#10334 = EDGE_CURVE ( 'NONE', #5272, #7150, #8284, .T. ) ;
#10335 = EDGE_CURVE ( 'NONE', #947, #8480, #7480, .T. ) ;
#10336 = CARTESIAN_POINT ( 'NONE',  ( 0.2175196850393646686, 0.06614173228346371947, -0.1379921259842545322 ) ) ;
#10337 = SURFACE_SIDE_STYLE ('',( #3248 ) ) ;
#10338 = CIRCLE ( 'NONE', #8644, 0.01181102362204724046 ) ;
#10339 =( LENGTH_UNIT ( ) NAMED_UNIT ( * ) SI_UNIT ( $, .METRE. ) );
#10340 = LINE ( 'NONE', #10158, #7545 ) ;
#10341 = AXIS2_PLACEMENT_3D ( 'NONE', #4630, #5547, #8147 ) ;
#10342 = VECTOR ( 'NONE', #3981, 39.37007874015748143 ) ;
#10343 = LINE ( 'NONE', #7809, #9783 ) ;
#10344 = LINE ( 'NONE', #9570, #10225 ) ;
#10345 = FILL_AREA_STYLE ('',( #9461 ) ) ;
#10346 = CARTESIAN_POINT ( 'NONE',  ( 0.5442913385826719797, 0.06614173228346426070, -0.1761811023622066597 ) ) ;
#10347 = EDGE_CURVE ( 'NONE', #3085, #3370, #472, .T. ) ;
#10348 = PRESENTATION_LAYER_ASSIGNMENT (  '', '', ( #3857 ) ) ;
#10349 = LINE ( 'NONE', #4296, #7966 ) ;
#10350 = CARTESIAN_POINT ( 'NONE',  ( 0.5076025148337938164, 0.06733071061424766857, -0.1104330708661437066 ) ) ;
#10351 = VERTEX_POINT ( 'NONE', #4354 ) ;
#10352 = FACE_OUTER_BOUND ( 'NONE', #5729, .T. ) ;
#10353 = VERTEX_POINT ( 'NONE', #9684 ) ;
#10354 = EDGE_LOOP ( 'NONE', ( #9844, #3737, #4300, #2331, #9752, #118 ) ) ;
#10355 = VECTOR ( 'NONE', #5775, 39.37007874015748143 ) ;
#10356 = CARTESIAN_POINT ( 'NONE',  ( 0.2550196716928484486, 0.08893342700064765793, -0.01043307086614417636 ) ) ;
#10357 = LINE ( 'NONE', #3495, #9869 ) ;
#10358 = ORIENTED_EDGE ( 'NONE', *, *, #3522, .F. ) ;
#10359 =( NAMED_UNIT ( * ) PLANE_ANGLE_UNIT ( ) SI_UNIT ( $, .RADIAN. ) );
#10360 = PLANE ( 'NONE',  #4593 ) ;
#10361 = CARTESIAN_POINT ( 'NONE',  ( 0.4058070866141683664, 0.1279527559055112784, -0.2539370078740179615 ) ) ;
#10362 = VERTEX_POINT ( 'NONE', #10350 ) ;
#10363 = ORIENTED_EDGE ( 'NONE', *, *, #8810, .F. ) ;
#10364 = DIRECTION ( 'NONE',  ( 1.817990202823693835E-15, 0.0000000000000000000, -1.000000000000000000 ) ) ;
#10365 = ORIENTED_EDGE ( 'NONE', *, *, #4437, .F. ) ;
#10366 = VECTOR ( 'NONE', #484, 39.37007874015748143 ) ;
#10367 = DIRECTION ( 'NONE',  ( -1.000000000000000000, -1.644517855225996559E-15, -1.817990202823693835E-15 ) ) ;
#10368 = CARTESIAN_POINT ( 'NONE',  ( 0.2616228185651918170, 0.08636077237506183113, -0.2261811023622072314 ) ) ;
#10369 = DIRECTION ( 'NONE',  ( -1.817990202823693835E-15, 0.0000000000000000000, 1.000000000000000000 ) ) ;
#10370 = FACE_OUTER_BOUND ( 'NONE', #9290, .T. ) ;
#10371 = LENGTH_MEASURE_WITH_UNIT ( LENGTH_MEASURE( 0.02539999999999999897 ), #1558 );
#10372 = ORIENTED_EDGE ( 'NONE', *, *, #1877, .F. ) ;
#10373 = STYLED_ITEM ( 'NONE', ( #4572 ), #5755 ) ;
#10374 = ORIENTED_EDGE ( 'NONE', *, *, #1288, .T. ) ;
#10375 =( CONVERSION_BASED_UNIT ( 'INCH', #5021 ) LENGTH_UNIT ( ) NAMED_UNIT ( #9131 ) );
#10376 = ORIENTED_EDGE ( 'NONE', *, *, #964, .T. ) ;
#10377 = DIRECTION ( 'NONE',  ( 0.0000000000000000000, 1.000000000000000000, 0.0000000000000000000 ) ) ;
#10378 = EDGE_CURVE ( 'NONE', #1618, #3085, #6793, .T. ) ;
#10379 =( LENGTH_UNIT ( ) NAMED_UNIT ( * ) SI_UNIT ( $, .METRE. ) );
#10380 = EDGE_CURVE ( 'NONE', #7673, #7815, #6087, .T. ) ;
#10381 = COLOUR_RGB ( '',0.7607843137254901578, 0.7607843137254901578, 0.0000000000000000000 ) ;
#10382 = UNCERTAINTY_MEASURE_WITH_UNIT (LENGTH_MEASURE( 1.000000000000000082E-05 ), #30, 'distance_accuracy_value', 'NONE');
#10383 =( CONVERSION_BASED_UNIT ( 'INCH', #6831 ) LENGTH_UNIT ( ) NAMED_UNIT ( #9494 ) );
#10384 = EDGE_CURVE ( 'NONE', #4007, #7040, #3485, .T. ) ;
#10385 = FACE_OUTER_BOUND ( 'NONE', #9840, .T. ) ;
#10386 = PLANE ( 'NONE',  #6245 ) ;
#10387 = DIRECTION ( 'NONE',  ( 0.0000000000000000000, 1.000000000000000000, 0.0000000000000000000 ) ) ;
#10388 = LINE ( 'NONE', #5473, #2808 ) ;
#10389 = VERTEX_POINT ( 'NONE', #7868 ) ;
#10390 = CARTESIAN_POINT ( 'NONE',  ( 0.3821850393700738091, 0.1448818897637632053, -0.2553149606299235375 ) ) ;
#10391 =( LENGTH_UNIT ( ) NAMED_UNIT ( * ) SI_UNIT ( $, .METRE. ) );
#10392 = DIRECTION ( 'NONE',  ( -1.000000000000000000, -1.644517855225997348E-15, -1.817990202823693441E-15 ) ) ;
#10393 = CARTESIAN_POINT ( 'NONE',  ( 0.3821850393700734760, 0.1448818897637632053, -0.1812992125984274894 ) ) ;
#10394 = EDGE_CURVE ( 'NONE', #5811, #5798, #2392, .T. ) ;
#10395 = PRESENTATION_STYLE_ASSIGNMENT (( #1577 ) ) ;
#10396 = DIMENSIONAL_EXPONENTS ( 1.000000000000000000, 0.0000000000000000000, 0.0000000000000000000, 0.0000000000000000000, 0.0000000000000000000, 0.0000000000000000000, 0.0000000000000000000 ) ;
#10397 = EDGE_CURVE ( 'NONE', #7618, #6864, #9626, .T. ) ;
#10398 = DIRECTION ( 'NONE',  ( -0.9317773919853016285, -0.3630301527216017177, -1.971276677246368758E-15 ) ) ;
#10399 =( NAMED_UNIT ( * ) SI_UNIT ( $, .STERADIAN. ) SOLID_ANGLE_UNIT ( ) );
#10400 = FILL_AREA_STYLE ('',( #5855 ) ) ;
#10401 = STYLED_ITEM ( 'NONE', ( #11058 ), #6131 ) ;
#10402 = CARTESIAN_POINT ( 'NONE',  ( 0.3186023622047192694, 0.1476377952755898726, -0.1990157480314983796 ) ) ;
#10403 = ORIENTED_EDGE ( 'NONE', *, *, #950, .T. ) ;
#10404 = DIRECTION ( 'NONE',  ( -1.817990202823693835E-15, 3.503246160812042677E-46, 1.000000000000000000 ) ) ;
#10405 = LINE ( 'NONE', #1699, #5805 ) ;
#10406 = ORIENTED_EDGE ( 'NONE', *, *, #3647, .F. ) ;
#10407 = ORIENTED_EDGE ( 'NONE', *, *, #9458, .F. ) ;
#10408 = ADVANCED_FACE ( 'NONE', ( #1695 ), #2446, .F. ) ;
#10409 = AXIS2_PLACEMENT_3D ( 'NONE', #2624, #8634, #7063 ) ;
#10410 = MECHANICAL_DESIGN_GEOMETRIC_PRESENTATION_REPRESENTATION (  '', ( #1351 ), #3197 ) ;
#10411 = EDGE_CURVE ( 'NONE', #9555, #5294, #2625, .T. ) ;
#10412 = DIRECTION ( 'NONE',  ( -1.817990202823693835E-15, 0.0000000000000000000, 1.000000000000000000 ) ) ;
#10413 = CARTESIAN_POINT ( 'NONE',  ( 0.5442913385826716466, 0.05905511811023591434, -0.07618110236220666798 ) ) ;
#10414 = CARTESIAN_POINT ( 'NONE',  ( 0.2542085087882428596, 0.06733071061424725223, -0.1761811023622072148 ) ) ;
#10415 = DIRECTION ( 'NONE',  ( -1.644517855225997348E-15, 1.000000000000000000, -2.970554346222872930E-30 ) ) ;
#10416 = COLOUR_RGB ( '',0.7607843137254901578, 0.7607843137254901578, 0.0000000000000000000 ) ;
#10417 = DIRECTION ( 'NONE',  ( -1.817990202823693835E-15, 0.0000000000000000000, 1.000000000000000000 ) ) ;
#10418 = DIRECTION ( 'NONE',  ( 1.817990202823693835E-15, 0.0000000000000000000, -1.000000000000000000 ) ) ;
#10419 = ORIENTED_EDGE ( 'NONE', *, *, #268, .T. ) ;
#10420 = VECTOR ( 'NONE', #5977, 39.37007874015748143 ) ;
#10421 = ORIENTED_EDGE ( 'NONE', *, *, #595, .T. ) ;
#10422 = DIRECTION ( 'NONE',  ( 0.8789799039125328894, -0.4626210020592154137, -0.1156552505148023963 ) ) ;
#10423 = ORIENTED_EDGE ( 'NONE', *, *, #9029, .F. ) ;
#10424 = DIMENSIONAL_EXPONENTS ( 1.000000000000000000, 0.0000000000000000000, 0.0000000000000000000, 0.0000000000000000000, 0.0000000000000000000, 0.0000000000000000000, 0.0000000000000000000 ) ;
#10425 = DIRECTION ( 'NONE',  ( -1.817990202823693835E-15, 3.503246160812042677E-46, 1.000000000000000000 ) ) ;
#10426 = LENGTH_MEASURE_WITH_UNIT ( LENGTH_MEASURE( 0.02539999999999999897 ), #2237 );
#10427 = MECHANICAL_DESIGN_GEOMETRIC_PRESENTATION_REPRESENTATION (  '', ( #7061 ), #10615 ) ;
#10428 = DIRECTION ( 'NONE',  ( -1.817990202823693835E-15, 0.0000000000000000000, 1.000000000000000000 ) ) ;
#10429 =( LENGTH_UNIT ( ) NAMED_UNIT ( * ) SI_UNIT ( $, .METRE. ) );
#10430 = DIRECTION ( 'NONE',  ( 1.817990202823693835E-15, 0.0000000000000000000, -1.000000000000000000 ) ) ;
#10431 = SURFACE_STYLE_FILL_AREA ( #665 ) ;
#10432 =( NAMED_UNIT ( * ) SI_UNIT ( $, .STERADIAN. ) SOLID_ANGLE_UNIT ( ) );
#10433 = CARTESIAN_POINT ( 'NONE',  ( 0.2616228185651915950, 0.08636077237506183113, -0.1604330708661441673 ) ) ;
#10434 = ORIENTED_EDGE ( 'NONE', *, *, #4508, .T. ) ;
#10435 = EDGE_LOOP ( 'NONE', ( #1999, #340, #5006, #4660, #1886, #11052, #3585, #10421 ) ) ;
#10436 = VECTOR ( 'NONE', #8087, 39.37007874015748143 ) ;
#10437 = EDGE_LOOP ( 'NONE', ( #10847, #1820, #11144, #404 ) ) ;
#10438 = DIRECTION ( 'NONE',  ( -1.644517855225997348E-15, 1.000000000000000000, -2.970554346222872930E-30 ) ) ;
#10439 = ORIENTED_EDGE ( 'NONE', *, *, #7757, .F. ) ;
#10440 = CARTESIAN_POINT ( 'NONE',  ( 0.3513779527558994475, 0.1358267716535427050, 0.01496062992125752646 ) ) ;
#10441 =( NAMED_UNIT ( * ) SI_UNIT ( $, .STERADIAN. ) SOLID_ANGLE_UNIT ( ) );
#10442 = PRESENTATION_LAYER_ASSIGNMENT (  '', '', ( #7808 ) ) ;
#10443 = CARTESIAN_POINT ( 'NONE',  ( 0.3560039370078689203, 0.1240157480314954541, -0.2316929133858290635 ) ) ;
#10444 = LENGTH_MEASURE_WITH_UNIT ( LENGTH_MEASURE( 0.02539999999999999897 ), #6354 );
#10445 = VERTEX_POINT ( 'NONE', #5100 ) ;
#10446 = CARTESIAN_POINT ( 'NONE',  ( 0.4432086614173175176, 0.1476377952755900669, -0.1875984251968524918 ) ) ;
#10447 = LINE ( 'NONE', #5260, #280 ) ;
#10448 = CARTESIAN_POINT ( 'NONE',  ( 0.4432086614173168515, 0.1476377952755900669, 0.0009842519685018479535 ) ) ;
#10449 = CARTESIAN_POINT ( 'NONE',  ( 0.4058070866141674782, 0.1240157480314955235, -0.05492125984252187870 ) ) ;
#10450 = PRESENTATION_STYLE_ASSIGNMENT (( #1399 ) ) ;
#10451 = LINE ( 'NONE', #7865, #4755 ) ;
#10452 = DIRECTION ( 'NONE',  ( 1.000000000000000000, 1.644517855225996559E-15, 1.817990202823693835E-15 ) ) ;
#10453 = AXIS2_PLACEMENT_3D ( 'NONE', #344, #1314, #8148 ) ;
#10454 = CARTESIAN_POINT ( 'NONE',  ( 0.3821850393700727544, 0.1448818897637632053, -0.03129921259842747411 ) ) ;
#10455 = ORIENTED_EDGE ( 'NONE', *, *, #10313, .F. ) ;
#10456 = EDGE_CURVE ( 'NONE', #1773, #4435, #1750, .T. ) ;
#10457 = FACE_OUTER_BOUND ( 'NONE', #6362, .T. ) ;
#10458 = DIRECTION ( 'NONE',  ( 2.036344053754329794E-15, -0.9701425001453376495, -0.2425356250363099597 ) ) ;
#10459 = ORIENTED_EDGE ( 'NONE', *, *, #4092, .F. ) ;
#10460 = EDGE_CURVE ( 'NONE', #4315, #5218, #8815, .T. ) ;
#10461 = LINE ( 'NONE', #5169, #4909 ) ;
#10462 = PRESENTATION_LAYER_ASSIGNMENT (  '', '', ( #5068 ) ) ;
#10463 = VERTEX_POINT ( 'NONE', #9574 ) ;
#10464 =( GEOMETRIC_REPRESENTATION_CONTEXT ( 3 ) GLOBAL_UNCERTAINTY_ASSIGNED_CONTEXT ( ( #8410 ) ) GLOBAL_UNIT_ASSIGNED_CONTEXT ( ( #2955, #7449, #10432 ) ) REPRESENTATION_CONTEXT ( 'NONE', 'WORKASPACE' ) );
#10465 = LINE ( 'NONE', #9416, #9294 ) ;
#10466 = CARTESIAN_POINT ( 'NONE',  ( 0.2660249164800728705, 0.09645669291338505869, -0.02618110236220720990 ) ) ;
#10467 = CARTESIAN_POINT ( 'NONE',  ( 0.4432086614173174621, 0.1476377952755900669, -0.1490157480314981686 ) ) ;
#10468 =( NAMED_UNIT ( * ) SI_UNIT ( $, .STERADIAN. ) SOLID_ANGLE_UNIT ( ) );
#10469 = PRESENTATION_STYLE_ASSIGNMENT (( #2755 ) ) ;
#10470 = VECTOR ( 'NONE', #5730, 39.37007874015748143 ) ;
#10471 = SURFACE_STYLE_USAGE ( .BOTH. , #4425 ) ;
#10472 = EDGE_CURVE ( 'NONE', #9277, #3267, #1642, .T. ) ;
#10473 = DIRECTION ( 'NONE',  ( -1.817990202823693835E-15, 0.0000000000000000000, 1.000000000000000000 ) ) ;
#10474 = DIRECTION ( 'NONE',  ( 2.891205793294679411E-15, -1.000000000000000000, 0.0000000000000000000 ) ) ;
#10475 =( GEOMETRIC_REPRESENTATION_CONTEXT ( 3 ) GLOBAL_UNCERTAINTY_ASSIGNED_CONTEXT ( ( #6686 ) ) GLOBAL_UNIT_ASSIGNED_CONTEXT ( ( #3928, #9965, #10015 ) ) REPRESENTATION_CONTEXT ( 'NONE', 'WORKASPACE' ) );
#10476 = ORIENTED_EDGE ( 'NONE', *, *, #10394, .T. ) ;
#10477 = EDGE_CURVE ( 'NONE', #6883, #1483, #10521, .T. ) ;
#10478 = ORIENTED_EDGE ( 'NONE', *, *, #10909, .T. ) ;
#10479 = CARTESIAN_POINT ( 'NONE',  ( 0.2746062992125933300, 0.09645669291338507256, -0.2261811023622072314 ) ) ;
#10480 = ORIENTED_EDGE ( 'NONE', *, *, #8156, .F. ) ;
#10481 = VECTOR ( 'NONE', #7832, 39.37007874015748143 ) ;
#10482 = PLANE ( 'NONE',  #2276 ) ;
#10483 =( GEOMETRIC_REPRESENTATION_CONTEXT ( 3 ) GLOBAL_UNCERTAINTY_ASSIGNED_CONTEXT ( ( #10177 ) ) GLOBAL_UNIT_ASSIGNED_CONTEXT ( ( #7572, #9490, #4154 ) ) REPRESENTATION_CONTEXT ( 'NONE', 'WORKASPACE' ) );
#10484 = DIRECTION ( 'NONE',  ( -1.817990202823693835E-15, 3.503246160812042677E-46, 1.000000000000000000 ) ) ;
#10485 = DIMENSIONAL_EXPONENTS ( 1.000000000000000000, 0.0000000000000000000, 0.0000000000000000000, 0.0000000000000000000, 0.0000000000000000000, 0.0000000000000000000, 0.0000000000000000000 ) ;
#10486 = SURFACE_STYLE_USAGE ( .BOTH. , #8662 ) ;
#10487 = CARTESIAN_POINT ( 'NONE',  ( 0.3186023622047183812, 0.1476377952755898726, 0.0009842519685016432561 ) ) ;
#10488 = EDGE_CURVE ( 'NONE', #6059, #9632, #3054, .T. ) ;
#10489 = VECTOR ( 'NONE', #8341, 39.37007874015748143 ) ;
#10490 = DIRECTION ( 'NONE',  ( 0.8789799039125325564, -0.4626210020592155248, 0.1156552505148055882 ) ) ;
#10491 = VERTEX_POINT ( 'NONE', #4744 ) ;
#10492 = ORIENTED_EDGE ( 'NONE', *, *, #4846, .T. ) ;
#10493 = AXIS2_PLACEMENT_3D ( 'NONE', #4038, #6809, #2225 ) ;
#10494 = VERTEX_POINT ( 'NONE', #2022 ) ;
#10495 = LINE ( 'NONE', #8729, #7154 ) ;
#10496 = VERTEX_POINT ( 'NONE', #9968 ) ;
#10497 =( GEOMETRIC_REPRESENTATION_CONTEXT ( 3 ) GLOBAL_UNCERTAINTY_ASSIGNED_CONTEXT ( ( #3768 ) ) GLOBAL_UNIT_ASSIGNED_CONTEXT ( ( #4265, #9433, #1496 ) ) REPRESENTATION_CONTEXT ( 'NONE', 'WORKASPACE' ) );
#10498 = CARTESIAN_POINT ( 'NONE',  ( 0.3821850393700729764, 0.1240157480314797583, -0.05531496062992350554 ) ) ;
#10499 = COLOUR_RGB ( '',0.7607843137254901578, 0.7607843137254901578, 0.0000000000000000000 ) ;
#10500 = UNCERTAINTY_MEASURE_WITH_UNIT (LENGTH_MEASURE( 1.000000000000000082E-05 ), #7160, 'distance_accuracy_value', 'NONE');
#10501 = PLANE ( 'NONE',  #1491 ) ;
#10502 = PRESENTATION_LAYER_ASSIGNMENT (  '', '', ( #7515 ) ) ;
#10503 = LENGTH_MEASURE_WITH_UNIT ( LENGTH_MEASURE( 0.02539999999999999897 ), #6936 );
#10504 = LINE ( 'NONE', #5255, #11439 ) ;
#10505 = SURFACE_STYLE_USAGE ( .BOTH. , #6938 ) ;
#10506 = ORIENTED_EDGE ( 'NONE', *, *, #10830, .T. ) ;
#10507 = VECTOR ( 'NONE', #7256, 39.37007874015748143 ) ;
#10508 = CARTESIAN_POINT ( 'NONE',  ( 0.4872047244094433460, 0.09645669291338541951, -0.1104330708661437760 ) ) ;
#10509 = VECTOR ( 'NONE', #10422, 39.37007874015748143 ) ;
#10510 = LENGTH_MEASURE_WITH_UNIT ( LENGTH_MEASURE( 0.02539999999999999897 ), #3477 );
#10511 = PRESENTATION_LAYER_ASSIGNMENT (  '', '', ( #1429 ) ) ;
#10512 = LINE ( 'NONE', #3478, #7717 ) ;
#10513 = VECTOR ( 'NONE', #7472, 39.37007874015747433 ) ;
#10514 = CARTESIAN_POINT ( 'NONE',  ( 0.3560039370078689203, 0.1279527559055112229, -0.2039370078740180003 ) ) ;
#10515 = UNCERTAINTY_MEASURE_WITH_UNIT (LENGTH_MEASURE( 1.000000000000000082E-05 ), #9883, 'distance_accuracy_value', 'NONE');
#10516 = LINE ( 'NONE', #11438, #8731 ) ;
#10517 = COLOUR_RGB ( '',1.000000000000000000, 1.000000000000000000, 1.000000000000000000 ) ;
#10518 = VECTOR ( 'NONE', #4636, 39.37007874015748143 ) ;
#10519 = DIRECTION ( 'NONE',  ( -0.9317773919853014064, -0.3630301527216026058, -1.693962169841890603E-15 ) ) ;
#10520 = DIRECTION ( 'NONE',  ( 1.817990202823693835E-15, 0.0000000000000000000, -1.000000000000000000 ) ) ;
#10521 = LINE ( 'NONE', #7929, #3265 ) ;
#10522 = ORIENTED_EDGE ( 'NONE', *, *, #6760, .T. ) ;
#10523 = AXIS2_PLACEMENT_3D ( 'NONE', #8807, #16, #7923 ) ;
#10524 = PLANE ( 'NONE',  #623 ) ;
#10525 = ORIENTED_EDGE ( 'NONE', *, *, #8507, .F. ) ;
#10526 = CARTESIAN_POINT ( 'NONE',  ( 0.2660249164800730926, 0.08937007874015670539, -0.07618110236220720921 ) ) ;
#10527 = CIRCLE ( 'NONE', #10341, 0.005905511811023611557 ) ;
#10528 = ORIENTED_EDGE ( 'NONE', *, *, #4561, .F. ) ;
#10529 = SURFACE_STYLE_FILL_AREA ( #6210 ) ;
#10530 = EDGE_CURVE ( 'NONE', #8695, #5419, #5493, .T. ) ;
#10531 = CIRCLE ( 'NONE', #3846, 0.005905511811023611557 ) ;
#10532 = FILL_AREA_STYLE ('',( #8471 ) ) ;
#10533 = CARTESIAN_POINT ( 'NONE',  ( 0.3560039370078691978, 0.1240157480314954541, -0.2549212598425219523 ) ) ;
#10534 = EDGE_CURVE ( 'NONE', #9255, #5144, #10968, .T. ) ;
#10535 = VECTOR ( 'NONE', #11267, 39.37007874015748143 ) ;
#10536 =( NAMED_UNIT ( * ) SI_UNIT ( $, .STERADIAN. ) SOLID_ANGLE_UNIT ( ) );
#10537 = DIRECTION ( 'NONE',  ( -1.817990202823693835E-15, 0.0000000000000000000, 1.000000000000000000 ) ) ;
#10538 = ORIENTED_EDGE ( 'NONE', *, *, #8440, .F. ) ;
#10539 = LINE ( 'NONE', #1713, #6009 ) ;
#10540 = ORIENTED_EDGE ( 'NONE', *, *, #7601, .T. ) ;
#10541 = CARTESIAN_POINT ( 'NONE',  ( 0.4058070866141683664, 0.1240157480314798000, -0.2564960629921281821 ) ) ;
#10542 = VERTEX_POINT ( 'NONE', #10020 ) ;
#10543 = ADVANCED_FACE ( 'NONE', ( #2956 ), #5552, .T. ) ;
#10544 = ADVANCED_FACE ( 'NONE', ( #2186 ), #2067, .T. ) ;
#10545 = PRESENTATION_LAYER_ASSIGNMENT (  '', '', ( #6818 ) ) ;
#10546 = CARTESIAN_POINT ( 'NONE',  ( 0.2616228185651913729, 0.08636077237506183113, -0.1104330708661441784 ) ) ;
#10547 = FILL_AREA_STYLE ('',( #9545 ) ) ;
#10548 = FILL_AREA_STYLE_COLOUR ( '', #1749 ) ;
#10549 = VERTEX_POINT ( 'NONE', #230 ) ;
#10550 = ORIENTED_EDGE ( 'NONE', *, *, #3721, .T. ) ;
#10551 = ORIENTED_EDGE ( 'NONE', *, *, #4713, .F. ) ;
#10552 = AXIS2_PLACEMENT_3D ( 'NONE', #44, #10484, #11346 ) ;
#10553 = CARTESIAN_POINT ( 'NONE',  ( 0.2175196850393644743, 0.05905511811023538005, -0.07618110236220727860 ) ) ;
#10554 = ORIENTED_EDGE ( 'NONE', *, *, #9258, .F. ) ;
#10555 =( NAMED_UNIT ( * ) SI_UNIT ( $, .STERADIAN. ) SOLID_ANGLE_UNIT ( ) );
#10556 = EDGE_CURVE ( 'NONE', #7064, #1015, #10800, .T. ) ;
#10557 = CYLINDRICAL_SURFACE ( 'NONE', #10129, 0.004724409448818893235 ) ;
#10558 = FACE_OUTER_BOUND ( 'NONE', #7164, .T. ) ;
#10559 = PRESENTATION_STYLE_ASSIGNMENT (( #6069 ) ) ;
#10560 = CYLINDRICAL_SURFACE ( 'NONE', #724, 0.004724409448818893235 ) ;
#10561 = SURFACE_STYLE_USAGE ( .BOTH. , #8679 ) ;
#10562 = CARTESIAN_POINT ( 'NONE',  ( 0.5197082840997426789, 0.05905511811023587965, -0.1261811023622067540 ) ) ;
#10563 = VECTOR ( 'NONE', #9243, 39.37007874015748143 ) ;
#10564 = EDGE_LOOP ( 'NONE', ( #4996, #5637, #2695, #3756 ) ) ;
#10565 = DIMENSIONAL_EXPONENTS ( 1.000000000000000000, 0.0000000000000000000, 0.0000000000000000000, 0.0000000000000000000, 0.0000000000000000000, 0.0000000000000000000, 0.0000000000000000000 ) ;
#10566 = DIRECTION ( 'NONE',  ( 1.817990202823693835E-15, 0.0000000000000000000, -1.000000000000000000 ) ) ;
#10567 = DIRECTION ( 'NONE',  ( -1.000000000000000000, -1.644517855225996559E-15, -1.817990202823693835E-15 ) ) ;
#10568 =( NAMED_UNIT ( * ) SI_UNIT ( $, .STERADIAN. ) SOLID_ANGLE_UNIT ( ) );
#10569 = STYLED_ITEM ( 'NONE', ( #5762 ), #5771 ) ;
#10570 = LENGTH_MEASURE_WITH_UNIT ( LENGTH_MEASURE( 0.02539999999999999897 ), #7709 );
#10571 = DIRECTION ( 'NONE',  ( -3.421105991089600105E-14, 1.000000000000000000, -6.217620874327673957E-29 ) ) ;
#10572 = DIRECTION ( 'NONE',  ( 0.5643446851342062143, 0.8255392639728129645, 0.0000000000000000000 ) ) ;
#10573 = SURFACE_SIDE_STYLE ('',( #3482 ) ) ;
#10574 = FACE_OUTER_BOUND ( 'NONE', #7989, .T. ) ;
#10575 = DIRECTION ( 'NONE',  ( 0.9317773919853008513, 0.3630301527216037161, 0.0000000000000000000 ) ) ;
#10576 = EDGE_LOOP ( 'NONE', ( #10522, #1432, #9265, #3441 ) ) ;
#10577 =( GEOMETRIC_REPRESENTATION_CONTEXT ( 3 ) GLOBAL_UNCERTAINTY_ASSIGNED_CONTEXT ( ( #6993 ) ) GLOBAL_UNIT_ASSIGNED_CONTEXT ( ( #9544, #2415, #5938 ) ) REPRESENTATION_CONTEXT ( 'NONE', 'WORKASPACE' ) );
#10578 = DIRECTION ( 'NONE',  ( 1.817990202823693835E-15, 0.0000000000000000000, -1.000000000000000000 ) ) ;
#10579 = SURFACE_STYLE_USAGE ( .BOTH. , #2449 ) ;
#10580 = VERTEX_POINT ( 'NONE', #3705 ) ;
#10581 = LINE ( 'NONE', #2507, #644 ) ;
#10582 = VERTEX_POINT ( 'NONE', #7341 ) ;
#10583 = CARTESIAN_POINT ( 'NONE',  ( 0.4432086614173176842, 0.1476377952755900669, -0.1990157480314981575 ) ) ;
#10584 = SURFACE_STYLE_FILL_AREA ( #9000 ) ;
#10585 = AXIS2_PLACEMENT_3D ( 'NONE', #3380, #9586, #2579 ) ;
#10586 =( NAMED_UNIT ( * ) PLANE_ANGLE_UNIT ( ) SI_UNIT ( $, .RADIAN. ) );
#10587 = PRESENTATION_STYLE_ASSIGNMENT (( #5979 ) ) ;
#10588 = DIRECTION ( 'NONE',  ( 1.817990202823693835E-15, -3.503246160812042677E-46, -1.000000000000000000 ) ) ;
#10589 =( LENGTH_UNIT ( ) NAMED_UNIT ( * ) SI_UNIT ( $, .METRE. ) );
#10590 =( NAMED_UNIT ( * ) SI_UNIT ( $, .STERADIAN. ) SOLID_ANGLE_UNIT ( ) );
#10591 = ORIENTED_EDGE ( 'NONE', *, *, #1834, .F. ) ;
#10592 = MECHANICAL_DESIGN_GEOMETRIC_PRESENTATION_REPRESENTATION (  '', ( #8325 ), #3725 ) ;
#10593 = LINE ( 'NONE', #5290, #4732 ) ;
#10594 = ORIENTED_EDGE ( 'NONE', *, *, #2943, .F. ) ;
#10595 = ORIENTED_EDGE ( 'NONE', *, *, #1893, .T. ) ;
#10596 = EDGE_CURVE ( 'NONE', #3280, #5529, #7399, .T. ) ;
#10597 = LINE ( 'NONE', #2648, #7255 ) ;
#10598 = SURFACE_SIDE_STYLE ('',( #10720 ) ) ;
#10599 = VECTOR ( 'NONE', #10206, 39.37007874015748143 ) ;
#10600 = CARTESIAN_POINT ( 'NONE',  ( 0.5067913519291874502, 0.08893342700064806039, -0.1104330708661437066 ) ) ;
#10601 = ADVANCED_BREP_SHAPE_REPRESENTATION ( 'CUI_DEVICES_DS05-127-2-06BK-SMT-TR', ( #1045, #5659 ), #10883 ) ;
#10602 = VECTOR ( 'NONE', #3320, 39.37007874015748143 ) ;
#10603 = FACE_OUTER_BOUND ( 'NONE', #9763, .T. ) ;
#10604 = DIRECTION ( 'NONE',  ( 1.000000000000000000, 1.644517855225996559E-15, 1.817990202823693835E-15 ) ) ;
#10605 = ORIENTED_EDGE ( 'NONE', *, *, #8443, .T. ) ;
#10606 = ADVANCED_FACE ( 'NONE', ( #1142 ), #7276, .F. ) ;
#10607 = ORIENTED_EDGE ( 'NONE', *, *, #1626, .T. ) ;
#10608 = VERTEX_POINT ( 'NONE', #10852 ) ;
#10609 = EDGE_CURVE ( 'NONE', #6558, #3635, #4632, .T. ) ;
#10610 = DIRECTION ( 'NONE',  ( 0.9317773919853026277, -0.3630301527215995527, 1.693962169841892772E-15 ) ) ;
#10611 = ORIENTED_EDGE ( 'NONE', *, *, #9245, .T. ) ;
#10612 = ADVANCED_FACE ( 'NONE', ( #5889 ), #7514, .F. ) ;
#10613 = AXIS2_PLACEMENT_3D ( 'NONE', #9680, #5267, #8811 ) ;
#10614 = DIRECTION ( 'NONE',  ( -1.817990202823693835E-15, 3.503246160812042677E-46, 1.000000000000000000 ) ) ;
#10615 =( GEOMETRIC_REPRESENTATION_CONTEXT ( 3 ) GLOBAL_UNCERTAINTY_ASSIGNED_CONTEXT ( ( #7366 ) ) GLOBAL_UNIT_ASSIGNED_CONTEXT ( ( #3917, #8300, #10905 ) ) REPRESENTATION_CONTEXT ( 'NONE', 'WORKASPACE' ) );
#10616 = FILL_AREA_STYLE ('',( #8914 ) ) ;
#10617 = UNCERTAINTY_MEASURE_WITH_UNIT (LENGTH_MEASURE( 1.000000000000000082E-05 ), #9409, 'distance_accuracy_value', 'NONE');
#10618 = DIRECTION ( 'NONE',  ( 1.817990202823693835E-15, -3.503246160812042677E-46, -1.000000000000000000 ) ) ;
#10619 = FILL_AREA_STYLE_COLOUR ( '', #9907 ) ;
#10620 = LINE ( 'NONE', #4458, #8833 ) ;
#10621 = LINE ( 'NONE', #2553, #5801 ) ;
#10622 = VECTOR ( 'NONE', #9359, 39.37007874015748143 ) ;
#10623 = ORIENTED_EDGE ( 'NONE', *, *, #8585, .T. ) ;
#10624 = MECHANICAL_DESIGN_GEOMETRIC_PRESENTATION_REPRESENTATION (  '', ( #2841 ), #6348 ) ;
#10625 = ADVANCED_FACE ( 'NONE', ( #3338 ), #11078, .T. ) ;
#10626 = PRESENTATION_STYLE_ASSIGNMENT (( #2027 ) ) ;
#10627 = CARTESIAN_POINT ( 'NONE',  ( 0.2660249164800734811, 0.09645669291338505869, -0.1761811023622072148 ) ) ;
#10628 = EDGE_CURVE ( 'NONE', #4355, #3905, #3118, .T. ) ;
#10629 = CARTESIAN_POINT ( 'NONE',  ( 0.2476053619159081509, 0.06990336523983385619, -0.1604330708661441673 ) ) ;
#10630 = DIRECTION ( 'NONE',  ( -1.817990202823693835E-15, 0.0000000000000000000, 1.000000000000000000 ) ) ;
#10631 = VECTOR ( 'NONE', #10763, 39.37007874015748143 ) ;
#10632 = FILL_AREA_STYLE_COLOUR ( '', #7168 ) ;
#10633 = UNCERTAINTY_MEASURE_WITH_UNIT (LENGTH_MEASURE( 1.000000000000000082E-05 ), #7550, 'distance_accuracy_value', 'NONE');
#10634 = LINE ( 'NONE', #2675, #7060 ) ;
#10635 = CARTESIAN_POINT ( 'NONE',  ( 0.4058070866141678668, 0.1240157480314955235, -0.1549212598425218912 ) ) ;
#10636 =( NAMED_UNIT ( * ) SI_UNIT ( $, .STERADIAN. ) SOLID_ANGLE_UNIT ( ) );
#10637 = FACE_OUTER_BOUND ( 'NONE', #8120, .T. ) ;
#10638 = ORIENTED_EDGE ( 'NONE', *, *, #7089, .T. ) ;
#10639 = EDGE_CURVE ( 'NONE', #1710, #3094, #1502, .T. ) ;
#10640 =( NAMED_UNIT ( * ) PLANE_ANGLE_UNIT ( ) SI_UNIT ( $, .RADIAN. ) );
#10641 = PLANE ( 'NONE',  #10842 ) ;
#10642 = ORIENTED_EDGE ( 'NONE', *, *, #10682, .T. ) ;
#10643 = AXIS2_PLACEMENT_3D ( 'NONE', #7592, #10519, #1467 ) ;
#10644 = PLANE ( 'NONE',  #1025 ) ;
#10645 = ORIENTED_EDGE ( 'NONE', *, *, #4640, .T. ) ;
#10646 = SURFACE_SIDE_STYLE ('',( #10584 ) ) ;
#10647 = CARTESIAN_POINT ( 'NONE',  ( 0.5442913385826723127, 0.05905511811023591434, -0.2604330708661436455 ) ) ;
#10648 =( NAMED_UNIT ( * ) PLANE_ANGLE_UNIT ( ) SI_UNIT ( $, .RADIAN. ) );
#10649 = CARTESIAN_POINT ( 'NONE',  ( 0.2175196850393652515, 0.06614173228346371947, -0.2604330708661442562 ) ) ;
#10650 = SURFACE_SIDE_STYLE ('',( #11394 ) ) ;
#10651 = DIRECTION ( 'NONE',  ( -1.000000000000000000, -1.644517855225996559E-15, -1.817990202823693835E-15 ) ) ;
#10652 = ORIENTED_EDGE ( 'NONE', *, *, #11244, .F. ) ;
#10653 = CARTESIAN_POINT ( 'NONE',  ( 0.2746062992125923308, 0.1535433070866134286, 0.03759842519684797324 ) ) ;
#10654 = VECTOR ( 'NONE', #2906, 39.37007874015748143 ) ;
#10655 = VERTEX_POINT ( 'NONE', #10433 ) ;
#10656 = DIRECTION ( 'NONE',  ( -1.817990202823693835E-15, 0.0000000000000000000, 1.000000000000000000 ) ) ;
#10657 = ORIENTED_EDGE ( 'NONE', *, *, #10967, .F. ) ;
#10658 =( LENGTH_UNIT ( ) NAMED_UNIT ( * ) SI_UNIT ( $, .METRE. ) );
#10659 = MECHANICAL_DESIGN_GEOMETRIC_PRESENTATION_REPRESENTATION (  '', ( #2686 ), #5264 ) ;
#10660 =( CONVERSION_BASED_UNIT ( 'INCH', #7139 ) LENGTH_UNIT ( ) NAMED_UNIT ( #9424 ) );
#10661 = CARTESIAN_POINT ( 'NONE',  ( 0.3821850393700738091, 0.1448818897637632053, -0.2553149606299235375 ) ) ;
#10662 = CARTESIAN_POINT ( 'NONE',  ( 0.3560039370078683096, 0.1279527559055112229, -0.08267716535433294878 ) ) ;
#10663 = AXIS2_PLACEMENT_3D ( 'NONE', #3758, #173, #3701 ) ;
#10664 = CARTESIAN_POINT ( 'NONE',  ( 0.5001882050568455806, 0.08636077237506221971, -0.2604330708661438121 ) ) ;
#10665 = LINE ( 'NONE', #4500, #1929 ) ;
#10666 = DIRECTION ( 'NONE',  ( 1.000000000000000000, 1.644517855225996559E-15, 1.817990202823693835E-15 ) ) ;
#10667 = CYLINDRICAL_SURFACE ( 'NONE', #10990, 0.01299212598425197353 ) ;
#10668 = ORIENTED_EDGE ( 'NONE', *, *, #4374, .T. ) ;
#10669 = ORIENTED_EDGE ( 'NONE', *, *, #3453, .T. ) ;
#10670 =( GEOMETRIC_REPRESENTATION_CONTEXT ( 3 ) GLOBAL_UNCERTAINTY_ASSIGNED_CONTEXT ( ( #864 ) ) GLOBAL_UNIT_ASSIGNED_CONTEXT ( ( #11023, #10143, #1317 ) ) REPRESENTATION_CONTEXT ( 'NONE', 'WORKASPACE' ) );
#10671 = ORIENTED_EDGE ( 'NONE', *, *, #8653, .F. ) ;
#10672 = LINE ( 'NONE', #8969, #6615 ) ;
#10673 = ORIENTED_EDGE ( 'NONE', *, *, #4414, .F. ) ;
#10674 = VECTOR ( 'NONE', #2534, 39.37007874015748143 ) ;
#10675 = SURFACE_STYLE_FILL_AREA ( #10616 ) ;
#10676 = ADVANCED_FACE ( 'NONE', ( #9321 ), #554, .T. ) ;
#10677 = ORIENTED_EDGE ( 'NONE', *, *, #3171, .F. ) ;
#10678 = CARTESIAN_POINT ( 'NONE',  ( 0.2421027395222936085, 0.07204724409448738653, -0.06043307086614425200 ) ) ;
#10679 = VECTOR ( 'NONE', #1818, 39.37007874015748143 ) ;
#10680 = FACE_OUTER_BOUND ( 'NONE', #1646, .T. ) ;
#10681 = CARTESIAN_POINT ( 'NONE',  ( 0.4432086614173172956, 0.1476377952755900669, -0.1375984251968525029 ) ) ;
#10682 = EDGE_CURVE ( 'NONE', #1265, #10717, #957, .T. ) ;
#10683 = VECTOR ( 'NONE', #6730, 39.37007874015748143 ) ;
#10684 = EDGE_CURVE ( 'NONE', #9710, #10256, #7844, .T. ) ;
#10685 = COLOUR_RGB ( '',0.7607843137254901578, 0.7607843137254901578, 0.0000000000000000000 ) ;
#10686 = VERTEX_POINT ( 'NONE', #11352 ) ;
#10687 = SURFACE_STYLE_USAGE ( .BOTH. , #3764 ) ;
#10688 = FILL_AREA_STYLE ('',( #9096 ) ) ;
#10689 = CARTESIAN_POINT ( 'NONE',  ( 0.4957861071419634724, 0.08937007874015708009, -0.2104330708661437954 ) ) ;
#10690 =( GEOMETRIC_REPRESENTATION_CONTEXT ( 3 ) GLOBAL_UNCERTAINTY_ASSIGNED_CONTEXT ( ( #2015 ) ) GLOBAL_UNIT_ASSIGNED_CONTEXT ( ( #7715, #4184, #11443 ) ) REPRESENTATION_CONTEXT ( 'NONE', 'WORKASPACE' ) );
#10691 = DIRECTION ( 'NONE',  ( -1.000000000000000000, -1.644517855225996559E-15, -1.817990202823693835E-15 ) ) ;
#10692 = EDGE_CURVE ( 'NONE', #4435, #5080, #9600, .T. ) ;
#10693 = CARTESIAN_POINT ( 'NONE',  ( 0.5197082840997423459, 0.07204724409448784450, -0.02618110236220673112 ) ) ;
#10694 = FACE_OUTER_BOUND ( 'NONE', #10787, .T. ) ;
#10695 = SURFACE_STYLE_USAGE ( .BOTH. , #10573 ) ;
#10696 = EDGE_CURVE ( 'NONE', #2210, #9632, #4323, .T. ) ;
#10697 = DIRECTION ( 'NONE',  ( 1.154489273450655176E-15, -0.9701425001453140018, 0.2425356250364040234 ) ) ;
#10698 = VERTEX_POINT ( 'NONE', #837 ) ;
#10699 = ORIENTED_EDGE ( 'NONE', *, *, #7942, .T. ) ;
#10700 = EDGE_LOOP ( 'NONE', ( #4393, #6959, #8775, #8725 ) ) ;
#10701 = VECTOR ( 'NONE', #2004, 39.37007874015748143 ) ;
#10702 = STYLED_ITEM ( 'NONE', ( #4596 ), #2608 ) ;
#10703 =( NAMED_UNIT ( * ) PLANE_ANGLE_UNIT ( ) SI_UNIT ( $, .RADIAN. ) );
#10704 = CARTESIAN_POINT ( 'NONE',  ( 0.2421027395222944967, 0.07204724409448738653, -0.2761811023622073313 ) ) ;
#10705 = EDGE_CURVE ( 'NONE', #7092, #3429, #3394, .T. ) ;
#10706 =( CONVERSION_BASED_UNIT ( 'INCH', #7996 ) LENGTH_UNIT ( ) NAMED_UNIT ( #10319 ) );
#10707 = LINE ( 'NONE', #9760, #785 ) ;
#10708 = AXIS2_PLACEMENT_3D ( 'NONE', #9387, #3180, #10257 ) ;
#10709 = CARTESIAN_POINT ( 'NONE',  ( 0.3186023622047193804, 0.1476377952755898726, -0.2375984251968527028 ) ) ;
#10710 = PRESENTATION_STYLE_ASSIGNMENT (( #9176 ) ) ;
#10711 = PRESENTATION_LAYER_ASSIGNMENT (  '', '', ( #8641 ) ) ;
#10712 = ORIENTED_EDGE ( 'NONE', *, *, #10609, .T. ) ;
#10713 = DIRECTION ( 'NONE',  ( -1.000000000000000000, -1.644517855225996559E-15, -1.817990202823693835E-15 ) ) ;
#10714 = ORIENTED_EDGE ( 'NONE', *, *, #5987, .T. ) ;
#10716 = SURFACE_SIDE_STYLE ('',( #2763 ) ) ;
#10715 = MECHANICAL_DESIGN_GEOMETRIC_PRESENTATION_REPRESENTATION (  '', ( #7905 ), #11265 ) ;
#10717 = VERTEX_POINT ( 'NONE', #2598 ) ;
#10718 = DIRECTION ( 'NONE',  ( 1.817990202823693835E-15, -3.503246160812042677E-46, -1.000000000000000000 ) ) ;
#10719 = VECTOR ( 'NONE', #5711, 39.37007874015748143 ) ;
#10720 = SURFACE_STYLE_FILL_AREA ( #661 ) ;
#10721 = CARTESIAN_POINT ( 'NONE',  ( 0.2746062992125933855, 0.08937007874015673314, -0.2261811023622072314 ) ) ;
#10722 = LENGTH_MEASURE_WITH_UNIT ( LENGTH_MEASURE( 0.02539999999999999897 ), #3626 );
#10723 = DIRECTION ( 'NONE',  ( -1.000000000000000000, -1.644517855225996559E-15, -1.817990202823693835E-15 ) ) ;
#10724 = VECTOR ( 'NONE', #5159, 39.37007874015748143 ) ;
#10725 = AXIS2_PLACEMENT_3D ( 'NONE', #1519, #7708, #5036 ) ;
#10726 = FACE_OUTER_BOUND ( 'NONE', #6002, .T. ) ;
#10727 = ORIENTED_EDGE ( 'NONE', *, *, #3934, .F. ) ;
#10728 = ORIENTED_EDGE ( 'NONE', *, *, #4793, .F. ) ;
#10729 = ORIENTED_EDGE ( 'NONE', *, *, #4984, .T. ) ;
#10730 = PLANE ( 'NONE',  #11451 ) ;
#10731 = VERTEX_POINT ( 'NONE', #4443 ) ;
#10732 = VECTOR ( 'NONE', #1565, 39.37007874015748854 ) ;
#10733 =( LENGTH_UNIT ( ) NAMED_UNIT ( * ) SI_UNIT ( $, .METRE. ) );
#10734 = LINE ( 'NONE', #7968, #5892 ) ;
#10735 = UNCERTAINTY_MEASURE_WITH_UNIT (LENGTH_MEASURE( 1.000000000000000082E-05 ), #10660, 'distance_accuracy_value', 'NONE');
#10736 = ORIENTED_EDGE ( 'NONE', *, *, #10011, .F. ) ;
#10737 = SURFACE_STYLE_FILL_AREA ( #8676 ) ;
#10738 = LINE ( 'NONE', #172, #3897 ) ;
#10739 = CARTESIAN_POINT ( 'NONE',  ( 0.5197082840997426789, 0.07204724409448784450, -0.1893149606299232290 ) ) ;
#10740 = CARTESIAN_POINT ( 'NONE',  ( 0.5142056617061282475, 0.06990336523983428640, -0.06043307086614371076 ) ) ;
#10741 = VERTEX_POINT ( 'NONE', #3568 ) ;
#10742 =( NAMED_UNIT ( * ) SI_UNIT ( $, .STERADIAN. ) SOLID_ANGLE_UNIT ( ) );
#10743 = CARTESIAN_POINT ( 'NONE',  ( 0.5197082840997426789, 0.07204724409448784450, -0.1893149606299232290 ) ) ;
#10744 = FILL_AREA_STYLE_COLOUR ( '', #1804 ) ;
#10745 = EDGE_CURVE ( 'NONE', #6469, #1845, #11412, .T. ) ;
#10746 = EDGE_CURVE ( 'NONE', #7907, #4976, #7959, .T. ) ;
#10747 =( NAMED_UNIT ( * ) SI_UNIT ( $, .STERADIAN. ) SOLID_ANGLE_UNIT ( ) );
#10748 = UNCERTAINTY_MEASURE_WITH_UNIT (LENGTH_MEASURE( 1.000000000000000082E-05 ), #11004, 'distance_accuracy_value', 'NONE');
#10749 = DIRECTION ( 'NONE',  ( -0.5643446851342061032, -0.8255392639728129645, -9.856383386231859567E-16 ) ) ;
#10750 = DIRECTION ( 'NONE',  ( 1.817990202823693835E-15, 0.0000000000000000000, -1.000000000000000000 ) ) ;
#10751 = CARTESIAN_POINT ( 'NONE',  ( 0.3560039370078686982, 0.1240157480314796890, -0.1549212598425219467 ) ) ;
#10752 = DIRECTION ( 'NONE',  ( -1.817990202823693835E-15, 0.0000000000000000000, 1.000000000000000000 ) ) ;
#10753 = FILL_AREA_STYLE_COLOUR ( '', #4722 ) ;
#10754 = EDGE_LOOP ( 'NONE', ( #3576, #430, #1301, #7975 ) ) ;
#10755 = ADVANCED_FACE ( 'NONE', ( #10726 ), #10667, .T. ) ;
#10756 = FACE_OUTER_BOUND ( 'NONE', #3048, .T. ) ;
#10757 = EDGE_CURVE ( 'NONE', #5878, #1672, #6142, .T. ) ;
#10758 = CYLINDRICAL_SURFACE ( 'NONE', #9113, 0.01181102362204724046 ) ;
#10759 = CARTESIAN_POINT ( 'NONE',  ( 0.4432086614173176842, 0.1476377952755900669, -0.2064960629921281376 ) ) ;
#10760 = DIMENSIONAL_EXPONENTS ( 1.000000000000000000, 0.0000000000000000000, 0.0000000000000000000, 0.0000000000000000000, 0.0000000000000000000, 0.0000000000000000000, 0.0000000000000000000 ) ;
#10761 = LINE ( 'NONE', #10647, #9851 ) ;
#10762 = DIRECTION ( 'NONE',  ( 1.644517855225997348E-15, -1.000000000000000000, 2.970554346222872930E-30 ) ) ;
#10763 = DIRECTION ( 'NONE',  ( -1.644517855225997348E-15, 1.000000000000000000, -2.970554346222872930E-30 ) ) ;
#10764 = AXIS2_PLACEMENT_3D ( 'NONE', #7781, #5886, #9489 ) ;
#10765 = FACE_OUTER_BOUND ( 'NONE', #8835, .T. ) ;
#10766 = FACE_OUTER_BOUND ( 'NONE', #3984, .T. ) ;
#10767 = ORIENTED_EDGE ( 'NONE', *, *, #4132, .T. ) ;
#10768 = FACE_OUTER_BOUND ( 'NONE', #8970, .T. ) ;
#10769 = ORIENTED_EDGE ( 'NONE', *, *, #6503, .F. ) ;
#10770 = EDGE_CURVE ( 'NONE', #3094, #10986, #5304, .T. ) ;
#10771 = ORIENTED_EDGE ( 'NONE', *, *, #2501, .F. ) ;
#10772 = EDGE_CURVE ( 'NONE', #9877, #5930, #7906, .T. ) ;
#10773 = VECTOR ( 'NONE', #8766, 39.37007874015748143 ) ;
#10774 = DIRECTION ( 'NONE',  ( 0.3630301527215994972, 0.9317773919853026277, 6.599852609774574981E-16 ) ) ;
#10775 = ORIENTED_EDGE ( 'NONE', *, *, #9740, .T. ) ;
#10776 = PRESENTATION_STYLE_ASSIGNMENT (( #6405 ) ) ;
#10777 = SURFACE_STYLE_FILL_AREA ( #5585 ) ;
#10778 = DIMENSIONAL_EXPONENTS ( 1.000000000000000000, 0.0000000000000000000, 0.0000000000000000000, 0.0000000000000000000, 0.0000000000000000000, 0.0000000000000000000, 0.0000000000000000000 ) ;
#10779 = CARTESIAN_POINT ( 'NONE',  ( 0.2421027395222944412, 0.05905511811023542168, -0.2604330708661442562 ) ) ;
#10780 = DIRECTION ( 'NONE',  ( -1.817990202823693835E-15, 0.0000000000000000000, 1.000000000000000000 ) ) ;
#10781 = SURFACE_SIDE_STYLE ('',( #2006 ) ) ;
#10782 = PLANE ( 'NONE',  #10069 ) ;
#10784 = VECTOR ( 'NONE', #9744, 39.37007874015748143 ) ;
#10783 =( CONVERSION_BASED_UNIT ( 'INCH', #10444 ) LENGTH_UNIT ( ) NAMED_UNIT ( #523 ) );
#10785 = ORIENTED_EDGE ( 'NONE', *, *, #2736, .T. ) ;
#10786 = EDGE_CURVE ( 'NONE', #6059, #7699, #8134, .T. ) ;
#10787 = EDGE_LOOP ( 'NONE', ( #5649, #4773, #3868, #6748 ) ) ;
#10788 = ADVANCED_FACE ( 'NONE', ( #1181 ), #4618, .T. ) ;
#10789 = DIRECTION ( 'NONE',  ( -1.000000000000000000, -1.644517855225996559E-15, -1.817990202823693835E-15 ) ) ;
#10790 = ORIENTED_EDGE ( 'NONE', *, *, #4104, .T. ) ;
#10791 = DIRECTION ( 'NONE',  ( -1.817990202823693835E-15, 0.0000000000000000000, 1.000000000000000000 ) ) ;
#10792 = VECTOR ( 'NONE', #11218, 39.37007874015748143 ) ;
#10793 = LENGTH_MEASURE_WITH_UNIT ( LENGTH_MEASURE( 0.02539999999999999897 ), #4682 );
#10794 = VERTEX_POINT ( 'NONE', #8964 ) ;
#10795 = LINE ( 'NONE', #171, #5035 ) ;
#10796 = LENGTH_MEASURE_WITH_UNIT ( LENGTH_MEASURE( 0.02539999999999999897 ), #8088 );
#10797 = LINE ( 'NONE', #6365, #7106 ) ;
#10798 = LINE ( 'NONE', #2065, #2555 ) ;
#10799 =( NAMED_UNIT ( * ) PLANE_ANGLE_UNIT ( ) SI_UNIT ( $, .RADIAN. ) );
#10800 = LINE ( 'NONE', #8208, #7131 ) ;
#10801 = ORIENTED_EDGE ( 'NONE', *, *, #3949, .F. ) ;
#10802 = COLOUR_RGB ( '',0.7607843137254901578, 0.7607843137254901578, 0.0000000000000000000 ) ;
#10803 = DIRECTION ( 'NONE',  ( -1.817990202823693835E-15, 0.0000000000000000000, 1.000000000000000000 ) ) ;
#10804 = CARTESIAN_POINT ( 'NONE',  ( 0.3560039370078681431, 0.1240157480314954541, 0.05807086614173000150 ) ) ;
#10805 =( CONVERSION_BASED_UNIT ( 'INCH', #3657 ) LENGTH_UNIT ( ) NAMED_UNIT ( #9232 ) );
#10806 = CARTESIAN_POINT ( 'NONE',  ( 0.4872047244094427909, 0.1358267716535428993, 0.03759842519684838957 ) ) ;
#10807 = CARTESIAN_POINT ( 'NONE',  ( 0.4805418239949949544, 0.09291338582677124980, -0.2261811023622068428 ) ) ;
#10808 = CARTESIAN_POINT ( 'NONE',  ( 0.2616228185651912619, 0.08636077237506183113, -0.07618110236220720921 ) ) ;
#10809 = SURFACE_STYLE_USAGE ( .BOTH. , #1925 ) ;
#10810 = EDGE_LOOP ( 'NONE', ( #4263, #107, #4666, #3204 ) ) ;
#10811 = AXIS2_PLACEMENT_3D ( 'NONE', #8885, #7237, #10817 ) ;
#10812 = CARTESIAN_POINT ( 'NONE',  ( 0.2476053619159075680, 0.06990336523983385619, -0.02618110236220720990 ) ) ;
#10813 = CARTESIAN_POINT ( 'NONE',  ( 0.5197082840997432340, 0.07204724409448784450, -0.2761811023622067762 ) ) ;
#10814 = DIRECTION ( 'NONE',  ( -1.817990202823693835E-15, 0.0000000000000000000, 1.000000000000000000 ) ) ;
#10815 = CARTESIAN_POINT ( 'NONE',  ( 0.2421027395222939971, 0.07204724409448738653, -0.1604330708661442506 ) ) ;
#10816 = EDGE_CURVE ( 'NONE', #11009, #5408, #8544, .T. ) ;
#10817 = DIRECTION ( 'NONE',  ( -0.9317773919853008513, -0.3630301527216037161, 0.0000000000000000000 ) ) ;
#10818 = DIRECTION ( 'NONE',  ( 1.817990202823693835E-15, 0.0000000000000000000, -1.000000000000000000 ) ) ;
#10819 = MECHANICAL_DESIGN_GEOMETRIC_PRESENTATION_REPRESENTATION (  '', ( #7637 ), #6538 ) ;
#10820 = CARTESIAN_POINT ( 'NONE',  ( 0.5108267716535382919, 0.05905511811023586577, -0.1986220472440964613 ) ) ;
#10821 = ORIENTED_EDGE ( 'NONE', *, *, #2153, .F. ) ;
#10822 = EDGE_CURVE ( 'NONE', #364, #9255, #5032, .T. ) ;
#10823 = CARTESIAN_POINT ( 'NONE',  ( 0.2746062992125923308, 0.1535433070866134286, -0.3242125984252002269 ) ) ;
#10824 = ORIENTED_EDGE ( 'NONE', *, *, #5895, .F. ) ;
#10825 = LINE ( 'NONE', #1118, #1210 ) ;
#10826 = ORIENTED_EDGE ( 'NONE', *, *, #6399, .T. ) ;
#10827 =( NAMED_UNIT ( * ) SI_UNIT ( $, .STERADIAN. ) SOLID_ANGLE_UNIT ( ) );
#10828 = ORIENTED_EDGE ( 'NONE', *, *, #7027, .F. ) ;
#10829 = STYLED_ITEM ( 'NONE', ( #292 ), #9055 ) ;
#10830 = EDGE_CURVE ( 'NONE', #11341, #8347, #1245, .T. ) ;
#10831 = CARTESIAN_POINT ( 'NONE',  ( 0.3560039370078683096, 0.1240157480314954541, -0.05492125984252195503 ) ) ;
#10832 = COLOUR_RGB ( '',0.7607843137254901578, 0.7607843137254901578, 0.0000000000000000000 ) ;
#10833 = CARTESIAN_POINT ( 'NONE',  ( 0.4957861071419631394, 0.08464566929133819639, -0.09729921259842723436 ) ) ;
#10834 = SURFACE_STYLE_USAGE ( .BOTH. , #3628 ) ;
#10835 = ADVANCED_FACE ( 'NONE', ( #6574 ), #6468, .T. ) ;
#10836 = CARTESIAN_POINT ( 'NONE',  ( 0.4872047244094436236, 0.08937007874015708009, -0.1761811023622067984 ) ) ;
#10837 = FILL_AREA_STYLE ('',( #1073 ) ) ;
#10838 = AXIS2_PLACEMENT_3D ( 'NONE', #1855, #795, #1680 ) ;
#10839 = ORIENTED_EDGE ( 'NONE', *, *, #533, .F. ) ;
#10840 = ORIENTED_EDGE ( 'NONE', *, *, #5146, .F. ) ;
#10841 = ORIENTED_EDGE ( 'NONE', *, *, #3815, .T. ) ;
#10842 = AXIS2_PLACEMENT_3D ( 'NONE', #5334, #7873, #10458 ) ;
#10843 = COLOUR_RGB ( '',0.7607843137254901578, 0.7607843137254901578, 0.0000000000000000000 ) ;
#10844 = DIRECTION ( 'NONE',  ( 1.644517855225996559E-15, -1.000000000000000000, 2.970554346222871178E-30 ) ) ;
#10845 = EDGE_CURVE ( 'NONE', #871, #166, #4886, .T. ) ;
#10846 = UNCERTAINTY_MEASURE_WITH_UNIT (LENGTH_MEASURE( 1.000000000000000082E-05 ), #11396, 'distance_accuracy_value', 'NONE');
#10847 = ORIENTED_EDGE ( 'NONE', *, *, #8507, .T. ) ;
#10848 = DIRECTION ( 'NONE',  ( 1.817990202823693835E-15, 0.0000000000000000000, -1.000000000000000000 ) ) ;
#10849 = CYLINDRICAL_SURFACE ( 'NONE', #3850, 0.01299212598425197353 ) ;
#10850 = FILL_AREA_STYLE ('',( #8311 ) ) ;
#10851 =( GEOMETRIC_REPRESENTATION_CONTEXT ( 3 ) GLOBAL_UNCERTAINTY_ASSIGNED_CONTEXT ( ( #4465 ) ) GLOBAL_UNIT_ASSIGNED_CONTEXT ( ( #4757, #3191, #5844 ) ) REPRESENTATION_CONTEXT ( 'NONE', 'WORKASPACE' ) );
#10852 = CARTESIAN_POINT ( 'NONE',  ( 0.4957861071419630283, 0.09645669291338543339, -0.1261811023622068095 ) ) ;
#10853 = ORIENTED_EDGE ( 'NONE', *, *, #4911, .T. ) ;
#10854 = DIMENSIONAL_EXPONENTS ( 1.000000000000000000, 0.0000000000000000000, 0.0000000000000000000, 0.0000000000000000000, 0.0000000000000000000, 0.0000000000000000000, 0.0000000000000000000 ) ;
#10855 = LENGTH_MEASURE_WITH_UNIT ( LENGTH_MEASURE( 0.02539999999999999897 ), #6256 );
#10856 = CARTESIAN_POINT ( 'NONE',  ( 0.4058070866141676447, 0.1279527559055112784, -0.1039370078740179254 ) ) ;
#10857 = VECTOR ( 'NONE', #3645, 39.37007874015748854 ) ;
#10858 = FACE_OUTER_BOUND ( 'NONE', #5089, .T. ) ;
#10859 = FACE_OUTER_BOUND ( 'NONE', #1754, .T. ) ;
#10860 = VECTOR ( 'NONE', #9828, 39.37007874015748143 ) ;
#10861 = SURFACE_STYLE_USAGE ( .BOTH. , #5557 ) ;
#10862 = VECTOR ( 'NONE', #10537, 39.37007874015748143 ) ;
#10863 = UNCERTAINTY_MEASURE_WITH_UNIT (LENGTH_MEASURE( 1.000000000000000082E-05 ), #3345, 'distance_accuracy_value', 'NONE');
#10864 = PRESENTATION_STYLE_ASSIGNMENT (( #1268 ) ) ;
#10865 = VECTOR ( 'NONE', #6870, 39.37007874015748143 ) ;
#10866 = PRESENTATION_STYLE_ASSIGNMENT (( #188 ) ) ;
#10867 = CARTESIAN_POINT ( 'NONE',  ( 0.4872047244094427909, 0.1358267716535428993, -0.3242125984252007265 ) ) ;
#10868 = LINE ( 'NONE', #6321, #3062 ) ;
#10869 =( GEOMETRIC_REPRESENTATION_CONTEXT ( 3 ) GLOBAL_UNCERTAINTY_ASSIGNED_CONTEXT ( ( #7218 ) ) GLOBAL_UNIT_ASSIGNED_CONTEXT ( ( #2685, #878, #3541 ) ) REPRESENTATION_CONTEXT ( 'NONE', 'WORKASPACE' ) );
#10870 = FACE_OUTER_BOUND ( 'NONE', #11233, .T. ) ;
#10871 = VERTEX_POINT ( 'NONE', #3326 ) ;
#10872 = VECTOR ( 'NONE', #2211, 39.37007874015748143 ) ;
#10873 = CARTESIAN_POINT ( 'NONE',  ( 0.3560039370078683096, 0.1240157480314796890, -0.05492125984252195503 ) ) ;
#10874 = PRESENTATION_LAYER_ASSIGNMENT (  '', '', ( #6946 ) ) ;
#10875 = CARTESIAN_POINT ( 'NONE',  ( 0.5076025148337939275, 0.06733071061424766857, -0.1261811023622067540 ) ) ;
#10876 = CARTESIAN_POINT ( 'NONE',  ( 0.4058070866141676447, 0.1279527559055112784, -0.1039370078740179254 ) ) ;
#10877 = UNCERTAINTY_MEASURE_WITH_UNIT (LENGTH_MEASURE( 1.000000000000000082E-05 ), #3190, 'distance_accuracy_value', 'NONE');
#10878 = PRESENTATION_STYLE_ASSIGNMENT (( #250 ) ) ;
#10879 = VECTOR ( 'NONE', #2414, 39.37007874015747433 ) ;
#10880 = STYLED_ITEM ( 'NONE', ( #6522 ), #3297 ) ;
#10881 = SURFACE_STYLE_USAGE ( .BOTH. , #7297 ) ;
#10882 = CARTESIAN_POINT ( 'NONE',  ( 0.3186023622047192139, 0.1535433070866134841, -0.1875984251968526861 ) ) ;
#10883 =( GEOMETRIC_REPRESENTATION_CONTEXT ( 3 ) GLOBAL_UNCERTAINTY_ASSIGNED_CONTEXT ( ( #5623 ) ) GLOBAL_UNIT_ASSIGNED_CONTEXT ( ( #4634, #3650, #8210 ) ) REPRESENTATION_CONTEXT ( 'NONE', 'WORKASPACE' ) );
#10884 = DIRECTION ( 'NONE',  ( 1.817990202823693441E-15, 1.916300294662321915E-32, -1.000000000000000000 ) ) ;
#10885 = DIRECTION ( 'NONE',  ( -1.000000000000000000, -1.644517855225996559E-15, -1.817990202823693835E-15 ) ) ;
#10886 = VERTEX_POINT ( 'NONE', #7562 ) ;
#10887 = SURFACE_STYLE_FILL_AREA ( #6338 ) ;
#10888 = FILL_AREA_STYLE_COLOUR ( '', #6920 ) ;
#10889 = ORIENTED_EDGE ( 'NONE', *, *, #2678, .F. ) ;
#10890 = LINE ( 'NONE', #206, #5465 ) ;
#10891 = VECTOR ( 'NONE', #6409, 39.37007874015748143 ) ;
#10892 = VECTOR ( 'NONE', #4095, 39.37007874015747433 ) ;
#10893 = ORIENTED_EDGE ( 'NONE', *, *, #4522, .T. ) ;
#10894 = STYLED_ITEM ( 'NONE', ( #6694 ), #10899 ) ;
#10895 = EDGE_LOOP ( 'NONE', ( #3036, #2479, #1018, #6815 ) ) ;
#10896 = ADVANCED_FACE ( 'NONE', ( #490 ), #11226, .F. ) ;
#10897 = VECTOR ( 'NONE', #6767, 39.37007874015748854 ) ;
#10898 =( CONVERSION_BASED_UNIT ( 'INCH', #2107 ) LENGTH_UNIT ( ) NAMED_UNIT ( #2072 ) );
#10899 = ADVANCED_FACE ( 'NONE', ( #5750 ), #9478, .T. ) ;
#10900 = DIRECTION ( 'NONE',  ( 2.891205793294679411E-15, -1.000000000000000000, 0.0000000000000000000 ) ) ;
#10901 = CARTESIAN_POINT ( 'NONE',  ( 0.4872047244094431795, 0.08937007874015708009, -0.07618110236220680676 ) ) ;
#10902 = COLOUR_RGB ( '',1.000000000000000000, 1.000000000000000000, 1.000000000000000000 ) ;
#10903 = PRESENTATION_STYLE_ASSIGNMENT (( #3746 ) ) ;
#10904 = LENGTH_MEASURE_WITH_UNIT ( LENGTH_MEASURE( 0.02539999999999999897 ), #6982 );
#10905 =( NAMED_UNIT ( * ) SI_UNIT ( $, .STERADIAN. ) SOLID_ANGLE_UNIT ( ) );
#10906 = ORIENTED_EDGE ( 'NONE', *, *, #9166, .F. ) ;
#10907 = AXIS2_PLACEMENT_3D ( 'NONE', #6064, #5195, #6123 ) ;
#10908 = ORIENTED_EDGE ( 'NONE', *, *, #8808, .F. ) ;
#10909 = EDGE_CURVE ( 'NONE', #675, #8053, #7667, .T. ) ;
#10910 = CARTESIAN_POINT ( 'NONE',  ( 0.2421027395222936085, 0.05905511811023542168, -0.06043307086614425200 ) ) ;
#10911 = ORIENTED_EDGE ( 'NONE', *, *, #8092, .F. ) ;
#10912 = VECTOR ( 'NONE', #5491, 39.37007874015748143 ) ;
#10913 = ADVANCED_FACE ( 'NONE', ( #11339 ), #34, .T. ) ;
#10914 = CARTESIAN_POINT ( 'NONE',  ( 0.2660249164800733701, 0.08464566929133782169, -0.1893149606299237009 ) ) ;
#10915 = DIRECTION ( 'NONE',  ( -0.3630301527215995527, -0.9317773919853026277, -6.599852609774574981E-16 ) ) ;
#10916 = AXIS2_PLACEMENT_3D ( 'NONE', #8631, #6947, #9622 ) ;
#10917 = ORIENTED_EDGE ( 'NONE', *, *, #8808, .T. ) ;
#10918 = LINE ( 'NONE', #2834, #4120 ) ;
#10919 = DIRECTION ( 'NONE',  ( -1.817990202823693835E-15, 0.0000000000000000000, 1.000000000000000000 ) ) ;
#10920 = VERTEX_POINT ( 'NONE', #3500 ) ;
#10921 = SURFACE_STYLE_USAGE ( .BOTH. , #2843 ) ;
#10922 = ADVANCED_FACE ( 'NONE', ( #6042 ), #6910, .T. ) ;
#10923 = COLOUR_RGB ( '',0.7607843137254901578, 0.7607843137254901578, 0.0000000000000000000 ) ;
#10924 =( LENGTH_UNIT ( ) NAMED_UNIT ( * ) SI_UNIT ( $, .METRE. ) );
#10925 = VERTEX_POINT ( 'NONE', #9639 ) ;
#10926 = LINE ( 'NONE', #3655, #3466 ) ;
#10927 = EDGE_CURVE ( 'NONE', #6976, #477, #8890, .T. ) ;
#10928 = FILL_AREA_STYLE_COLOUR ( '', #8182 ) ;
#10929 =( CONVERSION_BASED_UNIT ( 'INCH', #5671 ) LENGTH_UNIT ( ) NAMED_UNIT ( #2461 ) );
#10930 = MECHANICAL_DESIGN_GEOMETRIC_PRESENTATION_REPRESENTATION (  '', ( #7365 ), #2947 ) ;
#10931 = DIRECTION ( 'NONE',  ( -0.8849182223819958004, 0.4657464328325965908, -1.608772658590627243E-15 ) ) ;
#10932 = SURFACE_STYLE_FILL_AREA ( #294 ) ;
#10933 = LENGTH_MEASURE_WITH_UNIT ( LENGTH_MEASURE( 0.02539999999999999897 ), #5613 );
#10934 = ORIENTED_EDGE ( 'NONE', *, *, #3804, .F. ) ;
#10935 = DIRECTION ( 'NONE',  ( 1.817990202823693835E-15, 0.0000000000000000000, -1.000000000000000000 ) ) ;
#10936 = STYLED_ITEM ( 'NONE', ( #775 ), #5203 ) ;
#10937 = DIMENSIONAL_EXPONENTS ( 1.000000000000000000, 0.0000000000000000000, 0.0000000000000000000, 0.0000000000000000000, 0.0000000000000000000, 0.0000000000000000000, 0.0000000000000000000 ) ;
#10938 = CARTESIAN_POINT ( 'NONE',  ( 0.3821850393700734760, 0.1448818897637632053, -0.1812992125984274894 ) ) ;
#10939 =( CONVERSION_BASED_UNIT ( 'INCH', #7367 ) LENGTH_UNIT ( ) NAMED_UNIT ( #11206 ) );
#10940 = CARTESIAN_POINT ( 'NONE',  ( 0.4058070866141677557, 0.1279527559055124442, -0.1312992125984274172 ) ) ;
#10941 = CARTESIAN_POINT ( 'NONE',  ( 0.4990157480314910687, 0.09645669291338544726, -0.1986220472440965445 ) ) ;
#10942 = CARTESIAN_POINT ( 'NONE',  ( 0.4058070866141678668, 0.1448818897637632330, -0.1553149606299234486 ) ) ;
#10943 = EDGE_LOOP ( 'NONE', ( #2887, #10769, #6455, #9327 ) ) ;
#10944 = AXIS2_PLACEMENT_3D ( 'NONE', #8345, #586, #1480 ) ;
#10945 = CARTESIAN_POINT ( 'NONE',  ( 0.3560039370078686982, 0.1240157480314954541, -0.1816929133858290468 ) ) ;
#10946 = SURFACE_STYLE_USAGE ( .BOTH. , #7426 ) ;
#10947 = ORIENTED_EDGE ( 'NONE', *, *, #889, .F. ) ;
#10948 = DIRECTION ( 'NONE',  ( -2.036344053754329794E-15, 0.9701425001453376495, 0.2425356250363099597 ) ) ;
#10949 = VERTEX_POINT ( 'NONE', #4371 ) ;
#10950 = ORIENTED_EDGE ( 'NONE', *, *, #5788, .T. ) ;
#10951 = AXIS2_PLACEMENT_3D ( 'NONE', #10815, #2860, #6389 ) ;
#10952 = CARTESIAN_POINT ( 'NONE',  ( 0.4872047244094436236, 0.08937007874015708009, -0.1761811023622067984 ) ) ;
#10953 = DIRECTION ( 'NONE',  ( -1.644517855225997348E-15, 1.000000000000000000, -2.989717349169496850E-30 ) ) ;
#10954 =( NAMED_UNIT ( * ) SI_UNIT ( $, .STERADIAN. ) SOLID_ANGLE_UNIT ( ) );
#10955 =( CONVERSION_BASED_UNIT ( 'INCH', #1069 ) LENGTH_UNIT ( ) NAMED_UNIT ( #7560 ) );
#10956 =( NAMED_UNIT ( * ) PLANE_ANGLE_UNIT ( ) SI_UNIT ( $, .RADIAN. ) );
#10957 = SURFACE_STYLE_USAGE ( .BOTH. , #2226 ) ;
#10958 = ORIENTED_EDGE ( 'NONE', *, *, #7533, .F. ) ;
#10959 = PRESENTATION_LAYER_ASSIGNMENT (  '', '', ( #6486 ) ) ;
#10960 = ORIENTED_EDGE ( 'NONE', *, *, #9686, .T. ) ;
#10961 = FILL_AREA_STYLE_COLOUR ( '', #1041 ) ;
#10962 = ORIENTED_EDGE ( 'NONE', *, *, #4653, .F. ) ;
#10963 = CARTESIAN_POINT ( 'NONE',  ( 0.2616228185651912619, 0.08636077237506183113, -0.07618110236220720921 ) ) ;
#10964 = LINE ( 'NONE', #4740, #200 ) ;
#10965 = LINE ( 'NONE', #2998, #456 ) ;
#10966 = LENGTH_MEASURE_WITH_UNIT ( LENGTH_MEASURE( 0.02539999999999999897 ), #384 );
#10967 = EDGE_CURVE ( 'NONE', #2098, #4564, #1828, .T. ) ;
#10968 = LINE ( 'NONE', #8149, #9185 ) ;
#10969 = ORIENTED_EDGE ( 'NONE', *, *, #3375, .T. ) ;
#10970 = ADVANCED_FACE ( 'NONE', ( #9534 ), #9587, .T. ) ;
#10971 = DIRECTION ( 'NONE',  ( 1.000000000000000000, 0.0000000000000000000, 0.0000000000000000000 ) ) ;
#10972 = ADVANCED_FACE ( 'NONE', ( #2805 ), #996, .T. ) ;
#10973 = DIRECTION ( 'NONE',  ( -1.817990202823693835E-15, 0.0000000000000000000, 1.000000000000000000 ) ) ;
#10974 = AXIS2_PLACEMENT_3D ( 'NONE', #3201, #6727, #6620 ) ;
#10975 = ORIENTED_EDGE ( 'NONE', *, *, #57, .T. ) ;
#10976 =( NAMED_UNIT ( * ) PLANE_ANGLE_UNIT ( ) SI_UNIT ( $, .RADIAN. ) );
#10977 = LENGTH_MEASURE_WITH_UNIT ( LENGTH_MEASURE( 0.02539999999999999897 ), #7522 );
#10978 = UNCERTAINTY_MEASURE_WITH_UNIT (LENGTH_MEASURE( 1.000000000000000082E-05 ), #3402, 'distance_accuracy_value', 'NONE');
#10979 = SURFACE_STYLE_FILL_AREA ( #7409 ) ;
#10980 = FACE_OUTER_BOUND ( 'NONE', #5081, .T. ) ;
#10981 = EDGE_CURVE ( 'NONE', #473, #5787, #9069, .T. ) ;
#10982 = PLANE ( 'NONE',  #8153 ) ;
#10983 = ADVANCED_FACE ( 'NONE', ( #10768 ), #1115, .F. ) ;
#10984 = DIRECTION ( 'NONE',  ( -1.000000000000000000, -1.644517855225996559E-15, -1.817990202823693835E-15 ) ) ;
#10985 = CYLINDRICAL_SURFACE ( 'NONE', #11395, 0.01181102362204724046 ) ;
#10986 = VERTEX_POINT ( 'NONE', #10945 ) ;
#10987 = DIRECTION ( 'NONE',  ( 1.644517855225997348E-15, -1.000000000000000000, 2.970554346222872930E-30 ) ) ;
#10988 = CARTESIAN_POINT ( 'NONE',  ( 0.4058070866141683664, 0.1240157480314955235, -0.2549212598425218967 ) ) ;
#10989 = DIMENSIONAL_EXPONENTS ( 1.000000000000000000, 0.0000000000000000000, 0.0000000000000000000, 0.0000000000000000000, 0.0000000000000000000, 0.0000000000000000000, 0.0000000000000000000 ) ;
#10990 = AXIS2_PLACEMENT_3D ( 'NONE', #98, #4267, #6295 ) ;
#10991 = EDGE_CURVE ( 'NONE', #3188, #8357, #2978, .T. ) ;
#10992 = LINE ( 'NONE', #10101, #5384 ) ;
#10993 = SURFACE_STYLE_USAGE ( .BOTH. , #3143 ) ;
#10994 = VERTEX_POINT ( 'NONE', #10283 ) ;
#10995 = CARTESIAN_POINT ( 'NONE',  ( 0.4058070866141676447, 0.1448818897637632330, -0.1312992125984274172 ) ) ;
#10996 = ORIENTED_EDGE ( 'NONE', *, *, #1099, .T. ) ;
#10997 = VECTOR ( 'NONE', #3860, 39.37007874015748143 ) ;
#10998 = LINE ( 'NONE', #1062, #1394 ) ;
#10999 = ORIENTED_EDGE ( 'NONE', *, *, #7404, .F. ) ;
#11000 = DIRECTION ( 'NONE',  ( 0.3630301527216025503, -0.9317773919853011844, 6.599852609774626257E-16 ) ) ;
#11001 = VECTOR ( 'NONE', #5172, 39.37007874015748143 ) ;
#11002 = FACE_OUTER_BOUND ( 'NONE', #9785, .T. ) ;
#11003 = DIMENSIONAL_EXPONENTS ( 1.000000000000000000, 0.0000000000000000000, 0.0000000000000000000, 0.0000000000000000000, 0.0000000000000000000, 0.0000000000000000000, 0.0000000000000000000 ) ;
#11004 =( CONVERSION_BASED_UNIT ( 'INCH', #5965 ) LENGTH_UNIT ( ) NAMED_UNIT ( #2915 ) );
#11005 = CARTESIAN_POINT ( 'NONE',  ( 0.2616228185651918170, 0.08636077237506183113, -0.2261811023622072314 ) ) ;
#11006 = LINE ( 'NONE', #10060, #9885 ) ;
#11007 = CARTESIAN_POINT ( 'NONE',  ( 0.3821850393700730320, 0.1240157480314797583, -0.08129921259842748382 ) ) ;
#11008 = FILL_AREA_STYLE_COLOUR ( '', #6517 ) ;
#11009 = VERTEX_POINT ( 'NONE', #11213 ) ;
#11010 = ORIENTED_EDGE ( 'NONE', *, *, #8734, .F. ) ;
#11011 = CARTESIAN_POINT ( 'NONE',  ( 0.3821850393700731985, 0.1448818897637632053, -0.1053149606299235153 ) ) ;
#11012 = EDGE_LOOP ( 'NONE', ( #4431, #9468, #1714, #261, #8150, #5307, #9553, #786, #5653, #8239, #10677, #8123 ) ) ;
#11013 = SURFACE_STYLE_FILL_AREA ( #8141 ) ;
#11014 = FILL_AREA_STYLE_COLOUR ( '', #6411 ) ;
#11015 = CARTESIAN_POINT ( 'NONE',  ( 0.3186023622047192139, 0.1476377952755898726, -0.1875984251968526861 ) ) ;
#11016 = VECTOR ( 'NONE', #4337, 39.37007874015748143 ) ;
#11017 = DIRECTION ( 'NONE',  ( 1.817990202823693835E-15, 0.0000000000000000000, -1.000000000000000000 ) ) ;
#11018 = DIRECTION ( 'NONE',  ( -3.421105991089600105E-14, 1.000000000000000000, -6.217620874327673957E-29 ) ) ;
#11019 = FACE_OUTER_BOUND ( 'NONE', #9139, .T. ) ;
#11020 = DIRECTION ( 'NONE',  ( 1.000000000000000000, 1.644517855225996559E-15, 1.817990202823693835E-15 ) ) ;
#11021 = VERTEX_POINT ( 'NONE', #7425 ) ;
#11022 = CIRCLE ( 'NONE', #2676, 0.01299212598425198914 ) ;
#11023 =( CONVERSION_BASED_UNIT ( 'INCH', #7455 ) LENGTH_UNIT ( ) NAMED_UNIT ( #3955 ) );
#11024 = FACE_OUTER_BOUND ( 'NONE', #4678, .T. ) ;
#11025 = ORIENTED_EDGE ( 'NONE', *, *, #3075, .T. ) ;
#11026 = DIRECTION ( 'NONE',  ( -1.817990202823693835E-15, 0.0000000000000000000, 1.000000000000000000 ) ) ;
#11027 = EDGE_CURVE ( 'NONE', #6417, #7994, #9291, .T. ) ;
#11028 = DIRECTION ( 'NONE',  ( -1.644517855225997348E-15, 1.000000000000000000, -2.970554346222872930E-30 ) ) ;
#11029 = EDGE_CURVE ( 'NONE', #10731, #8879, #6677, .T. ) ;
#11030 = CARTESIAN_POINT ( 'NONE',  ( 0.4104330708661356741, 0.1535433070866136507, 0.03759842519684825080 ) ) ;
#11031 = MECHANICAL_DESIGN_GEOMETRIC_PRESENTATION_REPRESENTATION (  '', ( #8578 ), #1576 ) ;
#11032 =( NAMED_UNIT ( * ) PLANE_ANGLE_UNIT ( ) SI_UNIT ( $, .RADIAN. ) );
#11033 = DIRECTION ( 'NONE',  ( 1.817990202823693835E-15, 0.0000000000000000000, -1.000000000000000000 ) ) ;
#11034 = CIRCLE ( 'NONE', #7294, 0.004724409448818893235 ) ;
#11035 = ORIENTED_EDGE ( 'NONE', *, *, #9099, .T. ) ;
#11036 = CYLINDRICAL_SURFACE ( 'NONE', #10115, 0.004724409448818893235 ) ;
#11037 = CARTESIAN_POINT ( 'NONE',  ( 0.4058070866141679223, 0.1279527559055112784, -0.1826771653543328711 ) ) ;
#11038 = ORIENTED_EDGE ( 'NONE', *, *, #1821, .F. ) ;
#11039 = CIRCLE ( 'NONE', #8598, 0.005905511811023611557 ) ;
#11040 = CARTESIAN_POINT ( 'NONE',  ( 0.2660249164800737032, 0.08937007874015670539, -0.2261811023622072314 ) ) ;
#11041 = EDGE_CURVE ( 'NONE', #1795, #8911, #646, .T. ) ;
#11042 = SURFACE_STYLE_USAGE ( .BOTH. , #2972 ) ;
#11043 = DIRECTION ( 'NONE',  ( 1.644517855225996559E-15, -1.000000000000000000, 2.970554346222871178E-30 ) ) ;
#11044 = EDGE_CURVE ( 'NONE', #7135, #2190, #3253, .T. ) ;
#11045 =( CONVERSION_BASED_UNIT ( 'INCH', #3959 ) LENGTH_UNIT ( ) NAMED_UNIT ( #4238 ) );
#11046 = CARTESIAN_POINT ( 'NONE',  ( 0.2175196850393644188, 0.05905511811023538005, -0.06043307086614425200 ) ) ;
#11047 = ORIENTED_EDGE ( 'NONE', *, *, #9827, .T. ) ;
#11048 = VECTOR ( 'NONE', #5447, 39.37007874015748143 ) ;
#11049 = SURFACE_STYLE_FILL_AREA ( #5046 ) ;
#11050 = VERTEX_POINT ( 'NONE', #2155 ) ;
#11051 =( NAMED_UNIT ( * ) PLANE_ANGLE_UNIT ( ) SI_UNIT ( $, .RADIAN. ) );
#11052 = ORIENTED_EDGE ( 'NONE', *, *, #10696, .T. ) ;
#11053 = ADVANCED_FACE ( 'NONE', ( #1283 ), #5796, .T. ) ;
#11054 = MECHANICAL_DESIGN_GEOMETRIC_PRESENTATION_REPRESENTATION (  '', ( #9737 ), #125 ) ;
#11055 = CARTESIAN_POINT ( 'NONE',  ( 0.2660249164800732036, 0.09645669291338505869, -0.1104330708661441784 ) ) ;
#11056 = LINE ( 'NONE', #7605, #6472 ) ;
#11057 = ORIENTED_EDGE ( 'NONE', *, *, #3721, .F. ) ;
#11058 = PRESENTATION_STYLE_ASSIGNMENT (( #5002 ) ) ;
#11059 = VECTOR ( 'NONE', #628, 39.37007874015748143 ) ;
#11060 = DIMENSIONAL_EXPONENTS ( 1.000000000000000000, 0.0000000000000000000, 0.0000000000000000000, 0.0000000000000000000, 0.0000000000000000000, 0.0000000000000000000, 0.0000000000000000000 ) ;
#11061 = VECTOR ( 'NONE', #2936, 39.37007874015748143 ) ;
#11062 = PRESENTATION_STYLE_ASSIGNMENT (( #5808 ) ) ;
#11063 = AXIS2_PLACEMENT_3D ( 'NONE', #10541, #2410, #10364 ) ;
#11064 = CARTESIAN_POINT ( 'NONE',  ( 0.5142056617061288026, 0.06990336523983428640, -0.2104330708661437122 ) ) ;
#11065 = ORIENTED_EDGE ( 'NONE', *, *, #7117, .F. ) ;
#11066 = AXIS2_PLACEMENT_3D ( 'NONE', #428, #3105, #11291 ) ;
#11067 = VERTEX_POINT ( 'NONE', #416 ) ;
#11068 = MECHANICAL_DESIGN_GEOMETRIC_PRESENTATION_REPRESENTATION (  '', ( #6231 ), #10317 ) ;
#11069 = EDGE_LOOP ( 'NONE', ( #2741, #11116, #7911, #1075 ) ) ;
#11070 =( GEOMETRIC_REPRESENTATION_CONTEXT ( 3 ) GLOBAL_UNCERTAINTY_ASSIGNED_CONTEXT ( ( #8378 ) ) GLOBAL_UNIT_ASSIGNED_CONTEXT ( ( #3244, #511, #1453 ) ) REPRESENTATION_CONTEXT ( 'NONE', 'WORKASPACE' ) );
#11071 = PRESENTATION_LAYER_ASSIGNMENT (  '', '', ( #4201 ) ) ;
#11072 = DIRECTION ( 'NONE',  ( -1.644517855225997348E-15, 1.000000000000000000, -2.970554346222872930E-30 ) ) ;
#11073 = CARTESIAN_POINT ( 'NONE',  ( 0.3560039370078680876, 0.1240157480314954541, -0.004921259842521943581 ) ) ;
#11074 = FACE_OUTER_BOUND ( 'NONE', #5644, .T. ) ;
#11075 = CARTESIAN_POINT ( 'NONE',  ( 0.4432086614173168515, 0.1535433070866137062, 0.0009842519685018479535 ) ) ;
#11076 = DIRECTION ( 'NONE',  ( -1.817990202823693835E-15, 0.0000000000000000000, 1.000000000000000000 ) ) ;
#11077 = PRESENTATION_LAYER_ASSIGNMENT (  '', '', ( #2162 ) ) ;
#11078 = PLANE ( 'NONE',  #4674 ) ;
#11079 = ORIENTED_EDGE ( 'NONE', *, *, #1042, .T. ) ;
#11080 = DIMENSIONAL_EXPONENTS ( 1.000000000000000000, 0.0000000000000000000, 0.0000000000000000000, 0.0000000000000000000, 0.0000000000000000000, 0.0000000000000000000, 0.0000000000000000000 ) ;
#11081 = PRESENTATION_LAYER_ASSIGNMENT (  '', '', ( #5506 ) ) ;
#11082 = VECTOR ( 'NONE', #10803, 39.37007874015748143 ) ;
#11083 = DIRECTION ( 'NONE',  ( 1.817990202823693835E-15, -3.503246160812042677E-46, -1.000000000000000000 ) ) ;
#11084 = EDGE_LOOP ( 'NONE', ( #3396, #4433, #3558, #494, #10911, #6849 ) ) ;
#11085 = SURFACE_SIDE_STYLE ('',( #8376 ) ) ;
#11086 = VECTOR ( 'NONE', #11227, 39.37007874015748143 ) ;
#11087 = DIRECTION ( 'NONE',  ( 1.000000000000000000, 1.644517855225996559E-15, 1.817990202823693835E-15 ) ) ;
#11088 = UNCERTAINTY_MEASURE_WITH_UNIT (LENGTH_MEASURE( 1.000000000000000082E-05 ), #6013, 'distance_accuracy_value', 'NONE');
#11089 =( NAMED_UNIT ( * ) SI_UNIT ( $, .STERADIAN. ) SOLID_ANGLE_UNIT ( ) );
#11090 =( NAMED_UNIT ( * ) SI_UNIT ( $, .STERADIAN. ) SOLID_ANGLE_UNIT ( ) );
#11091 = DIRECTION ( 'NONE',  ( -0.9317773919853026277, 0.3630301527215991642, 0.0000000000000000000 ) ) ;
#11092 =( NAMED_UNIT ( * ) SI_UNIT ( $, .STERADIAN. ) SOLID_ANGLE_UNIT ( ) );
#11093 = DIRECTION ( 'NONE',  ( -1.000000000000000000, -1.644517855225996559E-15, -1.817990202823693835E-15 ) ) ;
#11094 = ORIENTED_EDGE ( 'NONE', *, *, #5825, .F. ) ;
#11095 = MECHANICAL_DESIGN_GEOMETRIC_PRESENTATION_REPRESENTATION (  '', ( #2180 ), #703 ) ;
#11096 = FILL_AREA_STYLE ('',( #9224 ) ) ;
#11097 = CARTESIAN_POINT ( 'NONE',  ( 0.4058070866141683664, 0.1448818897637632330, -0.2812992125984274394 ) ) ;
#11098 = ORIENTED_EDGE ( 'NONE', *, *, #5549, .T. ) ;
#11099 = EDGE_CURVE ( 'NONE', #7991, #2013, #3964, .T. ) ;
#11100 = LINE ( 'NONE', #10212, #7877 ) ;
#11101 = FACE_OUTER_BOUND ( 'NONE', #3168, .T. ) ;
#11102 = CARTESIAN_POINT ( 'NONE',  ( 0.3186023622047187143, 0.1535433070866134841, -0.08759842519685272222 ) ) ;
#11103 = PLANE ( 'NONE',  #11145 ) ;
#11104 = LINE ( 'NONE', #7423, #6407 ) ;
#11105 = VERTEX_POINT ( 'NONE', #1347 ) ;
#11106 = ADVANCED_FACE ( 'NONE', ( #4078 ), #3264, .T. ) ;
#11107 =( LENGTH_UNIT ( ) NAMED_UNIT ( * ) SI_UNIT ( $, .METRE. ) );
#11108 = ORIENTED_EDGE ( 'NONE', *, *, #8616, .T. ) ;
#11109 = ADVANCED_FACE ( 'NONE', ( #10457 ), #6956, .T. ) ;
#11110 = ORIENTED_EDGE ( 'NONE', *, *, #5998, .T. ) ;
#11111 = CARTESIAN_POINT ( 'NONE',  ( 0.5442913385826716466, 0.05905511811023591434, -0.06043307086614363444 ) ) ;
#11112 = SURFACE_STYLE_USAGE ( .BOTH. , #9299 ) ;
#11113 = UNCERTAINTY_MEASURE_WITH_UNIT (LENGTH_MEASURE( 1.000000000000000082E-05 ), #11197, 'distance_accuracy_value', 'NONE');
#11114 = PLANE ( 'NONE',  #6357 ) ;
#11115 = MECHANICAL_DESIGN_GEOMETRIC_PRESENTATION_REPRESENTATION (  '', ( #4621 ), #11 ) ;
#11116 = ORIENTED_EDGE ( 'NONE', *, *, #4151, .F. ) ;
#11117 = EDGE_CURVE ( 'NONE', #7767, #2630, #5833, .T. ) ;
#11118 = LINE ( 'NONE', #4960, #4215 ) ;
#11119 = EDGE_LOOP ( 'NONE', ( #8674, #134, #1333, #5538 ) ) ;
#11120 = EDGE_CURVE ( 'NONE', #1795, #55, #2448, .T. ) ;
#11121 = ORIENTED_EDGE ( 'NONE', *, *, #10628, .T. ) ;
#11122 = DIRECTION ( 'NONE',  ( 0.5643446851342075465, -0.8255392639728119653, 0.0000000000000000000 ) ) ;
#11123 = ORIENTED_EDGE ( 'NONE', *, *, #5336, .F. ) ;
#11124 = CARTESIAN_POINT ( 'NONE',  ( 0.5442913385826719797, 0.05905511811023591434, -0.1486220472440963891 ) ) ;
#11125 = CARTESIAN_POINT ( 'NONE',  ( 0.4058070866141678668, 0.1279527559055112784, -0.1539370078740179282 ) ) ;
#11126 = CARTESIAN_POINT ( 'NONE',  ( 0.4805418239949949544, 0.09291338582677124980, -0.2104330708661437954 ) ) ;
#11127 = LINE ( 'NONE', #4213, #10005 ) ;
#11128 = CARTESIAN_POINT ( 'NONE',  ( 0.2660249164800738142, 0.08464566929133782169, -0.2893149606299236787 ) ) ;
#11129 = CARTESIAN_POINT ( 'NONE',  ( 0.5442913385826716466, 0.06614173228346426070, -0.07618110236220666798 ) ) ;
#11130 = PLANE ( 'NONE',  #11391 ) ;
#11131 = EDGE_CURVE ( 'NONE', #1320, #5170, #9520, .T. ) ;
#11132 = ORIENTED_EDGE ( 'NONE', *, *, #1686, .T. ) ;
#11133 = DIMENSIONAL_EXPONENTS ( 1.000000000000000000, 0.0000000000000000000, 0.0000000000000000000, 0.0000000000000000000, 0.0000000000000000000, 0.0000000000000000000, 0.0000000000000000000 ) ;
#11134 = DIRECTION ( 'NONE',  ( 1.000000000000000000, 1.644517855225996559E-15, 1.817990202823693835E-15 ) ) ;
#11135 = VERTEX_POINT ( 'NONE', #4356 ) ;
#11136 =( GEOMETRIC_REPRESENTATION_CONTEXT ( 3 ) GLOBAL_UNCERTAINTY_ASSIGNED_CONTEXT ( ( #7916 ) ) GLOBAL_UNIT_ASSIGNED_CONTEXT ( ( #3956, #2204, #4808 ) ) REPRESENTATION_CONTEXT ( 'NONE', 'WORKASPACE' ) );
#11137 = DIRECTION ( 'NONE',  ( 1.644517855225997348E-15, -1.000000000000000000, 2.970554346222872930E-30 ) ) ;
#11138 = CARTESIAN_POINT ( 'NONE',  ( 0.4957861071419626953, 0.08464566929133819639, 0.002700787401572772931 ) ) ;
#11139 = SURFACE_STYLE_FILL_AREA ( #2311 ) ;
#11140 = PRESENTATION_STYLE_ASSIGNMENT (( #1385 ) ) ;
#11141 = FILL_AREA_STYLE_COLOUR ( '', #11258 ) ;
#11142 =( NAMED_UNIT ( * ) SI_UNIT ( $, .STERADIAN. ) SOLID_ANGLE_UNIT ( ) );
#11143 = CARTESIAN_POINT ( 'NONE',  ( 0.4058070866141683664, 0.1279527559055112784, -0.2539370078740179615 ) ) ;
#11144 = ORIENTED_EDGE ( 'NONE', *, *, #1846, .F. ) ;
#11145 = AXIS2_PLACEMENT_3D ( 'NONE', #1345, #4869, #3142 ) ;
#11146 = LINE ( 'NONE', #2261, #8250 ) ;
#11147 = DIRECTION ( 'NONE',  ( -1.817990202823693835E-15, 0.0000000000000000000, 1.000000000000000000 ) ) ;
#11148 = LINE ( 'NONE', #405, #10322 ) ;
#11149 = FILL_AREA_STYLE ('',( #4865 ) ) ;
#11150 = DIRECTION ( 'NONE',  ( 1.817990202823693835E-15, 0.0000000000000000000, -1.000000000000000000 ) ) ;
#11151 = MECHANICAL_DESIGN_GEOMETRIC_PRESENTATION_REPRESENTATION (  '', ( #9648 ), #760 ) ;
#11152 = DIRECTION ( 'NONE',  ( -0.3630301527216025503, 0.9317773919853011844, -6.599852609774626257E-16 ) ) ;
#11153 = DIRECTION ( 'NONE',  ( -1.817990202823693835E-15, 3.503246160812042677E-46, 1.000000000000000000 ) ) ;
#11154 = SURFACE_STYLE_FILL_AREA ( #5737 ) ;
#11155 = VERTEX_POINT ( 'NONE', #3538 ) ;
#11156 = SURFACE_STYLE_USAGE ( .BOTH. , #4024 ) ;
#11157 =( NAMED_UNIT ( * ) SI_UNIT ( $, .STERADIAN. ) SOLID_ANGLE_UNIT ( ) );
#11158 = VERTEX_POINT ( 'NONE', #1698 ) ;
#11159 = FILL_AREA_STYLE_COLOUR ( '', #3061 ) ;
#11160 = ORIENTED_EDGE ( 'NONE', *, *, #11166, .T. ) ;
#11161 = VECTOR ( 'NONE', #3003, 39.37007874015748143 ) ;
#11162 = ADVANCED_FACE ( 'NONE', ( #5970 ), #5217, .F. ) ;
#11163 = CARTESIAN_POINT ( 'NONE',  ( 0.2660249164800737032, 0.08464566929133782169, -0.2261811023622072314 ) ) ;
#11164 = DIRECTION ( 'NONE',  ( -1.000000000000000000, -1.644517855225996559E-15, -1.817990202823693835E-15 ) ) ;
#11165 = LINE ( 'NONE', #485, #10436 ) ;
#11166 = EDGE_CURVE ( 'NONE', #11287, #895, #9576, .T. ) ;
#11167 = ORIENTED_EDGE ( 'NONE', *, *, #7598, .F. ) ;
#11168 = EDGE_CURVE ( 'NONE', #9087, #841, #755, .T. ) ;
#11169 = COLOUR_RGB ( '',0.7607843137254901578, 0.7607843137254901578, 0.0000000000000000000 ) ;
#11170 = DIRECTION ( 'NONE',  ( 1.817990202823693835E-15, 0.0000000000000000000, -1.000000000000000000 ) ) ;
#11171 = DIRECTION ( 'NONE',  ( 1.817990202823693835E-15, 0.0000000000000000000, -1.000000000000000000 ) ) ;
#11172 = CIRCLE ( 'NONE', #594, 0.01299212598425197353 ) ;
#11173 = LENGTH_MEASURE_WITH_UNIT ( LENGTH_MEASURE( 0.02539999999999999897 ), #2287 );
#11174 = CARTESIAN_POINT ( 'NONE',  ( 0.4058070866141673672, 0.1240157480314955235, 0.05807086614173007783 ) ) ;
#11175 = ORIENTED_EDGE ( 'NONE', *, *, #3497, .F. ) ;
#11176 = ORIENTED_EDGE ( 'NONE', *, *, #3570, .T. ) ;
#11177 = FACE_OUTER_BOUND ( 'NONE', #4091, .T. ) ;
#11178 = VERTEX_POINT ( 'NONE', #7816 ) ;
#11179 = AXIS2_PLACEMENT_3D ( 'NONE', #304, #3845, #4019 ) ;
#11180 = EDGE_CURVE ( 'NONE', #9121, #7180, #7990, .T. ) ;
#11181 = CARTESIAN_POINT ( 'NONE',  ( 0.3821850393700729764, 0.1448818897637632053, -0.05531496062992350554 ) ) ;
#11182 = EDGE_CURVE ( 'NONE', #10039, #3855, #5565, .T. ) ;
#11183 = ORIENTED_EDGE ( 'NONE', *, *, #10229, .F. ) ;
#11184 = LINE ( 'NONE', #4049, #1860 ) ;
#11185 = CARTESIAN_POINT ( 'NONE',  ( 0.5067913519291877833, 0.08893342700064806039, -0.1761811023622067429 ) ) ;
#11186 = LINE ( 'NONE', #1437, #7896 ) ;
#11187 = ORIENTED_EDGE ( 'NONE', *, *, #10273, .F. ) ;
#11188 = CARTESIAN_POINT ( 'NONE',  ( 0.2616228185651919835, 0.08636077237506183113, -0.2604330708661442007 ) ) ;
#11189 = LENGTH_MEASURE_WITH_UNIT ( LENGTH_MEASURE( 0.02539999999999999897 ), #8316 );
#11190 = ORIENTED_EDGE ( 'NONE', *, *, #4451, .F. ) ;
#11191 = EDGE_CURVE ( 'NONE', #7815, #8291, #8874, .T. ) ;
#11192 = COLOUR_RGB ( '',0.7607843137254901578, 0.7607843137254901578, 0.0000000000000000000 ) ;
#11193 = UNCERTAINTY_MEASURE_WITH_UNIT (LENGTH_MEASURE( 1.000000000000000082E-05 ), #2119, 'distance_accuracy_value', 'NONE');
#11194 =( NAMED_UNIT ( * ) SI_UNIT ( $, .STERADIAN. ) SOLID_ANGLE_UNIT ( ) );
#11195 = DIRECTION ( 'NONE',  ( -1.817990202823693835E-15, 0.0000000000000000000, 1.000000000000000000 ) ) ;
#11196 = CARTESIAN_POINT ( 'NONE',  ( 0.4073818897637737635, 0.1240157480314798000, -0.05531496062992343615 ) ) ;
#11197 =( CONVERSION_BASED_UNIT ( 'INCH', #684 ) LENGTH_UNIT ( ) NAMED_UNIT ( #5116 ) );
#11198 = PRESENTATION_STYLE_ASSIGNMENT (( #1456 ) ) ;
#11199 = VERTEX_POINT ( 'NONE', #8994 ) ;
#11200 = DIRECTION ( 'NONE',  ( -1.817990202823693835E-15, 0.0000000000000000000, 1.000000000000000000 ) ) ;
#11201 = COLOUR_RGB ( '',0.7607843137254901578, 0.7607843137254901578, 0.0000000000000000000 ) ;
#11202 = SURFACE_STYLE_FILL_AREA ( #4118 ) ;
#11203 = CARTESIAN_POINT ( 'NONE',  ( 0.4957861071419632504, 0.08937007874015708009, -0.1604330708661437788 ) ) ;
#11204 = PRESENTATION_LAYER_ASSIGNMENT (  '', '', ( #8578 ) ) ;
#11205 = FILL_AREA_STYLE_COLOUR ( '', #11275 ) ;
#11206 = DIMENSIONAL_EXPONENTS ( 1.000000000000000000, 0.0000000000000000000, 0.0000000000000000000, 0.0000000000000000000, 0.0000000000000000000, 0.0000000000000000000, 0.0000000000000000000 ) ;
#11207 = CARTESIAN_POINT ( 'NONE',  ( 0.2476053619159085395, 0.06990336523983385619, -0.2604330708661442007 ) ) ;
#11208 = STYLED_ITEM ( 'NONE', ( #9331 ), #9604 ) ;
#11209 = LINE ( 'NONE', #3200, #9878 ) ;
#11210 = CARTESIAN_POINT ( 'NONE',  ( 0.3186023622047192139, 0.1476377952755898726, -0.1875984251968526861 ) ) ;
#11211 = DIRECTION ( 'NONE',  ( -1.000000000000000000, -1.644517855225996559E-15, -1.817990202823693835E-15 ) ) ;
#11212 = ORIENTED_EDGE ( 'NONE', *, *, #8105, .T. ) ;
#11213 = CARTESIAN_POINT ( 'NONE',  ( 0.5067913519291872282, 0.08893342700064806039, -0.06043307086614371076 ) ) ;
#11214 = FILL_AREA_STYLE ('',( #4188 ) ) ;
#11215 = ORIENTED_EDGE ( 'NONE', *, *, #5495, .T. ) ;
#11216 = VERTEX_POINT ( 'NONE', #7358 ) ;
#11217 = DIRECTION ( 'NONE',  ( -1.644517855225997348E-15, 1.000000000000000000, -2.970554346222872930E-30 ) ) ;
#11218 = DIRECTION ( 'NONE',  ( 1.000000000000000000, 1.644517855225996559E-15, 1.817990202823693835E-15 ) ) ;
#11219 = AXIS2_PLACEMENT_3D ( 'NONE', #2158, #5580, #9239 ) ;
#11220 = LINE ( 'NONE', #8472, #4250 ) ;
#11221 = DIRECTION ( 'NONE',  ( 1.000000000000000000, 1.644517855225996559E-15, 1.817990202823693835E-15 ) ) ;
#11222 = STYLED_ITEM ( 'NONE', ( #11447 ), #11162 ) ;
#11223 = ORIENTED_EDGE ( 'NONE', *, *, #11099, .F. ) ;
#11224 = AXIS2_PLACEMENT_3D ( 'NONE', #10234, #3214, #9364 ) ;
#11225 = DIRECTION ( 'NONE',  ( -0.3630301527216025503, 0.9317773919853011844, -6.599852609774626257E-16 ) ) ;
#11226 = PLANE ( 'NONE',  #1396 ) ;
#11227 = DIRECTION ( 'NONE',  ( -0.09329485713883856057, -0.9912578571002033101, 0.09329485713884050346 ) ) ;
#11228 = VERTEX_POINT ( 'NONE', #9109 ) ;
#11229 = AXIS2_PLACEMENT_3D ( 'NONE', #10053, #2102, #5633 ) ;
#11230 = EDGE_LOOP ( 'NONE', ( #9861, #3503, #2759, #10728 ) ) ;
#11231 = ADVANCED_FACE ( 'NONE', ( #8048 ), #3716, .T. ) ;
#11232 = LINE ( 'NONE', #5066, #1426 ) ;
#11233 = EDGE_LOOP ( 'NONE', ( #2990, #7485, #4106, #3331 ) ) ;
#11234 = EDGE_CURVE ( 'NONE', #7608, #2660, #1866, .T. ) ;
#11235 = LENGTH_MEASURE_WITH_UNIT ( LENGTH_MEASURE( 0.02539999999999999897 ), #6817 );
#11236 = CARTESIAN_POINT ( 'NONE',  ( 0.4872047244094439566, 0.09645669291338541951, -0.2604330708661438121 ) ) ;
#11237 = LINE ( 'NONE', #5817, #1112 ) ;
#11238 = PRESENTATION_LAYER_ASSIGNMENT (  '', '', ( #9745 ) ) ;
#11239 =( GEOMETRIC_REPRESENTATION_CONTEXT ( 3 ) GLOBAL_UNCERTAINTY_ASSIGNED_CONTEXT ( ( #8042 ) ) GLOBAL_UNIT_ASSIGNED_CONTEXT ( ( #5229, #2355, #6975 ) ) REPRESENTATION_CONTEXT ( 'NONE', 'WORKASPACE' ) );
#11240 = LINE ( 'NONE', #6706, #10719 ) ;
#11241 = CARTESIAN_POINT ( 'NONE',  ( 0.2175196850393652792, 0.06614173228346371947, -0.2879921259842545544 ) ) ;
#11242 = SURFACE_STYLE_USAGE ( .BOTH. , #8368 ) ;
#11243 = ORIENTED_EDGE ( 'NONE', *, *, #2174, .F. ) ;
#11244 = EDGE_CURVE ( 'NONE', #9747, #8516, #7118, .T. ) ;
#11245 = COLOUR_RGB ( '',0.7607843137254901578, 0.7607843137254901578, 0.0000000000000000000 ) ;
#11246 = ORIENTED_EDGE ( 'NONE', *, *, #8532, .T. ) ;
#11247 = ADVANCED_FACE ( 'NONE', ( #9919 ), #5387, .T. ) ;
#11248 = DIRECTION ( 'NONE',  ( 0.8789799039125328894, -0.4626210020592154137, -0.1156552505148023963 ) ) ;
#11249 = ORIENTED_EDGE ( 'NONE', *, *, #1169, .T. ) ;
#11250 = STYLED_ITEM ( 'NONE', ( #5532 ), #181 ) ;
#11251 = EDGE_CURVE ( 'NONE', #5189, #4390, #5513, .T. ) ;
#11252 = VECTOR ( 'NONE', #9853, 39.37007874015748143 ) ;
#11253 =( NAMED_UNIT ( * ) SI_UNIT ( $, .STERADIAN. ) SOLID_ANGLE_UNIT ( ) );
#11254 = SURFACE_STYLE_FILL_AREA ( #1383 ) ;
#11255 = CARTESIAN_POINT ( 'NONE',  ( 0.5442913385826719797, 0.06614173228346426070, -0.1604330708661436400 ) ) ;
#11256 = FILL_AREA_STYLE ('',( #2426 ) ) ;
#11257 = PRESENTATION_STYLE_ASSIGNMENT (( #11313 ) ) ;
#11258 = COLOUR_RGB ( '',1.000000000000000000, 1.000000000000000000, 1.000000000000000000 ) ;
#11259 = VECTOR ( 'NONE', #9891, 39.37007874015748143 ) ;
#11260 = EDGE_LOOP ( 'NONE', ( #2408, #2962, #5230, #1212 ) ) ;
#11261 = EDGE_CURVE ( 'NONE', #4938, #2114, #10868, .T. ) ;
#11262 = DIRECTION ( 'NONE',  ( 1.019786107410400490E-14, 1.000000000000000000, 1.855877452542481725E-29 ) ) ;
#11263 = FACE_OUTER_BOUND ( 'NONE', #5488, .T. ) ;
#11264 = EDGE_CURVE ( 'NONE', #8879, #4447, #9860, .T. ) ;
#11265 =( GEOMETRIC_REPRESENTATION_CONTEXT ( 3 ) GLOBAL_UNCERTAINTY_ASSIGNED_CONTEXT ( ( #1203 ) ) GLOBAL_UNIT_ASSIGNED_CONTEXT ( ( #5341, #9695, #249 ) ) REPRESENTATION_CONTEXT ( 'NONE', 'WORKASPACE' ) );
#11266 =( CONVERSION_BASED_UNIT ( 'INCH', #8564 ) LENGTH_UNIT ( ) NAMED_UNIT ( #9946 ) );
#11267 = DIRECTION ( 'NONE',  ( -1.644517855225997348E-15, 1.000000000000000000, -2.970554346222872930E-30 ) ) ;
#11268 = VECTOR ( 'NONE', #551, 39.37007874015748854 ) ;
#11269 = CARTESIAN_POINT ( 'NONE',  ( 0.3560039370078686982, 0.1279527559055112229, -0.1539370078740179837 ) ) ;
#11270 = CARTESIAN_POINT ( 'NONE',  ( 0.2175196850393652515, 0.05905511811023538005, -0.2604330708661442562 ) ) ;
#11271 = FILL_AREA_STYLE_COLOUR ( '', #6513 ) ;
#11272 = CARTESIAN_POINT ( 'NONE',  ( 0.4058070866141674782, 0.1448818897637632330, -0.05531496062992343615 ) ) ;
#11273 = VECTOR ( 'NONE', #2674, 39.37007874015748143 ) ;
#11274 =( NAMED_UNIT ( * ) PLANE_ANGLE_UNIT ( ) SI_UNIT ( $, .RADIAN. ) );
#11275 = COLOUR_RGB ( '',0.7607843137254901578, 0.7607843137254901578, 0.0000000000000000000 ) ;
#11276 = FILL_AREA_STYLE ('',( #5215 ) ) ;
#11277 = ORIENTED_EDGE ( 'NONE', *, *, #1760, .F. ) ;
#11278 = CARTESIAN_POINT ( 'NONE',  ( 0.2627952755905452742, 0.09645669291338505869, -0.03799212598425445037 ) ) ;
#11279 = VERTEX_POINT ( 'NONE', #4594 ) ;
#11280 = PRESENTATION_STYLE_ASSIGNMENT (( #4191 ) ) ;
#11281 = ORIENTED_EDGE ( 'NONE', *, *, #4067, .T. ) ;
#11282 =( GEOMETRIC_REPRESENTATION_CONTEXT ( 3 ) GLOBAL_UNCERTAINTY_ASSIGNED_CONTEXT ( ( #5722 ) ) GLOBAL_UNIT_ASSIGNED_CONTEXT ( ( #4056, #5949, #730 ) ) REPRESENTATION_CONTEXT ( 'NONE', 'WORKASPACE' ) );
#11283 = DIRECTION ( 'NONE',  ( 1.817990202823693835E-15, 0.0000000000000000000, -1.000000000000000000 ) ) ;
#11284 = DIRECTION ( 'NONE',  ( 1.817990202823693835E-15, 0.0000000000000000000, -1.000000000000000000 ) ) ;
#11285 = DIRECTION ( 'NONE',  ( -1.817990202823693835E-15, 0.0000000000000000000, 1.000000000000000000 ) ) ;
#11286 = LENGTH_MEASURE_WITH_UNIT ( LENGTH_MEASURE( 0.02539999999999999897 ), #9420 );
#11287 = VERTEX_POINT ( 'NONE', #8108 ) ;
#11288 = CARTESIAN_POINT ( 'NONE',  ( 0.4872047244094439566, 0.09645669291338541951, -0.2604330708661438121 ) ) ;
#11289 = SURFACE_STYLE_USAGE ( .BOTH. , #33 ) ;
#11290 = PRESENTATION_LAYER_ASSIGNMENT (  '', '', ( #4790 ) ) ;
#11291 = DIRECTION ( 'NONE',  ( 1.817990202823693835E-15, 0.0000000000000000000, -1.000000000000000000 ) ) ;
#11292 = CARTESIAN_POINT ( 'NONE',  ( 0.5197082840997432340, 0.05905511811023587965, -0.2761811023622067762 ) ) ;
#11293 = ORIENTED_EDGE ( 'NONE', *, *, #1655, .T. ) ;
#11294 = ORIENTED_EDGE ( 'NONE', *, *, #2960, .F. ) ;
#11295 = ORIENTED_EDGE ( 'NONE', *, *, #1087, .F. ) ;
#11296 = FACE_OUTER_BOUND ( 'NONE', #2469, .T. ) ;
#11297 = CARTESIAN_POINT ( 'NONE',  ( 0.4058070866141683664, 0.1448818897637632330, -0.2553149606299234819 ) ) ;
#11298 = FACE_OUTER_BOUND ( 'NONE', #10154, .T. ) ;
#11299 = ORIENTED_EDGE ( 'NONE', *, *, #8228, .F. ) ;
#11300 = MECHANICAL_DESIGN_GEOMETRIC_PRESENTATION_REPRESENTATION (  '', ( #10373 ), #3323 ) ;
#11301 = ORIENTED_EDGE ( 'NONE', *, *, #11044, .T. ) ;
#11302 = ORIENTED_EDGE ( 'NONE', *, *, #2093, .F. ) ;
#11303 =( LENGTH_UNIT ( ) NAMED_UNIT ( * ) SI_UNIT ( $, .METRE. ) );
#11304 = ORIENTED_EDGE ( 'NONE', *, *, #4789, .F. ) ;
#11305 =( LENGTH_UNIT ( ) NAMED_UNIT ( * ) SI_UNIT ( $, .METRE. ) );
#11306 = CARTESIAN_POINT ( 'NONE',  ( 0.4058070866141675337, 0.1279527559055112784, -0.08267716535433289327 ) ) ;
#11307 = EDGE_CURVE ( 'NONE', #2260, #3668, #8163, .T. ) ;
#11308 = UNCERTAINTY_MEASURE_WITH_UNIT (LENGTH_MEASURE( 1.000000000000000082E-05 ), #6568, 'distance_accuracy_value', 'NONE');
#11309 = DIRECTION ( 'NONE',  ( -0.3630301527216025503, 0.9317773919853011844, -6.599852609774626257E-16 ) ) ;
#11310 = DIRECTION ( 'NONE',  ( -1.644517855225997348E-15, 1.000000000000000000, -2.989717349169496850E-30 ) ) ;
#11311 = PLANE ( 'NONE',  #10073 ) ;
#11312 = ADVANCED_FACE ( 'NONE', ( #3132 ), #1459, .T. ) ;
#11313 = SURFACE_STYLE_USAGE ( .BOTH. , #11367 ) ;
#11314 = EDGE_CURVE ( 'NONE', #2364, #3905, #8387, .T. ) ;
#11315 = ORIENTED_EDGE ( 'NONE', *, *, #7870, .F. ) ;
#11316 = CARTESIAN_POINT ( 'NONE',  ( 0.4432086614173169070, 0.1476377952755900669, -0.03759842519685248352 ) ) ;
#11317 = LINE ( 'NONE', #6942, #1384 ) ;
#11318 = STYLED_ITEM ( 'NONE', ( #10469 ), #6195 ) ;
#11319 = FACE_OUTER_BOUND ( 'NONE', #6115, .T. ) ;
#11320 = CARTESIAN_POINT ( 'NONE',  ( 0.4872047244094437901, 0.08937007874015708009, -0.2261811023622068428 ) ) ;
#11321 =( NAMED_UNIT ( * ) SI_UNIT ( $, .STERADIAN. ) SOLID_ANGLE_UNIT ( ) );
#11322 = EDGE_CURVE ( 'NONE', #1844, #4044, #7587, .T. ) ;
#11323 =( CONVERSION_BASED_UNIT ( 'INCH', #2327 ) LENGTH_UNIT ( ) NAMED_UNIT ( #6516 ) );
#11324 = EDGE_CURVE ( 'NONE', #11199, #8233, #11146, .T. ) ;
#11325 = AXIS2_PLACEMENT_3D ( 'NONE', #2445, #9344, #4936 ) ;
#11326 = CARTESIAN_POINT ( 'NONE',  ( 0.4432086614173180172, 0.1476377952755900669, -0.2875984251968525252 ) ) ;
#11327 = DIRECTION ( 'NONE',  ( 1.644517855225997348E-15, -1.000000000000000000, 2.970554346222872930E-30 ) ) ;
#11328 = EDGE_LOOP ( 'NONE', ( #6579, #5389, #8743, #9194, #8702 ) ) ;
#11329 = LENGTH_MEASURE_WITH_UNIT ( LENGTH_MEASURE( 0.02539999999999999897 ), #2627 );
#11330 = ORIENTED_EDGE ( 'NONE', *, *, #5338, .T. ) ;
#11331 = DIRECTION ( 'NONE',  ( 0.9317773919853027387, -0.3630301527215988866, 1.642730564371975871E-15 ) ) ;
#11332 = EDGE_LOOP ( 'NONE', ( #220, #10657, #3009, #5933 ) ) ;
#11333 = AXIS2_PLACEMENT_3D ( 'NONE', #2881, #5699, #1298 ) ;
#11335 = CARTESIAN_POINT ( 'NONE',  ( 0.2476053619159085950, 0.06990336523983385619, -0.2761811023622072203 ) ) ;
#11334 = PRESENTATION_LAYER_ASSIGNMENT (  '', '', ( #9108 ) ) ;
#11336 = EDGE_CURVE ( 'NONE', #2699, #4786, #402, .T. ) ;
#11337 = DIRECTION ( 'NONE',  ( 1.644517855225997348E-15, -1.000000000000000000, 2.970554346222872930E-30 ) ) ;
#11338 = CIRCLE ( 'NONE', #7591, 0.005905511811023644517 ) ;
#11339 = FACE_OUTER_BOUND ( 'NONE', #3809, .T. ) ;
#11340 = CARTESIAN_POINT ( 'NONE',  ( 0.2660249164800733701, 0.08464566929133782169, -0.1893149606299237009 ) ) ;
#11341 = VERTEX_POINT ( 'NONE', #2085 ) ;
#11342 = VERTEX_POINT ( 'NONE', #10271 ) ;
#11343 = LINE ( 'NONE', #3442, #3639 ) ;
#11344 = VERTEX_POINT ( 'NONE', #7467 ) ;
#11345 = VECTOR ( 'NONE', #128, 39.37007874015748143 ) ;
#11346 = DIRECTION ( 'NONE',  ( 1.000000000000000000, 1.644517855225996559E-15, 1.817990202823693835E-15 ) ) ;
#11347 = COLOUR_RGB ( '',0.7607843137254901578, 0.7607843137254901578, 0.0000000000000000000 ) ;
#11348 = PRESENTATION_STYLE_ASSIGNMENT (( #3286 ) ) ;
#11349 = LINE ( 'NONE', #3334, #10865 ) ;
#11350 =( NAMED_UNIT ( * ) SI_UNIT ( $, .STERADIAN. ) SOLID_ANGLE_UNIT ( ) );
#11351 = FACE_OUTER_BOUND ( 'NONE', #4946, .T. ) ;
#11352 = CARTESIAN_POINT ( 'NONE',  ( 0.2836614173228287905, 0.06299212598425124598, 0.02657480314960392054 ) ) ;
#11353 = ORIENTED_EDGE ( 'NONE', *, *, #7184, .T. ) ;
#11354 = EDGE_LOOP ( 'NONE', ( #1851, #9413, #1065, #8015, #6240 ) ) ;
#11355 = COLOUR_RGB ( '',0.7607843137254901578, 0.7607843137254901578, 0.0000000000000000000 ) ;
#11356 = ORIENTED_EDGE ( 'NONE', *, *, #9868, .T. ) ;
#11357 = DIMENSIONAL_EXPONENTS ( 1.000000000000000000, 0.0000000000000000000, 0.0000000000000000000, 0.0000000000000000000, 0.0000000000000000000, 0.0000000000000000000, 0.0000000000000000000 ) ;
#11358 = COLOUR_RGB ( '',1.000000000000000000, 1.000000000000000000, 1.000000000000000000 ) ;
#11359 = CARTESIAN_POINT ( 'NONE',  ( 0.2509842519684987172, 0.05905511811023543556, -0.1879921259842544934 ) ) ;
#11360 = ORIENTED_EDGE ( 'NONE', *, *, #2080, .F. ) ;
#11361 = LINE ( 'NONE', #10261, #10732 ) ;
#11362 = FACE_OUTER_BOUND ( 'NONE', #1346, .T. ) ;
#11363 = VECTOR ( 'NONE', #7073, 39.37007874015748143 ) ;
#11364 = CARTESIAN_POINT ( 'NONE',  ( 0.5442913385826723127, 0.06614173228346426070, -0.2604330708661436455 ) ) ;
#11365 = DIRECTION ( 'NONE',  ( -1.000000000000000000, -1.644517855225996559E-15, -1.817990202823693835E-15 ) ) ;
#11366 = CARTESIAN_POINT ( 'NONE',  ( 0.2660249164800728705, 0.08937007874015670539, -0.02618110236220720990 ) ) ;
#11367 = SURFACE_SIDE_STYLE ('',( #2554 ) ) ;
#11368 = VERTEX_POINT ( 'NONE', #9161 ) ;
#11369 = CARTESIAN_POINT ( 'NONE',  ( 0.5001882050568455806, 0.08636077237506221971, -0.2604330708661438121 ) ) ;
#11370 = LINE ( 'NONE', #4284, #451 ) ;
#11371 = CARTESIAN_POINT ( 'NONE',  ( 0.2443811050961605946, 0.06162777273582203952, -0.2879921259842544989 ) ) ;
#11372 =( GEOMETRIC_REPRESENTATION_CONTEXT ( 3 ) GLOBAL_UNCERTAINTY_ASSIGNED_CONTEXT ( ( #8527 ) ) GLOBAL_UNIT_ASSIGNED_CONTEXT ( ( #9514, #4182, #6842 ) ) REPRESENTATION_CONTEXT ( 'NONE', 'WORKASPACE' ) );
#11373 = ADVANCED_FACE ( 'NONE', ( #4982 ), #11036, .F. ) ;
#11374 = EDGE_CURVE ( 'NONE', #5878, #7158, #5958, .T. ) ;
#11375 = APPLICATION_CONTEXT ( 'automotive_design' ) ;
#11376 = DIRECTION ( 'NONE',  ( 0.3630301527215994972, 0.9317773919853026277, 6.599852609774574981E-16 ) ) ;
#11377 = CARTESIAN_POINT ( 'NONE',  ( 0.4432086614173174621, 0.1476377952755900669, -0.1490157480314981686 ) ) ;
#11378 = VECTOR ( 'NONE', #998, 39.37007874015748143 ) ;
#11379 = LINE ( 'NONE', #10346, #9322 ) ;
#11380 =( CONVERSION_BASED_UNIT ( 'INCH', #6144 ) LENGTH_UNIT ( ) NAMED_UNIT ( #2973 ) );
#11381 = AXIS2_PLACEMENT_3D ( 'NONE', #10138, #5658, #2066 ) ;
#11382 = CARTESIAN_POINT ( 'NONE',  ( 0.2660249164800736477, 0.09645669291338505869, -0.2104330708661442395 ) ) ;
#11383 = EDGE_LOOP ( 'NONE', ( #1470, #6506, #5462, #8418, #8939 ) ) ;
#11384 =( CONVERSION_BASED_UNIT ( 'INCH', #1528 ) LENGTH_UNIT ( ) NAMED_UNIT ( #2007 ) );
#11385 = ORIENTED_EDGE ( 'NONE', *, *, #5489, .F. ) ;
#11386 = ADVANCED_FACE ( 'NONE', ( #2380 ), #7700, .F. ) ;
#11387 = DIRECTION ( 'NONE',  ( 0.3630301527216025503, -0.9317773919853011844, 6.599852609774626257E-16 ) ) ;
#11388 = AXIS2_PLACEMENT_3D ( 'NONE', #4606, #9991, #1998 ) ;
#11389 = ORIENTED_EDGE ( 'NONE', *, *, #6623, .T. ) ;
#11390 = EDGE_CURVE ( 'NONE', #3791, #11021, #1516, .T. ) ;
#11391 = AXIS2_PLACEMENT_3D ( 'NONE', #5076, #6871, #8665 ) ;
#11392 = CARTESIAN_POINT ( 'NONE',  ( 0.4058070866141681443, 0.1240157480314955235, -0.2049212598425218801 ) ) ;
#11393 = CARTESIAN_POINT ( 'NONE',  ( 0.5442913385826720907, 0.05905511811023591434, -0.2261811023622066763 ) ) ;
#11394 = SURFACE_STYLE_FILL_AREA ( #7074 ) ;
#11395 = AXIS2_PLACEMENT_3D ( 'NONE', #3020, #7468, #8327 ) ;
#11396 =( CONVERSION_BASED_UNIT ( 'INCH', #7829 ) LENGTH_UNIT ( ) NAMED_UNIT ( #3547 ) );
#11397 =( NAMED_UNIT ( * ) PLANE_ANGLE_UNIT ( ) SI_UNIT ( $, .RADIAN. ) );
#11398 = PRESENTATION_LAYER_ASSIGNMENT (  '', '', ( #8780 ) ) ;
#11399 = ORIENTED_EDGE ( 'NONE', *, *, #2437, .T. ) ;
#11400 = EDGE_CURVE ( 'NONE', #8370, #10226, #6016, .T. ) ;
#11401 = LINE ( 'NONE', #1000, #9910 ) ;
#11402 = EDGE_LOOP ( 'NONE', ( #8855, #3111, #11108, #1349 ) ) ;
#11403 = VERTEX_POINT ( 'NONE', #4173 ) ;
#11404 = CIRCLE ( 'NONE', #11219, 0.01181102362204724220 ) ;
#11405 = MECHANICAL_DESIGN_GEOMETRIC_PRESENTATION_REPRESENTATION (  '', ( #8043 ), #9363 ) ;
#11406 = DIRECTION ( 'NONE',  ( 1.000000000000000000, 1.644517855225996559E-15, 1.817990202823693835E-15 ) ) ;
#11407 =( CONVERSION_BASED_UNIT ( 'INCH', #7033 ) LENGTH_UNIT ( ) NAMED_UNIT ( #3121 ) );
#11408 = SURFACE_STYLE_USAGE ( .BOTH. , #7841 ) ;
#11409 = CARTESIAN_POINT ( 'NONE',  ( 0.4073818897637738190, 0.1240157480314798000, -0.08129921259842741443 ) ) ;
#11410 = PRESENTATION_STYLE_ASSIGNMENT (( #2536 ) ) ;
#11411 = CIRCLE ( 'NONE', #6402, 0.01299212598425197353 ) ;
#11412 = LINE ( 'NONE', #4503, #4117 ) ;
#11413 = ORIENTED_EDGE ( 'NONE', *, *, #8686, .T. ) ;
#11414 = STYLED_ITEM ( 'NONE', ( #7546 ), #11106 ) ;
#11415 = EDGE_LOOP ( 'NONE', ( #7776, #9123, #10828, #9749 ) ) ;
#11416 = AXIS2_PLACEMENT_3D ( 'NONE', #8119, #2924, #9936 ) ;
#11417 = ORIENTED_EDGE ( 'NONE', *, *, #9104, .F. ) ;
#11418 = CARTESIAN_POINT ( 'NONE',  ( 0.2746062992125933300, 0.09645669291338507256, -0.2104330708661442395 ) ) ;
#11419 = VERTEX_POINT ( 'NONE', #2432 ) ;
#11420 =( NAMED_UNIT ( * ) PLANE_ANGLE_UNIT ( ) SI_UNIT ( $, .RADIAN. ) );
#11421 = MECHANICAL_DESIGN_GEOMETRIC_PRESENTATION_REPRESENTATION (  '', ( #5321 ), #6410 ) ;
#11422 = DIRECTION ( 'NONE',  ( 1.817990202823693835E-15, -3.503246160812042677E-46, -1.000000000000000000 ) ) ;
#11423 = UNCERTAINTY_MEASURE_WITH_UNIT (LENGTH_MEASURE( 1.000000000000000082E-05 ), #9896, 'distance_accuracy_value', 'NONE');
#11424 =( CONVERSION_BASED_UNIT ( 'INCH', #6126 ) LENGTH_UNIT ( ) NAMED_UNIT ( #4310 ) );
#11425 = LINE ( 'NONE', #3644, #7581 ) ;
#11426 = STYLED_ITEM ( 'NONE', ( #8755 ), #10408 ) ;
#11427 = FILL_AREA_STYLE_COLOUR ( '', #2688 ) ;
#11428 = FACE_OUTER_BOUND ( 'NONE', #1246, .T. ) ;
#11429 = CARTESIAN_POINT ( 'NONE',  ( 0.4872047244094428464, 0.08937007874015708009, -0.3242125984252007265 ) ) ;
#11430 = ORIENTED_EDGE ( 'NONE', *, *, #6691, .T. ) ;
#11431 =( LENGTH_UNIT ( ) NAMED_UNIT ( * ) SI_UNIT ( $, .METRE. ) );
#11432 = VECTOR ( 'NONE', #3743, 39.37007874015748143 ) ;
#11433 = PRESENTATION_STYLE_ASSIGNMENT (( #5033 ) ) ;
#11434 = VECTOR ( 'NONE', #9644, 39.37007874015748143 ) ;
#11435 = SURFACE_STYLE_USAGE ( .BOTH. , #7760 ) ;
#11436 = COLOUR_RGB ( '',0.7607843137254901578, 0.7607843137254901578, 0.0000000000000000000 ) ;
#11437 = UNCERTAINTY_MEASURE_WITH_UNIT (LENGTH_MEASURE( 1.000000000000000082E-05 ), #5903, 'distance_accuracy_value', 'NONE');
#11438 = CARTESIAN_POINT ( 'NONE',  ( 0.2175196850393652792, 0.06614173228346371947, -0.2761811023622073313 ) ) ;
#11439 = VECTOR ( 'NONE', #11365, 39.37007874015748143 ) ;
#11440 = MECHANICAL_DESIGN_GEOMETRIC_PRESENTATION_REPRESENTATION (  '', ( #8256 ), #8633 ) ;
#11441 = FILL_AREA_STYLE ('',( #805 ) ) ;
#11442 = LINE ( 'NONE', #11326, #10208 ) ;
#11443 =( NAMED_UNIT ( * ) SI_UNIT ( $, .STERADIAN. ) SOLID_ANGLE_UNIT ( ) );
#11444 = ORIENTED_EDGE ( 'NONE', *, *, #3001, .F. ) ;
#11445 = CIRCLE ( 'NONE', #4030, 0.005905511811023628037 ) ;
#11446 = EDGE_CURVE ( 'NONE', #8891, #10039, #5205, .T. ) ;
#11447 = PRESENTATION_STYLE_ASSIGNMENT (( #7872 ) ) ;
#11448 = DIRECTION ( 'NONE',  ( -1.000000000000000000, -1.644517855225996559E-15, -1.817990202823693835E-15 ) ) ;
#11449 = ORIENTED_EDGE ( 'NONE', *, *, #144, .F. ) ;
#11450 = CARTESIAN_POINT ( 'NONE',  ( 0.5067913519291874502, 0.08893342700064806039, -0.1104330708661437066 ) ) ;
#11451 = AXIS2_PLACEMENT_3D ( 'NONE', #6300, #5482, #8910 ) ;
#11452 = VERTEX_POINT ( 'NONE', #11369 ) ;
#11453 = VECTOR ( 'NONE', #7730, 39.37007874015748143 ) ;
#11454 = CARTESIAN_POINT ( 'NONE',  ( 0.4058070866141675337, 0.1279527559055124442, -0.08129921259842741443 ) ) ;
#11455 = ADVANCED_FACE ( 'NONE', ( #5090 ), #8624, .T. ) ;
#11456 =( LENGTH_UNIT ( ) NAMED_UNIT ( * ) SI_UNIT ( $, .METRE. ) );
#11457 = CARTESIAN_POINT ( 'NONE',  ( 0.4805418239949947323, 0.09291338582677124980, -0.1761811023622067984 ) ) ;
#11458 = ADVANCED_FACE ( 'NONE', ( #6941 ), #8745, .T. ) ;
#11459 = SURFACE_STYLE_USAGE ( .BOTH. , #4429 ) ;
#11460 = ORIENTED_EDGE ( 'NONE', *, *, #750, .F. ) ;
#11461 = VECTOR ( 'NONE', #9342, 39.37007874015747433 ) ;
#11462 = DIRECTION ( 'NONE',  ( 1.817990202823693835E-15, 0.0000000000000000000, -1.000000000000000000 ) ) ;
#11463 = EDGE_LOOP ( 'NONE', ( #9028, #6474, #575, #3963 ) ) ;
#11464 = ORIENTED_EDGE ( 'NONE', *, *, #2291, .F. ) ;
#11465 =( NAMED_UNIT ( * ) PLANE_ANGLE_UNIT ( ) SI_UNIT ( $, .RADIAN. ) );
#11466 = CARTESIAN_POINT ( 'NONE',  ( 0.4058070866141673672, 0.1240157480314955235, 0.05807086614173007783 ) ) ;
#11467 = ADVANCED_FACE ( 'NONE', ( #2616 ), #6133, .F. ) ;
#11468 = COLOUR_RGB ( '',0.7607843137254901578, 0.7607843137254901578, 0.0000000000000000000 ) ;
#11469 = CARTESIAN_POINT ( 'NONE',  ( 0.5442913385826713135, 0.06614173228346426070, -0.02618110236220666173 ) ) ;
#11470 = FILL_AREA_STYLE ('',( #7839 ) ) ;
#11471 =( NAMED_UNIT ( * ) SI_UNIT ( $, .STERADIAN. ) SOLID_ANGLE_UNIT ( ) );
#11472 = LENGTH_MEASURE_WITH_UNIT ( LENGTH_MEASURE( 0.02539999999999999897 ), #7842 );
#11473 = SURFACE_STYLE_FILL_AREA ( #7843 ) ;
#11474 = EDGE_CURVE ( 'NONE', #8357, #364, #1796, .T. ) ;
#11475 = CARTESIAN_POINT ( 'NONE',  ( 0.3513779527558994475, 0.1535433070866135674, 0.01496062992125752646 ) ) ;
#11476 = ORIENTED_EDGE ( 'NONE', *, *, #9458, .T. ) ;
#11477 = VERTEX_POINT ( 'NONE', #5497 ) ;
ENDSEC;
END-ISO-10303-21;
