ISO-10303-21;
HEADER;
FILE_DESCRIPTION (( 'STEP AP214' ),
    '1' );
FILE_NAME ('A6H_4102.step',
    '2024-03-15T01:29:30',
    ( 'OSMC1.0    ' ),
    ( ' ' ),
    'SwSTEP 2.0',
    'SolidWorks 2002025',
    '' );
FILE_SCHEMA (( 'AUTOMOTIVE_DESIGN' ));
ENDSEC;

DATA;
#1 = ORIENTED_EDGE ( 'NONE', *, *, #125, .F. ) ;
#2 = EDGE_CURVE ( 'NONE', #530, #353, #859, .T. ) ;
#3 = VERTEX_POINT ( 'NONE', #863 ) ;
#4 = VERTEX_POINT ( 'NONE', #864 ) ;
#5 = ORIENTED_EDGE ( 'NONE', *, *, #2653, .T. ) ;
#6 = VERTEX_POINT ( 'NONE', #865 ) ;
#7 = ORIENTED_EDGE ( 'NONE', *, *, #4475, .T. ) ;
#8 = EDGE_LOOP ( 'NONE', ( #266, #2540, #3936, #616 ) ) ;
#9 = ORIENTED_EDGE ( 'NONE', *, *, #392, .T. ) ;
#10 = ORIENTED_EDGE ( 'NONE', *, *, #131, .F. ) ;
#11 = ORIENTED_EDGE ( 'NONE', *, *, #589, .T. ) ;
#12 = ORIENTED_EDGE ( 'NONE', *, *, #438, .F. ) ;
#13 = EDGE_CURVE ( 'NONE', #4863, #4856, #870, .T. ) ;
#14 = EDGE_CURVE ( 'NONE', #4856, #57, #875, .T. ) ;
#15 = ADVANCED_FACE ( 'NONE', ( #881 ), #882, .T. ) ;
#16 = ADVANCED_FACE ( 'NONE', ( #887 ), #888, .F. ) ;
#17 = EDGE_CURVE ( 'NONE', #1153, #123, #893, .T. ) ;
#18 = EDGE_LOOP ( 'NONE', ( #237, #4597, #2969, #178 ) ) ;
#19 = ORIENTED_EDGE ( 'NONE', *, *, #699, .F. ) ;
#20 = ADVANCED_FACE ( 'NONE', ( #897 ), #914, .F. ) ;
#21 = ORIENTED_EDGE ( 'NONE', *, *, #81, .T. ) ;
#22 = EDGE_CURVE ( 'NONE', #66, #460, #919, .T. ) ;
#23 = EDGE_CURVE ( 'NONE', #4868, #4823, #924, .T. ) ;
#24 = EDGE_CURVE ( 'NONE', #51, #3867, #930, .T. ) ;
#25 = EDGE_CURVE ( 'NONE', #4702, #3052, #934, .T. ) ;
#26 = VERTEX_POINT ( 'NONE', #938 ) ;
#27 = VERTEX_POINT ( 'NONE', #939 ) ;
#28 = ORIENTED_EDGE ( 'NONE', *, *, #4581, .F. ) ;
#29 = EDGE_LOOP ( 'NONE', ( #5036, #4571, #2375, #4877 ) ) ;
#30 = VERTEX_POINT ( 'NONE', #940 ) ;
#31 = EDGE_CURVE ( 'NONE', #1153, #1555, #941, .T. ) ;
#32 = ORIENTED_EDGE ( 'NONE', *, *, #96, .T. ) ;
#33 = EDGE_CURVE ( 'NONE', #80, #4693, #945, .T. ) ;
#34 = ORIENTED_EDGE ( 'NONE', *, *, #5002, .T. ) ;
#35 = EDGE_LOOP ( 'NONE', ( #158, #2558, #4645, #4615 ) ) ;
#36 = ORIENTED_EDGE ( 'NONE', *, *, #53, .F. ) ;
#37 = ADVANCED_FACE ( 'NONE', ( #949 ), #966, .T. ) ;
#38 = EDGE_LOOP ( 'NONE', ( #44, #4938, #622, #4985 ) ) ;
#39 = ORIENTED_EDGE ( 'NONE', *, *, #97, .T. ) ;
#40 = ADVANCED_FACE ( 'NONE', ( #971 ), #988, .F. ) ;
#41 = EDGE_CURVE ( 'NONE', #146, #664, #993, .T. ) ;
#42 = EDGE_CURVE ( 'NONE', #515, #88, #998, .T. ) ;
#43 = ORIENTED_EDGE ( 'NONE', *, *, #60, .T. ) ;
#44 = ORIENTED_EDGE ( 'NONE', *, *, #156, .T. ) ;
#45 = VERTEX_POINT ( 'NONE', #1006 ) ;
#46 = ADVANCED_FACE ( 'NONE', ( #1007 ), #1008, .F. ) ;
#47 = ORIENTED_EDGE ( 'NONE', *, *, #4695, .F. ) ;
#48 = EDGE_LOOP ( 'NONE', ( #4917, #4796, #226, #19 ) ) ;
#49 = ORIENTED_EDGE ( 'NONE', *, *, #373, .T. ) ;
#50 = ORIENTED_EDGE ( 'NONE', *, *, #505, .T. ) ;
#51 = VERTEX_POINT ( 'NONE', #1014 ) ;
#52 = ADVANCED_FACE ( 'NONE', ( #1015 ), #1016, .T. ) ;
#53 = EDGE_CURVE ( 'NONE', #4760, #5078, #1021, .T. ) ;
#54 = ORIENTED_EDGE ( 'NONE', *, *, #89, .F. ) ;
#55 = VERTEX_POINT ( 'NONE', #1025 ) ;
#56 = EDGE_CURVE ( 'NONE', #4782, #4737, #1026, .T. ) ;
#57 = VERTEX_POINT ( 'NONE', #1038 ) ;
#58 = EDGE_CURVE ( 'NONE', #3, #66, #1039, .T. ) ;
#59 = ORIENTED_EDGE ( 'NONE', *, *, #94, .T. ) ;
#60 = EDGE_CURVE ( 'NONE', #5078, #115, #1043, .T. ) ;
#61 = VERTEX_POINT ( 'NONE', #1047 ) ;
#62 = ADVANCED_FACE ( 'NONE', ( #1048 ), #1064, .F. ) ;
#63 = ORIENTED_EDGE ( 'NONE', *, *, #790, .F. ) ;
#64 = EDGE_CURVE ( 'NONE', #100, #176, #1074, .T. ) ;
#65 = ORIENTED_EDGE ( 'NONE', *, *, #96, .F. ) ;
#66 = VERTEX_POINT ( 'NONE', #1078 ) ;
#67 = EDGE_LOOP ( 'NONE', ( #1065, #4812, #536, #404 ) ) ;
#68 = EDGE_CURVE ( 'NONE', #4874, #4884, #1079, .T. ) ;
#69 = EDGE_CURVE ( 'NONE', #132, #2541, #1087, .T. ) ;
#70 = EDGE_CURVE ( 'NONE', #3867, #26, #1091, .T. ) ;
#71 = EDGE_LOOP ( 'NONE', ( #2703, #182, #230, #490, #4706 ) ) ;
#72 = VERTEX_POINT ( 'NONE', #1096 ) ;
#73 = ORIENTED_EDGE ( 'NONE', *, *, #609, .F. ) ;
#74 = EDGE_CURVE ( 'NONE', #265, #3412, #1097, .T. ) ;
#75 = ORIENTED_EDGE ( 'NONE', *, *, #68, .F. ) ;
#76 = ORIENTED_EDGE ( 'NONE', *, *, #3866, .T. ) ;
#77 = ADVANCED_FACE ( 'NONE', ( #1101 ), #1103, .T. ) ;
#78 = ORIENTED_EDGE ( 'NONE', *, *, #547, .F. ) ;
#79 = ORIENTED_EDGE ( 'NONE', *, *, #64, .T. ) ;
#80 = VERTEX_POINT ( 'NONE', #1108 ) ;
#81 = EDGE_CURVE ( 'NONE', #51, #45, #1109, .T. ) ;
#82 = ADVANCED_FACE ( 'NONE', ( #1114 ), #1131, .F. ) ;
#83 = ORIENTED_EDGE ( 'NONE', *, *, #200, .F. ) ;
#84 = ORIENTED_EDGE ( 'NONE', *, *, #197, .T. ) ;
#85 = VERTEX_POINT ( 'NONE', #1136 ) ;
#86 = ORIENTED_EDGE ( 'NONE', *, *, #641, .T. ) ;
#87 = ORIENTED_EDGE ( 'NONE', *, *, #594, .T. ) ;
#88 = VERTEX_POINT ( 'NONE', #1137 ) ;
#89 = EDGE_CURVE ( 'NONE', #345, #144, #1138, .T. ) ;
#90 = EDGE_CURVE ( 'NONE', #4605, #72, #1142, .T. ) ;
#91 = EDGE_CURVE ( 'NONE', #139, #61, #1146, .T. ) ;
#92 = EDGE_CURVE ( 'NONE', #176, #3867, #1150, .T. ) ;
#93 = ORIENTED_EDGE ( 'NONE', *, *, #4700, .F. ) ;
#94 = EDGE_CURVE ( 'NONE', #118, #4390, #1157, .T. ) ;
#95 = EDGE_CURVE ( 'NONE', #114, #789, #1161, .T. ) ;
#96 = EDGE_CURVE ( 'NONE', #4847, #4154, #1165, .T. ) ;
#97 = EDGE_CURVE ( 'NONE', #4646, #129, #1171, .T. ) ;
#98 = ADVANCED_FACE ( 'NONE', ( #1175 ), #1192, .F. ) ;
#99 = EDGE_CURVE ( 'NONE', #4961, #1452, #1197, .T. ) ;
#100 = VERTEX_POINT ( 'NONE', #1201 ) ;
#101 = ORIENTED_EDGE ( 'NONE', *, *, #5064, .T. ) ;
#102 = EDGE_CURVE ( 'NONE', #348, #4838, #1202, .T. ) ;
#103 = ORIENTED_EDGE ( 'NONE', *, *, #81, .F. ) ;
#104 = EDGE_LOOP ( 'NONE', ( #126, #724, #111, #78 ) ) ;
#105 = ORIENTED_EDGE ( 'NONE', *, *, #772, .F. ) ;
#106 = ORIENTED_EDGE ( 'NONE', *, *, #4813, .T. ) ;
#107 = EDGE_CURVE ( 'NONE', #4760, #5000, #1206, .T. ) ;
#108 = ORIENTED_EDGE ( 'NONE', *, *, #692, .T. ) ;
#109 = EDGE_CURVE ( 'NONE', #2037, #146, #1210, .T. ) ;
#110 = ORIENTED_EDGE ( 'NONE', *, *, #4876, .T. ) ;
#111 = ORIENTED_EDGE ( 'NONE', *, *, #130, .T. ) ;
#112 = VERTEX_POINT ( 'NONE', #1215 ) ;
#113 = ORIENTED_EDGE ( 'NONE', *, *, #4926, .F. ) ;
#114 = VERTEX_POINT ( 'NONE', #1216 ) ;
#115 = VERTEX_POINT ( 'NONE', #1217 ) ;
#116 = ADVANCED_FACE ( 'NONE', ( #1218 ), #1219, .F. ) ;
#117 = ADVANCED_FACE ( 'NONE', ( #1225 ), #1226, .T. ) ;
#118 = VERTEX_POINT ( 'NONE', #1232 ) ;
#119 = ORIENTED_EDGE ( 'NONE', *, *, #4673, .F. ) ;
#120 = ORIENTED_EDGE ( 'NONE', *, *, #131, .T. ) ;
#121 = EDGE_LOOP ( 'NONE', ( #3782, #2323, #802, #603 ) ) ;
#122 = ADVANCED_FACE ( 'NONE', ( #1233 ), #1234, .F. ) ;
#123 = VERTEX_POINT ( 'NONE', #1239 ) ;
#124 = ADVANCED_FACE ( 'NONE', ( #1248 ), #1264, .F. ) ;
#125 = EDGE_CURVE ( 'NONE', #5009, #5053, #1274, .T. ) ;
#126 = ORIENTED_EDGE ( 'NONE', *, *, #593, .F. ) ;
#127 = ADVANCED_FACE ( 'NONE', ( #1278 ), #1279, .F. ) ;
#128 = ORIENTED_EDGE ( 'NONE', *, *, #190, .T. ) ;
#129 = VERTEX_POINT ( 'NONE', #1284 ) ;
#130 = EDGE_CURVE ( 'NONE', #145, #150, #1285, .T. ) ;
#131 = EDGE_CURVE ( 'NONE', #272, #5078, #1291, .T. ) ;
#132 = VERTEX_POINT ( 'NONE', #1295 ) ;
#133 = ORIENTED_EDGE ( 'NONE', *, *, #95, .T. ) ;
#134 = ORIENTED_EDGE ( 'NONE', *, *, #4791, .F. ) ;
#135 = EDGE_CURVE ( 'NONE', #1869, #30, #1296, .T. ) ;
#136 = EDGE_CURVE ( 'NONE', #1452, #112, #1300, .T. ) ;
#137 = ORIENTED_EDGE ( 'NONE', *, *, #770, .F. ) ;
#138 = ORIENTED_EDGE ( 'NONE', *, *, #4946, .F. ) ;
#139 = VERTEX_POINT ( 'NONE', #1310 ) ;
#140 = ORIENTED_EDGE ( 'NONE', *, *, #14, .F. ) ;
#141 = ADVANCED_FACE ( 'NONE', ( #1311 ), #1328, .F. ) ;
#142 = EDGE_CURVE ( 'NONE', #2037, #4951, #1333, .T. ) ;
#143 = ORIENTED_EDGE ( 'NONE', *, *, #3917, .T. ) ;
#144 = VERTEX_POINT ( 'NONE', #1338 ) ;
#145 = VERTEX_POINT ( 'NONE', #1343 ) ;
#146 = VERTEX_POINT ( 'NONE', #1344 ) ;
#147 = ORIENTED_EDGE ( 'NONE', *, *, #197, .F. ) ;
#148 = EDGE_CURVE ( 'NONE', #378, #519, #1345, .T. ) ;
#149 = ORIENTED_EDGE ( 'NONE', *, *, #24, .T. ) ;
#150 = VERTEX_POINT ( 'NONE', #1349 ) ;
#151 = EDGE_CURVE ( 'NONE', #4787, #4794, #1354, .T. ) ;
#152 = EDGE_LOOP ( 'NONE', ( #5038, #4632, #192, #504 ) ) ;
#153 = EDGE_LOOP ( 'NONE', ( #364, #86, #590, #822 ) ) ;
#154 = ORIENTED_EDGE ( 'NONE', *, *, #3154, .F. ) ;
#155 = EDGE_CURVE ( 'NONE', #4738, #2561, #1358, .T. ) ;
#156 = EDGE_CURVE ( 'NONE', #61, #1452, #1362, .T. ) ;
#157 = ORIENTED_EDGE ( 'NONE', *, *, #759, .T. ) ;
#158 = ORIENTED_EDGE ( 'NONE', *, *, #181, .T. ) ;
#159 = EDGE_CURVE ( 'NONE', #219, #649, #1366, .T. ) ;
#160 = EDGE_CURVE ( 'NONE', #4723, #3052, #1372, .T. ) ;
#161 = ADVANCED_FACE ( 'NONE', ( #1376 ), #1377, .T. ) ;
#162 = ORIENTED_EDGE ( 'NONE', *, *, #757, .T. ) ;
#163 = ORIENTED_EDGE ( 'NONE', *, *, #193, .T. ) ;
#164 = VERTEX_POINT ( 'NONE', #1382 ) ;
#165 = EDGE_CURVE ( 'NONE', #752, #376, #1383, .T. ) ;
#166 = ORIENTED_EDGE ( 'NONE', *, *, #794, .F. ) ;
#167 = ORIENTED_EDGE ( 'NONE', *, *, #1082, .F. ) ;
#168 = VERTEX_POINT ( 'NONE', #1391 ) ;
#169 = ORIENTED_EDGE ( 'NONE', *, *, #229, .F. ) ;
#170 = EDGE_CURVE ( 'NONE', #164, #272, #1392, .T. ) ;
#171 = ORIENTED_EDGE ( 'NONE', *, *, #208, .T. ) ;
#172 = VERTEX_POINT ( 'NONE', #1396 ) ;
#173 = ADVANCED_FACE ( 'NONE', ( #1398 ), #1399, .F. ) ;
#174 = ADVANCED_FACE ( 'NONE', ( #1405 ), #1406, .F. ) ;
#175 = ORIENTED_EDGE ( 'NONE', *, *, #90, .F. ) ;
#176 = VERTEX_POINT ( 'NONE', #1415 ) ;
#177 = ORIENTED_EDGE ( 'NONE', *, *, #203, .T. ) ;
#178 = ORIENTED_EDGE ( 'NONE', *, *, #160, .F. ) ;
#179 = ORIENTED_EDGE ( 'NONE', *, *, #806, .F. ) ;
#180 = ORIENTED_EDGE ( 'NONE', *, *, #1369, .F. ) ;
#181 = EDGE_CURVE ( 'NONE', #5052, #4702, #1416, .T. ) ;
#182 = ORIENTED_EDGE ( 'NONE', *, *, #593, .T. ) ;
#183 = ORIENTED_EDGE ( 'NONE', *, *, #4631, .F. ) ;
#184 = ORIENTED_EDGE ( 'NONE', *, *, #60, .F. ) ;
#185 = ORIENTED_EDGE ( 'NONE', *, *, #170, .F. ) ;
#186 = VERTEX_POINT ( 'NONE', #1424 ) ;
#187 = ADVANCED_FACE ( 'NONE', ( #1425 ), #1426, .T. ) ;
#188 = ORIENTED_EDGE ( 'NONE', *, *, #4802, .F. ) ;
#189 = EDGE_LOOP ( 'NONE', ( #4612, #628, #218, #2158 ) ) ;
#190 = EDGE_CURVE ( 'NONE', #5053, #4951, #1431, .T. ) ;
#191 = ADVANCED_FACE ( 'NONE', ( #1435 ), #1451, .F. ) ;
#192 = ORIENTED_EDGE ( 'NONE', *, *, #737, .F. ) ;
#193 = EDGE_CURVE ( 'NONE', #319, #660, #1458, .T. ) ;
#194 = VERTEX_POINT ( 'NONE', #1462 ) ;
#195 = ORIENTED_EDGE ( 'NONE', *, *, #4547, .T. ) ;
#196 = ORIENTED_EDGE ( 'NONE', *, *, #3479, .F. ) ;
#197 = EDGE_CURVE ( 'NONE', #45, #5076, #1463, .T. ) ;
#198 = ORIENTED_EDGE ( 'NONE', *, *, #743, .F. ) ;
#199 = ADVANCED_FACE ( 'NONE', ( #1467 ), #1468, .F. ) ;
#200 = EDGE_CURVE ( 'NONE', #186, #164, #1473, .T. ) ;
#201 = VERTEX_POINT ( 'NONE', #1477 ) ;
#202 = ORIENTED_EDGE ( 'NONE', *, *, #148, .T. ) ;
#203 = EDGE_CURVE ( 'NONE', #123, #118, #1478, .T. ) ;
#204 = VERTEX_POINT ( 'NONE', #1486 ) ;
#205 = ADVANCED_FACE ( 'NONE', ( #1487 ), #1488, .F. ) ;
#206 = EDGE_CURVE ( 'NONE', #3120, #4703, #1493, .T. ) ;
#207 = ORIENTED_EDGE ( 'NONE', *, *, #64, .F. ) ;
#208 = EDGE_CURVE ( 'NONE', #80, #306, #1497, .T. ) ;
#209 = VERTEX_POINT ( 'NONE', #1501 ) ;
#210 = ORIENTED_EDGE ( 'NONE', *, *, #741, .F. ) ;
#211 = EDGE_CURVE ( 'NONE', #1869, #4863, #1504, .T. ) ;
#212 = ORIENTED_EDGE ( 'NONE', *, *, #262, .T. ) ;
#213 = EDGE_CURVE ( 'NONE', #249, #2240, #1508, .T. ) ;
#214 = ORIENTED_EDGE ( 'NONE', *, *, #264, .F. ) ;
#215 = ORIENTED_EDGE ( 'NONE', *, *, #254, .F. ) ;
#216 = ADVANCED_FACE ( 'NONE', ( #1512 ), #1529, .F. ) ;
#217 = EDGE_CURVE ( 'NONE', #4874, #416, #1534, .T. ) ;
#218 = ORIENTED_EDGE ( 'NONE', *, *, #238, .T. ) ;
#219 = VERTEX_POINT ( 'NONE', #1540 ) ;
#220 = ORIENTED_EDGE ( 'NONE', *, *, #3631, .T. ) ;
#221 = EDGE_CURVE ( 'NONE', #244, #2257, #1541, .T. ) ;
#222 = ORIENTED_EDGE ( 'NONE', *, *, #92, .T. ) ;
#223 = EDGE_CURVE ( 'NONE', #4935, #361, #1545, .T. ) ;
#224 = ORIENTED_EDGE ( 'NONE', *, *, #4564, .F. ) ;
#225 = ORIENTED_EDGE ( 'NONE', *, *, #411, .F. ) ;
#226 = ORIENTED_EDGE ( 'NONE', *, *, #562, .F. ) ;
#227 = ADVANCED_FACE ( 'NONE', ( #1580 ), #1581, .T. ) ;
#228 = ORIENTED_EDGE ( 'NONE', *, *, #743, .T. ) ;
#229 = EDGE_CURVE ( 'NONE', #285, #233, #1586, .T. ) ;
#230 = ORIENTED_EDGE ( 'NONE', *, *, #69, .T. ) ;
#231 = EDGE_LOOP ( 'NONE', ( #4800, #4340, #2392, #4118 ) ) ;
#232 = ADVANCED_FACE ( 'NONE', ( #1596 ), #1597, .F. ) ;
#233 = VERTEX_POINT ( 'NONE', #1610 ) ;
#234 = ORIENTED_EDGE ( 'NONE', *, *, #31, .F. ) ;
#235 = ORIENTED_EDGE ( 'NONE', *, *, #735, .T. ) ;
#236 = EDGE_LOOP ( 'NONE', ( #715, #4563, #753, #1187 ) ) ;
#237 = ORIENTED_EDGE ( 'NONE', *, *, #3411, .F. ) ;
#238 = EDGE_CURVE ( 'NONE', #660, #4798, #1612, .T. ) ;
#239 = ADVANCED_FACE ( 'NONE', ( #1643 ), #1644, .F. ) ;
#240 = EDGE_LOOP ( 'NONE', ( #2584, #4763, #169, #4862 ) ) ;
#241 = ORIENTED_EDGE ( 'NONE', *, *, #69, .F. ) ;
#242 = ADVANCED_FACE ( 'NONE', ( #1657 ), #1673, .F. ) ;
#243 = ORIENTED_EDGE ( 'NONE', *, *, #284, .F. ) ;
#244 = VERTEX_POINT ( 'NONE', #1686 ) ;
#245 = ORIENTED_EDGE ( 'NONE', *, *, #679, .T. ) ;
#246 = ADVANCED_FACE ( 'NONE', ( #1695 ), #1696, .T. ) ;
#247 = VERTEX_POINT ( 'NONE', #1705 ) ;
#248 = EDGE_LOOP ( 'NONE', ( #2539, #4744, #3765, #4699 ) ) ;
#249 = VERTEX_POINT ( 'NONE', #1706 ) ;
#250 = ADVANCED_FACE ( 'NONE', ( #1708 ), #1726, .F. ) ;
#251 = EDGE_CURVE ( 'NONE', #288, #318, #1735, .T. ) ;
#252 = EDGE_CURVE ( 'NONE', #561, #453, #1749, .T. ) ;
#253 = ORIENTED_EDGE ( 'NONE', *, *, #292, .F. ) ;
#254 = EDGE_CURVE ( 'NONE', #378, #436, #1759, .T. ) ;
#255 = ORIENTED_EDGE ( 'NONE', *, *, #95, .F. ) ;
#256 = ORIENTED_EDGE ( 'NONE', *, *, #307, .F. ) ;
#257 = EDGE_LOOP ( 'NONE', ( #177, #138, #234, #2585 ) ) ;
#258 = ORIENTED_EDGE ( 'NONE', *, *, #304, .T. ) ;
#259 = ADVANCED_FACE ( 'NONE', ( #1768 ), #1769, .T. ) ;
#260 = ADVANCED_FACE ( 'NONE', ( #1774 ), #1775, .F. ) ;
#261 = ORIENTED_EDGE ( 'NONE', *, *, #547, .T. ) ;
#262 = EDGE_CURVE ( 'NONE', #4965, #296, #1784, .T. ) ;
#263 = ADVANCED_FACE ( 'NONE', ( #1789 ), #1805, .F. ) ;
#264 = EDGE_CURVE ( 'NONE', #608, #621, #1815, .T. ) ;
#265 = VERTEX_POINT ( 'NONE', #1819 ) ;
#266 = ORIENTED_EDGE ( 'NONE', *, *, #13, .T. ) ;
#267 = ORIENTED_EDGE ( 'NONE', *, *, #4598, .F. ) ;
#268 = ORIENTED_EDGE ( 'NONE', *, *, #1369, .T. ) ;
#269 = EDGE_CURVE ( 'NONE', #4732, #378, #1820, .T. ) ;
#270 = VERTEX_POINT ( 'NONE', #1824 ) ;
#271 = VERTEX_POINT ( 'NONE', #1825 ) ;
#272 = VERTEX_POINT ( 'NONE', #1826 ) ;
#273 = EDGE_LOOP ( 'NONE', ( #4558, #4578, #4991, #5071 ) ) ;
#274 = ORIENTED_EDGE ( 'NONE', *, *, #14, .T. ) ;
#275 = VERTEX_POINT ( 'NONE', #1839 ) ;
#276 = EDGE_CURVE ( 'NONE', #308, #2240, #1840, .T. ) ;
#277 = ORIENTED_EDGE ( 'NONE', *, *, #322, .T. ) ;
#278 = EDGE_CURVE ( 'NONE', #363, #441, #1845, .T. ) ;
#279 = ORIENTED_EDGE ( 'NONE', *, *, #2582, .T. ) ;
#280 = ORIENTED_EDGE ( 'NONE', *, *, #330, .F. ) ;
#281 = VERTEX_POINT ( 'NONE', #1860 ) ;
#282 = EDGE_LOOP ( 'NONE', ( #485, #738, #4969, #283 ) ) ;
#283 = ORIENTED_EDGE ( 'NONE', *, *, #425, .T. ) ;
#284 = EDGE_CURVE ( 'NONE', #319, #469, #1861, .T. ) ;
#285 = VERTEX_POINT ( 'NONE', #1865 ) ;
#286 = ORIENTED_EDGE ( 'NONE', *, *, #4601, .F. ) ;
#287 = ORIENTED_EDGE ( 'NONE', *, *, #4885, .T. ) ;
#288 = VERTEX_POINT ( 'NONE', #1882 ) ;
#289 = EDGE_LOOP ( 'NONE', ( #108, #4339, #154, #1970 ) ) ;
#290 = VERTEX_POINT ( 'NONE', #1883 ) ;
#291 = ORIENTED_EDGE ( 'NONE', *, *, #346, .F. ) ;
#292 = EDGE_CURVE ( 'NONE', #6, #497, #1910, .T. ) ;
#293 = EDGE_CURVE ( 'NONE', #4390, #4545, #1914, .T. ) ;
#294 = ORIENTED_EDGE ( 'NONE', *, *, #666, .T. ) ;
#295 = ORIENTED_EDGE ( 'NONE', *, *, #307, .T. ) ;
#296 = VERTEX_POINT ( 'NONE', #1918 ) ;
#297 = ORIENTED_EDGE ( 'NONE', *, *, #4564, .T. ) ;
#298 = ADVANCED_FACE ( 'NONE', ( #1920 ), #1936, .T. ) ;
#299 = ORIENTED_EDGE ( 'NONE', *, *, #532, .T. ) ;
#300 = EDGE_LOOP ( 'NONE', ( #4963, #2636, #4749, #337 ) ) ;
#301 = ORIENTED_EDGE ( 'NONE', *, *, #830, .T. ) ;
#302 = VERTEX_POINT ( 'NONE', #1974 ) ;
#303 = EDGE_CURVE ( 'NONE', #2460, #515, #1976, .T. ) ;
#304 = EDGE_CURVE ( 'NONE', #361, #4814, #1980, .T. ) ;
#305 = ORIENTED_EDGE ( 'NONE', *, *, #778, .F. ) ;
#306 = VERTEX_POINT ( 'NONE', #1990 ) ;
#307 = EDGE_CURVE ( 'NONE', #144, #30, #1997, .T. ) ;
#308 = VERTEX_POINT ( 'NONE', #2002 ) ;
#309 = ORIENTED_EDGE ( 'NONE', *, *, #4426, .F. ) ;
#310 = ADVANCED_FACE ( 'NONE', ( #2005 ), #2006, .F. ) ;
#311 = ORIENTED_EDGE ( 'NONE', *, *, #4830, .T. ) ;
#312 = ORIENTED_EDGE ( 'NONE', *, *, #777, .F. ) ;
#313 = ADVANCED_FACE ( 'NONE', ( #2013 ), #2029, .F. ) ;
#314 = ORIENTED_EDGE ( 'NONE', *, *, #338, .F. ) ;
#315 = ADVANCED_FACE ( 'NONE', ( #2040 ), #2058, .F. ) ;
#316 = ORIENTED_EDGE ( 'NONE', *, *, #366, .F. ) ;
#317 = ORIENTED_EDGE ( 'NONE', *, *, #4560, .T. ) ;
#318 = VERTEX_POINT ( 'NONE', #2074 ) ;
#319 = VERTEX_POINT ( 'NONE', #2079 ) ;
#320 = EDGE_CURVE ( 'NONE', #72, #352, #2080, .T. ) ;
#321 = EDGE_LOOP ( 'NONE', ( #385, #4734, #4573, #4719 ) ) ;
#322 = EDGE_CURVE ( 'NONE', #2004, #4823, #2084, .T. ) ;
#323 = ORIENTED_EDGE ( 'NONE', *, *, #1085, .T. ) ;
#324 = ORIENTED_EDGE ( 'NONE', *, *, #755, .F. ) ;
#325 = ADVANCED_FACE ( 'NONE', ( #2094 ), #2095, .F. ) ;
#326 = EDGE_LOOP ( 'NONE', ( #566, #1919, #761, #76 ) ) ;
#327 = ORIENTED_EDGE ( 'NONE', *, *, #193, .F. ) ;
#328 = ORIENTED_EDGE ( 'NONE', *, *, #3430, .F. ) ;
#329 = ADVANCED_FACE ( 'NONE', ( #2116 ), #2117, .F. ) ;
#330 = EDGE_CURVE ( 'NONE', #355, #4942, #2122, .T. ) ;
#331 = VERTEX_POINT ( 'NONE', #2126 ) ;
#332 = ADVANCED_FACE ( 'NONE', ( #2127 ), #2128, .F. ) ;
#333 = EDGE_CURVE ( 'NONE', #4930, #608, #2133, .T. ) ;
#334 = EDGE_LOOP ( 'NONE', ( #342, #410, #311, #383 ) ) ;
#335 = ADVANCED_FACE ( 'NONE', ( #2145 ), #2146, .F. ) ;
#336 = ORIENTED_EDGE ( 'NONE', *, *, #4568, .F. ) ;
#337 = ORIENTED_EDGE ( 'NONE', *, *, #755, .T. ) ;
#338 = EDGE_CURVE ( 'NONE', #710, #247, #2151, .T. ) ;
#339 = ADVANCED_FACE ( 'NONE', ( #2155, #2156 ), #2173, .F. ) ;
#340 = ORIENTED_EDGE ( 'NONE', *, *, #389, .F. ) ;
#341 = EDGE_CURVE ( 'NONE', #4798, #466, #2178, .T. ) ;
#342 = ORIENTED_EDGE ( 'NONE', *, *, #5016, .T. ) ;
#343 = ORIENTED_EDGE ( 'NONE', *, *, #475, .T. ) ;
#344 = ORIENTED_EDGE ( 'NONE', *, *, #360, .F. ) ;
#345 = VERTEX_POINT ( 'NONE', #2186 ) ;
#346 = EDGE_CURVE ( 'NONE', #4804, #4633, #2189, .T. ) ;
#347 = ORIENTED_EDGE ( 'NONE', *, *, #3224, .F. ) ;
#348 = VERTEX_POINT ( 'NONE', #2194 ) ;
#349 = ADVANCED_FACE ( 'NONE', ( #2195 ), #2196, .T. ) ;
#350 = ORIENTED_EDGE ( 'NONE', *, *, #375, .F. ) ;
#351 = ORIENTED_EDGE ( 'NONE', *, *, #53, .T. ) ;
#352 = VERTEX_POINT ( 'NONE', #2202 ) ;
#353 = VERTEX_POINT ( 'NONE', #2203 ) ;
#354 = ORIENTED_EDGE ( 'NONE', *, *, #370, .F. ) ;
#355 = VERTEX_POINT ( 'NONE', #2204 ) ;
#356 = ADVANCED_FACE ( 'NONE', ( #2210 ), #2211, .T. ) ;
#357 = ADVANCED_FACE ( 'NONE', ( #2216 ), #2217, .F. ) ;
#358 = ORIENTED_EDGE ( 'NONE', *, *, #89, .T. ) ;
#359 = ORIENTED_EDGE ( 'NONE', *, *, #413, .T. ) ;
#360 = EDGE_CURVE ( 'NONE', #5037, #308, #2227, .T. ) ;
#361 = VERTEX_POINT ( 'NONE', #2231 ) ;
#362 = EDGE_CURVE ( 'NONE', #4979, #5053, #2232, .T. ) ;
#363 = VERTEX_POINT ( 'NONE', #2237 ) ;
#364 = ORIENTED_EDGE ( 'NONE', *, *, #4824, .T. ) ;
#365 = ADVANCED_FACE ( 'NONE', ( #2251 ), #2268, .F. ) ;
#366 = EDGE_CURVE ( 'NONE', #168, #114, #2280, .T. ) ;
#367 = ORIENTED_EDGE ( 'NONE', *, *, #165, .T. ) ;
#368 = EDGE_LOOP ( 'NONE', ( #4761, #601, #4552, #4839 ) ) ;
#369 = ORIENTED_EDGE ( 'NONE', *, *, #4577, .T. ) ;
#370 = EDGE_CURVE ( 'NONE', #4747, #209, #2284, .T. ) ;
#371 = ORIENTED_EDGE ( 'NONE', *, *, #729, .T. ) ;
#372 = ORIENTED_EDGE ( 'NONE', *, *, #4628, .T. ) ;
#373 = EDGE_CURVE ( 'NONE', #4553, #441, #2288, .T. ) ;
#374 = ORIENTED_EDGE ( 'NONE', *, *, #553, .T. ) ;
#375 = EDGE_CURVE ( 'NONE', #4994, #285, #2292, .T. ) ;
#376 = VERTEX_POINT ( 'NONE', #2296 ) ;
#377 = ADVANCED_FACE ( 'NONE', ( #2297 ), #2298, .T. ) ;
#378 = VERTEX_POINT ( 'NONE', #2303 ) ;
#379 = ORIENTED_EDGE ( 'NONE', *, *, #393, .F. ) ;
#380 = ORIENTED_EDGE ( 'NONE', *, *, #413, .F. ) ;
#381 = ADVANCED_FACE ( 'NONE', ( #2316 ), #2317, .F. ) ;
#382 = ADVANCED_FACE ( 'NONE', ( #2327 ), #2345, .F. ) ;
#383 = ORIENTED_EDGE ( 'NONE', *, *, #31, .T. ) ;
#384 = ADVANCED_FACE ( 'NONE', ( #2355 ), #2371, .F. ) ;
#385 = ORIENTED_EDGE ( 'NONE', *, *, #411, .T. ) ;
#386 = EDGE_LOOP ( 'NONE', ( #409, #529, #5045, #712 ) ) ;
#387 = EDGE_CURVE ( 'NONE', #5006, #4847, #2385, .T. ) ;
#388 = VERTEX_POINT ( 'NONE', #2389 ) ;
#389 = EDGE_CURVE ( 'NONE', #88, #469, #2395, .T. ) ;
#390 = ADVANCED_FACE ( 'NONE', ( #2399 ), #2416, .F. ) ;
#391 = EDGE_LOOP ( 'NONE', ( #462, #501, #3953, #4909 ) ) ;
#392 = EDGE_CURVE ( 'NONE', #458, #348, #2425, .T. ) ;
#393 = EDGE_CURVE ( 'NONE', #353, #4153, #2430, .T. ) ;
#394 = ORIENTED_EDGE ( 'NONE', *, *, #338, .T. ) ;
#395 = EDGE_CURVE ( 'NONE', #644, #4804, #2444, .T. ) ;
#396 = EDGE_CURVE ( 'NONE', #219, #458, #2484, .T. ) ;
#397 = ADVANCED_FACE ( 'NONE', ( #2489 ), #2490, .F. ) ;
#398 = ORIENTED_EDGE ( 'NONE', *, *, #400, .F. ) ;
#399 = ORIENTED_EDGE ( 'NONE', *, *, #996, .T. ) ;
#400 = EDGE_CURVE ( 'NONE', #363, #4732, #2495, .T. ) ;
#401 = EDGE_LOOP ( 'NONE', ( #478, #575, #472, #4672 ) ) ;
#402 = ORIENTED_EDGE ( 'NONE', *, *, #5002, .F. ) ;
#403 = ADVANCED_FACE ( 'NONE', ( #2499 ), #2519, .F. ) ;
#404 = ORIENTED_EDGE ( 'NONE', *, *, #109, .F. ) ;
#405 = ORIENTED_EDGE ( 'NONE', *, *, #4559, .T. ) ;
#406 = ADVANCED_FACE ( 'NONE', ( #2535 ), #2536, .F. ) ;
#407 = ORIENTED_EDGE ( 'NONE', *, *, #425, .F. ) ;
#408 = EDGE_LOOP ( 'NONE', ( #479, #527, #312, #4956 ) ) ;
#409 = ORIENTED_EDGE ( 'NONE', *, *, #303, .T. ) ;
#410 = ORIENTED_EDGE ( 'NONE', *, *, #4911, .T. ) ;
#411 = EDGE_CURVE ( 'NONE', #4821, #4709, #2552, .T. ) ;
#412 = EDGE_CURVE ( 'NONE', #172, #551, #2557, .T. ) ;
#413 = EDGE_CURVE ( 'NONE', #4997, #443, #2573, .T. ) ;
#414 = ORIENTED_EDGE ( 'NONE', *, *, #4595, .T. ) ;
#415 = ORIENTED_EDGE ( 'NONE', *, *, #629, .T. ) ;
#416 = VERTEX_POINT ( 'NONE', #2577 ) ;
#417 = ORIENTED_EDGE ( 'NONE', *, *, #3411, .T. ) ;
#418 = ORIENTED_EDGE ( 'NONE', *, *, #165, .F. ) ;
#419 = ORIENTED_EDGE ( 'NONE', *, *, #4952, .T. ) ;
#420 = ADVANCED_FACE ( 'NONE', ( #2596 ), #2597, .F. ) ;
#421 = EDGE_LOOP ( 'NONE', ( #5032, #119, #596, #5059 ) ) ;
#422 = ADVANCED_FACE ( 'NONE', ( #2603 ), #2619, .T. ) ;
#423 = EDGE_CURVE ( 'NONE', #3052, #447, #2624, .T. ) ;
#424 = ORIENTED_EDGE ( 'NONE', *, *, #373, .F. ) ;
#425 = EDGE_CURVE ( 'NONE', #4902, #659, #2628, .T. ) ;
#426 = ADVANCED_FACE ( 'NONE', ( #2632 ), #2650, .T. ) ;
#427 = ADVANCED_FACE ( 'NONE', ( #2656 ), #2657, .T. ) ;
#428 = ORIENTED_EDGE ( 'NONE', *, *, #554, .F. ) ;
#429 = ORIENTED_EDGE ( 'NONE', *, *, #70, .F. ) ;
#430 = EDGE_LOOP ( 'NONE', ( #110, #4661, #4675, #668 ) ) ;
#431 = ORIENTED_EDGE ( 'NONE', *, *, #506, .T. ) ;
#432 = EDGE_LOOP ( 'NONE', ( #541, #405, #451, #2341 ) ) ;
#433 = EDGE_CURVE ( 'NONE', #1031, #4936, #2674, .T. ) ;
#434 = ORIENTED_EDGE ( 'NONE', *, *, #748, .T. ) ;
#435 = EDGE_LOOP ( 'NONE', ( #1538, #188, #4724, #721, #4986, #34, #297, #83, #28, #75, #5054, #268 ) ) ;
#436 = VERTEX_POINT ( 'NONE', #2678 ) ;
#437 = ADVANCED_FACE ( 'NONE', ( #2679, #2680 ), #2696, .F. ) ;
#438 = EDGE_CURVE ( 'NONE', #4826, #5070, #2701, .T. ) ;
#439 = ORIENTED_EDGE ( 'NONE', *, *, #4958, .F. ) ;
#440 = VERTEX_POINT ( 'NONE', #2708 ) ;
#441 = VERTEX_POINT ( 'NONE', #2709 ) ;
#442 = ORIENTED_EDGE ( 'NONE', *, *, #135, .T. ) ;
#443 = VERTEX_POINT ( 'NONE', #2710 ) ;
#444 = ORIENTED_EDGE ( 'NONE', *, *, #4684, .F. ) ;
#445 = EDGE_CURVE ( 'NONE', #4951, #664, #2711, .T. ) ;
#446 = ORIENTED_EDGE ( 'NONE', *, *, #1286, .T. ) ;
#447 = VERTEX_POINT ( 'NONE', #2720 ) ;
#448 = ORIENTED_EDGE ( 'NONE', *, *, #579, .T. ) ;
#449 = EDGE_LOOP ( 'NONE', ( #4050, #4425, #4966, #4990, #5056, #1220, #1655, #4999 ) ) ;
#450 = ORIENTED_EDGE ( 'NONE', *, *, #5064, .F. ) ;
#451 = ORIENTED_EDGE ( 'NONE', *, *, #5065, .T. ) ;
#452 = EDGE_CURVE ( 'NONE', #497, #684, #2726, .T. ) ;
#453 = VERTEX_POINT ( 'NONE', #2730 ) ;
#454 = ORIENTED_EDGE ( 'NONE', *, *, #2072, .T. ) ;
#455 = EDGE_LOOP ( 'NONE', ( #428, #63, #771, #4696 ) ) ;
#456 = ORIENTED_EDGE ( 'NONE', *, *, #506, .F. ) ;
#457 = ADVANCED_FACE ( 'NONE', ( #2732, #2733 ), #2749, .F. ) ;
#458 = VERTEX_POINT ( 'NONE', #2754 ) ;
#459 = EDGE_CURVE ( 'NONE', #436, #363, #2755, .T. ) ;
#460 = VERTEX_POINT ( 'NONE', #2759 ) ;
#461 = ADVANCED_FACE ( 'NONE', ( #2764 ), #2765, .T. ) ;
#462 = ORIENTED_EDGE ( 'NONE', *, *, #423, .T. ) ;
#463 = EDGE_CURVE ( 'NONE', #201, #4832, #2770, .T. ) ;
#464 = ORIENTED_EDGE ( 'NONE', *, *, #4674, .T. ) ;
#465 = ORIENTED_EDGE ( 'NONE', *, *, #4660, .F. ) ;
#466 = VERTEX_POINT ( 'NONE', #2778 ) ;
#467 = EDGE_LOOP ( 'NONE', ( #808, #4846, #2090, #492 ) ) ;
#468 = ADVANCED_FACE ( 'NONE', ( #2783 ), #2799, .F. ) ;
#469 = VERTEX_POINT ( 'NONE', #2804 ) ;
#470 = ORIENTED_EDGE ( 'NONE', *, *, #2833, .F. ) ;
#471 = EDGE_LOOP ( 'NONE', ( #39, #4927, #4644, #4681 ) ) ;
#472 = ORIENTED_EDGE ( 'NONE', *, *, #525, .F. ) ;
#473 = ORIENTED_EDGE ( 'NONE', *, *, #4924, .T. ) ;
#474 = EDGE_LOOP ( 'NONE', ( #340, #4574, #4592, #4647 ) ) ;
#475 = EDGE_CURVE ( 'NONE', #275, #5033, #2828, .T. ) ;
#476 = ORIENTED_EDGE ( 'NONE', *, *, #5014, .T. ) ;
#477 = ORIENTED_EDGE ( 'NONE', *, *, #739, .F. ) ;
#478 = ORIENTED_EDGE ( 'NONE', *, *, #5012, .T. ) ;
#479 = ORIENTED_EDGE ( 'NONE', *, *, #94, .F. ) ;
#480 = ORIENTED_EDGE ( 'NONE', *, *, #4953, .T. ) ;
#481 = ORIENTED_EDGE ( 'NONE', *, *, #528, .F. ) ;
#482 = ORIENTED_EDGE ( 'NONE', *, *, #524, .F. ) ;
#483 = ORIENTED_EDGE ( 'NONE', *, *, #542, .T. ) ;
#484 = ADVANCED_FACE ( 'NONE', ( #2838 ), #2839, .T. ) ;
#485 = ORIENTED_EDGE ( 'NONE', *, *, #535, .T. ) ;
#486 = ORIENTED_EDGE ( 'NONE', *, *, #278, .T. ) ;
#487 = ORIENTED_EDGE ( 'NONE', *, *, #211, .F. ) ;
#488 = ORIENTED_EDGE ( 'NONE', *, *, #395, .T. ) ;
#489 = ORIENTED_EDGE ( 'NONE', *, *, #540, .T. ) ;
#490 = ORIENTED_EDGE ( 'NONE', *, *, #5066, .T. ) ;
#491 = ORIENTED_EDGE ( 'NONE', *, *, #532, .F. ) ;
#492 = ORIENTED_EDGE ( 'NONE', *, *, #524, .T. ) ;
#493 = ADVANCED_FACE ( 'NONE', ( #2856 ), #2873, .F. ) ;
#494 = ADVANCED_FACE ( 'NONE', ( #2882 ), #2885, .T. ) ;
#495 = ORIENTED_EDGE ( 'NONE', *, *, #688, .T. ) ;
#496 = ORIENTED_EDGE ( 'NONE', *, *, #4824, .F. ) ;
#497 = VERTEX_POINT ( 'NONE', #2896 ) ;
#498 = ORIENTED_EDGE ( 'NONE', *, *, #4802, .T. ) ;
#499 = EDGE_LOOP ( 'NONE', ( #454, #4895, #4511, #32 ) ) ;
#500 = ORIENTED_EDGE ( 'NONE', *, *, #5065, .F. ) ;
#501 = ORIENTED_EDGE ( 'NONE', *, *, #4577, .F. ) ;
#502 = ADVANCED_FACE ( 'NONE', ( #2903 ), #2904, .T. ) ;
#503 = ORIENTED_EDGE ( 'NONE', *, *, #4607, .F. ) ;
#504 = ORIENTED_EDGE ( 'NONE', *, *, #200, .T. ) ;
#505 = EDGE_CURVE ( 'NONE', #534, #4616, #2913, .T. ) ;
#506 = EDGE_CURVE ( 'NONE', #270, #3086, #2927, .T. ) ;
#507 = EDGE_LOOP ( 'NONE', ( #558, #305, #5022, #2462, #113, #667, #4712, #4736 ) ) ;
#508 = ADVANCED_FACE ( 'NONE', ( #2957 ), #2958, .T. ) ;
#509 = ORIENTED_EDGE ( 'NONE', *, *, #538, .T. ) ;
#510 = EDGE_LOOP ( 'NONE', ( #4596, #3172, #215, #202 ) ) ;
#511 = ORIENTED_EDGE ( 'NONE', *, *, #757, .F. ) ;
#512 = ADVANCED_FACE ( 'NONE', ( #2987 ), #2988, .T. ) ;
#513 = ORIENTED_EDGE ( 'NONE', *, *, #727, .F. ) ;
#514 = EDGE_CURVE ( 'NONE', #4795, #440, #2997, .T. ) ;
#515 = VERTEX_POINT ( 'NONE', #3001 ) ;
#516 = EDGE_CURVE ( 'NONE', #66, #4863, #3009, .T. ) ;
#517 = ORIENTED_EDGE ( 'NONE', *, *, #4987, .T. ) ;
#518 = ADVANCED_FACE ( 'NONE', ( #3034, #3035 ), #3051, .F. ) ;
#519 = VERTEX_POINT ( 'NONE', #3058 ) ;
#520 = ORIENTED_EDGE ( 'NONE', *, *, #624, .T. ) ;
#521 = ORIENTED_EDGE ( 'NONE', *, *, #3154, .T. ) ;
#522 = ORIENTED_EDGE ( 'NONE', *, *, #1082, .T. ) ;
#523 = ORIENTED_EDGE ( 'NONE', *, *, #107, .T. ) ;
#524 = EDGE_CURVE ( 'NONE', #561, #270, #3066, .T. ) ;
#525 = EDGE_CURVE ( 'NONE', #606, #611, #3071, .T. ) ;
#526 = ORIENTED_EDGE ( 'NONE', *, *, #2917, .T. ) ;
#527 = ORIENTED_EDGE ( 'NONE', *, *, #203, .F. ) ;
#528 = EDGE_CURVE ( 'NONE', #4589, #6, #3075, .T. ) ;
#529 = ORIENTED_EDGE ( 'NONE', *, *, #42, .T. ) ;
#530 = VERTEX_POINT ( 'NONE', #3079 ) ;
#531 = ORIENTED_EDGE ( 'NONE', *, *, #3171, .T. ) ;
#532 = EDGE_CURVE ( 'NONE', #750, #563, #3080, .T. ) ;
#533 = ADVANCED_FACE ( 'NONE', ( #3084 ), #3101, .F. ) ;
#534 = VERTEX_POINT ( 'NONE', #3107 ) ;
#535 = EDGE_CURVE ( 'NONE', #659, #5023, #3108, .T. ) ;
#536 = ORIENTED_EDGE ( 'NONE', *, *, #41, .F. ) ;
#537 = ORIENTED_EDGE ( 'NONE', *, *, #4722, .F. ) ;
#538 = EDGE_CURVE ( 'NONE', #331, #5037, #3112, .T. ) ;
#539 = ORIENTED_EDGE ( 'NONE', *, *, #3137, .F. ) ;
#540 = EDGE_CURVE ( 'NONE', #4633, #722, #3116, .T. ) ;
#541 = ORIENTED_EDGE ( 'NONE', *, *, #333, .F. ) ;
#542 = EDGE_CURVE ( 'NONE', #288, #172, #3143, .T. ) ;
#543 = ORIENTED_EDGE ( 'NONE', *, *, #4639, .T. ) ;
#544 = ORIENTED_EDGE ( 'NONE', *, *, #587, .F. ) ;
#545 = ORIENTED_EDGE ( 'NONE', *, *, #91, .F. ) ;
#546 = EDGE_LOOP ( 'NONE', ( #214, #651, #4566, #4586 ) ) ;
#547 = EDGE_CURVE ( 'NONE', #132, #150, #3151, .T. ) ;
#548 = EDGE_LOOP ( 'NONE', ( #5075, #280, #4610, #4590 ) ) ;
#549 = ADVANCED_FACE ( 'NONE', ( #3166 ), #3184, .F. ) ;
#550 = EDGE_LOOP ( 'NONE', ( #274, #4754, #496, #279 ) ) ;
#551 = VERTEX_POINT ( 'NONE', #3190 ) ;
#552 = EDGE_LOOP ( 'NONE', ( #4287, #344, #4887, #805 ) ) ;
#553 = EDGE_CURVE ( 'NONE', #4823, #3120, #3219, .T. ) ;
#554 = EDGE_CURVE ( 'NONE', #722, #4795, #3226, .T. ) ;
#555 = EDGE_LOOP ( 'NONE', ( #580, #4897, #625, #4815 ) ) ;
#556 = ORIENTED_EDGE ( 'NONE', *, *, #463, .F. ) ;
#557 = ORIENTED_EDGE ( 'NONE', *, *, #4773, .T. ) ;
#558 = ORIENTED_EDGE ( 'NONE', *, *, #2883, .F. ) ;
#559 = ORIENTED_EDGE ( 'NONE', *, *, #4894, .F. ) ;
#560 = EDGE_CURVE ( 'NONE', #194, #4702, #3266, .T. ) ;
#561 = VERTEX_POINT ( 'NONE', #3270 ) ;
#562 = EDGE_CURVE ( 'NONE', #4714, #172, #3272, .T. ) ;
#563 = VERTEX_POINT ( 'NONE', #3277 ) ;
#564 = ADVANCED_FACE ( 'NONE', ( #3305 ), #3306, .T. ) ;
#565 = EDGE_CURVE ( 'NONE', #436, #4553, #3317, .T. ) ;
#566 = ORIENTED_EDGE ( 'NONE', *, *, #589, .F. ) ;
#567 = ORIENTED_EDGE ( 'NONE', *, *, #576, .F. ) ;
#568 = ORIENTED_EDGE ( 'NONE', *, *, #303, .F. ) ;
#569 = ORIENTED_EDGE ( 'NONE', *, *, #688, .F. ) ;
#570 = EDGE_LOOP ( 'NONE', ( #4758, #5015, #350, #4320 ) ) ;
#571 = ORIENTED_EDGE ( 'NONE', *, *, #109, .T. ) ;
#572 = EDGE_LOOP ( 'NONE', ( #604, #3581, #5019, #394 ) ) ;
#573 = VERTEX_POINT ( 'NONE', #3356 ) ;
#574 = EDGE_LOOP ( 'NONE', ( #605, #661, #681, #543 ) ) ;
#575 = ORIENTED_EDGE ( 'NONE', *, *, #598, .F. ) ;
#576 = EDGE_CURVE ( 'NONE', #706, #4693, #3374, .T. ) ;
#577 = EDGE_CURVE ( 'NONE', #4609, #4739, #3388, .T. ) ;
#578 = ORIENTED_EDGE ( 'NONE', *, *, #190, .F. ) ;
#579 = EDGE_CURVE ( 'NONE', #551, #4981, #3395, .T. ) ;
#580 = ORIENTED_EDGE ( 'NONE', *, *, #4885, .F. ) ;
#581 = EDGE_LOOP ( 'NONE', ( #3393, #4882, #4948, #4658, #4835, #431, #526, #4687 ) ) ;
#582 = EDGE_LOOP ( 'NONE', ( #4613, #4676, #4766, #414 ) ) ;
#583 = ADVANCED_FACE ( 'NONE', ( #3439 ), #3455, .F. ) ;
#584 = EDGE_LOOP ( 'NONE', ( #212, #828, #635, #4750 ) ) ;
#585 = EDGE_LOOP ( 'NONE', ( #754, #255, #316, #419 ) ) ;
#586 = ADVANCED_FACE ( 'NONE', ( #3461 ), #3477, .F. ) ;
#587 = EDGE_CURVE ( 'NONE', #5061, #716, #3486, .T. ) ;
#588 = ORIENTED_EDGE ( 'NONE', *, *, #554, .T. ) ;
#589 = EDGE_CURVE ( 'NONE', #4153, #4772, #3490, .T. ) ;
#590 = ORIENTED_EDGE ( 'NONE', *, *, #58, .T. ) ;
#591 = ORIENTED_EDGE ( 'NONE', *, *, #640, .F. ) ;
#592 = ORIENTED_EDGE ( 'NONE', *, *, #23, .F. ) ;
#593 = EDGE_CURVE ( 'NONE', #3222, #132, #3505, .T. ) ;
#594 = EDGE_CURVE ( 'NONE', #45, #26, #3518, .T. ) ;
#595 = EDGE_CURVE ( 'NONE', #5076, #4807, #3522, .T. ) ;
#596 = ORIENTED_EDGE ( 'NONE', *, *, #614, .T. ) ;
#597 = ORIENTED_EDGE ( 'NONE', *, *, #360, .T. ) ;
#598 = EDGE_CURVE ( 'NONE', #611, #5052, #3547, .T. ) ;
#599 = ORIENTED_EDGE ( 'NONE', *, *, #2108, .F. ) ;
#600 = ADVANCED_FACE ( 'NONE', ( #3588 ), #3604, .F. ) ;
#601 = ORIENTED_EDGE ( 'NONE', *, *, #3430, .T. ) ;
#602 = ADVANCED_FACE ( 'NONE', ( #3617 ), #3618, .F. ) ;
#603 = ORIENTED_EDGE ( 'NONE', *, *, #99, .T. ) ;
#604 = ORIENTED_EDGE ( 'NONE', *, *, #3137, .T. ) ;
#605 = ORIENTED_EDGE ( 'NONE', *, *, #4916, .F. ) ;
#606 = VERTEX_POINT ( 'NONE', #3668 ) ;
#607 = ORIENTED_EDGE ( 'NONE', *, *, #703, .T. ) ;
#608 = VERTEX_POINT ( 'NONE', #3675 ) ;
#609 = EDGE_CURVE ( 'NONE', #4548, #5009, #3717, .T. ) ;
#610 = EDGE_LOOP ( 'NONE', ( #1453, #243, #163, #1969 ) ) ;
#611 = VERTEX_POINT ( 'NONE', #3721 ) ;
#612 = ORIENTED_EDGE ( 'NONE', *, *, #459, .F. ) ;
#613 = EDGE_CURVE ( 'NONE', #85, #4545, #3724, .T. ) ;
#614 = EDGE_CURVE ( 'NONE', #5017, #4567, #3728, .T. ) ;
#615 = EDGE_CURVE ( 'NONE', #233, #4609, #3734, .T. ) ;
#616 = ORIENTED_EDGE ( 'NONE', *, *, #516, .T. ) ;
#617 = ADVANCED_FACE ( 'NONE', ( #3749 ), #3750, .F. ) ;
#618 = ADVANCED_FACE ( 'NONE', ( #3756 ), #3757, .F. ) ;
#619 = EDGE_CURVE ( 'NONE', #705, #145, #3779, .T. ) ;
#620 = ORIENTED_EDGE ( 'NONE', *, *, #553, .F. ) ;
#621 = VERTEX_POINT ( 'NONE', #3857 ) ;
#622 = ORIENTED_EDGE ( 'NONE', *, *, #804, .F. ) ;
#623 = EDGE_LOOP ( 'NONE', ( #196, #4690, #286, #4806, #769, #4861, #4928, #4685 ) ) ;
#624 = EDGE_CURVE ( 'NONE', #5009, #2037, #3872, .T. ) ;
#625 = ORIENTED_EDGE ( 'NONE', *, *, #640, .T. ) ;
#626 = ORIENTED_EDGE ( 'NONE', *, *, #3631, .F. ) ;
#627 = EDGE_CURVE ( 'NONE', #4, #290, #3881, .T. ) ;
#628 = ORIENTED_EDGE ( 'NONE', *, *, #645, .F. ) ;
#629 = EDGE_CURVE ( 'NONE', #4649, #644, #3899, .T. ) ;
#630 = ORIENTED_EDGE ( 'NONE', *, *, #4722, .T. ) ;
#631 = ORIENTED_EDGE ( 'NONE', *, *, #650, .T. ) ;
#632 = ORIENTED_EDGE ( 'NONE', *, *, #639, .T. ) ;
#633 = ORIENTED_EDGE ( 'NONE', *, *, #4726, .T. ) ;
#634 = ORIENTED_EDGE ( 'NONE', *, *, #641, .F. ) ;
#635 = ORIENTED_EDGE ( 'NONE', *, *, #4726, .F. ) ;
#636 = ADVANCED_FACE ( 'NONE', ( #3948 ), #3949, .T. ) ;
#637 = ORIENTED_EDGE ( 'NONE', *, *, #387, .T. ) ;
#638 = ADVANCED_FACE ( 'NONE', ( #3957 ), #3973, .F. ) ;
#639 = EDGE_CURVE ( 'NONE', #5033, #201, #3978, .T. ) ;
#640 = EDGE_CURVE ( 'NONE', #716, #2460, #3990, .T. ) ;
#641 = EDGE_CURVE ( 'NONE', #4666, #3, #3995, .T. ) ;
#642 = ADVANCED_FACE ( 'NONE', ( #4004 ), #4005, .T. ) ;
#643 = ADVANCED_FACE ( 'NONE', ( #4014 ), #4030, .F. ) ;
#644 = VERTEX_POINT ( 'NONE', #4043 ) ;
#645 = EDGE_CURVE ( 'NONE', #660, #204, #4081, .T. ) ;
#646 = ORIENTED_EDGE ( 'NONE', *, *, #5026, .T. ) ;
#647 = ADVANCED_FACE ( 'NONE', ( #4115 ), #4116, .F. ) ;
#648 = ADVANCED_FACE ( 'NONE', ( #4132 ), #4133, .F. ) ;
#649 = VERTEX_POINT ( 'NONE', #4147 ) ;
#650 = EDGE_CURVE ( 'NONE', #4905, #5017, #4148, .T. ) ;
#651 = ORIENTED_EDGE ( 'NONE', *, *, #670, .T. ) ;
#652 = ORIENTED_EDGE ( 'NONE', *, *, #125, .T. ) ;
#653 = ORIENTED_EDGE ( 'NONE', *, *, #3224, .T. ) ;
#654 = ADVANCED_FACE ( 'NONE', ( #4185 ), #4204, .F. ) ;
#655 = ORIENTED_EDGE ( 'NONE', *, *, #663, .F. ) ;
#656 = ORIENTED_EDGE ( 'NONE', *, *, #699, .T. ) ;
#657 = EDGE_CURVE ( 'NONE', #4556, #4561, #4214, .T. ) ;
#658 = ORIENTED_EDGE ( 'NONE', *, *, #4554, .F. ) ;
#659 = VERTEX_POINT ( 'NONE', #4218 ) ;
#660 = VERTEX_POINT ( 'NONE', #4219 ) ;
#661 = ORIENTED_EDGE ( 'NONE', *, *, #4624, .F. ) ;
#662 = ORIENTED_EDGE ( 'NONE', *, *, #4876, .F. ) ;
#663 = EDGE_CURVE ( 'NONE', #5033, #4747, #4225, .T. ) ;
#664 = VERTEX_POINT ( 'NONE', #4229 ) ;
#665 = EDGE_LOOP ( 'NONE', ( #695, #5030, #4572, #4881 ) ) ;
#666 = EDGE_CURVE ( 'NONE', #5070, #1030, #4236, .T. ) ;
#667 = ORIENTED_EDGE ( 'NONE', *, *, #56, .F. ) ;
#668 = ORIENTED_EDGE ( 'NONE', *, *, #68, .T. ) ;
#669 = ORIENTED_EDGE ( 'NONE', *, *, #832, .T. ) ;
#670 = EDGE_CURVE ( 'NONE', #608, #4602, #4240, .T. ) ;
#671 = ORIENTED_EDGE ( 'NONE', *, *, #136, .F. ) ;
#672 = EDGE_CURVE ( 'NONE', #798, #684, #4267, .T. ) ;
#673 = EDGE_LOOP ( 'NONE', ( #511, #545, #911, #295, #4792, #4652, #634, #4630, #3241, #4776, #120, #36 ) ) ;
#674 = ORIENTED_EDGE ( 'NONE', *, *, #5012, .F. ) ;
#675 = ORIENTED_EDGE ( 'NONE', *, *, #330, .T. ) ;
#676 = EDGE_LOOP ( 'NONE', ( #258, #4779, #418, #228 ) ) ;
#677 = ADVANCED_FACE ( 'NONE', ( #4276, #4277, #4278, #4279, #4280 ), #4297, .F. ) ;
#678 = ORIENTED_EDGE ( 'NONE', *, *, #627, .T. ) ;
#679 = EDGE_CURVE ( 'NONE', #4794, #573, #4302, .T. ) ;
#680 = ADVANCED_FACE ( 'NONE', ( #4306 ), #4324, .F. ) ;
#681 = ORIENTED_EDGE ( 'NONE', *, *, #463, .T. ) ;
#682 = ORIENTED_EDGE ( 'NONE', *, *, #711, .F. ) ;
#683 = ADVANCED_FACE ( 'NONE', ( #4333 ), #4334, .T. ) ;
#684 = VERTEX_POINT ( 'NONE', #4343 ) ;
#685 = ORIENTED_EDGE ( 'NONE', *, *, #514, .T. ) ;
#686 = EDGE_LOOP ( 'NONE', ( #799, #166, #500, #4949 ) ) ;
#687 = EDGE_LOOP ( 'NONE', ( #4664, #4680, #198, #4510 ) ) ;
#688 = EDGE_CURVE ( 'NONE', #26, #1503, #4344, .T. ) ;
#689 = ADVANCED_FACE ( 'NONE', ( #4352 ), #4369, .T. ) ;
#690 = EDGE_LOOP ( 'NONE', ( #5074, #678, #101, #4950 ) ) ;
#691 = ORIENTED_EDGE ( 'NONE', *, *, #151, .F. ) ;
#692 = EDGE_CURVE ( 'NONE', #2257, #4935, #4382, .T. ) ;
#693 = ADVANCED_FACE ( 'NONE', ( #4386 ), #4387, .F. ) ;
#694 = ORIENTED_EDGE ( 'NONE', *, *, #535, .F. ) ;
#695 = ORIENTED_EDGE ( 'NONE', *, *, #704, .T. ) ;
#696 = ADVANCED_FACE ( 'NONE', ( #4398 ), #4399, .T. ) ;
#697 = ORIENTED_EDGE ( 'NONE', *, *, #4890, .T. ) ;
#698 = EDGE_CURVE ( 'NONE', #2460, #2482, #4404, .T. ) ;
#699 = EDGE_CURVE ( 'NONE', #4981, #4714, #4409, .T. ) ;
#700 = EDGE_LOOP ( 'NONE', ( #4850, #4751, #5039, #5049 ) ) ;
#701 = ADVANCED_FACE ( 'NONE', ( #4418 ), #4436, .F. ) ;
#702 = EDGE_LOOP ( 'NONE', ( #47, #105, #4892, #2207, #5028, #4408, #4562, #309 ) ) ;
#703 = EDGE_CURVE ( 'NONE', #716, #4913, #4441, .T. ) ;
#704 = EDGE_CURVE ( 'NONE', #664, #4979, #4445, .T. ) ;
#705 = VERTEX_POINT ( 'NONE', #4449 ) ;
#706 = VERTEX_POINT ( 'NONE', #4451 ) ;
#707 = ORIENTED_EDGE ( 'NONE', *, *, #262, .F. ) ;
#708 = ADVANCED_FACE ( 'NONE', ( #4454, #4455, #4456, #4457, #4458 ), #4474, .F. ) ;
#709 = ADVANCED_FACE ( 'NONE', ( #4486 ), #4487, .T. ) ;
#710 = VERTEX_POINT ( 'NONE', #4492 ) ;
#711 = EDGE_CURVE ( 'NONE', #4838, #219, #4494, .T. ) ;
#712 = ORIENTED_EDGE ( 'NONE', *, *, #698, .F. ) ;
#713 = ORIENTED_EDGE ( 'NONE', *, *, #4188, .F. ) ;
#714 = ORIENTED_EDGE ( 'NONE', *, *, #452, .F. ) ;
#715 = ORIENTED_EDGE ( 'NONE', *, *, #3479, .T. ) ;
#716 = VERTEX_POINT ( 'NONE', #4499 ) ;
#717 = ORIENTED_EDGE ( 'NONE', *, *, #5003, .T. ) ;
#718 = EDGE_LOOP ( 'NONE', ( #747, #782, #5020, #7 ) ) ;
#719 = ORIENTED_EDGE ( 'NONE', *, *, #740, .F. ) ;
#720 = ORIENTED_EDGE ( 'NONE', *, *, #739, .T. ) ;
#721 = ORIENTED_EDGE ( 'NONE', *, *, #727, .T. ) ;
#722 = VERTEX_POINT ( 'NONE', #4501 ) ;
#723 = ADVANCED_FACE ( 'NONE', ( #4506 ), #4507, .F. ) ;
#724 = ORIENTED_EDGE ( 'NONE', *, *, #4700, .T. ) ;
#725 = ADVANCED_FACE ( 'NONE', ( #4515 ), #4516, .T. ) ;
#726 = ORIENTED_EDGE ( 'NONE', *, *, #733, .F. ) ;
#727 = EDGE_CURVE ( 'NONE', #5076, #1503, #1576, .T. ) ;
#728 = ADVANCED_FACE ( 'NONE', ( #1590 ), #1591, .T. ) ;
#729 = EDGE_CURVE ( 'NONE', #4993, #3120, #1602, .T. ) ;
#730 = ORIENTED_EDGE ( 'NONE', *, *, #2108, .T. ) ;
#731 = ORIENTED_EDGE ( 'NONE', *, *, #362, .T. ) ;
#732 = ADVANCED_FACE ( 'NONE', ( #1650 ), #1651, .F. ) ;
#733 = EDGE_CURVE ( 'NONE', #573, #5070, #1678, .T. ) ;
#734 = ORIENTED_EDGE ( 'NONE', *, *, #4809, .F. ) ;
#735 = EDGE_CURVE ( 'NONE', #318, #750, #1682, .T. ) ;
#736 = EDGE_CURVE ( 'NONE', #3412, #4769, #1687, .T. ) ;
#737 = EDGE_CURVE ( 'NONE', #186, #2866, #1691, .T. ) ;
#738 = ORIENTED_EDGE ( 'NONE', *, *, #748, .F. ) ;
#739 = EDGE_CURVE ( 'NONE', #5023, #4154, #1731, .T. ) ;
#740 = EDGE_CURVE ( 'NONE', #756, #443, #1739, .T. ) ;
#741 = EDGE_CURVE ( 'NONE', #150, #768, #1753, .T. ) ;
#742 = EDGE_LOOP ( 'NONE', ( #4888, #653, #4844, #776 ) ) ;
#743 = EDGE_CURVE ( 'NONE', #752, #361, #1780, .T. ) ;
#744 = EDGE_LOOP ( 'NONE', ( #787, #809, #481, #369 ) ) ;
#745 = EDGE_LOOP ( 'NONE', ( #185, #224, #184, #10 ) ) ;
#746 = ORIENTED_EDGE ( 'NONE', *, *, #33, .T. ) ;
#747 = ORIENTED_EDGE ( 'NONE', *, *, #1788, .T. ) ;
#748 = EDGE_CURVE ( 'NONE', #5006, #5023, #1835, .T. ) ;
#749 = ORIENTED_EDGE ( 'NONE', *, *, #4551, .T. ) ;
#750 = VERTEX_POINT ( 'NONE', #1844 ) ;
#751 = ADVANCED_FACE ( 'NONE', ( #1849 ), #1850, .T. ) ;
#752 = VERTEX_POINT ( 'NONE', #1855 ) ;
#753 = ORIENTED_EDGE ( 'NONE', *, *, #763, .F. ) ;
#754 = ORIENTED_EDGE ( 'NONE', *, *, #778, .T. ) ;
#755 = EDGE_CURVE ( 'NONE', #4905, #281, #1866, .T. ) ;
#756 = VERTEX_POINT ( 'NONE', #1871 ) ;
#757 = EDGE_CURVE ( 'NONE', #61, #4760, #1872, .T. ) ;
#758 = ADVANCED_FACE ( 'NONE', ( #1876 ), #1877, .F. ) ;
#759 = EDGE_CURVE ( 'NONE', #4580, #530, #1906, .T. ) ;
#760 = EDGE_LOOP ( 'NONE', ( #775, #4587, #4619, #476 ) ) ;
#761 = ORIENTED_EDGE ( 'NONE', *, *, #772, .T. ) ;
#762 = EDGE_CURVE ( 'NONE', #1030, #4808, #1941, .T. ) ;
#763 = EDGE_CURVE ( 'NONE', #4933, #4119, #1966, .T. ) ;
#764 = ADVANCED_FACE ( 'NONE', ( #1984 ), #1985, .T. ) ;
#765 = EDGE_LOOP ( 'NONE', ( #3935, #367, #697, #301, #4908, #637, #317, #521 ) ) ;
#766 = ADVANCED_FACE ( 'NONE', ( #1991 ), #1992, .T. ) ;
#767 = ORIENTED_EDGE ( 'NONE', *, *, #5004, .T. ) ;
#768 = VERTEX_POINT ( 'NONE', #2012 ) ;
#769 = ORIENTED_EDGE ( 'NONE', *, *, #650, .F. ) ;
#770 = EDGE_CURVE ( 'NONE', #4709, #784, #2034, .T. ) ;
#771 = ORIENTED_EDGE ( 'NONE', *, *, #3171, .F. ) ;
#772 = EDGE_CURVE ( 'NONE', #1754, #271, #2075, .T. ) ;
#773 = ORIENTED_EDGE ( 'NONE', *, *, #206, .T. ) ;
#774 = EDGE_CURVE ( 'NONE', #4548, #4979, #2105, .T. ) ;
#775 = ORIENTED_EDGE ( 'NONE', *, *, #795, .T. ) ;
#776 = ORIENTED_EDGE ( 'NONE', *, *, #613, .F. ) ;
#777 = EDGE_CURVE ( 'NONE', #4545, #123, #2137, .T. ) ;
#778 = EDGE_CURVE ( 'NONE', #129, #789, #2141, .T. ) ;
#779 = ORIENTED_EDGE ( 'NONE', *, *, #4551, .F. ) ;
#780 = EDGE_CURVE ( 'NONE', #5037, #249, #2182, .T. ) ;
#781 = ORIENTED_EDGE ( 'NONE', *, *, #804, .T. ) ;
#782 = ORIENTED_EDGE ( 'NONE', *, *, #4977, .T. ) ;
#783 = ORIENTED_EDGE ( 'NONE', *, *, #4550, .T. ) ;
#784 = VERTEX_POINT ( 'NONE', #2193 ) ;
#785 = ORIENTED_EDGE ( 'NONE', *, *, #576, .T. ) ;
#786 = EDGE_LOOP ( 'NONE', ( #4774, #4970, #157, #5025 ) ) ;
#787 = ORIENTED_EDGE ( 'NONE', *, *, #788, .T. ) ;
#788 = EDGE_CURVE ( 'NONE', #447, #798, #2205, .T. ) ;
#789 = VERTEX_POINT ( 'NONE', #2236 ) ;
#790 = EDGE_CURVE ( 'NONE', #2520, #722, #2238, .T. ) ;
#791 = EDGE_LOOP ( 'NONE', ( #815, #962, #415, #488 ) ) ;
#792 = EDGE_LOOP ( 'NONE', ( #49, #5051, #612, #1403 ) ) ;
#793 = ORIENTED_EDGE ( 'NONE', *, *, #5003, .F. ) ;
#794 = EDGE_CURVE ( 'NONE', #4602, #265, #2308, .T. ) ;
#795 = EDGE_CURVE ( 'NONE', #1170, #4765, #2312, .T. ) ;
#796 = EDGE_LOOP ( 'NONE', ( #1269, #1537, #4775, #767, #473, #2635, #785, #814 ) ) ;
#797 = EDGE_LOOP ( 'NONE', ( #820, #4576, #343, #4789 ) ) ;
#798 = VERTEX_POINT ( 'NONE', #2383 ) ;
#799 = ORIENTED_EDGE ( 'NONE', *, *, #74, .F. ) ;
#800 = ORIENTED_EDGE ( 'NONE', *, *, #737, .T. ) ;
#801 = ADVANCED_FACE ( 'NONE', ( #2474 ), #2475, .F. ) ;
#802 = ORIENTED_EDGE ( 'NONE', *, *, #4929, .F. ) ;
#803 = ORIENTED_EDGE ( 'NONE', *, *, #17, .F. ) ;
#804 = EDGE_CURVE ( 'NONE', #139, #4961, #2531, .T. ) ;
#805 = ORIENTED_EDGE ( 'NONE', *, *, #213, .T. ) ;
#806 = EDGE_CURVE ( 'NONE', #4992, #176, #2544, .T. ) ;
#807 = ORIENTED_EDGE ( 'NONE', *, *, #816, .F. ) ;
#808 = ORIENTED_EDGE ( 'NONE', *, *, #824, .F. ) ;
#809 = ORIENTED_EDGE ( 'NONE', *, *, #5063, .F. ) ;
#810 = ORIENTED_EDGE ( 'NONE', *, *, #832, .F. ) ;
#811 = ORIENTED_EDGE ( 'NONE', *, *, #4718, .F. ) ;
#812 = ORIENTED_EDGE ( 'NONE', *, *, #834, .F. ) ;
#813 = EDGE_CURVE ( 'NONE', #826, #4965, #2666, .T. ) ;
#814 = ORIENTED_EDGE ( 'NONE', *, *, #4684, .T. ) ;
#815 = ORIENTED_EDGE ( 'NONE', *, *, #346, .T. ) ;
#816 = EDGE_CURVE ( 'NONE', #4561, #1031, #2670, .T. ) ;
#817 = ORIENTED_EDGE ( 'NONE', *, *, #830, .F. ) ;
#818 = ORIENTED_EDGE ( 'NONE', *, *, #90, .T. ) ;
#819 = ORIENTED_EDGE ( 'NONE', *, *, #5057, .T. ) ;
#820 = ORIENTED_EDGE ( 'NONE', *, *, #833, .F. ) ;
#821 = ORIENTED_EDGE ( 'NONE', *, *, #928, .F. ) ;
#822 = ORIENTED_EDGE ( 'NONE', *, *, #22, .T. ) ;
#823 = ORIENTED_EDGE ( 'NONE', *, *, #130, .F. ) ;
#824 = EDGE_CURVE ( 'NONE', #843, #270, #2774, .T. ) ;
#825 = ADVANCED_FACE ( 'NONE', ( #2805 ), #2822, .F. ) ;
#826 = VERTEX_POINT ( 'NONE', #2832 ) ;
#827 = ORIENTED_EDGE ( 'NONE', *, *, #1502, .T. ) ;
#828 = ORIENTED_EDGE ( 'NONE', *, *, #1083, .F. ) ;
#829 = ORIENTED_EDGE ( 'NONE', *, *, #1085, .F. ) ;
#830 = EDGE_CURVE ( 'NONE', #534, #4902, #2834, .T. ) ;
#831 = ORIENTED_EDGE ( 'NONE', *, *, #587, .T. ) ;
#832 = EDGE_CURVE ( 'NONE', #4649, #4795, #2848, .T. ) ;
#833 = EDGE_CURVE ( 'NONE', #1032, #4747, #2852, .T. ) ;
#834 = EDGE_CURVE ( 'NONE', #1031, #784, #2878, .T. ) ;
#835 = ORIENTED_EDGE ( 'NONE', *, *, #4958, .T. ) ;
#836 = FACE_OUTER_BOUND ( 'NONE', #2884, .T. ) ;
#837 = COLOUR_RGB ( '',1.000000000000000000, 1.000000000000000000, 1.000000000000000000 ) ;
#838 = FILL_AREA_STYLE_COLOUR ( '', #837 ) ;
#839 = FILL_AREA_STYLE ('',( #838 ) ) ;
#840 = SURFACE_STYLE_FILL_AREA ( #839 ) ;
#841 = SURFACE_SIDE_STYLE ('',( #840 ) ) ;
#842 = SURFACE_STYLE_USAGE ( .BOTH. , #841 ) ;
#843 = VERTEX_POINT ( 'NONE', #2890 ) ;
#844 = ORIENTED_EDGE ( 'NONE', *, *, #341, .F. ) ;
#845 = PRESENTATION_STYLE_ASSIGNMENT (( #842 ) ) ;
#846 = STYLED_ITEM ( 'NONE', ( #845 ), #2602 ) ;
#847 = PRESENTATION_LAYER_ASSIGNMENT (  '', '', ( #846 ) ) ;
#848 = MECHANICAL_DESIGN_GEOMETRIC_PRESENTATION_REPRESENTATION (  '', ( #846 ), #853 ) ;
#849 =( LENGTH_UNIT ( ) NAMED_UNIT ( * ) SI_UNIT ( .MILLI., .METRE. ) );
#850 =( NAMED_UNIT ( * ) PLANE_ANGLE_UNIT ( ) SI_UNIT ( $, .RADIAN. ) );
#851 =( NAMED_UNIT ( * ) SI_UNIT ( $, .STERADIAN. ) SOLID_ANGLE_UNIT ( ) );
#852 = UNCERTAINTY_MEASURE_WITH_UNIT (LENGTH_MEASURE( 1.000000000000000100E-005 ), #849, 'distance_accuracy_value', 'NONE');
#853 =( GEOMETRIC_REPRESENTATION_CONTEXT ( 3 ) GLOBAL_UNCERTAINTY_ASSIGNED_CONTEXT ( ( #852 ) ) GLOBAL_UNIT_ASSIGNED_CONTEXT ( ( #849, #850, #851 ) ) REPRESENTATION_CONTEXT ( 'NONE', 'WORKASPACE' ) );
#854 = PLANE ( 'NONE',  #855 ) ;
#855 = AXIS2_PLACEMENT_3D ( 'NONE', #856, #857, #858 ) ;
#856 = CARTESIAN_POINT ( 'NONE',  ( -1.250000000000000000, 1.450000000000000000, 2.250000000000000000 ) ) ;
#857 = DIRECTION ( 'NONE',  ( 0.0000000000000000000, 1.000000000000000000, 0.0000000000000000000 ) ) ;
#858 = DIRECTION ( 'NONE',  ( 0.0000000000000000000, 0.0000000000000000000, 1.000000000000000000 ) ) ;
#859 = LINE ( 'NONE', #860, #861 ) ;
#860 = CARTESIAN_POINT ( 'NONE',  ( 0.2250000000000000100, 3.673819061467100000E-018, -2.750000000000000000 ) ) ;
#861 = VECTOR ( 'NONE', #862, 1000.000000000000000 ) ;
#862 = DIRECTION ( 'NONE',  ( -1.000000000000000000, 0.0000000000000000000, 0.0000000000000000000 ) ) ;
#863 = CARTESIAN_POINT ( 'NONE',  ( -0.5500000000000000400, 1.450000000000000000, 2.250000000000000000 ) ) ;
#864 = CARTESIAN_POINT ( 'NONE',  ( 4.035000000000000100, 0.4200000000000000400, 2.250000000000000000 ) ) ;
#865 = CARTESIAN_POINT ( 'NONE',  ( 2.765000000000000100, 0.1200000000000000100, 2.870000000000000100 ) ) ;
#866 = LINE ( 'NONE', #867, #868 ) ;
#867 = CARTESIAN_POINT ( 'NONE',  ( -1.250000000000000000, 1.550000000000000000, -2.250000000000000000 ) ) ;
#868 = VECTOR ( 'NONE', #869, 1000.000000000000000 ) ;
#869 = DIRECTION ( 'NONE',  ( -1.000000000000000000, 0.0000000000000000000, 0.0000000000000000000 ) ) ;
#870 = CIRCLE ( 'NONE', #871, 0.2500000000000000000 ) ;
#871 = AXIS2_PLACEMENT_3D ( 'NONE', #872, #873, #874 ) ;
#872 = CARTESIAN_POINT ( 'NONE',  ( -0.8000000000000000400, 1.550000000000000000, 2.000000000000000000 ) ) ;
#873 = DIRECTION ( 'NONE',  ( 0.0000000000000000000, 1.000000000000000000, 0.0000000000000000000 ) ) ;
#874 = DIRECTION ( 'NONE',  ( 0.0000000000000000000, 0.0000000000000000000, -1.000000000000000000 ) ) ;
#875 = LINE ( 'NONE', #876, #879 ) ;
#876 = CARTESIAN_POINT ( 'NONE',  ( -1.050000000000000000, 1.550000000000000000, 2.250000000000000000 ) ) ;
#877 = ORIENTED_EDGE ( 'NONE', *, *, #4790, .F. ) ;
#878 = VERTEX_POINT ( 'NONE', #2902 ) ;
#879 = VECTOR ( 'NONE', #880, 1000.000000000000000 ) ;
#880 = DIRECTION ( 'NONE',  ( 0.0000000000000000000, 0.0000000000000000000, 1.000000000000000000 ) ) ;
#881 = FACE_OUTER_BOUND ( 'NONE', #4683, .T. ) ;
#882 = PLANE ( 'NONE',  #883 ) ;
#883 = AXIS2_PLACEMENT_3D ( 'NONE', #884, #885, #886 ) ;
#884 = CARTESIAN_POINT ( 'NONE',  ( 1.495000000000000100, 0.4200000000000000400, -2.250000000000000000 ) ) ;
#885 = DIRECTION ( 'NONE',  ( 0.0000000000000000000, -1.000000000000000000, 1.084202172485495800E-016 ) ) ;
#886 = DIRECTION ( 'NONE',  ( 0.0000000000000000000, -1.084202172485495800E-016, -1.000000000000000000 ) ) ;
#887 = FACE_OUTER_BOUND ( 'NONE', #744, .T. ) ;
#888 = PLANE ( 'NONE',  #889 ) ;
#889 = AXIS2_PLACEMENT_3D ( 'NONE', #890, #891, #892 ) ;
#890 = CARTESIAN_POINT ( 'NONE',  ( 2.765000000000000100, 0.5400000000000000400, 2.870000000000000100 ) ) ;
#891 = DIRECTION ( 'NONE',  ( 0.0000000000000000000, 3.097720492815730200E-015, -1.000000000000000000 ) ) ;
#892 = DIRECTION ( 'NONE',  ( 0.0000000000000000000, 1.000000000000000000, 3.097720492815730200E-015 ) ) ;
#893 = LINE ( 'NONE', #894, #895 ) ;
#894 = CARTESIAN_POINT ( 'NONE',  ( 3.310000000000000100, 1.250000000000000000, 1.450000000000000000 ) ) ;
#895 = VECTOR ( 'NONE', #896, 1000.000000000000000 ) ;
#896 = DIRECTION ( 'NONE',  ( 1.000000000000000000, 0.0000000000000000000, 0.0000000000000000000 ) ) ;
#897 = FACE_OUTER_BOUND ( 'NONE', #4967, .T. ) ;
#898 = COLOUR_RGB ( '',0.0000000000000000000, 0.0000000000000000000, 0.0000000000000000000 ) ;
#899 = FILL_AREA_STYLE_COLOUR ( '', #898 ) ;
#900 = FILL_AREA_STYLE ('',( #899 ) ) ;
#901 = SURFACE_STYLE_FILL_AREA ( #900 ) ;
#902 = SURFACE_SIDE_STYLE ('',( #901 ) ) ;
#903 = SURFACE_STYLE_USAGE ( .BOTH. , #902 ) ;
#904 = PRESENTATION_STYLE_ASSIGNMENT (( #903 ) ) ;
#905 = STYLED_ITEM ( 'NONE', ( #904 ), #20 ) ;
#906 = PRESENTATION_LAYER_ASSIGNMENT (  '', '', ( #905 ) ) ;
#907 = MECHANICAL_DESIGN_GEOMETRIC_PRESENTATION_REPRESENTATION (  '', ( #905 ), #913 ) ;
#908 =( LENGTH_UNIT ( ) NAMED_UNIT ( * ) SI_UNIT ( .MILLI., .METRE. ) );
#909 =( NAMED_UNIT ( * ) PLANE_ANGLE_UNIT ( ) SI_UNIT ( $, .RADIAN. ) );
#910 =( NAMED_UNIT ( * ) SI_UNIT ( $, .STERADIAN. ) SOLID_ANGLE_UNIT ( ) );
#911 = ORIENTED_EDGE ( 'NONE', *, *, #996, .F. ) ;
#912 = UNCERTAINTY_MEASURE_WITH_UNIT (LENGTH_MEASURE( 1.000000000000000100E-005 ), #908, 'distance_accuracy_value', 'NONE');
#913 =( GEOMETRIC_REPRESENTATION_CONTEXT ( 3 ) GLOBAL_UNCERTAINTY_ASSIGNED_CONTEXT ( ( #912 ) ) GLOBAL_UNIT_ASSIGNED_CONTEXT ( ( #908, #909, #910 ) ) REPRESENTATION_CONTEXT ( 'NONE', 'WORKASPACE' ) );
#914 = PLANE ( 'NONE',  #915 ) ;
#915 = AXIS2_PLACEMENT_3D ( 'NONE', #916, #917, #918 ) ;
#916 = CARTESIAN_POINT ( 'NONE',  ( -0.5000000000000000000, 1.550000000000000000, -1.450000000000000000 ) ) ;
#917 = DIRECTION ( 'NONE',  ( 0.0000000000000000000, 7.228014483236690600E-016, -1.000000000000000000 ) ) ;
#918 = DIRECTION ( 'NONE',  ( 0.0000000000000000000, 1.000000000000000000, 7.228014483236690600E-016 ) ) ;
#919 = CIRCLE ( 'NONE', #920, 0.2500000000000000000 ) ;
#920 = AXIS2_PLACEMENT_3D ( 'NONE', #921, #922, #923 ) ;
#921 = CARTESIAN_POINT ( 'NONE',  ( -0.8000000000000000400, 1.450000000000000000, 2.000000000000000000 ) ) ;
#922 = DIRECTION ( 'NONE',  ( 0.0000000000000000000, 1.000000000000000000, 0.0000000000000000000 ) ) ;
#923 = DIRECTION ( 'NONE',  ( 0.0000000000000000000, 0.0000000000000000000, -1.000000000000000000 ) ) ;
#924 = LINE ( 'NONE', #925, #926 ) ;
#925 = CARTESIAN_POINT ( 'NONE',  ( 0.9700000000000000800, 1.250000000000000000, 0.5999999999999999800 ) ) ;
#926 = VECTOR ( 'NONE', #927, 1000.000000000000000 ) ;
#927 = DIRECTION ( 'NONE',  ( -1.000000000000000000, 0.0000000000000000000, 0.0000000000000000000 ) ) ;
#928 = EDGE_CURVE ( 'NONE', #4994, #352, #2919, .T. ) ;
#929 = EDGE_LOOP ( 'NONE', ( #720, #65, #4907, #434 ) ) ;
#930 = LINE ( 'NONE', #931, #932 ) ;
#931 = CARTESIAN_POINT ( 'NONE',  ( 4.610000000000000300, 1.450000000000000000, -1.750000000000000000 ) ) ;
#932 = VECTOR ( 'NONE', #933, 1000.000000000000000 ) ;
#933 = DIRECTION ( 'NONE',  ( 0.0000000000000000000, 1.000000000000000000, 0.0000000000000000000 ) ) ;
#934 = LINE ( 'NONE', #935, #936 ) ;
#935 = CARTESIAN_POINT ( 'NONE',  ( 2.314999999999999900, 0.5400000000000000400, 2.250000000000000000 ) ) ;
#936 = VECTOR ( 'NONE', #937, 1000.000000000000000 ) ;
#937 = DIRECTION ( 'NONE',  ( 0.0000000000000000000, 1.000000000000000000, 0.0000000000000000000 ) ) ;
#938 = CARTESIAN_POINT ( 'NONE',  ( 4.859999999999999400, 1.550000000000000000, -2.000000000000000000 ) ) ;
#939 = CARTESIAN_POINT ( 'NONE',  ( 3.310000000000000100, 1.550000000000000000, -1.450000000000000000 ) ) ;
#940 = CARTESIAN_POINT ( 'NONE',  ( 4.360000000000000300, 1.550000000000000000, 2.250000000000000000 ) ) ;
#941 = LINE ( 'NONE', #942, #943 ) ;
#942 = CARTESIAN_POINT ( 'NONE',  ( 3.310000000000000100, 1.250000000000000000, -1.450000000000000000 ) ) ;
#943 = VECTOR ( 'NONE', #944, 1000.000000000000000 ) ;
#944 = DIRECTION ( 'NONE',  ( 0.0000000000000000000, 0.0000000000000000000, -1.000000000000000000 ) ) ;
#945 = LINE ( 'NONE', #946, #947 ) ;
#946 = CARTESIAN_POINT ( 'NONE',  ( 1.495000000000000100, 0.4200000000000000400, -2.750000000000000000 ) ) ;
#947 = VECTOR ( 'NONE', #948, 1000.000000000000000 ) ;
#948 = DIRECTION ( 'NONE',  ( -1.000000000000000000, 0.0000000000000000000, 0.0000000000000000000 ) ) ;
#949 = FACE_OUTER_BOUND ( 'NONE', #4855, .T. ) ;
#950 = COLOUR_RGB ( '',0.0000000000000000000, 0.0000000000000000000, 0.0000000000000000000 ) ;
#951 = FILL_AREA_STYLE_COLOUR ( '', #950 ) ;
#952 = FILL_AREA_STYLE ('',( #951 ) ) ;
#953 = SURFACE_STYLE_FILL_AREA ( #952 ) ;
#954 = SURFACE_SIDE_STYLE ('',( #953 ) ) ;
#955 = SURFACE_STYLE_USAGE ( .BOTH. , #954 ) ;
#956 = PRESENTATION_STYLE_ASSIGNMENT (( #955 ) ) ;
#957 = STYLED_ITEM ( 'NONE', ( #956 ), #37 ) ;
#958 = PRESENTATION_LAYER_ASSIGNMENT (  '', '', ( #957 ) ) ;
#959 = MECHANICAL_DESIGN_GEOMETRIC_PRESENTATION_REPRESENTATION (  '', ( #957 ), #965 ) ;
#960 =( LENGTH_UNIT ( ) NAMED_UNIT ( * ) SI_UNIT ( .MILLI., .METRE. ) );
#961 =( NAMED_UNIT ( * ) PLANE_ANGLE_UNIT ( ) SI_UNIT ( $, .RADIAN. ) );
#962 = ORIENTED_EDGE ( 'NONE', *, *, #4623, .T. ) ;
#963 =( NAMED_UNIT ( * ) SI_UNIT ( $, .STERADIAN. ) SOLID_ANGLE_UNIT ( ) );
#964 = UNCERTAINTY_MEASURE_WITH_UNIT (LENGTH_MEASURE( 1.000000000000000100E-005 ), #960, 'distance_accuracy_value', 'NONE');
#965 =( GEOMETRIC_REPRESENTATION_CONTEXT ( 3 ) GLOBAL_UNCERTAINTY_ASSIGNED_CONTEXT ( ( #964 ) ) GLOBAL_UNIT_ASSIGNED_CONTEXT ( ( #960, #961, #963 ) ) REPRESENTATION_CONTEXT ( 'NONE', 'WORKASPACE' ) );
#966 = PLANE ( 'NONE',  #967 ) ;
#967 = AXIS2_PLACEMENT_3D ( 'NONE', #968, #969, #970 ) ;
#968 = CARTESIAN_POINT ( 'NONE',  ( 4.610000000000000300, 1.450000000000000000, 2.000000000000000000 ) ) ;
#969 = DIRECTION ( 'NONE',  ( 0.0000000000000000000, 1.000000000000000000, 0.0000000000000000000 ) ) ;
#970 = DIRECTION ( 'NONE',  ( 0.0000000000000000000, 0.0000000000000000000, 1.000000000000000000 ) ) ;
#971 = FACE_OUTER_BOUND ( 'NONE', #4120, .T. ) ;
#972 = COLOUR_RGB ( '',0.0000000000000000000, 0.0000000000000000000, 0.0000000000000000000 ) ;
#973 = FILL_AREA_STYLE_COLOUR ( '', #972 ) ;
#974 = FILL_AREA_STYLE ('',( #973 ) ) ;
#975 = SURFACE_STYLE_FILL_AREA ( #974 ) ;
#976 = SURFACE_SIDE_STYLE ('',( #975 ) ) ;
#977 = SURFACE_STYLE_USAGE ( .BOTH. , #976 ) ;
#978 = PRESENTATION_STYLE_ASSIGNMENT (( #977 ) ) ;
#979 = EDGE_LOOP ( 'NONE', ( #4705, #407, #817, #50 ) ) ;
#980 = STYLED_ITEM ( 'NONE', ( #978 ), #40 ) ;
#981 = PRESENTATION_LAYER_ASSIGNMENT (  '', '', ( #980 ) ) ;
#982 = MECHANICAL_DESIGN_GEOMETRIC_PRESENTATION_REPRESENTATION (  '', ( #980 ), #987 ) ;
#983 =( LENGTH_UNIT ( ) NAMED_UNIT ( * ) SI_UNIT ( .MILLI., .METRE. ) );
#984 =( NAMED_UNIT ( * ) PLANE_ANGLE_UNIT ( ) SI_UNIT ( $, .RADIAN. ) );
#985 =( NAMED_UNIT ( * ) SI_UNIT ( $, .STERADIAN. ) SOLID_ANGLE_UNIT ( ) );
#986 = UNCERTAINTY_MEASURE_WITH_UNIT (LENGTH_MEASURE( 1.000000000000000100E-005 ), #983, 'distance_accuracy_value', 'NONE');
#987 =( GEOMETRIC_REPRESENTATION_CONTEXT ( 3 ) GLOBAL_UNCERTAINTY_ASSIGNED_CONTEXT ( ( #986 ) ) GLOBAL_UNIT_ASSIGNED_CONTEXT ( ( #983, #984, #985 ) ) REPRESENTATION_CONTEXT ( 'NONE', 'WORKASPACE' ) );
#988 = PLANE ( 'NONE',  #989 ) ;
#989 = AXIS2_PLACEMENT_3D ( 'NONE', #990, #991, #992 ) ;
#990 = CARTESIAN_POINT ( 'NONE',  ( 2.040000000000000000, 1.250000000000000000, -1.450000000000000000 ) ) ;
#991 = DIRECTION ( 'NONE',  ( -1.000000000000000000, 0.0000000000000000000, 0.0000000000000000000 ) ) ;
#992 = DIRECTION ( 'NONE',  ( 0.0000000000000000000, 0.0000000000000000000, 1.000000000000000000 ) ) ;
#993 = LINE ( 'NONE', #994, #995 ) ;
#994 = CARTESIAN_POINT ( 'NONE',  ( -0.5000000000000000000, 1.550000000000000000, 1.450000000000000000 ) ) ;
#995 = VECTOR ( 'NONE', #997, 1000.000000000000000 ) ;
#996 = EDGE_CURVE ( 'NONE', #144, #139, #2993, .T. ) ;
#997 = DIRECTION ( 'NONE',  ( 1.000000000000000000, 0.0000000000000000000, 0.0000000000000000000 ) ) ;
#998 = LINE ( 'NONE', #999, #1000 ) ;
#999 = CARTESIAN_POINT ( 'NONE',  ( 2.765000000000000100, 0.5400000000000000400, -2.250000000000000000 ) ) ;
#1000 = VECTOR ( 'NONE', #1001, 1000.000000000000000 ) ;
#1001 = DIRECTION ( 'NONE',  ( -1.000000000000000000, 0.0000000000000000000, 0.0000000000000000000 ) ) ;
#1002 = LINE ( 'NONE', #1003, #1004 ) ;
#1003 = CARTESIAN_POINT ( 'NONE',  ( 3.585000000000000000, 0.1200000000000000100, 3.350000000000000100 ) ) ;
#1004 = VECTOR ( 'NONE', #1005, 1000.000000000000000 ) ;
#1005 = DIRECTION ( 'NONE',  ( 0.0000000000000000000, -1.000000000000000000, 0.0000000000000000000 ) ) ;
#1006 = CARTESIAN_POINT ( 'NONE',  ( 4.859999999999999400, 1.450000000000000000, -2.000000000000000000 ) ) ;
#1007 = FACE_OUTER_BOUND ( 'NONE', #240, .T. ) ;
#1008 = PLANE ( 'NONE',  #1009 ) ;
#1009 = AXIS2_PLACEMENT_3D ( 'NONE', #1010, #1011, #1012 ) ;
#1010 = CARTESIAN_POINT ( 'NONE',  ( 1.495000000000000100, 0.1200000000000000100, 2.870000000000000100 ) ) ;
#1011 = DIRECTION ( 'NONE',  ( 0.0000000000000000000, -1.000000000000000000, -1.411721578757169900E-016 ) ) ;
#1012 = DIRECTION ( 'NONE',  ( 0.0000000000000000000, 1.411721578757169900E-016, -1.000000000000000000 ) ) ;
#1013 = ADVANCED_FACE ( 'NONE', ( #3013 ), #3029, .F. ) ;
#1014 = CARTESIAN_POINT ( 'NONE',  ( 4.610000000000000300, 1.450000000000000000, -1.750000000000000000 ) ) ;
#1015 = FACE_OUTER_BOUND ( 'NONE', #421, .T. ) ;
#1016 = PLANE ( 'NONE',  #1017 ) ;
#1017 = AXIS2_PLACEMENT_3D ( 'NONE', #1018, #1019, #1020 ) ;
#1018 = CARTESIAN_POINT ( 'NONE',  ( 1.495000000000000100, 3.673819061467100000E-018, -2.750000000000000000 ) ) ;
#1019 = DIRECTION ( 'NONE',  ( 0.0000000000000000000, -1.000000000000000000, -3.905205875111750200E-017 ) ) ;
#1020 = DIRECTION ( 'NONE',  ( 0.0000000000000000000, 3.905205875111750200E-017, -1.000000000000000000 ) ) ;
#1021 = LINE ( 'NONE', #1022, #1023 ) ;
#1022 = CARTESIAN_POINT ( 'NONE',  ( 5.060000000000000500, 1.550000000000000000, 2.250000000000000000 ) ) ;
#1023 = VECTOR ( 'NONE', #1024, 1000.000000000000000 ) ;
#1024 = DIRECTION ( 'NONE',  ( 0.0000000000000000000, -1.000000000000000000, 0.0000000000000000000 ) ) ;
#1025 = CARTESIAN_POINT ( 'NONE',  ( 1.044999999999999900, 2.710505431213759900E-017, -3.350000000000000100 ) ) ;
#1026 = LINE ( 'NONE', #1027, #1028 ) ;
#1027 = CARTESIAN_POINT ( 'NONE',  ( 1.044999999999999900, 0.1200000000000000100, 2.870000000000000100 ) ) ;
#1028 = VECTOR ( 'NONE', #1029, 1000.000000000000000 ) ;
#1029 = DIRECTION ( 'NONE',  ( 0.0000000000000000000, -1.411721578757169900E-016, 1.000000000000000000 ) ) ;
#1030 = VERTEX_POINT ( 'NONE', #3060 ) ;
#1031 = VERTEX_POINT ( 'NONE', #3065 ) ;
#1032 = VERTEX_POINT ( 'NONE', #3070 ) ;
#1033 = CARTESIAN_POINT ( 'NONE',  ( -1.250000000000000000, 1.550000000000000000, 2.250000000000000000 ) ) ;
#1034 = LINE ( 'NONE', #1035, #1036 ) ;
#1035 = CARTESIAN_POINT ( 'NONE',  ( 1.044999999999999900, 0.5400000000000000400, 2.250000000000000000 ) ) ;
#1036 = VECTOR ( 'NONE', #1037, 1000.000000000000000 ) ;
#1037 = DIRECTION ( 'NONE',  ( 0.0000000000000000000, 1.000000000000000000, 0.0000000000000000000 ) ) ;
#1038 = CARTESIAN_POINT ( 'NONE',  ( -1.050000000000000000, 1.550000000000000000, 2.250000000000000000 ) ) ;
#1039 = LINE ( 'NONE', #1040, #1041 ) ;
#1040 = CARTESIAN_POINT ( 'NONE',  ( -0.5500000000000000400, 1.450000000000000000, 2.250000000000000000 ) ) ;
#1041 = VECTOR ( 'NONE', #1042, 1000.000000000000000 ) ;
#1042 = DIRECTION ( 'NONE',  ( -4.336808689942030100E-016, 0.0000000000000000000, -1.000000000000000000 ) ) ;
#1043 = LINE ( 'NONE', #1044, #1045 ) ;
#1044 = CARTESIAN_POINT ( 'NONE',  ( 5.060000000000000500, 0.1000000000000000100, -2.250000000000000000 ) ) ;
#1045 = VECTOR ( 'NONE', #1046, 1000.000000000000000 ) ;
#1046 = DIRECTION ( 'NONE',  ( -1.927470528863119800E-016, 0.0000000000000000000, -1.000000000000000000 ) ) ;
#1047 = CARTESIAN_POINT ( 'NONE',  ( 4.859999999999999400, 1.550000000000000000, 2.250000000000000000 ) ) ;
#1048 = FACE_OUTER_BOUND ( 'NONE', #760, .T. ) ;
#1049 = COLOUR_RGB ( '',0.0000000000000000000, 0.0000000000000000000, 0.0000000000000000000 ) ;
#1050 = FILL_AREA_STYLE_COLOUR ( '', #1049 ) ;
#1051 = FILL_AREA_STYLE ('',( #1050 ) ) ;
#1052 = SURFACE_STYLE_FILL_AREA ( #1051 ) ;
#1053 = SURFACE_SIDE_STYLE ('',( #1052 ) ) ;
#1054 = SURFACE_STYLE_USAGE ( .BOTH. , #1053 ) ;
#1055 = PRESENTATION_STYLE_ASSIGNMENT (( #1054 ) ) ;
#1056 = STYLED_ITEM ( 'NONE', ( #1055 ), #62 ) ;
#1057 = PRESENTATION_LAYER_ASSIGNMENT (  '', '', ( #1056 ) ) ;
#1058 = MECHANICAL_DESIGN_GEOMETRIC_PRESENTATION_REPRESENTATION (  '', ( #1056 ), #1063 ) ;
#1059 =( LENGTH_UNIT ( ) NAMED_UNIT ( * ) SI_UNIT ( .MILLI., .METRE. ) );
#1060 =( NAMED_UNIT ( * ) PLANE_ANGLE_UNIT ( ) SI_UNIT ( $, .RADIAN. ) );
#1061 =( NAMED_UNIT ( * ) SI_UNIT ( $, .STERADIAN. ) SOLID_ANGLE_UNIT ( ) );
#1062 = UNCERTAINTY_MEASURE_WITH_UNIT (LENGTH_MEASURE( 1.000000000000000100E-005 ), #1059, 'distance_accuracy_value', 'NONE');
#1063 =( GEOMETRIC_REPRESENTATION_CONTEXT ( 3 ) GLOBAL_UNCERTAINTY_ASSIGNED_CONTEXT ( ( #1062 ) ) GLOBAL_UNIT_ASSIGNED_CONTEXT ( ( #1059, #1060, #1061 ) ) REPRESENTATION_CONTEXT ( 'NONE', 'WORKASPACE' ) );
#1064 = PLANE ( 'NONE',  #1066 ) ;
#1065 = ORIENTED_EDGE ( 'NONE', *, *, #142, .T. ) ;
#1066 = AXIS2_PLACEMENT_3D ( 'NONE', #1067, #1068, #1069 ) ;
#1067 = CARTESIAN_POINT ( 'NONE',  ( 2.040000000000000000, 1.550000000000000000, 1.450000000000000000 ) ) ;
#1068 = DIRECTION ( 'NONE',  ( 0.0000000000000000000, 7.228014483236690600E-016, 1.000000000000000000 ) ) ;
#1069 = DIRECTION ( 'NONE',  ( 0.0000000000000000000, -1.000000000000000000, 7.228014483236690600E-016 ) ) ;
#1070 = LINE ( 'NONE', #1071, #1072 ) ;
#1071 = CARTESIAN_POINT ( 'NONE',  ( 3.585000000000000000, 0.4200000000000000400, -2.750000000000000000 ) ) ;
#1072 = VECTOR ( 'NONE', #1073, 1000.000000000000000 ) ;
#1073 = DIRECTION ( 'NONE',  ( 0.0000000000000000000, 1.000000000000000000, -4.130293990420970500E-015 ) ) ;
#1074 = LINE ( 'NONE', #1075, #1076 ) ;
#1075 = CARTESIAN_POINT ( 'NONE',  ( 4.360000000000000300, 1.550000000000000000, -2.250000000000000000 ) ) ;
#1076 = VECTOR ( 'NONE', #1077, 1000.000000000000000 ) ;
#1077 = DIRECTION ( 'NONE',  ( 0.0000000000000000000, 0.0000000000000000000, 1.000000000000000000 ) ) ;
#1078 = CARTESIAN_POINT ( 'NONE',  ( -0.5500000000000000400, 1.450000000000000000, 2.000000000000000000 ) ) ;
#1079 = LINE ( 'NONE', #1080, #1081 ) ;
#1080 = CARTESIAN_POINT ( 'NONE',  ( -1.050000000000000000, 1.450000000000000000, -2.250000000000000000 ) ) ;
#1081 = VECTOR ( 'NONE', #1086, 1000.000000000000000 ) ;
#1082 = EDGE_CURVE ( 'NONE', #453, #275, #3126, .T. ) ;
#1083 = EDGE_CURVE ( 'NONE', #606, #296, #3134, .T. ) ;
#1084 = ORIENTED_EDGE ( 'NONE', *, *, #238, .F. ) ;
#1085 = EDGE_CURVE ( 'NONE', #453, #3086, #3147, .T. ) ;
#1086 = DIRECTION ( 'NONE',  ( 0.0000000000000000000, 1.000000000000000000, 0.0000000000000000000 ) ) ;
#1087 = LINE ( 'NONE', #1088, #1089 ) ;
#1088 = CARTESIAN_POINT ( 'NONE',  ( -0.5500000000000000400, 1.450000000000000000, -2.250000000000000000 ) ) ;
#1089 = VECTOR ( 'NONE', #1090, 1000.000000000000000 ) ;
#1090 = DIRECTION ( 'NONE',  ( 4.336808689942030100E-016, 0.0000000000000000000, -1.000000000000000000 ) ) ;
#1091 = CIRCLE ( 'NONE', #1092, 0.2500000000000002200 ) ;
#1092 = AXIS2_PLACEMENT_3D ( 'NONE', #1093, #1094, #1095 ) ;
#1093 = CARTESIAN_POINT ( 'NONE',  ( 4.610000000000000300, 1.550000000000000000, -2.000000000000000000 ) ) ;
#1094 = DIRECTION ( 'NONE',  ( 0.0000000000000000000, 1.000000000000000000, 0.0000000000000000000 ) ) ;
#1095 = DIRECTION ( 'NONE',  ( 0.0000000000000000000, 0.0000000000000000000, -1.000000000000000000 ) ) ;
#1096 = CARTESIAN_POINT ( 'NONE',  ( 1.044999999999999900, 0.5400000000000000400, 2.250000000000000000 ) ) ;
#1097 = LINE ( 'NONE', #1098, #1099 ) ;
#1098 = CARTESIAN_POINT ( 'NONE',  ( 3.510000000000000200, 1.250000000000000000, 1.199999999999982000 ) ) ;
#1099 = VECTOR ( 'NONE', #1100, 1000.000000000000000 ) ;
#1100 = DIRECTION ( 'NONE',  ( 1.000000000000000000, 0.0000000000000000000, 0.0000000000000000000 ) ) ;
#1101 = FACE_OUTER_BOUND ( 'NONE', #786, .T. ) ;
#1102 = EDGE_LOOP ( 'NONE', ( #291, #4822, #2968, #3410 ) ) ;
#1103 = PLANE ( 'NONE',  #1104 ) ;
#1104 = AXIS2_PLACEMENT_3D ( 'NONE', #1105, #1106, #1107 ) ;
#1105 = CARTESIAN_POINT ( 'NONE',  ( 0.2250000000000000100, 3.673819061467100000E-018, -2.750000000000000000 ) ) ;
#1106 = DIRECTION ( 'NONE',  ( 0.0000000000000000000, -1.000000000000000000, -3.905205875111750200E-017 ) ) ;
#1107 = DIRECTION ( 'NONE',  ( 0.0000000000000000000, 3.905205875111750200E-017, -1.000000000000000000 ) ) ;
#1108 = CARTESIAN_POINT ( 'NONE',  ( 1.495000000000000100, 0.4200000000000000400, -2.750000000000000000 ) ) ;
#1109 = CIRCLE ( 'NONE', #1110, 0.2500000000000002200 ) ;
#1110 = AXIS2_PLACEMENT_3D ( 'NONE', #1111, #1112, #1113 ) ;
#1111 = CARTESIAN_POINT ( 'NONE',  ( 4.610000000000000300, 1.450000000000000000, -2.000000000000000000 ) ) ;
#1112 = DIRECTION ( 'NONE',  ( 0.0000000000000000000, 1.000000000000000000, 0.0000000000000000000 ) ) ;
#1113 = DIRECTION ( 'NONE',  ( 0.0000000000000000000, 0.0000000000000000000, -1.000000000000000000 ) ) ;
#1114 = FACE_OUTER_BOUND ( 'NONE', #546, .T. ) ;
#1115 = COLOUR_RGB ( '',1.000000000000000000, 1.000000000000000000, 1.000000000000000000 ) ;
#1116 = FILL_AREA_STYLE_COLOUR ( '', #1115 ) ;
#1117 = FILL_AREA_STYLE ('',( #1116 ) ) ;
#1118 = SURFACE_STYLE_FILL_AREA ( #1117 ) ;
#1119 = ADVANCED_FACE ( 'NONE', ( #3160 ), #3161, .F. ) ;
#1120 = SURFACE_SIDE_STYLE ('',( #1118 ) ) ;
#1121 = SURFACE_STYLE_USAGE ( .BOTH. , #1120 ) ;
#1122 = PRESENTATION_STYLE_ASSIGNMENT (( #1121 ) ) ;
#1123 = STYLED_ITEM ( 'NONE', ( #1122 ), #82 ) ;
#1124 = PRESENTATION_LAYER_ASSIGNMENT (  '', '', ( #1123 ) ) ;
#1125 = MECHANICAL_DESIGN_GEOMETRIC_PRESENTATION_REPRESENTATION (  '', ( #1123 ), #1130 ) ;
#1126 =( LENGTH_UNIT ( ) NAMED_UNIT ( * ) SI_UNIT ( .MILLI., .METRE. ) );
#1127 =( NAMED_UNIT ( * ) PLANE_ANGLE_UNIT ( ) SI_UNIT ( $, .RADIAN. ) );
#1128 =( NAMED_UNIT ( * ) SI_UNIT ( $, .STERADIAN. ) SOLID_ANGLE_UNIT ( ) );
#1129 = UNCERTAINTY_MEASURE_WITH_UNIT (LENGTH_MEASURE( 1.000000000000000100E-005 ), #1126, 'distance_accuracy_value', 'NONE');
#1130 =( GEOMETRIC_REPRESENTATION_CONTEXT ( 3 ) GLOBAL_UNCERTAINTY_ASSIGNED_CONTEXT ( ( #1129 ) ) GLOBAL_UNIT_ASSIGNED_CONTEXT ( ( #1126, #1127, #1128 ) ) REPRESENTATION_CONTEXT ( 'NONE', 'WORKASPACE' ) );
#1131 = PLANE ( 'NONE',  #1132 ) ;
#1132 = AXIS2_PLACEMENT_3D ( 'NONE', #1133, #1134, #1135 ) ;
#1133 = CARTESIAN_POINT ( 'NONE',  ( 3.510000000000000200, 2.398528137423854700, 0.5999999999999828800 ) ) ;
#1134 = DIRECTION ( 'NONE',  ( 1.000000000000000000, 0.0000000000000000000, 0.0000000000000000000 ) ) ;
#1135 = DIRECTION ( 'NONE',  ( 0.0000000000000000000, 0.0000000000000000000, -1.000000000000000000 ) ) ;
#1136 = CARTESIAN_POINT ( 'NONE',  ( 3.310000000000000100, 1.550000000000000000, 1.450000000000000000 ) ) ;
#1137 = CARTESIAN_POINT ( 'NONE',  ( 2.314999999999999900, 0.5400000000000000400, -2.250000000000000000 ) ) ;
#1138 = LINE ( 'NONE', #1139, #1140 ) ;
#1139 = CARTESIAN_POINT ( 'NONE',  ( 4.360000000000000300, 1.450000000000000000, 2.250000000000000000 ) ) ;
#1140 = VECTOR ( 'NONE', #1141, 1000.000000000000000 ) ;
#1141 = DIRECTION ( 'NONE',  ( 0.0000000000000000000, 0.0000000000000000000, 1.000000000000000000 ) ) ;
#1142 = LINE ( 'NONE', #1143, #1144 ) ;
#1143 = CARTESIAN_POINT ( 'NONE',  ( 1.495000000000000100, 0.5400000000000000400, 2.250000000000000000 ) ) ;
#1144 = VECTOR ( 'NONE', #1145, 1000.000000000000000 ) ;
#1145 = DIRECTION ( 'NONE',  ( -1.000000000000000000, 0.0000000000000000000, 0.0000000000000000000 ) ) ;
#1146 = LINE ( 'NONE', #1147, #1148 ) ;
#1147 = CARTESIAN_POINT ( 'NONE',  ( 4.859999999999999400, 1.450000000000000000, 2.250000000000000000 ) ) ;
#1148 = VECTOR ( 'NONE', #1149, 1000.000000000000000 ) ;
#1149 = DIRECTION ( 'NONE',  ( 0.0000000000000000000, 1.000000000000000000, 0.0000000000000000000 ) ) ;
#1150 = CIRCLE ( 'NONE', #1151, 0.2500000000000002200 ) ;
#1151 = AXIS2_PLACEMENT_3D ( 'NONE', #1154, #1155, #1156 ) ;
#1152 = ORIENTED_EDGE ( 'NONE', *, *, #4912, .F. ) ;
#1153 = VERTEX_POINT ( 'NONE', #3202 ) ;
#1154 = CARTESIAN_POINT ( 'NONE',  ( 4.610000000000000300, 1.550000000000000000, -2.000000000000000000 ) ) ;
#1155 = DIRECTION ( 'NONE',  ( 0.0000000000000000000, 1.000000000000000000, 0.0000000000000000000 ) ) ;
#1156 = DIRECTION ( 'NONE',  ( 0.0000000000000000000, 0.0000000000000000000, -1.000000000000000000 ) ) ;
#1157 = LINE ( 'NONE', #1158, #1159 ) ;
#1158 = CARTESIAN_POINT ( 'NONE',  ( 4.309999999999999600, 1.550000000000000000, -1.450000000000000000 ) ) ;
#1159 = VECTOR ( 'NONE', #1160, 1000.000000000000000 ) ;
#1160 = DIRECTION ( 'NONE',  ( 0.0000000000000000000, 1.000000000000000000, 7.228014483236690600E-016 ) ) ;
#1161 = LINE ( 'NONE', #1162, #1163 ) ;
#1162 = CARTESIAN_POINT ( 'NONE',  ( 1.495000000000000100, 0.4200000000000000400, 2.250000000000000000 ) ) ;
#1163 = VECTOR ( 'NONE', #1164, 1000.000000000000000 ) ;
#1164 = DIRECTION ( 'NONE',  ( -1.000000000000000000, 0.0000000000000000000, 0.0000000000000000000 ) ) ;
#1165 = LINE ( 'NONE', #1166, #1167 ) ;
#1166 = CARTESIAN_POINT ( 'NONE',  ( 0.2250000000000000100, 3.673819061467100000E-018, 2.750000000000000000 ) ) ;
#1167 = VECTOR ( 'NONE', #1168, 1000.000000000000000 ) ;
#1168 = DIRECTION ( 'NONE',  ( -1.000000000000000000, 0.0000000000000000000, 0.0000000000000000000 ) ) ;
#1169 = CARTESIAN_POINT ( 'NONE',  ( 2.314999999999999900, 0.5400000000000000400, 2.250000000000000000 ) ) ;
#1170 = VERTEX_POINT ( 'NONE', #3230 ) ;
#1171 = LINE ( 'NONE', #1172, #1173 ) ;
#1172 = CARTESIAN_POINT ( 'NONE',  ( 1.044999999999999900, 0.4200000000000000400, 2.750000000000000000 ) ) ;
#1173 = VECTOR ( 'NONE', #1174, 1000.000000000000000 ) ;
#1174 = DIRECTION ( 'NONE',  ( 0.0000000000000000000, 1.000000000000000000, 4.130293990420970500E-015 ) ) ;
#1175 = FACE_OUTER_BOUND ( 'NONE', #3632, .T. ) ;
#1176 = COLOUR_RGB ( '',1.000000000000000000, 1.000000000000000000, 1.000000000000000000 ) ;
#1177 = FILL_AREA_STYLE_COLOUR ( '', #1176 ) ;
#1178 = FILL_AREA_STYLE ('',( #1177 ) ) ;
#1179 = SURFACE_STYLE_FILL_AREA ( #1178 ) ;
#1180 = SURFACE_SIDE_STYLE ('',( #1179 ) ) ;
#1181 = SURFACE_STYLE_USAGE ( .BOTH. , #1180 ) ;
#1182 = PRESENTATION_STYLE_ASSIGNMENT (( #1181 ) ) ;
#1183 = STYLED_ITEM ( 'NONE', ( #1182 ), #98 ) ;
#1184 = PRESENTATION_LAYER_ASSIGNMENT (  '', '', ( #1183 ) ) ;
#1185 = MECHANICAL_DESIGN_GEOMETRIC_PRESENTATION_REPRESENTATION (  '', ( #1183 ), #1191 ) ;
#1186 =( LENGTH_UNIT ( ) NAMED_UNIT ( * ) SI_UNIT ( .MILLI., .METRE. ) );
#1187 = ORIENTED_EDGE ( 'NONE', *, *, #1286, .F. ) ;
#1188 =( NAMED_UNIT ( * ) PLANE_ANGLE_UNIT ( ) SI_UNIT ( $, .RADIAN. ) );
#1189 =( NAMED_UNIT ( * ) SI_UNIT ( $, .STERADIAN. ) SOLID_ANGLE_UNIT ( ) );
#1190 = UNCERTAINTY_MEASURE_WITH_UNIT (LENGTH_MEASURE( 1.000000000000000100E-005 ), #1186, 'distance_accuracy_value', 'NONE');
#1191 =( GEOMETRIC_REPRESENTATION_CONTEXT ( 3 ) GLOBAL_UNCERTAINTY_ASSIGNED_CONTEXT ( ( #1190 ) ) GLOBAL_UNIT_ASSIGNED_CONTEXT ( ( #1186, #1188, #1189 ) ) REPRESENTATION_CONTEXT ( 'NONE', 'WORKASPACE' ) );
#1192 = PLANE ( 'NONE',  #1193 ) ;
#1193 = AXIS2_PLACEMENT_3D ( 'NONE', #1194, #1195, #1196 ) ;
#1194 = CARTESIAN_POINT ( 'NONE',  ( -0.2999999999999999900, 2.398528137423854700, 0.5999999999999999800 ) ) ;
#1195 = DIRECTION ( 'NONE',  ( 0.0000000000000000000, 0.0000000000000000000, 1.000000000000000000 ) ) ;
#1196 = DIRECTION ( 'NONE',  ( 1.000000000000000000, 0.0000000000000000000, 0.0000000000000000000 ) ) ;
#1197 = LINE ( 'NONE', #1198, #1199 ) ;
#1198 = CARTESIAN_POINT ( 'NONE',  ( 4.859999999999999400, 1.450000000000000000, 2.000000000000000000 ) ) ;
#1199 = VECTOR ( 'NONE', #1200, 1000.000000000000000 ) ;
#1200 = DIRECTION ( 'NONE',  ( 0.0000000000000000000, 1.000000000000000000, 0.0000000000000000000 ) ) ;
#1201 = CARTESIAN_POINT ( 'NONE',  ( 4.360000000000000300, 1.550000000000000000, -2.250000000000000000 ) ) ;
#1202 = LINE ( 'NONE', #1203, #1204 ) ;
#1203 = CARTESIAN_POINT ( 'NONE',  ( 2.040000000000000000, 1.250000000000000000, -1.450000000000000000 ) ) ;
#1204 = VECTOR ( 'NONE', #1205, 1000.000000000000000 ) ;
#1205 = DIRECTION ( 'NONE',  ( 0.0000000000000000000, 0.0000000000000000000, -1.000000000000000000 ) ) ;
#1206 = LINE ( 'NONE', #1207, #1208 ) ;
#1207 = CARTESIAN_POINT ( 'NONE',  ( 5.060000000000000500, 1.550000000000000000, -2.250000000000000000 ) ) ;
#1208 = VECTOR ( 'NONE', #1209, 1000.000000000000000 ) ;
#1209 = DIRECTION ( 'NONE',  ( -1.927470528863119800E-016, 0.0000000000000000000, -1.000000000000000000 ) ) ;
#1210 = LINE ( 'NONE', #1211, #1212 ) ;
#1211 = CARTESIAN_POINT ( 'NONE',  ( -0.5000000000000000000, 1.550000000000000000, 1.450000000000000000 ) ) ;
#1212 = VECTOR ( 'NONE', #1213, 1000.000000000000000 ) ;
#1213 = DIRECTION ( 'NONE',  ( 0.0000000000000000000, 0.0000000000000000000, 1.000000000000000000 ) ) ;
#1214 = CARTESIAN_POINT ( 'NONE',  ( 3.585000000000000000, 3.673819061467100000E-018, -2.750000000000000000 ) ) ;
#1215 = CARTESIAN_POINT ( 'NONE',  ( 4.360000000000000300, 1.550000000000000000, 2.000000000000000000 ) ) ;
#1216 = CARTESIAN_POINT ( 'NONE',  ( 1.495000000000000100, 0.4200000000000000400, 2.250000000000000000 ) ) ;
#1217 = CARTESIAN_POINT ( 'NONE',  ( 5.060000000000000500, 0.1000000000000000100, -2.250000000000000000 ) ) ;
#1218 = FACE_OUTER_BOUND ( 'NONE', #4670, .T. ) ;
#1219 = PLANE ( 'NONE',  #1221 ) ;
#1220 = ORIENTED_EDGE ( 'NONE', *, *, #4656, .T. ) ;
#1221 = AXIS2_PLACEMENT_3D ( 'NONE', #1222, #1223, #1224 ) ;
#1222 = CARTESIAN_POINT ( 'NONE',  ( 2.765000000000000100, -1.585221031409174900E-017, -2.250000000000000000 ) ) ;
#1223 = DIRECTION ( 'NONE',  ( -1.000000000000000000, 0.0000000000000000000, 0.0000000000000000000 ) ) ;
#1224 = DIRECTION ( 'NONE',  ( 0.0000000000000000000, 0.0000000000000000000, -1.000000000000000000 ) ) ;
#1225 = FACE_OUTER_BOUND ( 'NONE', #4620, .T. ) ;
#1226 = PLANE ( 'NONE',  #1227 ) ;
#1227 = AXIS2_PLACEMENT_3D ( 'NONE', #1228, #1229, #1230 ) ;
#1228 = CARTESIAN_POINT ( 'NONE',  ( 1.495000000000000100, 0.5400000000000000400, -2.250000000000000000 ) ) ;
#1229 = DIRECTION ( 'NONE',  ( 0.0000000000000000000, 1.000000000000000000, -1.748713181428220000E-016 ) ) ;
#1230 = DIRECTION ( 'NONE',  ( 0.0000000000000000000, 1.748713181428220000E-016, 1.000000000000000000 ) ) ;
#1231 = CARTESIAN_POINT ( 'NONE',  ( 0.9700000000000000800, 1.250000000000000000, 1.200000000000000000 ) ) ;
#1232 = CARTESIAN_POINT ( 'NONE',  ( 4.309999999999999600, 1.250000000000000000, -1.450000000000000000 ) ) ;
#1233 = FACE_OUTER_BOUND ( 'NONE', #2562, .T. ) ;
#1234 = PLANE ( 'NONE',  #1235 ) ;
#1235 = AXIS2_PLACEMENT_3D ( 'NONE', #1236, #1237, #1238 ) ;
#1236 = CARTESIAN_POINT ( 'NONE',  ( 4.035000000000000100, 0.4200000000000000400, 2.750000000000000000 ) ) ;
#1237 = DIRECTION ( 'NONE',  ( 0.0000000000000000000, -4.130293990420970500E-015, 1.000000000000000000 ) ) ;
#1238 = DIRECTION ( 'NONE',  ( 0.0000000000000000000, -1.000000000000000000, -4.130293990420970500E-015 ) ) ;
#1239 = CARTESIAN_POINT ( 'NONE',  ( 4.309999999999999600, 1.250000000000000000, 1.450000000000000000 ) ) ;
#1240 = LINE ( 'NONE', #1241, #1242 ) ;
#1241 = CARTESIAN_POINT ( 'NONE',  ( 3.585000000000000000, 0.4200000000000000400, 2.250000000000000000 ) ) ;
#1242 = VECTOR ( 'NONE', #1243, 1000.000000000000000 ) ;
#1243 = DIRECTION ( 'NONE',  ( 0.0000000000000000000, 1.084202172485495800E-016, -1.000000000000000000 ) ) ;
#1244 = LINE ( 'NONE', #1245, #1246 ) ;
#1245 = CARTESIAN_POINT ( 'NONE',  ( 0.2250000000000000100, 0.4200000000000000400, 2.250000000000000000 ) ) ;
#1246 = VECTOR ( 'NONE', #1247, 1000.000000000000000 ) ;
#1247 = DIRECTION ( 'NONE',  ( 0.0000000000000000000, 1.084202172485495800E-016, -1.000000000000000000 ) ) ;
#1248 = FACE_OUTER_BOUND ( 'NONE', #38, .T. ) ;
#1249 = COLOUR_RGB ( '',0.0000000000000000000, 0.0000000000000000000, 0.0000000000000000000 ) ;
#1250 = FILL_AREA_STYLE_COLOUR ( '', #1249 ) ;
#1251 = FILL_AREA_STYLE ('',( #1250 ) ) ;
#1252 = SURFACE_STYLE_FILL_AREA ( #1251 ) ;
#1253 = SURFACE_SIDE_STYLE ('',( #1252 ) ) ;
#1254 = SURFACE_STYLE_USAGE ( .BOTH. , #1253 ) ;
#1255 = PRESENTATION_STYLE_ASSIGNMENT (( #1254 ) ) ;
#1256 = STYLED_ITEM ( 'NONE', ( #1255 ), #124 ) ;
#1257 = PRESENTATION_LAYER_ASSIGNMENT (  '', '', ( #1256 ) ) ;
#1258 = MECHANICAL_DESIGN_GEOMETRIC_PRESENTATION_REPRESENTATION (  '', ( #1256 ), #1263 ) ;
#1259 =( LENGTH_UNIT ( ) NAMED_UNIT ( * ) SI_UNIT ( .MILLI., .METRE. ) );
#1260 =( NAMED_UNIT ( * ) PLANE_ANGLE_UNIT ( ) SI_UNIT ( $, .RADIAN. ) );
#1261 =( NAMED_UNIT ( * ) SI_UNIT ( $, .STERADIAN. ) SOLID_ANGLE_UNIT ( ) );
#1262 = UNCERTAINTY_MEASURE_WITH_UNIT (LENGTH_MEASURE( 1.000000000000000100E-005 ), #1259, 'distance_accuracy_value', 'NONE');
#1263 =( GEOMETRIC_REPRESENTATION_CONTEXT ( 3 ) GLOBAL_UNCERTAINTY_ASSIGNED_CONTEXT ( ( #1262 ) ) GLOBAL_UNIT_ASSIGNED_CONTEXT ( ( #1259, #1260, #1261 ) ) REPRESENTATION_CONTEXT ( 'NONE', 'WORKASPACE' ) );
#1264 = PLANE ( 'NONE',  #1265 ) ;
#1265 = AXIS2_PLACEMENT_3D ( 'NONE', #1266, #1267, #1268 ) ;
#1266 = CARTESIAN_POINT ( 'NONE',  ( 4.859999999999999400, 1.450000000000000000, 2.250000000000000000 ) ) ;
#1267 = DIRECTION ( 'NONE',  ( 1.000000000000000000, 0.0000000000000000000, 0.0000000000000000000 ) ) ;
#1268 = DIRECTION ( 'NONE',  ( 0.0000000000000000000, 0.0000000000000000000, -1.000000000000000000 ) ) ;
#1269 = ORIENTED_EDGE ( 'NONE', *, *, #763, .T. ) ;
#1270 = LINE ( 'NONE', #1271, #1272 ) ;
#1271 = CARTESIAN_POINT ( 'NONE',  ( 2.239999999999999800, 1.250000000000000000, 0.5999999999999889900 ) ) ;
#1272 = VECTOR ( 'NONE', #1273, 1000.000000000000000 ) ;
#1273 = DIRECTION ( 'NONE',  ( -1.000000000000000000, 0.0000000000000000000, 0.0000000000000000000 ) ) ;
#1274 = LINE ( 'NONE', #1275, #1276 ) ;
#1275 = CARTESIAN_POINT ( 'NONE',  ( -0.5000000000000000000, 1.250000000000000000, -1.450000000000000000 ) ) ;
#1276 = VECTOR ( 'NONE', #1277, 1000.000000000000000 ) ;
#1277 = DIRECTION ( 'NONE',  ( 1.000000000000000000, 0.0000000000000000000, 0.0000000000000000000 ) ) ;
#1278 = FACE_OUTER_BOUND ( 'NONE', #4925, .T. ) ;
#1279 = PLANE ( 'NONE',  #1280 ) ;
#1280 = AXIS2_PLACEMENT_3D ( 'NONE', #1281, #1282, #1283 ) ;
#1281 = CARTESIAN_POINT ( 'NONE',  ( 1.495000000000000100, -1.585221031409174900E-017, 2.250000000000000000 ) ) ;
#1282 = DIRECTION ( 'NONE',  ( -1.000000000000000000, 0.0000000000000000000, 0.0000000000000000000 ) ) ;
#1283 = DIRECTION ( 'NONE',  ( 0.0000000000000000000, 0.0000000000000000000, 1.000000000000000000 ) ) ;
#1284 = CARTESIAN_POINT ( 'NONE',  ( 1.044999999999999900, 0.4200000000000000400, 2.750000000000000000 ) ) ;
#1285 = CIRCLE ( 'NONE', #1287, 0.2500000000000000000 ) ;
#1286 = EDGE_CURVE ( 'NONE', #306, #4933, #3278, .T. ) ;
#1287 = AXIS2_PLACEMENT_3D ( 'NONE', #1288, #1289, #1290 ) ;
#1288 = CARTESIAN_POINT ( 'NONE',  ( -0.8000000000000000400, 1.550000000000000000, -2.000000000000000000 ) ) ;
#1289 = DIRECTION ( 'NONE',  ( 0.0000000000000000000, 1.000000000000000000, 0.0000000000000000000 ) ) ;
#1290 = DIRECTION ( 'NONE',  ( 0.0000000000000000000, 0.0000000000000000000, 1.000000000000000000 ) ) ;
#1291 = LINE ( 'NONE', #1292, #1293 ) ;
#1292 = CARTESIAN_POINT ( 'NONE',  ( -1.250000000000000000, 0.1000000000000000100, 2.250000000000000000 ) ) ;
#1293 = VECTOR ( 'NONE', #1294, 1000.000000000000000 ) ;
#1294 = DIRECTION ( 'NONE',  ( 1.000000000000000000, 0.0000000000000000000, 0.0000000000000000000 ) ) ;
#1295 = CARTESIAN_POINT ( 'NONE',  ( -0.5500000000000000400, 1.450000000000000000, -2.000000000000000000 ) ) ;
#1296 = LINE ( 'NONE', #1297, #1298 ) ;
#1297 = CARTESIAN_POINT ( 'NONE',  ( -1.250000000000000000, 1.550000000000000000, 2.250000000000000000 ) ) ;
#1298 = VECTOR ( 'NONE', #1299, 1000.000000000000000 ) ;
#1299 = DIRECTION ( 'NONE',  ( 1.000000000000000000, 0.0000000000000000000, 0.0000000000000000000 ) ) ;
#1300 = CIRCLE ( 'NONE', #1301, 0.2500000000000002200 ) ;
#1301 = AXIS2_PLACEMENT_3D ( 'NONE', #1302, #1303, #1304 ) ;
#1302 = CARTESIAN_POINT ( 'NONE',  ( 4.610000000000000300, 1.550000000000000000, 2.000000000000000000 ) ) ;
#1303 = DIRECTION ( 'NONE',  ( 0.0000000000000000000, 1.000000000000000000, 0.0000000000000000000 ) ) ;
#1304 = DIRECTION ( 'NONE',  ( 0.0000000000000000000, 0.0000000000000000000, 1.000000000000000000 ) ) ;
#1305 = CARTESIAN_POINT ( 'NONE',  ( -0.8000000000000000400, 1.450000000000000000, -1.750000000000000000 ) ) ;
#1306 = LINE ( 'NONE', #1307, #1308 ) ;
#1307 = CARTESIAN_POINT ( 'NONE',  ( 3.310000000000000100, 1.550000000000000000, -1.450000000000000000 ) ) ;
#1308 = VECTOR ( 'NONE', #1309, 1000.000000000000000 ) ;
#1309 = DIRECTION ( 'NONE',  ( 1.000000000000000000, 0.0000000000000000000, 0.0000000000000000000 ) ) ;
#1310 = CARTESIAN_POINT ( 'NONE',  ( 4.859999999999999400, 1.450000000000000000, 2.250000000000000000 ) ) ;
#1311 = FACE_OUTER_BOUND ( 'NONE', #5079, .T. ) ;
#1312 = COLOUR_RGB ( '',1.000000000000000000, 1.000000000000000000, 1.000000000000000000 ) ;
#1313 = FILL_AREA_STYLE_COLOUR ( '', #1312 ) ;
#1314 = FILL_AREA_STYLE ('',( #1313 ) ) ;
#1315 = SURFACE_STYLE_FILL_AREA ( #1314 ) ;
#1316 = SURFACE_SIDE_STYLE ('',( #1315 ) ) ;
#1317 = SURFACE_STYLE_USAGE ( .BOTH. , #1316 ) ;
#1318 = PRESENTATION_STYLE_ASSIGNMENT (( #1317 ) ) ;
#1319 = ORIENTED_EDGE ( 'NONE', *, *, #4727, .T. ) ;
#1320 = STYLED_ITEM ( 'NONE', ( #1318 ), #141 ) ;
#1321 = PRESENTATION_LAYER_ASSIGNMENT (  '', '', ( #1320 ) ) ;
#1322 = MECHANICAL_DESIGN_GEOMETRIC_PRESENTATION_REPRESENTATION (  '', ( #1320 ), #1327 ) ;
#1323 =( LENGTH_UNIT ( ) NAMED_UNIT ( * ) SI_UNIT ( .MILLI., .METRE. ) );
#1324 =( NAMED_UNIT ( * ) PLANE_ANGLE_UNIT ( ) SI_UNIT ( $, .RADIAN. ) );
#1325 =( NAMED_UNIT ( * ) SI_UNIT ( $, .STERADIAN. ) SOLID_ANGLE_UNIT ( ) );
#1326 = UNCERTAINTY_MEASURE_WITH_UNIT (LENGTH_MEASURE( 1.000000000000000100E-005 ), #1323, 'distance_accuracy_value', 'NONE');
#1327 =( GEOMETRIC_REPRESENTATION_CONTEXT ( 3 ) GLOBAL_UNCERTAINTY_ASSIGNED_CONTEXT ( ( #1326 ) ) GLOBAL_UNIT_ASSIGNED_CONTEXT ( ( #1323, #1324, #1325 ) ) REPRESENTATION_CONTEXT ( 'NONE', 'WORKASPACE' ) );
#1328 = PLANE ( 'NONE',  #1329 ) ;
#1329 = AXIS2_PLACEMENT_3D ( 'NONE', #1330, #1331, #1332 ) ;
#1330 = CARTESIAN_POINT ( 'NONE',  ( 0.9700000000000000800, 2.398528137423854700, 0.5999999999999999800 ) ) ;
#1331 = DIRECTION ( 'NONE',  ( 1.000000000000000000, 0.0000000000000000000, 0.0000000000000000000 ) ) ;
#1332 = DIRECTION ( 'NONE',  ( 0.0000000000000000000, 0.0000000000000000000, -1.000000000000000000 ) ) ;
#1333 = LINE ( 'NONE', #1334, #1335 ) ;
#1334 = CARTESIAN_POINT ( 'NONE',  ( -0.5000000000000000000, 1.550000000000000000, -1.450000000000000000 ) ) ;
#1335 = VECTOR ( 'NONE', #1337, 1000.000000000000000 ) ;
#1336 = ORIENTED_EDGE ( 'NONE', *, *, #679, .F. ) ;
#1337 = DIRECTION ( 'NONE',  ( 1.000000000000000000, 0.0000000000000000000, 0.0000000000000000000 ) ) ;
#1338 = CARTESIAN_POINT ( 'NONE',  ( 4.360000000000000300, 1.450000000000000000, 2.250000000000000000 ) ) ;
#1339 = LINE ( 'NONE', #1340, #1341 ) ;
#1340 = CARTESIAN_POINT ( 'NONE',  ( 0.2999999999999999900, 2.398528137423854700, 0.5999999999999999800 ) ) ;
#1341 = VECTOR ( 'NONE', #1342, 1000.000000000000000 ) ;
#1342 = DIRECTION ( 'NONE',  ( 0.0000000000000000000, -1.000000000000000000, 0.0000000000000000000 ) ) ;
#1343 = CARTESIAN_POINT ( 'NONE',  ( -0.8000000000000000400, 1.550000000000000000, -1.750000000000000000 ) ) ;
#1344 = CARTESIAN_POINT ( 'NONE',  ( -0.5000000000000000000, 1.550000000000000000, 1.450000000000000000 ) ) ;
#1345 = LINE ( 'NONE', #1346, #1347 ) ;
#1346 = CARTESIAN_POINT ( 'NONE',  ( 0.7699999999999999100, 1.550000000000000000, 1.450000000000000000 ) ) ;
#1347 = VECTOR ( 'NONE', #1348, 1000.000000000000000 ) ;
#1348 = DIRECTION ( 'NONE',  ( 1.000000000000000000, 0.0000000000000000000, 0.0000000000000000000 ) ) ;
#1349 = CARTESIAN_POINT ( 'NONE',  ( -0.5500000000000000400, 1.550000000000000000, -2.000000000000000000 ) ) ;
#1350 = LINE ( 'NONE', #1351, #1352 ) ;
#1351 = CARTESIAN_POINT ( 'NONE',  ( -1.250000000000000000, 1.550000000000000000, 2.250000000000000000 ) ) ;
#1352 = VECTOR ( 'NONE', #1353, 1000.000000000000000 ) ;
#1353 = DIRECTION ( 'NONE',  ( 1.000000000000000000, 0.0000000000000000000, 0.0000000000000000000 ) ) ;
#1354 = LINE ( 'NONE', #1355, #1356 ) ;
#1355 = CARTESIAN_POINT ( 'NONE',  ( 0.2250000000000000100, 0.5400000000000000400, -2.250000000000000000 ) ) ;
#1356 = VECTOR ( 'NONE', #1357, 1000.000000000000000 ) ;
#1357 = DIRECTION ( 'NONE',  ( -1.000000000000000000, 0.0000000000000000000, 0.0000000000000000000 ) ) ;
#1358 = LINE ( 'NONE', #1359, #1360 ) ;
#1359 = CARTESIAN_POINT ( 'NONE',  ( 4.035000000000000100, 0.5400000000000000400, 2.250000000000000000 ) ) ;
#1360 = VECTOR ( 'NONE', #1361, 1000.000000000000000 ) ;
#1361 = DIRECTION ( 'NONE',  ( -1.000000000000000000, 0.0000000000000000000, 0.0000000000000000000 ) ) ;
#1362 = LINE ( 'NONE', #1363, #1364 ) ;
#1363 = CARTESIAN_POINT ( 'NONE',  ( 4.859999999999999400, 1.550000000000000000, 2.250000000000000000 ) ) ;
#1364 = VECTOR ( 'NONE', #1365, 1000.000000000000000 ) ;
#1365 = DIRECTION ( 'NONE',  ( 0.0000000000000000000, 0.0000000000000000000, -1.000000000000000000 ) ) ;
#1366 = LINE ( 'NONE', #1367, #1368 ) ;
#1367 = CARTESIAN_POINT ( 'NONE',  ( 2.040000000000000000, 1.550000000000000000, -1.450000000000000000 ) ) ;
#1368 = VECTOR ( 'NONE', #1371, 1000.000000000000000 ) ;
#1369 = EDGE_CURVE ( 'NONE', #2541, #768, #3326, .T. ) ;
#1370 = ORIENTED_EDGE ( 'NONE', *, *, #4594, .T. ) ;
#1371 = DIRECTION ( 'NONE',  ( 1.000000000000000000, 0.0000000000000000000, 0.0000000000000000000 ) ) ;
#1372 = LINE ( 'NONE', #1373, #1374 ) ;
#1373 = CARTESIAN_POINT ( 'NONE',  ( 2.765000000000000100, 0.5400000000000000400, 2.250000000000000000 ) ) ;
#1374 = VECTOR ( 'NONE', #1375, 1000.000000000000000 ) ;
#1375 = DIRECTION ( 'NONE',  ( -1.000000000000000000, 0.0000000000000000000, 0.0000000000000000000 ) ) ;
#1376 = FACE_OUTER_BOUND ( 'NONE', #552, .T. ) ;
#1377 = PLANE ( 'NONE',  #1378 ) ;
#1378 = AXIS2_PLACEMENT_3D ( 'NONE', #1379, #1380, #1381 ) ;
#1379 = CARTESIAN_POINT ( 'NONE',  ( 1.495000000000000100, 0.5400000000000000400, -2.870000000000000100 ) ) ;
#1380 = DIRECTION ( 'NONE',  ( 0.0000000000000000000, -3.097720492815730200E-015, -1.000000000000000000 ) ) ;
#1381 = DIRECTION ( 'NONE',  ( 0.0000000000000000000, 1.000000000000000000, -3.097720492815730200E-015 ) ) ;
#1382 = CARTESIAN_POINT ( 'NONE',  ( -1.250000000000000000, 0.1000000000000000100, -2.250000000000000000 ) ) ;
#1383 = LINE ( 'NONE', #1384, #1385 ) ;
#1384 = CARTESIAN_POINT ( 'NONE',  ( 0.2250000000000000100, 0.5400000000000000400, 2.250000000000000000 ) ) ;
#1385 = VECTOR ( 'NONE', #1386, 1000.000000000000000 ) ;
#1386 = DIRECTION ( 'NONE',  ( 0.0000000000000000000, -1.748713181428220000E-016, 1.000000000000000000 ) ) ;
#1387 = LINE ( 'NONE', #1388, #1389 ) ;
#1388 = CARTESIAN_POINT ( 'NONE',  ( 2.765000000000000100, 0.5400000000000000400, 2.250000000000000000 ) ) ;
#1389 = VECTOR ( 'NONE', #1390, 1000.000000000000000 ) ;
#1390 = DIRECTION ( 'NONE',  ( 0.0000000000000000000, 1.000000000000000000, 0.0000000000000000000 ) ) ;
#1391 = CARTESIAN_POINT ( 'NONE',  ( 1.495000000000000100, 0.4200000000000000400, 2.750000000000000000 ) ) ;
#1392 = LINE ( 'NONE', #1393, #1394 ) ;
#1393 = CARTESIAN_POINT ( 'NONE',  ( -1.250000000000000000, 0.1000000000000000100, -2.250000000000000000 ) ) ;
#1394 = VECTOR ( 'NONE', #1395, 1000.000000000000000 ) ;
#1395 = DIRECTION ( 'NONE',  ( -1.927470528863119800E-016, 0.0000000000000000000, 1.000000000000000000 ) ) ;
#1396 = CARTESIAN_POINT ( 'NONE',  ( -0.2999999999999999900, 1.250000000000000000, 0.5999999999999999800 ) ) ;
#1397 = CARTESIAN_POINT ( 'NONE',  ( 4.110000000000000300, 1.250000000000000000, 1.199999999999982000 ) ) ;
#1398 = FACE_OUTER_BOUND ( 'NONE', #584, .T. ) ;
#1399 = PLANE ( 'NONE',  #1400 ) ;
#1400 = AXIS2_PLACEMENT_3D ( 'NONE', #1401, #1402, #1404 ) ;
#1401 = CARTESIAN_POINT ( 'NONE',  ( 2.765000000000000100, 3.673819061467100000E-018, 2.750000000000000000 ) ) ;
#1402 = DIRECTION ( 'NONE',  ( 0.0000000000000000000, 1.000000000000000000, -3.905205875111750200E-017 ) ) ;
#1403 = ORIENTED_EDGE ( 'NONE', *, *, #565, .T. ) ;
#1404 = DIRECTION ( 'NONE',  ( 0.0000000000000000000, 3.905205875111750200E-017, 1.000000000000000000 ) ) ;
#1405 = FACE_OUTER_BOUND ( 'NONE', #929, .T. ) ;
#1406 = PLANE ( 'NONE',  #1407 ) ;
#1407 = AXIS2_PLACEMENT_3D ( 'NONE', #1408, #1409, #1410 ) ;
#1408 = CARTESIAN_POINT ( 'NONE',  ( 0.2250000000000000100, 3.673819061467100000E-018, 2.750000000000000000 ) ) ;
#1409 = DIRECTION ( 'NONE',  ( 0.0000000000000000000, 1.000000000000000000, -3.905205875111750200E-017 ) ) ;
#1410 = DIRECTION ( 'NONE',  ( 0.0000000000000000000, 3.905205875111750200E-017, 1.000000000000000000 ) ) ;
#1411 = LINE ( 'NONE', #1412, #1413 ) ;
#1412 = CARTESIAN_POINT ( 'NONE',  ( 0.7699999999999999100, 1.550000000000000000, -1.450000000000000000 ) ) ;
#1413 = VECTOR ( 'NONE', #1414, 1000.000000000000000 ) ;
#1414 = DIRECTION ( 'NONE',  ( 1.000000000000000000, 0.0000000000000000000, 0.0000000000000000000 ) ) ;
#1415 = CARTESIAN_POINT ( 'NONE',  ( 4.360000000000000300, 1.550000000000000000, -2.000000000000000000 ) ) ;
#1416 = LINE ( 'NONE', #1417, #1418 ) ;
#1417 = CARTESIAN_POINT ( 'NONE',  ( 2.314999999999999900, 0.4200000000000000400, 2.250000000000000000 ) ) ;
#1418 = VECTOR ( 'NONE', #1419, 1000.000000000000000 ) ;
#1419 = DIRECTION ( 'NONE',  ( 0.0000000000000000000, 1.084202172485495800E-016, -1.000000000000000000 ) ) ;
#1420 = LINE ( 'NONE', #1421, #1422 ) ;
#1421 = CARTESIAN_POINT ( 'NONE',  ( 1.495000000000000100, 0.5400000000000000400, -2.250000000000000000 ) ) ;
#1422 = VECTOR ( 'NONE', #1423, 1000.000000000000000 ) ;
#1423 = DIRECTION ( 'NONE',  ( 0.0000000000000000000, 1.000000000000000000, 0.0000000000000000000 ) ) ;
#1424 = CARTESIAN_POINT ( 'NONE',  ( -1.250000000000000000, 1.550000000000000000, -2.250000000000000000 ) ) ;
#1425 = FACE_OUTER_BOUND ( 'NONE', #581, .T. ) ;
#1426 = PLANE ( 'NONE',  #1427 ) ;
#1427 = AXIS2_PLACEMENT_3D ( 'NONE', #1428, #1429, #1430 ) ;
#1428 = CARTESIAN_POINT ( 'NONE',  ( 3.585000000000000000, -1.585221031409174900E-017, -2.250000000000000000 ) ) ;
#1429 = DIRECTION ( 'NONE',  ( -1.000000000000000000, 0.0000000000000000000, 0.0000000000000000000 ) ) ;
#1430 = DIRECTION ( 'NONE',  ( 0.0000000000000000000, 0.0000000000000000000, -1.000000000000000000 ) ) ;
#1431 = LINE ( 'NONE', #1432, #1433 ) ;
#1432 = CARTESIAN_POINT ( 'NONE',  ( 0.5000000000000000000, 1.550000000000000000, -1.450000000000000000 ) ) ;
#1433 = VECTOR ( 'NONE', #1434, 1000.000000000000000 ) ;
#1434 = DIRECTION ( 'NONE',  ( 0.0000000000000000000, 1.000000000000000000, 7.228014483236690600E-016 ) ) ;
#1435 = FACE_OUTER_BOUND ( 'NONE', #1102, .T. ) ;
#1436 = COLOUR_RGB ( '',1.000000000000000000, 1.000000000000000000, 1.000000000000000000 ) ;
#1437 = FILL_AREA_STYLE_COLOUR ( '', #1436 ) ;
#1438 = FILL_AREA_STYLE ('',( #1437 ) ) ;
#1439 = SURFACE_STYLE_FILL_AREA ( #1438 ) ;
#1440 = SURFACE_SIDE_STYLE ('',( #1439 ) ) ;
#1441 = SURFACE_STYLE_USAGE ( .BOTH. , #1440 ) ;
#1442 = PRESENTATION_STYLE_ASSIGNMENT (( #1441 ) ) ;
#1443 = STYLED_ITEM ( 'NONE', ( #1442 ), #191 ) ;
#1444 = PRESENTATION_LAYER_ASSIGNMENT (  '', '', ( #1443 ) ) ;
#1445 = MECHANICAL_DESIGN_GEOMETRIC_PRESENTATION_REPRESENTATION (  '', ( #1443 ), #1450 ) ;
#1446 =( LENGTH_UNIT ( ) NAMED_UNIT ( * ) SI_UNIT ( .MILLI., .METRE. ) );
#1447 =( NAMED_UNIT ( * ) PLANE_ANGLE_UNIT ( ) SI_UNIT ( $, .RADIAN. ) );
#1448 =( NAMED_UNIT ( * ) SI_UNIT ( $, .STERADIAN. ) SOLID_ANGLE_UNIT ( ) );
#1449 = UNCERTAINTY_MEASURE_WITH_UNIT (LENGTH_MEASURE( 1.000000000000000100E-005 ), #1446, 'distance_accuracy_value', 'NONE');
#1450 =( GEOMETRIC_REPRESENTATION_CONTEXT ( 3 ) GLOBAL_UNCERTAINTY_ASSIGNED_CONTEXT ( ( #1449 ) ) GLOBAL_UNIT_ASSIGNED_CONTEXT ( ( #1446, #1447, #1448 ) ) REPRESENTATION_CONTEXT ( 'NONE', 'WORKASPACE' ) );
#1451 = PLANE ( 'NONE',  #1454 ) ;
#1452 = VERTEX_POINT ( 'NONE', #3346 ) ;
#1453 = ORIENTED_EDGE ( 'NONE', *, *, #1721, .F. ) ;
#1454 = AXIS2_PLACEMENT_3D ( 'NONE', #1455, #1456, #1457 ) ;
#1455 = CARTESIAN_POINT ( 'NONE',  ( 2.239999999999999800, 2.398528137423854700, 0.5999999999999889900 ) ) ;
#1456 = DIRECTION ( 'NONE',  ( 1.000000000000000000, 0.0000000000000000000, 0.0000000000000000000 ) ) ;
#1457 = DIRECTION ( 'NONE',  ( 0.0000000000000000000, 0.0000000000000000000, -1.000000000000000000 ) ) ;
#1458 = LINE ( 'NONE', #1459, #1460 ) ;
#1459 = CARTESIAN_POINT ( 'NONE',  ( 2.765000000000000100, 0.5400000000000000400, -2.870000000000000100 ) ) ;
#1460 = VECTOR ( 'NONE', #1461, 1000.000000000000000 ) ;
#1461 = DIRECTION ( 'NONE',  ( 0.0000000000000000000, -1.000000000000000000, 3.097720492815730200E-015 ) ) ;
#1462 = CARTESIAN_POINT ( 'NONE',  ( 2.765000000000000100, 0.4200000000000000400, 2.250000000000000000 ) ) ;
#1463 = LINE ( 'NONE', #1464, #1465 ) ;
#1464 = CARTESIAN_POINT ( 'NONE',  ( 4.859999999999999400, 1.450000000000000000, -2.250000000000000000 ) ) ;
#1465 = VECTOR ( 'NONE', #1466, 1000.000000000000000 ) ;
#1466 = DIRECTION ( 'NONE',  ( 0.0000000000000000000, 0.0000000000000000000, -1.000000000000000000 ) ) ;
#1467 = FACE_OUTER_BOUND ( 'NONE', #4921, .T. ) ;
#1468 = PLANE ( 'NONE',  #1469 ) ;
#1469 = AXIS2_PLACEMENT_3D ( 'NONE', #1470, #1471, #1472 ) ;
#1470 = CARTESIAN_POINT ( 'NONE',  ( 1.495000000000000100, 0.1200000000000000100, 3.350000000000000100 ) ) ;
#1471 = DIRECTION ( 'NONE',  ( 0.0000000000000000000, 0.0000000000000000000, -1.000000000000000000 ) ) ;
#1472 = DIRECTION ( 'NONE',  ( -1.000000000000000000, 0.0000000000000000000, 0.0000000000000000000 ) ) ;
#1473 = LINE ( 'NONE', #1474, #1475 ) ;
#1474 = CARTESIAN_POINT ( 'NONE',  ( -1.250000000000000000, 1.550000000000000000, -2.250000000000000000 ) ) ;
#1475 = VECTOR ( 'NONE', #1476, 1000.000000000000000 ) ;
#1476 = DIRECTION ( 'NONE',  ( 0.0000000000000000000, -1.000000000000000000, 0.0000000000000000000 ) ) ;
#1477 = CARTESIAN_POINT ( 'NONE',  ( 4.035000000000000100, 0.5400000000000000400, -2.250000000000000000 ) ) ;
#1478 = LINE ( 'NONE', #1479, #1480 ) ;
#1479 = CARTESIAN_POINT ( 'NONE',  ( 4.309999999999999600, 1.250000000000000000, -1.450000000000000000 ) ) ;
#1480 = VECTOR ( 'NONE', #1481, 1000.000000000000000 ) ;
#1481 = DIRECTION ( 'NONE',  ( 0.0000000000000000000, 0.0000000000000000000, -1.000000000000000000 ) ) ;
#1482 = LINE ( 'NONE', #1483, #1484 ) ;
#1483 = CARTESIAN_POINT ( 'NONE',  ( 1.495000000000000100, 0.5400000000000000400, 2.250000000000000000 ) ) ;
#1484 = VECTOR ( 'NONE', #1485, 1000.000000000000000 ) ;
#1485 = DIRECTION ( 'NONE',  ( 0.0000000000000000000, 1.000000000000000000, 0.0000000000000000000 ) ) ;
#1486 = CARTESIAN_POINT ( 'NONE',  ( 2.314999999999999900, 0.1200000000000000100, -2.870000000000000100 ) ) ;
#1487 = FACE_OUTER_BOUND ( 'NONE', #4870, .T. ) ;
#1488 = PLANE ( 'NONE',  #1489 ) ;
#1489 = AXIS2_PLACEMENT_3D ( 'NONE', #1490, #1491, #1492 ) ;
#1490 = CARTESIAN_POINT ( 'NONE',  ( 1.495000000000000100, 0.5400000000000000400, 2.250000000000000000 ) ) ;
#1491 = DIRECTION ( 'NONE',  ( 0.0000000000000000000, -1.000000000000000000, -1.748713181428220000E-016 ) ) ;
#1492 = DIRECTION ( 'NONE',  ( 0.0000000000000000000, 1.748713181428220000E-016, -1.000000000000000000 ) ) ;
#1493 = LINE ( 'NONE', #1494, #1495 ) ;
#1494 = CARTESIAN_POINT ( 'NONE',  ( 0.9700000000000000800, 1.250000000000000000, 1.200000000000000000 ) ) ;
#1495 = VECTOR ( 'NONE', #1496, 1000.000000000000000 ) ;
#1496 = DIRECTION ( 'NONE',  ( 1.000000000000000000, 0.0000000000000000000, 0.0000000000000000000 ) ) ;
#1497 = LINE ( 'NONE', #1498, #1499 ) ;
#1498 = CARTESIAN_POINT ( 'NONE',  ( 1.495000000000000100, 0.4200000000000000400, -2.250000000000000000 ) ) ;
#1499 = VECTOR ( 'NONE', #1500, 1000.000000000000000 ) ;
#1500 = DIRECTION ( 'NONE',  ( 0.0000000000000000000, 1.084202172485495800E-016, 1.000000000000000000 ) ) ;
#1501 = CARTESIAN_POINT ( 'NONE',  ( 3.585000000000000000, 0.5400000000000000400, -2.250000000000000000 ) ) ;
#1502 = EDGE_CURVE ( 'NONE', #530, #1754, #3370, .T. ) ;
#1503 = VERTEX_POINT ( 'NONE', #3392 ) ;
#1504 = LINE ( 'NONE', #1505, #1506 ) ;
#1505 = CARTESIAN_POINT ( 'NONE',  ( -0.5500000000000000400, 1.550000000000000000, 2.250000000000000000 ) ) ;
#1506 = VECTOR ( 'NONE', #1507, 1000.000000000000000 ) ;
#1507 = DIRECTION ( 'NONE',  ( -4.336808689942030100E-016, 0.0000000000000000000, -1.000000000000000000 ) ) ;
#1508 = LINE ( 'NONE', #1509, #1510 ) ;
#1509 = CARTESIAN_POINT ( 'NONE',  ( 1.495000000000000100, 0.1200000000000000100, -2.870000000000000100 ) ) ;
#1510 = VECTOR ( 'NONE', #1511, 1000.000000000000000 ) ;
#1511 = DIRECTION ( 'NONE',  ( -1.000000000000000000, 0.0000000000000000000, 0.0000000000000000000 ) ) ;
#1512 = FACE_OUTER_BOUND ( 'NONE', #4608, .T. ) ;
#1513 = COLOUR_RGB ( '',0.0000000000000000000, 0.0000000000000000000, 0.0000000000000000000 ) ;
#1514 = FILL_AREA_STYLE_COLOUR ( '', #1513 ) ;
#1515 = FILL_AREA_STYLE ('',( #1514 ) ) ;
#1516 = SURFACE_STYLE_FILL_AREA ( #1515 ) ;
#1517 = SURFACE_SIDE_STYLE ('',( #1516 ) ) ;
#1518 = SURFACE_STYLE_USAGE ( .BOTH. , #1517 ) ;
#1519 = PRESENTATION_STYLE_ASSIGNMENT (( #1518 ) ) ;
#1520 = ORIENTED_EDGE ( 'NONE', *, *, #1788, .F. ) ;
#1521 = STYLED_ITEM ( 'NONE', ( #1519 ), #216 ) ;
#1522 = PRESENTATION_LAYER_ASSIGNMENT (  '', '', ( #1521 ) ) ;
#1523 = MECHANICAL_DESIGN_GEOMETRIC_PRESENTATION_REPRESENTATION (  '', ( #1521 ), #1528 ) ;
#1524 =( LENGTH_UNIT ( ) NAMED_UNIT ( * ) SI_UNIT ( .MILLI., .METRE. ) );
#1525 =( NAMED_UNIT ( * ) PLANE_ANGLE_UNIT ( ) SI_UNIT ( $, .RADIAN. ) );
#1526 =( NAMED_UNIT ( * ) SI_UNIT ( $, .STERADIAN. ) SOLID_ANGLE_UNIT ( ) );
#1527 = UNCERTAINTY_MEASURE_WITH_UNIT (LENGTH_MEASURE( 1.000000000000000100E-005 ), #1524, 'distance_accuracy_value', 'NONE');
#1528 =( GEOMETRIC_REPRESENTATION_CONTEXT ( 3 ) GLOBAL_UNCERTAINTY_ASSIGNED_CONTEXT ( ( #1527 ) ) GLOBAL_UNIT_ASSIGNED_CONTEXT ( ( #1524, #1525, #1526 ) ) REPRESENTATION_CONTEXT ( 'NONE', 'WORKASPACE' ) );
#1529 = PLANE ( 'NONE',  #1530 ) ;
#1530 = AXIS2_PLACEMENT_3D ( 'NONE', #1531, #1532, #1533 ) ;
#1531 = CARTESIAN_POINT ( 'NONE',  ( 5.060000000000000500, 1.550000000000000000, -2.250000000000000000 ) ) ;
#1532 = DIRECTION ( 'NONE',  ( -1.000000000000000000, 0.0000000000000000000, 1.927470528863119800E-016 ) ) ;
#1533 = DIRECTION ( 'NONE',  ( 1.927470528863119800E-016, 0.0000000000000000000, 1.000000000000000000 ) ) ;
#1534 = LINE ( 'NONE', #1535, #1536 ) ;
#1535 = CARTESIAN_POINT ( 'NONE',  ( -1.050000000000000000, 1.450000000000000000, -2.250000000000000000 ) ) ;
#1536 = VECTOR ( 'NONE', #1539, 1000.000000000000000 ) ;
#1537 = ORIENTED_EDGE ( 'NONE', *, *, #4731, .T. ) ;
#1538 = ORIENTED_EDGE ( 'NONE', *, *, #2653, .F. ) ;
#1539 = DIRECTION ( 'NONE',  ( 0.0000000000000000000, 0.0000000000000000000, 1.000000000000000000 ) ) ;
#1540 = CARTESIAN_POINT ( 'NONE',  ( 2.040000000000000000, 1.550000000000000000, -1.450000000000000000 ) ) ;
#1541 = LINE ( 'NONE', #1542, #1543 ) ;
#1542 = CARTESIAN_POINT ( 'NONE',  ( 0.2250000000000000100, 0.4200000000000000400, 2.750000000000000000 ) ) ;
#1543 = VECTOR ( 'NONE', #1544, 1000.000000000000000 ) ;
#1544 = DIRECTION ( 'NONE',  ( -1.000000000000000000, 0.0000000000000000000, 0.0000000000000000000 ) ) ;
#1545 = LINE ( 'NONE', #1546, #1547 ) ;
#1546 = CARTESIAN_POINT ( 'NONE',  ( -0.2250000000000000100, 0.5400000000000000400, 2.250000000000000000 ) ) ;
#1547 = VECTOR ( 'NONE', #1548, 1000.000000000000000 ) ;
#1548 = DIRECTION ( 'NONE',  ( 0.0000000000000000000, 1.000000000000000000, 0.0000000000000000000 ) ) ;
#1549 = LINE ( 'NONE', #1550, #1551 ) ;
#1550 = CARTESIAN_POINT ( 'NONE',  ( 4.360000000000000300, 1.550000000000000000, 2.250000000000000000 ) ) ;
#1551 = VECTOR ( 'NONE', #1552, 1000.000000000000000 ) ;
#1552 = DIRECTION ( 'NONE',  ( 0.0000000000000000000, 0.0000000000000000000, 1.000000000000000000 ) ) ;
#1553 = FACE_OUTER_BOUND ( 'NONE', #3799, .T. ) ;
#1554 = COLOUR_RGB ( '',1.000000000000000000, 1.000000000000000000, 1.000000000000000000 ) ;
#1555 = VERTEX_POINT ( 'NONE', #3403 ) ;
#1556 = FILL_AREA_STYLE_COLOUR ( '', #1554 ) ;
#1557 = FILL_AREA_STYLE ('',( #1556 ) ) ;
#1558 = SURFACE_STYLE_FILL_AREA ( #1557 ) ;
#1559 = SURFACE_SIDE_STYLE ('',( #1558 ) ) ;
#1560 = SURFACE_STYLE_USAGE ( .BOTH. , #1559 ) ;
#1561 = PRESENTATION_STYLE_ASSIGNMENT (( #1560 ) ) ;
#1562 = STYLED_ITEM ( 'NONE', ( #1561 ), #3649 ) ;
#1563 = PRESENTATION_LAYER_ASSIGNMENT (  '', '', ( #1562 ) ) ;
#1564 = MECHANICAL_DESIGN_GEOMETRIC_PRESENTATION_REPRESENTATION (  '', ( #1562 ), #1569 ) ;
#1565 =( LENGTH_UNIT ( ) NAMED_UNIT ( * ) SI_UNIT ( .MILLI., .METRE. ) );
#1566 =( NAMED_UNIT ( * ) PLANE_ANGLE_UNIT ( ) SI_UNIT ( $, .RADIAN. ) );
#1567 =( NAMED_UNIT ( * ) SI_UNIT ( $, .STERADIAN. ) SOLID_ANGLE_UNIT ( ) );
#1568 = UNCERTAINTY_MEASURE_WITH_UNIT (LENGTH_MEASURE( 1.000000000000000100E-005 ), #1565, 'distance_accuracy_value', 'NONE');
#1569 =( GEOMETRIC_REPRESENTATION_CONTEXT ( 3 ) GLOBAL_UNCERTAINTY_ASSIGNED_CONTEXT ( ( #1568 ) ) GLOBAL_UNIT_ASSIGNED_CONTEXT ( ( #1565, #1566, #1567 ) ) REPRESENTATION_CONTEXT ( 'NONE', 'WORKASPACE' ) );
#1570 = PLANE ( 'NONE',  #1571 ) ;
#1571 = AXIS2_PLACEMENT_3D ( 'NONE', #1573, #1574, #1575 ) ;
#1572 = EDGE_CURVE ( 'NONE', #1754, #4153, #3408, .T. ) ;
#1573 = CARTESIAN_POINT ( 'NONE',  ( 0.9700000000000000800, 2.398528137423854700, 0.5999999999999999800 ) ) ;
#1574 = DIRECTION ( 'NONE',  ( 0.0000000000000000000, 0.0000000000000000000, 1.000000000000000000 ) ) ;
#1575 = DIRECTION ( 'NONE',  ( 1.000000000000000000, 0.0000000000000000000, 0.0000000000000000000 ) ) ;
#1576 = LINE ( 'NONE', #1577, #1578 ) ;
#1577 = CARTESIAN_POINT ( 'NONE',  ( 4.859999999999999400, 1.450000000000000000, -2.250000000000000000 ) ) ;
#1578 = VECTOR ( 'NONE', #1579, 1000.000000000000000 ) ;
#1579 = DIRECTION ( 'NONE',  ( 0.0000000000000000000, 1.000000000000000000, 0.0000000000000000000 ) ) ;
#1580 = FACE_OUTER_BOUND ( 'NONE', #548, .T. ) ;
#1581 = PLANE ( 'NONE',  #1582 ) ;
#1582 = AXIS2_PLACEMENT_3D ( 'NONE', #1583, #1584, #1585 ) ;
#1583 = CARTESIAN_POINT ( 'NONE',  ( 4.035000000000000100, 0.1200000000000000100, -2.870000000000000100 ) ) ;
#1584 = DIRECTION ( 'NONE',  ( 0.0000000000000000000, 1.000000000000000000, -1.411721578757169900E-016 ) ) ;
#1585 = DIRECTION ( 'NONE',  ( 0.0000000000000000000, 1.411721578757169900E-016, 1.000000000000000000 ) ) ;
#1586 = LINE ( 'NONE', #1587, #1588 ) ;
#1587 = CARTESIAN_POINT ( 'NONE',  ( 1.495000000000000100, 0.1200000000000000100, 2.870000000000000100 ) ) ;
#1588 = VECTOR ( 'NONE', #1589, 1000.000000000000000 ) ;
#1589 = DIRECTION ( 'NONE',  ( 0.0000000000000000000, -1.411721578757169900E-016, 1.000000000000000000 ) ) ;
#1590 = FACE_OUTER_BOUND ( 'NONE', #610, .T. ) ;
#1591 = PLANE ( 'NONE',  #1592 ) ;
#1592 = AXIS2_PLACEMENT_3D ( 'NONE', #1593, #1594, #1595 ) ;
#1593 = CARTESIAN_POINT ( 'NONE',  ( 2.765000000000000100, 0.5400000000000000400, -2.870000000000000100 ) ) ;
#1594 = DIRECTION ( 'NONE',  ( 0.0000000000000000000, -3.097720492815730200E-015, -1.000000000000000000 ) ) ;
#1595 = DIRECTION ( 'NONE',  ( 0.0000000000000000000, 1.000000000000000000, -3.097720492815730200E-015 ) ) ;
#1596 = FACE_OUTER_BOUND ( 'NONE', #2274, .T. ) ;
#1597 = PLANE ( 'NONE',  #1598 ) ;
#1598 = AXIS2_PLACEMENT_3D ( 'NONE', #1599, #1600, #1601 ) ;
#1599 = CARTESIAN_POINT ( 'NONE',  ( 4.035000000000000100, 0.1200000000000000100, 3.350000000000000100 ) ) ;
#1600 = DIRECTION ( 'NONE',  ( 0.0000000000000000000, 0.0000000000000000000, -1.000000000000000000 ) ) ;
#1601 = DIRECTION ( 'NONE',  ( -1.000000000000000000, 0.0000000000000000000, 0.0000000000000000000 ) ) ;
#1602 = LINE ( 'NONE', #1603, #1604 ) ;
#1603 = CARTESIAN_POINT ( 'NONE',  ( 0.9700000000000000800, 2.398528137423854700, 1.200000000000000000 ) ) ;
#1604 = VECTOR ( 'NONE', #1605, 1000.000000000000000 ) ;
#1605 = DIRECTION ( 'NONE',  ( 0.0000000000000000000, -1.000000000000000000, 0.0000000000000000000 ) ) ;
#1606 = LINE ( 'NONE', #1607, #1608 ) ;
#1607 = CARTESIAN_POINT ( 'NONE',  ( 4.035000000000000100, 0.5400000000000000400, 2.250000000000000000 ) ) ;
#1608 = VECTOR ( 'NONE', #1609, 1000.000000000000000 ) ;
#1609 = DIRECTION ( 'NONE',  ( 0.0000000000000000000, -1.748713181428220000E-016, 1.000000000000000000 ) ) ;
#1610 = CARTESIAN_POINT ( 'NONE',  ( 1.495000000000000100, 0.1200000000000000100, 3.350000000000000100 ) ) ;
#1611 = CARTESIAN_POINT ( 'NONE',  ( 5.060000000000000500, 1.550000000000000000, 2.250000000000000000 ) ) ;
#1612 = LINE ( 'NONE', #1613, #1614 ) ;
#1613 = CARTESIAN_POINT ( 'NONE',  ( 2.765000000000000100, 0.1200000000000000100, -2.870000000000000100 ) ) ;
#1614 = VECTOR ( 'NONE', #1615, 1000.000000000000000 ) ;
#1615 = DIRECTION ( 'NONE',  ( 0.0000000000000000000, -1.411721578757169900E-016, -1.000000000000000000 ) ) ;
#1616 = FACE_OUTER_BOUND ( 'NONE', #4871, .T. ) ;
#1617 = COLOUR_RGB ( '',0.0000000000000000000, 0.0000000000000000000, 0.0000000000000000000 ) ;
#1618 = FILL_AREA_STYLE_COLOUR ( '', #1617 ) ;
#1619 = FILL_AREA_STYLE ('',( #1618 ) ) ;
#1620 = SURFACE_STYLE_FILL_AREA ( #1619 ) ;
#1621 = SURFACE_SIDE_STYLE ('',( #1620 ) ) ;
#1622 = SURFACE_STYLE_USAGE ( .BOTH. , #1621 ) ;
#1623 = PRESENTATION_STYLE_ASSIGNMENT (( #1622 ) ) ;
#1624 = STYLED_ITEM ( 'NONE', ( #1623 ), #4762 ) ;
#1625 = PRESENTATION_LAYER_ASSIGNMENT (  '', '', ( #1624 ) ) ;
#1626 = MECHANICAL_DESIGN_GEOMETRIC_PRESENTATION_REPRESENTATION (  '', ( #1624 ), #1631 ) ;
#1627 =( LENGTH_UNIT ( ) NAMED_UNIT ( * ) SI_UNIT ( .MILLI., .METRE. ) );
#1628 =( NAMED_UNIT ( * ) PLANE_ANGLE_UNIT ( ) SI_UNIT ( $, .RADIAN. ) );
#1629 =( NAMED_UNIT ( * ) SI_UNIT ( $, .STERADIAN. ) SOLID_ANGLE_UNIT ( ) );
#1630 = UNCERTAINTY_MEASURE_WITH_UNIT (LENGTH_MEASURE( 1.000000000000000100E-005 ), #1627, 'distance_accuracy_value', 'NONE');
#1631 =( GEOMETRIC_REPRESENTATION_CONTEXT ( 3 ) GLOBAL_UNCERTAINTY_ASSIGNED_CONTEXT ( ( #1630 ) ) GLOBAL_UNIT_ASSIGNED_CONTEXT ( ( #1627, #1628, #1629 ) ) REPRESENTATION_CONTEXT ( 'NONE', 'WORKASPACE' ) );
#1632 = PLANE ( 'NONE',  #1633 ) ;
#1633 = AXIS2_PLACEMENT_3D ( 'NONE', #1634, #1635, #1636 ) ;
#1634 = CARTESIAN_POINT ( 'NONE',  ( 4.360000000000000300, 1.450000000000000000, 2.250000000000000000 ) ) ;
#1635 = DIRECTION ( 'NONE',  ( -1.000000000000000000, 0.0000000000000000000, 0.0000000000000000000 ) ) ;
#1636 = DIRECTION ( 'NONE',  ( 0.0000000000000000000, 0.0000000000000000000, 1.000000000000000000 ) ) ;
#1637 = ORIENTED_EDGE ( 'NONE', *, *, #393, .T. ) ;
#1638 = ORIENTED_EDGE ( 'NONE', *, *, #1902, .T. ) ;
#1639 = LINE ( 'NONE', #1640, #1641 ) ;
#1640 = CARTESIAN_POINT ( 'NONE',  ( -0.2999999999999999900, 1.450000000000000000, 0.5999999999999999800 ) ) ;
#1641 = VECTOR ( 'NONE', #1642, 1000.000000000000000 ) ;
#1642 = DIRECTION ( 'NONE',  ( -1.000000000000000000, 0.0000000000000000000, 0.0000000000000000000 ) ) ;
#1643 = FACE_OUTER_BOUND ( 'NONE', #449, .T. ) ;
#1644 = PLANE ( 'NONE',  #1645 ) ;
#1645 = AXIS2_PLACEMENT_3D ( 'NONE', #1646, #1647, #1648 ) ;
#1646 = CARTESIAN_POINT ( 'NONE',  ( 4.035000000000000100, -1.585221031409174900E-017, 2.250000000000000000 ) ) ;
#1647 = DIRECTION ( 'NONE',  ( -1.000000000000000000, 0.0000000000000000000, 0.0000000000000000000 ) ) ;
#1648 = DIRECTION ( 'NONE',  ( 0.0000000000000000000, 0.0000000000000000000, 1.000000000000000000 ) ) ;
#1649 = CARTESIAN_POINT ( 'NONE',  ( 3.040000000000000000, 1.250000000000000000, 1.450000000000000000 ) ) ;
#1650 = FACE_OUTER_BOUND ( 'NONE', #499, .T. ) ;
#1651 = PLANE ( 'NONE',  #1652 ) ;
#1652 = AXIS2_PLACEMENT_3D ( 'NONE', #1653, #1654, #1656 ) ;
#1653 = CARTESIAN_POINT ( 'NONE',  ( 0.2250000000000000100, 0.4200000000000000400, 2.750000000000000000 ) ) ;
#1654 = DIRECTION ( 'NONE',  ( 0.0000000000000000000, -4.130293990420970500E-015, 1.000000000000000000 ) ) ;
#1655 = ORIENTED_EDGE ( 'NONE', *, *, #4809, .T. ) ;
#1656 = DIRECTION ( 'NONE',  ( 0.0000000000000000000, -1.000000000000000000, -4.130293990420970500E-015 ) ) ;
#1657 = FACE_OUTER_BOUND ( 'NONE', #121, .T. ) ;
#1658 = COLOUR_RGB ( '',0.0000000000000000000, 0.0000000000000000000, 0.0000000000000000000 ) ;
#1659 = FILL_AREA_STYLE_COLOUR ( '', #1658 ) ;
#1660 = FILL_AREA_STYLE ('',( #1659 ) ) ;
#1661 = SURFACE_STYLE_FILL_AREA ( #1660 ) ;
#1662 = SURFACE_SIDE_STYLE ('',( #1661 ) ) ;
#1663 = SURFACE_STYLE_USAGE ( .BOTH. , #1662 ) ;
#1664 = PRESENTATION_STYLE_ASSIGNMENT (( #1663 ) ) ;
#1665 = STYLED_ITEM ( 'NONE', ( #1664 ), #242 ) ;
#1666 = PRESENTATION_LAYER_ASSIGNMENT (  '', '', ( #1665 ) ) ;
#1667 = MECHANICAL_DESIGN_GEOMETRIC_PRESENTATION_REPRESENTATION (  '', ( #1665 ), #1672 ) ;
#1668 =( LENGTH_UNIT ( ) NAMED_UNIT ( * ) SI_UNIT ( .MILLI., .METRE. ) );
#1669 =( NAMED_UNIT ( * ) PLANE_ANGLE_UNIT ( ) SI_UNIT ( $, .RADIAN. ) );
#1670 =( NAMED_UNIT ( * ) SI_UNIT ( $, .STERADIAN. ) SOLID_ANGLE_UNIT ( ) );
#1671 = UNCERTAINTY_MEASURE_WITH_UNIT (LENGTH_MEASURE( 1.000000000000000100E-005 ), #1668, 'distance_accuracy_value', 'NONE');
#1672 =( GEOMETRIC_REPRESENTATION_CONTEXT ( 3 ) GLOBAL_UNCERTAINTY_ASSIGNED_CONTEXT ( ( #1671 ) ) GLOBAL_UNIT_ASSIGNED_CONTEXT ( ( #1668, #1669, #1670 ) ) REPRESENTATION_CONTEXT ( 'NONE', 'WORKASPACE' ) );
#1673 = CYLINDRICAL_SURFACE ( 'NONE', #1674, 0.2500000000000002200 ) ;
#1674 = AXIS2_PLACEMENT_3D ( 'NONE', #1675, #1676, #1677 ) ;
#1675 = CARTESIAN_POINT ( 'NONE',  ( 4.610000000000000300, 1.450000000000000000, 2.000000000000000000 ) ) ;
#1676 = DIRECTION ( 'NONE',  ( 0.0000000000000000000, 1.000000000000000000, 0.0000000000000000000 ) ) ;
#1677 = DIRECTION ( 'NONE',  ( 0.0000000000000000000, 0.0000000000000000000, 1.000000000000000000 ) ) ;
#1678 = LINE ( 'NONE', #1679, #1680 ) ;
#1679 = CARTESIAN_POINT ( 'NONE',  ( -0.2250000000000000100, 0.5400000000000000400, -2.870000000000000100 ) ) ;
#1680 = VECTOR ( 'NONE', #1681, 1000.000000000000000 ) ;
#1681 = DIRECTION ( 'NONE',  ( 0.0000000000000000000, -1.000000000000000000, 3.097720492815730200E-015 ) ) ;
#1682 = LINE ( 'NONE', #1683, #1684 ) ;
#1683 = CARTESIAN_POINT ( 'NONE',  ( -0.2999999999999999900, 1.450000000000000000, 1.200000000000000000 ) ) ;
#1684 = VECTOR ( 'NONE', #1685, 1000.000000000000000 ) ;
#1685 = DIRECTION ( 'NONE',  ( 1.000000000000000000, 0.0000000000000000000, 0.0000000000000000000 ) ) ;
#1686 = CARTESIAN_POINT ( 'NONE',  ( 0.2250000000000000100, 0.4200000000000000400, 2.750000000000000000 ) ) ;
#1687 = LINE ( 'NONE', #1688, #1689 ) ;
#1688 = CARTESIAN_POINT ( 'NONE',  ( 4.110000000000000300, 1.250000000000000000, 0.5999999999999828800 ) ) ;
#1689 = VECTOR ( 'NONE', #1690, 1000.000000000000000 ) ;
#1690 = DIRECTION ( 'NONE',  ( 0.0000000000000000000, 0.0000000000000000000, -1.000000000000000000 ) ) ;
#1691 = LINE ( 'NONE', #1692, #1693 ) ;
#1692 = CARTESIAN_POINT ( 'NONE',  ( -1.250000000000000000, 1.550000000000000000, -2.250000000000000000 ) ) ;
#1693 = VECTOR ( 'NONE', #1694, 1000.000000000000000 ) ;
#1694 = DIRECTION ( 'NONE',  ( -1.927470528863119800E-016, 0.0000000000000000000, 1.000000000000000000 ) ) ;
#1695 = FACE_OUTER_BOUND ( 'NONE', #4906, .T. ) ;
#1696 = PLANE ( 'NONE',  #1697 ) ;
#1697 = AXIS2_PLACEMENT_3D ( 'NONE', #1698, #1699, #1700 ) ;
#1698 = CARTESIAN_POINT ( 'NONE',  ( 1.495000000000000100, 0.1200000000000000100, -3.350000000000000100 ) ) ;
#1699 = DIRECTION ( 'NONE',  ( 0.0000000000000000000, 0.0000000000000000000, -1.000000000000000000 ) ) ;
#1700 = DIRECTION ( 'NONE',  ( -1.000000000000000000, 0.0000000000000000000, 0.0000000000000000000 ) ) ;
#1701 = LINE ( 'NONE', #1702, #1703 ) ;
#1702 = CARTESIAN_POINT ( 'NONE',  ( 2.314999999999999900, 3.673819061467100000E-018, -2.750000000000000000 ) ) ;
#1703 = VECTOR ( 'NONE', #1704, 1000.000000000000000 ) ;
#1704 = DIRECTION ( 'NONE',  ( 0.0000000000000000000, -3.905205875111755100E-017, 1.000000000000000000 ) ) ;
#1705 = CARTESIAN_POINT ( 'NONE',  ( 3.585000000000000000, 0.4200000000000000400, 2.750000000000000000 ) ) ;
#1706 = CARTESIAN_POINT ( 'NONE',  ( 1.495000000000000100, 0.1200000000000000100, -2.870000000000000100 ) ) ;
#1707 = CARTESIAN_POINT ( 'NONE',  ( 4.110000000000000300, 1.250000000000000000, 0.5999999999999828800 ) ) ;
#1708 = FACE_OUTER_BOUND ( 'NONE', #1755, .T. ) ;
#1709 = COLOUR_RGB ( '',0.0000000000000000000, 0.0000000000000000000, 0.0000000000000000000 ) ;
#1710 = FILL_AREA_STYLE_COLOUR ( '', #1709 ) ;
#1711 = FILL_AREA_STYLE ('',( #1710 ) ) ;
#1712 = SURFACE_STYLE_FILL_AREA ( #1711 ) ;
#1713 = SURFACE_SIDE_STYLE ('',( #1712 ) ) ;
#1714 = SURFACE_STYLE_USAGE ( .BOTH. , #1713 ) ;
#1715 = PRESENTATION_STYLE_ASSIGNMENT (( #1714 ) ) ;
#1716 = STYLED_ITEM ( 'NONE', ( #1715 ), #250 ) ;
#1717 = PRESENTATION_LAYER_ASSIGNMENT (  '', '', ( #1716 ) ) ;
#1718 = MECHANICAL_DESIGN_GEOMETRIC_PRESENTATION_REPRESENTATION (  '', ( #1716 ), #1725 ) ;
#1719 =( LENGTH_UNIT ( ) NAMED_UNIT ( * ) SI_UNIT ( .MILLI., .METRE. ) );
#1720 = ORIENTED_EDGE ( 'NONE', *, *, #4891, .T. ) ;
#1721 = EDGE_CURVE ( 'NONE', #469, #204, #3530, .T. ) ;
#1722 =( NAMED_UNIT ( * ) PLANE_ANGLE_UNIT ( ) SI_UNIT ( $, .RADIAN. ) );
#1723 =( NAMED_UNIT ( * ) SI_UNIT ( $, .STERADIAN. ) SOLID_ANGLE_UNIT ( ) );
#1724 = UNCERTAINTY_MEASURE_WITH_UNIT (LENGTH_MEASURE( 1.000000000000000100E-005 ), #1719, 'distance_accuracy_value', 'NONE');
#1725 =( GEOMETRIC_REPRESENTATION_CONTEXT ( 3 ) GLOBAL_UNCERTAINTY_ASSIGNED_CONTEXT ( ( #1724 ) ) GLOBAL_UNIT_ASSIGNED_CONTEXT ( ( #1719, #1722, #1723 ) ) REPRESENTATION_CONTEXT ( 'NONE', 'WORKASPACE' ) );
#1726 = PLANE ( 'NONE',  #1727 ) ;
#1727 = AXIS2_PLACEMENT_3D ( 'NONE', #1728, #1729, #1730 ) ;
#1728 = CARTESIAN_POINT ( 'NONE',  ( -0.5500000000000000400, 1.450000000000000000, -2.250000000000000000 ) ) ;
#1729 = DIRECTION ( 'NONE',  ( 1.000000000000000000, 0.0000000000000000000, 4.336808689942030100E-016 ) ) ;
#1730 = DIRECTION ( 'NONE',  ( 4.336808689942030100E-016, 0.0000000000000000000, -1.000000000000000000 ) ) ;
#1731 = LINE ( 'NONE', #1732, #1733 ) ;
#1732 = CARTESIAN_POINT ( 'NONE',  ( -0.2250000000000000100, 3.673819061467100000E-018, 2.750000000000000000 ) ) ;
#1733 = VECTOR ( 'NONE', #1734, 1000.000000000000000 ) ;
#1734 = DIRECTION ( 'NONE',  ( 0.0000000000000000000, -3.905205875111755100E-017, -1.000000000000000000 ) ) ;
#1735 = LINE ( 'NONE', #1736, #1737 ) ;
#1736 = CARTESIAN_POINT ( 'NONE',  ( -0.2999999999999999900, 1.450000000000000000, 0.5999999999999999800 ) ) ;
#1737 = VECTOR ( 'NONE', #1738, 1000.000000000000000 ) ;
#1738 = DIRECTION ( 'NONE',  ( 0.0000000000000000000, 0.0000000000000000000, 1.000000000000000000 ) ) ;
#1739 = LINE ( 'NONE', #1740, #1741 ) ;
#1740 = CARTESIAN_POINT ( 'NONE',  ( 4.035000000000000100, 3.673819061467100000E-018, 2.750000000000000000 ) ) ;
#1741 = VECTOR ( 'NONE', #1742, 1000.000000000000000 ) ;
#1742 = DIRECTION ( 'NONE',  ( -1.000000000000000000, 0.0000000000000000000, 0.0000000000000000000 ) ) ;
#1743 = FACE_OUTER_BOUND ( 'NONE', #702, .T. ) ;
#1744 = PLANE ( 'NONE',  #1745 ) ;
#1745 = AXIS2_PLACEMENT_3D ( 'NONE', #1746, #1747, #1748 ) ;
#1746 = CARTESIAN_POINT ( 'NONE',  ( 0.2250000000000000100, -1.585221031409174900E-017, -2.250000000000000000 ) ) ;
#1747 = DIRECTION ( 'NONE',  ( -1.000000000000000000, 0.0000000000000000000, 0.0000000000000000000 ) ) ;
#1748 = DIRECTION ( 'NONE',  ( 0.0000000000000000000, 0.0000000000000000000, -1.000000000000000000 ) ) ;
#1749 = LINE ( 'NONE', #1750, #1751 ) ;
#1750 = CARTESIAN_POINT ( 'NONE',  ( 4.035000000000000100, 3.673819061467100000E-018, -2.750000000000000000 ) ) ;
#1751 = VECTOR ( 'NONE', #1752, 1000.000000000000000 ) ;
#1752 = DIRECTION ( 'NONE',  ( 0.0000000000000000000, -3.905205875111755100E-017, 1.000000000000000000 ) ) ;
#1753 = LINE ( 'NONE', #1756, #1757 ) ;
#1754 = VERTEX_POINT ( 'NONE', #3543 ) ;
#1755 = EDGE_LOOP ( 'NONE', ( #4837, #180, #241, #261 ) ) ;
#1756 = CARTESIAN_POINT ( 'NONE',  ( -0.5500000000000000400, 1.550000000000000000, -2.250000000000000000 ) ) ;
#1757 = VECTOR ( 'NONE', #1758, 1000.000000000000000 ) ;
#1758 = DIRECTION ( 'NONE',  ( 4.336808689942030100E-016, 0.0000000000000000000, -1.000000000000000000 ) ) ;
#1759 = LINE ( 'NONE', #1760, #1761 ) ;
#1760 = CARTESIAN_POINT ( 'NONE',  ( 0.7699999999999999100, 1.550000000000000000, 1.450000000000000000 ) ) ;
#1761 = VECTOR ( 'NONE', #1762, 1000.000000000000000 ) ;
#1762 = DIRECTION ( 'NONE',  ( 0.0000000000000000000, -1.000000000000000000, 7.228014483236690600E-016 ) ) ;
#1763 = CARTESIAN_POINT ( 'NONE',  ( -0.2250000000000000100, 0.4200000000000000400, -2.250000000000000000 ) ) ;
#1764 = LINE ( 'NONE', #1765, #1766 ) ;
#1765 = CARTESIAN_POINT ( 'NONE',  ( 1.495000000000000100, 0.1200000000000000100, 3.350000000000000100 ) ) ;
#1766 = VECTOR ( 'NONE', #1767, 1000.000000000000000 ) ;
#1767 = DIRECTION ( 'NONE',  ( -1.000000000000000000, 0.0000000000000000000, 0.0000000000000000000 ) ) ;
#1768 = FACE_OUTER_BOUND ( 'NONE', #4745, .T. ) ;
#1769 = PLANE ( 'NONE',  #1770 ) ;
#1770 = AXIS2_PLACEMENT_3D ( 'NONE', #1771, #1772, #1773 ) ;
#1771 = CARTESIAN_POINT ( 'NONE',  ( 0.2250000000000000100, 0.1200000000000000100, -3.350000000000000100 ) ) ;
#1772 = DIRECTION ( 'NONE',  ( 0.0000000000000000000, 0.0000000000000000000, -1.000000000000000000 ) ) ;
#1773 = DIRECTION ( 'NONE',  ( -1.000000000000000000, 0.0000000000000000000, 0.0000000000000000000 ) ) ;
#1774 = FACE_OUTER_BOUND ( 'NONE', #572, .T. ) ;
#1775 = PLANE ( 'NONE',  #1776 ) ;
#1776 = AXIS2_PLACEMENT_3D ( 'NONE', #1777, #1778, #1779 ) ;
#1777 = CARTESIAN_POINT ( 'NONE',  ( 4.035000000000000100, 0.4200000000000000400, 2.250000000000000000 ) ) ;
#1778 = DIRECTION ( 'NONE',  ( 0.0000000000000000000, 1.000000000000000000, 1.084202172485495800E-016 ) ) ;
#1779 = DIRECTION ( 'NONE',  ( 0.0000000000000000000, -1.084202172485495800E-016, 1.000000000000000000 ) ) ;
#1780 = LINE ( 'NONE', #1781, #1782 ) ;
#1781 = CARTESIAN_POINT ( 'NONE',  ( 0.2250000000000000100, 0.5400000000000000400, 2.250000000000000000 ) ) ;
#1782 = VECTOR ( 'NONE', #1783, 1000.000000000000000 ) ;
#1783 = DIRECTION ( 'NONE',  ( -1.000000000000000000, 0.0000000000000000000, 0.0000000000000000000 ) ) ;
#1784 = LINE ( 'NONE', #1785, #1786 ) ;
#1785 = CARTESIAN_POINT ( 'NONE',  ( 2.314999999999999900, 3.673819061467100000E-018, 2.750000000000000000 ) ) ;
#1786 = VECTOR ( 'NONE', #1787, 1000.000000000000000 ) ;
#1787 = DIRECTION ( 'NONE',  ( 0.0000000000000000000, -3.905205875111755100E-017, -1.000000000000000000 ) ) ;
#1788 = EDGE_CURVE ( 'NONE', #2004, #4993, #3552, .T. ) ;
#1789 = FACE_OUTER_BOUND ( 'NONE', #4799, .T. ) ;
#1790 = COLOUR_RGB ( '',0.0000000000000000000, 0.0000000000000000000, 0.0000000000000000000 ) ;
#1791 = FILL_AREA_STYLE_COLOUR ( '', #1790 ) ;
#1792 = FILL_AREA_STYLE ('',( #1791 ) ) ;
#1793 = SURFACE_STYLE_FILL_AREA ( #1792 ) ;
#1794 = SURFACE_SIDE_STYLE ('',( #1793 ) ) ;
#1795 = SURFACE_STYLE_USAGE ( .BOTH. , #1794 ) ;
#1796 = PRESENTATION_STYLE_ASSIGNMENT (( #1795 ) ) ;
#1797 = STYLED_ITEM ( 'NONE', ( #1796 ), #263 ) ;
#1798 = PRESENTATION_LAYER_ASSIGNMENT (  '', '', ( #1797 ) ) ;
#1799 = MECHANICAL_DESIGN_GEOMETRIC_PRESENTATION_REPRESENTATION (  '', ( #1797 ), #1804 ) ;
#1800 =( LENGTH_UNIT ( ) NAMED_UNIT ( * ) SI_UNIT ( .MILLI., .METRE. ) );
#1801 =( NAMED_UNIT ( * ) PLANE_ANGLE_UNIT ( ) SI_UNIT ( $, .RADIAN. ) );
#1802 =( NAMED_UNIT ( * ) SI_UNIT ( $, .STERADIAN. ) SOLID_ANGLE_UNIT ( ) );
#1803 = UNCERTAINTY_MEASURE_WITH_UNIT (LENGTH_MEASURE( 1.000000000000000100E-005 ), #1800, 'distance_accuracy_value', 'NONE');
#1804 =( GEOMETRIC_REPRESENTATION_CONTEXT ( 3 ) GLOBAL_UNCERTAINTY_ASSIGNED_CONTEXT ( ( #1803 ) ) GLOBAL_UNIT_ASSIGNED_CONTEXT ( ( #1800, #1801, #1802 ) ) REPRESENTATION_CONTEXT ( 'NONE', 'WORKASPACE' ) );
#1805 = CYLINDRICAL_SURFACE ( 'NONE', #1806, 0.2500000000000000000 ) ;
#1806 = AXIS2_PLACEMENT_3D ( 'NONE', #1807, #1808, #1809 ) ;
#1807 = CARTESIAN_POINT ( 'NONE',  ( 4.610000000000000300, 1.450000000000000000, -2.000000000000000000 ) ) ;
#1808 = DIRECTION ( 'NONE',  ( 0.0000000000000000000, 1.000000000000000000, 0.0000000000000000000 ) ) ;
#1809 = DIRECTION ( 'NONE',  ( 0.0000000000000000000, 0.0000000000000000000, 1.000000000000000000 ) ) ;
#1810 = LINE ( 'NONE', #1811, #1812 ) ;
#1811 = CARTESIAN_POINT ( 'NONE',  ( 0.2250000000000000100, 0.4200000000000000400, -2.250000000000000000 ) ) ;
#1812 = VECTOR ( 'NONE', #1813, 1000.000000000000000 ) ;
#1813 = DIRECTION ( 'NONE',  ( -1.000000000000000000, 0.0000000000000000000, 0.0000000000000000000 ) ) ;
#1814 = CARTESIAN_POINT ( 'NONE',  ( 4.610000000000000300, 1.550000000000000000, -1.750000000000000000 ) ) ;
#1815 = LINE ( 'NONE', #1816, #1817 ) ;
#1816 = CARTESIAN_POINT ( 'NONE',  ( 3.510000000000000200, 1.450000000000000000, 0.5999999999999828800 ) ) ;
#1817 = VECTOR ( 'NONE', #1818, 1000.000000000000000 ) ;
#1818 = DIRECTION ( 'NONE',  ( 0.0000000000000000000, 0.0000000000000000000, 1.000000000000000000 ) ) ;
#1819 = CARTESIAN_POINT ( 'NONE',  ( 3.510000000000000200, 1.250000000000000000, 1.199999999999982000 ) ) ;
#1820 = LINE ( 'NONE', #1821, #1822 ) ;
#1821 = CARTESIAN_POINT ( 'NONE',  ( 0.7699999999999999100, 1.550000000000000000, 1.450000000000000000 ) ) ;
#1822 = VECTOR ( 'NONE', #1823, 1000.000000000000000 ) ;
#1823 = DIRECTION ( 'NONE',  ( 0.0000000000000000000, 0.0000000000000000000, 1.000000000000000000 ) ) ;
#1824 = CARTESIAN_POINT ( 'NONE',  ( 3.585000000000000000, 2.710505431213759900E-017, -3.350000000000000100 ) ) ;
#1825 = CARTESIAN_POINT ( 'NONE',  ( 0.2250000000000000100, 0.4200000000000000400, -2.250000000000000000 ) ) ;
#1826 = CARTESIAN_POINT ( 'NONE',  ( -1.250000000000000000, 0.1000000000000000100, 2.250000000000000000 ) ) ;
#1827 = LINE ( 'NONE', #1828, #1829 ) ;
#1828 = CARTESIAN_POINT ( 'NONE',  ( 1.044999999999999900, 0.5400000000000000400, 2.870000000000000100 ) ) ;
#1829 = VECTOR ( 'NONE', #1830, 1000.000000000000000 ) ;
#1830 = DIRECTION ( 'NONE',  ( 0.0000000000000000000, -1.000000000000000000, -3.097720492815730200E-015 ) ) ;
#1831 = LINE ( 'NONE', #1832, #1833 ) ;
#1832 = CARTESIAN_POINT ( 'NONE',  ( 0.2250000000000000100, 0.1200000000000000100, -3.350000000000000100 ) ) ;
#1833 = VECTOR ( 'NONE', #1834, 1000.000000000000000 ) ;
#1834 = DIRECTION ( 'NONE',  ( 0.0000000000000000000, -1.000000000000000000, 0.0000000000000000000 ) ) ;
#1835 = LINE ( 'NONE', #1836, #1837 ) ;
#1836 = CARTESIAN_POINT ( 'NONE',  ( 0.2250000000000000100, 2.710505431213759900E-017, 3.350000000000000100 ) ) ;
#1837 = VECTOR ( 'NONE', #1838, 1000.000000000000000 ) ;
#1838 = DIRECTION ( 'NONE',  ( -1.000000000000000000, 0.0000000000000000000, 0.0000000000000000000 ) ) ;
#1839 = CARTESIAN_POINT ( 'NONE',  ( 4.035000000000000100, 0.4200000000000000400, -2.750000000000000000 ) ) ;
#1840 = LINE ( 'NONE', #1841, #1842 ) ;
#1841 = CARTESIAN_POINT ( 'NONE',  ( 1.044999999999999900, 0.5400000000000000400, -2.870000000000000100 ) ) ;
#1842 = VECTOR ( 'NONE', #1843, 1000.000000000000000 ) ;
#1843 = DIRECTION ( 'NONE',  ( 0.0000000000000000000, -1.000000000000000000, 3.097720492815730200E-015 ) ) ;
#1844 = CARTESIAN_POINT ( 'NONE',  ( 0.2999999999999999900, 1.450000000000000000, 1.200000000000000000 ) ) ;
#1845 = LINE ( 'NONE', #1846, #1847 ) ;
#1846 = CARTESIAN_POINT ( 'NONE',  ( 0.7699999999999999100, 1.250000000000000000, -1.450000000000000000 ) ) ;
#1847 = VECTOR ( 'NONE', #1848, 1000.000000000000000 ) ;
#1848 = DIRECTION ( 'NONE',  ( 1.000000000000000000, 0.0000000000000000000, 0.0000000000000000000 ) ) ;
#1849 = FACE_OUTER_BOUND ( 'NONE', #797, .T. ) ;
#1850 = PLANE ( 'NONE',  #1851 ) ;
#1851 = AXIS2_PLACEMENT_3D ( 'NONE', #1852, #1853, #1854 ) ;
#1852 = CARTESIAN_POINT ( 'NONE',  ( 4.035000000000000100, 0.4200000000000000400, -2.250000000000000000 ) ) ;
#1853 = DIRECTION ( 'NONE',  ( 0.0000000000000000000, -1.000000000000000000, 1.084202172485495800E-016 ) ) ;
#1854 = DIRECTION ( 'NONE',  ( 0.0000000000000000000, -1.084202172485495800E-016, -1.000000000000000000 ) ) ;
#1855 = CARTESIAN_POINT ( 'NONE',  ( 0.2250000000000000100, 0.5400000000000000400, 2.250000000000000000 ) ) ;
#1856 = LINE ( 'NONE', #1857, #1858 ) ;
#1857 = CARTESIAN_POINT ( 'NONE',  ( -1.250000000000000000, 1.550000000000000000, 2.250000000000000000 ) ) ;
#1858 = VECTOR ( 'NONE', #1859, 1000.000000000000000 ) ;
#1859 = DIRECTION ( 'NONE',  ( 0.0000000000000000000, -1.000000000000000000, 0.0000000000000000000 ) ) ;
#1860 = CARTESIAN_POINT ( 'NONE',  ( 1.044999999999999900, 0.1200000000000000100, -3.350000000000000100 ) ) ;
#1861 = LINE ( 'NONE', #1862, #1863 ) ;
#1862 = CARTESIAN_POINT ( 'NONE',  ( 2.765000000000000100, 0.5400000000000000400, -2.870000000000000100 ) ) ;
#1863 = VECTOR ( 'NONE', #1864, 1000.000000000000000 ) ;
#1864 = DIRECTION ( 'NONE',  ( -1.000000000000000000, 0.0000000000000000000, 0.0000000000000000000 ) ) ;
#1865 = CARTESIAN_POINT ( 'NONE',  ( 1.495000000000000100, 0.1200000000000000100, 2.870000000000000100 ) ) ;
#1866 = LINE ( 'NONE', #1867, #1868 ) ;
#1867 = CARTESIAN_POINT ( 'NONE',  ( 1.495000000000000100, 0.1200000000000000100, -3.350000000000000100 ) ) ;
#1868 = VECTOR ( 'NONE', #1870, 1000.000000000000000 ) ;
#1869 = VERTEX_POINT ( 'NONE', #3663 ) ;
#1870 = DIRECTION ( 'NONE',  ( -1.000000000000000000, 0.0000000000000000000, 0.0000000000000000000 ) ) ;
#1871 = CARTESIAN_POINT ( 'NONE',  ( 4.035000000000000100, 3.673819061467100000E-018, 2.750000000000000000 ) ) ;
#1872 = LINE ( 'NONE', #1873, #1874 ) ;
#1873 = CARTESIAN_POINT ( 'NONE',  ( -1.250000000000000000, 1.550000000000000000, 2.250000000000000000 ) ) ;
#1874 = VECTOR ( 'NONE', #1875, 1000.000000000000000 ) ;
#1875 = DIRECTION ( 'NONE',  ( 1.000000000000000000, 0.0000000000000000000, 0.0000000000000000000 ) ) ;
#1876 = FACE_OUTER_BOUND ( 'NONE', #623, .T. ) ;
#1877 = PLANE ( 'NONE',  #1878 ) ;
#1878 = AXIS2_PLACEMENT_3D ( 'NONE', #1879, #1880, #1881 ) ;
#1879 = CARTESIAN_POINT ( 'NONE',  ( 1.495000000000000100, -1.585221031409174900E-017, -2.250000000000000000 ) ) ;
#1880 = DIRECTION ( 'NONE',  ( -1.000000000000000000, 0.0000000000000000000, 0.0000000000000000000 ) ) ;
#1881 = DIRECTION ( 'NONE',  ( 0.0000000000000000000, 0.0000000000000000000, -1.000000000000000000 ) ) ;
#1882 = CARTESIAN_POINT ( 'NONE',  ( -0.2999999999999999900, 1.450000000000000000, 0.5999999999999999800 ) ) ;
#1883 = CARTESIAN_POINT ( 'NONE',  ( 3.585000000000000000, 0.4200000000000000400, 2.250000000000000000 ) ) ;
#1884 = FACE_OUTER_BOUND ( 'NONE', #4570, .T. ) ;
#1885 = COLOUR_RGB ( '',1.000000000000000000, 1.000000000000000000, 1.000000000000000000 ) ;
#1886 = FILL_AREA_STYLE_COLOUR ( '', #1885 ) ;
#1887 = FILL_AREA_STYLE ('',( #1886 ) ) ;
#1888 = SURFACE_STYLE_FILL_AREA ( #1887 ) ;
#1889 = SURFACE_SIDE_STYLE ('',( #1888 ) ) ;
#1890 = SURFACE_STYLE_USAGE ( .BOTH. , #1889 ) ;
#1891 = PRESENTATION_STYLE_ASSIGNMENT (( #1890 ) ) ;
#1892 = STYLED_ITEM ( 'NONE', ( #1891 ), #4051 ) ;
#1893 = PRESENTATION_LAYER_ASSIGNMENT (  '', '', ( #1892 ) ) ;
#1894 = MECHANICAL_DESIGN_GEOMETRIC_PRESENTATION_REPRESENTATION (  '', ( #1892 ), #1899 ) ;
#1895 =( LENGTH_UNIT ( ) NAMED_UNIT ( * ) SI_UNIT ( .MILLI., .METRE. ) );
#1896 =( NAMED_UNIT ( * ) PLANE_ANGLE_UNIT ( ) SI_UNIT ( $, .RADIAN. ) );
#1897 =( NAMED_UNIT ( * ) SI_UNIT ( $, .STERADIAN. ) SOLID_ANGLE_UNIT ( ) );
#1898 = UNCERTAINTY_MEASURE_WITH_UNIT (LENGTH_MEASURE( 1.000000000000000100E-005 ), #1895, 'distance_accuracy_value', 'NONE');
#1899 =( GEOMETRIC_REPRESENTATION_CONTEXT ( 3 ) GLOBAL_UNCERTAINTY_ASSIGNED_CONTEXT ( ( #1898 ) ) GLOBAL_UNIT_ASSIGNED_CONTEXT ( ( #1895, #1896, #1897 ) ) REPRESENTATION_CONTEXT ( 'NONE', 'WORKASPACE' ) );
#1900 = PLANE ( 'NONE',  #1901 ) ;
#1901 = AXIS2_PLACEMENT_3D ( 'NONE', #1903, #1904, #1905 ) ;
#1902 = EDGE_CURVE ( 'NONE', #466, #5061, #3671, .T. ) ;
#1903 = CARTESIAN_POINT ( 'NONE',  ( -0.2999999999999999900, 2.398528137423854700, 1.200000000000000000 ) ) ;
#1904 = DIRECTION ( 'NONE',  ( 0.0000000000000000000, 0.0000000000000000000, -1.000000000000000000 ) ) ;
#1905 = DIRECTION ( 'NONE',  ( -1.000000000000000000, 0.0000000000000000000, 0.0000000000000000000 ) ) ;
#1906 = LINE ( 'NONE', #1907, #1908 ) ;
#1907 = CARTESIAN_POINT ( 'NONE',  ( 0.2250000000000000100, 3.673819061467100000E-018, -2.750000000000000000 ) ) ;
#1908 = VECTOR ( 'NONE', #1909, 1000.000000000000000 ) ;
#1909 = DIRECTION ( 'NONE',  ( 0.0000000000000000000, -3.905205875111755100E-017, 1.000000000000000000 ) ) ;
#1910 = LINE ( 'NONE', #1911, #1912 ) ;
#1911 = CARTESIAN_POINT ( 'NONE',  ( 2.765000000000000100, 0.1200000000000000100, 2.870000000000000100 ) ) ;
#1912 = VECTOR ( 'NONE', #1913, 1000.000000000000000 ) ;
#1913 = DIRECTION ( 'NONE',  ( 0.0000000000000000000, -1.411721578757169900E-016, 1.000000000000000000 ) ) ;
#1914 = LINE ( 'NONE', #1915, #1916 ) ;
#1915 = CARTESIAN_POINT ( 'NONE',  ( 4.309999999999999600, 1.550000000000000000, 1.450000000000000000 ) ) ;
#1916 = VECTOR ( 'NONE', #1917, 1000.000000000000000 ) ;
#1917 = DIRECTION ( 'NONE',  ( 0.0000000000000000000, 0.0000000000000000000, 1.000000000000000000 ) ) ;
#1918 = CARTESIAN_POINT ( 'NONE',  ( 2.314999999999999900, 3.673819061467100000E-018, 2.750000000000000000 ) ) ;
#1919 = ORIENTED_EDGE ( 'NONE', *, *, #1572, .F. ) ;
#1920 = FACE_OUTER_BOUND ( 'NONE', #5011, .T. ) ;
#1921 = COLOUR_RGB ( '',0.0000000000000000000, 0.0000000000000000000, 0.0000000000000000000 ) ;
#1922 = FILL_AREA_STYLE_COLOUR ( '', #1921 ) ;
#1923 = FILL_AREA_STYLE ('',( #1922 ) ) ;
#1924 = SURFACE_STYLE_FILL_AREA ( #1923 ) ;
#1925 = SURFACE_SIDE_STYLE ('',( #1924 ) ) ;
#1926 = SURFACE_STYLE_USAGE ( .BOTH. , #1925 ) ;
#1927 = PRESENTATION_STYLE_ASSIGNMENT (( #1926 ) ) ;
#1928 = STYLED_ITEM ( 'NONE', ( #1927 ), #298 ) ;
#1929 = PRESENTATION_LAYER_ASSIGNMENT (  '', '', ( #1928 ) ) ;
#1930 = MECHANICAL_DESIGN_GEOMETRIC_PRESENTATION_REPRESENTATION (  '', ( #1928 ), #1935 ) ;
#1931 =( LENGTH_UNIT ( ) NAMED_UNIT ( * ) SI_UNIT ( .MILLI., .METRE. ) );
#1932 =( NAMED_UNIT ( * ) PLANE_ANGLE_UNIT ( ) SI_UNIT ( $, .RADIAN. ) );
#1933 =( NAMED_UNIT ( * ) SI_UNIT ( $, .STERADIAN. ) SOLID_ANGLE_UNIT ( ) );
#1934 = UNCERTAINTY_MEASURE_WITH_UNIT (LENGTH_MEASURE( 1.000000000000000100E-005 ), #1931, 'distance_accuracy_value', 'NONE');
#1935 =( GEOMETRIC_REPRESENTATION_CONTEXT ( 3 ) GLOBAL_UNCERTAINTY_ASSIGNED_CONTEXT ( ( #1934 ) ) GLOBAL_UNIT_ASSIGNED_CONTEXT ( ( #1931, #1932, #1933 ) ) REPRESENTATION_CONTEXT ( 'NONE', 'WORKASPACE' ) );
#1936 = PLANE ( 'NONE',  #1937 ) ;
#1937 = AXIS2_PLACEMENT_3D ( 'NONE', #1938, #1939, #1940 ) ;
#1938 = CARTESIAN_POINT ( 'NONE',  ( 3.040000000000000000, 1.250000000000000000, -1.450000000000000000 ) ) ;
#1939 = DIRECTION ( 'NONE',  ( -1.000000000000000000, 0.0000000000000000000, 0.0000000000000000000 ) ) ;
#1940 = DIRECTION ( 'NONE',  ( 0.0000000000000000000, 0.0000000000000000000, 1.000000000000000000 ) ) ;
#1941 = LINE ( 'NONE', #1942, #1943 ) ;
#1942 = CARTESIAN_POINT ( 'NONE',  ( -0.2250000000000000100, 0.1200000000000000100, -3.350000000000000100 ) ) ;
#1943 = VECTOR ( 'NONE', #1944, 1000.000000000000000 ) ;
#1944 = DIRECTION ( 'NONE',  ( 0.0000000000000000000, -1.000000000000000000, 0.0000000000000000000 ) ) ;
#1945 = FACE_OUTER_BOUND ( 'NONE', #4391, .T. ) ;
#1946 = COLOUR_RGB ( '',1.000000000000000000, 1.000000000000000000, 1.000000000000000000 ) ;
#1947 = FILL_AREA_STYLE_COLOUR ( '', #1946 ) ;
#1948 = FILL_AREA_STYLE ('',( #1947 ) ) ;
#1949 = SURFACE_STYLE_FILL_AREA ( #1948 ) ;
#1950 = SURFACE_SIDE_STYLE ('',( #1949 ) ) ;
#1951 = SURFACE_STYLE_USAGE ( .BOTH. , #1950 ) ;
#1952 = PRESENTATION_STYLE_ASSIGNMENT (( #1951 ) ) ;
#1953 = STYLED_ITEM ( 'NONE', ( #1952 ), #4101 ) ;
#1954 = PRESENTATION_LAYER_ASSIGNMENT (  '', '', ( #1953 ) ) ;
#1955 = MECHANICAL_DESIGN_GEOMETRIC_PRESENTATION_REPRESENTATION (  '', ( #1953 ), #1960 ) ;
#1956 =( LENGTH_UNIT ( ) NAMED_UNIT ( * ) SI_UNIT ( .MILLI., .METRE. ) );
#1957 =( NAMED_UNIT ( * ) PLANE_ANGLE_UNIT ( ) SI_UNIT ( $, .RADIAN. ) );
#1958 =( NAMED_UNIT ( * ) SI_UNIT ( $, .STERADIAN. ) SOLID_ANGLE_UNIT ( ) );
#1959 = UNCERTAINTY_MEASURE_WITH_UNIT (LENGTH_MEASURE( 1.000000000000000100E-005 ), #1956, 'distance_accuracy_value', 'NONE');
#1960 =( GEOMETRIC_REPRESENTATION_CONTEXT ( 3 ) GLOBAL_UNCERTAINTY_ASSIGNED_CONTEXT ( ( #1959 ) ) GLOBAL_UNIT_ASSIGNED_CONTEXT ( ( #1956, #1957, #1958 ) ) REPRESENTATION_CONTEXT ( 'NONE', 'WORKASPACE' ) );
#1961 = PLANE ( 'NONE',  #1962 ) ;
#1962 = AXIS2_PLACEMENT_3D ( 'NONE', #1963, #1964, #1965 ) ;
#1963 = CARTESIAN_POINT ( 'NONE',  ( 4.110000000000000300, 2.398528137423854700, 0.5999999999999828800 ) ) ;
#1964 = DIRECTION ( 'NONE',  ( -1.000000000000000000, 0.0000000000000000000, 0.0000000000000000000 ) ) ;
#1965 = DIRECTION ( 'NONE',  ( 0.0000000000000000000, 0.0000000000000000000, 1.000000000000000000 ) ) ;
#1966 = LINE ( 'NONE', #1967, #1971 ) ;
#1967 = CARTESIAN_POINT ( 'NONE',  ( 1.044999999999999900, 0.5400000000000000400, -2.250000000000000000 ) ) ;
#1968 = ORIENTED_EDGE ( 'NONE', *, *, #666, .F. ) ;
#1969 = ORIENTED_EDGE ( 'NONE', *, *, #645, .T. ) ;
#1970 = ORIENTED_EDGE ( 'NONE', *, *, #221, .T. ) ;
#1971 = VECTOR ( 'NONE', #1972, 1000.000000000000000 ) ;
#1972 = DIRECTION ( 'NONE',  ( 0.0000000000000000000, 1.000000000000000000, 0.0000000000000000000 ) ) ;
#1973 = CARTESIAN_POINT ( 'NONE',  ( 1.044999999999999900, 0.1200000000000000100, 2.870000000000000100 ) ) ;
#1974 = CARTESIAN_POINT ( 'NONE',  ( 1.570000000000000100, 1.450000000000000000, 1.200000000000000000 ) ) ;
#1975 = CARTESIAN_POINT ( 'NONE',  ( 1.044999999999999900, 0.5400000000000000400, -2.250000000000000000 ) ) ;
#1976 = LINE ( 'NONE', #1977, #1978 ) ;
#1977 = CARTESIAN_POINT ( 'NONE',  ( 2.765000000000000100, 0.5400000000000000400, -2.250000000000000000 ) ) ;
#1978 = VECTOR ( 'NONE', #1979, 1000.000000000000000 ) ;
#1979 = DIRECTION ( 'NONE',  ( 0.0000000000000000000, 1.000000000000000000, 0.0000000000000000000 ) ) ;
#1980 = LINE ( 'NONE', #1981, #1982 ) ;
#1981 = CARTESIAN_POINT ( 'NONE',  ( -0.2250000000000000100, 0.5400000000000000400, 2.250000000000000000 ) ) ;
#1982 = VECTOR ( 'NONE', #1983, 1000.000000000000000 ) ;
#1983 = DIRECTION ( 'NONE',  ( 0.0000000000000000000, -1.748713181428220000E-016, 1.000000000000000000 ) ) ;
#1984 = FACE_OUTER_BOUND ( 'NONE', #4716, .T. ) ;
#1985 = PLANE ( 'NONE',  #1986 ) ;
#1986 = AXIS2_PLACEMENT_3D ( 'NONE', #1987, #1988, #1989 ) ;
#1987 = CARTESIAN_POINT ( 'NONE',  ( 0.2250000000000000100, 0.1200000000000000100, -2.870000000000000100 ) ) ;
#1988 = DIRECTION ( 'NONE',  ( 0.0000000000000000000, 1.000000000000000000, -1.411721578757169900E-016 ) ) ;
#1989 = DIRECTION ( 'NONE',  ( 0.0000000000000000000, 1.411721578757169900E-016, 1.000000000000000000 ) ) ;
#1990 = CARTESIAN_POINT ( 'NONE',  ( 1.495000000000000100, 0.4200000000000000400, -2.250000000000000000 ) ) ;
#1991 = FACE_OUTER_BOUND ( 'NONE', #4853, .T. ) ;
#1992 = PLANE ( 'NONE',  #1993 ) ;
#1993 = AXIS2_PLACEMENT_3D ( 'NONE', #1994, #1995, #1996 ) ;
#1994 = CARTESIAN_POINT ( 'NONE',  ( 2.765000000000000100, 0.1200000000000000100, -3.350000000000000100 ) ) ;
#1995 = DIRECTION ( 'NONE',  ( 0.0000000000000000000, 0.0000000000000000000, -1.000000000000000000 ) ) ;
#1996 = DIRECTION ( 'NONE',  ( -1.000000000000000000, 0.0000000000000000000, 0.0000000000000000000 ) ) ;
#1997 = LINE ( 'NONE', #1998, #1999 ) ;
#1998 = CARTESIAN_POINT ( 'NONE',  ( 4.360000000000000300, 1.450000000000000000, 2.250000000000000000 ) ) ;
#1999 = VECTOR ( 'NONE', #2000, 1000.000000000000000 ) ;
#2000 = DIRECTION ( 'NONE',  ( 0.0000000000000000000, 1.000000000000000000, 0.0000000000000000000 ) ) ;
#2001 = CARTESIAN_POINT ( 'NONE',  ( -0.2250000000000000100, 0.4200000000000000400, -2.750000000000000000 ) ) ;
#2002 = CARTESIAN_POINT ( 'NONE',  ( 1.044999999999999900, 0.5400000000000000400, -2.870000000000000100 ) ) ;
#2003 = ORIENTED_EDGE ( 'NONE', *, *, #333, .T. ) ;
#2004 = VERTEX_POINT ( 'NONE', #3732 ) ;
#2005 = FACE_OUTER_BOUND ( 'NONE', #765, .T. ) ;
#2006 = PLANE ( 'NONE',  #2007 ) ;
#2007 = AXIS2_PLACEMENT_3D ( 'NONE', #2008, #2009, #2010 ) ;
#2008 = CARTESIAN_POINT ( 'NONE',  ( 0.2250000000000000100, -1.585221031409174900E-017, 2.250000000000000000 ) ) ;
#2009 = DIRECTION ( 'NONE',  ( -1.000000000000000000, 0.0000000000000000000, 0.0000000000000000000 ) ) ;
#2010 = DIRECTION ( 'NONE',  ( 0.0000000000000000000, 0.0000000000000000000, 1.000000000000000000 ) ) ;
#2011 = CARTESIAN_POINT ( 'NONE',  ( -0.2250000000000000100, 3.673819061467100000E-018, 2.750000000000000000 ) ) ;
#2012 = CARTESIAN_POINT ( 'NONE',  ( -0.5500000000000000400, 1.550000000000000000, -2.250000000000000000 ) ) ;
#2013 = FACE_OUTER_BOUND ( 'NONE', #430, .T. ) ;
#2014 = COLOUR_RGB ( '',0.0000000000000000000, 0.0000000000000000000, 0.0000000000000000000 ) ;
#2015 = FILL_AREA_STYLE_COLOUR ( '', #2014 ) ;
#2016 = FILL_AREA_STYLE ('',( #2015 ) ) ;
#2017 = SURFACE_STYLE_FILL_AREA ( #2016 ) ;
#2018 = SURFACE_SIDE_STYLE ('',( #2017 ) ) ;
#2019 = SURFACE_STYLE_USAGE ( .BOTH. , #2018 ) ;
#2020 = PRESENTATION_STYLE_ASSIGNMENT (( #2019 ) ) ;
#2021 = STYLED_ITEM ( 'NONE', ( #2020 ), #313 ) ;
#2022 = PRESENTATION_LAYER_ASSIGNMENT (  '', '', ( #2021 ) ) ;
#2023 = MECHANICAL_DESIGN_GEOMETRIC_PRESENTATION_REPRESENTATION (  '', ( #2021 ), #2028 ) ;
#2024 =( LENGTH_UNIT ( ) NAMED_UNIT ( * ) SI_UNIT ( .MILLI., .METRE. ) );
#2025 =( NAMED_UNIT ( * ) PLANE_ANGLE_UNIT ( ) SI_UNIT ( $, .RADIAN. ) );
#2026 =( NAMED_UNIT ( * ) SI_UNIT ( $, .STERADIAN. ) SOLID_ANGLE_UNIT ( ) );
#2027 = UNCERTAINTY_MEASURE_WITH_UNIT (LENGTH_MEASURE( 1.000000000000000100E-005 ), #2024, 'distance_accuracy_value', 'NONE');
#2028 =( GEOMETRIC_REPRESENTATION_CONTEXT ( 3 ) GLOBAL_UNCERTAINTY_ASSIGNED_CONTEXT ( ( #2027 ) ) GLOBAL_UNIT_ASSIGNED_CONTEXT ( ( #2024, #2025, #2026 ) ) REPRESENTATION_CONTEXT ( 'NONE', 'WORKASPACE' ) );
#2029 = PLANE ( 'NONE',  #2030 ) ;
#2030 = AXIS2_PLACEMENT_3D ( 'NONE', #2031, #2032, #2033 ) ;
#2031 = CARTESIAN_POINT ( 'NONE',  ( -1.050000000000000000, 1.450000000000000000, -2.250000000000000000 ) ) ;
#2032 = DIRECTION ( 'NONE',  ( -1.000000000000000000, 0.0000000000000000000, 0.0000000000000000000 ) ) ;
#2033 = DIRECTION ( 'NONE',  ( 0.0000000000000000000, 0.0000000000000000000, 1.000000000000000000 ) ) ;
#2034 = LINE ( 'NONE', #2035, #2036 ) ;
#2035 = CARTESIAN_POINT ( 'NONE',  ( 3.585000000000000000, 0.1200000000000000100, 2.870000000000000100 ) ) ;
#2036 = VECTOR ( 'NONE', #2038, 1000.000000000000000 ) ;
#2037 = VERTEX_POINT ( 'NONE', #3742 ) ;
#2038 = DIRECTION ( 'NONE',  ( 0.0000000000000000000, -1.411721578757169900E-016, 1.000000000000000000 ) ) ;
#2039 = CARTESIAN_POINT ( 'NONE',  ( 0.2250000000000000100, 0.5400000000000000400, -2.250000000000000000 ) ) ;
#2040 = FACE_OUTER_BOUND ( 'NONE', #4944, .T. ) ;
#2041 = COLOUR_RGB ( '',0.0000000000000000000, 0.0000000000000000000, 0.0000000000000000000 ) ;
#2042 = FILL_AREA_STYLE_COLOUR ( '', #2041 ) ;
#2043 = FILL_AREA_STYLE ('',( #2042 ) ) ;
#2044 = SURFACE_STYLE_FILL_AREA ( #2043 ) ;
#2045 = SURFACE_SIDE_STYLE ('',( #2044 ) ) ;
#2046 = SURFACE_STYLE_USAGE ( .BOTH. , #2045 ) ;
#2047 = PRESENTATION_STYLE_ASSIGNMENT (( #2046 ) ) ;
#2048 = STYLED_ITEM ( 'NONE', ( #2047 ), #315 ) ;
#2049 = PRESENTATION_LAYER_ASSIGNMENT (  '', '', ( #2048 ) ) ;
#2050 = MECHANICAL_DESIGN_GEOMETRIC_PRESENTATION_REPRESENTATION (  '', ( #2048 ), #2057 ) ;
#2051 =( LENGTH_UNIT ( ) NAMED_UNIT ( * ) SI_UNIT ( .MILLI., .METRE. ) );
#2052 =( NAMED_UNIT ( * ) PLANE_ANGLE_UNIT ( ) SI_UNIT ( $, .RADIAN. ) );
#2053 =( NAMED_UNIT ( * ) SI_UNIT ( $, .STERADIAN. ) SOLID_ANGLE_UNIT ( ) );
#2054 = EDGE_CURVE ( 'NONE', #4772, #4794, #3762, .T. ) ;
#2055 = CLOSED_SHELL ( 'NONE', ( #4964, #586, #365, #4584, #457, #680, #313, #600, #250, #216, #708, #422, #549, #4708, #654, #403, #825, #242, #62, #40, #124, #533, #5072, #4841, #701, #298, #689, #20, #315, #468, #2459, #638, #4762, #263, #677, #583, #3649, #141, #1013, #4810, #426, #390, #493, #205, #260, #4588, #310, #648, #618, #332, #406, #382, #801, #127, #693, #4989, #239, #37, #642, #349, #329, #339, #518, #437, #683, #4770, #117, #751, #696, #617, #461, #4901, #758, #116, #4187, #356, #15, #187, #636, #512, #5044, #420, #122, #4648, #46, #199, #397, #732, #381, #174, #1119, #647, #335, #16, #723, #232, #325, #602, #4477, #357, #173, #643, #4051, #2089, #98, #4603, #4872, #191, #4668, #384, #4689, #82, #4101, #728, #377, #259, #564, #764, #77, #161, #494, #508, #484, #4859, #725, #227, #502, #246, #427, #52, #766, #709, #4599, #4988, #4976, #2602 ) ) ;
#2056 = UNCERTAINTY_MEASURE_WITH_UNIT (LENGTH_MEASURE( 1.000000000000000100E-005 ), #2051, 'distance_accuracy_value', 'NONE');
#2057 =( GEOMETRIC_REPRESENTATION_CONTEXT ( 3 ) GLOBAL_UNCERTAINTY_ASSIGNED_CONTEXT ( ( #2056 ) ) GLOBAL_UNIT_ASSIGNED_CONTEXT ( ( #2051, #2052, #2053 ) ) REPRESENTATION_CONTEXT ( 'NONE', 'WORKASPACE' ) );
#2058 = CYLINDRICAL_SURFACE ( 'NONE', #2059, 0.2500000000000000000 ) ;
#2059 = AXIS2_PLACEMENT_3D ( 'NONE', #2060, #2061, #2062 ) ;
#2060 = CARTESIAN_POINT ( 'NONE',  ( 4.610000000000000300, 1.450000000000000000, -2.000000000000000000 ) ) ;
#2061 = DIRECTION ( 'NONE',  ( 0.0000000000000000000, 1.000000000000000000, 0.0000000000000000000 ) ) ;
#2062 = DIRECTION ( 'NONE',  ( 0.0000000000000000000, 0.0000000000000000000, 1.000000000000000000 ) ) ;
#2063 = FACE_OUTER_BOUND ( 'NONE', #326, .T. ) ;
#2064 = PLANE ( 'NONE',  #2065 ) ;
#2065 = AXIS2_PLACEMENT_3D ( 'NONE', #2066, #2067, #2068 ) ;
#2066 = CARTESIAN_POINT ( 'NONE',  ( 0.2250000000000000100, 0.4200000000000000400, -2.250000000000000000 ) ) ;
#2067 = DIRECTION ( 'NONE',  ( 0.0000000000000000000, -1.000000000000000000, 1.084202172485495800E-016 ) ) ;
#2068 = DIRECTION ( 'NONE',  ( 0.0000000000000000000, -1.084202172485495800E-016, -1.000000000000000000 ) ) ;
#2069 = LINE ( 'NONE', #2070, #2071 ) ;
#2070 = CARTESIAN_POINT ( 'NONE',  ( -0.2250000000000000100, 0.1200000000000000100, 2.870000000000000100 ) ) ;
#2071 = VECTOR ( 'NONE', #2073, 1000.000000000000000 ) ;
#2072 = EDGE_CURVE ( 'NONE', #4154, #2257, #3798, .T. ) ;
#2073 = DIRECTION ( 'NONE',  ( 0.0000000000000000000, -1.411721578757169900E-016, 1.000000000000000000 ) ) ;
#2074 = CARTESIAN_POINT ( 'NONE',  ( -0.2999999999999999900, 1.450000000000000000, 1.200000000000000000 ) ) ;
#2075 = LINE ( 'NONE', #2076, #2077 ) ;
#2076 = CARTESIAN_POINT ( 'NONE',  ( 0.2250000000000000100, 0.4200000000000000400, -2.250000000000000000 ) ) ;
#2077 = VECTOR ( 'NONE', #2078, 1000.000000000000000 ) ;
#2078 = DIRECTION ( 'NONE',  ( 0.0000000000000000000, 1.084202172485495800E-016, 1.000000000000000000 ) ) ;
#2079 = CARTESIAN_POINT ( 'NONE',  ( 2.765000000000000100, 0.5400000000000000400, -2.870000000000000100 ) ) ;
#2080 = LINE ( 'NONE', #2081, #2082 ) ;
#2081 = CARTESIAN_POINT ( 'NONE',  ( 1.044999999999999900, 0.5400000000000000400, 2.250000000000000000 ) ) ;
#2082 = VECTOR ( 'NONE', #2083, 1000.000000000000000 ) ;
#2083 = DIRECTION ( 'NONE',  ( 0.0000000000000000000, -1.748713181428220000E-016, 1.000000000000000000 ) ) ;
#2084 = LINE ( 'NONE', #2085, #2086 ) ;
#2085 = CARTESIAN_POINT ( 'NONE',  ( 0.9700000000000000800, 2.398528137423854700, 0.5999999999999999800 ) ) ;
#2086 = VECTOR ( 'NONE', #2087, 1000.000000000000000 ) ;
#2087 = DIRECTION ( 'NONE',  ( 0.0000000000000000000, -1.000000000000000000, 0.0000000000000000000 ) ) ;
#2088 = LINE ( 'NONE', #2091, #2092 ) ;
#2089 = ADVANCED_FACE ( 'NONE', ( #3803 ), #3819, .F. ) ;
#2090 = ORIENTED_EDGE ( 'NONE', *, *, #2374, .T. ) ;
#2091 = CARTESIAN_POINT ( 'NONE',  ( 2.765000000000000100, 0.1200000000000000100, -3.350000000000000100 ) ) ;
#2092 = VECTOR ( 'NONE', #2093, 1000.000000000000000 ) ;
#2093 = DIRECTION ( 'NONE',  ( -1.000000000000000000, 0.0000000000000000000, 0.0000000000000000000 ) ) ;
#2094 = FACE_OUTER_BOUND ( 'NONE', #4742, .T. ) ;
#2095 = PLANE ( 'NONE',  #2096 ) ;
#2096 = AXIS2_PLACEMENT_3D ( 'NONE', #2097, #2098, #2099 ) ;
#2097 = CARTESIAN_POINT ( 'NONE',  ( 4.035000000000000100, 0.1200000000000000100, 2.870000000000000100 ) ) ;
#2098 = DIRECTION ( 'NONE',  ( 0.0000000000000000000, -1.000000000000000000, -1.411721578757169900E-016 ) ) ;
#2099 = DIRECTION ( 'NONE',  ( 0.0000000000000000000, 1.411721578757169900E-016, -1.000000000000000000 ) ) ;
#2100 = CIRCLE ( 'NONE', #2101, 0.2500000000000000000 ) ;
#2101 = AXIS2_PLACEMENT_3D ( 'NONE', #2102, #2103, #2104 ) ;
#2102 = CARTESIAN_POINT ( 'NONE',  ( -0.8000000000000000400, 1.450000000000000000, -2.000000000000000000 ) ) ;
#2103 = DIRECTION ( 'NONE',  ( 0.0000000000000000000, 1.000000000000000000, 0.0000000000000000000 ) ) ;
#2104 = DIRECTION ( 'NONE',  ( 0.0000000000000000000, 0.0000000000000000000, 1.000000000000000000 ) ) ;
#2105 = LINE ( 'NONE', #2106, #2110 ) ;
#2106 = CARTESIAN_POINT ( 'NONE',  ( -0.5000000000000000000, 1.250000000000000000, 1.450000000000000000 ) ) ;
#2107 = EDGE_LOOP ( 'NONE', ( #2583, #245, #2109, #294, #3242, #3496, #1637, #11 ) ) ;
#2108 = EDGE_CURVE ( 'NONE', #4838, #388, #3852, .T. ) ;
#2109 = ORIENTED_EDGE ( 'NONE', *, *, #733, .T. ) ;
#2110 = VECTOR ( 'NONE', #2111, 1000.000000000000000 ) ;
#2111 = DIRECTION ( 'NONE',  ( 1.000000000000000000, 0.0000000000000000000, 0.0000000000000000000 ) ) ;
#2112 = LINE ( 'NONE', #2113, #2114 ) ;
#2113 = CARTESIAN_POINT ( 'NONE',  ( 2.765000000000000100, 0.5400000000000000400, 2.250000000000000000 ) ) ;
#2114 = VECTOR ( 'NONE', #2115, 1000.000000000000000 ) ;
#2115 = DIRECTION ( 'NONE',  ( 0.0000000000000000000, -1.748713181428220000E-016, 1.000000000000000000 ) ) ;
#2116 = FACE_OUTER_BOUND ( 'NONE', #4636, .T. ) ;
#2117 = PLANE ( 'NONE',  #2118 ) ;
#2118 = AXIS2_PLACEMENT_3D ( 'NONE', #2119, #2120, #2121 ) ;
#2119 = CARTESIAN_POINT ( 'NONE',  ( 2.765000000000000100, -1.585221031409174900E-017, 2.250000000000000000 ) ) ;
#2120 = DIRECTION ( 'NONE',  ( -1.000000000000000000, 0.0000000000000000000, 0.0000000000000000000 ) ) ;
#2121 = DIRECTION ( 'NONE',  ( 0.0000000000000000000, 0.0000000000000000000, 1.000000000000000000 ) ) ;
#2122 = LINE ( 'NONE', #2123, #2124 ) ;
#2123 = CARTESIAN_POINT ( 'NONE',  ( 4.035000000000000100, 0.1200000000000000100, -2.870000000000000100 ) ) ;
#2124 = VECTOR ( 'NONE', #2125, 1000.000000000000000 ) ;
#2125 = DIRECTION ( 'NONE',  ( -1.000000000000000000, 0.0000000000000000000, 0.0000000000000000000 ) ) ;
#2126 = CARTESIAN_POINT ( 'NONE',  ( 1.495000000000000100, 0.5400000000000000400, -2.250000000000000000 ) ) ;
#2127 = FACE_OUTER_BOUND ( 'NONE', #35, .T. ) ;
#2128 = PLANE ( 'NONE',  #2129 ) ;
#2129 = AXIS2_PLACEMENT_3D ( 'NONE', #2130, #2131, #2132 ) ;
#2130 = CARTESIAN_POINT ( 'NONE',  ( 2.765000000000000100, 0.4200000000000000400, 2.250000000000000000 ) ) ;
#2131 = DIRECTION ( 'NONE',  ( 0.0000000000000000000, 1.000000000000000000, 1.084202172485495800E-016 ) ) ;
#2132 = DIRECTION ( 'NONE',  ( 0.0000000000000000000, -1.084202172485495800E-016, 1.000000000000000000 ) ) ;
#2133 = LINE ( 'NONE', #2134, #2135 ) ;
#2134 = CARTESIAN_POINT ( 'NONE',  ( 3.510000000000000200, 1.450000000000000000, 0.5999999999999828800 ) ) ;
#2135 = VECTOR ( 'NONE', #2136, 1000.000000000000000 ) ;
#2136 = DIRECTION ( 'NONE',  ( -1.000000000000000000, 0.0000000000000000000, 0.0000000000000000000 ) ) ;
#2137 = LINE ( 'NONE', #2138, #2139 ) ;
#2138 = CARTESIAN_POINT ( 'NONE',  ( 4.309999999999999600, 1.550000000000000000, 1.450000000000000000 ) ) ;
#2139 = VECTOR ( 'NONE', #2140, 1000.000000000000000 ) ;
#2140 = DIRECTION ( 'NONE',  ( 0.0000000000000000000, -1.000000000000000000, 7.228014483236690600E-016 ) ) ;
#2141 = LINE ( 'NONE', #2142, #2143 ) ;
#2142 = CARTESIAN_POINT ( 'NONE',  ( 1.044999999999999900, 0.4200000000000000400, 2.250000000000000000 ) ) ;
#2143 = VECTOR ( 'NONE', #2144, 1000.000000000000000 ) ;
#2144 = DIRECTION ( 'NONE',  ( 0.0000000000000000000, 1.084202172485495800E-016, -1.000000000000000000 ) ) ;
#2145 = FACE_OUTER_BOUND ( 'NONE', #401, .T. ) ;
#2146 = PLANE ( 'NONE',  #2147 ) ;
#2147 = AXIS2_PLACEMENT_3D ( 'NONE', #2148, #2149, #2150 ) ;
#2148 = CARTESIAN_POINT ( 'NONE',  ( 2.765000000000000100, 0.4200000000000000400, 2.750000000000000000 ) ) ;
#2149 = DIRECTION ( 'NONE',  ( 0.0000000000000000000, -4.130293990420970500E-015, 1.000000000000000000 ) ) ;
#2150 = DIRECTION ( 'NONE',  ( 0.0000000000000000000, -1.000000000000000000, -4.130293990420970500E-015 ) ) ;
#2151 = LINE ( 'NONE', #2152, #2153 ) ;
#2152 = CARTESIAN_POINT ( 'NONE',  ( 4.035000000000000100, 0.4200000000000000400, 2.750000000000000000 ) ) ;
#2153 = VECTOR ( 'NONE', #2154, 1000.000000000000000 ) ;
#2154 = DIRECTION ( 'NONE',  ( -1.000000000000000000, 0.0000000000000000000, 0.0000000000000000000 ) ) ;
#2155 = FACE_OUTER_BOUND ( 'NONE', #3375, .T. ) ;
#2156 = FACE_BOUND ( 'NONE', #48, .T. ) ;
#2157 = COLOUR_RGB ( '',0.0000000000000000000, 0.0000000000000000000, 0.0000000000000000000 ) ;
#2158 = ORIENTED_EDGE ( 'NONE', *, *, #4790, .T. ) ;
#2159 = FILL_AREA_STYLE_COLOUR ( '', #2157 ) ;
#2160 = FILL_AREA_STYLE ('',( #2159 ) ) ;
#2161 = SURFACE_STYLE_FILL_AREA ( #2160 ) ;
#2162 = SURFACE_SIDE_STYLE ('',( #2161 ) ) ;
#2163 = SURFACE_STYLE_USAGE ( .BOTH. , #2162 ) ;
#2164 = PRESENTATION_STYLE_ASSIGNMENT (( #2163 ) ) ;
#2165 = STYLED_ITEM ( 'NONE', ( #2164 ), #339 ) ;
#2166 = PRESENTATION_LAYER_ASSIGNMENT (  '', '', ( #2165 ) ) ;
#2167 = MECHANICAL_DESIGN_GEOMETRIC_PRESENTATION_REPRESENTATION (  '', ( #2165 ), #2172 ) ;
#2168 =( LENGTH_UNIT ( ) NAMED_UNIT ( * ) SI_UNIT ( .MILLI., .METRE. ) );
#2169 =( NAMED_UNIT ( * ) PLANE_ANGLE_UNIT ( ) SI_UNIT ( $, .RADIAN. ) );
#2170 =( NAMED_UNIT ( * ) SI_UNIT ( $, .STERADIAN. ) SOLID_ANGLE_UNIT ( ) );
#2171 = UNCERTAINTY_MEASURE_WITH_UNIT (LENGTH_MEASURE( 1.000000000000000100E-005 ), #2168, 'distance_accuracy_value', 'NONE');
#2172 =( GEOMETRIC_REPRESENTATION_CONTEXT ( 3 ) GLOBAL_UNCERTAINTY_ASSIGNED_CONTEXT ( ( #2171 ) ) GLOBAL_UNIT_ASSIGNED_CONTEXT ( ( #2168, #2169, #2170 ) ) REPRESENTATION_CONTEXT ( 'NONE', 'WORKASPACE' ) );
#2173 = PLANE ( 'NONE',  #2174 ) ;
#2174 = AXIS2_PLACEMENT_3D ( 'NONE', #2175, #2176, #2177 ) ;
#2175 = CARTESIAN_POINT ( 'NONE',  ( -0.5000000000000000000, 1.250000000000000000, -1.450000000000000000 ) ) ;
#2176 = DIRECTION ( 'NONE',  ( 0.0000000000000000000, -1.000000000000000000, 0.0000000000000000000 ) ) ;
#2177 = DIRECTION ( 'NONE',  ( 0.0000000000000000000, 0.0000000000000000000, -1.000000000000000000 ) ) ;
#2178 = LINE ( 'NONE', #2179, #2180 ) ;
#2179 = CARTESIAN_POINT ( 'NONE',  ( 2.765000000000000100, 0.1200000000000000100, -3.350000000000000100 ) ) ;
#2180 = VECTOR ( 'NONE', #2181, 1000.000000000000000 ) ;
#2181 = DIRECTION ( 'NONE',  ( 0.0000000000000000000, -1.000000000000000000, 0.0000000000000000000 ) ) ;
#2182 = LINE ( 'NONE', #2183, #2184 ) ;
#2183 = CARTESIAN_POINT ( 'NONE',  ( 1.495000000000000100, 0.5400000000000000400, -2.870000000000000100 ) ) ;
#2184 = VECTOR ( 'NONE', #2185, 1000.000000000000000 ) ;
#2185 = DIRECTION ( 'NONE',  ( 0.0000000000000000000, -1.000000000000000000, 3.097720492815730200E-015 ) ) ;
#2186 = CARTESIAN_POINT ( 'NONE',  ( 4.360000000000000300, 1.450000000000000000, 2.000000000000000000 ) ) ;
#2187 = CARTESIAN_POINT ( 'NONE',  ( -0.2250000000000000100, 0.5400000000000000400, -2.250000000000000000 ) ) ;
#2188 = CARTESIAN_POINT ( 'NONE',  ( 2.839999999999999900, 1.250000000000000000, 1.200000000000000000 ) ) ;
#2189 = LINE ( 'NONE', #2190, #2191 ) ;
#2190 = CARTESIAN_POINT ( 'NONE',  ( 2.239999999999999800, 1.450000000000000000, 0.5999999999999889900 ) ) ;
#2191 = VECTOR ( 'NONE', #2192, 1000.000000000000000 ) ;
#2192 = DIRECTION ( 'NONE',  ( 0.0000000000000000000, 0.0000000000000000000, 1.000000000000000000 ) ) ;
#2193 = CARTESIAN_POINT ( 'NONE',  ( 3.585000000000000000, 0.1200000000000000100, 3.350000000000000100 ) ) ;
#2194 = CARTESIAN_POINT ( 'NONE',  ( 2.040000000000000000, 1.250000000000000000, 1.450000000000000000 ) ) ;
#2195 = FACE_OUTER_BOUND ( 'NONE', #4889, .T. ) ;
#2196 = PLANE ( 'NONE',  #2197 ) ;
#2197 = AXIS2_PLACEMENT_3D ( 'NONE', #2198, #2199, #2200 ) ;
#2198 = CARTESIAN_POINT ( 'NONE',  ( 2.314999999999999900, -1.585221031409174900E-017, 2.250000000000000000 ) ) ;
#2199 = DIRECTION ( 'NONE',  ( -1.000000000000000000, 0.0000000000000000000, 0.0000000000000000000 ) ) ;
#2200 = DIRECTION ( 'NONE',  ( 0.0000000000000000000, 0.0000000000000000000, 1.000000000000000000 ) ) ;
#2201 = CARTESIAN_POINT ( 'NONE',  ( 4.309999999999999600, 1.550000000000000000, -1.450000000000000000 ) ) ;
#2202 = CARTESIAN_POINT ( 'NONE',  ( 1.044999999999999900, 0.5400000000000000400, 2.870000000000000100 ) ) ;
#2203 = CARTESIAN_POINT ( 'NONE',  ( -0.2250000000000000100, 3.673819061467100000E-018, -2.750000000000000000 ) ) ;
#2204 = CARTESIAN_POINT ( 'NONE',  ( 4.035000000000000100, 0.1200000000000000100, -2.870000000000000100 ) ) ;
#2205 = LINE ( 'NONE', #2206, #2208 ) ;
#2206 = CARTESIAN_POINT ( 'NONE',  ( 2.314999999999999900, 0.5400000000000000400, 2.870000000000000100 ) ) ;
#2207 = ORIENTED_EDGE ( 'NONE', *, *, #759, .F. ) ;
#2208 = VECTOR ( 'NONE', #2209, 1000.000000000000000 ) ;
#2209 = DIRECTION ( 'NONE',  ( 0.0000000000000000000, -1.000000000000000000, -3.097720492815730200E-015 ) ) ;
#2210 = FACE_OUTER_BOUND ( 'NONE', #4698, .T. ) ;
#2211 = PLANE ( 'NONE',  #2212 ) ;
#2212 = AXIS2_PLACEMENT_3D ( 'NONE', #2213, #2214, #2215 ) ;
#2213 = CARTESIAN_POINT ( 'NONE',  ( 0.2250000000000000100, 0.5400000000000000400, -2.250000000000000000 ) ) ;
#2214 = DIRECTION ( 'NONE',  ( 0.0000000000000000000, 1.000000000000000000, -1.748713181428220000E-016 ) ) ;
#2215 = DIRECTION ( 'NONE',  ( 0.0000000000000000000, 1.748713181428220000E-016, 1.000000000000000000 ) ) ;
#2216 = FACE_OUTER_BOUND ( 'NONE', #4845, .T. ) ;
#2217 = PLANE ( 'NONE',  #2218 ) ;
#2218 = AXIS2_PLACEMENT_3D ( 'NONE', #2219, #2220, #2221 ) ;
#2219 = CARTESIAN_POINT ( 'NONE',  ( 2.765000000000000100, 0.1200000000000000100, 3.350000000000000100 ) ) ;
#2220 = DIRECTION ( 'NONE',  ( 0.0000000000000000000, 0.0000000000000000000, -1.000000000000000000 ) ) ;
#2221 = DIRECTION ( 'NONE',  ( -1.000000000000000000, 0.0000000000000000000, 0.0000000000000000000 ) ) ;
#2222 = CARTESIAN_POINT ( 'NONE',  ( 2.765000000000000100, 0.1200000000000000100, -3.350000000000000100 ) ) ;
#2223 = LINE ( 'NONE', #2224, #2225 ) ;
#2224 = CARTESIAN_POINT ( 'NONE',  ( 0.2250000000000000100, 0.5400000000000000400, -2.250000000000000000 ) ) ;
#2225 = VECTOR ( 'NONE', #2226, 1000.000000000000000 ) ;
#2226 = DIRECTION ( 'NONE',  ( 0.0000000000000000000, -1.748713181428220000E-016, -1.000000000000000000 ) ) ;
#2227 = LINE ( 'NONE', #2228, #2229 ) ;
#2228 = CARTESIAN_POINT ( 'NONE',  ( 1.495000000000000100, 0.5400000000000000400, -2.870000000000000100 ) ) ;
#2229 = VECTOR ( 'NONE', #2230, 1000.000000000000000 ) ;
#2230 = DIRECTION ( 'NONE',  ( -1.000000000000000000, 0.0000000000000000000, 0.0000000000000000000 ) ) ;
#2231 = CARTESIAN_POINT ( 'NONE',  ( -0.2250000000000000100, 0.5400000000000000400, 2.250000000000000000 ) ) ;
#2232 = LINE ( 'NONE', #2233, #2234 ) ;
#2233 = CARTESIAN_POINT ( 'NONE',  ( 0.5000000000000000000, 1.250000000000000000, -1.450000000000000000 ) ) ;
#2234 = VECTOR ( 'NONE', #2235, 1000.000000000000000 ) ;
#2235 = DIRECTION ( 'NONE',  ( 0.0000000000000000000, 0.0000000000000000000, -1.000000000000000000 ) ) ;
#2236 = CARTESIAN_POINT ( 'NONE',  ( 1.044999999999999900, 0.4200000000000000400, 2.250000000000000000 ) ) ;
#2237 = CARTESIAN_POINT ( 'NONE',  ( 0.7699999999999999100, 1.250000000000000000, -1.450000000000000000 ) ) ;
#2238 = LINE ( 'NONE', #2239, #2241 ) ;
#2239 = CARTESIAN_POINT ( 'NONE',  ( 2.239999999999999800, 1.250000000000000000, 0.5999999999999889900 ) ) ;
#2240 = VERTEX_POINT ( 'NONE', #3909 ) ;
#2241 = VECTOR ( 'NONE', #2242, 1000.000000000000000 ) ;
#2242 = DIRECTION ( 'NONE',  ( 0.0000000000000000000, 0.0000000000000000000, 1.000000000000000000 ) ) ;
#2243 = LINE ( 'NONE', #2244, #2245 ) ;
#2244 = CARTESIAN_POINT ( 'NONE',  ( -0.2250000000000000100, 3.673819061467100000E-018, -2.750000000000000000 ) ) ;
#2245 = VECTOR ( 'NONE', #2246, 1000.000000000000000 ) ;
#2246 = DIRECTION ( 'NONE',  ( 0.0000000000000000000, -3.905205875111755100E-017, 1.000000000000000000 ) ) ;
#2247 = LINE ( 'NONE', #2248, #2249 ) ;
#2248 = CARTESIAN_POINT ( 'NONE',  ( 0.9700000000000000800, 1.450000000000000000, 0.5999999999999999800 ) ) ;
#2249 = VECTOR ( 'NONE', #2250, 1000.000000000000000 ) ;
#2250 = DIRECTION ( 'NONE',  ( -1.000000000000000000, 0.0000000000000000000, 0.0000000000000000000 ) ) ;
#2251 = FACE_OUTER_BOUND ( 'NONE', #4918, .T. ) ;
#2252 = COLOUR_RGB ( '',0.0000000000000000000, 0.0000000000000000000, 0.0000000000000000000 ) ;
#2253 = FILL_AREA_STYLE_COLOUR ( '', #2252 ) ;
#2254 = FILL_AREA_STYLE ('',( #2253 ) ) ;
#2255 = SURFACE_STYLE_FILL_AREA ( #2254 ) ;
#2256 = SURFACE_SIDE_STYLE ('',( #2255 ) ) ;
#2257 = VERTEX_POINT ( 'NONE', #3947 ) ;
#2258 = SURFACE_STYLE_USAGE ( .BOTH. , #2256 ) ;
#2259 = PRESENTATION_STYLE_ASSIGNMENT (( #2258 ) ) ;
#2260 = STYLED_ITEM ( 'NONE', ( #2259 ), #365 ) ;
#2261 = PRESENTATION_LAYER_ASSIGNMENT (  '', '', ( #2260 ) ) ;
#2262 = MECHANICAL_DESIGN_GEOMETRIC_PRESENTATION_REPRESENTATION (  '', ( #2260 ), #2267 ) ;
#2263 =( LENGTH_UNIT ( ) NAMED_UNIT ( * ) SI_UNIT ( .MILLI., .METRE. ) );
#2264 =( NAMED_UNIT ( * ) PLANE_ANGLE_UNIT ( ) SI_UNIT ( $, .RADIAN. ) );
#2265 =( NAMED_UNIT ( * ) SI_UNIT ( $, .STERADIAN. ) SOLID_ANGLE_UNIT ( ) );
#2266 = UNCERTAINTY_MEASURE_WITH_UNIT (LENGTH_MEASURE( 1.000000000000000100E-005 ), #2263, 'distance_accuracy_value', 'NONE');
#2267 =( GEOMETRIC_REPRESENTATION_CONTEXT ( 3 ) GLOBAL_UNCERTAINTY_ASSIGNED_CONTEXT ( ( #2266 ) ) GLOBAL_UNIT_ASSIGNED_CONTEXT ( ( #2263, #2264, #2265 ) ) REPRESENTATION_CONTEXT ( 'NONE', 'WORKASPACE' ) );
#2268 = PLANE ( 'NONE',  #2269 ) ;
#2269 = AXIS2_PLACEMENT_3D ( 'NONE', #2270, #2271, #2272 ) ;
#2270 = CARTESIAN_POINT ( 'NONE',  ( 0.7699999999999999100, 1.550000000000000000, -1.450000000000000000 ) ) ;
#2271 = DIRECTION ( 'NONE',  ( 0.0000000000000000000, 7.228014483236690600E-016, -1.000000000000000000 ) ) ;
#2272 = DIRECTION ( 'NONE',  ( 0.0000000000000000000, 1.000000000000000000, 7.228014483236690600E-016 ) ) ;
#2273 = FACE_OUTER_BOUND ( 'NONE', #4971, .T. ) ;
#2274 = EDGE_LOOP ( 'NONE', ( #2702, #5067, #4978, #4641 ) ) ;
#2275 = PLANE ( 'NONE',  #2276 ) ;
#2276 = AXIS2_PLACEMENT_3D ( 'NONE', #2277, #2278, #2279 ) ;
#2277 = CARTESIAN_POINT ( 'NONE',  ( 2.765000000000000100, 0.1200000000000000100, 2.870000000000000100 ) ) ;
#2278 = DIRECTION ( 'NONE',  ( 0.0000000000000000000, -1.000000000000000000, -1.411721578757169900E-016 ) ) ;
#2279 = DIRECTION ( 'NONE',  ( 0.0000000000000000000, 1.411721578757169900E-016, -1.000000000000000000 ) ) ;
#2280 = LINE ( 'NONE', #2281, #2282 ) ;
#2281 = CARTESIAN_POINT ( 'NONE',  ( 1.495000000000000100, 0.4200000000000000400, 2.250000000000000000 ) ) ;
#2282 = VECTOR ( 'NONE', #2283, 1000.000000000000000 ) ;
#2283 = DIRECTION ( 'NONE',  ( 0.0000000000000000000, 1.084202172485495800E-016, -1.000000000000000000 ) ) ;
#2284 = LINE ( 'NONE', #2285, #2286 ) ;
#2285 = CARTESIAN_POINT ( 'NONE',  ( 3.585000000000000000, 0.5400000000000000400, -2.250000000000000000 ) ) ;
#2286 = VECTOR ( 'NONE', #2287, 1000.000000000000000 ) ;
#2287 = DIRECTION ( 'NONE',  ( 0.0000000000000000000, 1.000000000000000000, 0.0000000000000000000 ) ) ;
#2288 = LINE ( 'NONE', #2289, #2290 ) ;
#2289 = CARTESIAN_POINT ( 'NONE',  ( 1.770000000000000000, 1.250000000000000000, -1.450000000000000000 ) ) ;
#2290 = VECTOR ( 'NONE', #2291, 1000.000000000000000 ) ;
#2291 = DIRECTION ( 'NONE',  ( 0.0000000000000000000, 0.0000000000000000000, -1.000000000000000000 ) ) ;
#2292 = LINE ( 'NONE', #2293, #2294 ) ;
#2293 = CARTESIAN_POINT ( 'NONE',  ( 1.495000000000000100, 0.5400000000000000400, 2.870000000000000100 ) ) ;
#2294 = VECTOR ( 'NONE', #2295, 1000.000000000000000 ) ;
#2295 = DIRECTION ( 'NONE',  ( 0.0000000000000000000, -1.000000000000000000, -3.097720492815730200E-015 ) ) ;
#2296 = CARTESIAN_POINT ( 'NONE',  ( 0.2250000000000000100, 0.5400000000000000400, 2.870000000000000100 ) ) ;
#2297 = FACE_OUTER_BOUND ( 'NONE', #3053, .T. ) ;
#2298 = PLANE ( 'NONE',  #2299 ) ;
#2299 = AXIS2_PLACEMENT_3D ( 'NONE', #2300, #2301, #2302 ) ;
#2300 = CARTESIAN_POINT ( 'NONE',  ( 0.2250000000000000100, 0.4200000000000000400, -2.750000000000000000 ) ) ;
#2301 = DIRECTION ( 'NONE',  ( 0.0000000000000000000, 4.130293990420970500E-015, 1.000000000000000000 ) ) ;
#2302 = DIRECTION ( 'NONE',  ( 0.0000000000000000000, -1.000000000000000000, 4.130293990420970500E-015 ) ) ;
#2303 = CARTESIAN_POINT ( 'NONE',  ( 0.7699999999999999100, 1.550000000000000000, 1.450000000000000000 ) ) ;
#2304 = LINE ( 'NONE', #2305, #2306 ) ;
#2305 = CARTESIAN_POINT ( 'NONE',  ( 4.360000000000000300, 1.450000000000000000, -2.250000000000000000 ) ) ;
#2306 = VECTOR ( 'NONE', #2307, 1000.000000000000000 ) ;
#2307 = DIRECTION ( 'NONE',  ( 0.0000000000000000000, 1.000000000000000000, 0.0000000000000000000 ) ) ;
#2308 = LINE ( 'NONE', #2309, #2310 ) ;
#2309 = CARTESIAN_POINT ( 'NONE',  ( 3.510000000000000200, 1.250000000000000000, 0.5999999999999828800 ) ) ;
#2310 = VECTOR ( 'NONE', #2311, 1000.000000000000000 ) ;
#2311 = DIRECTION ( 'NONE',  ( 0.0000000000000000000, 0.0000000000000000000, 1.000000000000000000 ) ) ;
#2312 = LINE ( 'NONE', #2313, #2314 ) ;
#2313 = CARTESIAN_POINT ( 'NONE',  ( 3.040000000000000000, 1.550000000000000000, 1.450000000000000000 ) ) ;
#2314 = VECTOR ( 'NONE', #2315, 1000.000000000000000 ) ;
#2315 = DIRECTION ( 'NONE',  ( 0.0000000000000000000, -1.000000000000000000, 7.228014483236690600E-016 ) ) ;
#2316 = FACE_OUTER_BOUND ( 'NONE', #282, .T. ) ;
#2317 = PLANE ( 'NONE',  #2318 ) ;
#2318 = AXIS2_PLACEMENT_3D ( 'NONE', #2319, #2320, #2321 ) ;
#2319 = CARTESIAN_POINT ( 'NONE',  ( 0.2250000000000000100, 0.1200000000000000100, 3.350000000000000100 ) ) ;
#2320 = DIRECTION ( 'NONE',  ( 0.0000000000000000000, 0.0000000000000000000, -1.000000000000000000 ) ) ;
#2321 = DIRECTION ( 'NONE',  ( -1.000000000000000000, 0.0000000000000000000, 0.0000000000000000000 ) ) ;
#2322 = LINE ( 'NONE', #2324, #2325 ) ;
#2323 = ORIENTED_EDGE ( 'NONE', *, *, #2409, .F. ) ;
#2324 = CARTESIAN_POINT ( 'NONE',  ( 3.040000000000000000, 1.550000000000000000, 1.450000000000000000 ) ) ;
#2325 = VECTOR ( 'NONE', #2326, 1000.000000000000000 ) ;
#2326 = DIRECTION ( 'NONE',  ( 0.0000000000000000000, 0.0000000000000000000, 1.000000000000000000 ) ) ;
#2327 = FACE_OUTER_BOUND ( 'NONE', #153, .T. ) ;
#2328 = COLOUR_RGB ( '',0.0000000000000000000, 0.0000000000000000000, 0.0000000000000000000 ) ;
#2329 = FILL_AREA_STYLE_COLOUR ( '', #2328 ) ;
#2330 = FILL_AREA_STYLE ('',( #2329 ) ) ;
#2331 = SURFACE_STYLE_FILL_AREA ( #2330 ) ;
#2332 = SURFACE_SIDE_STYLE ('',( #2331 ) ) ;
#2333 = SURFACE_STYLE_USAGE ( .BOTH. , #2332 ) ;
#2334 = PRESENTATION_STYLE_ASSIGNMENT (( #2333 ) ) ;
#2335 = STYLED_ITEM ( 'NONE', ( #2334 ), #382 ) ;
#2336 = PRESENTATION_LAYER_ASSIGNMENT (  '', '', ( #2335 ) ) ;
#2337 = MECHANICAL_DESIGN_GEOMETRIC_PRESENTATION_REPRESENTATION (  '', ( #2335 ), #2344 ) ;
#2338 =( LENGTH_UNIT ( ) NAMED_UNIT ( * ) SI_UNIT ( .MILLI., .METRE. ) );
#2339 =( NAMED_UNIT ( * ) PLANE_ANGLE_UNIT ( ) SI_UNIT ( $, .RADIAN. ) );
#2340 = ORIENTED_EDGE ( 'NONE', *, *, #806, .T. ) ;
#2341 = ORIENTED_EDGE ( 'NONE', *, *, #670, .F. ) ;
#2342 =( NAMED_UNIT ( * ) SI_UNIT ( $, .STERADIAN. ) SOLID_ANGLE_UNIT ( ) );
#2343 = UNCERTAINTY_MEASURE_WITH_UNIT (LENGTH_MEASURE( 1.000000000000000100E-005 ), #2338, 'distance_accuracy_value', 'NONE');
#2344 =( GEOMETRIC_REPRESENTATION_CONTEXT ( 3 ) GLOBAL_UNCERTAINTY_ASSIGNED_CONTEXT ( ( #2343 ) ) GLOBAL_UNIT_ASSIGNED_CONTEXT ( ( #2338, #2339, #2342 ) ) REPRESENTATION_CONTEXT ( 'NONE', 'WORKASPACE' ) );
#2345 = PLANE ( 'NONE',  #2346 ) ;
#2346 = AXIS2_PLACEMENT_3D ( 'NONE', #2347, #2348, #2349 ) ;
#2347 = CARTESIAN_POINT ( 'NONE',  ( -0.8000000000000000400, 1.450000000000000000, 2.000000000000000000 ) ) ;
#2348 = DIRECTION ( 'NONE',  ( 0.0000000000000000000, -1.000000000000000000, 0.0000000000000000000 ) ) ;
#2349 = DIRECTION ( 'NONE',  ( 0.0000000000000000000, 0.0000000000000000000, -1.000000000000000000 ) ) ;
#2350 = CARTESIAN_POINT ( 'NONE',  ( 4.309999999999999600, 1.550000000000000000, 1.450000000000000000 ) ) ;
#2351 = LINE ( 'NONE', #2352, #2353 ) ;
#2352 = CARTESIAN_POINT ( 'NONE',  ( 0.2250000000000000100, 0.5400000000000000400, 2.250000000000000000 ) ) ;
#2353 = VECTOR ( 'NONE', #2354, 1000.000000000000000 ) ;
#2354 = DIRECTION ( 'NONE',  ( 0.0000000000000000000, 1.000000000000000000, 0.0000000000000000000 ) ) ;
#2355 = FACE_OUTER_BOUND ( 'NONE', #432, .T. ) ;
#2356 = COLOUR_RGB ( '',1.000000000000000000, 1.000000000000000000, 1.000000000000000000 ) ;
#2357 = FILL_AREA_STYLE_COLOUR ( '', #2356 ) ;
#2358 = FILL_AREA_STYLE ('',( #2357 ) ) ;
#2359 = SURFACE_STYLE_FILL_AREA ( #2358 ) ;
#2360 = SURFACE_SIDE_STYLE ('',( #2359 ) ) ;
#2361 = SURFACE_STYLE_USAGE ( .BOTH. , #2360 ) ;
#2362 = PRESENTATION_STYLE_ASSIGNMENT (( #2361 ) ) ;
#2363 = STYLED_ITEM ( 'NONE', ( #2362 ), #384 ) ;
#2364 = PRESENTATION_LAYER_ASSIGNMENT (  '', '', ( #2363 ) ) ;
#2365 = MECHANICAL_DESIGN_GEOMETRIC_PRESENTATION_REPRESENTATION (  '', ( #2363 ), #2370 ) ;
#2366 =( LENGTH_UNIT ( ) NAMED_UNIT ( * ) SI_UNIT ( .MILLI., .METRE. ) );
#2367 =( NAMED_UNIT ( * ) PLANE_ANGLE_UNIT ( ) SI_UNIT ( $, .RADIAN. ) );
#2368 =( NAMED_UNIT ( * ) SI_UNIT ( $, .STERADIAN. ) SOLID_ANGLE_UNIT ( ) );
#2369 = UNCERTAINTY_MEASURE_WITH_UNIT (LENGTH_MEASURE( 1.000000000000000100E-005 ), #2366, 'distance_accuracy_value', 'NONE');
#2370 =( GEOMETRIC_REPRESENTATION_CONTEXT ( 3 ) GLOBAL_UNCERTAINTY_ASSIGNED_CONTEXT ( ( #2369 ) ) GLOBAL_UNIT_ASSIGNED_CONTEXT ( ( #2366, #2367, #2368 ) ) REPRESENTATION_CONTEXT ( 'NONE', 'WORKASPACE' ) );
#2371 = PLANE ( 'NONE',  #2372 ) ;
#2372 = AXIS2_PLACEMENT_3D ( 'NONE', #2373, #2376, #2377 ) ;
#2373 = CARTESIAN_POINT ( 'NONE',  ( 3.510000000000000200, 2.398528137423854700, 0.5999999999999828800 ) ) ;
#2374 = EDGE_CURVE ( 'NONE', #4975, #561, #4000, .T. ) ;
#2375 = ORIENTED_EDGE ( 'NONE', *, *, #58, .F. ) ;
#2376 = DIRECTION ( 'NONE',  ( 0.0000000000000000000, 0.0000000000000000000, 1.000000000000000000 ) ) ;
#2377 = DIRECTION ( 'NONE',  ( 1.000000000000000000, 0.0000000000000000000, 0.0000000000000000000 ) ) ;
#2378 = CARTESIAN_POINT ( 'NONE',  ( 2.239999999999999800, 1.450000000000000000, 0.5999999999999889900 ) ) ;
#2379 = LINE ( 'NONE', #2380, #2381 ) ;
#2380 = CARTESIAN_POINT ( 'NONE',  ( 4.035000000000000100, 0.1200000000000000100, 2.870000000000000100 ) ) ;
#2381 = VECTOR ( 'NONE', #2382, 1000.000000000000000 ) ;
#2382 = DIRECTION ( 'NONE',  ( -1.000000000000000000, 0.0000000000000000000, 0.0000000000000000000 ) ) ;
#2383 = CARTESIAN_POINT ( 'NONE',  ( 2.314999999999999900, 0.1200000000000000100, 2.870000000000000100 ) ) ;
#2384 = CARTESIAN_POINT ( 'NONE',  ( -0.5000000000000000000, 1.250000000000000000, 1.450000000000000000 ) ) ;
#2385 = LINE ( 'NONE', #2386, #2387 ) ;
#2386 = CARTESIAN_POINT ( 'NONE',  ( 0.2250000000000000100, 3.673819061467100000E-018, 2.750000000000000000 ) ) ;
#2387 = VECTOR ( 'NONE', #2388, 1000.000000000000000 ) ;
#2388 = DIRECTION ( 'NONE',  ( 0.0000000000000000000, -3.905205875111755100E-017, -1.000000000000000000 ) ) ;
#2389 = CARTESIAN_POINT ( 'NONE',  ( 3.040000000000000000, 1.250000000000000000, -1.450000000000000000 ) ) ;
#2390 = LINE ( 'NONE', #2391, #2393 ) ;
#2391 = CARTESIAN_POINT ( 'NONE',  ( 4.035000000000000100, 0.5400000000000000400, 2.870000000000000100 ) ) ;
#2392 = ORIENTED_EDGE ( 'NONE', *, *, #3698, .F. ) ;
#2393 = VECTOR ( 'NONE', #2394, 1000.000000000000000 ) ;
#2394 = DIRECTION ( 'NONE',  ( -1.000000000000000000, 0.0000000000000000000, 0.0000000000000000000 ) ) ;
#2395 = LINE ( 'NONE', #2396, #2397 ) ;
#2396 = CARTESIAN_POINT ( 'NONE',  ( 2.314999999999999900, 0.5400000000000000400, -2.250000000000000000 ) ) ;
#2397 = VECTOR ( 'NONE', #2398, 1000.000000000000000 ) ;
#2398 = DIRECTION ( 'NONE',  ( 0.0000000000000000000, -1.748713181428220000E-016, -1.000000000000000000 ) ) ;
#2399 = FACE_OUTER_BOUND ( 'NONE', #4741, .T. ) ;
#2400 = COLOUR_RGB ( '',0.0000000000000000000, 0.0000000000000000000, 0.0000000000000000000 ) ;
#2401 = FILL_AREA_STYLE_COLOUR ( '', #2400 ) ;
#2402 = FILL_AREA_STYLE ('',( #2401 ) ) ;
#2403 = SURFACE_STYLE_FILL_AREA ( #2402 ) ;
#2404 = SURFACE_SIDE_STYLE ('',( #2403 ) ) ;
#2405 = SURFACE_STYLE_USAGE ( .BOTH. , #2404 ) ;
#2406 = PRESENTATION_STYLE_ASSIGNMENT (( #2405 ) ) ;
#2407 = STYLED_ITEM ( 'NONE', ( #2406 ), #390 ) ;
#2408 = PRESENTATION_LAYER_ASSIGNMENT (  '', '', ( #2407 ) ) ;
#2409 = EDGE_CURVE ( 'NONE', #345, #112, #4048, .T. ) ;
#2410 = MECHANICAL_DESIGN_GEOMETRIC_PRESENTATION_REPRESENTATION (  '', ( #2407 ), #2415 ) ;
#2411 =( LENGTH_UNIT ( ) NAMED_UNIT ( * ) SI_UNIT ( .MILLI., .METRE. ) );
#2412 =( NAMED_UNIT ( * ) PLANE_ANGLE_UNIT ( ) SI_UNIT ( $, .RADIAN. ) );
#2413 =( NAMED_UNIT ( * ) SI_UNIT ( $, .STERADIAN. ) SOLID_ANGLE_UNIT ( ) );
#2414 = UNCERTAINTY_MEASURE_WITH_UNIT (LENGTH_MEASURE( 1.000000000000000100E-005 ), #2411, 'distance_accuracy_value', 'NONE');
#2415 =( GEOMETRIC_REPRESENTATION_CONTEXT ( 3 ) GLOBAL_UNCERTAINTY_ASSIGNED_CONTEXT ( ( #2414 ) ) GLOBAL_UNIT_ASSIGNED_CONTEXT ( ( #2411, #2412, #2413 ) ) REPRESENTATION_CONTEXT ( 'NONE', 'WORKASPACE' ) );
#2416 = PLANE ( 'NONE',  #2417 ) ;
#2417 = AXIS2_PLACEMENT_3D ( 'NONE', #2418, #2419, #2420 ) ;
#2418 = CARTESIAN_POINT ( 'NONE',  ( 4.610000000000000300, 1.450000000000000000, -2.000000000000000000 ) ) ;
#2419 = DIRECTION ( 'NONE',  ( 0.0000000000000000000, -1.000000000000000000, 0.0000000000000000000 ) ) ;
#2420 = DIRECTION ( 'NONE',  ( 0.0000000000000000000, 0.0000000000000000000, -1.000000000000000000 ) ) ;
#2421 = LINE ( 'NONE', #2422, #2423 ) ;
#2422 = CARTESIAN_POINT ( 'NONE',  ( -0.2999999999999999900, 2.398528137423854700, 1.200000000000000000 ) ) ;
#2423 = VECTOR ( 'NONE', #2424, 1000.000000000000000 ) ;
#2424 = DIRECTION ( 'NONE',  ( 0.0000000000000000000, -1.000000000000000000, 0.0000000000000000000 ) ) ;
#2425 = LINE ( 'NONE', #2426, #2427 ) ;
#2426 = CARTESIAN_POINT ( 'NONE',  ( 2.040000000000000000, 1.550000000000000000, 1.450000000000000000 ) ) ;
#2427 = VECTOR ( 'NONE', #2428, 1000.000000000000000 ) ;
#2428 = DIRECTION ( 'NONE',  ( 0.0000000000000000000, -1.000000000000000000, 7.228014483236690600E-016 ) ) ;
#2429 = CARTESIAN_POINT ( 'NONE',  ( 4.360000000000000300, 1.450000000000000000, -2.250000000000000000 ) ) ;
#2430 = LINE ( 'NONE', #2431, #2432 ) ;
#2431 = CARTESIAN_POINT ( 'NONE',  ( -0.2250000000000000100, 0.4200000000000000400, -2.750000000000000000 ) ) ;
#2432 = VECTOR ( 'NONE', #2433, 1000.000000000000000 ) ;
#2433 = DIRECTION ( 'NONE',  ( 0.0000000000000000000, 1.000000000000000000, -4.130293990420970500E-015 ) ) ;
#2434 = LINE ( 'NONE', #2435, #2436 ) ;
#2435 = CARTESIAN_POINT ( 'NONE',  ( 1.570000000000000100, 1.250000000000000000, 0.5999999999999999800 ) ) ;
#2436 = VECTOR ( 'NONE', #2437, 1000.000000000000000 ) ;
#2437 = DIRECTION ( 'NONE',  ( 0.0000000000000000000, 0.0000000000000000000, -1.000000000000000000 ) ) ;
#2438 = CARTESIAN_POINT ( 'NONE',  ( -0.2250000000000000100, 2.710505431213759900E-017, -3.350000000000000100 ) ) ;
#2439 = LINE ( 'NONE', #2440, #2441 ) ;
#2440 = CARTESIAN_POINT ( 'NONE',  ( 4.035000000000000100, 0.4200000000000000400, 2.750000000000000000 ) ) ;
#2441 = VECTOR ( 'NONE', #2443, 1000.000000000000000 ) ;
#2442 = ORIENTED_EDGE ( 'NONE', *, *, #264, .T. ) ;
#2443 = DIRECTION ( 'NONE',  ( 0.0000000000000000000, 1.000000000000000000, 4.130293990420970500E-015 ) ) ;
#2444 = LINE ( 'NONE', #2445, #2446 ) ;
#2445 = CARTESIAN_POINT ( 'NONE',  ( 2.239999999999999800, 1.450000000000000000, 0.5999999999999889900 ) ) ;
#2446 = VECTOR ( 'NONE', #2447, 1000.000000000000000 ) ;
#2447 = DIRECTION ( 'NONE',  ( -1.000000000000000000, 0.0000000000000000000, 0.0000000000000000000 ) ) ;
#2448 = FACE_OUTER_BOUND ( 'NONE', #4860, .T. ) ;
#2449 = COLOUR_RGB ( '',1.000000000000000000, 1.000000000000000000, 1.000000000000000000 ) ;
#2450 = FILL_AREA_STYLE_COLOUR ( '', #2449 ) ;
#2451 = FILL_AREA_STYLE ('',( #2450 ) ) ;
#2452 = SURFACE_STYLE_FILL_AREA ( #2451 ) ;
#2453 = SURFACE_SIDE_STYLE ('',( #2452 ) ) ;
#2454 = SURFACE_STYLE_USAGE ( .BOTH. , #2453 ) ;
#2455 = PRESENTATION_STYLE_ASSIGNMENT (( #2454 ) ) ;
#2456 = STYLED_ITEM ( 'NONE', ( #2455 ), #4810 ) ;
#2457 = PRESENTATION_LAYER_ASSIGNMENT (  '', '', ( #2456 ) ) ;
#2458 = MECHANICAL_DESIGN_GEOMETRIC_PRESENTATION_REPRESENTATION (  '', ( #2456 ), #2468 ) ;
#2459 = ADVANCED_FACE ( 'NONE', ( #4092 ), #4109, .F. ) ;
#2460 = VERTEX_POINT ( 'NONE', #4114 ) ;
#2461 = EDGE_LOOP ( 'NONE', ( #59, #347, #4980, #4771 ) ) ;
#2462 = ORIENTED_EDGE ( 'NONE', *, *, #4626, .F. ) ;
#2463 = EDGE_CURVE ( 'NONE', #348, #4765, #4124, .T. ) ;
#2464 =( LENGTH_UNIT ( ) NAMED_UNIT ( * ) SI_UNIT ( .MILLI., .METRE. ) );
#2465 =( NAMED_UNIT ( * ) PLANE_ANGLE_UNIT ( ) SI_UNIT ( $, .RADIAN. ) );
#2466 =( NAMED_UNIT ( * ) SI_UNIT ( $, .STERADIAN. ) SOLID_ANGLE_UNIT ( ) );
#2467 = UNCERTAINTY_MEASURE_WITH_UNIT (LENGTH_MEASURE( 1.000000000000000100E-005 ), #2464, 'distance_accuracy_value', 'NONE');
#2468 =( GEOMETRIC_REPRESENTATION_CONTEXT ( 3 ) GLOBAL_UNCERTAINTY_ASSIGNED_CONTEXT ( ( #2467 ) ) GLOBAL_UNIT_ASSIGNED_CONTEXT ( ( #2464, #2465, #2466 ) ) REPRESENTATION_CONTEXT ( 'NONE', 'WORKASPACE' ) );
#2469 = PLANE ( 'NONE',  #2470 ) ;
#2470 = AXIS2_PLACEMENT_3D ( 'NONE', #2471, #2472, #2473 ) ;
#2471 = CARTESIAN_POINT ( 'NONE',  ( 0.9700000000000000800, 2.398528137423854700, 1.200000000000000000 ) ) ;
#2472 = DIRECTION ( 'NONE',  ( 0.0000000000000000000, 0.0000000000000000000, -1.000000000000000000 ) ) ;
#2473 = DIRECTION ( 'NONE',  ( -1.000000000000000000, 0.0000000000000000000, 0.0000000000000000000 ) ) ;
#2474 = FACE_OUTER_BOUND ( 'NONE', #289, .T. ) ;
#2475 = PLANE ( 'NONE',  #2476 ) ;
#2476 = AXIS2_PLACEMENT_3D ( 'NONE', #2477, #2478, #2479 ) ;
#2477 = CARTESIAN_POINT ( 'NONE',  ( 0.2250000000000000100, 0.4200000000000000400, 2.250000000000000000 ) ) ;
#2478 = DIRECTION ( 'NONE',  ( 0.0000000000000000000, 1.000000000000000000, 1.084202172485495800E-016 ) ) ;
#2479 = DIRECTION ( 'NONE',  ( 0.0000000000000000000, -1.084202172485495800E-016, 1.000000000000000000 ) ) ;
#2480 = EDGE_CURVE ( 'NONE', #466, #4903, #4128, .T. ) ;
#2481 = EDGE_CURVE ( 'NONE', #55, #706, #4138, .T. ) ;
#2482 = VERTEX_POINT ( 'NONE', #4142 ) ;
#2483 = EDGE_CURVE ( 'NONE', #710, #4, #4143, .T. ) ;
#2484 = LINE ( 'NONE', #2485, #2486 ) ;
#2485 = CARTESIAN_POINT ( 'NONE',  ( 2.040000000000000000, 1.550000000000000000, 1.450000000000000000 ) ) ;
#2486 = VECTOR ( 'NONE', #2487, 1000.000000000000000 ) ;
#2487 = DIRECTION ( 'NONE',  ( 0.0000000000000000000, 0.0000000000000000000, 1.000000000000000000 ) ) ;
#2488 = CARTESIAN_POINT ( 'NONE',  ( 1.770000000000000000, 1.250000000000000000, 1.450000000000000000 ) ) ;
#2489 = FACE_OUTER_BOUND ( 'NONE', #471, .T. ) ;
#2490 = PLANE ( 'NONE',  #2491 ) ;
#2491 = AXIS2_PLACEMENT_3D ( 'NONE', #2492, #2493, #2494 ) ;
#2492 = CARTESIAN_POINT ( 'NONE',  ( 1.495000000000000100, 0.4200000000000000400, 2.750000000000000000 ) ) ;
#2493 = DIRECTION ( 'NONE',  ( 0.0000000000000000000, -4.130293990420970500E-015, 1.000000000000000000 ) ) ;
#2494 = DIRECTION ( 'NONE',  ( 0.0000000000000000000, -1.000000000000000000, -4.130293990420970500E-015 ) ) ;
#2495 = LINE ( 'NONE', #2496, #2497 ) ;
#2496 = CARTESIAN_POINT ( 'NONE',  ( 0.7699999999999999100, 1.550000000000000000, -1.450000000000000000 ) ) ;
#2497 = VECTOR ( 'NONE', #2498, 1000.000000000000000 ) ;
#2498 = DIRECTION ( 'NONE',  ( 0.0000000000000000000, 1.000000000000000000, 7.228014483236690600E-016 ) ) ;
#2499 = FACE_OUTER_BOUND ( 'NONE', #152, .T. ) ;
#2500 = EDGE_LOOP ( 'NONE', ( #578, #4697, #4725, #4865 ) ) ;
#2501 = ORIENTED_EDGE ( 'NONE', *, *, #2503, .T. ) ;
#2502 = EDGE_CURVE ( 'NONE', #4, #4738, #4152, .T. ) ;
#2503 = EDGE_CURVE ( 'NONE', #4605, #4994, #4158, .T. ) ;
#2504 = COLOUR_RGB ( '',0.0000000000000000000, 0.0000000000000000000, 0.0000000000000000000 ) ;
#2505 = FILL_AREA_STYLE_COLOUR ( '', #2504 ) ;
#2506 = FILL_AREA_STYLE ('',( #2505 ) ) ;
#2507 = SURFACE_STYLE_FILL_AREA ( #2506 ) ;
#2508 = SURFACE_SIDE_STYLE ('',( #2507 ) ) ;
#2509 = SURFACE_STYLE_USAGE ( .BOTH. , #2508 ) ;
#2510 = PRESENTATION_STYLE_ASSIGNMENT (( #2509 ) ) ;
#2511 = STYLED_ITEM ( 'NONE', ( #2510 ), #403 ) ;
#2512 = PRESENTATION_LAYER_ASSIGNMENT (  '', '', ( #2511 ) ) ;
#2513 = MECHANICAL_DESIGN_GEOMETRIC_PRESENTATION_REPRESENTATION (  '', ( #2511 ), #2518 ) ;
#2514 =( LENGTH_UNIT ( ) NAMED_UNIT ( * ) SI_UNIT ( .MILLI., .METRE. ) );
#2515 =( NAMED_UNIT ( * ) PLANE_ANGLE_UNIT ( ) SI_UNIT ( $, .RADIAN. ) );
#2516 =( NAMED_UNIT ( * ) SI_UNIT ( $, .STERADIAN. ) SOLID_ANGLE_UNIT ( ) );
#2517 = UNCERTAINTY_MEASURE_WITH_UNIT (LENGTH_MEASURE( 1.000000000000000100E-005 ), #2514, 'distance_accuracy_value', 'NONE');
#2518 =( GEOMETRIC_REPRESENTATION_CONTEXT ( 3 ) GLOBAL_UNCERTAINTY_ASSIGNED_CONTEXT ( ( #2517 ) ) GLOBAL_UNIT_ASSIGNED_CONTEXT ( ( #2514, #2515, #2516 ) ) REPRESENTATION_CONTEXT ( 'NONE', 'WORKASPACE' ) );
#2519 = PLANE ( 'NONE',  #2523 ) ;
#2520 = VERTEX_POINT ( 'NONE', #4183 ) ;
#2521 = ORIENTED_EDGE ( 'NONE', *, *, #2, .F. ) ;
#2522 = EDGE_LOOP ( 'NONE', ( #4618, #354, #655, #632 ) ) ;
#2523 = AXIS2_PLACEMENT_3D ( 'NONE', #2524, #2525, #2526 ) ;
#2524 = CARTESIAN_POINT ( 'NONE',  ( -1.250000000000000000, 1.550000000000000000, -2.250000000000000000 ) ) ;
#2525 = DIRECTION ( 'NONE',  ( 1.000000000000000000, 0.0000000000000000000, 1.927470528863119800E-016 ) ) ;
#2526 = DIRECTION ( 'NONE',  ( 1.927470528863119800E-016, 0.0000000000000000000, -1.000000000000000000 ) ) ;
#2527 = LINE ( 'NONE', #2528, #2529 ) ;
#2528 = CARTESIAN_POINT ( 'NONE',  ( 1.495000000000000100, 3.673819061467100000E-018, -2.750000000000000000 ) ) ;
#2529 = VECTOR ( 'NONE', #2530, 1000.000000000000000 ) ;
#2530 = DIRECTION ( 'NONE',  ( -1.000000000000000000, 0.0000000000000000000, 0.0000000000000000000 ) ) ;
#2531 = LINE ( 'NONE', #2532, #2533 ) ;
#2532 = CARTESIAN_POINT ( 'NONE',  ( 4.859999999999999400, 1.450000000000000000, 2.250000000000000000 ) ) ;
#2533 = VECTOR ( 'NONE', #2534, 1000.000000000000000 ) ;
#2534 = DIRECTION ( 'NONE',  ( 0.0000000000000000000, 0.0000000000000000000, -1.000000000000000000 ) ) ;
#2535 = FACE_OUTER_BOUND ( 'NONE', #391, .T. ) ;
#2536 = PLANE ( 'NONE',  #2537 ) ;
#2537 = AXIS2_PLACEMENT_3D ( 'NONE', #2538, #2542, #2543 ) ;
#2538 = CARTESIAN_POINT ( 'NONE',  ( 2.765000000000000100, 0.5400000000000000400, 2.250000000000000000 ) ) ;
#2539 = ORIENTED_EDGE ( 'NONE', *, *, #151, .T. ) ;
#2540 = ORIENTED_EDGE ( 'NONE', *, *, #2582, .F. ) ;
#2541 = VERTEX_POINT ( 'NONE', #4184 ) ;
#2542 = DIRECTION ( 'NONE',  ( 0.0000000000000000000, -1.000000000000000000, -1.748713181428220000E-016 ) ) ;
#2543 = DIRECTION ( 'NONE',  ( 0.0000000000000000000, 1.748713181428220000E-016, -1.000000000000000000 ) ) ;
#2544 = LINE ( 'NONE', #2545, #2546 ) ;
#2545 = CARTESIAN_POINT ( 'NONE',  ( 4.360000000000000300, 1.450000000000000000, -2.000000000000000000 ) ) ;
#2546 = VECTOR ( 'NONE', #2547, 1000.000000000000000 ) ;
#2547 = DIRECTION ( 'NONE',  ( 0.0000000000000000000, 1.000000000000000000, 0.0000000000000000000 ) ) ;
#2548 = LINE ( 'NONE', #2549, #2550 ) ;
#2549 = CARTESIAN_POINT ( 'NONE',  ( 0.2250000000000000100, 0.5400000000000000400, 2.870000000000000100 ) ) ;
#2550 = VECTOR ( 'NONE', #2551, 1000.000000000000000 ) ;
#2551 = DIRECTION ( 'NONE',  ( -1.000000000000000000, 0.0000000000000000000, 0.0000000000000000000 ) ) ;
#2552 = LINE ( 'NONE', #2553, #2554 ) ;
#2553 = CARTESIAN_POINT ( 'NONE',  ( 3.585000000000000000, 0.5400000000000000400, 2.870000000000000100 ) ) ;
#2554 = VECTOR ( 'NONE', #2555, 1000.000000000000000 ) ;
#2555 = DIRECTION ( 'NONE',  ( 0.0000000000000000000, -1.000000000000000000, -3.097720492815730200E-015 ) ) ;
#2556 = CARTESIAN_POINT ( 'NONE',  ( -0.2250000000000000100, 0.5400000000000000400, 2.870000000000000100 ) ) ;
#2557 = LINE ( 'NONE', #2565, #2566 ) ;
#2558 = ORIENTED_EDGE ( 'NONE', *, *, #560, .F. ) ;
#2559 = ORIENTED_EDGE ( 'NONE', *, *, #13, .F. ) ;
#2560 = ORIENTED_EDGE ( 'NONE', *, *, #4829, .T. ) ;
#2561 = VERTEX_POINT ( 'NONE', #4209 ) ;
#2562 = EDGE_LOOP ( 'NONE', ( #4643, #314, #734, #4831 ) ) ;
#2563 = ORIENTED_EDGE ( 'NONE', *, *, #4764, .T. ) ;
#2564 = ORIENTED_EDGE ( 'NONE', *, *, #251, .F. ) ;
#2565 = CARTESIAN_POINT ( 'NONE',  ( -0.2999999999999999900, 1.250000000000000000, 0.5999999999999999800 ) ) ;
#2566 = VECTOR ( 'NONE', #2567, 1000.000000000000000 ) ;
#2567 = DIRECTION ( 'NONE',  ( 0.0000000000000000000, 0.0000000000000000000, 1.000000000000000000 ) ) ;
#2568 = CARTESIAN_POINT ( 'NONE',  ( 4.035000000000000100, 0.5400000000000000400, 2.870000000000000100 ) ) ;
#2569 = LINE ( 'NONE', #2570, #2571 ) ;
#2570 = CARTESIAN_POINT ( 'NONE',  ( 3.585000000000000000, 0.5400000000000000400, 2.250000000000000000 ) ) ;
#2571 = VECTOR ( 'NONE', #2572, 1000.000000000000000 ) ;
#2572 = DIRECTION ( 'NONE',  ( 0.0000000000000000000, -1.748713181428220000E-016, 1.000000000000000000 ) ) ;
#2573 = LINE ( 'NONE', #2574, #2575 ) ;
#2574 = CARTESIAN_POINT ( 'NONE',  ( 3.585000000000000000, 3.673819061467100000E-018, 2.750000000000000000 ) ) ;
#2575 = VECTOR ( 'NONE', #2576, 1000.000000000000000 ) ;
#2576 = DIRECTION ( 'NONE',  ( 0.0000000000000000000, -3.905205875111755100E-017, -1.000000000000000000 ) ) ;
#2577 = CARTESIAN_POINT ( 'NONE',  ( -1.050000000000000000, 1.450000000000000000, -2.000000000000000000 ) ) ;
#2578 = LINE ( 'NONE', #2579, #2580 ) ;
#2579 = CARTESIAN_POINT ( 'NONE',  ( -1.250000000000000000, 1.550000000000000000, -2.250000000000000000 ) ) ;
#2580 = VECTOR ( 'NONE', #2586, 1000.000000000000000 ) ;
#2581 = ORIENTED_EDGE ( 'NONE', *, *, #624, .F. ) ;
#2582 = EDGE_CURVE ( 'NONE', #460, #4856, #4210, .T. ) ;
#2583 = ORIENTED_EDGE ( 'NONE', *, *, #2054, .T. ) ;
#2584 = ORIENTED_EDGE ( 'NONE', *, *, #56, .T. ) ;
#2585 = ORIENTED_EDGE ( 'NONE', *, *, #17, .T. ) ;
#2586 = DIRECTION ( 'NONE',  ( -1.000000000000000000, 0.0000000000000000000, 0.0000000000000000000 ) ) ;
#2587 = LINE ( 'NONE', #2588, #2589 ) ;
#2588 = CARTESIAN_POINT ( 'NONE',  ( 4.110000000000000300, 2.398528137423854700, 0.5999999999999828800 ) ) ;
#2589 = VECTOR ( 'NONE', #2590, 1000.000000000000000 ) ;
#2590 = DIRECTION ( 'NONE',  ( 0.0000000000000000000, -1.000000000000000000, 0.0000000000000000000 ) ) ;
#2591 = LINE ( 'NONE', #2592, #2593 ) ;
#2592 = CARTESIAN_POINT ( 'NONE',  ( 0.2250000000000000100, 0.4200000000000000400, 2.750000000000000000 ) ) ;
#2593 = VECTOR ( 'NONE', #2594, 1000.000000000000000 ) ;
#2594 = DIRECTION ( 'NONE',  ( 0.0000000000000000000, 1.000000000000000000, 4.130293990420970500E-015 ) ) ;
#2595 = CARTESIAN_POINT ( 'NONE',  ( 4.035000000000000100, 0.1200000000000000100, 2.870000000000000100 ) ) ;
#2596 = FACE_OUTER_BOUND ( 'NONE', #570, .T. ) ;
#2597 = PLANE ( 'NONE',  #2598 ) ;
#2598 = AXIS2_PLACEMENT_3D ( 'NONE', #2599, #2600, #2601 ) ;
#2599 = CARTESIAN_POINT ( 'NONE',  ( 1.495000000000000100, 0.5400000000000000400, 2.870000000000000100 ) ) ;
#2600 = DIRECTION ( 'NONE',  ( 0.0000000000000000000, 3.097720492815730200E-015, -1.000000000000000000 ) ) ;
#2601 = DIRECTION ( 'NONE',  ( 0.0000000000000000000, 1.000000000000000000, 3.097720492815730200E-015 ) ) ;
#2602 = ADVANCED_FACE ( 'NONE', ( #836 ), #854, .T. ) ;
#2603 = FACE_OUTER_BOUND ( 'NONE', #2500, .T. ) ;
#2604 = COLOUR_RGB ( '',0.0000000000000000000, 0.0000000000000000000, 0.0000000000000000000 ) ;
#2605 = FILL_AREA_STYLE_COLOUR ( '', #2604 ) ;
#2606 = FILL_AREA_STYLE ('',( #2605 ) ) ;
#2607 = SURFACE_STYLE_FILL_AREA ( #2606 ) ;
#2608 = SURFACE_SIDE_STYLE ('',( #2607 ) ) ;
#2609 = SURFACE_STYLE_USAGE ( .BOTH. , #2608 ) ;
#2610 = PRESENTATION_STYLE_ASSIGNMENT (( #2609 ) ) ;
#2611 = STYLED_ITEM ( 'NONE', ( #2610 ), #422 ) ;
#2612 = PRESENTATION_LAYER_ASSIGNMENT (  '', '', ( #2611 ) ) ;
#2613 = MECHANICAL_DESIGN_GEOMETRIC_PRESENTATION_REPRESENTATION (  '', ( #2611 ), #2618 ) ;
#2614 =( LENGTH_UNIT ( ) NAMED_UNIT ( * ) SI_UNIT ( .MILLI., .METRE. ) );
#2615 =( NAMED_UNIT ( * ) PLANE_ANGLE_UNIT ( ) SI_UNIT ( $, .RADIAN. ) );
#2616 =( NAMED_UNIT ( * ) SI_UNIT ( $, .STERADIAN. ) SOLID_ANGLE_UNIT ( ) );
#2617 = UNCERTAINTY_MEASURE_WITH_UNIT (LENGTH_MEASURE( 1.000000000000000100E-005 ), #2614, 'distance_accuracy_value', 'NONE');
#2618 =( GEOMETRIC_REPRESENTATION_CONTEXT ( 3 ) GLOBAL_UNCERTAINTY_ASSIGNED_CONTEXT ( ( #2617 ) ) GLOBAL_UNIT_ASSIGNED_CONTEXT ( ( #2614, #2615, #2616 ) ) REPRESENTATION_CONTEXT ( 'NONE', 'WORKASPACE' ) );
#2619 = PLANE ( 'NONE',  #2620 ) ;
#2620 = AXIS2_PLACEMENT_3D ( 'NONE', #2621, #2622, #2623 ) ;
#2621 = CARTESIAN_POINT ( 'NONE',  ( 0.5000000000000000000, 1.250000000000000000, -1.450000000000000000 ) ) ;
#2622 = DIRECTION ( 'NONE',  ( -1.000000000000000000, 0.0000000000000000000, 0.0000000000000000000 ) ) ;
#2623 = DIRECTION ( 'NONE',  ( 0.0000000000000000000, 0.0000000000000000000, 1.000000000000000000 ) ) ;
#2624 = LINE ( 'NONE', #2625, #2626 ) ;
#2625 = CARTESIAN_POINT ( 'NONE',  ( 2.314999999999999900, 0.5400000000000000400, 2.250000000000000000 ) ) ;
#2626 = VECTOR ( 'NONE', #2627, 1000.000000000000000 ) ;
#2627 = DIRECTION ( 'NONE',  ( 0.0000000000000000000, -1.748713181428220000E-016, 1.000000000000000000 ) ) ;
#2628 = LINE ( 'NONE', #2629, #2630 ) ;
#2629 = CARTESIAN_POINT ( 'NONE',  ( 0.2250000000000000100, 0.1200000000000000100, 3.350000000000000100 ) ) ;
#2630 = VECTOR ( 'NONE', #2631, 1000.000000000000000 ) ;
#2631 = DIRECTION ( 'NONE',  ( -1.000000000000000000, 0.0000000000000000000, 0.0000000000000000000 ) ) ;
#2632 = FACE_OUTER_BOUND ( 'NONE', #71, .T. ) ;
#2633 = COLOUR_RGB ( '',0.0000000000000000000, 0.0000000000000000000, 0.0000000000000000000 ) ;
#2634 = FILL_AREA_STYLE_COLOUR ( '', #2633 ) ;
#2635 = ORIENTED_EDGE ( 'NONE', *, *, #2481, .T. ) ;
#2636 = ORIENTED_EDGE ( 'NONE', *, *, #213, .F. ) ;
#2637 = FILL_AREA_STYLE ('',( #2634 ) ) ;
#2638 = SURFACE_STYLE_FILL_AREA ( #2637 ) ;
#2639 = SURFACE_SIDE_STYLE ('',( #2638 ) ) ;
#2640 = SURFACE_STYLE_USAGE ( .BOTH. , #2639 ) ;
#2641 = PRESENTATION_STYLE_ASSIGNMENT (( #2640 ) ) ;
#2642 = STYLED_ITEM ( 'NONE', ( #2641 ), #426 ) ;
#2643 = PRESENTATION_LAYER_ASSIGNMENT (  '', '', ( #2642 ) ) ;
#2644 = MECHANICAL_DESIGN_GEOMETRIC_PRESENTATION_REPRESENTATION (  '', ( #2642 ), #2649 ) ;
#2645 =( LENGTH_UNIT ( ) NAMED_UNIT ( * ) SI_UNIT ( .MILLI., .METRE. ) );
#2646 =( NAMED_UNIT ( * ) PLANE_ANGLE_UNIT ( ) SI_UNIT ( $, .RADIAN. ) );
#2647 =( NAMED_UNIT ( * ) SI_UNIT ( $, .STERADIAN. ) SOLID_ANGLE_UNIT ( ) );
#2648 = UNCERTAINTY_MEASURE_WITH_UNIT (LENGTH_MEASURE( 1.000000000000000100E-005 ), #2645, 'distance_accuracy_value', 'NONE');
#2649 =( GEOMETRIC_REPRESENTATION_CONTEXT ( 3 ) GLOBAL_UNCERTAINTY_ASSIGNED_CONTEXT ( ( #2648 ) ) GLOBAL_UNIT_ASSIGNED_CONTEXT ( ( #2645, #2646, #2647 ) ) REPRESENTATION_CONTEXT ( 'NONE', 'WORKASPACE' ) );
#2650 = PLANE ( 'NONE',  #2651 ) ;
#2651 = AXIS2_PLACEMENT_3D ( 'NONE', #2652, #2654, #2655 ) ;
#2652 = CARTESIAN_POINT ( 'NONE',  ( -0.8000000000000000400, 1.450000000000000000, -2.000000000000000000 ) ) ;
#2653 = EDGE_CURVE ( 'NONE', #100, #768, #866, .T. ) ;
#2654 = DIRECTION ( 'NONE',  ( 0.0000000000000000000, 1.000000000000000000, 0.0000000000000000000 ) ) ;
#2655 = DIRECTION ( 'NONE',  ( 0.0000000000000000000, 0.0000000000000000000, 1.000000000000000000 ) ) ;
#2656 = FACE_OUTER_BOUND ( 'NONE', #4842, .T. ) ;
#2657 = PLANE ( 'NONE',  #2658 ) ;
#2658 = AXIS2_PLACEMENT_3D ( 'NONE', #2659, #2660, #2661 ) ;
#2659 = CARTESIAN_POINT ( 'NONE',  ( 1.495000000000000100, 0.4200000000000000400, -2.750000000000000000 ) ) ;
#2660 = DIRECTION ( 'NONE',  ( 0.0000000000000000000, 4.130293990420970500E-015, 1.000000000000000000 ) ) ;
#2661 = DIRECTION ( 'NONE',  ( 0.0000000000000000000, -1.000000000000000000, 4.130293990420970500E-015 ) ) ;
#2662 = LINE ( 'NONE', #2663, #2664 ) ;
#2663 = CARTESIAN_POINT ( 'NONE',  ( -1.250000000000000000, 0.1000000000000000100, -2.250000000000000000 ) ) ;
#2664 = VECTOR ( 'NONE', #2665, 1000.000000000000000 ) ;
#2665 = DIRECTION ( 'NONE',  ( -1.000000000000000000, 0.0000000000000000000, 0.0000000000000000000 ) ) ;
#2666 = LINE ( 'NONE', #2667, #2668 ) ;
#2667 = CARTESIAN_POINT ( 'NONE',  ( 2.765000000000000100, 2.710505431213759900E-017, 3.350000000000000100 ) ) ;
#2668 = VECTOR ( 'NONE', #2669, 1000.000000000000000 ) ;
#2669 = DIRECTION ( 'NONE',  ( -1.000000000000000000, 0.0000000000000000000, 0.0000000000000000000 ) ) ;
#2670 = LINE ( 'NONE', #2671, #2672 ) ;
#2671 = CARTESIAN_POINT ( 'NONE',  ( 4.035000000000000100, 0.1200000000000000100, 2.870000000000000100 ) ) ;
#2672 = VECTOR ( 'NONE', #2673, 1000.000000000000000 ) ;
#2673 = DIRECTION ( 'NONE',  ( 0.0000000000000000000, -1.411721578757169900E-016, 1.000000000000000000 ) ) ;
#2674 = LINE ( 'NONE', #2675, #2676 ) ;
#2675 = CARTESIAN_POINT ( 'NONE',  ( 4.035000000000000100, 0.1200000000000000100, 3.350000000000000100 ) ) ;
#2676 = VECTOR ( 'NONE', #2677, 1000.000000000000000 ) ;
#2677 = DIRECTION ( 'NONE',  ( 0.0000000000000000000, -1.000000000000000000, 0.0000000000000000000 ) ) ;
#2678 = CARTESIAN_POINT ( 'NONE',  ( 0.7699999999999999100, 1.250000000000000000, 1.450000000000000000 ) ) ;
#2679 = FACE_OUTER_BOUND ( 'NONE', #257, .T. ) ;
#2680 = FACE_BOUND ( 'NONE', #686, .T. ) ;
#2681 = COLOUR_RGB ( '',0.0000000000000000000, 0.0000000000000000000, 0.0000000000000000000 ) ;
#2682 = FILL_AREA_STYLE_COLOUR ( '', #2681 ) ;
#2683 = FILL_AREA_STYLE ('',( #2682 ) ) ;
#2684 = SURFACE_STYLE_FILL_AREA ( #2683 ) ;
#2685 = SURFACE_SIDE_STYLE ('',( #2684 ) ) ;
#2686 = SURFACE_STYLE_USAGE ( .BOTH. , #2685 ) ;
#2687 = PRESENTATION_STYLE_ASSIGNMENT (( #2686 ) ) ;
#2688 = STYLED_ITEM ( 'NONE', ( #2687 ), #437 ) ;
#2689 = PRESENTATION_LAYER_ASSIGNMENT (  '', '', ( #2688 ) ) ;
#2690 = MECHANICAL_DESIGN_GEOMETRIC_PRESENTATION_REPRESENTATION (  '', ( #2688 ), #2695 ) ;
#2691 =( LENGTH_UNIT ( ) NAMED_UNIT ( * ) SI_UNIT ( .MILLI., .METRE. ) );
#2692 =( NAMED_UNIT ( * ) PLANE_ANGLE_UNIT ( ) SI_UNIT ( $, .RADIAN. ) );
#2693 =( NAMED_UNIT ( * ) SI_UNIT ( $, .STERADIAN. ) SOLID_ANGLE_UNIT ( ) );
#2694 = UNCERTAINTY_MEASURE_WITH_UNIT (LENGTH_MEASURE( 1.000000000000000100E-005 ), #2691, 'distance_accuracy_value', 'NONE');
#2695 =( GEOMETRIC_REPRESENTATION_CONTEXT ( 3 ) GLOBAL_UNCERTAINTY_ASSIGNED_CONTEXT ( ( #2694 ) ) GLOBAL_UNIT_ASSIGNED_CONTEXT ( ( #2691, #2692, #2693 ) ) REPRESENTATION_CONTEXT ( 'NONE', 'WORKASPACE' ) );
#2696 = PLANE ( 'NONE',  #2697 ) ;
#2697 = AXIS2_PLACEMENT_3D ( 'NONE', #2698, #2699, #2700 ) ;
#2698 = CARTESIAN_POINT ( 'NONE',  ( 3.310000000000000100, 1.250000000000000000, -1.450000000000000000 ) ) ;
#2699 = DIRECTION ( 'NONE',  ( 0.0000000000000000000, -1.000000000000000000, 0.0000000000000000000 ) ) ;
#2700 = DIRECTION ( 'NONE',  ( 0.0000000000000000000, 0.0000000000000000000, -1.000000000000000000 ) ) ;
#2701 = LINE ( 'NONE', #2704, #2705 ) ;
#2702 = ORIENTED_EDGE ( 'NONE', *, *, #2833, .T. ) ;
#2703 = ORIENTED_EDGE ( 'NONE', *, *, #4791, .T. ) ;
#2704 = CARTESIAN_POINT ( 'NONE',  ( 0.2250000000000000100, 0.1200000000000000100, -2.870000000000000100 ) ) ;
#2705 = VECTOR ( 'NONE', #2706, 1000.000000000000000 ) ;
#2706 = DIRECTION ( 'NONE',  ( -1.000000000000000000, 0.0000000000000000000, 0.0000000000000000000 ) ) ;
#2707 = CARTESIAN_POINT ( 'NONE',  ( 1.495000000000000100, 3.673819061467100000E-018, -2.750000000000000000 ) ) ;
#2708 = CARTESIAN_POINT ( 'NONE',  ( 2.839999999999999900, 1.250000000000000000, 0.5999999999999889900 ) ) ;
#2709 = CARTESIAN_POINT ( 'NONE',  ( 1.770000000000000000, 1.250000000000000000, -1.450000000000000000 ) ) ;
#2710 = CARTESIAN_POINT ( 'NONE',  ( 3.585000000000000000, 3.673819061467100000E-018, 2.750000000000000000 ) ) ;
#2711 = LINE ( 'NONE', #2712, #2713 ) ;
#2712 = CARTESIAN_POINT ( 'NONE',  ( 0.5000000000000000000, 1.550000000000000000, 1.450000000000000000 ) ) ;
#2713 = VECTOR ( 'NONE', #2714, 1000.000000000000000 ) ;
#2714 = DIRECTION ( 'NONE',  ( 0.0000000000000000000, 0.0000000000000000000, 1.000000000000000000 ) ) ;
#2715 = LINE ( 'NONE', #2716, #2717 ) ;
#2716 = CARTESIAN_POINT ( 'NONE',  ( 1.495000000000000100, 0.5400000000000000400, -2.250000000000000000 ) ) ;
#2717 = VECTOR ( 'NONE', #2718, 1000.000000000000000 ) ;
#2718 = DIRECTION ( 'NONE',  ( -1.000000000000000000, 0.0000000000000000000, 0.0000000000000000000 ) ) ;
#2719 = CARTESIAN_POINT ( 'NONE',  ( 3.585000000000000000, 0.5400000000000000400, 2.870000000000000100 ) ) ;
#2720 = CARTESIAN_POINT ( 'NONE',  ( 2.314999999999999900, 0.5400000000000000400, 2.870000000000000100 ) ) ;
#2721 = CARTESIAN_POINT ( 'NONE',  ( 0.9700000000000000800, 1.250000000000000000, 0.5999999999999999800 ) ) ;
#2722 = LINE ( 'NONE', #2723, #2724 ) ;
#2723 = CARTESIAN_POINT ( 'NONE',  ( -1.050000000000000000, 1.450000000000000000, 2.250000000000000000 ) ) ;
#2724 = VECTOR ( 'NONE', #2725, 1000.000000000000000 ) ;
#2725 = DIRECTION ( 'NONE',  ( 0.0000000000000000000, 0.0000000000000000000, 1.000000000000000000 ) ) ;
#2726 = LINE ( 'NONE', #2727, #2728 ) ;
#2727 = CARTESIAN_POINT ( 'NONE',  ( 2.765000000000000100, 0.1200000000000000100, 3.350000000000000100 ) ) ;
#2728 = VECTOR ( 'NONE', #2729, 1000.000000000000000 ) ;
#2729 = DIRECTION ( 'NONE',  ( -1.000000000000000000, 0.0000000000000000000, 0.0000000000000000000 ) ) ;
#2730 = CARTESIAN_POINT ( 'NONE',  ( 4.035000000000000100, 3.673819061467100000E-018, -2.750000000000000000 ) ) ;
#2731 = CARTESIAN_POINT ( 'NONE',  ( 0.2250000000000000100, 0.1200000000000000100, -2.870000000000000100 ) ) ;
#2732 = FACE_OUTER_BOUND ( 'NONE', #792, .T. ) ;
#2733 = FACE_BOUND ( 'NONE', #4757, .T. ) ;
#2734 = COLOUR_RGB ( '',0.0000000000000000000, 0.0000000000000000000, 0.0000000000000000000 ) ;
#2735 = FILL_AREA_STYLE_COLOUR ( '', #2734 ) ;
#2736 = FILL_AREA_STYLE ('',( #2735 ) ) ;
#2737 = SURFACE_STYLE_FILL_AREA ( #2736 ) ;
#2738 = SURFACE_SIDE_STYLE ('',( #2737 ) ) ;
#2739 = SURFACE_STYLE_USAGE ( .BOTH. , #2738 ) ;
#2740 = PRESENTATION_STYLE_ASSIGNMENT (( #2739 ) ) ;
#2741 = STYLED_ITEM ( 'NONE', ( #2740 ), #457 ) ;
#2742 = PRESENTATION_LAYER_ASSIGNMENT (  '', '', ( #2741 ) ) ;
#2743 = MECHANICAL_DESIGN_GEOMETRIC_PRESENTATION_REPRESENTATION (  '', ( #2741 ), #2748 ) ;
#2744 =( LENGTH_UNIT ( ) NAMED_UNIT ( * ) SI_UNIT ( .MILLI., .METRE. ) );
#2745 =( NAMED_UNIT ( * ) PLANE_ANGLE_UNIT ( ) SI_UNIT ( $, .RADIAN. ) );
#2746 =( NAMED_UNIT ( * ) SI_UNIT ( $, .STERADIAN. ) SOLID_ANGLE_UNIT ( ) );
#2747 = UNCERTAINTY_MEASURE_WITH_UNIT (LENGTH_MEASURE( 1.000000000000000100E-005 ), #2744, 'distance_accuracy_value', 'NONE');
#2748 =( GEOMETRIC_REPRESENTATION_CONTEXT ( 3 ) GLOBAL_UNCERTAINTY_ASSIGNED_CONTEXT ( ( #2747 ) ) GLOBAL_UNIT_ASSIGNED_CONTEXT ( ( #2744, #2745, #2746 ) ) REPRESENTATION_CONTEXT ( 'NONE', 'WORKASPACE' ) );
#2749 = PLANE ( 'NONE',  #2750 ) ;
#2750 = AXIS2_PLACEMENT_3D ( 'NONE', #2751, #2752, #2753 ) ;
#2751 = CARTESIAN_POINT ( 'NONE',  ( 0.7699999999999999100, 1.250000000000000000, -1.450000000000000000 ) ) ;
#2752 = DIRECTION ( 'NONE',  ( 0.0000000000000000000, -1.000000000000000000, 0.0000000000000000000 ) ) ;
#2753 = DIRECTION ( 'NONE',  ( 0.0000000000000000000, 0.0000000000000000000, -1.000000000000000000 ) ) ;
#2754 = CARTESIAN_POINT ( 'NONE',  ( 2.040000000000000000, 1.550000000000000000, 1.450000000000000000 ) ) ;
#2755 = LINE ( 'NONE', #2756, #2757 ) ;
#2756 = CARTESIAN_POINT ( 'NONE',  ( 0.7699999999999999100, 1.250000000000000000, -1.450000000000000000 ) ) ;
#2757 = VECTOR ( 'NONE', #2758, 1000.000000000000000 ) ;
#2758 = DIRECTION ( 'NONE',  ( 0.0000000000000000000, 0.0000000000000000000, -1.000000000000000000 ) ) ;
#2759 = CARTESIAN_POINT ( 'NONE',  ( -1.050000000000000000, 1.450000000000000000, 2.000000000000000000 ) ) ;
#2760 = LINE ( 'NONE', #2761, #2762 ) ;
#2761 = CARTESIAN_POINT ( 'NONE',  ( 4.360000000000000300, 1.450000000000000000, -2.250000000000000000 ) ) ;
#2762 = VECTOR ( 'NONE', #2763, 1000.000000000000000 ) ;
#2763 = DIRECTION ( 'NONE',  ( 0.0000000000000000000, 0.0000000000000000000, 1.000000000000000000 ) ) ;
#2764 = FACE_OUTER_BOUND ( 'NONE', #2107, .T. ) ;
#2765 = PLANE ( 'NONE',  #2766 ) ;
#2766 = AXIS2_PLACEMENT_3D ( 'NONE', #2767, #2768, #2769 ) ;
#2767 = CARTESIAN_POINT ( 'NONE',  ( -0.2250000000000000100, -1.585221031409174900E-017, -2.250000000000000000 ) ) ;
#2768 = DIRECTION ( 'NONE',  ( -1.000000000000000000, 0.0000000000000000000, 0.0000000000000000000 ) ) ;
#2769 = DIRECTION ( 'NONE',  ( 0.0000000000000000000, 0.0000000000000000000, -1.000000000000000000 ) ) ;
#2770 = LINE ( 'NONE', #2771, #2772 ) ;
#2771 = CARTESIAN_POINT ( 'NONE',  ( 4.035000000000000100, 0.5400000000000000400, -2.250000000000000000 ) ) ;
#2772 = VECTOR ( 'NONE', #2773, 1000.000000000000000 ) ;
#2773 = DIRECTION ( 'NONE',  ( 0.0000000000000000000, -1.748713181428220000E-016, -1.000000000000000000 ) ) ;
#2774 = LINE ( 'NONE', #2775, #2776 ) ;
#2775 = CARTESIAN_POINT ( 'NONE',  ( 3.585000000000000000, 0.1200000000000000100, -3.350000000000000100 ) ) ;
#2776 = VECTOR ( 'NONE', #2777, 1000.000000000000000 ) ;
#2777 = DIRECTION ( 'NONE',  ( 0.0000000000000000000, -1.000000000000000000, 0.0000000000000000000 ) ) ;
#2778 = CARTESIAN_POINT ( 'NONE',  ( 2.765000000000000100, 2.710505431213759900E-017, -3.350000000000000100 ) ) ;
#2779 = LINE ( 'NONE', #2780, #2781 ) ;
#2780 = CARTESIAN_POINT ( 'NONE',  ( 3.310000000000000100, 1.550000000000000000, 1.450000000000000000 ) ) ;
#2781 = VECTOR ( 'NONE', #2782, 1000.000000000000000 ) ;
#2782 = DIRECTION ( 'NONE',  ( 0.0000000000000000000, -1.000000000000000000, 7.228014483236690600E-016 ) ) ;
#2783 = FACE_OUTER_BOUND ( 'NONE', #4945, .T. ) ;
#2784 = COLOUR_RGB ( '',0.0000000000000000000, 0.0000000000000000000, 0.0000000000000000000 ) ;
#2785 = FILL_AREA_STYLE_COLOUR ( '', #2784 ) ;
#2786 = FILL_AREA_STYLE ('',( #2785 ) ) ;
#2787 = SURFACE_STYLE_FILL_AREA ( #2786 ) ;
#2788 = SURFACE_SIDE_STYLE ('',( #2787 ) ) ;
#2789 = SURFACE_STYLE_USAGE ( .BOTH. , #2788 ) ;
#2790 = PRESENTATION_STYLE_ASSIGNMENT (( #2789 ) ) ;
#2791 = STYLED_ITEM ( 'NONE', ( #2790 ), #468 ) ;
#2792 = PRESENTATION_LAYER_ASSIGNMENT (  '', '', ( #2791 ) ) ;
#2793 = MECHANICAL_DESIGN_GEOMETRIC_PRESENTATION_REPRESENTATION (  '', ( #2791 ), #2798 ) ;
#2794 =( LENGTH_UNIT ( ) NAMED_UNIT ( * ) SI_UNIT ( .MILLI., .METRE. ) );
#2795 =( NAMED_UNIT ( * ) PLANE_ANGLE_UNIT ( ) SI_UNIT ( $, .RADIAN. ) );
#2796 =( NAMED_UNIT ( * ) SI_UNIT ( $, .STERADIAN. ) SOLID_ANGLE_UNIT ( ) );
#2797 = UNCERTAINTY_MEASURE_WITH_UNIT (LENGTH_MEASURE( 1.000000000000000100E-005 ), #2794, 'distance_accuracy_value', 'NONE');
#2798 =( GEOMETRIC_REPRESENTATION_CONTEXT ( 3 ) GLOBAL_UNCERTAINTY_ASSIGNED_CONTEXT ( ( #2797 ) ) GLOBAL_UNIT_ASSIGNED_CONTEXT ( ( #2794, #2795, #2796 ) ) REPRESENTATION_CONTEXT ( 'NONE', 'WORKASPACE' ) );
#2799 = PLANE ( 'NONE',  #2800 ) ;
#2800 = AXIS2_PLACEMENT_3D ( 'NONE', #2801, #2802, #2803 ) ;
#2801 = CARTESIAN_POINT ( 'NONE',  ( -0.5000000000000000000, 1.250000000000000000, -1.450000000000000000 ) ) ;
#2802 = DIRECTION ( 'NONE',  ( -1.000000000000000000, 0.0000000000000000000, 0.0000000000000000000 ) ) ;
#2803 = DIRECTION ( 'NONE',  ( 0.0000000000000000000, 0.0000000000000000000, 1.000000000000000000 ) ) ;
#2804 = CARTESIAN_POINT ( 'NONE',  ( 2.314999999999999900, 0.5400000000000000400, -2.870000000000000100 ) ) ;
#2805 = FACE_OUTER_BOUND ( 'NONE', #4788, .T. ) ;
#2806 = COLOUR_RGB ( '',0.0000000000000000000, 0.0000000000000000000, 0.0000000000000000000 ) ;
#2807 = FILL_AREA_STYLE_COLOUR ( '', #2806 ) ;
#2808 = FILL_AREA_STYLE ('',( #2807 ) ) ;
#2809 = SURFACE_STYLE_FILL_AREA ( #2808 ) ;
#2810 = SURFACE_SIDE_STYLE ('',( #2809 ) ) ;
#2811 = SURFACE_STYLE_USAGE ( .BOTH. , #2810 ) ;
#2812 = PRESENTATION_STYLE_ASSIGNMENT (( #2811 ) ) ;
#2813 = STYLED_ITEM ( 'NONE', ( #2812 ), #825 ) ;
#2814 = PRESENTATION_LAYER_ASSIGNMENT (  '', '', ( #2813 ) ) ;
#2815 = MECHANICAL_DESIGN_GEOMETRIC_PRESENTATION_REPRESENTATION (  '', ( #2813 ), #2821 ) ;
#2816 = ORIENTED_EDGE ( 'NONE', *, *, #102, .F. ) ;
#2817 =( LENGTH_UNIT ( ) NAMED_UNIT ( * ) SI_UNIT ( .MILLI., .METRE. ) );
#2818 =( NAMED_UNIT ( * ) PLANE_ANGLE_UNIT ( ) SI_UNIT ( $, .RADIAN. ) );
#2819 =( NAMED_UNIT ( * ) SI_UNIT ( $, .STERADIAN. ) SOLID_ANGLE_UNIT ( ) );
#2820 = UNCERTAINTY_MEASURE_WITH_UNIT (LENGTH_MEASURE( 1.000000000000000100E-005 ), #2817, 'distance_accuracy_value', 'NONE');
#2821 =( GEOMETRIC_REPRESENTATION_CONTEXT ( 3 ) GLOBAL_UNCERTAINTY_ASSIGNED_CONTEXT ( ( #2820 ) ) GLOBAL_UNIT_ASSIGNED_CONTEXT ( ( #2817, #2818, #2819 ) ) REPRESENTATION_CONTEXT ( 'NONE', 'WORKASPACE' ) );
#2822 = PLANE ( 'NONE',  #2823 ) ;
#2823 = AXIS2_PLACEMENT_3D ( 'NONE', #2824, #2825, #2826 ) ;
#2824 = CARTESIAN_POINT ( 'NONE',  ( 3.310000000000000100, 1.550000000000000000, 1.450000000000000000 ) ) ;
#2825 = DIRECTION ( 'NONE',  ( 0.0000000000000000000, 7.228014483236690600E-016, 1.000000000000000000 ) ) ;
#2826 = DIRECTION ( 'NONE',  ( 0.0000000000000000000, -1.000000000000000000, 7.228014483236690600E-016 ) ) ;
#2827 = CARTESIAN_POINT ( 'NONE',  ( 4.035000000000000100, 0.5400000000000000400, -2.870000000000000100 ) ) ;
#2828 = LINE ( 'NONE', #2829, #2830 ) ;
#2829 = CARTESIAN_POINT ( 'NONE',  ( 4.035000000000000100, 0.4200000000000000400, -2.250000000000000000 ) ) ;
#2830 = VECTOR ( 'NONE', #2831, 1000.000000000000000 ) ;
#2831 = DIRECTION ( 'NONE',  ( 0.0000000000000000000, 1.084202172485495800E-016, 1.000000000000000000 ) ) ;
#2832 = CARTESIAN_POINT ( 'NONE',  ( 2.765000000000000100, 2.710505431213759900E-017, 3.350000000000000100 ) ) ;
#2833 = EDGE_CURVE ( 'NONE', #784, #4997, #1002, .T. ) ;
#2834 = LINE ( 'NONE', #2835, #2836 ) ;
#2835 = CARTESIAN_POINT ( 'NONE',  ( 0.2250000000000000100, 0.1200000000000000100, 2.870000000000000100 ) ) ;
#2836 = VECTOR ( 'NONE', #2837, 1000.000000000000000 ) ;
#2837 = DIRECTION ( 'NONE',  ( 0.0000000000000000000, -1.411721578757169900E-016, 1.000000000000000000 ) ) ;
#2838 = FACE_OUTER_BOUND ( 'NONE', #467, .T. ) ;
#2839 = PLANE ( 'NONE',  #2840 ) ;
#2840 = AXIS2_PLACEMENT_3D ( 'NONE', #2841, #2842, #2843 ) ;
#2841 = CARTESIAN_POINT ( 'NONE',  ( 4.035000000000000100, 0.1200000000000000100, -3.350000000000000100 ) ) ;
#2842 = DIRECTION ( 'NONE',  ( 0.0000000000000000000, 0.0000000000000000000, -1.000000000000000000 ) ) ;
#2843 = DIRECTION ( 'NONE',  ( -1.000000000000000000, 0.0000000000000000000, 0.0000000000000000000 ) ) ;
#2844 = LINE ( 'NONE', #2845, #2846 ) ;
#2845 = CARTESIAN_POINT ( 'NONE',  ( 2.765000000000000100, 0.5400000000000000400, 2.870000000000000100 ) ) ;
#2846 = VECTOR ( 'NONE', #2847, 1000.000000000000000 ) ;
#2847 = DIRECTION ( 'NONE',  ( -1.000000000000000000, 0.0000000000000000000, 0.0000000000000000000 ) ) ;
#2848 = LINE ( 'NONE', #2849, #2850 ) ;
#2849 = CARTESIAN_POINT ( 'NONE',  ( 2.839999999999999900, 2.398528137423854700, 1.200000000000000000 ) ) ;
#2850 = VECTOR ( 'NONE', #2851, 1000.000000000000000 ) ;
#2851 = DIRECTION ( 'NONE',  ( 0.0000000000000000000, -1.000000000000000000, 0.0000000000000000000 ) ) ;
#2852 = LINE ( 'NONE', #2853, #2854 ) ;
#2853 = CARTESIAN_POINT ( 'NONE',  ( 3.585000000000000000, 0.4200000000000000400, -2.250000000000000000 ) ) ;
#2854 = VECTOR ( 'NONE', #2855, 1000.000000000000000 ) ;
#2855 = DIRECTION ( 'NONE',  ( 0.0000000000000000000, 1.084202172485495800E-016, 1.000000000000000000 ) ) ;
#2856 = FACE_OUTER_BOUND ( 'NONE', #745, .T. ) ;
#2857 = COLOUR_RGB ( '',0.0000000000000000000, 0.0000000000000000000, 0.0000000000000000000 ) ;
#2858 = FILL_AREA_STYLE_COLOUR ( '', #2857 ) ;
#2859 = FILL_AREA_STYLE ('',( #2858 ) ) ;
#2860 = SURFACE_STYLE_FILL_AREA ( #2859 ) ;
#2861 = SURFACE_SIDE_STYLE ('',( #2860 ) ) ;
#2862 = SURFACE_STYLE_USAGE ( .BOTH. , #2861 ) ;
#2863 = PRESENTATION_STYLE_ASSIGNMENT (( #2862 ) ) ;
#2864 = STYLED_ITEM ( 'NONE', ( #2863 ), #493 ) ;
#2865 = PRESENTATION_LAYER_ASSIGNMENT (  '', '', ( #2864 ) ) ;
#2866 = VERTEX_POINT ( 'NONE', #1033 ) ;
#2867 = MECHANICAL_DESIGN_GEOMETRIC_PRESENTATION_REPRESENTATION (  '', ( #2864 ), #2872 ) ;
#2868 =( LENGTH_UNIT ( ) NAMED_UNIT ( * ) SI_UNIT ( .MILLI., .METRE. ) );
#2869 =( NAMED_UNIT ( * ) PLANE_ANGLE_UNIT ( ) SI_UNIT ( $, .RADIAN. ) );
#2870 =( NAMED_UNIT ( * ) SI_UNIT ( $, .STERADIAN. ) SOLID_ANGLE_UNIT ( ) );
#2871 = UNCERTAINTY_MEASURE_WITH_UNIT (LENGTH_MEASURE( 1.000000000000000100E-005 ), #2868, 'distance_accuracy_value', 'NONE');
#2872 =( GEOMETRIC_REPRESENTATION_CONTEXT ( 3 ) GLOBAL_UNCERTAINTY_ASSIGNED_CONTEXT ( ( #2871 ) ) GLOBAL_UNIT_ASSIGNED_CONTEXT ( ( #2868, #2869, #2870 ) ) REPRESENTATION_CONTEXT ( 'NONE', 'WORKASPACE' ) );
#2873 = PLANE ( 'NONE',  #2874 ) ;
#2874 = AXIS2_PLACEMENT_3D ( 'NONE', #2875, #2876, #2877 ) ;
#2875 = CARTESIAN_POINT ( 'NONE',  ( -1.250000000000000000, 0.1000000000000000100, 2.250000000000000000 ) ) ;
#2876 = DIRECTION ( 'NONE',  ( 0.0000000000000000000, 1.000000000000000000, 0.0000000000000000000 ) ) ;
#2877 = DIRECTION ( 'NONE',  ( 0.0000000000000000000, 0.0000000000000000000, 1.000000000000000000 ) ) ;
#2878 = LINE ( 'NONE', #2879, #2880 ) ;
#2879 = CARTESIAN_POINT ( 'NONE',  ( 4.035000000000000100, 0.1200000000000000100, 3.350000000000000100 ) ) ;
#2880 = VECTOR ( 'NONE', #2881, 1000.000000000000000 ) ;
#2881 = DIRECTION ( 'NONE',  ( -1.000000000000000000, 0.0000000000000000000, 0.0000000000000000000 ) ) ;
#2882 = FACE_OUTER_BOUND ( 'NONE', #4735, .T. ) ;
#2883 = EDGE_CURVE ( 'NONE', #789, #72, #1034, .T. ) ;
#2884 = EDGE_LOOP ( 'NONE', ( #2003, #2442, #1319, #1720 ) ) ;
#2885 = PLANE ( 'NONE',  #2886 ) ;
#2886 = AXIS2_PLACEMENT_3D ( 'NONE', #2887, #2888, #2889 ) ;
#2887 = CARTESIAN_POINT ( 'NONE',  ( 4.035000000000000100, 0.4200000000000000400, -2.750000000000000000 ) ) ;
#2888 = DIRECTION ( 'NONE',  ( 0.0000000000000000000, 4.130293990420970500E-015, 1.000000000000000000 ) ) ;
#2889 = DIRECTION ( 'NONE',  ( 0.0000000000000000000, -1.000000000000000000, 4.130293990420970500E-015 ) ) ;
#2890 = CARTESIAN_POINT ( 'NONE',  ( 3.585000000000000000, 0.1200000000000000100, -3.350000000000000100 ) ) ;
#2891 = LINE ( 'NONE', #2892, #2893 ) ;
#2892 = CARTESIAN_POINT ( 'NONE',  ( 1.770000000000000000, 1.550000000000000000, 1.450000000000000000 ) ) ;
#2893 = VECTOR ( 'NONE', #2894, 1000.000000000000000 ) ;
#2894 = DIRECTION ( 'NONE',  ( 0.0000000000000000000, 0.0000000000000000000, 1.000000000000000000 ) ) ;
#2895 = CARTESIAN_POINT ( 'NONE',  ( 2.040000000000000000, 1.250000000000000000, -1.450000000000000000 ) ) ;
#2896 = CARTESIAN_POINT ( 'NONE',  ( 2.765000000000000100, 0.1200000000000000100, 3.350000000000000100 ) ) ;
#2897 = CARTESIAN_POINT ( 'NONE',  ( 0.2250000000000000100, 2.710505431213759900E-017, -3.350000000000000100 ) ) ;
#2898 = LINE ( 'NONE', #2899, #2900 ) ;
#2899 = CARTESIAN_POINT ( 'NONE',  ( -1.250000000000000000, 1.550000000000000000, -2.250000000000000000 ) ) ;
#2900 = VECTOR ( 'NONE', #2901, 1000.000000000000000 ) ;
#2901 = DIRECTION ( 'NONE',  ( -1.000000000000000000, 0.0000000000000000000, 0.0000000000000000000 ) ) ;
#2902 = CARTESIAN_POINT ( 'NONE',  ( 0.2250000000000000100, 0.4200000000000000400, 2.250000000000000000 ) ) ;
#2903 = FACE_OUTER_BOUND ( 'NONE', #300, .T. ) ;
#2904 = PLANE ( 'NONE',  #2905 ) ;
#2905 = AXIS2_PLACEMENT_3D ( 'NONE', #2906, #2907, #2908 ) ;
#2906 = CARTESIAN_POINT ( 'NONE',  ( 1.495000000000000100, 0.1200000000000000100, -2.870000000000000100 ) ) ;
#2907 = DIRECTION ( 'NONE',  ( 0.0000000000000000000, 1.000000000000000000, -1.411721578757169900E-016 ) ) ;
#2908 = DIRECTION ( 'NONE',  ( 0.0000000000000000000, 1.411721578757169900E-016, 1.000000000000000000 ) ) ;
#2909 = LINE ( 'NONE', #2910, #2911 ) ;
#2910 = CARTESIAN_POINT ( 'NONE',  ( -0.5000000000000000000, 1.550000000000000000, 1.450000000000000000 ) ) ;
#2911 = VECTOR ( 'NONE', #2912, 1000.000000000000000 ) ;
#2912 = DIRECTION ( 'NONE',  ( 0.0000000000000000000, -1.000000000000000000, 7.228014483236690600E-016 ) ) ;
#2913 = LINE ( 'NONE', #2914, #2915 ) ;
#2914 = CARTESIAN_POINT ( 'NONE',  ( 0.2250000000000000100, 0.1200000000000000100, 2.870000000000000100 ) ) ;
#2915 = VECTOR ( 'NONE', #2916, 1000.000000000000000 ) ;
#2916 = DIRECTION ( 'NONE',  ( -1.000000000000000000, 0.0000000000000000000, 0.0000000000000000000 ) ) ;
#2917 = EDGE_CURVE ( 'NONE', #3086, #1032, #1070, .T. ) ;
#2918 = EDGE_LOOP ( 'NONE', ( #4873, #599, #2816, #4585 ) ) ;
#2919 = LINE ( 'NONE', #2920, #2921 ) ;
#2920 = CARTESIAN_POINT ( 'NONE',  ( 1.495000000000000100, 0.5400000000000000400, 2.870000000000000100 ) ) ;
#2921 = VECTOR ( 'NONE', #2922, 1000.000000000000000 ) ;
#2922 = DIRECTION ( 'NONE',  ( -1.000000000000000000, 0.0000000000000000000, 0.0000000000000000000 ) ) ;
#2923 = LINE ( 'NONE', #2924, #2925 ) ;
#2924 = CARTESIAN_POINT ( 'NONE',  ( 2.239999999999999800, 2.398528137423854700, 0.5999999999999889900 ) ) ;
#2925 = VECTOR ( 'NONE', #2926, 1000.000000000000000 ) ;
#2926 = DIRECTION ( 'NONE',  ( 0.0000000000000000000, -1.000000000000000000, 0.0000000000000000000 ) ) ;
#2927 = LINE ( 'NONE', #2928, #2929 ) ;
#2928 = CARTESIAN_POINT ( 'NONE',  ( 3.585000000000000000, 3.673819061467100000E-018, -2.750000000000000000 ) ) ;
#2929 = VECTOR ( 'NONE', #2930, 1000.000000000000000 ) ;
#2930 = DIRECTION ( 'NONE',  ( 0.0000000000000000000, -3.905205875111755100E-017, 1.000000000000000000 ) ) ;
#2931 = FACE_BOUND ( 'NONE', #742, .T. ) ;
#2932 = FACE_BOUND ( 'NONE', #700, .T. ) ;
#2933 = FACE_BOUND ( 'NONE', #368, .T. ) ;
#2934 = FACE_OUTER_BOUND ( 'NONE', #4793, .T. ) ;
#2935 = FACE_BOUND ( 'NONE', #67, .T. ) ;
#2936 = COLOUR_RGB ( '',0.0000000000000000000, 0.0000000000000000000, 0.0000000000000000000 ) ;
#2937 = FILL_AREA_STYLE_COLOUR ( '', #2936 ) ;
#2938 = FILL_AREA_STYLE ('',( #2937 ) ) ;
#2939 = SURFACE_STYLE_FILL_AREA ( #2938 ) ;
#2940 = SURFACE_SIDE_STYLE ('',( #2939 ) ) ;
#2941 = SURFACE_STYLE_USAGE ( .BOTH. , #2940 ) ;
#2942 = PRESENTATION_STYLE_ASSIGNMENT (( #2941 ) ) ;
#2943 = STYLED_ITEM ( 'NONE', ( #2942 ), #4584 ) ;
#2944 = PRESENTATION_LAYER_ASSIGNMENT (  '', '', ( #2943 ) ) ;
#2945 = MECHANICAL_DESIGN_GEOMETRIC_PRESENTATION_REPRESENTATION (  '', ( #2943 ), #2950 ) ;
#2946 =( LENGTH_UNIT ( ) NAMED_UNIT ( * ) SI_UNIT ( .MILLI., .METRE. ) );
#2947 =( NAMED_UNIT ( * ) PLANE_ANGLE_UNIT ( ) SI_UNIT ( $, .RADIAN. ) );
#2948 =( NAMED_UNIT ( * ) SI_UNIT ( $, .STERADIAN. ) SOLID_ANGLE_UNIT ( ) );
#2949 = UNCERTAINTY_MEASURE_WITH_UNIT (LENGTH_MEASURE( 1.000000000000000100E-005 ), #2946, 'distance_accuracy_value', 'NONE');
#2950 =( GEOMETRIC_REPRESENTATION_CONTEXT ( 3 ) GLOBAL_UNCERTAINTY_ASSIGNED_CONTEXT ( ( #2949 ) ) GLOBAL_UNIT_ASSIGNED_CONTEXT ( ( #2946, #2947, #2948 ) ) REPRESENTATION_CONTEXT ( 'NONE', 'WORKASPACE' ) );
#2951 = ORIENTED_EDGE ( 'NONE', *, *, #2883, .T. ) ;
#2952 = PLANE ( 'NONE',  #2953 ) ;
#2953 = AXIS2_PLACEMENT_3D ( 'NONE', #2954, #2955, #2956 ) ;
#2954 = CARTESIAN_POINT ( 'NONE',  ( -1.250000000000000000, 1.550000000000000000, 2.250000000000000000 ) ) ;
#2955 = DIRECTION ( 'NONE',  ( 0.0000000000000000000, 1.000000000000000000, 0.0000000000000000000 ) ) ;
#2956 = DIRECTION ( 'NONE',  ( 0.0000000000000000000, 0.0000000000000000000, 1.000000000000000000 ) ) ;
#2957 = FACE_OUTER_BOUND ( 'NONE', #4819, .T. ) ;
#2958 = PLANE ( 'NONE',  #2959 ) ;
#2959 = AXIS2_PLACEMENT_3D ( 'NONE', #2960, #2961, #2962 ) ;
#2960 = CARTESIAN_POINT ( 'NONE',  ( 2.765000000000000100, 0.4200000000000000400, -2.750000000000000000 ) ) ;
#2961 = DIRECTION ( 'NONE',  ( 0.0000000000000000000, 4.130293990420970500E-015, 1.000000000000000000 ) ) ;
#2962 = DIRECTION ( 'NONE',  ( 0.0000000000000000000, -1.000000000000000000, 4.130293990420970500E-015 ) ) ;
#2963 = FACE_OUTER_BOUND ( 'NONE', #550, .T. ) ;
#2964 = COLOUR_RGB ( '',0.0000000000000000000, 0.0000000000000000000, 0.0000000000000000000 ) ;
#2965 = FILL_AREA_STYLE_COLOUR ( '', #2964 ) ;
#2966 = FILL_AREA_STYLE ('',( #2965 ) ) ;
#2967 = SURFACE_STYLE_FILL_AREA ( #2966 ) ;
#2968 = ORIENTED_EDGE ( 'NONE', *, *, #790, .T. ) ;
#2969 = ORIENTED_EDGE ( 'NONE', *, *, #25, .T. ) ;
#2970 = ORIENTED_EDGE ( 'NONE', *, *, #251, .T. ) ;
#2971 = SURFACE_SIDE_STYLE ('',( #2967 ) ) ;
#2972 = SURFACE_STYLE_USAGE ( .BOTH. , #2971 ) ;
#2973 = PRESENTATION_STYLE_ASSIGNMENT (( #2972 ) ) ;
#2974 = STYLED_ITEM ( 'NONE', ( #2973 ), #4841 ) ;
#2975 = PRESENTATION_LAYER_ASSIGNMENT (  '', '', ( #2974 ) ) ;
#2976 = MECHANICAL_DESIGN_GEOMETRIC_PRESENTATION_REPRESENTATION (  '', ( #2974 ), #2981 ) ;
#2977 =( LENGTH_UNIT ( ) NAMED_UNIT ( * ) SI_UNIT ( .MILLI., .METRE. ) );
#2978 =( NAMED_UNIT ( * ) PLANE_ANGLE_UNIT ( ) SI_UNIT ( $, .RADIAN. ) );
#2979 =( NAMED_UNIT ( * ) SI_UNIT ( $, .STERADIAN. ) SOLID_ANGLE_UNIT ( ) );
#2980 = UNCERTAINTY_MEASURE_WITH_UNIT (LENGTH_MEASURE( 1.000000000000000100E-005 ), #2977, 'distance_accuracy_value', 'NONE');
#2981 =( GEOMETRIC_REPRESENTATION_CONTEXT ( 3 ) GLOBAL_UNCERTAINTY_ASSIGNED_CONTEXT ( ( #2980 ) ) GLOBAL_UNIT_ASSIGNED_CONTEXT ( ( #2977, #2978, #2979 ) ) REPRESENTATION_CONTEXT ( 'NONE', 'WORKASPACE' ) );
#2982 = PLANE ( 'NONE',  #2983 ) ;
#2983 = AXIS2_PLACEMENT_3D ( 'NONE', #2984, #2985, #2986 ) ;
#2984 = CARTESIAN_POINT ( 'NONE',  ( -1.050000000000000000, 1.450000000000000000, 2.250000000000000000 ) ) ;
#2985 = DIRECTION ( 'NONE',  ( -1.000000000000000000, 0.0000000000000000000, 0.0000000000000000000 ) ) ;
#2986 = DIRECTION ( 'NONE',  ( 0.0000000000000000000, 0.0000000000000000000, 1.000000000000000000 ) ) ;
#2987 = FACE_OUTER_BOUND ( 'NONE', #4640, .T. ) ;
#2988 = PLANE ( 'NONE',  #2989 ) ;
#2989 = AXIS2_PLACEMENT_3D ( 'NONE', #2990, #2991, #2992 ) ;
#2990 = CARTESIAN_POINT ( 'NONE',  ( 2.314999999999999900, -1.585221031409174900E-017, -2.250000000000000000 ) ) ;
#2991 = DIRECTION ( 'NONE',  ( -1.000000000000000000, 0.0000000000000000000, 0.0000000000000000000 ) ) ;
#2992 = DIRECTION ( 'NONE',  ( 0.0000000000000000000, 0.0000000000000000000, -1.000000000000000000 ) ) ;
#2993 = LINE ( 'NONE', #2994, #2995 ) ;
#2994 = CARTESIAN_POINT ( 'NONE',  ( 4.859999999999999400, 1.450000000000000000, 2.250000000000000000 ) ) ;
#2995 = VECTOR ( 'NONE', #2996, 1000.000000000000000 ) ;
#2996 = DIRECTION ( 'NONE',  ( 1.000000000000000000, 0.0000000000000000000, 0.0000000000000000000 ) ) ;
#2997 = LINE ( 'NONE', #2998, #2999 ) ;
#2998 = CARTESIAN_POINT ( 'NONE',  ( 2.839999999999999900, 1.250000000000000000, 0.5999999999999889900 ) ) ;
#2999 = VECTOR ( 'NONE', #3000, 1000.000000000000000 ) ;
#3000 = DIRECTION ( 'NONE',  ( 0.0000000000000000000, 0.0000000000000000000, -1.000000000000000000 ) ) ;
#3001 = CARTESIAN_POINT ( 'NONE',  ( 2.765000000000000100, 0.5400000000000000400, -2.250000000000000000 ) ) ;
#3002 = FACE_OUTER_BOUND ( 'NONE', #507, .T. ) ;
#3003 = ORIENTED_EDGE ( 'NONE', *, *, #3259, .F. ) ;
#3004 = PLANE ( 'NONE',  #3005 ) ;
#3005 = AXIS2_PLACEMENT_3D ( 'NONE', #3006, #3007, #3008 ) ;
#3006 = CARTESIAN_POINT ( 'NONE',  ( 1.044999999999999900, -1.585221031409174900E-017, 2.250000000000000000 ) ) ;
#3007 = DIRECTION ( 'NONE',  ( -1.000000000000000000, 0.0000000000000000000, 0.0000000000000000000 ) ) ;
#3008 = DIRECTION ( 'NONE',  ( 0.0000000000000000000, 0.0000000000000000000, 1.000000000000000000 ) ) ;
#3009 = LINE ( 'NONE', #3010, #3011 ) ;
#3010 = CARTESIAN_POINT ( 'NONE',  ( -0.5500000000000000400, 1.450000000000000000, 2.000000000000000000 ) ) ;
#3011 = VECTOR ( 'NONE', #3012, 1000.000000000000000 ) ;
#3012 = DIRECTION ( 'NONE',  ( 0.0000000000000000000, 1.000000000000000000, 0.0000000000000000000 ) ) ;
#3013 = FACE_OUTER_BOUND ( 'NONE', #3748, .T. ) ;
#3014 = COLOUR_RGB ( '',1.000000000000000000, 1.000000000000000000, 1.000000000000000000 ) ;
#3015 = FILL_AREA_STYLE_COLOUR ( '', #3014 ) ;
#3016 = FILL_AREA_STYLE ('',( #3015 ) ) ;
#3017 = SURFACE_STYLE_FILL_AREA ( #3016 ) ;
#3018 = SURFACE_SIDE_STYLE ('',( #3017 ) ) ;
#3019 = SURFACE_STYLE_USAGE ( .BOTH. , #3018 ) ;
#3020 = PRESENTATION_STYLE_ASSIGNMENT (( #3019 ) ) ;
#3021 = STYLED_ITEM ( 'NONE', ( #3020 ), #1013 ) ;
#3022 = PRESENTATION_LAYER_ASSIGNMENT (  '', '', ( #3021 ) ) ;
#3023 = MECHANICAL_DESIGN_GEOMETRIC_PRESENTATION_REPRESENTATION (  '', ( #3021 ), #3028 ) ;
#3024 =( LENGTH_UNIT ( ) NAMED_UNIT ( * ) SI_UNIT ( .MILLI., .METRE. ) );
#3025 =( NAMED_UNIT ( * ) PLANE_ANGLE_UNIT ( ) SI_UNIT ( $, .RADIAN. ) );
#3026 =( NAMED_UNIT ( * ) SI_UNIT ( $, .STERADIAN. ) SOLID_ANGLE_UNIT ( ) );
#3027 = UNCERTAINTY_MEASURE_WITH_UNIT (LENGTH_MEASURE( 1.000000000000000100E-005 ), #3024, 'distance_accuracy_value', 'NONE');
#3028 =( GEOMETRIC_REPRESENTATION_CONTEXT ( 3 ) GLOBAL_UNCERTAINTY_ASSIGNED_CONTEXT ( ( #3027 ) ) GLOBAL_UNIT_ASSIGNED_CONTEXT ( ( #3024, #3025, #3026 ) ) REPRESENTATION_CONTEXT ( 'NONE', 'WORKASPACE' ) );
#3029 = PLANE ( 'NONE',  #3030 ) ;
#3030 = AXIS2_PLACEMENT_3D ( 'NONE', #3031, #3032, #3033 ) ;
#3031 = CARTESIAN_POINT ( 'NONE',  ( 1.570000000000000100, 2.398528137423854700, 0.5999999999999999800 ) ) ;
#3032 = DIRECTION ( 'NONE',  ( -1.000000000000000000, 0.0000000000000000000, 0.0000000000000000000 ) ) ;
#3033 = DIRECTION ( 'NONE',  ( 0.0000000000000000000, 0.0000000000000000000, 1.000000000000000000 ) ) ;
#3034 = FACE_OUTER_BOUND ( 'NONE', #2918, .T. ) ;
#3035 = FACE_BOUND ( 'NONE', #455, .T. ) ;
#3036 = COLOUR_RGB ( '',0.0000000000000000000, 0.0000000000000000000, 0.0000000000000000000 ) ;
#3037 = FILL_AREA_STYLE_COLOUR ( '', #3036 ) ;
#3038 = FILL_AREA_STYLE ('',( #3037 ) ) ;
#3039 = SURFACE_STYLE_FILL_AREA ( #3038 ) ;
#3040 = SURFACE_SIDE_STYLE ('',( #3039 ) ) ;
#3041 = SURFACE_STYLE_USAGE ( .BOTH. , #3040 ) ;
#3042 = PRESENTATION_STYLE_ASSIGNMENT (( #3041 ) ) ;
#3043 = STYLED_ITEM ( 'NONE', ( #3042 ), #518 ) ;
#3044 = PRESENTATION_LAYER_ASSIGNMENT (  '', '', ( #3043 ) ) ;
#3045 = MECHANICAL_DESIGN_GEOMETRIC_PRESENTATION_REPRESENTATION (  '', ( #3043 ), #3050 ) ;
#3046 =( LENGTH_UNIT ( ) NAMED_UNIT ( * ) SI_UNIT ( .MILLI., .METRE. ) );
#3047 =( NAMED_UNIT ( * ) PLANE_ANGLE_UNIT ( ) SI_UNIT ( $, .RADIAN. ) );
#3048 =( NAMED_UNIT ( * ) SI_UNIT ( $, .STERADIAN. ) SOLID_ANGLE_UNIT ( ) );
#3049 = UNCERTAINTY_MEASURE_WITH_UNIT (LENGTH_MEASURE( 1.000000000000000100E-005 ), #3046, 'distance_accuracy_value', 'NONE');
#3050 =( GEOMETRIC_REPRESENTATION_CONTEXT ( 3 ) GLOBAL_UNCERTAINTY_ASSIGNED_CONTEXT ( ( #3049 ) ) GLOBAL_UNIT_ASSIGNED_CONTEXT ( ( #3046, #3047, #3048 ) ) REPRESENTATION_CONTEXT ( 'NONE', 'WORKASPACE' ) );
#3051 = PLANE ( 'NONE',  #3054 ) ;
#3052 = VERTEX_POINT ( 'NONE', #1169 ) ;
#3053 = EDGE_LOOP ( 'NONE', ( #379, #2521, #827, #4621 ) ) ;
#3054 = AXIS2_PLACEMENT_3D ( 'NONE', #3055, #3056, #3057 ) ;
#3055 = CARTESIAN_POINT ( 'NONE',  ( 2.040000000000000000, 1.250000000000000000, -1.450000000000000000 ) ) ;
#3056 = DIRECTION ( 'NONE',  ( 0.0000000000000000000, -1.000000000000000000, 0.0000000000000000000 ) ) ;
#3057 = DIRECTION ( 'NONE',  ( 0.0000000000000000000, 0.0000000000000000000, -1.000000000000000000 ) ) ;
#3058 = CARTESIAN_POINT ( 'NONE',  ( 1.770000000000000000, 1.550000000000000000, 1.450000000000000000 ) ) ;
#3059 = CARTESIAN_POINT ( 'NONE',  ( 2.765000000000000100, 0.5400000000000000400, 2.870000000000000100 ) ) ;
#3060 = CARTESIAN_POINT ( 'NONE',  ( -0.2250000000000000100, 0.1200000000000000100, -3.350000000000000100 ) ) ;
#3061 = LINE ( 'NONE', #3062, #3063 ) ;
#3062 = CARTESIAN_POINT ( 'NONE',  ( -1.050000000000000000, 1.450000000000000000, -2.000000000000000000 ) ) ;
#3063 = VECTOR ( 'NONE', #3064, 1000.000000000000000 ) ;
#3064 = DIRECTION ( 'NONE',  ( 0.0000000000000000000, 1.000000000000000000, 0.0000000000000000000 ) ) ;
#3065 = CARTESIAN_POINT ( 'NONE',  ( 4.035000000000000100, 0.1200000000000000100, 3.350000000000000100 ) ) ;
#3066 = LINE ( 'NONE', #3067, #3068 ) ;
#3067 = CARTESIAN_POINT ( 'NONE',  ( 4.035000000000000100, 2.710505431213759900E-017, -3.350000000000000100 ) ) ;
#3068 = VECTOR ( 'NONE', #3069, 1000.000000000000000 ) ;
#3069 = DIRECTION ( 'NONE',  ( -1.000000000000000000, 0.0000000000000000000, 0.0000000000000000000 ) ) ;
#3070 = CARTESIAN_POINT ( 'NONE',  ( 3.585000000000000000, 0.4200000000000000400, -2.750000000000000000 ) ) ;
#3071 = LINE ( 'NONE', #3072, #3073 ) ;
#3072 = CARTESIAN_POINT ( 'NONE',  ( 2.765000000000000100, 0.4200000000000000400, 2.750000000000000000 ) ) ;
#3073 = VECTOR ( 'NONE', #3074, 1000.000000000000000 ) ;
#3074 = DIRECTION ( 'NONE',  ( 0.0000000000000000000, 1.000000000000000000, 4.130293990420970500E-015 ) ) ;
#3075 = LINE ( 'NONE', #3076, #3077 ) ;
#3076 = CARTESIAN_POINT ( 'NONE',  ( 2.765000000000000100, 0.5400000000000000400, 2.870000000000000100 ) ) ;
#3077 = VECTOR ( 'NONE', #3078, 1000.000000000000000 ) ;
#3078 = DIRECTION ( 'NONE',  ( 0.0000000000000000000, -1.000000000000000000, -3.097720492815730200E-015 ) ) ;
#3079 = CARTESIAN_POINT ( 'NONE',  ( 0.2250000000000000100, 3.673819061467100000E-018, -2.750000000000000000 ) ) ;
#3080 = LINE ( 'NONE', #3081, #3082 ) ;
#3081 = CARTESIAN_POINT ( 'NONE',  ( 0.2999999999999999900, 1.450000000000000000, 0.5999999999999999800 ) ) ;
#3082 = VECTOR ( 'NONE', #3083, 1000.000000000000000 ) ;
#3083 = DIRECTION ( 'NONE',  ( 0.0000000000000000000, 0.0000000000000000000, -1.000000000000000000 ) ) ;
#3084 = FACE_OUTER_BOUND ( 'NONE', #29, .T. ) ;
#3085 = COLOUR_RGB ( '',0.0000000000000000000, 0.0000000000000000000, 0.0000000000000000000 ) ;
#3086 = VERTEX_POINT ( 'NONE', #1214 ) ;
#3087 = FILL_AREA_STYLE_COLOUR ( '', #3085 ) ;
#3088 = FILL_AREA_STYLE ('',( #3087 ) ) ;
#3089 = SURFACE_STYLE_FILL_AREA ( #3088 ) ;
#3090 = SURFACE_SIDE_STYLE ('',( #3089 ) ) ;
#3091 = SURFACE_STYLE_USAGE ( .BOTH. , #3090 ) ;
#3092 = PRESENTATION_STYLE_ASSIGNMENT (( #3091 ) ) ;
#3093 = STYLED_ITEM ( 'NONE', ( #3092 ), #533 ) ;
#3094 = PRESENTATION_LAYER_ASSIGNMENT (  '', '', ( #3093 ) ) ;
#3095 = MECHANICAL_DESIGN_GEOMETRIC_PRESENTATION_REPRESENTATION (  '', ( #3093 ), #3100 ) ;
#3096 =( LENGTH_UNIT ( ) NAMED_UNIT ( * ) SI_UNIT ( .MILLI., .METRE. ) );
#3097 =( NAMED_UNIT ( * ) PLANE_ANGLE_UNIT ( ) SI_UNIT ( $, .RADIAN. ) );
#3098 =( NAMED_UNIT ( * ) SI_UNIT ( $, .STERADIAN. ) SOLID_ANGLE_UNIT ( ) );
#3099 = UNCERTAINTY_MEASURE_WITH_UNIT (LENGTH_MEASURE( 1.000000000000000100E-005 ), #3096, 'distance_accuracy_value', 'NONE');
#3100 =( GEOMETRIC_REPRESENTATION_CONTEXT ( 3 ) GLOBAL_UNCERTAINTY_ASSIGNED_CONTEXT ( ( #3099 ) ) GLOBAL_UNIT_ASSIGNED_CONTEXT ( ( #3096, #3097, #3098 ) ) REPRESENTATION_CONTEXT ( 'NONE', 'WORKASPACE' ) );
#3101 = PLANE ( 'NONE',  #3102 ) ;
#3102 = AXIS2_PLACEMENT_3D ( 'NONE', #3104, #3105, #3106 ) ;
#3103 = EDGE_LOOP ( 'NONE', ( #133, #2951, #175, #3884 ) ) ;
#3104 = CARTESIAN_POINT ( 'NONE',  ( -0.5500000000000000400, 1.450000000000000000, 2.250000000000000000 ) ) ;
#3105 = DIRECTION ( 'NONE',  ( 1.000000000000000000, 0.0000000000000000000, -4.336808689942030100E-016 ) ) ;
#3106 = DIRECTION ( 'NONE',  ( -4.336808689942030100E-016, 0.0000000000000000000, -1.000000000000000000 ) ) ;
#3107 = CARTESIAN_POINT ( 'NONE',  ( 0.2250000000000000100, 0.1200000000000000100, 2.870000000000000100 ) ) ;
#3108 = LINE ( 'NONE', #3109, #3110 ) ;
#3109 = CARTESIAN_POINT ( 'NONE',  ( -0.2250000000000000100, 0.1200000000000000100, 3.350000000000000100 ) ) ;
#3110 = VECTOR ( 'NONE', #3111, 1000.000000000000000 ) ;
#3111 = DIRECTION ( 'NONE',  ( 0.0000000000000000000, -1.000000000000000000, 0.0000000000000000000 ) ) ;
#3112 = LINE ( 'NONE', #3113, #3114 ) ;
#3113 = CARTESIAN_POINT ( 'NONE',  ( 1.495000000000000100, 0.5400000000000000400, -2.250000000000000000 ) ) ;
#3114 = VECTOR ( 'NONE', #3115, 1000.000000000000000 ) ;
#3115 = DIRECTION ( 'NONE',  ( 0.0000000000000000000, -1.748713181428220000E-016, -1.000000000000000000 ) ) ;
#3116 = LINE ( 'NONE', #3117, #3118 ) ;
#3117 = CARTESIAN_POINT ( 'NONE',  ( 2.239999999999999800, 2.398528137423854700, 1.200000000000000000 ) ) ;
#3118 = VECTOR ( 'NONE', #3119, 1000.000000000000000 ) ;
#3119 = DIRECTION ( 'NONE',  ( 0.0000000000000000000, -1.000000000000000000, 0.0000000000000000000 ) ) ;
#3120 = VERTEX_POINT ( 'NONE', #1231 ) ;
#3121 = CARTESIAN_POINT ( 'NONE',  ( 0.2250000000000000100, 3.673819061467100000E-018, 2.750000000000000000 ) ) ;
#3122 = LINE ( 'NONE', #3123, #3124 ) ;
#3123 = CARTESIAN_POINT ( 'NONE',  ( 4.035000000000000100, 0.4200000000000000400, -2.750000000000000000 ) ) ;
#3124 = VECTOR ( 'NONE', #3125, 1000.000000000000000 ) ;
#3125 = DIRECTION ( 'NONE',  ( -1.000000000000000000, 0.0000000000000000000, 0.0000000000000000000 ) ) ;
#3126 = LINE ( 'NONE', #3127, #3128 ) ;
#3127 = CARTESIAN_POINT ( 'NONE',  ( 4.035000000000000100, 0.4200000000000000400, -2.750000000000000000 ) ) ;
#3128 = VECTOR ( 'NONE', #3129, 1000.000000000000000 ) ;
#3129 = DIRECTION ( 'NONE',  ( 0.0000000000000000000, 1.000000000000000000, -4.130293990420970500E-015 ) ) ;
#3130 = LINE ( 'NONE', #3131, #3132 ) ;
#3131 = CARTESIAN_POINT ( 'NONE',  ( 3.585000000000000000, 0.5400000000000000400, -2.870000000000000100 ) ) ;
#3132 = VECTOR ( 'NONE', #3133, 1000.000000000000000 ) ;
#3133 = DIRECTION ( 'NONE',  ( 0.0000000000000000000, -1.000000000000000000, 3.097720492815730200E-015 ) ) ;
#3134 = LINE ( 'NONE', #3135, #3136 ) ;
#3135 = CARTESIAN_POINT ( 'NONE',  ( 2.765000000000000100, 3.673819061467100000E-018, 2.750000000000000000 ) ) ;
#3136 = VECTOR ( 'NONE', #3138, 1000.000000000000000 ) ;
#3137 = EDGE_CURVE ( 'NONE', #247, #290, #1240, .T. ) ;
#3138 = DIRECTION ( 'NONE',  ( -1.000000000000000000, 0.0000000000000000000, 0.0000000000000000000 ) ) ;
#3139 = LINE ( 'NONE', #3140, #3141 ) ;
#3140 = CARTESIAN_POINT ( 'NONE',  ( 1.495000000000000100, 2.710505431213759900E-017, 3.350000000000000100 ) ) ;
#3141 = VECTOR ( 'NONE', #3142, 1000.000000000000000 ) ;
#3142 = DIRECTION ( 'NONE',  ( -1.000000000000000000, 0.0000000000000000000, 0.0000000000000000000 ) ) ;
#3143 = LINE ( 'NONE', #3144, #3145 ) ;
#3144 = CARTESIAN_POINT ( 'NONE',  ( -0.2999999999999999900, 2.398528137423854700, 0.5999999999999999800 ) ) ;
#3145 = VECTOR ( 'NONE', #3146, 1000.000000000000000 ) ;
#3146 = DIRECTION ( 'NONE',  ( 0.0000000000000000000, -1.000000000000000000, 0.0000000000000000000 ) ) ;
#3147 = LINE ( 'NONE', #3148, #3149 ) ;
#3148 = CARTESIAN_POINT ( 'NONE',  ( 4.035000000000000100, 3.673819061467100000E-018, -2.750000000000000000 ) ) ;
#3149 = VECTOR ( 'NONE', #3150, 1000.000000000000000 ) ;
#3150 = DIRECTION ( 'NONE',  ( -1.000000000000000000, 0.0000000000000000000, 0.0000000000000000000 ) ) ;
#3151 = LINE ( 'NONE', #3152, #3153 ) ;
#3152 = CARTESIAN_POINT ( 'NONE',  ( -0.5500000000000000400, 1.450000000000000000, -2.000000000000000000 ) ) ;
#3153 = VECTOR ( 'NONE', #3155, 1000.000000000000000 ) ;
#3154 = EDGE_CURVE ( 'NONE', #244, #878, #1244, .T. ) ;
#3155 = DIRECTION ( 'NONE',  ( 0.0000000000000000000, 1.000000000000000000, 0.0000000000000000000 ) ) ;
#3156 = LINE ( 'NONE', #3157, #3158 ) ;
#3157 = CARTESIAN_POINT ( 'NONE',  ( 3.040000000000000000, 1.250000000000000000, -1.450000000000000000 ) ) ;
#3158 = VECTOR ( 'NONE', #3159, 1000.000000000000000 ) ;
#3159 = DIRECTION ( 'NONE',  ( 0.0000000000000000000, 0.0000000000000000000, -1.000000000000000000 ) ) ;
#3160 = FACE_OUTER_BOUND ( 'NONE', #4638, .T. ) ;
#3161 = PLANE ( 'NONE',  #3162 ) ;
#3162 = AXIS2_PLACEMENT_3D ( 'NONE', #3163, #3164, #3165 ) ;
#3163 = CARTESIAN_POINT ( 'NONE',  ( 0.2250000000000000100, 0.5400000000000000400, 2.870000000000000100 ) ) ;
#3164 = DIRECTION ( 'NONE',  ( 0.0000000000000000000, 3.097720492815730200E-015, -1.000000000000000000 ) ) ;
#3165 = DIRECTION ( 'NONE',  ( 0.0000000000000000000, 1.000000000000000000, 3.097720492815730200E-015 ) ) ;
#3166 = FACE_OUTER_BOUND ( 'NONE', #665, .T. ) ;
#3167 = COLOUR_RGB ( '',0.0000000000000000000, 0.0000000000000000000, 0.0000000000000000000 ) ;
#3168 = FILL_AREA_STYLE_COLOUR ( '', #3167 ) ;
#3169 = FILL_AREA_STYLE ('',( #3168 ) ) ;
#3170 = SURFACE_STYLE_FILL_AREA ( #3169 ) ;
#3171 = EDGE_CURVE ( 'NONE', #440, #2520, #1270, .T. ) ;
#3172 = ORIENTED_EDGE ( 'NONE', *, *, #565, .F. ) ;
#3173 = SURFACE_SIDE_STYLE ('',( #3170 ) ) ;
#3174 = SURFACE_STYLE_USAGE ( .BOTH. , #3173 ) ;
#3175 = PRESENTATION_STYLE_ASSIGNMENT (( #3174 ) ) ;
#3176 = STYLED_ITEM ( 'NONE', ( #3175 ), #549 ) ;
#3177 = PRESENTATION_LAYER_ASSIGNMENT (  '', '', ( #3176 ) ) ;
#3178 = MECHANICAL_DESIGN_GEOMETRIC_PRESENTATION_REPRESENTATION (  '', ( #3176 ), #3183 ) ;
#3179 =( LENGTH_UNIT ( ) NAMED_UNIT ( * ) SI_UNIT ( .MILLI., .METRE. ) );
#3180 =( NAMED_UNIT ( * ) PLANE_ANGLE_UNIT ( ) SI_UNIT ( $, .RADIAN. ) );
#3181 =( NAMED_UNIT ( * ) SI_UNIT ( $, .STERADIAN. ) SOLID_ANGLE_UNIT ( ) );
#3182 = UNCERTAINTY_MEASURE_WITH_UNIT (LENGTH_MEASURE( 1.000000000000000100E-005 ), #3179, 'distance_accuracy_value', 'NONE');
#3183 =( GEOMETRIC_REPRESENTATION_CONTEXT ( 3 ) GLOBAL_UNCERTAINTY_ASSIGNED_CONTEXT ( ( #3182 ) ) GLOBAL_UNIT_ASSIGNED_CONTEXT ( ( #3179, #3180, #3181 ) ) REPRESENTATION_CONTEXT ( 'NONE', 'WORKASPACE' ) );
#3184 = PLANE ( 'NONE',  #3185 ) ;
#3185 = AXIS2_PLACEMENT_3D ( 'NONE', #3186, #3187, #3188 ) ;
#3186 = CARTESIAN_POINT ( 'NONE',  ( -0.5000000000000000000, 1.550000000000000000, 1.450000000000000000 ) ) ;
#3187 = DIRECTION ( 'NONE',  ( 0.0000000000000000000, 7.228014483236690600E-016, 1.000000000000000000 ) ) ;
#3188 = DIRECTION ( 'NONE',  ( 0.0000000000000000000, -1.000000000000000000, 7.228014483236690600E-016 ) ) ;
#3189 = ORIENTED_EDGE ( 'NONE', *, *, #2374, .F. ) ;
#3190 = CARTESIAN_POINT ( 'NONE',  ( -0.2999999999999999900, 1.250000000000000000, 1.200000000000000000 ) ) ;
#3191 = CARTESIAN_POINT ( 'NONE',  ( 2.314999999999999900, 3.673819061467100000E-018, -2.750000000000000000 ) ) ;
#3192 = FACE_OUTER_BOUND ( 'NONE', #189, .T. ) ;
#3193 = PLANE ( 'NONE',  #3194 ) ;
#3194 = AXIS2_PLACEMENT_3D ( 'NONE', #3195, #3196, #3197 ) ;
#3195 = CARTESIAN_POINT ( 'NONE',  ( 2.765000000000000100, 0.1200000000000000100, -2.870000000000000100 ) ) ;
#3196 = DIRECTION ( 'NONE',  ( 0.0000000000000000000, 1.000000000000000000, -1.411721578757169900E-016 ) ) ;
#3197 = DIRECTION ( 'NONE',  ( 0.0000000000000000000, 1.411721578757169900E-016, 1.000000000000000000 ) ) ;
#3198 = LINE ( 'NONE', #3199, #3200 ) ;
#3199 = CARTESIAN_POINT ( 'NONE',  ( -0.2250000000000000100, 0.5400000000000000400, 2.870000000000000100 ) ) ;
#3200 = VECTOR ( 'NONE', #3201, 1000.000000000000000 ) ;
#3201 = DIRECTION ( 'NONE',  ( 0.0000000000000000000, -1.000000000000000000, -3.097720492815730200E-015 ) ) ;
#3202 = CARTESIAN_POINT ( 'NONE',  ( 3.310000000000000100, 1.250000000000000000, 1.450000000000000000 ) ) ;
#3203 = LINE ( 'NONE', #3204, #3205 ) ;
#3204 = CARTESIAN_POINT ( 'NONE',  ( 1.495000000000000100, 0.4200000000000000400, -2.750000000000000000 ) ) ;
#3205 = VECTOR ( 'NONE', #3206, 1000.000000000000000 ) ;
#3206 = DIRECTION ( 'NONE',  ( 0.0000000000000000000, 1.000000000000000000, -4.130293990420970500E-015 ) ) ;
#3207 = CARTESIAN_POINT ( 'NONE',  ( 3.510000000000000200, 1.250000000000000000, 0.5999999999999828800 ) ) ;
#3208 = CARTESIAN_POINT ( 'NONE',  ( -1.050000000000000000, 1.550000000000000000, 2.000000000000000000 ) ) ;
#3209 = LINE ( 'NONE', #3210, #3211 ) ;
#3210 = CARTESIAN_POINT ( 'NONE',  ( 0.2250000000000000100, 0.1200000000000000100, -2.870000000000000100 ) ) ;
#3211 = VECTOR ( 'NONE', #3212, 1000.000000000000000 ) ;
#3212 = DIRECTION ( 'NONE',  ( 0.0000000000000000000, -1.411721578757169900E-016, -1.000000000000000000 ) ) ;
#3213 = FACE_OUTER_BOUND ( 'NONE', #5069, .T. ) ;
#3214 = PLANE ( 'NONE',  #3215 ) ;
#3215 = AXIS2_PLACEMENT_3D ( 'NONE', #3216, #3217, #3218 ) ;
#3216 = CARTESIAN_POINT ( 'NONE',  ( 4.035000000000000100, 3.673819061467100000E-018, -2.750000000000000000 ) ) ;
#3217 = DIRECTION ( 'NONE',  ( 0.0000000000000000000, -1.000000000000000000, -3.905205875111750200E-017 ) ) ;
#3218 = DIRECTION ( 'NONE',  ( 0.0000000000000000000, 3.905205875111750200E-017, -1.000000000000000000 ) ) ;
#3219 = LINE ( 'NONE', #3220, #3221 ) ;
#3220 = CARTESIAN_POINT ( 'NONE',  ( 0.9700000000000000800, 1.250000000000000000, 0.5999999999999999800 ) ) ;
#3221 = VECTOR ( 'NONE', #3225, 1000.000000000000000 ) ;
#3222 = VERTEX_POINT ( 'NONE', #1305 ) ;
#3223 = ORIENTED_EDGE ( 'NONE', *, *, #24, .F. ) ;
#3224 = EDGE_CURVE ( 'NONE', #27, #4390, #1306, .T. ) ;
#3225 = DIRECTION ( 'NONE',  ( 0.0000000000000000000, 0.0000000000000000000, 1.000000000000000000 ) ) ;
#3226 = LINE ( 'NONE', #3227, #3228 ) ;
#3227 = CARTESIAN_POINT ( 'NONE',  ( 2.239999999999999800, 1.250000000000000000, 1.200000000000000000 ) ) ;
#3228 = VECTOR ( 'NONE', #3229, 1000.000000000000000 ) ;
#3229 = DIRECTION ( 'NONE',  ( 1.000000000000000000, 0.0000000000000000000, 0.0000000000000000000 ) ) ;
#3230 = CARTESIAN_POINT ( 'NONE',  ( 3.040000000000000000, 1.550000000000000000, 1.450000000000000000 ) ) ;
#3231 = FACE_OUTER_BOUND ( 'NONE', #4622, .T. ) ;
#3232 = COLOUR_RGB ( '',1.000000000000000000, 1.000000000000000000, 1.000000000000000000 ) ;
#3233 = FILL_AREA_STYLE_COLOUR ( '', #3232 ) ;
#3234 = FILL_AREA_STYLE ('',( #3233 ) ) ;
#3235 = SURFACE_STYLE_FILL_AREA ( #3234 ) ;
#3236 = SURFACE_SIDE_STYLE ('',( #3235 ) ) ;
#3237 = SURFACE_STYLE_USAGE ( .BOTH. , #3236 ) ;
#3238 = PRESENTATION_STYLE_ASSIGNMENT (( #3237 ) ) ;
#3239 = STYLED_ITEM ( 'NONE', ( #3238 ), #4603 ) ;
#3240 = PRESENTATION_LAYER_ASSIGNMENT (  '', '', ( #3239 ) ) ;
#3241 = ORIENTED_EDGE ( 'NONE', *, *, #3292, .F. ) ;
#3242 = ORIENTED_EDGE ( 'NONE', *, *, #762, .T. ) ;
#3243 = MECHANICAL_DESIGN_GEOMETRIC_PRESENTATION_REPRESENTATION (  '', ( #3239 ), #3248 ) ;
#3244 =( LENGTH_UNIT ( ) NAMED_UNIT ( * ) SI_UNIT ( .MILLI., .METRE. ) );
#3245 =( NAMED_UNIT ( * ) PLANE_ANGLE_UNIT ( ) SI_UNIT ( $, .RADIAN. ) );
#3246 =( NAMED_UNIT ( * ) SI_UNIT ( $, .STERADIAN. ) SOLID_ANGLE_UNIT ( ) );
#3247 = UNCERTAINTY_MEASURE_WITH_UNIT (LENGTH_MEASURE( 1.000000000000000100E-005 ), #3244, 'distance_accuracy_value', 'NONE');
#3248 =( GEOMETRIC_REPRESENTATION_CONTEXT ( 3 ) GLOBAL_UNCERTAINTY_ASSIGNED_CONTEXT ( ( #3247 ) ) GLOBAL_UNIT_ASSIGNED_CONTEXT ( ( #3244, #3245, #3246 ) ) REPRESENTATION_CONTEXT ( 'NONE', 'WORKASPACE' ) );
#3249 = PLANE ( 'NONE',  #3250 ) ;
#3250 = AXIS2_PLACEMENT_3D ( 'NONE', #3251, #3252, #3253 ) ;
#3251 = CARTESIAN_POINT ( 'NONE',  ( 2.839999999999999900, 2.398528137423854700, 0.5999999999999889900 ) ) ;
#3252 = DIRECTION ( 'NONE',  ( -1.000000000000000000, 0.0000000000000000000, 0.0000000000000000000 ) ) ;
#3253 = DIRECTION ( 'NONE',  ( 0.0000000000000000000, 0.0000000000000000000, 1.000000000000000000 ) ) ;
#3254 = CARTESIAN_POINT ( 'NONE',  ( -0.5500000000000000400, 1.550000000000000000, 2.000000000000000000 ) ) ;
#3255 = CARTESIAN_POINT ( 'NONE',  ( 1.495000000000000100, 0.5400000000000000400, 2.250000000000000000 ) ) ;
#3256 = LINE ( 'NONE', #3257, #3258 ) ;
#3257 = CARTESIAN_POINT ( 'NONE',  ( 2.765000000000000100, 0.5400000000000000400, -2.250000000000000000 ) ) ;
#3258 = VECTOR ( 'NONE', #3260, 1000.000000000000000 ) ;
#3259 = EDGE_CURVE ( 'NONE', #563, #4714, #1339, .T. ) ;
#3260 = DIRECTION ( 'NONE',  ( 0.0000000000000000000, -1.748713181428220000E-016, -1.000000000000000000 ) ) ;
#3261 = CARTESIAN_POINT ( 'NONE',  ( 3.585000000000000000, 0.5400000000000000400, -2.870000000000000100 ) ) ;
#3262 = LINE ( 'NONE', #3263, #3264 ) ;
#3263 = CARTESIAN_POINT ( 'NONE',  ( 1.770000000000000000, 1.550000000000000000, 1.450000000000000000 ) ) ;
#3264 = VECTOR ( 'NONE', #3265, 1000.000000000000000 ) ;
#3265 = DIRECTION ( 'NONE',  ( 0.0000000000000000000, -1.000000000000000000, 7.228014483236690600E-016 ) ) ;
#3266 = LINE ( 'NONE', #3267, #3268 ) ;
#3267 = CARTESIAN_POINT ( 'NONE',  ( 2.765000000000000100, 0.4200000000000000400, 2.250000000000000000 ) ) ;
#3268 = VECTOR ( 'NONE', #3269, 1000.000000000000000 ) ;
#3269 = DIRECTION ( 'NONE',  ( -1.000000000000000000, 0.0000000000000000000, 0.0000000000000000000 ) ) ;
#3270 = CARTESIAN_POINT ( 'NONE',  ( 4.035000000000000100, 2.710505431213759900E-017, -3.350000000000000100 ) ) ;
#3271 = CARTESIAN_POINT ( 'NONE',  ( 1.570000000000000100, 1.250000000000000000, 0.5999999999999999800 ) ) ;
#3272 = LINE ( 'NONE', #3273, #3274 ) ;
#3273 = CARTESIAN_POINT ( 'NONE',  ( -0.2999999999999999900, 1.250000000000000000, 0.5999999999999999800 ) ) ;
#3274 = VECTOR ( 'NONE', #3275, 1000.000000000000000 ) ;
#3275 = DIRECTION ( 'NONE',  ( -1.000000000000000000, 0.0000000000000000000, 0.0000000000000000000 ) ) ;
#3276 = CARTESIAN_POINT ( 'NONE',  ( 1.495000000000000100, 2.710505431213759900E-017, 3.350000000000000100 ) ) ;
#3277 = CARTESIAN_POINT ( 'NONE',  ( 0.2999999999999999900, 1.450000000000000000, 0.5999999999999999800 ) ) ;
#3278 = LINE ( 'NONE', #3279, #3280 ) ;
#3279 = CARTESIAN_POINT ( 'NONE',  ( 1.495000000000000100, 0.4200000000000000400, -2.250000000000000000 ) ) ;
#3280 = VECTOR ( 'NONE', #3281, 1000.000000000000000 ) ;
#3281 = DIRECTION ( 'NONE',  ( -1.000000000000000000, 0.0000000000000000000, 0.0000000000000000000 ) ) ;
#3282 = FACE_OUTER_BOUND ( 'NONE', #4914, .T. ) ;
#3283 = COLOUR_RGB ( '',1.000000000000000000, 1.000000000000000000, 1.000000000000000000 ) ;
#3284 = FILL_AREA_STYLE_COLOUR ( '', #3283 ) ;
#3285 = FILL_AREA_STYLE ('',( #3284 ) ) ;
#3286 = SURFACE_STYLE_FILL_AREA ( #3285 ) ;
#3287 = SURFACE_SIDE_STYLE ('',( #3286 ) ) ;
#3288 = SURFACE_STYLE_USAGE ( .BOTH. , #3287 ) ;
#3289 = PRESENTATION_STYLE_ASSIGNMENT (( #3288 ) ) ;
#3290 = STYLED_ITEM ( 'NONE', ( #3289 ), #4872 ) ;
#3291 = PRESENTATION_LAYER_ASSIGNMENT (  '', '', ( #3290 ) ) ;
#3292 = EDGE_CURVE ( 'NONE', #2866, #57, #1350, .T. ) ;
#3293 = ORIENTED_EDGE ( 'NONE', *, *, #3292, .T. ) ;
#3294 = MECHANICAL_DESIGN_GEOMETRIC_PRESENTATION_REPRESENTATION (  '', ( #3290 ), #3299 ) ;
#3295 =( LENGTH_UNIT ( ) NAMED_UNIT ( * ) SI_UNIT ( .MILLI., .METRE. ) );
#3296 =( NAMED_UNIT ( * ) PLANE_ANGLE_UNIT ( ) SI_UNIT ( $, .RADIAN. ) );
#3297 =( NAMED_UNIT ( * ) SI_UNIT ( $, .STERADIAN. ) SOLID_ANGLE_UNIT ( ) );
#3298 = UNCERTAINTY_MEASURE_WITH_UNIT (LENGTH_MEASURE( 1.000000000000000100E-005 ), #3295, 'distance_accuracy_value', 'NONE');
#3299 =( GEOMETRIC_REPRESENTATION_CONTEXT ( 3 ) GLOBAL_UNCERTAINTY_ASSIGNED_CONTEXT ( ( #3298 ) ) GLOBAL_UNIT_ASSIGNED_CONTEXT ( ( #3295, #3296, #3297 ) ) REPRESENTATION_CONTEXT ( 'NONE', 'WORKASPACE' ) );
#3300 = PLANE ( 'NONE',  #3301 ) ;
#3301 = AXIS2_PLACEMENT_3D ( 'NONE', #3302, #3303, #3304 ) ;
#3302 = CARTESIAN_POINT ( 'NONE',  ( 2.239999999999999800, 2.398528137423854700, 0.5999999999999889900 ) ) ;
#3303 = DIRECTION ( 'NONE',  ( 0.0000000000000000000, 0.0000000000000000000, 1.000000000000000000 ) ) ;
#3304 = DIRECTION ( 'NONE',  ( 1.000000000000000000, 0.0000000000000000000, 0.0000000000000000000 ) ) ;
#3305 = FACE_OUTER_BOUND ( 'NONE', #3563, .T. ) ;
#3306 = PLANE ( 'NONE',  #3307 ) ;
#3307 = AXIS2_PLACEMENT_3D ( 'NONE', #3308, #3309, #3310 ) ;
#3308 = CARTESIAN_POINT ( 'NONE',  ( 0.2250000000000000100, 0.5400000000000000400, -2.870000000000000100 ) ) ;
#3309 = DIRECTION ( 'NONE',  ( 0.0000000000000000000, -3.097720492815730200E-015, -1.000000000000000000 ) ) ;
#3310 = DIRECTION ( 'NONE',  ( 0.0000000000000000000, 1.000000000000000000, -3.097720492815730200E-015 ) ) ;
#3311 = CARTESIAN_POINT ( 'NONE',  ( -1.050000000000000000, 1.450000000000000000, -2.250000000000000000 ) ) ;
#3312 = LINE ( 'NONE', #3313, #3314 ) ;
#3313 = CARTESIAN_POINT ( 'NONE',  ( -1.050000000000000000, 1.550000000000000000, -2.250000000000000000 ) ) ;
#3314 = VECTOR ( 'NONE', #3315, 1000.000000000000000 ) ;
#3315 = DIRECTION ( 'NONE',  ( 0.0000000000000000000, 0.0000000000000000000, 1.000000000000000000 ) ) ;
#3316 = CARTESIAN_POINT ( 'NONE',  ( -1.050000000000000000, 1.550000000000000000, -2.250000000000000000 ) ) ;
#3317 = LINE ( 'NONE', #3318, #3319 ) ;
#3318 = CARTESIAN_POINT ( 'NONE',  ( 0.7699999999999999100, 1.250000000000000000, 1.450000000000000000 ) ) ;
#3319 = VECTOR ( 'NONE', #3320, 1000.000000000000000 ) ;
#3320 = DIRECTION ( 'NONE',  ( 1.000000000000000000, 0.0000000000000000000, 0.0000000000000000000 ) ) ;
#3321 = LINE ( 'NONE', #3322, #3323 ) ;
#3322 = CARTESIAN_POINT ( 'NONE',  ( 2.314999999999999900, 0.4200000000000000400, -2.250000000000000000 ) ) ;
#3323 = VECTOR ( 'NONE', #3324, 1000.000000000000000 ) ;
#3324 = DIRECTION ( 'NONE',  ( 0.0000000000000000000, 1.084202172485495800E-016, 1.000000000000000000 ) ) ;
#3325 = CARTESIAN_POINT ( 'NONE',  ( -0.2250000000000000100, 0.1200000000000000100, 2.870000000000000100 ) ) ;
#3326 = LINE ( 'NONE', #3327, #3328 ) ;
#3327 = CARTESIAN_POINT ( 'NONE',  ( -0.5500000000000000400, 1.450000000000000000, -2.250000000000000000 ) ) ;
#3328 = VECTOR ( 'NONE', #3329, 1000.000000000000000 ) ;
#3329 = DIRECTION ( 'NONE',  ( 0.0000000000000000000, 1.000000000000000000, 0.0000000000000000000 ) ) ;
#3330 = LINE ( 'NONE', #3331, #3332 ) ;
#3331 = CARTESIAN_POINT ( 'NONE',  ( 0.2250000000000000100, 0.5400000000000000400, 2.870000000000000100 ) ) ;
#3332 = VECTOR ( 'NONE', #3333, 1000.000000000000000 ) ;
#3333 = DIRECTION ( 'NONE',  ( 0.0000000000000000000, -1.000000000000000000, -3.097720492815730200E-015 ) ) ;
#3334 = LINE ( 'NONE', #3335, #3336 ) ;
#3335 = CARTESIAN_POINT ( 'NONE',  ( 4.110000000000000300, 1.450000000000000000, 0.5999999999999828800 ) ) ;
#3336 = VECTOR ( 'NONE', #3337, 1000.000000000000000 ) ;
#3337 = DIRECTION ( 'NONE',  ( 0.0000000000000000000, 0.0000000000000000000, -1.000000000000000000 ) ) ;
#3338 = LINE ( 'NONE', #3339, #3340 ) ;
#3339 = CARTESIAN_POINT ( 'NONE',  ( 4.035000000000000100, 2.710505431213759900E-017, 3.350000000000000100 ) ) ;
#3340 = VECTOR ( 'NONE', #3341, 1000.000000000000000 ) ;
#3341 = DIRECTION ( 'NONE',  ( -1.000000000000000000, 0.0000000000000000000, 0.0000000000000000000 ) ) ;
#3342 = LINE ( 'NONE', #3343, #3344 ) ;
#3343 = CARTESIAN_POINT ( 'NONE',  ( 0.2250000000000000100, 0.5400000000000000400, -2.870000000000000100 ) ) ;
#3344 = VECTOR ( 'NONE', #3345, 1000.000000000000000 ) ;
#3345 = DIRECTION ( 'NONE',  ( -1.000000000000000000, 0.0000000000000000000, 0.0000000000000000000 ) ) ;
#3346 = CARTESIAN_POINT ( 'NONE',  ( 4.859999999999999400, 1.550000000000000000, 2.000000000000000000 ) ) ;
#3347 = FACE_OUTER_BOUND ( 'NONE', #796, .T. ) ;
#3348 = PLANE ( 'NONE',  #3349 ) ;
#3349 = AXIS2_PLACEMENT_3D ( 'NONE', #3350, #3351, #3352 ) ;
#3350 = CARTESIAN_POINT ( 'NONE',  ( 1.044999999999999900, -1.585221031409174900E-017, -2.250000000000000000 ) ) ;
#3351 = DIRECTION ( 'NONE',  ( -1.000000000000000000, 0.0000000000000000000, 0.0000000000000000000 ) ) ;
#3352 = DIRECTION ( 'NONE',  ( 0.0000000000000000000, 0.0000000000000000000, -1.000000000000000000 ) ) ;
#3353 = CARTESIAN_POINT ( 'NONE',  ( 0.2250000000000000100, 0.1200000000000000100, 3.350000000000000100 ) ) ;
#3354 = CARTESIAN_POINT ( 'NONE',  ( 2.314999999999999900, 2.710505431213759900E-017, -3.350000000000000100 ) ) ;
#3355 = CARTESIAN_POINT ( 'NONE',  ( 1.495000000000000100, 0.1200000000000000100, -3.350000000000000100 ) ) ;
#3356 = CARTESIAN_POINT ( 'NONE',  ( -0.2250000000000000100, 0.5400000000000000400, -2.870000000000000100 ) ) ;
#3357 = LINE ( 'NONE', #3359, #3360 ) ;
#3358 = ORIENTED_EDGE ( 'NONE', *, *, #729, .F. ) ;
#3359 = CARTESIAN_POINT ( 'NONE',  ( 2.239999999999999800, 1.450000000000000000, 1.200000000000000000 ) ) ;
#3360 = VECTOR ( 'NONE', #3361, 1000.000000000000000 ) ;
#3361 = DIRECTION ( 'NONE',  ( 1.000000000000000000, 0.0000000000000000000, 0.0000000000000000000 ) ) ;
#3362 = LINE ( 'NONE', #3363, #3364 ) ;
#3363 = CARTESIAN_POINT ( 'NONE',  ( 3.585000000000000000, 0.1200000000000000100, -2.870000000000000100 ) ) ;
#3364 = VECTOR ( 'NONE', #3365, 1000.000000000000000 ) ;
#3365 = DIRECTION ( 'NONE',  ( 0.0000000000000000000, -1.411721578757169900E-016, -1.000000000000000000 ) ) ;
#3366 = LINE ( 'NONE', #3367, #3368 ) ;
#3367 = CARTESIAN_POINT ( 'NONE',  ( 3.310000000000000100, 1.550000000000000000, 1.450000000000000000 ) ) ;
#3368 = VECTOR ( 'NONE', #3369, 1000.000000000000000 ) ;
#3369 = DIRECTION ( 'NONE',  ( 0.0000000000000000000, 0.0000000000000000000, 1.000000000000000000 ) ) ;
#3370 = LINE ( 'NONE', #3371, #3372 ) ;
#3371 = CARTESIAN_POINT ( 'NONE',  ( 0.2250000000000000100, 0.4200000000000000400, -2.750000000000000000 ) ) ;
#3372 = VECTOR ( 'NONE', #3373, 1000.000000000000000 ) ;
#3373 = DIRECTION ( 'NONE',  ( 0.0000000000000000000, 1.000000000000000000, -4.130293990420970500E-015 ) ) ;
#3374 = LINE ( 'NONE', #3377, #3378 ) ;
#3375 = EDGE_LOOP ( 'NONE', ( #731, #1, #73, #4692 ) ) ;
#3376 = ORIENTED_EDGE ( 'NONE', *, *, #4595, .F. ) ;
#3377 = CARTESIAN_POINT ( 'NONE',  ( 1.044999999999999900, 0.4200000000000000400, -2.750000000000000000 ) ) ;
#3378 = VECTOR ( 'NONE', #3379, 1000.000000000000000 ) ;
#3379 = DIRECTION ( 'NONE',  ( 0.0000000000000000000, 1.000000000000000000, -4.130293990420970500E-015 ) ) ;
#3380 = LINE ( 'NONE', #3381, #3382 ) ;
#3381 = CARTESIAN_POINT ( 'NONE',  ( 4.035000000000000100, 0.5400000000000000400, -2.250000000000000000 ) ) ;
#3382 = VECTOR ( 'NONE', #3383, 1000.000000000000000 ) ;
#3383 = DIRECTION ( 'NONE',  ( -1.000000000000000000, 0.0000000000000000000, 0.0000000000000000000 ) ) ;
#3384 = LINE ( 'NONE', #3385, #3386 ) ;
#3385 = CARTESIAN_POINT ( 'NONE',  ( 2.765000000000000100, 0.1200000000000000100, 3.350000000000000100 ) ) ;
#3386 = VECTOR ( 'NONE', #3387, 1000.000000000000000 ) ;
#3387 = DIRECTION ( 'NONE',  ( 0.0000000000000000000, -1.000000000000000000, 0.0000000000000000000 ) ) ;
#3388 = LINE ( 'NONE', #3389, #3390 ) ;
#3389 = CARTESIAN_POINT ( 'NONE',  ( 1.495000000000000100, 3.673819061467100000E-018, 2.750000000000000000 ) ) ;
#3390 = VECTOR ( 'NONE', #3391, 1000.000000000000000 ) ;
#3391 = DIRECTION ( 'NONE',  ( 0.0000000000000000000, -3.905205875111755100E-017, -1.000000000000000000 ) ) ;
#3392 = CARTESIAN_POINT ( 'NONE',  ( 4.859999999999999400, 1.550000000000000000, -2.250000000000000000 ) ) ;
#3393 = ORIENTED_EDGE ( 'NONE', *, *, #370, .T. ) ;
#3394 = CARTESIAN_POINT ( 'NONE',  ( 2.314999999999999900, 0.4200000000000000400, -2.750000000000000000 ) ) ;
#3395 = LINE ( 'NONE', #3396, #3397 ) ;
#3396 = CARTESIAN_POINT ( 'NONE',  ( -0.2999999999999999900, 1.250000000000000000, 1.200000000000000000 ) ) ;
#3397 = VECTOR ( 'NONE', #3398, 1000.000000000000000 ) ;
#3398 = DIRECTION ( 'NONE',  ( 1.000000000000000000, 0.0000000000000000000, 0.0000000000000000000 ) ) ;
#3399 = LINE ( 'NONE', #3400, #3401 ) ;
#3400 = CARTESIAN_POINT ( 'NONE',  ( 3.585000000000000000, 0.5400000000000000400, -2.250000000000000000 ) ) ;
#3401 = VECTOR ( 'NONE', #3402, 1000.000000000000000 ) ;
#3402 = DIRECTION ( 'NONE',  ( 0.0000000000000000000, -1.748713181428220000E-016, -1.000000000000000000 ) ) ;
#3403 = CARTESIAN_POINT ( 'NONE',  ( 3.310000000000000100, 1.250000000000000000, -1.450000000000000000 ) ) ;
#3404 = LINE ( 'NONE', #3405, #3406 ) ;
#3405 = CARTESIAN_POINT ( 'NONE',  ( 1.044999999999999900, 3.673819061467100000E-018, 2.750000000000000000 ) ) ;
#3406 = VECTOR ( 'NONE', #3407, 1000.000000000000000 ) ;
#3407 = DIRECTION ( 'NONE',  ( 0.0000000000000000000, -3.905205875111755100E-017, -1.000000000000000000 ) ) ;
#3408 = LINE ( 'NONE', #3409, #3413 ) ;
#3409 = CARTESIAN_POINT ( 'NONE',  ( 0.2250000000000000100, 0.4200000000000000400, -2.750000000000000000 ) ) ;
#3410 = ORIENTED_EDGE ( 'NONE', *, *, #540, .F. ) ;
#3411 = EDGE_CURVE ( 'NONE', #194, #4723, #1387, .T. ) ;
#3412 = VERTEX_POINT ( 'NONE', #1397 ) ;
#3413 = VECTOR ( 'NONE', #3414, 1000.000000000000000 ) ;
#3414 = DIRECTION ( 'NONE',  ( -1.000000000000000000, 0.0000000000000000000, 0.0000000000000000000 ) ) ;
#3415 = CARTESIAN_POINT ( 'NONE',  ( 0.2250000000000000100, 0.5400000000000000400, -2.870000000000000100 ) ) ;
#3416 = LINE ( 'NONE', #3417, #3418 ) ;
#3417 = CARTESIAN_POINT ( 'NONE',  ( 1.044999999999999900, 0.1200000000000000100, -3.350000000000000100 ) ) ;
#3418 = VECTOR ( 'NONE', #3419, 1000.000000000000000 ) ;
#3419 = DIRECTION ( 'NONE',  ( 0.0000000000000000000, -1.000000000000000000, 0.0000000000000000000 ) ) ;
#3420 = LINE ( 'NONE', #3421, #3422 ) ;
#3421 = CARTESIAN_POINT ( 'NONE',  ( 2.314999999999999900, 0.1200000000000000100, -2.870000000000000100 ) ) ;
#3422 = VECTOR ( 'NONE', #3423, 1000.000000000000000 ) ;
#3423 = DIRECTION ( 'NONE',  ( 0.0000000000000000000, -1.411721578757169900E-016, -1.000000000000000000 ) ) ;
#3424 = LINE ( 'NONE', #3425, #3426 ) ;
#3425 = CARTESIAN_POINT ( 'NONE',  ( 1.044999999999999900, 0.1200000000000000100, 3.350000000000000100 ) ) ;
#3426 = VECTOR ( 'NONE', #3427, 1000.000000000000000 ) ;
#3427 = DIRECTION ( 'NONE',  ( 0.0000000000000000000, -1.000000000000000000, 0.0000000000000000000 ) ) ;
#3428 = LINE ( 'NONE', #3431, #3432 ) ;
#3429 = ORIENTED_EDGE ( 'NONE', *, *, #92, .F. ) ;
#3430 = EDGE_CURVE ( 'NONE', #4732, #4955, #1411, .T. ) ;
#3431 = CARTESIAN_POINT ( 'NONE',  ( 3.040000000000000000, 1.550000000000000000, -1.450000000000000000 ) ) ;
#3432 = VECTOR ( 'NONE', #3433, 1000.000000000000000 ) ;
#3433 = DIRECTION ( 'NONE',  ( 0.0000000000000000000, 1.000000000000000000, 7.228014483236690600E-016 ) ) ;
#3434 = CIRCLE ( 'NONE', #3435, 0.2500000000000002200 ) ;
#3435 = AXIS2_PLACEMENT_3D ( 'NONE', #3436, #3437, #3438 ) ;
#3436 = CARTESIAN_POINT ( 'NONE',  ( 4.610000000000000300, 1.450000000000000000, 2.000000000000000000 ) ) ;
#3437 = DIRECTION ( 'NONE',  ( 0.0000000000000000000, 1.000000000000000000, 0.0000000000000000000 ) ) ;
#3438 = DIRECTION ( 'NONE',  ( 0.0000000000000000000, 0.0000000000000000000, 1.000000000000000000 ) ) ;
#3439 = FACE_OUTER_BOUND ( 'NONE', #334, .T. ) ;
#3440 = COLOUR_RGB ( '',0.0000000000000000000, 0.0000000000000000000, 0.0000000000000000000 ) ;
#3441 = FILL_AREA_STYLE_COLOUR ( '', #3440 ) ;
#3442 = FILL_AREA_STYLE ('',( #3441 ) ) ;
#3443 = SURFACE_STYLE_FILL_AREA ( #3442 ) ;
#3444 = SURFACE_SIDE_STYLE ('',( #3443 ) ) ;
#3445 = SURFACE_STYLE_USAGE ( .BOTH. , #3444 ) ;
#3446 = PRESENTATION_STYLE_ASSIGNMENT (( #3445 ) ) ;
#3447 = STYLED_ITEM ( 'NONE', ( #3446 ), #583 ) ;
#3448 = PRESENTATION_LAYER_ASSIGNMENT (  '', '', ( #3447 ) ) ;
#3449 = MECHANICAL_DESIGN_GEOMETRIC_PRESENTATION_REPRESENTATION (  '', ( #3447 ), #3454 ) ;
#3450 =( LENGTH_UNIT ( ) NAMED_UNIT ( * ) SI_UNIT ( .MILLI., .METRE. ) );
#3451 =( NAMED_UNIT ( * ) PLANE_ANGLE_UNIT ( ) SI_UNIT ( $, .RADIAN. ) );
#3452 =( NAMED_UNIT ( * ) SI_UNIT ( $, .STERADIAN. ) SOLID_ANGLE_UNIT ( ) );
#3453 = UNCERTAINTY_MEASURE_WITH_UNIT (LENGTH_MEASURE( 1.000000000000000100E-005 ), #3450, 'distance_accuracy_value', 'NONE');
#3454 =( GEOMETRIC_REPRESENTATION_CONTEXT ( 3 ) GLOBAL_UNCERTAINTY_ASSIGNED_CONTEXT ( ( #3453 ) ) GLOBAL_UNIT_ASSIGNED_CONTEXT ( ( #3450, #3451, #3452 ) ) REPRESENTATION_CONTEXT ( 'NONE', 'WORKASPACE' ) );
#3455 = PLANE ( 'NONE',  #3456 ) ;
#3456 = AXIS2_PLACEMENT_3D ( 'NONE', #3457, #3458, #3459 ) ;
#3457 = CARTESIAN_POINT ( 'NONE',  ( 3.310000000000000100, 1.250000000000000000, -1.450000000000000000 ) ) ;
#3458 = DIRECTION ( 'NONE',  ( -1.000000000000000000, 0.0000000000000000000, 0.0000000000000000000 ) ) ;
#3459 = DIRECTION ( 'NONE',  ( 0.0000000000000000000, 0.0000000000000000000, 1.000000000000000000 ) ) ;
#3460 = CARTESIAN_POINT ( 'NONE',  ( 4.110000000000000300, 1.450000000000000000, 0.5999999999999828800 ) ) ;
#3461 = FACE_OUTER_BOUND ( 'NONE', #510, .T. ) ;
#3462 = COLOUR_RGB ( '',0.0000000000000000000, 0.0000000000000000000, 0.0000000000000000000 ) ;
#3463 = FILL_AREA_STYLE_COLOUR ( '', #3462 ) ;
#3464 = FILL_AREA_STYLE ('',( #3463 ) ) ;
#3465 = SURFACE_STYLE_FILL_AREA ( #3464 ) ;
#3466 = SURFACE_SIDE_STYLE ('',( #3465 ) ) ;
#3467 = SURFACE_STYLE_USAGE ( .BOTH. , #3466 ) ;
#3468 = PRESENTATION_STYLE_ASSIGNMENT (( #3467 ) ) ;
#3469 = STYLED_ITEM ( 'NONE', ( #3468 ), #586 ) ;
#3470 = PRESENTATION_LAYER_ASSIGNMENT (  '', '', ( #3469 ) ) ;
#3471 = MECHANICAL_DESIGN_GEOMETRIC_PRESENTATION_REPRESENTATION (  '', ( #3469 ), #3476 ) ;
#3472 =( LENGTH_UNIT ( ) NAMED_UNIT ( * ) SI_UNIT ( .MILLI., .METRE. ) );
#3473 =( NAMED_UNIT ( * ) PLANE_ANGLE_UNIT ( ) SI_UNIT ( $, .RADIAN. ) );
#3474 =( NAMED_UNIT ( * ) SI_UNIT ( $, .STERADIAN. ) SOLID_ANGLE_UNIT ( ) );
#3475 = UNCERTAINTY_MEASURE_WITH_UNIT (LENGTH_MEASURE( 1.000000000000000100E-005 ), #3472, 'distance_accuracy_value', 'NONE');
#3476 =( GEOMETRIC_REPRESENTATION_CONTEXT ( 3 ) GLOBAL_UNCERTAINTY_ASSIGNED_CONTEXT ( ( #3475 ) ) GLOBAL_UNIT_ASSIGNED_CONTEXT ( ( #3472, #3473, #3474 ) ) REPRESENTATION_CONTEXT ( 'NONE', 'WORKASPACE' ) );
#3477 = PLANE ( 'NONE',  #3478 ) ;
#3478 = AXIS2_PLACEMENT_3D ( 'NONE', #3480, #3481, #3482 ) ;
#3479 = EDGE_CURVE ( 'NONE', #306, #331, #1420, .T. ) ;
#3480 = CARTESIAN_POINT ( 'NONE',  ( 0.7699999999999999100, 1.550000000000000000, 1.450000000000000000 ) ) ;
#3481 = DIRECTION ( 'NONE',  ( 0.0000000000000000000, 7.228014483236690600E-016, 1.000000000000000000 ) ) ;
#3482 = DIRECTION ( 'NONE',  ( 0.0000000000000000000, -1.000000000000000000, 7.228014483236690600E-016 ) ) ;
#3483 = CARTESIAN_POINT ( 'NONE',  ( 1.044999999999999900, 0.4200000000000000400, -2.250000000000000000 ) ) ;
#3484 = CARTESIAN_POINT ( 'NONE',  ( 2.239999999999999800, 1.450000000000000000, 1.200000000000000000 ) ) ;
#3485 = CARTESIAN_POINT ( 'NONE',  ( -0.2250000000000000100, 0.4200000000000000400, 2.250000000000000000 ) ) ;
#3486 = LINE ( 'NONE', #3487, #3488 ) ;
#3487 = CARTESIAN_POINT ( 'NONE',  ( 2.765000000000000100, 0.4200000000000000400, -2.750000000000000000 ) ) ;
#3488 = VECTOR ( 'NONE', #3489, 1000.000000000000000 ) ;
#3489 = DIRECTION ( 'NONE',  ( 0.0000000000000000000, 1.000000000000000000, -4.130293990420970500E-015 ) ) ;
#3490 = LINE ( 'NONE', #3491, #3492 ) ;
#3491 = CARTESIAN_POINT ( 'NONE',  ( -0.2250000000000000100, 0.4200000000000000400, -2.250000000000000000 ) ) ;
#3492 = VECTOR ( 'NONE', #3493, 1000.000000000000000 ) ;
#3493 = DIRECTION ( 'NONE',  ( 0.0000000000000000000, 1.084202172485495800E-016, 1.000000000000000000 ) ) ;
#3494 = CARTESIAN_POINT ( 'NONE',  ( 4.035000000000000100, 2.710505431213759900E-017, 3.350000000000000100 ) ) ;
#3495 = LINE ( 'NONE', #3497, #3498 ) ;
#3496 = ORIENTED_EDGE ( 'NONE', *, *, #4801, .T. ) ;
#3497 = CARTESIAN_POINT ( 'NONE',  ( 2.314999999999999900, 0.1200000000000000100, 3.350000000000000100 ) ) ;
#3498 = VECTOR ( 'NONE', #3499, 1000.000000000000000 ) ;
#3499 = DIRECTION ( 'NONE',  ( 0.0000000000000000000, -1.000000000000000000, 0.0000000000000000000 ) ) ;
#3500 = CARTESIAN_POINT ( 'NONE',  ( 3.585000000000000000, 0.1200000000000000100, -2.870000000000000100 ) ) ;
#3501 = LINE ( 'NONE', #3502, #3503 ) ;
#3502 = CARTESIAN_POINT ( 'NONE',  ( 4.035000000000000100, 0.1200000000000000100, -3.350000000000000100 ) ) ;
#3503 = VECTOR ( 'NONE', #3504, 1000.000000000000000 ) ;
#3504 = DIRECTION ( 'NONE',  ( -1.000000000000000000, 0.0000000000000000000, 0.0000000000000000000 ) ) ;
#3505 = CIRCLE ( 'NONE', #3506, 0.2500000000000000000 ) ;
#3506 = AXIS2_PLACEMENT_3D ( 'NONE', #3507, #3508, #3509 ) ;
#3507 = CARTESIAN_POINT ( 'NONE',  ( -0.8000000000000000400, 1.450000000000000000, -2.000000000000000000 ) ) ;
#3508 = DIRECTION ( 'NONE',  ( 0.0000000000000000000, 1.000000000000000000, 0.0000000000000000000 ) ) ;
#3509 = DIRECTION ( 'NONE',  ( 0.0000000000000000000, 0.0000000000000000000, 1.000000000000000000 ) ) ;
#3510 = LINE ( 'NONE', #3511, #3512 ) ;
#3511 = CARTESIAN_POINT ( 'NONE',  ( 3.310000000000000100, 1.250000000000000000, -1.450000000000000000 ) ) ;
#3512 = VECTOR ( 'NONE', #3513, 1000.000000000000000 ) ;
#3513 = DIRECTION ( 'NONE',  ( 1.000000000000000000, 0.0000000000000000000, 0.0000000000000000000 ) ) ;
#3514 = LINE ( 'NONE', #3515, #3516 ) ;
#3515 = CARTESIAN_POINT ( 'NONE',  ( 4.035000000000000100, 0.5400000000000000400, -2.870000000000000100 ) ) ;
#3516 = VECTOR ( 'NONE', #3517, 1000.000000000000000 ) ;
#3517 = DIRECTION ( 'NONE',  ( -1.000000000000000000, 0.0000000000000000000, 0.0000000000000000000 ) ) ;
#3518 = LINE ( 'NONE', #3519, #3520 ) ;
#3519 = CARTESIAN_POINT ( 'NONE',  ( 4.859999999999999400, 1.450000000000000000, -2.000000000000000000 ) ) ;
#3520 = VECTOR ( 'NONE', #3521, 1000.000000000000000 ) ;
#3521 = DIRECTION ( 'NONE',  ( 0.0000000000000000000, 1.000000000000000000, 0.0000000000000000000 ) ) ;
#3522 = LINE ( 'NONE', #3523, #3524 ) ;
#3523 = CARTESIAN_POINT ( 'NONE',  ( 4.859999999999999400, 1.450000000000000000, -2.250000000000000000 ) ) ;
#3524 = VECTOR ( 'NONE', #3525, 1000.000000000000000 ) ;
#3525 = DIRECTION ( 'NONE',  ( -1.000000000000000000, 0.0000000000000000000, 0.0000000000000000000 ) ) ;
#3526 = LINE ( 'NONE', #3527, #3528 ) ;
#3527 = CARTESIAN_POINT ( 'NONE',  ( -1.050000000000000000, 1.450000000000000000, 2.250000000000000000 ) ) ;
#3528 = VECTOR ( 'NONE', #3529, 1000.000000000000000 ) ;
#3529 = DIRECTION ( 'NONE',  ( 0.0000000000000000000, 1.000000000000000000, 0.0000000000000000000 ) ) ;
#3530 = LINE ( 'NONE', #3531, #3532 ) ;
#3531 = CARTESIAN_POINT ( 'NONE',  ( 2.314999999999999900, 0.5400000000000000400, -2.870000000000000100 ) ) ;
#3532 = VECTOR ( 'NONE', #3533, 1000.000000000000000 ) ;
#3533 = DIRECTION ( 'NONE',  ( 0.0000000000000000000, -1.000000000000000000, 3.097720492815730200E-015 ) ) ;
#3534 = CARTESIAN_POINT ( 'NONE',  ( 0.5000000000000000000, 1.550000000000000000, -1.450000000000000000 ) ) ;
#3535 = LINE ( 'NONE', #3536, #3537 ) ;
#3536 = CARTESIAN_POINT ( 'NONE',  ( 1.495000000000000100, 0.4200000000000000400, 2.750000000000000000 ) ) ;
#3537 = VECTOR ( 'NONE', #3538, 1000.000000000000000 ) ;
#3538 = DIRECTION ( 'NONE',  ( -1.000000000000000000, 0.0000000000000000000, 0.0000000000000000000 ) ) ;
#3539 = LINE ( 'NONE', #3540, #3541 ) ;
#3540 = CARTESIAN_POINT ( 'NONE',  ( 2.839999999999999900, 2.398528137423854700, 0.5999999999999889900 ) ) ;
#3541 = VECTOR ( 'NONE', #3542, 1000.000000000000000 ) ;
#3542 = DIRECTION ( 'NONE',  ( 0.0000000000000000000, -1.000000000000000000, 0.0000000000000000000 ) ) ;
#3543 = CARTESIAN_POINT ( 'NONE',  ( 0.2250000000000000100, 0.4200000000000000400, -2.750000000000000000 ) ) ;
#3544 = CARTESIAN_POINT ( 'NONE',  ( 1.770000000000000000, 1.550000000000000000, -1.450000000000000000 ) ) ;
#3545 = EDGE_CURVE ( 'NONE', #114, #4605, #1482, .T. ) ;
#3546 = ORIENTED_EDGE ( 'NONE', *, *, #156, .F. ) ;
#3547 = LINE ( 'NONE', #3548, #3549 ) ;
#3548 = CARTESIAN_POINT ( 'NONE',  ( 2.765000000000000100, 0.4200000000000000400, 2.750000000000000000 ) ) ;
#3549 = VECTOR ( 'NONE', #3550, 1000.000000000000000 ) ;
#3550 = DIRECTION ( 'NONE',  ( -1.000000000000000000, 0.0000000000000000000, 0.0000000000000000000 ) ) ;
#3551 = CARTESIAN_POINT ( 'NONE',  ( 1.044999999999999900, 3.673819061467100000E-018, 2.750000000000000000 ) ) ;
#3552 = LINE ( 'NONE', #3553, #3554 ) ;
#3553 = CARTESIAN_POINT ( 'NONE',  ( 0.9700000000000000800, 1.450000000000000000, 0.5999999999999999800 ) ) ;
#3554 = VECTOR ( 'NONE', #3555, 1000.000000000000000 ) ;
#3555 = DIRECTION ( 'NONE',  ( 0.0000000000000000000, 0.0000000000000000000, 1.000000000000000000 ) ) ;
#3556 = CIRCLE ( 'NONE', #3557, 0.2500000000000002200 ) ;
#3557 = AXIS2_PLACEMENT_3D ( 'NONE', #3558, #3559, #3560 ) ;
#3558 = CARTESIAN_POINT ( 'NONE',  ( 4.610000000000000300, 1.450000000000000000, -2.000000000000000000 ) ) ;
#3559 = DIRECTION ( 'NONE',  ( 0.0000000000000000000, 1.000000000000000000, 0.0000000000000000000 ) ) ;
#3560 = DIRECTION ( 'NONE',  ( 0.0000000000000000000, 0.0000000000000000000, -1.000000000000000000 ) ) ;
#3561 = CARTESIAN_POINT ( 'NONE',  ( 4.859999999999999400, 1.450000000000000000, 2.000000000000000000 ) ) ;
#3562 = CARTESIAN_POINT ( 'NONE',  ( 1.044999999999999900, 2.710505431213759900E-017, 3.350000000000000100 ) ) ;
#3563 = EDGE_LOOP ( 'NONE', ( #726, #559, #4691, #4565 ) ) ;
#3564 = FACE_OUTER_BOUND ( 'NONE', #4974, .T. ) ;
#3565 = COLOUR_RGB ( '',0.0000000000000000000, 0.0000000000000000000, 0.0000000000000000000 ) ;
#3566 = FILL_AREA_STYLE_COLOUR ( '', #3565 ) ;
#3567 = FILL_AREA_STYLE ('',( #3566 ) ) ;
#3568 = SURFACE_STYLE_FILL_AREA ( #3567 ) ;
#3569 = SURFACE_SIDE_STYLE ('',( #3568 ) ) ;
#3570 = SURFACE_STYLE_USAGE ( .BOTH. , #3569 ) ;
#3571 = PRESENTATION_STYLE_ASSIGNMENT (( #3570 ) ) ;
#3572 = STYLED_ITEM ( 'NONE', ( #3571 ), #4964 ) ;
#3573 = PRESENTATION_LAYER_ASSIGNMENT (  '', '', ( #3572 ) ) ;
#3574 = MECHANICAL_DESIGN_GEOMETRIC_PRESENTATION_REPRESENTATION (  '', ( #3572 ), #3579 ) ;
#3575 =( LENGTH_UNIT ( ) NAMED_UNIT ( * ) SI_UNIT ( .MILLI., .METRE. ) );
#3576 =( NAMED_UNIT ( * ) PLANE_ANGLE_UNIT ( ) SI_UNIT ( $, .RADIAN. ) );
#3577 =( NAMED_UNIT ( * ) SI_UNIT ( $, .STERADIAN. ) SOLID_ANGLE_UNIT ( ) );
#3578 = UNCERTAINTY_MEASURE_WITH_UNIT (LENGTH_MEASURE( 1.000000000000000100E-005 ), #3575, 'distance_accuracy_value', 'NONE');
#3579 =( GEOMETRIC_REPRESENTATION_CONTEXT ( 3 ) GLOBAL_UNCERTAINTY_ASSIGNED_CONTEXT ( ( #3578 ) ) GLOBAL_UNIT_ASSIGNED_CONTEXT ( ( #3575, #3576, #3577 ) ) REPRESENTATION_CONTEXT ( 'NONE', 'WORKASPACE' ) );
#3580 = ORIENTED_EDGE ( 'NONE', *, *, #5007, .F. ) ;
#3581 = ORIENTED_EDGE ( 'NONE', *, *, #627, .F. ) ;
#3582 = PLANE ( 'NONE',  #3583 ) ;
#3583 = AXIS2_PLACEMENT_3D ( 'NONE', #3584, #3585, #3586 ) ;
#3584 = CARTESIAN_POINT ( 'NONE',  ( 1.770000000000000000, 1.250000000000000000, -1.450000000000000000 ) ) ;
#3585 = DIRECTION ( 'NONE',  ( -1.000000000000000000, 0.0000000000000000000, 0.0000000000000000000 ) ) ;
#3586 = DIRECTION ( 'NONE',  ( 0.0000000000000000000, 0.0000000000000000000, 1.000000000000000000 ) ) ;
#3587 = CARTESIAN_POINT ( 'NONE',  ( 2.314999999999999900, 2.710505431213759900E-017, 3.350000000000000100 ) ) ;
#3588 = FACE_OUTER_BOUND ( 'NONE', #4851, .T. ) ;
#3589 = COLOUR_RGB ( '',0.0000000000000000000, 0.0000000000000000000, 0.0000000000000000000 ) ;
#3590 = FILL_AREA_STYLE_COLOUR ( '', #3589 ) ;
#3591 = FILL_AREA_STYLE ('',( #3590 ) ) ;
#3592 = SURFACE_STYLE_FILL_AREA ( #3591 ) ;
#3593 = SURFACE_SIDE_STYLE ('',( #3592 ) ) ;
#3594 = SURFACE_STYLE_USAGE ( .BOTH. , #3593 ) ;
#3595 = PRESENTATION_STYLE_ASSIGNMENT (( #3594 ) ) ;
#3596 = STYLED_ITEM ( 'NONE', ( #3595 ), #600 ) ;
#3597 = PRESENTATION_LAYER_ASSIGNMENT (  '', '', ( #3596 ) ) ;
#3598 = MECHANICAL_DESIGN_GEOMETRIC_PRESENTATION_REPRESENTATION (  '', ( #3596 ), #3603 ) ;
#3599 =( LENGTH_UNIT ( ) NAMED_UNIT ( * ) SI_UNIT ( .MILLI., .METRE. ) );
#3600 =( NAMED_UNIT ( * ) PLANE_ANGLE_UNIT ( ) SI_UNIT ( $, .RADIAN. ) );
#3601 =( NAMED_UNIT ( * ) SI_UNIT ( $, .STERADIAN. ) SOLID_ANGLE_UNIT ( ) );
#3602 = UNCERTAINTY_MEASURE_WITH_UNIT (LENGTH_MEASURE( 1.000000000000000100E-005 ), #3599, 'distance_accuracy_value', 'NONE');
#3603 =( GEOMETRIC_REPRESENTATION_CONTEXT ( 3 ) GLOBAL_UNCERTAINTY_ASSIGNED_CONTEXT ( ( #3602 ) ) GLOBAL_UNIT_ASSIGNED_CONTEXT ( ( #3599, #3600, #3601 ) ) REPRESENTATION_CONTEXT ( 'NONE', 'WORKASPACE' ) );
#3604 = PLANE ( 'NONE',  #3605 ) ;
#3605 = AXIS2_PLACEMENT_3D ( 'NONE', #3606, #3607, #3608 ) ;
#3606 = CARTESIAN_POINT ( 'NONE',  ( 4.360000000000000300, 1.450000000000000000, -2.250000000000000000 ) ) ;
#3607 = DIRECTION ( 'NONE',  ( -1.000000000000000000, 0.0000000000000000000, 0.0000000000000000000 ) ) ;
#3608 = DIRECTION ( 'NONE',  ( 0.0000000000000000000, 0.0000000000000000000, 1.000000000000000000 ) ) ;
#3609 = FACE_OUTER_BOUND ( 'NONE', #582, .T. ) ;
#3610 = PLANE ( 'NONE',  #3611 ) ;
#3611 = AXIS2_PLACEMENT_3D ( 'NONE', #3612, #3613, #3615 ) ;
#3612 = CARTESIAN_POINT ( 'NONE',  ( 1.495000000000000100, 3.673819061467100000E-018, 2.750000000000000000 ) ) ;
#3613 = DIRECTION ( 'NONE',  ( 0.0000000000000000000, 1.000000000000000000, -3.905205875111750200E-017 ) ) ;
#3614 = EDGE_LOOP ( 'NONE', ( #4614, #4637, #167, #5008, #3189, #3580, #4688, #556 ) ) ;
#3615 = DIRECTION ( 'NONE',  ( 0.0000000000000000000, 3.905205875111750200E-017, 1.000000000000000000 ) ) ;
#3616 = CARTESIAN_POINT ( 'NONE',  ( 2.839999999999999900, 1.450000000000000000, 1.200000000000000000 ) ) ;
#3617 = FACE_OUTER_BOUND ( 'NONE', #4667, .T. ) ;
#3618 = PLANE ( 'NONE',  #3619 ) ;
#3619 = AXIS2_PLACEMENT_3D ( 'NONE', #3620, #3621, #3622 ) ;
#3620 = CARTESIAN_POINT ( 'NONE',  ( 4.035000000000000100, 3.673819061467100000E-018, 2.750000000000000000 ) ) ;
#3621 = DIRECTION ( 'NONE',  ( 0.0000000000000000000, 1.000000000000000000, -3.905205875111750200E-017 ) ) ;
#3622 = DIRECTION ( 'NONE',  ( 0.0000000000000000000, 3.905205875111750200E-017, 1.000000000000000000 ) ) ;
#3623 = COLOUR_RGB ( '',1.000000000000000000, 1.000000000000000000, 0.5019607843137254800 ) ;
#3624 = FILL_AREA_STYLE_COLOUR ( '', #3623 ) ;
#3625 = FILL_AREA_STYLE ('',( #3624 ) ) ;
#3626 = SURFACE_STYLE_FILL_AREA ( #3625 ) ;
#3627 = SURFACE_SIDE_STYLE ('',( #3626 ) ) ;
#3628 = SURFACE_STYLE_USAGE ( .BOTH. , #3627 ) ;
#3629 = PRESENTATION_STYLE_ASSIGNMENT (( #3628 ) ) ;
#3630 = STYLED_ITEM ( 'NONE', ( #3629 ), #4653 ) ;
#3631 = EDGE_CURVE ( 'NONE', #112, #30, #1549, .T. ) ;
#3632 = EDGE_LOOP ( 'NONE', ( #4748, #4983, #5055, #4899 ) ) ;
#3633 = PRESENTATION_LAYER_ASSIGNMENT (  '', '', ( #3630 ) ) ;
#3634 = MECHANICAL_DESIGN_GEOMETRIC_PRESENTATION_REPRESENTATION (  '', ( #3630 ), #3639 ) ;
#3635 =( LENGTH_UNIT ( ) NAMED_UNIT ( * ) SI_UNIT ( .MILLI., .METRE. ) );
#3636 =( NAMED_UNIT ( * ) PLANE_ANGLE_UNIT ( ) SI_UNIT ( $, .RADIAN. ) );
#3637 =( NAMED_UNIT ( * ) SI_UNIT ( $, .STERADIAN. ) SOLID_ANGLE_UNIT ( ) );
#3638 = UNCERTAINTY_MEASURE_WITH_UNIT (LENGTH_MEASURE( 1.000000000000000100E-005 ), #3635, 'distance_accuracy_value', 'NONE');
#3639 =( GEOMETRIC_REPRESENTATION_CONTEXT ( 3 ) GLOBAL_UNCERTAINTY_ASSIGNED_CONTEXT ( ( #3638 ) ) GLOBAL_UNIT_ASSIGNED_CONTEXT ( ( #3635, #3636, #3637 ) ) REPRESENTATION_CONTEXT ( 'NONE', 'WORKASPACE' ) );
#3640 = CARTESIAN_POINT ( 'NONE',  ( 4.035000000000000100, 0.1200000000000000100, -3.350000000000000100 ) ) ;
#3641 = FACE_OUTER_BOUND ( 'NONE', #791, .T. ) ;
#3642 = COLOUR_RGB ( '',1.000000000000000000, 1.000000000000000000, 1.000000000000000000 ) ;
#3643 = FILL_AREA_STYLE_COLOUR ( '', #3642 ) ;
#3644 = FILL_AREA_STYLE ('',( #3643 ) ) ;
#3645 = SURFACE_STYLE_FILL_AREA ( #3644 ) ;
#3646 = SURFACE_SIDE_STYLE ('',( #3645 ) ) ;
#3647 = SURFACE_STYLE_USAGE ( .BOTH. , #3646 ) ;
#3648 = PRESENTATION_STYLE_ASSIGNMENT (( #3647 ) ) ;
#3649 = ADVANCED_FACE ( 'NONE', ( #1553 ), #1570, .F. ) ;
#3650 = STYLED_ITEM ( 'NONE', ( #3648 ), #4976 ) ;
#3651 = PRESENTATION_LAYER_ASSIGNMENT (  '', '', ( #3650 ) ) ;
#3652 = MECHANICAL_DESIGN_GEOMETRIC_PRESENTATION_REPRESENTATION (  '', ( #3650 ), #3657 ) ;
#3653 =( LENGTH_UNIT ( ) NAMED_UNIT ( * ) SI_UNIT ( .MILLI., .METRE. ) );
#3654 =( NAMED_UNIT ( * ) PLANE_ANGLE_UNIT ( ) SI_UNIT ( $, .RADIAN. ) );
#3655 =( NAMED_UNIT ( * ) SI_UNIT ( $, .STERADIAN. ) SOLID_ANGLE_UNIT ( ) );
#3656 = UNCERTAINTY_MEASURE_WITH_UNIT (LENGTH_MEASURE( 1.000000000000000100E-005 ), #3653, 'distance_accuracy_value', 'NONE');
#3657 =( GEOMETRIC_REPRESENTATION_CONTEXT ( 3 ) GLOBAL_UNCERTAINTY_ASSIGNED_CONTEXT ( ( #3656 ) ) GLOBAL_UNIT_ASSIGNED_CONTEXT ( ( #3653, #3654, #3655 ) ) REPRESENTATION_CONTEXT ( 'NONE', 'WORKASPACE' ) );
#3658 = PLANE ( 'NONE',  #3659 ) ;
#3659 = AXIS2_PLACEMENT_3D ( 'NONE', #3660, #3661, #3662 ) ;
#3660 = CARTESIAN_POINT ( 'NONE',  ( -1.250000000000000000, 1.450000000000000000, 2.250000000000000000 ) ) ;
#3661 = DIRECTION ( 'NONE',  ( 0.0000000000000000000, 1.000000000000000000, 0.0000000000000000000 ) ) ;
#3662 = DIRECTION ( 'NONE',  ( 0.0000000000000000000, 0.0000000000000000000, 1.000000000000000000 ) ) ;
#3663 = CARTESIAN_POINT ( 'NONE',  ( -0.5500000000000000400, 1.550000000000000000, 2.250000000000000000 ) ) ;
#3664 = LINE ( 'NONE', #3665, #3666 ) ;
#3665 = CARTESIAN_POINT ( 'NONE',  ( 0.9700000000000000800, 1.450000000000000000, 1.200000000000000000 ) ) ;
#3666 = VECTOR ( 'NONE', #3667, 1000.000000000000000 ) ;
#3667 = DIRECTION ( 'NONE',  ( 1.000000000000000000, 0.0000000000000000000, 0.0000000000000000000 ) ) ;
#3668 = CARTESIAN_POINT ( 'NONE',  ( 2.765000000000000100, 3.673819061467100000E-018, 2.750000000000000000 ) ) ;
#3669 = CARTESIAN_POINT ( 'NONE',  ( 0.5000000000000000000, 1.250000000000000000, 1.450000000000000000 ) ) ;
#3670 = CARTESIAN_POINT ( 'NONE',  ( 0.2999999999999999900, 1.250000000000000000, 1.200000000000000000 ) ) ;
#3671 = LINE ( 'NONE', #3672, #3673 ) ;
#3672 = CARTESIAN_POINT ( 'NONE',  ( 2.765000000000000100, 3.673819061467100000E-018, -2.750000000000000000 ) ) ;
#3673 = VECTOR ( 'NONE', #3674, 1000.000000000000000 ) ;
#3674 = DIRECTION ( 'NONE',  ( 0.0000000000000000000, -3.905205875111755100E-017, 1.000000000000000000 ) ) ;
#3675 = CARTESIAN_POINT ( 'NONE',  ( 3.510000000000000200, 1.450000000000000000, 0.5999999999999828800 ) ) ;
#3676 = LINE ( 'NONE', #3677, #3678 ) ;
#3677 = CARTESIAN_POINT ( 'NONE',  ( 4.035000000000000100, 3.673819061467100000E-018, 2.750000000000000000 ) ) ;
#3678 = VECTOR ( 'NONE', #3679, 1000.000000000000000 ) ;
#3679 = DIRECTION ( 'NONE',  ( 0.0000000000000000000, -3.905205875111755100E-017, -1.000000000000000000 ) ) ;
#3680 = LINE ( 'NONE', #3681, #3682 ) ;
#3681 = CARTESIAN_POINT ( 'NONE',  ( -0.5500000000000000400, 1.450000000000000000, 2.250000000000000000 ) ) ;
#3682 = VECTOR ( 'NONE', #3683, 1000.000000000000000 ) ;
#3683 = DIRECTION ( 'NONE',  ( 0.0000000000000000000, 1.000000000000000000, 0.0000000000000000000 ) ) ;
#3684 = LINE ( 'NONE', #3685, #3686 ) ;
#3685 = CARTESIAN_POINT ( 'NONE',  ( 0.2250000000000000100, 2.710505431213759900E-017, -3.350000000000000100 ) ) ;
#3686 = VECTOR ( 'NONE', #3687, 1000.000000000000000 ) ;
#3687 = DIRECTION ( 'NONE',  ( -1.000000000000000000, 0.0000000000000000000, 0.0000000000000000000 ) ) ;
#3688 = FACE_OUTER_BOUND ( 'NONE', #4960, .T. ) ;
#3689 = COLOUR_RGB ( '',1.000000000000000000, 1.000000000000000000, 1.000000000000000000 ) ;
#3690 = FILL_AREA_STYLE_COLOUR ( '', #3689 ) ;
#3691 = FILL_AREA_STYLE ('',( #3690 ) ) ;
#3692 = SURFACE_STYLE_FILL_AREA ( #3691 ) ;
#3693 = SURFACE_SIDE_STYLE ('',( #3692 ) ) ;
#3694 = SURFACE_STYLE_USAGE ( .BOTH. , #3693 ) ;
#3695 = PRESENTATION_STYLE_ASSIGNMENT (( #3694 ) ) ;
#3696 = STYLED_ITEM ( 'NONE', ( #3695 ), #4988 ) ;
#3697 = PRESENTATION_LAYER_ASSIGNMENT (  '', '', ( #3696 ) ) ;
#3698 = EDGE_CURVE ( 'NONE', #4738, #4556, #1606, .T. ) ;
#3699 = ORIENTED_EDGE ( 'NONE', *, *, #33, .F. ) ;
#3700 = MECHANICAL_DESIGN_GEOMETRIC_PRESENTATION_REPRESENTATION (  '', ( #3696 ), #3705 ) ;
#3701 =( LENGTH_UNIT ( ) NAMED_UNIT ( * ) SI_UNIT ( .MILLI., .METRE. ) );
#3702 =( NAMED_UNIT ( * ) PLANE_ANGLE_UNIT ( ) SI_UNIT ( $, .RADIAN. ) );
#3703 =( NAMED_UNIT ( * ) SI_UNIT ( $, .STERADIAN. ) SOLID_ANGLE_UNIT ( ) );
#3704 = UNCERTAINTY_MEASURE_WITH_UNIT (LENGTH_MEASURE( 1.000000000000000100E-005 ), #3701, 'distance_accuracy_value', 'NONE');
#3705 =( GEOMETRIC_REPRESENTATION_CONTEXT ( 3 ) GLOBAL_UNCERTAINTY_ASSIGNED_CONTEXT ( ( #3704 ) ) GLOBAL_UNIT_ASSIGNED_CONTEXT ( ( #3701, #3702, #3703 ) ) REPRESENTATION_CONTEXT ( 'NONE', 'WORKASPACE' ) );
#3706 = PLANE ( 'NONE',  #3707 ) ;
#3707 = AXIS2_PLACEMENT_3D ( 'NONE', #3708, #3709, #3710 ) ;
#3708 = CARTESIAN_POINT ( 'NONE',  ( -1.250000000000000000, 1.450000000000000000, 2.250000000000000000 ) ) ;
#3709 = DIRECTION ( 'NONE',  ( 0.0000000000000000000, 1.000000000000000000, 0.0000000000000000000 ) ) ;
#3710 = DIRECTION ( 'NONE',  ( 0.0000000000000000000, 0.0000000000000000000, 1.000000000000000000 ) ) ;
#3711 = FACE_OUTER_BOUND ( 'NONE', #4797, .T. ) ;
#3712 = PLANE ( 'NONE',  #3713 ) ;
#3713 = AXIS2_PLACEMENT_3D ( 'NONE', #3714, #3715, #3716 ) ;
#3714 = CARTESIAN_POINT ( 'NONE',  ( -0.2250000000000000100, -1.585221031409174900E-017, 2.250000000000000000 ) ) ;
#3715 = DIRECTION ( 'NONE',  ( -1.000000000000000000, 0.0000000000000000000, 0.0000000000000000000 ) ) ;
#3716 = DIRECTION ( 'NONE',  ( 0.0000000000000000000, 0.0000000000000000000, 1.000000000000000000 ) ) ;
#3717 = LINE ( 'NONE', #3718, #3719 ) ;
#3718 = CARTESIAN_POINT ( 'NONE',  ( -0.5000000000000000000, 1.250000000000000000, -1.450000000000000000 ) ) ;
#3719 = VECTOR ( 'NONE', #3720, 1000.000000000000000 ) ;
#3720 = DIRECTION ( 'NONE',  ( 0.0000000000000000000, 0.0000000000000000000, -1.000000000000000000 ) ) ;
#3721 = CARTESIAN_POINT ( 'NONE',  ( 2.765000000000000100, 0.4200000000000000400, 2.750000000000000000 ) ) ;
#3722 = CARTESIAN_POINT ( 'NONE',  ( 4.360000000000000300, 1.450000000000000000, -2.000000000000000000 ) ) ;
#3723 = CARTESIAN_POINT ( 'NONE',  ( 0.9700000000000000800, 1.450000000000000000, 1.200000000000000000 ) ) ;
#3724 = LINE ( 'NONE', #3725, #3726 ) ;
#3725 = CARTESIAN_POINT ( 'NONE',  ( 3.310000000000000100, 1.550000000000000000, 1.450000000000000000 ) ) ;
#3726 = VECTOR ( 'NONE', #3727, 1000.000000000000000 ) ;
#3727 = DIRECTION ( 'NONE',  ( 1.000000000000000000, 0.0000000000000000000, 0.0000000000000000000 ) ) ;
#3728 = LINE ( 'NONE', #3729, #3730 ) ;
#3729 = CARTESIAN_POINT ( 'NONE',  ( 1.495000000000000100, 3.673819061467100000E-018, -2.750000000000000000 ) ) ;
#3730 = VECTOR ( 'NONE', #3731, 1000.000000000000000 ) ;
#3731 = DIRECTION ( 'NONE',  ( 0.0000000000000000000, -3.905205875111755100E-017, 1.000000000000000000 ) ) ;
#3732 = CARTESIAN_POINT ( 'NONE',  ( 0.9700000000000000800, 1.450000000000000000, 0.5999999999999999800 ) ) ;
#3733 = CARTESIAN_POINT ( 'NONE',  ( 1.495000000000000100, 0.5400000000000000400, 2.870000000000000100 ) ) ;
#3734 = LINE ( 'NONE', #3735, #3736 ) ;
#3735 = CARTESIAN_POINT ( 'NONE',  ( 1.495000000000000100, 0.1200000000000000100, 3.350000000000000100 ) ) ;
#3736 = VECTOR ( 'NONE', #3737, 1000.000000000000000 ) ;
#3737 = DIRECTION ( 'NONE',  ( 0.0000000000000000000, -1.000000000000000000, 0.0000000000000000000 ) ) ;
#3738 = LINE ( 'NONE', #3739, #3740 ) ;
#3739 = CARTESIAN_POINT ( 'NONE',  ( 3.585000000000000000, 0.4200000000000000400, 2.750000000000000000 ) ) ;
#3740 = VECTOR ( 'NONE', #3741, 1000.000000000000000 ) ;
#3741 = DIRECTION ( 'NONE',  ( 0.0000000000000000000, 1.000000000000000000, 4.130293990420970500E-015 ) ) ;
#3742 = CARTESIAN_POINT ( 'NONE',  ( -0.5000000000000000000, 1.550000000000000000, -1.450000000000000000 ) ) ;
#3743 = LINE ( 'NONE', #3744, #3745 ) ;
#3744 = CARTESIAN_POINT ( 'NONE',  ( 2.765000000000000100, 0.4200000000000000400, 2.250000000000000000 ) ) ;
#3745 = VECTOR ( 'NONE', #3746, 1000.000000000000000 ) ;
#3746 = DIRECTION ( 'NONE',  ( 0.0000000000000000000, 1.084202172485495800E-016, -1.000000000000000000 ) ) ;
#3747 = CARTESIAN_POINT ( 'NONE',  ( 3.585000000000000000, 2.710505431213759900E-017, 3.350000000000000100 ) ) ;
#3748 = EDGE_LOOP ( 'NONE', ( #4720, #717, #749, #4655 ) ) ;
#3749 = FACE_OUTER_BOUND ( 'NONE', #3614, .T. ) ;
#3750 = PLANE ( 'NONE',  #3751 ) ;
#3751 = AXIS2_PLACEMENT_3D ( 'NONE', #3752, #3753, #3754 ) ;
#3752 = CARTESIAN_POINT ( 'NONE',  ( 4.035000000000000100, -1.585221031409174900E-017, -2.250000000000000000 ) ) ;
#3753 = DIRECTION ( 'NONE',  ( -1.000000000000000000, 0.0000000000000000000, 0.0000000000000000000 ) ) ;
#3754 = DIRECTION ( 'NONE',  ( 0.0000000000000000000, 0.0000000000000000000, -1.000000000000000000 ) ) ;
#3755 = CARTESIAN_POINT ( 'NONE',  ( 5.060000000000000500, 1.550000000000000000, -2.250000000000000000 ) ) ;
#3756 = FACE_OUTER_BOUND ( 'NONE', #585, .T. ) ;
#3757 = PLANE ( 'NONE',  #3758 ) ;
#3758 = AXIS2_PLACEMENT_3D ( 'NONE', #3759, #3760, #3761 ) ;
#3759 = CARTESIAN_POINT ( 'NONE',  ( 1.495000000000000100, 0.4200000000000000400, 2.250000000000000000 ) ) ;
#3760 = DIRECTION ( 'NONE',  ( 0.0000000000000000000, 1.000000000000000000, 1.084202172485495800E-016 ) ) ;
#3761 = DIRECTION ( 'NONE',  ( 0.0000000000000000000, -1.084202172485495800E-016, 1.000000000000000000 ) ) ;
#3762 = LINE ( 'NONE', #3763, #3764 ) ;
#3763 = CARTESIAN_POINT ( 'NONE',  ( -0.2250000000000000100, 0.5400000000000000400, -2.250000000000000000 ) ) ;
#3764 = VECTOR ( 'NONE', #3766, 1000.000000000000000 ) ;
#3765 = ORIENTED_EDGE ( 'NONE', *, *, #3866, .F. ) ;
#3766 = DIRECTION ( 'NONE',  ( 0.0000000000000000000, 1.000000000000000000, 0.0000000000000000000 ) ) ;
#3767 = LINE ( 'NONE', #3768, #3769 ) ;
#3768 = CARTESIAN_POINT ( 'NONE',  ( 1.495000000000000100, 0.4200000000000000400, 2.750000000000000000 ) ) ;
#3769 = VECTOR ( 'NONE', #3770, 1000.000000000000000 ) ;
#3770 = DIRECTION ( 'NONE',  ( 0.0000000000000000000, 1.000000000000000000, 4.130293990420970500E-015 ) ) ;
#3771 = LINE ( 'NONE', #3772, #3773 ) ;
#3772 = CARTESIAN_POINT ( 'NONE',  ( 0.2250000000000000100, 0.1200000000000000100, 3.350000000000000100 ) ) ;
#3773 = VECTOR ( 'NONE', #3774, 1000.000000000000000 ) ;
#3774 = DIRECTION ( 'NONE',  ( 0.0000000000000000000, -1.000000000000000000, 0.0000000000000000000 ) ) ;
#3775 = LINE ( 'NONE', #3776, #3777 ) ;
#3776 = CARTESIAN_POINT ( 'NONE',  ( 5.060000000000000500, 1.550000000000000000, -2.250000000000000000 ) ) ;
#3777 = VECTOR ( 'NONE', #3778, 1000.000000000000000 ) ;
#3778 = DIRECTION ( 'NONE',  ( 0.0000000000000000000, -1.000000000000000000, 0.0000000000000000000 ) ) ;
#3779 = CIRCLE ( 'NONE', #3780, 0.2500000000000000000 ) ;
#3780 = AXIS2_PLACEMENT_3D ( 'NONE', #3781, #3783, #3784 ) ;
#3781 = CARTESIAN_POINT ( 'NONE',  ( -0.8000000000000000400, 1.550000000000000000, -2.000000000000000000 ) ) ;
#3782 = ORIENTED_EDGE ( 'NONE', *, *, #136, .T. ) ;
#3783 = DIRECTION ( 'NONE',  ( 0.0000000000000000000, 1.000000000000000000, 0.0000000000000000000 ) ) ;
#3784 = DIRECTION ( 'NONE',  ( 0.0000000000000000000, 0.0000000000000000000, 1.000000000000000000 ) ) ;
#3785 = LINE ( 'NONE', #3786, #3787 ) ;
#3786 = CARTESIAN_POINT ( 'NONE',  ( 1.570000000000000100, 2.398528137423854700, 1.200000000000000000 ) ) ;
#3787 = VECTOR ( 'NONE', #3788, 1000.000000000000000 ) ;
#3788 = DIRECTION ( 'NONE',  ( 0.0000000000000000000, -1.000000000000000000, 0.0000000000000000000 ) ) ;
#3789 = CARTESIAN_POINT ( 'NONE',  ( -1.050000000000000000, 1.450000000000000000, 2.250000000000000000 ) ) ;
#3790 = LINE ( 'NONE', #3791, #3792 ) ;
#3791 = CARTESIAN_POINT ( 'NONE',  ( 1.044999999999999900, 0.1200000000000000100, -2.870000000000000100 ) ) ;
#3792 = VECTOR ( 'NONE', #3793, 1000.000000000000000 ) ;
#3793 = DIRECTION ( 'NONE',  ( 0.0000000000000000000, -1.411721578757169900E-016, -1.000000000000000000 ) ) ;
#3794 = LINE ( 'NONE', #3795, #3796 ) ;
#3795 = CARTESIAN_POINT ( 'NONE',  ( 0.2250000000000000100, 0.4200000000000000400, 2.250000000000000000 ) ) ;
#3796 = VECTOR ( 'NONE', #3797, 1000.000000000000000 ) ;
#3797 = DIRECTION ( 'NONE',  ( -1.000000000000000000, 0.0000000000000000000, 0.0000000000000000000 ) ) ;
#3798 = LINE ( 'NONE', #3800, #3801 ) ;
#3799 = EDGE_LOOP ( 'NONE', ( #4357, #464, #4932, #4996 ) ) ;
#3800 = CARTESIAN_POINT ( 'NONE',  ( -0.2250000000000000100, 0.4200000000000000400, 2.750000000000000000 ) ) ;
#3801 = VECTOR ( 'NONE', #3802, 1000.000000000000000 ) ;
#3802 = DIRECTION ( 'NONE',  ( 0.0000000000000000000, 1.000000000000000000, 4.130293990420970500E-015 ) ) ;
#3803 = FACE_OUTER_BOUND ( 'NONE', #4746, .T. ) ;
#3804 = COLOUR_RGB ( '',1.000000000000000000, 1.000000000000000000, 1.000000000000000000 ) ;
#3805 = FILL_AREA_STYLE_COLOUR ( '', #3804 ) ;
#3806 = FILL_AREA_STYLE ('',( #3805 ) ) ;
#3807 = SURFACE_STYLE_FILL_AREA ( #3806 ) ;
#3808 = SURFACE_SIDE_STYLE ('',( #3807 ) ) ;
#3809 = SURFACE_STYLE_USAGE ( .BOTH. , #3808 ) ;
#3810 = PRESENTATION_STYLE_ASSIGNMENT (( #3809 ) ) ;
#3811 = STYLED_ITEM ( 'NONE', ( #3810 ), #2089 ) ;
#3812 = PRESENTATION_LAYER_ASSIGNMENT (  '', '', ( #3811 ) ) ;
#3813 = MECHANICAL_DESIGN_GEOMETRIC_PRESENTATION_REPRESENTATION (  '', ( #3811 ), #3818 ) ;
#3814 =( LENGTH_UNIT ( ) NAMED_UNIT ( * ) SI_UNIT ( .MILLI., .METRE. ) );
#3815 =( NAMED_UNIT ( * ) PLANE_ANGLE_UNIT ( ) SI_UNIT ( $, .RADIAN. ) );
#3816 =( NAMED_UNIT ( * ) SI_UNIT ( $, .STERADIAN. ) SOLID_ANGLE_UNIT ( ) );
#3817 = UNCERTAINTY_MEASURE_WITH_UNIT (LENGTH_MEASURE( 1.000000000000000100E-005 ), #3814, 'distance_accuracy_value', 'NONE');
#3818 =( GEOMETRIC_REPRESENTATION_CONTEXT ( 3 ) GLOBAL_UNCERTAINTY_ASSIGNED_CONTEXT ( ( #3817 ) ) GLOBAL_UNIT_ASSIGNED_CONTEXT ( ( #3814, #3815, #3816 ) ) REPRESENTATION_CONTEXT ( 'NONE', 'WORKASPACE' ) );
#3819 = PLANE ( 'NONE',  #3820 ) ;
#3820 = AXIS2_PLACEMENT_3D ( 'NONE', #3821, #3822, #3823 ) ;
#3821 = CARTESIAN_POINT ( 'NONE',  ( 0.2999999999999999900, 2.398528137423854700, 0.5999999999999999800 ) ) ;
#3822 = DIRECTION ( 'NONE',  ( -1.000000000000000000, 0.0000000000000000000, 0.0000000000000000000 ) ) ;
#3823 = DIRECTION ( 'NONE',  ( 0.0000000000000000000, 0.0000000000000000000, 1.000000000000000000 ) ) ;
#3824 = CARTESIAN_POINT ( 'NONE',  ( 0.2250000000000000100, 2.710505431213759900E-017, 3.350000000000000100 ) ) ;
#3825 = FACE_OUTER_BOUND ( 'NONE', #4682, .T. ) ;
#3826 = COLOUR_RGB ( '',1.000000000000000000, 1.000000000000000000, 1.000000000000000000 ) ;
#3827 = FILL_AREA_STYLE_COLOUR ( '', #3826 ) ;
#3828 = FILL_AREA_STYLE ('',( #3827 ) ) ;
#3829 = SURFACE_STYLE_FILL_AREA ( #3828 ) ;
#3830 = SURFACE_SIDE_STYLE ('',( #3829 ) ) ;
#3831 = SURFACE_STYLE_USAGE ( .BOTH. , #3830 ) ;
#3832 = ORIENTED_EDGE ( 'NONE', *, *, #304, .F. ) ;
#3833 = PRESENTATION_STYLE_ASSIGNMENT (( #3831 ) ) ;
#3834 = STYLED_ITEM ( 'NONE', ( #3833 ), #4668 ) ;
#3835 = PRESENTATION_LAYER_ASSIGNMENT (  '', '', ( #3834 ) ) ;
#3836 = MECHANICAL_DESIGN_GEOMETRIC_PRESENTATION_REPRESENTATION (  '', ( #3834 ), #3841 ) ;
#3837 =( LENGTH_UNIT ( ) NAMED_UNIT ( * ) SI_UNIT ( .MILLI., .METRE. ) );
#3838 =( NAMED_UNIT ( * ) PLANE_ANGLE_UNIT ( ) SI_UNIT ( $, .RADIAN. ) );
#3839 =( NAMED_UNIT ( * ) SI_UNIT ( $, .STERADIAN. ) SOLID_ANGLE_UNIT ( ) );
#3840 = UNCERTAINTY_MEASURE_WITH_UNIT (LENGTH_MEASURE( 1.000000000000000100E-005 ), #3837, 'distance_accuracy_value', 'NONE');
#3841 =( GEOMETRIC_REPRESENTATION_CONTEXT ( 3 ) GLOBAL_UNCERTAINTY_ASSIGNED_CONTEXT ( ( #3840 ) ) GLOBAL_UNIT_ASSIGNED_CONTEXT ( ( #3837, #3838, #3839 ) ) REPRESENTATION_CONTEXT ( 'NONE', 'WORKASPACE' ) );
#3842 = PLANE ( 'NONE',  #3843 ) ;
#3843 = AXIS2_PLACEMENT_3D ( 'NONE', #3844, #3845, #3846 ) ;
#3844 = CARTESIAN_POINT ( 'NONE',  ( 2.239999999999999800, 2.398528137423854700, 1.200000000000000000 ) ) ;
#3845 = DIRECTION ( 'NONE',  ( 0.0000000000000000000, 0.0000000000000000000, -1.000000000000000000 ) ) ;
#3846 = DIRECTION ( 'NONE',  ( -1.000000000000000000, 0.0000000000000000000, 0.0000000000000000000 ) ) ;
#3847 = LINE ( 'NONE', #3848, #3850 ) ;
#3848 = CARTESIAN_POINT ( 'NONE',  ( 4.035000000000000100, 0.1200000000000000100, -2.870000000000000100 ) ) ;
#3849 = ORIENTED_EDGE ( 'NONE', *, *, #4581, .T. ) ;
#3850 = VECTOR ( 'NONE', #3851, 1000.000000000000000 ) ;
#3851 = DIRECTION ( 'NONE',  ( 0.0000000000000000000, -1.411721578757169900E-016, -1.000000000000000000 ) ) ;
#3852 = LINE ( 'NONE', #3853, #3854 ) ;
#3853 = CARTESIAN_POINT ( 'NONE',  ( 2.040000000000000000, 1.250000000000000000, -1.450000000000000000 ) ) ;
#3854 = VECTOR ( 'NONE', #3855, 1000.000000000000000 ) ;
#3855 = DIRECTION ( 'NONE',  ( 1.000000000000000000, 0.0000000000000000000, 0.0000000000000000000 ) ) ;
#3856 = CARTESIAN_POINT ( 'NONE',  ( -0.5000000000000000000, 1.250000000000000000, -1.450000000000000000 ) ) ;
#3857 = CARTESIAN_POINT ( 'NONE',  ( 3.510000000000000200, 1.450000000000000000, 1.199999999999982000 ) ) ;
#3858 = LINE ( 'NONE', #3859, #3860 ) ;
#3859 = CARTESIAN_POINT ( 'NONE',  ( 4.110000000000000300, 2.398528137423854700, 1.199999999999982000 ) ) ;
#3860 = VECTOR ( 'NONE', #3861, 1000.000000000000000 ) ;
#3861 = DIRECTION ( 'NONE',  ( 0.0000000000000000000, -1.000000000000000000, 0.0000000000000000000 ) ) ;
#3862 = LINE ( 'NONE', #3863, #3864 ) ;
#3863 = CARTESIAN_POINT ( 'NONE',  ( 2.314999999999999900, 0.4200000000000000400, 2.750000000000000000 ) ) ;
#3864 = VECTOR ( 'NONE', #3865, 1000.000000000000000 ) ;
#3865 = DIRECTION ( 'NONE',  ( 0.0000000000000000000, 1.000000000000000000, 4.130293990420970500E-015 ) ) ;
#3866 = EDGE_CURVE ( 'NONE', #271, #4772, #1810, .T. ) ;
#3867 = VERTEX_POINT ( 'NONE', #1814 ) ;
#3868 = LINE ( 'NONE', #3869, #3870 ) ;
#3869 = CARTESIAN_POINT ( 'NONE',  ( 2.040000000000000000, 1.550000000000000000, 1.450000000000000000 ) ) ;
#3870 = VECTOR ( 'NONE', #3871, 1000.000000000000000 ) ;
#3871 = DIRECTION ( 'NONE',  ( 1.000000000000000000, 0.0000000000000000000, 0.0000000000000000000 ) ) ;
#3872 = LINE ( 'NONE', #3873, #3874 ) ;
#3873 = CARTESIAN_POINT ( 'NONE',  ( -0.5000000000000000000, 1.550000000000000000, -1.450000000000000000 ) ) ;
#3874 = VECTOR ( 'NONE', #3875, 1000.000000000000000 ) ;
#3875 = DIRECTION ( 'NONE',  ( 0.0000000000000000000, 1.000000000000000000, 7.228014483236690600E-016 ) ) ;
#3876 = LINE ( 'NONE', #3877, #3878 ) ;
#3877 = CARTESIAN_POINT ( 'NONE',  ( 3.310000000000000100, 1.550000000000000000, -1.450000000000000000 ) ) ;
#3878 = VECTOR ( 'NONE', #3879, 1000.000000000000000 ) ;
#3879 = DIRECTION ( 'NONE',  ( 0.0000000000000000000, 1.000000000000000000, 7.228014483236690600E-016 ) ) ;
#3880 = CARTESIAN_POINT ( 'NONE',  ( 1.495000000000000100, 2.710505431213759900E-017, -3.350000000000000100 ) ) ;
#3881 = LINE ( 'NONE', #3882, #3883 ) ;
#3882 = CARTESIAN_POINT ( 'NONE',  ( 4.035000000000000100, 0.4200000000000000400, 2.250000000000000000 ) ) ;
#3883 = VECTOR ( 'NONE', #3885, 1000.000000000000000 ) ;
#3884 = ORIENTED_EDGE ( 'NONE', *, *, #3545, .F. ) ;
#3885 = DIRECTION ( 'NONE',  ( -1.000000000000000000, 0.0000000000000000000, 0.0000000000000000000 ) ) ;
#3886 = LINE ( 'NONE', #3887, #3888 ) ;
#3887 = CARTESIAN_POINT ( 'NONE',  ( 1.495000000000000100, 2.710505431213759900E-017, -3.350000000000000100 ) ) ;
#3888 = VECTOR ( 'NONE', #3889, 1000.000000000000000 ) ;
#3889 = DIRECTION ( 'NONE',  ( -1.000000000000000000, 0.0000000000000000000, 0.0000000000000000000 ) ) ;
#3890 = LINE ( 'NONE', #3891, #3892 ) ;
#3891 = CARTESIAN_POINT ( 'NONE',  ( 2.765000000000000100, 3.673819061467100000E-018, -2.750000000000000000 ) ) ;
#3892 = VECTOR ( 'NONE', #3893, 1000.000000000000000 ) ;
#3893 = DIRECTION ( 'NONE',  ( -1.000000000000000000, 0.0000000000000000000, 0.0000000000000000000 ) ) ;
#3894 = CARTESIAN_POINT ( 'NONE',  ( -0.2250000000000000100, 2.710505431213759900E-017, 3.350000000000000100 ) ) ;
#3895 = LINE ( 'NONE', #3896, #3897 ) ;
#3896 = CARTESIAN_POINT ( 'NONE',  ( 0.2250000000000000100, 0.1200000000000000100, -3.350000000000000100 ) ) ;
#3897 = VECTOR ( 'NONE', #3898, 1000.000000000000000 ) ;
#3898 = DIRECTION ( 'NONE',  ( -1.000000000000000000, 0.0000000000000000000, 0.0000000000000000000 ) ) ;
#3899 = LINE ( 'NONE', #3900, #3901 ) ;
#3900 = CARTESIAN_POINT ( 'NONE',  ( 2.839999999999999900, 1.450000000000000000, 0.5999999999999889900 ) ) ;
#3901 = VECTOR ( 'NONE', #3902, 1000.000000000000000 ) ;
#3902 = DIRECTION ( 'NONE',  ( 0.0000000000000000000, 0.0000000000000000000, -1.000000000000000000 ) ) ;
#3903 = LINE ( 'NONE', #3904, #3905 ) ;
#3904 = CARTESIAN_POINT ( 'NONE',  ( 1.570000000000000100, 2.398528137423854700, 0.5999999999999999800 ) ) ;
#3905 = VECTOR ( 'NONE', #3906, 1000.000000000000000 ) ;
#3906 = DIRECTION ( 'NONE',  ( 0.0000000000000000000, -1.000000000000000000, 0.0000000000000000000 ) ) ;
#3907 = CARTESIAN_POINT ( 'NONE',  ( 4.035000000000000100, 0.4200000000000000400, -2.250000000000000000 ) ) ;
#3908 = CARTESIAN_POINT ( 'NONE',  ( 1.495000000000000100, 0.5400000000000000400, -2.870000000000000100 ) ) ;
#3909 = CARTESIAN_POINT ( 'NONE',  ( 1.044999999999999900, 0.1200000000000000100, -2.870000000000000100 ) ) ;
#3910 = LINE ( 'NONE', #3911, #3912 ) ;
#3911 = CARTESIAN_POINT ( 'NONE',  ( 2.314999999999999900, 0.1200000000000000100, -3.350000000000000100 ) ) ;
#3912 = VECTOR ( 'NONE', #3913, 1000.000000000000000 ) ;
#3913 = DIRECTION ( 'NONE',  ( 0.0000000000000000000, -1.000000000000000000, 0.0000000000000000000 ) ) ;
#3914 = LINE ( 'NONE', #3915, #3916 ) ;
#3915 = CARTESIAN_POINT ( 'NONE',  ( 0.2250000000000000100, 0.5400000000000000400, -2.870000000000000100 ) ) ;
#3916 = VECTOR ( 'NONE', #3919, 1000.000000000000000 ) ;
#3917 = EDGE_CURVE ( 'NONE', #5060, #4580, #1831, .T. ) ;
#3918 = ORIENTED_EDGE ( 'NONE', *, *, #2072, .F. ) ;
#3919 = DIRECTION ( 'NONE',  ( 0.0000000000000000000, -1.000000000000000000, 3.097720492815730200E-015 ) ) ;
#3920 = LINE ( 'NONE', #3921, #3922 ) ;
#3921 = CARTESIAN_POINT ( 'NONE',  ( 3.510000000000000200, 2.398528137423854700, 1.199999999999982000 ) ) ;
#3922 = VECTOR ( 'NONE', #3923, 1000.000000000000000 ) ;
#3923 = DIRECTION ( 'NONE',  ( 0.0000000000000000000, -1.000000000000000000, 0.0000000000000000000 ) ) ;
#3924 = FACE_OUTER_BOUND ( 'NONE', #718, .T. ) ;
#3925 = COLOUR_RGB ( '',1.000000000000000000, 1.000000000000000000, 1.000000000000000000 ) ;
#3926 = FILL_AREA_STYLE_COLOUR ( '', #3925 ) ;
#3927 = FILL_AREA_STYLE ('',( #3926 ) ) ;
#3928 = SURFACE_STYLE_FILL_AREA ( #3927 ) ;
#3929 = SURFACE_SIDE_STYLE ('',( #3928 ) ) ;
#3930 = SURFACE_STYLE_USAGE ( .BOTH. , #3929 ) ;
#3931 = PRESENTATION_STYLE_ASSIGNMENT (( #3930 ) ) ;
#3932 = STYLED_ITEM ( 'NONE', ( #3931 ), #5044 ) ;
#3933 = PRESENTATION_LAYER_ASSIGNMENT (  '', '', ( #3932 ) ) ;
#3934 = MECHANICAL_DESIGN_GEOMETRIC_PRESENTATION_REPRESENTATION (  '', ( #3932 ), #3941 ) ;
#3935 = ORIENTED_EDGE ( 'NONE', *, *, #4546, .T. ) ;
#3936 = ORIENTED_EDGE ( 'NONE', *, *, #22, .F. ) ;
#3937 =( LENGTH_UNIT ( ) NAMED_UNIT ( * ) SI_UNIT ( .MILLI., .METRE. ) );
#3938 =( NAMED_UNIT ( * ) PLANE_ANGLE_UNIT ( ) SI_UNIT ( $, .RADIAN. ) );
#3939 =( NAMED_UNIT ( * ) SI_UNIT ( $, .STERADIAN. ) SOLID_ANGLE_UNIT ( ) );
#3940 = UNCERTAINTY_MEASURE_WITH_UNIT (LENGTH_MEASURE( 1.000000000000000100E-005 ), #3937, 'distance_accuracy_value', 'NONE');
#3941 =( GEOMETRIC_REPRESENTATION_CONTEXT ( 3 ) GLOBAL_UNCERTAINTY_ASSIGNED_CONTEXT ( ( #3940 ) ) GLOBAL_UNIT_ASSIGNED_CONTEXT ( ( #3937, #3938, #3939 ) ) REPRESENTATION_CONTEXT ( 'NONE', 'WORKASPACE' ) );
#3942 = PLANE ( 'NONE',  #3943 ) ;
#3943 = AXIS2_PLACEMENT_3D ( 'NONE', #3944, #3945, #3946 ) ;
#3944 = CARTESIAN_POINT ( 'NONE',  ( -1.250000000000000000, 1.450000000000000000, 2.250000000000000000 ) ) ;
#3945 = DIRECTION ( 'NONE',  ( 0.0000000000000000000, 1.000000000000000000, 0.0000000000000000000 ) ) ;
#3946 = DIRECTION ( 'NONE',  ( 0.0000000000000000000, 0.0000000000000000000, 1.000000000000000000 ) ) ;
#3947 = CARTESIAN_POINT ( 'NONE',  ( -0.2250000000000000100, 0.4200000000000000400, 2.750000000000000000 ) ) ;
#3948 = FACE_OUTER_BOUND ( 'NONE', #574, .T. ) ;
#3949 = PLANE ( 'NONE',  #3950 ) ;
#3950 = AXIS2_PLACEMENT_3D ( 'NONE', #3951, #3952, #3954 ) ;
#3951 = CARTESIAN_POINT ( 'NONE',  ( 4.035000000000000100, 0.5400000000000000400, -2.250000000000000000 ) ) ;
#3952 = DIRECTION ( 'NONE',  ( 0.0000000000000000000, 1.000000000000000000, -1.748713181428220000E-016 ) ) ;
#3953 = ORIENTED_EDGE ( 'NONE', *, *, #4254, .F. ) ;
#3954 = DIRECTION ( 'NONE',  ( 0.0000000000000000000, 1.748713181428220000E-016, 1.000000000000000000 ) ) ;
#3955 = CARTESIAN_POINT ( 'NONE',  ( 2.314999999999999900, 0.4200000000000000400, 2.750000000000000000 ) ) ;
#3956 = CARTESIAN_POINT ( 'NONE',  ( 0.5000000000000000000, 1.250000000000000000, -1.450000000000000000 ) ) ;
#3957 = FACE_OUTER_BOUND ( 'NONE', #2461, .T. ) ;
#3958 = COLOUR_RGB ( '',0.0000000000000000000, 0.0000000000000000000, 0.0000000000000000000 ) ;
#3959 = FILL_AREA_STYLE_COLOUR ( '', #3958 ) ;
#3960 = FILL_AREA_STYLE ('',( #3959 ) ) ;
#3961 = SURFACE_STYLE_FILL_AREA ( #3960 ) ;
#3962 = SURFACE_SIDE_STYLE ('',( #3961 ) ) ;
#3963 = SURFACE_STYLE_USAGE ( .BOTH. , #3962 ) ;
#3964 = PRESENTATION_STYLE_ASSIGNMENT (( #3963 ) ) ;
#3965 = STYLED_ITEM ( 'NONE', ( #3964 ), #638 ) ;
#3966 = PRESENTATION_LAYER_ASSIGNMENT (  '', '', ( #3965 ) ) ;
#3967 = MECHANICAL_DESIGN_GEOMETRIC_PRESENTATION_REPRESENTATION (  '', ( #3965 ), #3972 ) ;
#3968 =( LENGTH_UNIT ( ) NAMED_UNIT ( * ) SI_UNIT ( .MILLI., .METRE. ) );
#3969 =( NAMED_UNIT ( * ) PLANE_ANGLE_UNIT ( ) SI_UNIT ( $, .RADIAN. ) );
#3970 =( NAMED_UNIT ( * ) SI_UNIT ( $, .STERADIAN. ) SOLID_ANGLE_UNIT ( ) );
#3971 = UNCERTAINTY_MEASURE_WITH_UNIT (LENGTH_MEASURE( 1.000000000000000100E-005 ), #3968, 'distance_accuracy_value', 'NONE');
#3972 =( GEOMETRIC_REPRESENTATION_CONTEXT ( 3 ) GLOBAL_UNCERTAINTY_ASSIGNED_CONTEXT ( ( #3971 ) ) GLOBAL_UNIT_ASSIGNED_CONTEXT ( ( #3968, #3969, #3970 ) ) REPRESENTATION_CONTEXT ( 'NONE', 'WORKASPACE' ) );
#3973 = PLANE ( 'NONE',  #3974 ) ;
#3974 = AXIS2_PLACEMENT_3D ( 'NONE', #3975, #3976, #3977 ) ;
#3975 = CARTESIAN_POINT ( 'NONE',  ( 3.310000000000000100, 1.550000000000000000, -1.450000000000000000 ) ) ;
#3976 = DIRECTION ( 'NONE',  ( 0.0000000000000000000, 7.228014483236690600E-016, -1.000000000000000000 ) ) ;
#3977 = DIRECTION ( 'NONE',  ( 0.0000000000000000000, 1.000000000000000000, 7.228014483236690600E-016 ) ) ;
#3978 = LINE ( 'NONE', #3979, #3980 ) ;
#3979 = CARTESIAN_POINT ( 'NONE',  ( 4.035000000000000100, 0.5400000000000000400, -2.250000000000000000 ) ) ;
#3980 = VECTOR ( 'NONE', #3981, 1000.000000000000000 ) ;
#3981 = DIRECTION ( 'NONE',  ( 0.0000000000000000000, 1.000000000000000000, 0.0000000000000000000 ) ) ;
#3982 = LINE ( 'NONE', #3983, #3984 ) ;
#3983 = CARTESIAN_POINT ( 'NONE',  ( 2.314999999999999900, 0.5400000000000000400, -2.250000000000000000 ) ) ;
#3984 = VECTOR ( 'NONE', #3985, 1000.000000000000000 ) ;
#3985 = DIRECTION ( 'NONE',  ( 0.0000000000000000000, 1.000000000000000000, 0.0000000000000000000 ) ) ;
#3986 = LINE ( 'NONE', #3987, #3988 ) ;
#3987 = CARTESIAN_POINT ( 'NONE',  ( 1.495000000000000100, 0.1200000000000000100, 2.870000000000000100 ) ) ;
#3988 = VECTOR ( 'NONE', #3989, 1000.000000000000000 ) ;
#3989 = DIRECTION ( 'NONE',  ( -1.000000000000000000, 0.0000000000000000000, 0.0000000000000000000 ) ) ;
#3990 = LINE ( 'NONE', #3991, #3992 ) ;
#3991 = CARTESIAN_POINT ( 'NONE',  ( 2.765000000000000100, 0.4200000000000000400, -2.250000000000000000 ) ) ;
#3992 = VECTOR ( 'NONE', #3993, 1000.000000000000000 ) ;
#3993 = DIRECTION ( 'NONE',  ( 0.0000000000000000000, 1.084202172485495800E-016, 1.000000000000000000 ) ) ;
#3994 = CARTESIAN_POINT ( 'NONE',  ( 0.2250000000000000100, 0.1200000000000000100, -3.350000000000000100 ) ) ;
#3995 = LINE ( 'NONE', #3996, #3997 ) ;
#3996 = CARTESIAN_POINT ( 'NONE',  ( -1.050000000000000000, 1.450000000000000000, 2.250000000000000000 ) ) ;
#3997 = VECTOR ( 'NONE', #3998, 1000.000000000000000 ) ;
#3998 = DIRECTION ( 'NONE',  ( 1.000000000000000000, 0.0000000000000000000, 0.0000000000000000000 ) ) ;
#3999 = CARTESIAN_POINT ( 'NONE',  ( 2.765000000000000100, 3.673819061467100000E-018, -2.750000000000000000 ) ) ;
#4000 = LINE ( 'NONE', #4001, #4002 ) ;
#4001 = CARTESIAN_POINT ( 'NONE',  ( 4.035000000000000100, 0.1200000000000000100, -3.350000000000000100 ) ) ;
#4002 = VECTOR ( 'NONE', #4003, 1000.000000000000000 ) ;
#4003 = DIRECTION ( 'NONE',  ( 0.0000000000000000000, -1.000000000000000000, 0.0000000000000000000 ) ) ;
#4004 = FACE_OUTER_BOUND ( 'NONE', #5077, .T. ) ;
#4005 = PLANE ( 'NONE',  #4006 ) ;
#4006 = AXIS2_PLACEMENT_3D ( 'NONE', #4007, #4008, #4009 ) ;
#4007 = CARTESIAN_POINT ( 'NONE',  ( 3.585000000000000000, -1.585221031409174900E-017, 2.250000000000000000 ) ) ;
#4008 = DIRECTION ( 'NONE',  ( -1.000000000000000000, 0.0000000000000000000, 0.0000000000000000000 ) ) ;
#4009 = DIRECTION ( 'NONE',  ( 0.0000000000000000000, 0.0000000000000000000, 1.000000000000000000 ) ) ;
#4010 = LINE ( 'NONE', #4011, #4012 ) ;
#4011 = CARTESIAN_POINT ( 'NONE',  ( 2.765000000000000100, 0.1200000000000000100, 2.870000000000000100 ) ) ;
#4012 = VECTOR ( 'NONE', #4013, 1000.000000000000000 ) ;
#4013 = DIRECTION ( 'NONE',  ( -1.000000000000000000, 0.0000000000000000000, 0.0000000000000000000 ) ) ;
#4014 = FACE_OUTER_BOUND ( 'NONE', #5018, .T. ) ;
#4015 = COLOUR_RGB ( '',1.000000000000000000, 1.000000000000000000, 1.000000000000000000 ) ;
#4016 = FILL_AREA_STYLE_COLOUR ( '', #4015 ) ;
#4017 = FILL_AREA_STYLE ('',( #4016 ) ) ;
#4018 = SURFACE_STYLE_FILL_AREA ( #4017 ) ;
#4019 = SURFACE_SIDE_STYLE ('',( #4018 ) ) ;
#4020 = SURFACE_STYLE_USAGE ( .BOTH. , #4019 ) ;
#4021 = PRESENTATION_STYLE_ASSIGNMENT (( #4020 ) ) ;
#4022 = STYLED_ITEM ( 'NONE', ( #4021 ), #643 ) ;
#4023 = PRESENTATION_LAYER_ASSIGNMENT (  '', '', ( #4022 ) ) ;
#4024 = MECHANICAL_DESIGN_GEOMETRIC_PRESENTATION_REPRESENTATION (  '', ( #4022 ), #4029 ) ;
#4025 =( LENGTH_UNIT ( ) NAMED_UNIT ( * ) SI_UNIT ( .MILLI., .METRE. ) );
#4026 =( NAMED_UNIT ( * ) PLANE_ANGLE_UNIT ( ) SI_UNIT ( $, .RADIAN. ) );
#4027 =( NAMED_UNIT ( * ) SI_UNIT ( $, .STERADIAN. ) SOLID_ANGLE_UNIT ( ) );
#4028 = UNCERTAINTY_MEASURE_WITH_UNIT (LENGTH_MEASURE( 1.000000000000000100E-005 ), #4025, 'distance_accuracy_value', 'NONE');
#4029 =( GEOMETRIC_REPRESENTATION_CONTEXT ( 3 ) GLOBAL_UNCERTAINTY_ASSIGNED_CONTEXT ( ( #4028 ) ) GLOBAL_UNIT_ASSIGNED_CONTEXT ( ( #4025, #4026, #4027 ) ) REPRESENTATION_CONTEXT ( 'NONE', 'WORKASPACE' ) );
#4030 = PLANE ( 'NONE',  #4031 ) ;
#4031 = AXIS2_PLACEMENT_3D ( 'NONE', #4032, #4033, #4034 ) ;
#4032 = CARTESIAN_POINT ( 'NONE',  ( -0.2999999999999999900, 2.398528137423854700, 0.5999999999999999800 ) ) ;
#4033 = DIRECTION ( 'NONE',  ( 1.000000000000000000, 0.0000000000000000000, 0.0000000000000000000 ) ) ;
#4034 = DIRECTION ( 'NONE',  ( 0.0000000000000000000, 0.0000000000000000000, -1.000000000000000000 ) ) ;
#4035 = LINE ( 'NONE', #4036, #4037 ) ;
#4036 = CARTESIAN_POINT ( 'NONE',  ( 3.585000000000000000, 0.5400000000000000400, 2.250000000000000000 ) ) ;
#4037 = VECTOR ( 'NONE', #4038, 1000.000000000000000 ) ;
#4038 = DIRECTION ( 'NONE',  ( 0.0000000000000000000, 1.000000000000000000, 0.0000000000000000000 ) ) ;
#4039 = LINE ( 'NONE', #4040, #4041 ) ;
#4040 = CARTESIAN_POINT ( 'NONE',  ( 3.510000000000000200, 1.250000000000000000, 0.5999999999999828800 ) ) ;
#4041 = VECTOR ( 'NONE', #4042, 1000.000000000000000 ) ;
#4042 = DIRECTION ( 'NONE',  ( -1.000000000000000000, 0.0000000000000000000, 0.0000000000000000000 ) ) ;
#4043 = CARTESIAN_POINT ( 'NONE',  ( 2.839999999999999900, 1.450000000000000000, 0.5999999999999889900 ) ) ;
#4044 = LINE ( 'NONE', #4045, #4046 ) ;
#4045 = CARTESIAN_POINT ( 'NONE',  ( -1.050000000000000000, 1.450000000000000000, -2.250000000000000000 ) ) ;
#4046 = VECTOR ( 'NONE', #4047, 1000.000000000000000 ) ;
#4047 = DIRECTION ( 'NONE',  ( -1.000000000000000000, 0.0000000000000000000, 0.0000000000000000000 ) ) ;
#4048 = LINE ( 'NONE', #4049, #4052 ) ;
#4049 = CARTESIAN_POINT ( 'NONE',  ( 4.360000000000000300, 1.450000000000000000, 2.000000000000000000 ) ) ;
#4050 = ORIENTED_EDGE ( 'NONE', *, *, #2502, .T. ) ;
#4051 = ADVANCED_FACE ( 'NONE', ( #1884 ), #1900, .F. ) ;
#4052 = VECTOR ( 'NONE', #4053, 1000.000000000000000 ) ;
#4053 = DIRECTION ( 'NONE',  ( 0.0000000000000000000, 1.000000000000000000, 0.0000000000000000000 ) ) ;
#4054 = CARTESIAN_POINT ( 'NONE',  ( -0.2250000000000000100, 0.1200000000000000100, -2.870000000000000100 ) ) ;
#4055 = FACE_OUTER_BOUND ( 'NONE', #8, .T. ) ;
#4056 = COLOUR_RGB ( '',0.0000000000000000000, 0.0000000000000000000, 0.0000000000000000000 ) ;
#4057 = FILL_AREA_STYLE_COLOUR ( '', #4056 ) ;
#4058 = FILL_AREA_STYLE ('',( #4057 ) ) ;
#4059 = SURFACE_STYLE_FILL_AREA ( #4058 ) ;
#4060 = SURFACE_SIDE_STYLE ('',( #4059 ) ) ;
#4061 = SURFACE_STYLE_USAGE ( .BOTH. , #4060 ) ;
#4062 = PRESENTATION_STYLE_ASSIGNMENT (( #4061 ) ) ;
#4063 = STYLED_ITEM ( 'NONE', ( #4062 ), #5072 ) ;
#4064 = PRESENTATION_LAYER_ASSIGNMENT (  '', '', ( #4063 ) ) ;
#4065 = MECHANICAL_DESIGN_GEOMETRIC_PRESENTATION_REPRESENTATION (  '', ( #4063 ), #4071 ) ;
#4066 =( LENGTH_UNIT ( ) NAMED_UNIT ( * ) SI_UNIT ( .MILLI., .METRE. ) );
#4067 =( NAMED_UNIT ( * ) PLANE_ANGLE_UNIT ( ) SI_UNIT ( $, .RADIAN. ) );
#4068 = ORIENTED_EDGE ( 'NONE', *, *, #736, .T. ) ;
#4069 =( NAMED_UNIT ( * ) SI_UNIT ( $, .STERADIAN. ) SOLID_ANGLE_UNIT ( ) );
#4070 = UNCERTAINTY_MEASURE_WITH_UNIT (LENGTH_MEASURE( 1.000000000000000100E-005 ), #4066, 'distance_accuracy_value', 'NONE');
#4071 =( GEOMETRIC_REPRESENTATION_CONTEXT ( 3 ) GLOBAL_UNCERTAINTY_ASSIGNED_CONTEXT ( ( #4070 ) ) GLOBAL_UNIT_ASSIGNED_CONTEXT ( ( #4066, #4067, #4069 ) ) REPRESENTATION_CONTEXT ( 'NONE', 'WORKASPACE' ) );
#4072 = CYLINDRICAL_SURFACE ( 'NONE', #4073, 0.2500000000000002200 ) ;
#4073 = AXIS2_PLACEMENT_3D ( 'NONE', #4074, #4075, #4076 ) ;
#4074 = CARTESIAN_POINT ( 'NONE',  ( -0.8000000000000000400, 1.450000000000000000, 2.000000000000000000 ) ) ;
#4075 = DIRECTION ( 'NONE',  ( 0.0000000000000000000, 1.000000000000000000, 0.0000000000000000000 ) ) ;
#4076 = DIRECTION ( 'NONE',  ( 0.0000000000000000000, 0.0000000000000000000, 1.000000000000000000 ) ) ;
#4077 = LINE ( 'NONE', #4078, #4079 ) ;
#4078 = CARTESIAN_POINT ( 'NONE',  ( 1.044999999999999900, 0.4200000000000000400, -2.250000000000000000 ) ) ;
#4079 = VECTOR ( 'NONE', #4080, 1000.000000000000000 ) ;
#4080 = DIRECTION ( 'NONE',  ( 0.0000000000000000000, 1.084202172485495800E-016, 1.000000000000000000 ) ) ;
#4081 = LINE ( 'NONE', #4082, #4083 ) ;
#4082 = CARTESIAN_POINT ( 'NONE',  ( 2.765000000000000100, 0.1200000000000000100, -2.870000000000000100 ) ) ;
#4083 = VECTOR ( 'NONE', #4084, 1000.000000000000000 ) ;
#4084 = DIRECTION ( 'NONE',  ( -1.000000000000000000, 0.0000000000000000000, 0.0000000000000000000 ) ) ;
#4085 = CARTESIAN_POINT ( 'NONE',  ( 4.859999999999999400, 1.450000000000000000, -2.250000000000000000 ) ) ;
#4086 = CARTESIAN_POINT ( 'NONE',  ( 5.060000000000000500, 0.1000000000000000100, 2.250000000000000000 ) ) ;
#4087 = CARTESIAN_POINT ( 'NONE',  ( 2.314999999999999900, 0.1200000000000000100, -3.350000000000000100 ) ) ;
#4088 = LINE ( 'NONE', #4089, #4090 ) ;
#4089 = CARTESIAN_POINT ( 'NONE',  ( 1.770000000000000000, 1.550000000000000000, -1.450000000000000000 ) ) ;
#4090 = VECTOR ( 'NONE', #4091, 1000.000000000000000 ) ;
#4091 = DIRECTION ( 'NONE',  ( 0.0000000000000000000, 1.000000000000000000, 7.228014483236690600E-016 ) ) ;
#4092 = FACE_OUTER_BOUND ( 'NONE', #4866, .T. ) ;
#4093 = COLOUR_RGB ( '',0.0000000000000000000, 0.0000000000000000000, 0.0000000000000000000 ) ;
#4094 = FILL_AREA_STYLE_COLOUR ( '', #4093 ) ;
#4095 = FILL_AREA_STYLE ('',( #4094 ) ) ;
#4096 = SURFACE_STYLE_FILL_AREA ( #4095 ) ;
#4097 = SURFACE_SIDE_STYLE ('',( #4096 ) ) ;
#4098 = SURFACE_STYLE_USAGE ( .BOTH. , #4097 ) ;
#4099 = PRESENTATION_STYLE_ASSIGNMENT (( #4098 ) ) ;
#4100 = STYLED_ITEM ( 'NONE', ( #4099 ), #2459 ) ;
#4101 = ADVANCED_FACE ( 'NONE', ( #1945 ), #1961, .F. ) ;
#4102 = PRESENTATION_LAYER_ASSIGNMENT (  '', '', ( #4100 ) ) ;
#4103 = MECHANICAL_DESIGN_GEOMETRIC_PRESENTATION_REPRESENTATION (  '', ( #4100 ), #4108 ) ;
#4104 =( LENGTH_UNIT ( ) NAMED_UNIT ( * ) SI_UNIT ( .MILLI., .METRE. ) );
#4105 =( NAMED_UNIT ( * ) PLANE_ANGLE_UNIT ( ) SI_UNIT ( $, .RADIAN. ) );
#4106 =( NAMED_UNIT ( * ) SI_UNIT ( $, .STERADIAN. ) SOLID_ANGLE_UNIT ( ) );
#4107 = UNCERTAINTY_MEASURE_WITH_UNIT (LENGTH_MEASURE( 1.000000000000000100E-005 ), #4104, 'distance_accuracy_value', 'NONE');
#4108 =( GEOMETRIC_REPRESENTATION_CONTEXT ( 3 ) GLOBAL_UNCERTAINTY_ASSIGNED_CONTEXT ( ( #4107 ) ) GLOBAL_UNIT_ASSIGNED_CONTEXT ( ( #4104, #4105, #4106 ) ) REPRESENTATION_CONTEXT ( 'NONE', 'WORKASPACE' ) );
#4109 = CYLINDRICAL_SURFACE ( 'NONE', #4110, 0.2500000000000000000 ) ;
#4110 = AXIS2_PLACEMENT_3D ( 'NONE', #4111, #4112, #4113 ) ;
#4111 = CARTESIAN_POINT ( 'NONE',  ( -0.8000000000000000400, 1.450000000000000000, -2.000000000000000000 ) ) ;
#4112 = DIRECTION ( 'NONE',  ( 0.0000000000000000000, 1.000000000000000000, 0.0000000000000000000 ) ) ;
#4113 = DIRECTION ( 'NONE',  ( 0.0000000000000000000, 0.0000000000000000000, 1.000000000000000000 ) ) ;
#4114 = CARTESIAN_POINT ( 'NONE',  ( 2.765000000000000100, 0.4200000000000000400, -2.250000000000000000 ) ) ;
#4115 = FACE_OUTER_BOUND ( 'NONE', #979, .T. ) ;
#4116 = PLANE ( 'NONE',  #4117 ) ;
#4117 = AXIS2_PLACEMENT_3D ( 'NONE', #4121, #4122, #4123 ) ;
#4118 = ORIENTED_EDGE ( 'NONE', *, *, #155, .T. ) ;
#4119 = VERTEX_POINT ( 'NONE', #1975 ) ;
#4120 = EDGE_LOOP ( 'NONE', ( #4512, #5035, #9, #4954 ) ) ;
#4121 = CARTESIAN_POINT ( 'NONE',  ( 0.2250000000000000100, 0.1200000000000000100, 2.870000000000000100 ) ) ;
#4122 = DIRECTION ( 'NONE',  ( 0.0000000000000000000, -1.000000000000000000, -1.411721578757169900E-016 ) ) ;
#4123 = DIRECTION ( 'NONE',  ( 0.0000000000000000000, 1.411721578757169900E-016, -1.000000000000000000 ) ) ;
#4124 = LINE ( 'NONE', #4125, #4126 ) ;
#4125 = CARTESIAN_POINT ( 'NONE',  ( 2.040000000000000000, 1.250000000000000000, 1.450000000000000000 ) ) ;
#4126 = VECTOR ( 'NONE', #4127, 1000.000000000000000 ) ;
#4127 = DIRECTION ( 'NONE',  ( 1.000000000000000000, 0.0000000000000000000, 0.0000000000000000000 ) ) ;
#4128 = LINE ( 'NONE', #4129, #4130 ) ;
#4129 = CARTESIAN_POINT ( 'NONE',  ( 2.765000000000000100, 2.710505431213759900E-017, -3.350000000000000100 ) ) ;
#4130 = VECTOR ( 'NONE', #4131, 1000.000000000000000 ) ;
#4131 = DIRECTION ( 'NONE',  ( -1.000000000000000000, 0.0000000000000000000, 0.0000000000000000000 ) ) ;
#4132 = FACE_OUTER_BOUND ( 'NONE', #676, .T. ) ;
#4133 = PLANE ( 'NONE',  #4134 ) ;
#4134 = AXIS2_PLACEMENT_3D ( 'NONE', #4135, #4136, #4137 ) ;
#4135 = CARTESIAN_POINT ( 'NONE',  ( 0.2250000000000000100, 0.5400000000000000400, 2.250000000000000000 ) ) ;
#4136 = DIRECTION ( 'NONE',  ( 0.0000000000000000000, -1.000000000000000000, -1.748713181428220000E-016 ) ) ;
#4137 = DIRECTION ( 'NONE',  ( 0.0000000000000000000, 1.748713181428220000E-016, -1.000000000000000000 ) ) ;
#4138 = LINE ( 'NONE', #4139, #4140 ) ;
#4139 = CARTESIAN_POINT ( 'NONE',  ( 1.044999999999999900, 3.673819061467100000E-018, -2.750000000000000000 ) ) ;
#4140 = VECTOR ( 'NONE', #4141, 1000.000000000000000 ) ;
#4141 = DIRECTION ( 'NONE',  ( 0.0000000000000000000, -3.905205875111755100E-017, 1.000000000000000000 ) ) ;
#4142 = CARTESIAN_POINT ( 'NONE',  ( 2.314999999999999900, 0.4200000000000000400, -2.250000000000000000 ) ) ;
#4143 = LINE ( 'NONE', #4144, #4145 ) ;
#4144 = CARTESIAN_POINT ( 'NONE',  ( 4.035000000000000100, 0.4200000000000000400, 2.250000000000000000 ) ) ;
#4145 = VECTOR ( 'NONE', #4146, 1000.000000000000000 ) ;
#4146 = DIRECTION ( 'NONE',  ( 0.0000000000000000000, 1.084202172485495800E-016, -1.000000000000000000 ) ) ;
#4147 = CARTESIAN_POINT ( 'NONE',  ( 3.040000000000000000, 1.550000000000000000, -1.450000000000000000 ) ) ;
#4148 = LINE ( 'NONE', #4149, #4150 ) ;
#4149 = CARTESIAN_POINT ( 'NONE',  ( 1.495000000000000100, 0.1200000000000000100, -3.350000000000000100 ) ) ;
#4150 = VECTOR ( 'NONE', #4151, 1000.000000000000000 ) ;
#4151 = DIRECTION ( 'NONE',  ( 0.0000000000000000000, -1.000000000000000000, 0.0000000000000000000 ) ) ;
#4152 = LINE ( 'NONE', #4155, #4156 ) ;
#4153 = VERTEX_POINT ( 'NONE', #2001 ) ;
#4154 = VERTEX_POINT ( 'NONE', #2011 ) ;
#4155 = CARTESIAN_POINT ( 'NONE',  ( 4.035000000000000100, 0.5400000000000000400, 2.250000000000000000 ) ) ;
#4156 = VECTOR ( 'NONE', #4157, 1000.000000000000000 ) ;
#4157 = DIRECTION ( 'NONE',  ( 0.0000000000000000000, 1.000000000000000000, 0.0000000000000000000 ) ) ;
#4158 = LINE ( 'NONE', #4159, #4160 ) ;
#4159 = CARTESIAN_POINT ( 'NONE',  ( 1.495000000000000100, 0.5400000000000000400, 2.250000000000000000 ) ) ;
#4160 = VECTOR ( 'NONE', #4161, 1000.000000000000000 ) ;
#4161 = DIRECTION ( 'NONE',  ( 0.0000000000000000000, -1.748713181428220000E-016, 1.000000000000000000 ) ) ;
#4162 = FACE_OUTER_BOUND ( 'NONE', #4704, .T. ) ;
#4163 = COLOUR_RGB ( '',1.000000000000000000, 1.000000000000000000, 1.000000000000000000 ) ;
#4164 = FILL_AREA_STYLE_COLOUR ( '', #4163 ) ;
#4165 = FILL_AREA_STYLE ('',( #4164 ) ) ;
#4166 = SURFACE_STYLE_FILL_AREA ( #4165 ) ;
#4167 = SURFACE_SIDE_STYLE ('',( #4166 ) ) ;
#4168 = SURFACE_STYLE_USAGE ( .BOTH. , #4167 ) ;
#4169 = PRESENTATION_STYLE_ASSIGNMENT (( #4168 ) ) ;
#4170 = STYLED_ITEM ( 'NONE', ( #4169 ), #4689 ) ;
#4171 = PRESENTATION_LAYER_ASSIGNMENT (  '', '', ( #4170 ) ) ;
#4172 = MECHANICAL_DESIGN_GEOMETRIC_PRESENTATION_REPRESENTATION (  '', ( #4170 ), #4177 ) ;
#4173 =( LENGTH_UNIT ( ) NAMED_UNIT ( * ) SI_UNIT ( .MILLI., .METRE. ) );
#4174 =( NAMED_UNIT ( * ) PLANE_ANGLE_UNIT ( ) SI_UNIT ( $, .RADIAN. ) );
#4175 =( NAMED_UNIT ( * ) SI_UNIT ( $, .STERADIAN. ) SOLID_ANGLE_UNIT ( ) );
#4176 = UNCERTAINTY_MEASURE_WITH_UNIT (LENGTH_MEASURE( 1.000000000000000100E-005 ), #4173, 'distance_accuracy_value', 'NONE');
#4177 =( GEOMETRIC_REPRESENTATION_CONTEXT ( 3 ) GLOBAL_UNCERTAINTY_ASSIGNED_CONTEXT ( ( #4176 ) ) GLOBAL_UNIT_ASSIGNED_CONTEXT ( ( #4173, #4174, #4175 ) ) REPRESENTATION_CONTEXT ( 'NONE', 'WORKASPACE' ) );
#4178 = PLANE ( 'NONE',  #4179 ) ;
#4179 = AXIS2_PLACEMENT_3D ( 'NONE', #4180, #4181, #4182 ) ;
#4180 = CARTESIAN_POINT ( 'NONE',  ( 3.510000000000000200, 2.398528137423854700, 1.199999999999982000 ) ) ;
#4181 = DIRECTION ( 'NONE',  ( 0.0000000000000000000, 0.0000000000000000000, -1.000000000000000000 ) ) ;
#4182 = DIRECTION ( 'NONE',  ( -1.000000000000000000, 0.0000000000000000000, 0.0000000000000000000 ) ) ;
#4183 = CARTESIAN_POINT ( 'NONE',  ( 2.239999999999999800, 1.250000000000000000, 0.5999999999999889900 ) ) ;
#4184 = CARTESIAN_POINT ( 'NONE',  ( -0.5500000000000000400, 1.450000000000000000, -2.250000000000000000 ) ) ;
#4185 = FACE_OUTER_BOUND ( 'NONE', #4575, .T. ) ;
#4186 = COLOUR_RGB ( '',0.0000000000000000000, 0.0000000000000000000, 0.0000000000000000000 ) ;
#4187 = ADVANCED_FACE ( 'NONE', ( #2063 ), #2064, .T. ) ;
#4188 = EDGE_CURVE ( 'NONE', #4616, #659, #2069, .T. ) ;
#4189 = ORIENTED_EDGE ( 'NONE', *, *, #4426, .T. ) ;
#4190 = FILL_AREA_STYLE_COLOUR ( '', #4186 ) ;
#4191 = FILL_AREA_STYLE ('',( #4190 ) ) ;
#4192 = SURFACE_STYLE_FILL_AREA ( #4191 ) ;
#4193 = SURFACE_SIDE_STYLE ('',( #4192 ) ) ;
#4194 = SURFACE_STYLE_USAGE ( .BOTH. , #4193 ) ;
#4195 = PRESENTATION_STYLE_ASSIGNMENT (( #4194 ) ) ;
#4196 = STYLED_ITEM ( 'NONE', ( #4195 ), #654 ) ;
#4197 = PRESENTATION_LAYER_ASSIGNMENT (  '', '', ( #4196 ) ) ;
#4198 = MECHANICAL_DESIGN_GEOMETRIC_PRESENTATION_REPRESENTATION (  '', ( #4196 ), #4203 ) ;
#4199 =( LENGTH_UNIT ( ) NAMED_UNIT ( * ) SI_UNIT ( .MILLI., .METRE. ) );
#4200 =( NAMED_UNIT ( * ) PLANE_ANGLE_UNIT ( ) SI_UNIT ( $, .RADIAN. ) );
#4201 =( NAMED_UNIT ( * ) SI_UNIT ( $, .STERADIAN. ) SOLID_ANGLE_UNIT ( ) );
#4202 = UNCERTAINTY_MEASURE_WITH_UNIT (LENGTH_MEASURE( 1.000000000000000100E-005 ), #4199, 'distance_accuracy_value', 'NONE');
#4203 =( GEOMETRIC_REPRESENTATION_CONTEXT ( 3 ) GLOBAL_UNCERTAINTY_ASSIGNED_CONTEXT ( ( #4202 ) ) GLOBAL_UNIT_ASSIGNED_CONTEXT ( ( #4199, #4200, #4201 ) ) REPRESENTATION_CONTEXT ( 'NONE', 'WORKASPACE' ) );
#4204 = PLANE ( 'NONE',  #4205 ) ;
#4205 = AXIS2_PLACEMENT_3D ( 'NONE', #4206, #4207, #4208 ) ;
#4206 = CARTESIAN_POINT ( 'NONE',  ( 2.040000000000000000, 1.550000000000000000, -1.450000000000000000 ) ) ;
#4207 = DIRECTION ( 'NONE',  ( 0.0000000000000000000, 7.228014483236690600E-016, -1.000000000000000000 ) ) ;
#4208 = DIRECTION ( 'NONE',  ( 0.0000000000000000000, 1.000000000000000000, 7.228014483236690600E-016 ) ) ;
#4209 = CARTESIAN_POINT ( 'NONE',  ( 3.585000000000000000, 0.5400000000000000400, 2.250000000000000000 ) ) ;
#4210 = LINE ( 'NONE', #4211, #4212 ) ;
#4211 = CARTESIAN_POINT ( 'NONE',  ( -1.050000000000000000, 1.450000000000000000, 2.000000000000000000 ) ) ;
#4212 = VECTOR ( 'NONE', #4213, 1000.000000000000000 ) ;
#4213 = DIRECTION ( 'NONE',  ( 0.0000000000000000000, 1.000000000000000000, 0.0000000000000000000 ) ) ;
#4214 = LINE ( 'NONE', #4215, #4216 ) ;
#4215 = CARTESIAN_POINT ( 'NONE',  ( 4.035000000000000100, 0.5400000000000000400, 2.870000000000000100 ) ) ;
#4216 = VECTOR ( 'NONE', #4217, 1000.000000000000000 ) ;
#4217 = DIRECTION ( 'NONE',  ( 0.0000000000000000000, -1.000000000000000000, -3.097720492815730200E-015 ) ) ;
#4218 = CARTESIAN_POINT ( 'NONE',  ( -0.2250000000000000100, 0.1200000000000000100, 3.350000000000000100 ) ) ;
#4219 = CARTESIAN_POINT ( 'NONE',  ( 2.765000000000000100, 0.1200000000000000100, -2.870000000000000100 ) ) ;
#4220 = CARTESIAN_POINT ( 'NONE',  ( 1.044999999999999900, 0.4200000000000000400, -2.750000000000000000 ) ) ;
#4221 = LINE ( 'NONE', #4222, #4223 ) ;
#4222 = CARTESIAN_POINT ( 'NONE',  ( 0.2250000000000000100, 0.5400000000000000400, -2.250000000000000000 ) ) ;
#4223 = VECTOR ( 'NONE', #4224, 1000.000000000000000 ) ;
#4224 = DIRECTION ( 'NONE',  ( 0.0000000000000000000, 1.000000000000000000, 0.0000000000000000000 ) ) ;
#4225 = LINE ( 'NONE', #4226, #4227 ) ;
#4226 = CARTESIAN_POINT ( 'NONE',  ( 4.035000000000000100, 0.4200000000000000400, -2.250000000000000000 ) ) ;
#4227 = VECTOR ( 'NONE', #4228, 1000.000000000000000 ) ;
#4228 = DIRECTION ( 'NONE',  ( -1.000000000000000000, 0.0000000000000000000, 0.0000000000000000000 ) ) ;
#4229 = CARTESIAN_POINT ( 'NONE',  ( 0.5000000000000000000, 1.550000000000000000, 1.450000000000000000 ) ) ;
#4230 = LINE ( 'NONE', #4231, #4232 ) ;
#4231 = CARTESIAN_POINT ( 'NONE',  ( -0.8000000000000000400, 1.450000000000000000, -1.750000000000000000 ) ) ;
#4232 = VECTOR ( 'NONE', #4233, 1000.000000000000000 ) ;
#4233 = DIRECTION ( 'NONE',  ( 0.0000000000000000000, 1.000000000000000000, 0.0000000000000000000 ) ) ;
#4234 = CARTESIAN_POINT ( 'NONE',  ( 2.314999999999999900, 0.4200000000000000400, 2.250000000000000000 ) ) ;
#4235 = CARTESIAN_POINT ( 'NONE',  ( 1.570000000000000100, 1.250000000000000000, 1.200000000000000000 ) ) ;
#4236 = LINE ( 'NONE', #4237, #4238 ) ;
#4237 = CARTESIAN_POINT ( 'NONE',  ( -0.2250000000000000100, 0.1200000000000000100, -2.870000000000000100 ) ) ;
#4238 = VECTOR ( 'NONE', #4239, 1000.000000000000000 ) ;
#4239 = DIRECTION ( 'NONE',  ( 0.0000000000000000000, -1.411721578757169900E-016, -1.000000000000000000 ) ) ;
#4240 = LINE ( 'NONE', #4241, #4242 ) ;
#4241 = CARTESIAN_POINT ( 'NONE',  ( 3.510000000000000200, 2.398528137423854700, 0.5999999999999828800 ) ) ;
#4242 = VECTOR ( 'NONE', #4243, 1000.000000000000000 ) ;
#4243 = DIRECTION ( 'NONE',  ( 0.0000000000000000000, -1.000000000000000000, 0.0000000000000000000 ) ) ;
#4244 = FACE_OUTER_BOUND ( 'NONE', #104, .T. ) ;
#4245 = COLOUR_RGB ( '',0.0000000000000000000, 0.0000000000000000000, 0.0000000000000000000 ) ;
#4246 = FILL_AREA_STYLE_COLOUR ( '', #4245 ) ;
#4247 = FILL_AREA_STYLE ('',( #4246 ) ) ;
#4248 = SURFACE_STYLE_FILL_AREA ( #4247 ) ;
#4249 = SURFACE_SIDE_STYLE ('',( #4248 ) ) ;
#4250 = SURFACE_STYLE_USAGE ( .BOTH. , #4249 ) ;
#4251 = PRESENTATION_STYLE_ASSIGNMENT (( #4250 ) ) ;
#4252 = STYLED_ITEM ( 'NONE', ( #4251 ), #4708 ) ;
#4253 = PRESENTATION_LAYER_ASSIGNMENT (  '', '', ( #4252 ) ) ;
#4254 = EDGE_CURVE ( 'NONE', #4723, #4589, #2112, .T. ) ;
#4255 = MECHANICAL_DESIGN_GEOMETRIC_PRESENTATION_REPRESENTATION (  '', ( #4252 ), #4260 ) ;
#4256 =( LENGTH_UNIT ( ) NAMED_UNIT ( * ) SI_UNIT ( .MILLI., .METRE. ) );
#4257 =( NAMED_UNIT ( * ) PLANE_ANGLE_UNIT ( ) SI_UNIT ( $, .RADIAN. ) );
#4258 =( NAMED_UNIT ( * ) SI_UNIT ( $, .STERADIAN. ) SOLID_ANGLE_UNIT ( ) );
#4259 = UNCERTAINTY_MEASURE_WITH_UNIT (LENGTH_MEASURE( 1.000000000000000100E-005 ), #4256, 'distance_accuracy_value', 'NONE');
#4260 =( GEOMETRIC_REPRESENTATION_CONTEXT ( 3 ) GLOBAL_UNCERTAINTY_ASSIGNED_CONTEXT ( ( #4259 ) ) GLOBAL_UNIT_ASSIGNED_CONTEXT ( ( #4256, #4257, #4258 ) ) REPRESENTATION_CONTEXT ( 'NONE', 'WORKASPACE' ) );
#4261 = CYLINDRICAL_SURFACE ( 'NONE', #4262, 0.2500000000000000000 ) ;
#4262 = AXIS2_PLACEMENT_3D ( 'NONE', #4263, #4264, #4265 ) ;
#4263 = CARTESIAN_POINT ( 'NONE',  ( -0.8000000000000000400, 1.450000000000000000, -2.000000000000000000 ) ) ;
#4264 = DIRECTION ( 'NONE',  ( 0.0000000000000000000, 1.000000000000000000, 0.0000000000000000000 ) ) ;
#4265 = DIRECTION ( 'NONE',  ( 0.0000000000000000000, 0.0000000000000000000, 1.000000000000000000 ) ) ;
#4266 = CARTESIAN_POINT ( 'NONE',  ( 3.585000000000000000, 0.1200000000000000100, 2.870000000000000100 ) ) ;
#4267 = LINE ( 'NONE', #4268, #4269 ) ;
#4268 = CARTESIAN_POINT ( 'NONE',  ( 2.314999999999999900, 0.1200000000000000100, 2.870000000000000100 ) ) ;
#4269 = VECTOR ( 'NONE', #4270, 1000.000000000000000 ) ;
#4270 = DIRECTION ( 'NONE',  ( 0.0000000000000000000, -1.411721578757169900E-016, 1.000000000000000000 ) ) ;
#4271 = CARTESIAN_POINT ( 'NONE',  ( 0.2999999999999999900, 1.250000000000000000, 0.5999999999999999800 ) ) ;
#4272 = LINE ( 'NONE', #4273, #4274 ) ;
#4273 = CARTESIAN_POINT ( 'NONE',  ( 2.314999999999999900, 0.4200000000000000400, -2.750000000000000000 ) ) ;
#4274 = VECTOR ( 'NONE', #4275, 1000.000000000000000 ) ;
#4275 = DIRECTION ( 'NONE',  ( 0.0000000000000000000, 1.000000000000000000, -4.130293990420970500E-015 ) ) ;
#4276 = FACE_BOUND ( 'NONE', #2522, .T. ) ;
#4277 = FACE_BOUND ( 'NONE', #236, .T. ) ;
#4278 = FACE_BOUND ( 'NONE', #248, .T. ) ;
#4279 = FACE_OUTER_BOUND ( 'NONE', #435, .T. ) ;
#4280 = FACE_BOUND ( 'NONE', #386, .T. ) ;
#4281 = COLOUR_RGB ( '',0.0000000000000000000, 0.0000000000000000000, 0.0000000000000000000 ) ;
#4282 = FILL_AREA_STYLE_COLOUR ( '', #4281 ) ;
#4283 = FILL_AREA_STYLE ('',( #4282 ) ) ;
#4284 = SURFACE_STYLE_FILL_AREA ( #4283 ) ;
#4285 = SURFACE_SIDE_STYLE ('',( #4284 ) ) ;
#4286 = SURFACE_STYLE_USAGE ( .BOTH. , #4285 ) ;
#4287 = ORIENTED_EDGE ( 'NONE', *, *, #276, .F. ) ;
#4288 = PRESENTATION_STYLE_ASSIGNMENT (( #4286 ) ) ;
#4289 = STYLED_ITEM ( 'NONE', ( #4288 ), #677 ) ;
#4290 = PRESENTATION_LAYER_ASSIGNMENT (  '', '', ( #4289 ) ) ;
#4291 = MECHANICAL_DESIGN_GEOMETRIC_PRESENTATION_REPRESENTATION (  '', ( #4289 ), #4296 ) ;
#4292 =( LENGTH_UNIT ( ) NAMED_UNIT ( * ) SI_UNIT ( .MILLI., .METRE. ) );
#4293 =( NAMED_UNIT ( * ) PLANE_ANGLE_UNIT ( ) SI_UNIT ( $, .RADIAN. ) );
#4294 =( NAMED_UNIT ( * ) SI_UNIT ( $, .STERADIAN. ) SOLID_ANGLE_UNIT ( ) );
#4295 = UNCERTAINTY_MEASURE_WITH_UNIT (LENGTH_MEASURE( 1.000000000000000100E-005 ), #4292, 'distance_accuracy_value', 'NONE');
#4296 =( GEOMETRIC_REPRESENTATION_CONTEXT ( 3 ) GLOBAL_UNCERTAINTY_ASSIGNED_CONTEXT ( ( #4295 ) ) GLOBAL_UNIT_ASSIGNED_CONTEXT ( ( #4292, #4293, #4294 ) ) REPRESENTATION_CONTEXT ( 'NONE', 'WORKASPACE' ) );
#4297 = PLANE ( 'NONE',  #4298 ) ;
#4298 = AXIS2_PLACEMENT_3D ( 'NONE', #4299, #4300, #4301 ) ;
#4299 = CARTESIAN_POINT ( 'NONE',  ( -1.250000000000000000, 1.550000000000000000, -2.250000000000000000 ) ) ;
#4300 = DIRECTION ( 'NONE',  ( 0.0000000000000000000, 0.0000000000000000000, 1.000000000000000000 ) ) ;
#4301 = DIRECTION ( 'NONE',  ( 1.000000000000000000, 0.0000000000000000000, 0.0000000000000000000 ) ) ;
#4302 = LINE ( 'NONE', #4303, #4304 ) ;
#4303 = CARTESIAN_POINT ( 'NONE',  ( -0.2250000000000000100, 0.5400000000000000400, -2.250000000000000000 ) ) ;
#4304 = VECTOR ( 'NONE', #4305, 1000.000000000000000 ) ;
#4305 = DIRECTION ( 'NONE',  ( 0.0000000000000000000, -1.748713181428220000E-016, -1.000000000000000000 ) ) ;
#4306 = FACE_OUTER_BOUND ( 'NONE', #273, .T. ) ;
#4307 = COLOUR_RGB ( '',0.0000000000000000000, 0.0000000000000000000, 0.0000000000000000000 ) ;
#4308 = FILL_AREA_STYLE_COLOUR ( '', #4307 ) ;
#4309 = FILL_AREA_STYLE ('',( #4308 ) ) ;
#4310 = SURFACE_STYLE_FILL_AREA ( #4309 ) ;
#4311 = SURFACE_SIDE_STYLE ('',( #4310 ) ) ;
#4312 = SURFACE_STYLE_USAGE ( .BOTH. , #4311 ) ;
#4313 = PRESENTATION_STYLE_ASSIGNMENT (( #4312 ) ) ;
#4314 = STYLED_ITEM ( 'NONE', ( #4313 ), #680 ) ;
#4315 = PRESENTATION_LAYER_ASSIGNMENT (  '', '', ( #4314 ) ) ;
#4316 = MECHANICAL_DESIGN_GEOMETRIC_PRESENTATION_REPRESENTATION (  '', ( #4314 ), #4323 ) ;
#4317 =( LENGTH_UNIT ( ) NAMED_UNIT ( * ) SI_UNIT ( .MILLI., .METRE. ) );
#4318 =( NAMED_UNIT ( * ) PLANE_ANGLE_UNIT ( ) SI_UNIT ( $, .RADIAN. ) );
#4319 =( NAMED_UNIT ( * ) SI_UNIT ( $, .STERADIAN. ) SOLID_ANGLE_UNIT ( ) );
#4320 = ORIENTED_EDGE ( 'NONE', *, *, #928, .T. ) ;
#4321 = ORIENTED_EDGE ( 'NONE', *, *, #4600, .T. ) ;
#4322 = UNCERTAINTY_MEASURE_WITH_UNIT (LENGTH_MEASURE( 1.000000000000000100E-005 ), #4317, 'distance_accuracy_value', 'NONE');
#4323 =( GEOMETRIC_REPRESENTATION_CONTEXT ( 3 ) GLOBAL_UNCERTAINTY_ASSIGNED_CONTEXT ( ( #4322 ) ) GLOBAL_UNIT_ASSIGNED_CONTEXT ( ( #4317, #4318, #4319 ) ) REPRESENTATION_CONTEXT ( 'NONE', 'WORKASPACE' ) );
#4324 = PLANE ( 'NONE',  #4325 ) ;
#4325 = AXIS2_PLACEMENT_3D ( 'NONE', #4326, #4327, #4328 ) ;
#4326 = CARTESIAN_POINT ( 'NONE',  ( 0.7699999999999999100, 1.250000000000000000, -1.450000000000000000 ) ) ;
#4327 = DIRECTION ( 'NONE',  ( -1.000000000000000000, 0.0000000000000000000, 0.0000000000000000000 ) ) ;
#4328 = DIRECTION ( 'NONE',  ( 0.0000000000000000000, 0.0000000000000000000, 1.000000000000000000 ) ) ;
#4329 = LINE ( 'NONE', #4330, #4331 ) ;
#4330 = CARTESIAN_POINT ( 'NONE',  ( 0.2999999999999999900, 2.398528137423854700, 1.200000000000000000 ) ) ;
#4331 = VECTOR ( 'NONE', #4332, 1000.000000000000000 ) ;
#4332 = DIRECTION ( 'NONE',  ( 0.0000000000000000000, -1.000000000000000000, 0.0000000000000000000 ) ) ;
#4333 = FACE_OUTER_BOUND ( 'NONE', #474, .T. ) ;
#4334 = PLANE ( 'NONE',  #4335 ) ;
#4335 = AXIS2_PLACEMENT_3D ( 'NONE', #4336, #4337, #4341 ) ;
#4336 = CARTESIAN_POINT ( 'NONE',  ( 2.765000000000000100, 0.5400000000000000400, -2.250000000000000000 ) ) ;
#4337 = DIRECTION ( 'NONE',  ( 0.0000000000000000000, 1.000000000000000000, -1.748713181428220000E-016 ) ) ;
#4338 = EDGE_LOOP ( 'NONE', ( #495, #513, #147, #87 ) ) ;
#4339 = ORIENTED_EDGE ( 'NONE', *, *, #5005, .F. ) ;
#4340 = ORIENTED_EDGE ( 'NONE', *, *, #4549, .F. ) ;
#4341 = DIRECTION ( 'NONE',  ( 0.0000000000000000000, 1.748713181428220000E-016, 1.000000000000000000 ) ) ;
#4342 = CARTESIAN_POINT ( 'NONE',  ( 2.765000000000000100, 0.5400000000000000400, 2.250000000000000000 ) ) ;
#4343 = CARTESIAN_POINT ( 'NONE',  ( 2.314999999999999900, 0.1200000000000000100, 3.350000000000000100 ) ) ;
#4344 = LINE ( 'NONE', #4345, #4346 ) ;
#4345 = CARTESIAN_POINT ( 'NONE',  ( 4.859999999999999400, 1.550000000000000000, -2.250000000000000000 ) ) ;
#4346 = VECTOR ( 'NONE', #4347, 1000.000000000000000 ) ;
#4347 = DIRECTION ( 'NONE',  ( 0.0000000000000000000, 0.0000000000000000000, -1.000000000000000000 ) ) ;
#4348 = LINE ( 'NONE', #4349, #4350 ) ;
#4349 = CARTESIAN_POINT ( 'NONE',  ( 2.765000000000000100, 3.673819061467100000E-018, 2.750000000000000000 ) ) ;
#4350 = VECTOR ( 'NONE', #4351, 1000.000000000000000 ) ;
#4351 = DIRECTION ( 'NONE',  ( 0.0000000000000000000, -3.905205875111755100E-017, -1.000000000000000000 ) ) ;
#4352 = FACE_OUTER_BOUND ( 'NONE', #408, .T. ) ;
#4353 = COLOUR_RGB ( '',0.0000000000000000000, 0.0000000000000000000, 0.0000000000000000000 ) ;
#4354 = FILL_AREA_STYLE_COLOUR ( '', #4353 ) ;
#4355 = FILL_AREA_STYLE ('',( #4354 ) ) ;
#4356 = SURFACE_STYLE_FILL_AREA ( #4355 ) ;
#4357 = ORIENTED_EDGE ( 'NONE', *, *, #4475, .F. ) ;
#4358 = SURFACE_SIDE_STYLE ('',( #4356 ) ) ;
#4359 = SURFACE_STYLE_USAGE ( .BOTH. , #4358 ) ;
#4360 = PRESENTATION_STYLE_ASSIGNMENT (( #4359 ) ) ;
#4361 = STYLED_ITEM ( 'NONE', ( #4360 ), #689 ) ;
#4362 = PRESENTATION_LAYER_ASSIGNMENT (  '', '', ( #4361 ) ) ;
#4363 = MECHANICAL_DESIGN_GEOMETRIC_PRESENTATION_REPRESENTATION (  '', ( #4361 ), #4368 ) ;
#4364 =( LENGTH_UNIT ( ) NAMED_UNIT ( * ) SI_UNIT ( .MILLI., .METRE. ) );
#4365 =( NAMED_UNIT ( * ) PLANE_ANGLE_UNIT ( ) SI_UNIT ( $, .RADIAN. ) );
#4366 =( NAMED_UNIT ( * ) SI_UNIT ( $, .STERADIAN. ) SOLID_ANGLE_UNIT ( ) );
#4367 = UNCERTAINTY_MEASURE_WITH_UNIT (LENGTH_MEASURE( 1.000000000000000100E-005 ), #4364, 'distance_accuracy_value', 'NONE');
#4368 =( GEOMETRIC_REPRESENTATION_CONTEXT ( 3 ) GLOBAL_UNCERTAINTY_ASSIGNED_CONTEXT ( ( #4367 ) ) GLOBAL_UNIT_ASSIGNED_CONTEXT ( ( #4364, #4365, #4366 ) ) REPRESENTATION_CONTEXT ( 'NONE', 'WORKASPACE' ) );
#4369 = PLANE ( 'NONE',  #4370 ) ;
#4370 = AXIS2_PLACEMENT_3D ( 'NONE', #4371, #4372, #4373 ) ;
#4371 = CARTESIAN_POINT ( 'NONE',  ( 4.309999999999999600, 1.250000000000000000, -1.450000000000000000 ) ) ;
#4372 = DIRECTION ( 'NONE',  ( -1.000000000000000000, 0.0000000000000000000, 0.0000000000000000000 ) ) ;
#4373 = DIRECTION ( 'NONE',  ( 0.0000000000000000000, 0.0000000000000000000, 1.000000000000000000 ) ) ;
#4374 = LINE ( 'NONE', #4375, #4376 ) ;
#4375 = CARTESIAN_POINT ( 'NONE',  ( 3.510000000000000200, 1.450000000000000000, 1.199999999999982000 ) ) ;
#4376 = VECTOR ( 'NONE', #4377, 1000.000000000000000 ) ;
#4377 = DIRECTION ( 'NONE',  ( 1.000000000000000000, 0.0000000000000000000, 0.0000000000000000000 ) ) ;
#4378 = LINE ( 'NONE', #4379, #4380 ) ;
#4379 = CARTESIAN_POINT ( 'NONE',  ( 4.035000000000000100, 0.5400000000000000400, -2.870000000000000100 ) ) ;
#4380 = VECTOR ( 'NONE', #4381, 1000.000000000000000 ) ;
#4381 = DIRECTION ( 'NONE',  ( 0.0000000000000000000, -1.000000000000000000, 3.097720492815730200E-015 ) ) ;
#4382 = LINE ( 'NONE', #4383, #4384 ) ;
#4383 = CARTESIAN_POINT ( 'NONE',  ( -0.2250000000000000100, 0.4200000000000000400, 2.250000000000000000 ) ) ;
#4384 = VECTOR ( 'NONE', #4385, 1000.000000000000000 ) ;
#4385 = DIRECTION ( 'NONE',  ( 0.0000000000000000000, 1.084202172485495800E-016, -1.000000000000000000 ) ) ;
#4386 = FACE_OUTER_BOUND ( 'NONE', #231, .T. ) ;
#4387 = PLANE ( 'NONE',  #4388 ) ;
#4388 = AXIS2_PLACEMENT_3D ( 'NONE', #4389, #4392, #4393 ) ;
#4389 = CARTESIAN_POINT ( 'NONE',  ( 4.035000000000000100, 0.5400000000000000400, 2.250000000000000000 ) ) ;
#4390 = VERTEX_POINT ( 'NONE', #2201 ) ;
#4391 = EDGE_LOOP ( 'NONE', ( #4858, #4995, #4068, #4476 ) ) ;
#4392 = DIRECTION ( 'NONE',  ( 0.0000000000000000000, -1.000000000000000000, -1.748713181428220000E-016 ) ) ;
#4393 = DIRECTION ( 'NONE',  ( 0.0000000000000000000, 1.748713181428220000E-016, -1.000000000000000000 ) ) ;
#4394 = LINE ( 'NONE', #4395, #4396 ) ;
#4395 = CARTESIAN_POINT ( 'NONE',  ( 1.495000000000000100, 3.673819061467100000E-018, 2.750000000000000000 ) ) ;
#4396 = VECTOR ( 'NONE', #4397, 1000.000000000000000 ) ;
#4397 = DIRECTION ( 'NONE',  ( -1.000000000000000000, 0.0000000000000000000, 0.0000000000000000000 ) ) ;
#4398 = FACE_OUTER_BOUND ( 'NONE', #555, .T. ) ;
#4399 = PLANE ( 'NONE',  #4400 ) ;
#4400 = AXIS2_PLACEMENT_3D ( 'NONE', #4401, #4402, #4403 ) ;
#4401 = CARTESIAN_POINT ( 'NONE',  ( 2.765000000000000100, 0.4200000000000000400, -2.250000000000000000 ) ) ;
#4402 = DIRECTION ( 'NONE',  ( 0.0000000000000000000, -1.000000000000000000, 1.084202172485495800E-016 ) ) ;
#4403 = DIRECTION ( 'NONE',  ( 0.0000000000000000000, -1.084202172485495800E-016, -1.000000000000000000 ) ) ;
#4404 = LINE ( 'NONE', #4405, #4406 ) ;
#4405 = CARTESIAN_POINT ( 'NONE',  ( 2.765000000000000100, 0.4200000000000000400, -2.250000000000000000 ) ) ;
#4406 = VECTOR ( 'NONE', #4407, 1000.000000000000000 ) ;
#4407 = DIRECTION ( 'NONE',  ( -1.000000000000000000, 0.0000000000000000000, 0.0000000000000000000 ) ) ;
#4408 = ORIENTED_EDGE ( 'NONE', *, *, #4857, .F. ) ;
#4409 = LINE ( 'NONE', #4410, #4411 ) ;
#4410 = CARTESIAN_POINT ( 'NONE',  ( 0.2999999999999999900, 1.250000000000000000, 0.5999999999999999800 ) ) ;
#4411 = VECTOR ( 'NONE', #4412, 1000.000000000000000 ) ;
#4412 = DIRECTION ( 'NONE',  ( 0.0000000000000000000, 0.0000000000000000000, -1.000000000000000000 ) ) ;
#4413 = LINE ( 'NONE', #4414, #4415 ) ;
#4414 = CARTESIAN_POINT ( 'NONE',  ( 1.044999999999999900, 0.5400000000000000400, -2.250000000000000000 ) ) ;
#4415 = VECTOR ( 'NONE', #4416, 1000.000000000000000 ) ;
#4416 = DIRECTION ( 'NONE',  ( 0.0000000000000000000, -1.748713181428220000E-016, -1.000000000000000000 ) ) ;
#4417 = CARTESIAN_POINT ( 'NONE',  ( 0.7699999999999999100, 1.550000000000000000, -1.450000000000000000 ) ) ;
#4418 = FACE_OUTER_BOUND ( 'NONE', #4338, .T. ) ;
#4419 = COLOUR_RGB ( '',0.0000000000000000000, 0.0000000000000000000, 0.0000000000000000000 ) ;
#4420 = FILL_AREA_STYLE_COLOUR ( '', #4419 ) ;
#4421 = FILL_AREA_STYLE ('',( #4420 ) ) ;
#4422 = SURFACE_STYLE_FILL_AREA ( #4421 ) ;
#4423 = SURFACE_SIDE_STYLE ('',( #4422 ) ) ;
#4424 = SURFACE_STYLE_USAGE ( .BOTH. , #4423 ) ;
#4425 = ORIENTED_EDGE ( 'NONE', *, *, #3698, .T. ) ;
#4426 = EDGE_CURVE ( 'NONE', #4787, #4923, #2223, .T. ) ;
#4427 = PRESENTATION_STYLE_ASSIGNMENT (( #4424 ) ) ;
#4428 = STYLED_ITEM ( 'NONE', ( #4427 ), #701 ) ;
#4429 = PRESENTATION_LAYER_ASSIGNMENT (  '', '', ( #4428 ) ) ;
#4430 = MECHANICAL_DESIGN_GEOMETRIC_PRESENTATION_REPRESENTATION (  '', ( #4428 ), #4435 ) ;
#4431 =( LENGTH_UNIT ( ) NAMED_UNIT ( * ) SI_UNIT ( .MILLI., .METRE. ) );
#4432 =( NAMED_UNIT ( * ) PLANE_ANGLE_UNIT ( ) SI_UNIT ( $, .RADIAN. ) );
#4433 =( NAMED_UNIT ( * ) SI_UNIT ( $, .STERADIAN. ) SOLID_ANGLE_UNIT ( ) );
#4434 = UNCERTAINTY_MEASURE_WITH_UNIT (LENGTH_MEASURE( 1.000000000000000100E-005 ), #4431, 'distance_accuracy_value', 'NONE');
#4435 =( GEOMETRIC_REPRESENTATION_CONTEXT ( 3 ) GLOBAL_UNCERTAINTY_ASSIGNED_CONTEXT ( ( #4434 ) ) GLOBAL_UNIT_ASSIGNED_CONTEXT ( ( #4431, #4432, #4433 ) ) REPRESENTATION_CONTEXT ( 'NONE', 'WORKASPACE' ) );
#4436 = PLANE ( 'NONE',  #4437 ) ;
#4437 = AXIS2_PLACEMENT_3D ( 'NONE', #4438, #4439, #4440 ) ;
#4438 = CARTESIAN_POINT ( 'NONE',  ( 4.859999999999999400, 1.450000000000000000, -2.250000000000000000 ) ) ;
#4439 = DIRECTION ( 'NONE',  ( 1.000000000000000000, 0.0000000000000000000, 0.0000000000000000000 ) ) ;
#4440 = DIRECTION ( 'NONE',  ( 0.0000000000000000000, 0.0000000000000000000, -1.000000000000000000 ) ) ;
#4441 = LINE ( 'NONE', #4442, #4443 ) ;
#4442 = CARTESIAN_POINT ( 'NONE',  ( 2.765000000000000100, 0.4200000000000000400, -2.750000000000000000 ) ) ;
#4443 = VECTOR ( 'NONE', #4444, 1000.000000000000000 ) ;
#4444 = DIRECTION ( 'NONE',  ( -1.000000000000000000, 0.0000000000000000000, 0.0000000000000000000 ) ) ;
#4445 = LINE ( 'NONE', #4446, #4447 ) ;
#4446 = CARTESIAN_POINT ( 'NONE',  ( 0.5000000000000000000, 1.550000000000000000, 1.450000000000000000 ) ) ;
#4447 = VECTOR ( 'NONE', #4448, 1000.000000000000000 ) ;
#4448 = DIRECTION ( 'NONE',  ( 0.0000000000000000000, -1.000000000000000000, 7.228014483236690600E-016 ) ) ;
#4449 = CARTESIAN_POINT ( 'NONE',  ( -1.050000000000000000, 1.550000000000000000, -2.000000000000000000 ) ) ;
#4450 = CARTESIAN_POINT ( 'NONE',  ( 1.044999999999999900, 0.1200000000000000100, 3.350000000000000100 ) ) ;
#4451 = CARTESIAN_POINT ( 'NONE',  ( 1.044999999999999900, 3.673819061467100000E-018, -2.750000000000000000 ) ) ;
#4452 = CARTESIAN_POINT ( 'NONE',  ( 4.035000000000000100, 0.5400000000000000400, 2.250000000000000000 ) ) ;
#4453 = CARTESIAN_POINT ( 'NONE',  ( 1.495000000000000100, 3.673819061467100000E-018, 2.750000000000000000 ) ) ;
#4454 = FACE_BOUND ( 'NONE', #18, .T. ) ;
#4455 = FACE_BOUND ( 'NONE', #3103, .T. ) ;
#4456 = FACE_BOUND ( 'NONE', #687, .T. ) ;
#4457 = FACE_OUTER_BOUND ( 'NONE', #673, .T. ) ;
#4458 = FACE_BOUND ( 'NONE', #690, .T. ) ;
#4459 = COLOUR_RGB ( '',0.0000000000000000000, 0.0000000000000000000, 0.0000000000000000000 ) ;
#4460 = FILL_AREA_STYLE_COLOUR ( '', #4459 ) ;
#4461 = FILL_AREA_STYLE ('',( #4460 ) ) ;
#4462 = SURFACE_STYLE_FILL_AREA ( #4461 ) ;
#4463 = SURFACE_SIDE_STYLE ('',( #4462 ) ) ;
#4464 = SURFACE_STYLE_USAGE ( .BOTH. , #4463 ) ;
#4465 = PRESENTATION_STYLE_ASSIGNMENT (( #4464 ) ) ;
#4466 = STYLED_ITEM ( 'NONE', ( #4465 ), #708 ) ;
#4467 = PRESENTATION_LAYER_ASSIGNMENT (  '', '', ( #4466 ) ) ;
#4468 = MECHANICAL_DESIGN_GEOMETRIC_PRESENTATION_REPRESENTATION (  '', ( #4466 ), #4473 ) ;
#4469 =( LENGTH_UNIT ( ) NAMED_UNIT ( * ) SI_UNIT ( .MILLI., .METRE. ) );
#4470 =( NAMED_UNIT ( * ) PLANE_ANGLE_UNIT ( ) SI_UNIT ( $, .RADIAN. ) );
#4471 =( NAMED_UNIT ( * ) SI_UNIT ( $, .STERADIAN. ) SOLID_ANGLE_UNIT ( ) );
#4472 = UNCERTAINTY_MEASURE_WITH_UNIT (LENGTH_MEASURE( 1.000000000000000100E-005 ), #4469, 'distance_accuracy_value', 'NONE');
#4473 =( GEOMETRIC_REPRESENTATION_CONTEXT ( 3 ) GLOBAL_UNCERTAINTY_ASSIGNED_CONTEXT ( ( #4472 ) ) GLOBAL_UNIT_ASSIGNED_CONTEXT ( ( #4469, #4470, #4471 ) ) REPRESENTATION_CONTEXT ( 'NONE', 'WORKASPACE' ) );
#4474 = PLANE ( 'NONE',  #4478 ) ;
#4475 = EDGE_CURVE ( 'NONE', #4752, #2004, #2247, .T. ) ;
#4476 = ORIENTED_EDGE ( 'NONE', *, *, #4559, .F. ) ;
#4477 = ADVANCED_FACE ( 'NONE', ( #2273 ), #2275, .F. ) ;
#4478 = AXIS2_PLACEMENT_3D ( 'NONE', #4479, #4480, #4481 ) ;
#4479 = CARTESIAN_POINT ( 'NONE',  ( -1.250000000000000000, 1.550000000000000000, 2.250000000000000000 ) ) ;
#4480 = DIRECTION ( 'NONE',  ( 0.0000000000000000000, 0.0000000000000000000, -1.000000000000000000 ) ) ;
#4481 = DIRECTION ( 'NONE',  ( -1.000000000000000000, 0.0000000000000000000, 0.0000000000000000000 ) ) ;
#4482 = LINE ( 'NONE', #4483, #4484 ) ;
#4483 = CARTESIAN_POINT ( 'NONE',  ( 1.570000000000000100, 1.450000000000000000, 0.5999999999999999800 ) ) ;
#4484 = VECTOR ( 'NONE', #4485, 1000.000000000000000 ) ;
#4485 = DIRECTION ( 'NONE',  ( 0.0000000000000000000, 0.0000000000000000000, -1.000000000000000000 ) ) ;
#4486 = FACE_OUTER_BOUND ( 'NONE', #5073, .T. ) ;
#4487 = PLANE ( 'NONE',  #4488 ) ;
#4488 = AXIS2_PLACEMENT_3D ( 'NONE', #4489, #4490, #4491 ) ;
#4489 = CARTESIAN_POINT ( 'NONE',  ( 2.765000000000000100, 3.673819061467100000E-018, -2.750000000000000000 ) ) ;
#4490 = DIRECTION ( 'NONE',  ( 0.0000000000000000000, -1.000000000000000000, -3.905205875111750200E-017 ) ) ;
#4491 = DIRECTION ( 'NONE',  ( 0.0000000000000000000, 3.905205875111750200E-017, -1.000000000000000000 ) ) ;
#4492 = CARTESIAN_POINT ( 'NONE',  ( 4.035000000000000100, 0.4200000000000000400, 2.750000000000000000 ) ) ;
#4493 = CARTESIAN_POINT ( 'NONE',  ( 4.110000000000000300, 1.450000000000000000, 1.199999999999982000 ) ) ;
#4494 = LINE ( 'NONE', #4495, #4496 ) ;
#4495 = CARTESIAN_POINT ( 'NONE',  ( 2.040000000000000000, 1.550000000000000000, -1.450000000000000000 ) ) ;
#4496 = VECTOR ( 'NONE', #4497, 1000.000000000000000 ) ;
#4497 = DIRECTION ( 'NONE',  ( 0.0000000000000000000, 1.000000000000000000, 7.228014483236690600E-016 ) ) ;
#4498 = CARTESIAN_POINT ( 'NONE',  ( 3.585000000000000000, 0.4200000000000000400, -2.250000000000000000 ) ) ;
#4499 = CARTESIAN_POINT ( 'NONE',  ( 2.765000000000000100, 0.4200000000000000400, -2.750000000000000000 ) ) ;
#4500 = CARTESIAN_POINT ( 'NONE',  ( 1.570000000000000100, 1.450000000000000000, 0.5999999999999999800 ) ) ;
#4501 = CARTESIAN_POINT ( 'NONE',  ( 2.239999999999999800, 1.250000000000000000, 1.200000000000000000 ) ) ;
#4502 = LINE ( 'NONE', #4503, #4504 ) ;
#4503 = CARTESIAN_POINT ( 'NONE',  ( 1.495000000000000100, 0.1200000000000000100, -2.870000000000000100 ) ) ;
#4504 = VECTOR ( 'NONE', #4505, 1000.000000000000000 ) ;
#4505 = DIRECTION ( 'NONE',  ( 0.0000000000000000000, -1.411721578757169900E-016, -1.000000000000000000 ) ) ;
#4506 = FACE_OUTER_BOUND ( 'NONE', #321, .T. ) ;
#4507 = PLANE ( 'NONE',  #4508 ) ;
#4508 = AXIS2_PLACEMENT_3D ( 'NONE', #4509, #4513, #4514 ) ;
#4509 = CARTESIAN_POINT ( 'NONE',  ( 4.035000000000000100, 0.5400000000000000400, 2.870000000000000100 ) ) ;
#4510 = ORIENTED_EDGE ( 'NONE', *, *, #4546, .F. ) ;
#4511 = ORIENTED_EDGE ( 'NONE', *, *, #4560, .F. ) ;
#4512 = ORIENTED_EDGE ( 'NONE', *, *, #711, .T. ) ;
#4513 = DIRECTION ( 'NONE',  ( 0.0000000000000000000, 3.097720492815730200E-015, -1.000000000000000000 ) ) ;
#4514 = DIRECTION ( 'NONE',  ( 0.0000000000000000000, 1.000000000000000000, 3.097720492815730200E-015 ) ) ;
#4515 = FACE_OUTER_BOUND ( 'NONE', #4617, .T. ) ;
#4516 = PLANE ( 'NONE',  #4517 ) ;
#4517 = AXIS2_PLACEMENT_3D ( 'NONE', #4518, #4519, #4520 ) ;
#4518 = CARTESIAN_POINT ( 'NONE',  ( 4.035000000000000100, 0.5400000000000000400, -2.870000000000000100 ) ) ;
#4519 = DIRECTION ( 'NONE',  ( 0.0000000000000000000, -3.097720492815730200E-015, -1.000000000000000000 ) ) ;
#4520 = DIRECTION ( 'NONE',  ( 0.0000000000000000000, 1.000000000000000000, -3.097720492815730200E-015 ) ) ;
#4521 =( LENGTH_UNIT ( ) NAMED_UNIT ( * ) SI_UNIT ( .MILLI., .METRE. ) );
#4522 =( NAMED_UNIT ( * ) PLANE_ANGLE_UNIT ( ) SI_UNIT ( $, .RADIAN. ) );
#4523 =( NAMED_UNIT ( * ) SI_UNIT ( $, .STERADIAN. ) SOLID_ANGLE_UNIT ( ) );
#4524 = UNCERTAINTY_MEASURE_WITH_UNIT (LENGTH_MEASURE( 1.000000000000000100E-005 ), #4521, 'distance_accuracy_value', 'NONE');
#4525 =( GEOMETRIC_REPRESENTATION_CONTEXT ( 3 ) GLOBAL_UNCERTAINTY_ASSIGNED_CONTEXT ( ( #4524 ) ) GLOBAL_UNIT_ASSIGNED_CONTEXT ( ( #4521, #4522, #4523 ) ) REPRESENTATION_CONTEXT ( 'NONE', 'WORKASPACE' ) );
#4526 = ADVANCED_BREP_SHAPE_REPRESENTATION ( 'A6H_4102', ( #4653, #4527 ), #4525 ) ;
#4527 = AXIS2_PLACEMENT_3D ( 'NONE', #4528, #4529, #4530 ) ;
#4528 = CARTESIAN_POINT ( 'NONE',  ( 0.0000000000000000000, 0.0000000000000000000, 0.0000000000000000000 ) ) ;
#4529 = DIRECTION ( 'NONE',  ( 0.0000000000000000000, 0.0000000000000000000, 1.000000000000000000 ) ) ;
#4530 = DIRECTION ( 'NONE',  ( 1.000000000000000000, 0.0000000000000000000, 0.0000000000000000000 ) ) ;
#4531 = APPLICATION_CONTEXT ( 'automotive_design' ) ;
#4532 = APPLICATION_PROTOCOL_DEFINITION ( 'draft international standard', 'automotive_design', 1998, #4531 ) ;
#4533 = PRODUCT_CONTEXT ( 'NONE', #4531, 'mechanical' ) ;
#4534 = PRODUCT ( 'A6H_4102', 'A6H_4102', '', ( #4533 ) ) ;
#4535 = APPLICATION_CONTEXT ( 'automotive_design' ) ;
#4536 = APPLICATION_PROTOCOL_DEFINITION ( 'draft international standard', 'automotive_design', 1998, #4535 ) ;
#4537 = PRODUCT_DEFINITION_CONTEXT ( 'detailed design', #4535, 'design' ) ;
#4538 = PRODUCT_DEFINITION ( 'UNKNOWN', '', #4539, #4537 ) ;
#4539 = PRODUCT_DEFINITION_FORMATION_WITH_SPECIFIED_SOURCE ( 'ANY', '', #4534, .NOT_KNOWN. ) ;
#4540 = PRODUCT_RELATED_PRODUCT_CATEGORY ( 'part', '', ( #4534 ) ) ;
#4541 = ORIENTED_EDGE ( 'NONE', *, *, #412, .T. ) ;
#4542 = PRODUCT_DEFINITION_SHAPE ( 'NONE', 'NONE',  #4538 ) ;
#4543 = SHAPE_DEFINITION_REPRESENTATION ( #4542, #4526 ) ;
#4544 = EDGE_CURVE ( 'NONE', #649, #1170, #2322, .T. ) ;
#4545 = VERTEX_POINT ( 'NONE', #2350 ) ;
#4546 = EDGE_CURVE ( 'NONE', #878, #752, #2351, .T. ) ;
#4547 = EDGE_CURVE ( 'NONE', #4561, #4709, #2379, .T. ) ;
#4548 = VERTEX_POINT ( 'NONE', #2384 ) ;
#4549 = EDGE_CURVE ( 'NONE', #4556, #4821, #2390, .T. ) ;
#4550 = EDGE_CURVE ( 'NONE', #318, #551, #2421, .T. ) ;
#4551 = EDGE_CURVE ( 'NONE', #4703, #4868, #2434, .T. ) ;
#4552 = ORIENTED_EDGE ( 'NONE', *, *, #4579, .T. ) ;
#4553 = VERTEX_POINT ( 'NONE', #2488 ) ;
#4554 = EDGE_CURVE ( 'NONE', #4567, #706, #2527, .T. ) ;
#4555 = ORIENTED_EDGE ( 'NONE', *, *, #4579, .F. ) ;
#4556 = VERTEX_POINT ( 'NONE', #2568 ) ;
#4557 = ORIENTED_EDGE ( 'NONE', *, *, #229, .T. ) ;
#4558 = ORIENTED_EDGE ( 'NONE', *, *, #400, .T. ) ;
#4559 = EDGE_CURVE ( 'NONE', #4930, #4769, #2587, .T. ) ;
#4560 = EDGE_CURVE ( 'NONE', #4847, #244, #2591, .T. ) ;
#4561 = VERTEX_POINT ( 'NONE', #2595 ) ;
#4562 = ORIENTED_EDGE ( 'NONE', *, *, #5042, .F. ) ;
#4563 = ORIENTED_EDGE ( 'NONE', *, *, #4568, .T. ) ;
#4564 = EDGE_CURVE ( 'NONE', #115, #164, #2662, .T. ) ;
#4565 = ORIENTED_EDGE ( 'NONE', *, *, #438, .T. ) ;
#4566 = ORIENTED_EDGE ( 'NONE', *, *, #794, .T. ) ;
#4567 = VERTEX_POINT ( 'NONE', #2707 ) ;
#4568 = EDGE_CURVE ( 'NONE', #331, #4119, #2715, .T. ) ;
#4569 = ORIENTED_EDGE ( 'NONE', *, *, #4550, .F. ) ;
#4570 = EDGE_LOOP ( 'NONE', ( #4593, #783, #448, #537 ) ) ;
#4571 = ORIENTED_EDGE ( 'NONE', *, *, #516, .F. ) ;
#4572 = ORIENTED_EDGE ( 'NONE', *, *, #4583, .F. ) ;
#4573 = ORIENTED_EDGE ( 'NONE', *, *, #657, .F. ) ;
#4574 = ORIENTED_EDGE ( 'NONE', *, *, #42, .F. ) ;
#4575 = EDGE_LOOP ( 'NONE', ( #4611, #4654, #682, #730 ) ) ;
#4576 = ORIENTED_EDGE ( 'NONE', *, *, #4594, .F. ) ;
#4577 = EDGE_CURVE ( 'NONE', #4589, #447, #2844, .T. ) ;
#4578 = ORIENTED_EDGE ( 'NONE', *, *, #269, .T. ) ;
#4579 = EDGE_CURVE ( 'NONE', #4955, #519, #2891, .T. ) ;
#4580 = VERTEX_POINT ( 'NONE', #2897 ) ;
#4581 = EDGE_CURVE ( 'NONE', #4884, #186, #2898, .T. ) ;
#4582 = ORIENTED_EDGE ( 'NONE', *, *, #4601, .T. ) ;
#4583 = EDGE_CURVE ( 'NONE', #146, #4548, #2909, .T. ) ;
#4584 = ADVANCED_FACE ( 'NONE', ( #2931, #2932, #2933, #2934, #2935 ), #2952, .T. ) ;
#4585 = ORIENTED_EDGE ( 'NONE', *, *, #2463, .T. ) ;
#4586 = ORIENTED_EDGE ( 'NONE', *, *, #4677, .F. ) ;
#4587 = ORIENTED_EDGE ( 'NONE', *, *, #2463, .F. ) ;
#4588 = ADVANCED_FACE ( 'NONE', ( #3002 ), #3004, .T. ) ;
#4589 = VERTEX_POINT ( 'NONE', #3059 ) ;
#4590 = ORIENTED_EDGE ( 'NONE', *, *, #4943, .T. ) ;
#4591 = EDGE_CURVE ( 'NONE', #416, #705, #3061, .T. ) ;
#4592 = ORIENTED_EDGE ( 'NONE', *, *, #4606, .T. ) ;
#4593 = ORIENTED_EDGE ( 'NONE', *, *, #735, .F. ) ;
#4594 = EDGE_CURVE ( 'NONE', #275, #1032, #3122, .T. ) ;
#4595 = EDGE_CURVE ( 'NONE', #4609, #4962, #3139, .T. ) ;
#4596 = ORIENTED_EDGE ( 'NONE', *, *, #4607, .T. ) ;
#4597 = ORIENTED_EDGE ( 'NONE', *, *, #560, .T. ) ;
#4598 = EDGE_CURVE ( 'NONE', #4765, #388, #3156, .T. ) ;
#4599 = ADVANCED_FACE ( 'NONE', ( #3192 ), #3193, .T. ) ;
#4600 = EDGE_CURVE ( 'NONE', #4814, #4616, #3198, .T. ) ;
#4601 = EDGE_CURVE ( 'NONE', #4567, #80, #3203, .T. ) ;
#4602 = VERTEX_POINT ( 'NONE', #3207 ) ;
#4603 = ADVANCED_FACE ( 'NONE', ( #3231 ), #3249, .F. ) ;
#4604 = ORIENTED_EDGE ( 'NONE', *, *, #4677, .T. ) ;
#4605 = VERTEX_POINT ( 'NONE', #3255 ) ;
#4606 = EDGE_CURVE ( 'NONE', #515, #319, #3256, .T. ) ;
#4607 = EDGE_CURVE ( 'NONE', #519, #4553, #3262, .T. ) ;
#4608 = EDGE_LOOP ( 'NONE', ( #43, #402, #5046, #351 ) ) ;
#4609 = VERTEX_POINT ( 'NONE', #3276 ) ;
#4610 = ORIENTED_EDGE ( 'NONE', *, *, #5007, .T. ) ;
#4611 = ORIENTED_EDGE ( 'NONE', *, *, #4631, .T. ) ;
#4612 = ORIENTED_EDGE ( 'NONE', *, *, #4628, .F. ) ;
#4613 = ORIENTED_EDGE ( 'NONE', *, *, #4626, .T. ) ;
#4614 = ORIENTED_EDGE ( 'NONE', *, *, #639, .F. ) ;
#4615 = ORIENTED_EDGE ( 'NONE', *, *, #598, .T. ) ;
#4616 = VERTEX_POINT ( 'NONE', #3325 ) ;
#4617 = EDGE_LOOP ( 'NONE', ( #4836, #4629, #4717, #675 ) ) ;
#4618 = ORIENTED_EDGE ( 'NONE', *, *, #4624, .T. ) ;
#4619 = ORIENTED_EDGE ( 'NONE', *, *, #392, .F. ) ;
#4620 = EDGE_LOOP ( 'NONE', ( #4713, #336, #509, #597 ) ) ;
#4621 = ORIENTED_EDGE ( 'NONE', *, *, #1572, .T. ) ;
#4622 = EDGE_LOOP ( 'NONE', ( #4650, #669, #685, #4904 ) ) ;
#4623 = EDGE_CURVE ( 'NONE', #4633, #4649, #3357, .T. ) ;
#4624 = EDGE_CURVE ( 'NONE', #201, #209, #3380, .T. ) ;
#4625 = ORIENTED_EDGE ( 'NONE', *, *, #4606, .F. ) ;
#4626 = EDGE_CURVE ( 'NONE', #4962, #4646, #3404, .T. ) ;
#4627 = ORIENTED_EDGE ( 'NONE', *, *, #74, .T. ) ;
#4628 = EDGE_CURVE ( 'NONE', #204, #5080, #3420, .T. ) ;
#4629 = ORIENTED_EDGE ( 'NONE', *, *, #4639, .F. ) ;
#4630 = ORIENTED_EDGE ( 'NONE', *, *, #4642, .T. ) ;
#4631 = EDGE_CURVE ( 'NONE', #388, #649, #3428, .T. ) ;
#4632 = ORIENTED_EDGE ( 'NONE', *, *, #4780, .F. ) ;
#4633 = VERTEX_POINT ( 'NONE', #3484 ) ;
#4634 = ORIENTED_EDGE ( 'NONE', *, *, #4656, .F. ) ;
#4635 = ORIENTED_EDGE ( 'NONE', *, *, #615, .F. ) ;
#4636 = EDGE_LOOP ( 'NONE', ( #417, #4869, #4940, #4864, #4931, #633, #4879, #4947 ) ) ;
#4637 = ORIENTED_EDGE ( 'NONE', *, *, #475, .F. ) ;
#4638 = EDGE_LOOP ( 'NONE', ( #4321, #4919, #4880, #106 ) ) ;
#4639 = EDGE_CURVE ( 'NONE', #4832, #4867, #3514, .T. ) ;
#4640 = EDGE_LOOP ( 'NONE', ( #819, #4767, #4785, #372, #4968, #4694, #4721, #287 ) ) ;
#4641 = ORIENTED_EDGE ( 'NONE', *, *, #834, .T. ) ;
#4642 = EDGE_CURVE ( 'NONE', #4666, #57, #3526, .T. ) ;
#4643 = ORIENTED_EDGE ( 'NONE', *, *, #4660, .T. ) ;
#4644 = ORIENTED_EDGE ( 'NONE', *, *, #4665, .F. ) ;
#4645 = ORIENTED_EDGE ( 'NONE', *, *, #4663, .F. ) ;
#4646 = VERTEX_POINT ( 'NONE', #3551 ) ;
#4647 = ORIENTED_EDGE ( 'NONE', *, *, #284, .T. ) ;
#4648 = ADVANCED_FACE ( 'NONE', ( #3609 ), #3610, .F. ) ;
#4649 = VERTEX_POINT ( 'NONE', #3616 ) ;
#4650 = ORIENTED_EDGE ( 'NONE', *, *, #629, .F. ) ;
#4651 = ORIENTED_EDGE ( 'NONE', *, *, #206, .F. ) ;
#4652 = ORIENTED_EDGE ( 'NONE', *, *, #4657, .F. ) ;
#4653 = MANIFOLD_SOLID_BREP ( 'NONE', #2055 ) ;
#4654 = ORIENTED_EDGE ( 'NONE', *, *, #159, .F. ) ;
#4655 = ORIENTED_EDGE ( 'NONE', *, *, #4674, .F. ) ;
#4656 = EDGE_CURVE ( 'NONE', #4936, #756, #3676, .T. ) ;
#4657 = EDGE_CURVE ( 'NONE', #3, #1869, #3680, .T. ) ;
#4658 = ORIENTED_EDGE ( 'NONE', *, *, #4910, .T. ) ;
#4659 = ORIENTED_EDGE ( 'NONE', *, *, #4669, .F. ) ;
#4660 = EDGE_CURVE ( 'NONE', #443, #247, #3738, .T. ) ;
#4661 = ORIENTED_EDGE ( 'NONE', *, *, #4591, .F. ) ;
#4662 = ORIENTED_EDGE ( 'NONE', *, *, #4941, .F. ) ;
#4663 = EDGE_CURVE ( 'NONE', #611, #194, #3743, .T. ) ;
#4664 = ORIENTED_EDGE ( 'NONE', *, *, #5005, .T. ) ;
#4665 = EDGE_CURVE ( 'NONE', #4739, #168, #3767, .T. ) ;
#4666 = VERTEX_POINT ( 'NONE', #3789 ) ;
#4667 = EDGE_LOOP ( 'NONE', ( #359, #719, #4634, #5029 ) ) ;
#4668 = ADVANCED_FACE ( 'NONE', ( #3825 ), #3842, .F. ) ;
#4669 = EDGE_CURVE ( 'NONE', #4743, #3412, #3858, .T. ) ;
#4670 = EDGE_LOOP ( 'NONE', ( #568, #591, #544, #5027, #844, #1084, #327, #4625 ) ) ;
#4671 = ORIENTED_EDGE ( 'NONE', *, *, #4591, .T. ) ;
#4672 = ORIENTED_EDGE ( 'NONE', *, *, #1083, .T. ) ;
#4673 = EDGE_CURVE ( 'NONE', #5017, #55, #3886, .T. ) ;
#4674 = EDGE_CURVE ( 'NONE', #4752, #4868, #3903, .T. ) ;
#4675 = ORIENTED_EDGE ( 'NONE', *, *, #217, .F. ) ;
#4676 = ORIENTED_EDGE ( 'NONE', *, *, #4729, .F. ) ;
#4677 = EDGE_CURVE ( 'NONE', #621, #265, #3920, .T. ) ;
#4678 = ORIENTED_EDGE ( 'NONE', *, *, #813, .F. ) ;
#4679 = ORIENTED_EDGE ( 'NONE', *, *, #375, .T. ) ;
#4680 = ORIENTED_EDGE ( 'NONE', *, *, #223, .T. ) ;
#4681 = ORIENTED_EDGE ( 'NONE', *, *, #4729, .T. ) ;
#4682 = EDGE_LOOP ( 'NONE', ( #4701, #489, #588, #810 ) ) ;
#4683 = EDGE_LOOP ( 'NONE', ( #444, #3699, #171, #446 ) ) ;
#4684 = EDGE_CURVE ( 'NONE', #4693, #4933, #4077, .T. ) ;
#4685 = ORIENTED_EDGE ( 'NONE', *, *, #538, .F. ) ;
#4686 = ORIENTED_EDGE ( 'NONE', *, *, #672, .F. ) ;
#4687 = ORIENTED_EDGE ( 'NONE', *, *, #833, .T. ) ;
#4688 = ORIENTED_EDGE ( 'NONE', *, *, #4728, .F. ) ;
#4689 = ADVANCED_FACE ( 'NONE', ( #4162 ), #4178, .F. ) ;
#4690 = ORIENTED_EDGE ( 'NONE', *, *, #208, .F. ) ;
#4691 = ORIENTED_EDGE ( 'NONE', *, *, #5042, .T. ) ;
#4692 = ORIENTED_EDGE ( 'NONE', *, *, #774, .T. ) ;
#4693 = VERTEX_POINT ( 'NONE', #4220 ) ;
#4694 = ORIENTED_EDGE ( 'NONE', *, *, #4768, .T. ) ;
#4695 = EDGE_CURVE ( 'NONE', #271, #4787, #4221, .T. ) ;
#4696 = ORIENTED_EDGE ( 'NONE', *, *, #514, .F. ) ;
#4697 = ORIENTED_EDGE ( 'NONE', *, *, #362, .F. ) ;
#4698 = EDGE_LOOP ( 'NONE', ( #1336, #691, #4189, #5010 ) ) ;
#4699 = ORIENTED_EDGE ( 'NONE', *, *, #4695, .T. ) ;
#4700 = EDGE_CURVE ( 'NONE', #3222, #145, #4230, .T. ) ;
#4701 = ORIENTED_EDGE ( 'NONE', *, *, #4623, .F. ) ;
#4702 = VERTEX_POINT ( 'NONE', #4234 ) ;
#4703 = VERTEX_POINT ( 'NONE', #4235 ) ;
#4704 = EDGE_LOOP ( 'NONE', ( #4715, #4604, #4627, #4659 ) ) ;
#4705 = ORIENTED_EDGE ( 'NONE', *, *, #4188, .T. ) ;
#4706 = ORIENTED_EDGE ( 'NONE', *, *, #217, .T. ) ;
#4707 = ORIENTED_EDGE ( 'NONE', *, *, #4857, .T. ) ;
#4708 = ADVANCED_FACE ( 'NONE', ( #4244 ), #4261, .F. ) ;
#4709 = VERTEX_POINT ( 'NONE', #4266 ) ;
#4710 = ORIENTED_EDGE ( 'NONE', *, *, #5021, .T. ) ;
#4711 = ORIENTED_EDGE ( 'NONE', *, *, #619, .T. ) ;
#4712 = ORIENTED_EDGE ( 'NONE', *, *, #4777, .F. ) ;
#4713 = ORIENTED_EDGE ( 'NONE', *, *, #4731, .F. ) ;
#4714 = VERTEX_POINT ( 'NONE', #4271 ) ;
#4715 = ORIENTED_EDGE ( 'NONE', *, *, #4727, .F. ) ;
#4716 = EDGE_LOOP ( 'NONE', ( #1968, #12, #4707, #646 ) ) ;
#4717 = ORIENTED_EDGE ( 'NONE', *, *, #4728, .T. ) ;
#4718 = EDGE_CURVE ( 'NONE', #4852, #4913, #4272, .T. ) ;
#4719 = ORIENTED_EDGE ( 'NONE', *, *, #4549, .T. ) ;
#4720 = ORIENTED_EDGE ( 'NONE', *, *, #4740, .F. ) ;
#4721 = ORIENTED_EDGE ( 'NONE', *, *, #4718, .T. ) ;
#4722 = EDGE_CURVE ( 'NONE', #750, #4981, #4329, .T. ) ;
#4723 = VERTEX_POINT ( 'NONE', #4342 ) ;
#4724 = ORIENTED_EDGE ( 'NONE', *, *, #595, .F. ) ;
#4725 = ORIENTED_EDGE ( 'NONE', *, *, #704, .F. ) ;
#4726 = EDGE_CURVE ( 'NONE', #826, #606, #4348, .T. ) ;
#4727 = EDGE_CURVE ( 'NONE', #621, #4743, #4374, .T. ) ;
#4728 = EDGE_CURVE ( 'NONE', #4832, #355, #4378, .T. ) ;
#4729 = EDGE_CURVE ( 'NONE', #4739, #4646, #4394, .T. ) ;
#4730 = ORIENTED_EDGE ( 'NONE', *, *, #619, .F. ) ;
#4731 = EDGE_CURVE ( 'NONE', #4119, #308, #4413, .T. ) ;
#4732 = VERTEX_POINT ( 'NONE', #4417 ) ;
#4733 = ORIENTED_EDGE ( 'NONE', *, *, #252, .T. ) ;
#4734 = ORIENTED_EDGE ( 'NONE', *, *, #4547, .F. ) ;
#4735 = EDGE_LOOP ( 'NONE', ( #4759, #829, #522, #1370 ) ) ;
#4736 = ORIENTED_EDGE ( 'NONE', *, *, #320, .F. ) ;
#4737 = VERTEX_POINT ( 'NONE', #4450 ) ;
#4738 = VERTEX_POINT ( 'NONE', #4452 ) ;
#4739 = VERTEX_POINT ( 'NONE', #4453 ) ;
#4740 = EDGE_CURVE ( 'NONE', #302, #4752, #4482, .T. ) ;
#4741 = EDGE_LOOP ( 'NONE', ( #835, #21, #84, #4828, #2560 ) ) ;
#4742 = EDGE_LOOP ( 'NONE', ( #4755, #812, #807, #195 ) ) ;
#4743 = VERTEX_POINT ( 'NONE', #4493 ) ;
#4744 = ORIENTED_EDGE ( 'NONE', *, *, #2054, .F. ) ;
#4745 = EDGE_LOOP ( 'NONE', ( #4833, #4834, #143, #517 ) ) ;
#4746 = EDGE_LOOP ( 'NONE', ( #491, #630, #656, #3003 ) ) ;
#4747 = VERTEX_POINT ( 'NONE', #4498 ) ;
#4748 = ORIENTED_EDGE ( 'NONE', *, *, #4764, .F. ) ;
#4749 = ORIENTED_EDGE ( 'NONE', *, *, #4753, .T. ) ;
#4750 = ORIENTED_EDGE ( 'NONE', *, *, #813, .T. ) ;
#4751 = ORIENTED_EDGE ( 'NONE', *, *, #159, .T. ) ;
#4752 = VERTEX_POINT ( 'NONE', #4500 ) ;
#4753 = EDGE_CURVE ( 'NONE', #249, #4905, #4502, .T. ) ;
#4754 = ORIENTED_EDGE ( 'NONE', *, *, #4642, .F. ) ;
#4755 = ORIENTED_EDGE ( 'NONE', *, *, #770, .T. ) ;
#4756 = ORIENTED_EDGE ( 'NONE', *, *, #4768, .F. ) ;
#4757 = EDGE_LOOP ( 'NONE', ( #4651, #620, #592, #779 ) ) ;
#4758 = ORIENTED_EDGE ( 'NONE', *, *, #4777, .T. ) ;
#4759 = ORIENTED_EDGE ( 'NONE', *, *, #2917, .F. ) ;
#4760 = VERTEX_POINT ( 'NONE', #1611 ) ;
#4761 = ORIENTED_EDGE ( 'NONE', *, *, #269, .F. ) ;
#4762 = ADVANCED_FACE ( 'NONE', ( #1616 ), #1632, .F. ) ;
#4763 = ORIENTED_EDGE ( 'NONE', *, *, #4773, .F. ) ;
#4764 = EDGE_CURVE ( 'NONE', #563, #288, #1639, .T. ) ;
#4765 = VERTEX_POINT ( 'NONE', #1649 ) ;
#4766 = ORIENTED_EDGE ( 'NONE', *, *, #577, .F. ) ;
#4767 = ORIENTED_EDGE ( 'NONE', *, *, #389, .T. ) ;
#4768 = EDGE_CURVE ( 'NONE', #4903, #4852, #1701, .T. ) ;
#4769 = VERTEX_POINT ( 'NONE', #1707 ) ;
#4770 = ADVANCED_FACE ( 'NONE', ( #1743 ), #1744, .F. ) ;
#4771 = ORIENTED_EDGE ( 'NONE', *, *, #4946, .T. ) ;
#4772 = VERTEX_POINT ( 'NONE', #1763 ) ;
#4773 = EDGE_CURVE ( 'NONE', #233, #4737, #1764, .T. ) ;
#4774 = ORIENTED_EDGE ( 'NONE', *, *, #4801, .F. ) ;
#4775 = ORIENTED_EDGE ( 'NONE', *, *, #276, .T. ) ;
#4776 = ORIENTED_EDGE ( 'NONE', *, *, #4780, .T. ) ;
#4777 = EDGE_CURVE ( 'NONE', #352, #4782, #1827, .T. ) ;
#4778 = ORIENTED_EDGE ( 'NONE', *, *, #594, .F. ) ;
#4779 = ORIENTED_EDGE ( 'NONE', *, *, #4813, .F. ) ;
#4780 = EDGE_CURVE ( 'NONE', #2866, #272, #1856, .T. ) ;
#4781 = ORIENTED_EDGE ( 'NONE', *, *, #4673, .T. ) ;
#4782 = VERTEX_POINT ( 'NONE', #1973 ) ;
#4783 = ORIENTED_EDGE ( 'NONE', *, *, #692, .F. ) ;
#4784 = ORIENTED_EDGE ( 'NONE', *, *, #795, .F. ) ;
#4785 = ORIENTED_EDGE ( 'NONE', *, *, #1721, .T. ) ;
#4786 = ORIENTED_EDGE ( 'NONE', *, *, #70, .T. ) ;
#4787 = VERTEX_POINT ( 'NONE', #2039 ) ;
#4788 = EDGE_LOOP ( 'NONE', ( #4805, #803, #4818, #4843 ) ) ;
#4789 = ORIENTED_EDGE ( 'NONE', *, *, #663, .T. ) ;
#4790 = EDGE_CURVE ( 'NONE', #4798, #5080, #2088, .T. ) ;
#4791 = EDGE_CURVE ( 'NONE', #416, #3222, #2100, .T. ) ;
#4792 = ORIENTED_EDGE ( 'NONE', *, *, #135, .F. ) ;
#4793 = EDGE_LOOP ( 'NONE', ( #3546, #162, #523, #4875, #569, #429, #3429, #207, #5, #210, #823, #4730, #662, #3849, #800, #3293, #140, #2559, #487, #442, #626, #671 ) ) ;
#4794 = VERTEX_POINT ( 'NONE', #2187 ) ;
#4795 = VERTEX_POINT ( 'NONE', #2188 ) ;
#4796 = ORIENTED_EDGE ( 'NONE', *, *, #412, .F. ) ;
#4797 = EDGE_LOOP ( 'NONE', ( #5048, #4783, #3918, #477, #694, #713, #4939, #3832 ) ) ;
#4798 = VERTEX_POINT ( 'NONE', #2222 ) ;
#4799 = EDGE_LOOP ( 'NONE', ( #3223, #439, #2340, #222 ) ) ;
#4800 = ORIENTED_EDGE ( 'NONE', *, *, #4816, .T. ) ;
#4801 = EDGE_CURVE ( 'NONE', #4808, #353, #2243, .T. ) ;
#4802 = EDGE_CURVE ( 'NONE', #4807, #100, #2304, .T. ) ;
#4803 = ORIENTED_EDGE ( 'NONE', *, *, #4544, .F. ) ;
#4804 = VERTEX_POINT ( 'NONE', #2378 ) ;
#4805 = ORIENTED_EDGE ( 'NONE', *, *, #777, .T. ) ;
#4806 = ORIENTED_EDGE ( 'NONE', *, *, #614, .F. ) ;
#4807 = VERTEX_POINT ( 'NONE', #2429 ) ;
#4808 = VERTEX_POINT ( 'NONE', #2438 ) ;
#4809 = EDGE_CURVE ( 'NONE', #756, #710, #2439, .T. ) ;
#4810 = ADVANCED_FACE ( 'NONE', ( #2448 ), #2469, .F. ) ;
#4811 = ORIENTED_EDGE ( 'NONE', *, *, #341, .T. ) ;
#4812 = ORIENTED_EDGE ( 'NONE', *, *, #445, .T. ) ;
#4813 = EDGE_CURVE ( 'NONE', #376, #4814, #2548, .T. ) ;
#4814 = VERTEX_POINT ( 'NONE', #2556 ) ;
#4815 = ORIENTED_EDGE ( 'NONE', *, *, #698, .T. ) ;
#4816 = EDGE_CURVE ( 'NONE', #2561, #4821, #2569, .T. ) ;
#4817 = EDGE_CURVE ( 'NONE', #5000, #1503, #2578, .T. ) ;
#4818 = ORIENTED_EDGE ( 'NONE', *, *, #4830, .F. ) ;
#4819 = EDGE_LOOP ( 'NONE', ( #811, #4915, #831, #607 ) ) ;
#4820 = ORIENTED_EDGE ( 'NONE', *, *, #4829, .F. ) ;
#4821 = VERTEX_POINT ( 'NONE', #2719 ) ;
#4822 = ORIENTED_EDGE ( 'NONE', *, *, #4840, .T. ) ;
#4823 = VERTEX_POINT ( 'NONE', #2721 ) ;
#4824 = EDGE_CURVE ( 'NONE', #460, #4666, #2722, .T. ) ;
#4825 = ORIENTED_EDGE ( 'NONE', *, *, #4665, .T. ) ;
#4826 = VERTEX_POINT ( 'NONE', #2731 ) ;
#4827 = ORIENTED_EDGE ( 'NONE', *, *, #5063, .T. ) ;
#4828 = ORIENTED_EDGE ( 'NONE', *, *, #595, .T. ) ;
#4829 = EDGE_CURVE ( 'NONE', #4807, #4992, #2760, .T. ) ;
#4830 = EDGE_CURVE ( 'NONE', #85, #1153, #2779, .T. ) ;
#4831 = ORIENTED_EDGE ( 'NONE', *, *, #740, .T. ) ;
#4832 = VERTEX_POINT ( 'NONE', #2827 ) ;
#4833 = ORIENTED_EDGE ( 'NONE', *, *, #762, .F. ) ;
#4834 = ORIENTED_EDGE ( 'NONE', *, *, #5026, .F. ) ;
#4835 = ORIENTED_EDGE ( 'NONE', *, *, #824, .T. ) ;
#4836 = ORIENTED_EDGE ( 'NONE', *, *, #4848, .F. ) ;
#4837 = ORIENTED_EDGE ( 'NONE', *, *, #741, .T. ) ;
#4838 = VERTEX_POINT ( 'NONE', #2895 ) ;
#4839 = ORIENTED_EDGE ( 'NONE', *, *, #148, .F. ) ;
#4840 = EDGE_CURVE ( 'NONE', #4804, #2520, #2923, .T. ) ;
#4841 = ADVANCED_FACE ( 'NONE', ( #2963 ), #2982, .F. ) ;
#4842 = EDGE_LOOP ( 'NONE', ( #567, #658, #4582, #746 ) ) ;
#4843 = ORIENTED_EDGE ( 'NONE', *, *, #613, .T. ) ;
#4844 = ORIENTED_EDGE ( 'NONE', *, *, #293, .T. ) ;
#4845 = EDGE_LOOP ( 'NONE', ( #4896, #4678, #1152, #4959 ) ) ;
#4846 = ORIENTED_EDGE ( 'NONE', *, *, #4943, .F. ) ;
#4847 = VERTEX_POINT ( 'NONE', #3121 ) ;
#4848 = EDGE_CURVE ( 'NONE', #4867, #4942, #3130, .T. ) ;
#4849 = ORIENTED_EDGE ( 'NONE', *, *, #366, .T. ) ;
#4850 = ORIENTED_EDGE ( 'NONE', *, *, #396, .F. ) ;
#4851 = EDGE_LOOP ( 'NONE', ( #79, #179, #4820, #498 ) ) ;
#4852 = VERTEX_POINT ( 'NONE', #3191 ) ;
#4853 = EDGE_LOOP ( 'NONE', ( #4920, #877, #4811, #4886 ) ) ;
#4854 = ORIENTED_EDGE ( 'NONE', *, *, #4929, .T. ) ;
#4855 = EDGE_LOOP ( 'NONE', ( #4854, #358, #399, #781 ) ) ;
#4856 = VERTEX_POINT ( 'NONE', #3208 ) ;
#4857 = EDGE_CURVE ( 'NONE', #4826, #5060, #3209, .T. ) ;
#4858 = ORIENTED_EDGE ( 'NONE', *, *, #4891, .F. ) ;
#4859 = ADVANCED_FACE ( 'NONE', ( #3213 ), #3214, .T. ) ;
#4860 = EDGE_LOOP ( 'NONE', ( #4922, #371, #773, #793 ) ) ;
#4861 = ORIENTED_EDGE ( 'NONE', *, *, #4753, .F. ) ;
#4862 = ORIENTED_EDGE ( 'NONE', *, *, #5058, .T. ) ;
#4863 = VERTEX_POINT ( 'NONE', #3254 ) ;
#4864 = ORIENTED_EDGE ( 'NONE', *, *, #292, .T. ) ;
#4865 = ORIENTED_EDGE ( 'NONE', *, *, #445, .F. ) ;
#4866 = EDGE_LOOP ( 'NONE', ( #93, #134, #4671, #4711 ) ) ;
#4867 = VERTEX_POINT ( 'NONE', #3261 ) ;
#4868 = VERTEX_POINT ( 'NONE', #3271 ) ;
#4869 = ORIENTED_EDGE ( 'NONE', *, *, #4254, .T. ) ;
#4870 = EDGE_LOOP ( 'NONE', ( #4937, #821, #5062, #818 ) ) ;
#4871 = EDGE_LOOP ( 'NONE', ( #220, #256, #54, #4982 ) ) ;
#4872 = ADVANCED_FACE ( 'NONE', ( #3282 ), #3300, .F. ) ;
#4873 = ORIENTED_EDGE ( 'NONE', *, *, #4598, .T. ) ;
#4874 = VERTEX_POINT ( 'NONE', #3311 ) ;
#4875 = ORIENTED_EDGE ( 'NONE', *, *, #4817, .T. ) ;
#4876 = EDGE_CURVE ( 'NONE', #4884, #705, #3312, .T. ) ;
#4877 = ORIENTED_EDGE ( 'NONE', *, *, #4657, .T. ) ;
#4878 = ORIENTED_EDGE ( 'NONE', *, *, #4924, .F. ) ;
#4879 = ORIENTED_EDGE ( 'NONE', *, *, #525, .T. ) ;
#4880 = ORIENTED_EDGE ( 'NONE', *, *, #4890, .F. ) ;
#4881 = ORIENTED_EDGE ( 'NONE', *, *, #41, .T. ) ;
#4882 = ORIENTED_EDGE ( 'NONE', *, *, #4916, .T. ) ;
#4883 = ORIENTED_EDGE ( 'NONE', *, *, #4926, .T. ) ;
#4884 = VERTEX_POINT ( 'NONE', #3316 ) ;
#4885 = EDGE_CURVE ( 'NONE', #4913, #2482, #3321, .T. ) ;
#4886 = ORIENTED_EDGE ( 'NONE', *, *, #2480, .T. ) ;
#4887 = ORIENTED_EDGE ( 'NONE', *, *, #780, .T. ) ;
#4888 = ORIENTED_EDGE ( 'NONE', *, *, #4911, .F. ) ;
#4889 = EDGE_LOOP ( 'NONE', ( #4957, #5068, #674, #707, #4662, #4686, #4900, #4972 ) ) ;
#4890 = EDGE_CURVE ( 'NONE', #376, #534, #3330, .T. ) ;
#4891 = EDGE_CURVE ( 'NONE', #4743, #4930, #3334, .T. ) ;
#4892 = ORIENTED_EDGE ( 'NONE', *, *, #1502, .F. ) ;
#4893 = EDGE_CURVE ( 'NONE', #4936, #4997, #3338, .T. ) ;
#4894 = EDGE_CURVE ( 'NONE', #4923, #573, #3342, .T. ) ;
#4895 = ORIENTED_EDGE ( 'NONE', *, *, #221, .F. ) ;
#4896 = ORIENTED_EDGE ( 'NONE', *, *, #4941, .T. ) ;
#4897 = ORIENTED_EDGE ( 'NONE', *, *, #703, .F. ) ;
#4898 = ORIENTED_EDGE ( 'NONE', *, *, #4816, .F. ) ;
#4899 = ORIENTED_EDGE ( 'NONE', *, *, #542, .F. ) ;
#4900 = ORIENTED_EDGE ( 'NONE', *, *, #788, .F. ) ;
#4901 = ADVANCED_FACE ( 'NONE', ( #3347 ), #3348, .T. ) ;
#4902 = VERTEX_POINT ( 'NONE', #3353 ) ;
#4903 = VERTEX_POINT ( 'NONE', #3354 ) ;
#4904 = ORIENTED_EDGE ( 'NONE', *, *, #4953, .F. ) ;
#4905 = VERTEX_POINT ( 'NONE', #3355 ) ;
#4906 = EDGE_LOOP ( 'NONE', ( #4878, #324, #631, #4781 ) ) ;
#4907 = ORIENTED_EDGE ( 'NONE', *, *, #387, .F. ) ;
#4908 = ORIENTED_EDGE ( 'NONE', *, *, #5001, .T. ) ;
#4909 = ORIENTED_EDGE ( 'NONE', *, *, #160, .T. ) ;
#4910 = EDGE_CURVE ( 'NONE', #4942, #843, #3362, .T. ) ;
#4911 = EDGE_CURVE ( 'NONE', #27, #85, #3366, .T. ) ;
#4912 = EDGE_CURVE ( 'NONE', #497, #826, #3384, .T. ) ;
#4913 = VERTEX_POINT ( 'NONE', #3394 ) ;
#4914 = EDGE_LOOP ( 'NONE', ( #4998, #480, #531, #4934 ) ) ;
#4915 = ORIENTED_EDGE ( 'NONE', *, *, #5021, .F. ) ;
#4916 = EDGE_CURVE ( 'NONE', #209, #4867, #3399, .T. ) ;
#4917 = ORIENTED_EDGE ( 'NONE', *, *, #579, .F. ) ;
#4918 = EDGE_LOOP ( 'NONE', ( #5031, #328, #398, #486 ) ) ;
#4919 = ORIENTED_EDGE ( 'NONE', *, *, #505, .F. ) ;
#4920 = ORIENTED_EDGE ( 'NONE', *, *, #5040, .F. ) ;
#4921 = EDGE_LOOP ( 'NONE', ( #4883, #3376, #4635, #557 ) ) ;
#4922 = ORIENTED_EDGE ( 'NONE', *, *, #4977, .F. ) ;
#4923 = VERTEX_POINT ( 'NONE', #3415 ) ;
#4924 = EDGE_CURVE ( 'NONE', #281, #55, #3416, .T. ) ;
#4925 = EDGE_LOOP ( 'NONE', ( #5034, #2501, #4679, #4557, #4973, #5047, #4825, #4849 ) ) ;
#4926 = EDGE_CURVE ( 'NONE', #4737, #4962, #3424, .T. ) ;
#4927 = ORIENTED_EDGE ( 'NONE', *, *, #4952, .F. ) ;
#4928 = ORIENTED_EDGE ( 'NONE', *, *, #780, .F. ) ;
#4929 = EDGE_CURVE ( 'NONE', #4961, #345, #3434, .T. ) ;
#4930 = VERTEX_POINT ( 'NONE', #3460 ) ;
#4931 = ORIENTED_EDGE ( 'NONE', *, *, #4912, .T. ) ;
#4932 = ORIENTED_EDGE ( 'NONE', *, *, #23, .T. ) ;
#4933 = VERTEX_POINT ( 'NONE', #3483 ) ;
#4934 = ORIENTED_EDGE ( 'NONE', *, *, #4840, .F. ) ;
#4935 = VERTEX_POINT ( 'NONE', #3485 ) ;
#4936 = VERTEX_POINT ( 'NONE', #3494 ) ;
#4937 = ORIENTED_EDGE ( 'NONE', *, *, #320, .T. ) ;
#4938 = ORIENTED_EDGE ( 'NONE', *, *, #99, .F. ) ;
#4939 = ORIENTED_EDGE ( 'NONE', *, *, #4600, .F. ) ;
#4940 = ORIENTED_EDGE ( 'NONE', *, *, #528, .T. ) ;
#4941 = EDGE_CURVE ( 'NONE', #684, #4965, #3495, .T. ) ;
#4942 = VERTEX_POINT ( 'NONE', #3500 ) ;
#4943 = EDGE_CURVE ( 'NONE', #4975, #843, #3501, .T. ) ;
#4944 = EDGE_LOOP ( 'NONE', ( #103, #149, #4786, #4778 ) ) ;
#4945 = EDGE_LOOP ( 'NONE', ( #520, #571, #4984, #5050 ) ) ;
#4946 = EDGE_CURVE ( 'NONE', #1555, #118, #3510, .T. ) ;
#4947 = ORIENTED_EDGE ( 'NONE', *, *, #4663, .T. ) ;
#4948 = ORIENTED_EDGE ( 'NONE', *, *, #4848, .T. ) ;
#4949 = ORIENTED_EDGE ( 'NONE', *, *, #736, .F. ) ;
#4950 = ORIENTED_EDGE ( 'NONE', *, *, #155, .F. ) ;
#4951 = VERTEX_POINT ( 'NONE', #3534 ) ;
#4952 = EDGE_CURVE ( 'NONE', #168, #129, #3535, .T. ) ;
#4953 = EDGE_CURVE ( 'NONE', #644, #440, #3539, .T. ) ;
#4954 = ORIENTED_EDGE ( 'NONE', *, *, #102, .T. ) ;
#4955 = VERTEX_POINT ( 'NONE', #3544 ) ;
#4956 = ORIENTED_EDGE ( 'NONE', *, *, #293, .F. ) ;
#4957 = ORIENTED_EDGE ( 'NONE', *, *, #25, .F. ) ;
#4958 = EDGE_CURVE ( 'NONE', #4992, #51, #3556, .T. ) ;
#4959 = ORIENTED_EDGE ( 'NONE', *, *, #452, .T. ) ;
#4960 = EDGE_LOOP ( 'NONE', ( #2563, #2970, #235, #299 ) ) ;
#4961 = VERTEX_POINT ( 'NONE', #3561 ) ;
#4962 = VERTEX_POINT ( 'NONE', #3562 ) ;
#4963 = ORIENTED_EDGE ( 'NONE', *, *, #5004, .F. ) ;
#4964 = ADVANCED_FACE ( 'NONE', ( #3564 ), #3582, .T. ) ;
#4965 = VERTEX_POINT ( 'NONE', #3587 ) ;
#4966 = ORIENTED_EDGE ( 'NONE', *, *, #657, .T. ) ;
#4967 = EDGE_LOOP ( 'NONE', ( #128, #5013, #2581, #652 ) ) ;
#4968 = ORIENTED_EDGE ( 'NONE', *, *, #5040, .T. ) ;
#4969 = ORIENTED_EDGE ( 'NONE', *, *, #5001, .F. ) ;
#4970 = ORIENTED_EDGE ( 'NONE', *, *, #4987, .F. ) ;
#4971 = EDGE_LOOP ( 'NONE', ( #5041, #714, #253, #4827 ) ) ;
#4972 = ORIENTED_EDGE ( 'NONE', *, *, #423, .F. ) ;
#4973 = ORIENTED_EDGE ( 'NONE', *, *, #615, .T. ) ;
#4974 = EDGE_LOOP ( 'NONE', ( #5043, #424, #503, #4555 ) ) ;
#4975 = VERTEX_POINT ( 'NONE', #3640 ) ;
#4976 = ADVANCED_FACE ( 'NONE', ( #3641 ), #3658, .T. ) ;
#4977 = EDGE_CURVE ( 'NONE', #4993, #302, #3664, .T. ) ;
#4978 = ORIENTED_EDGE ( 'NONE', *, *, #433, .F. ) ;
#4979 = VERTEX_POINT ( 'NONE', #3669 ) ;
#4980 = ORIENTED_EDGE ( 'NONE', *, *, #5016, .F. ) ;
#4981 = VERTEX_POINT ( 'NONE', #3670 ) ;
#4982 = ORIENTED_EDGE ( 'NONE', *, *, #2409, .T. ) ;
#4983 = ORIENTED_EDGE ( 'NONE', *, *, #3259, .T. ) ;
#4984 = ORIENTED_EDGE ( 'NONE', *, *, #4583, .T. ) ;
#4985 = ORIENTED_EDGE ( 'NONE', *, *, #91, .T. ) ;
#4986 = ORIENTED_EDGE ( 'NONE', *, *, #4817, .F. ) ;
#4987 = EDGE_CURVE ( 'NONE', #4580, #4808, #3684, .T. ) ;
#4988 = ADVANCED_FACE ( 'NONE', ( #3688 ), #3706, .T. ) ;
#4989 = ADVANCED_FACE ( 'NONE', ( #3711 ), #3712, .T. ) ;
#4990 = ORIENTED_EDGE ( 'NONE', *, *, #816, .T. ) ;
#4991 = ORIENTED_EDGE ( 'NONE', *, *, #254, .T. ) ;
#4992 = VERTEX_POINT ( 'NONE', #3722 ) ;
#4993 = VERTEX_POINT ( 'NONE', #3723 ) ;
#4994 = VERTEX_POINT ( 'NONE', #3733 ) ;
#4995 = ORIENTED_EDGE ( 'NONE', *, *, #4669, .T. ) ;
#4996 = ORIENTED_EDGE ( 'NONE', *, *, #322, .F. ) ;
#4997 = VERTEX_POINT ( 'NONE', #3747 ) ;
#4998 = ORIENTED_EDGE ( 'NONE', *, *, #395, .F. ) ;
#4999 = ORIENTED_EDGE ( 'NONE', *, *, #2483, .T. ) ;
#5000 = VERTEX_POINT ( 'NONE', #3755 ) ;
#5001 = EDGE_CURVE ( 'NONE', #4902, #5006, #3771, .T. ) ;
#5002 = EDGE_CURVE ( 'NONE', #5000, #115, #3775, .T. ) ;
#5003 = EDGE_CURVE ( 'NONE', #302, #4703, #3785, .T. ) ;
#5004 = EDGE_CURVE ( 'NONE', #2240, #281, #3790, .T. ) ;
#5005 = EDGE_CURVE ( 'NONE', #878, #4935, #3794, .T. ) ;
#5006 = VERTEX_POINT ( 'NONE', #3824 ) ;
#5007 = EDGE_CURVE ( 'NONE', #355, #4975, #3847, .T. ) ;
#5008 = ORIENTED_EDGE ( 'NONE', *, *, #252, .F. ) ;
#5009 = VERTEX_POINT ( 'NONE', #3856 ) ;
#5010 = ORIENTED_EDGE ( 'NONE', *, *, #4894, .T. ) ;
#5011 = EDGE_LOOP ( 'NONE', ( #183, #267, #4784, #4803 ) ) ;
#5012 = EDGE_CURVE ( 'NONE', #296, #5052, #3862, .T. ) ;
#5013 = ORIENTED_EDGE ( 'NONE', *, *, #142, .F. ) ;
#5014 = EDGE_CURVE ( 'NONE', #458, #1170, #3868, .T. ) ;
#5015 = ORIENTED_EDGE ( 'NONE', *, *, #5058, .F. ) ;
#5016 = EDGE_CURVE ( 'NONE', #1555, #27, #3876, .T. ) ;
#5017 = VERTEX_POINT ( 'NONE', #3880 ) ;
#5018 = EDGE_LOOP ( 'NONE', ( #2564, #483, #4541, #4569 ) ) ;
#5019 = ORIENTED_EDGE ( 'NONE', *, *, #2483, .F. ) ;
#5020 = ORIENTED_EDGE ( 'NONE', *, *, #4740, .T. ) ;
#5021 = EDGE_CURVE ( 'NONE', #5061, #4852, #3890, .T. ) ;
#5022 = ORIENTED_EDGE ( 'NONE', *, *, #97, .F. ) ;
#5023 = VERTEX_POINT ( 'NONE', #3894 ) ;
#5024 = ORIENTED_EDGE ( 'NONE', *, *, #2480, .F. ) ;
#5025 = ORIENTED_EDGE ( 'NONE', *, *, #2, .T. ) ;
#5026 = EDGE_CURVE ( 'NONE', #5060, #1030, #3895, .T. ) ;
#5027 = ORIENTED_EDGE ( 'NONE', *, *, #1902, .F. ) ;
#5028 = ORIENTED_EDGE ( 'NONE', *, *, #3917, .F. ) ;
#5029 = ORIENTED_EDGE ( 'NONE', *, *, #4893, .T. ) ;
#5030 = ORIENTED_EDGE ( 'NONE', *, *, #774, .F. ) ;
#5031 = ORIENTED_EDGE ( 'NONE', *, *, #5081, .T. ) ;
#5032 = ORIENTED_EDGE ( 'NONE', *, *, #2481, .F. ) ;
#5033 = VERTEX_POINT ( 'NONE', #3907 ) ;
#5034 = ORIENTED_EDGE ( 'NONE', *, *, #3545, .T. ) ;
#5035 = ORIENTED_EDGE ( 'NONE', *, *, #396, .T. ) ;
#5036 = ORIENTED_EDGE ( 'NONE', *, *, #211, .T. ) ;
#5037 = VERTEX_POINT ( 'NONE', #3908 ) ;
#5038 = ORIENTED_EDGE ( 'NONE', *, *, #170, .T. ) ;
#5039 = ORIENTED_EDGE ( 'NONE', *, *, #4544, .T. ) ;
#5040 = EDGE_CURVE ( 'NONE', #5080, #4903, #3910, .T. ) ;
#5041 = ORIENTED_EDGE ( 'NONE', *, *, #672, .T. ) ;
#5042 = EDGE_CURVE ( 'NONE', #4923, #4826, #3914, .T. ) ;
#5043 = ORIENTED_EDGE ( 'NONE', *, *, #5081, .F. ) ;
#5044 = ADVANCED_FACE ( 'NONE', ( #3924 ), #3942, .T. ) ;
#5045 = ORIENTED_EDGE ( 'NONE', *, *, #5057, .F. ) ;
#5046 = ORIENTED_EDGE ( 'NONE', *, *, #107, .F. ) ;
#5047 = ORIENTED_EDGE ( 'NONE', *, *, #577, .T. ) ;
#5048 = ORIENTED_EDGE ( 'NONE', *, *, #223, .F. ) ;
#5049 = ORIENTED_EDGE ( 'NONE', *, *, #5014, .F. ) ;
#5050 = ORIENTED_EDGE ( 'NONE', *, *, #609, .T. ) ;
#5051 = ORIENTED_EDGE ( 'NONE', *, *, #278, .F. ) ;
#5052 = VERTEX_POINT ( 'NONE', #3955 ) ;
#5053 = VERTEX_POINT ( 'NONE', #3956 ) ;
#5054 = ORIENTED_EDGE ( 'NONE', *, *, #5066, .F. ) ;
#5055 = ORIENTED_EDGE ( 'NONE', *, *, #562, .T. ) ;
#5056 = ORIENTED_EDGE ( 'NONE', *, *, #433, .T. ) ;
#5057 = EDGE_CURVE ( 'NONE', #2482, #88, #3982, .T. ) ;
#5058 = EDGE_CURVE ( 'NONE', #285, #4782, #3986, .T. ) ;
#5059 = ORIENTED_EDGE ( 'NONE', *, *, #4554, .T. ) ;
#5060 = VERTEX_POINT ( 'NONE', #3994 ) ;
#5061 = VERTEX_POINT ( 'NONE', #3999 ) ;
#5062 = ORIENTED_EDGE ( 'NONE', *, *, #2503, .F. ) ;
#5063 = EDGE_CURVE ( 'NONE', #6, #798, #4010, .T. ) ;
#5064 = EDGE_CURVE ( 'NONE', #290, #2561, #4035, .T. ) ;
#5065 = EDGE_CURVE ( 'NONE', #4769, #4602, #4039, .T. ) ;
#5066 = EDGE_CURVE ( 'NONE', #2541, #4874, #4044, .T. ) ;
#5067 = ORIENTED_EDGE ( 'NONE', *, *, #4893, .F. ) ;
#5068 = ORIENTED_EDGE ( 'NONE', *, *, #181, .F. ) ;
#5069 = EDGE_LOOP ( 'NONE', ( #456, #482, #4733, #323 ) ) ;
#5070 = VERTEX_POINT ( 'NONE', #4054 ) ;
#5071 = ORIENTED_EDGE ( 'NONE', *, *, #459, .T. ) ;
#5072 = ADVANCED_FACE ( 'NONE', ( #4055 ), #4072, .F. ) ;
#5073 = EDGE_LOOP ( 'NONE', ( #4756, #5024, #1638, #4710 ) ) ;
#5074 = ORIENTED_EDGE ( 'NONE', *, *, #2502, .F. ) ;
#5075 = ORIENTED_EDGE ( 'NONE', *, *, #4910, .F. ) ;
#5076 = VERTEX_POINT ( 'NONE', #4085 ) ;
#5077 = EDGE_LOOP ( 'NONE', ( #450, #539, #465, #380, #470, #137, #225, #4898 ) ) ;
#5078 = VERTEX_POINT ( 'NONE', #4086 ) ;
#5079 = EDGE_LOOP ( 'NONE', ( #1520, #277, #374, #3358 ) ) ;
#5080 = VERTEX_POINT ( 'NONE', #4087 ) ;
#5081 = EDGE_CURVE ( 'NONE', #441, #4955, #4088, .T. ) ;
ENDSEC;
END-ISO-10303-21;
