ISO-10303-21;
HEADER;
FILE_DESCRIPTION (( 'STEP AP214' ),
    '1' );
FILE_NAME ('CHS-04TB1.STEP',
    '2025-05-29T14:31:00',
    ( '' ),
    ( '' ),
    'SwSTEP 2.0',
    'SolidWorks 2024',
    '' );
FILE_SCHEMA (( 'AUTOMOTIVE_DESIGN' ));
ENDSEC;

DATA;
#1 = CARTESIAN_POINT ( 'NONE',  ( -2.374999999999964917, 2.419999999999999929, -1.950000000000035039 ) ) ;
#2 = ORIENTED_EDGE ( 'NONE', *, *, #2882, .F. ) ;
#3 = CARTESIAN_POINT ( 'NONE',  ( -0.2999999999999999889, 2.419999999999999929, 1.750000000000000222 ) ) ;
#4 = ORIENTED_EDGE ( 'NONE', *, *, #734, .F. ) ;
#5 = CARTESIAN_POINT ( 'NONE',  ( 0.8299999999999999600, 0.5999999999999480194, 3.160007371274379917 ) ) ;
#6 = CARTESIAN_POINT ( 'NONE',  ( 1.699999999999999956, 0.6460721337625500160, 3.405725418007999661 ) ) ;
#7 = EDGE_CURVE ( 'NONE', #3036, #4172, #2798, .T. ) ;
#8 = DIRECTION ( 'NONE',  ( -1.000000000000000000, 0.000000000000000000, 0.000000000000000000 ) ) ;
#9 = EDGE_CURVE ( 'NONE', #7251, #3483, #5776, .T. ) ;
#10 = CARTESIAN_POINT ( 'NONE',  ( 0.000000000000000000, 0.000000000000000000, 0.000000000000000000 ) ) ;
#11 = CARTESIAN_POINT ( 'NONE',  ( -1.709999999999999964, -0.1000000000000000056, -3.600481571814099890 ) ) ;
#12 = CARTESIAN_POINT ( 'NONE',  ( -1.709999999999999964, 0.5999999999999870992, -3.160007371274350163 ) ) ;
#13 = DIRECTION ( 'NONE',  ( -1.000000000000000000, 0.000000000000000000, 0.000000000000000000 ) ) ;
#14 = CARTESIAN_POINT ( 'NONE',  ( -1.709999999999999964, 0.8499999999999999778, 3.160007371274399901 ) ) ;
#15 = EDGE_LOOP ( 'NONE', ( #599, #7019, #6352, #5627 ) ) ;
#16 = LINE ( 'NONE', #1498, #1578 ) ;
#17 = ORIENTED_EDGE ( 'NONE', *, *, #9305, .F. ) ;
#18 = ORIENTED_EDGE ( 'NONE', *, *, #6305, .T. ) ;
#19 = EDGE_CURVE ( 'NONE', #2024, #452, #3517, .T. ) ;
#20 = CARTESIAN_POINT ( 'NONE',  ( -0.8399999999999999689, 0.6999999999999999556, 2.649999999999999911 ) ) ;
#21 = EDGE_CURVE ( 'NONE', #5433, #8000, #4902, .T. ) ;
#22 = DIRECTION ( 'NONE',  ( 0.000000000000000000, 0.000000000000000000, 1.000000000000000000 ) ) ;
#23 = DIRECTION ( 'NONE',  ( 0.000000000000000000, 0.9828721869343458595, 0.1842885350500573227 ) ) ;
#24 = DIRECTION ( 'NONE',  ( 0.000000000000000000, -1.000000000000000000, 0.000000000000000000 ) ) ;
#25 = VERTEX_POINT ( 'NONE', #7887 ) ;
#26 = ORIENTED_EDGE ( 'NONE', *, *, #3594, .T. ) ;
#27 = CARTESIAN_POINT ( 'NONE',  ( 0.4499999999999305667, 2.419999999999999929, 1.849999999999930367 ) ) ;
#28 = ORIENTED_EDGE ( 'NONE', *, *, #4396, .F. ) ;
#29 = VECTOR ( 'NONE', #1362, 1000.000000000000114 ) ;
#30 = ORIENTED_EDGE ( 'NONE', *, *, #6979, .F. ) ;
#31 = EDGE_CURVE ( 'NONE', #4033, #6825, #8544, .T. ) ;
#32 = CARTESIAN_POINT ( 'NONE',  ( -0.4400000000000000022, 0.7000000000000099476, -2.649999999999999911 ) ) ;
#33 = EDGE_CURVE ( 'NONE', #9388, #3324, #4194, .T. ) ;
#34 = AXIS2_PLACEMENT_3D ( 'NONE', #6838, #8254, #5386 ) ;
#35 = LINE ( 'NONE', #9450, #8359 ) ;
#36 = AXIS2_PLACEMENT_3D ( 'NONE', #3844, #228, #3130 ) ;
#37 = DIRECTION ( 'NONE',  ( 0.000000000000000000, 0.000000000000000000, -1.000000000000000000 ) ) ;
#38 = EDGE_LOOP ( 'NONE', ( #8960, #7776, #7162, #2258 ) ) ;
#39 = VERTEX_POINT ( 'NONE', #5677 ) ;
#40 = CARTESIAN_POINT ( 'NONE',  ( 1.119999999999999885, 2.100000000000000089, 0.6500000000000001332 ) ) ;
#41 = FACE_OUTER_BOUND ( 'NONE', #3829, .T. ) ;
#42 = ORIENTED_EDGE ( 'NONE', *, *, #4448, .F. ) ;
#43 = DIRECTION ( 'NONE',  ( 0.000000000000000000, 0.3328201177351369222, 0.9429903335828896394 ) ) ;
#44 = CARTESIAN_POINT ( 'NONE',  ( 1.949999999999999956, 2.399999999999999911, 1.949999999999999956 ) ) ;
#45 = EDGE_CURVE ( 'NONE', #1350, #6006, #8682, .T. ) ;
#46 = VECTOR ( 'NONE', #5194, 1000.000000000000000 ) ;
#47 = VECTOR ( 'NONE', #8385, 1000.000000000000000 ) ;
#48 = DIRECTION ( 'NONE',  ( -1.000000000000000000, 0.000000000000000000, 0.000000000000000000 ) ) ;
#49 = AXIS2_PLACEMENT_3D ( 'NONE', #1544, #7383, #831 ) ;
#50 = CARTESIAN_POINT ( 'NONE',  ( -0.4400000000000000022, 0.5999999999999731104, 3.160007371274344834 ) ) ;
#51 = CARTESIAN_POINT ( 'NONE',  ( -2.224999999999845102, 2.399999999999999911, -1.949999999999845413 ) ) ;
#52 = VECTOR ( 'NONE', #2906, 1000.000000000000000 ) ;
#53 = LINE ( 'NONE', #2948, #1299 ) ;
#54 = ORIENTED_EDGE ( 'NONE', *, *, #2131, .F. ) ;
#55 = DIRECTION ( 'NONE',  ( 1.000000000000000000, 0.000000000000000000, 0.000000000000000000 ) ) ;
#56 = ORIENTED_EDGE ( 'NONE', *, *, #9248, .T. ) ;
#57 = FACE_OUTER_BOUND ( 'NONE', #3045, .T. ) ;
#58 = VECTOR ( 'NONE', #7348, 1000.000000000000000 ) ;
#59 = AXIS2_PLACEMENT_3D ( 'NONE', #3199, #6859, #6194 ) ;
#60 = CARTESIAN_POINT ( 'NONE',  ( -2.109999999999999876, 0.6999999999999999556, 2.649999999999999911 ) ) ;
#61 = DIRECTION ( 'NONE',  ( 0.000000000000000000, 0.000000000000000000, -1.000000000000000000 ) ) ;
#62 = DIRECTION ( 'NONE',  ( 0.000000000000000000, 0.000000000000000000, -1.000000000000000000 ) ) ;
#63 = DIRECTION ( 'NONE',  ( 0.000000000000000000, -1.000000000000000000, 0.000000000000000000 ) ) ;
#64 = VECTOR ( 'NONE', #5355, 1000.000000000000000 ) ;
#65 = DIRECTION ( 'NONE',  ( 0.000000000000000000, -1.000000000000000000, 0.000000000000000000 ) ) ;
#66 = ORIENTED_EDGE ( 'NONE', *, *, #853, .F. ) ;
#67 = AXIS2_PLACEMENT_3D ( 'NONE', #2856, #7804, #5786 ) ;
#68 = CARTESIAN_POINT ( 'NONE',  ( 2.399999999999999911, 0.6999999999999999556, 2.649999999999999911 ) ) ;
#69 = ORIENTED_EDGE ( 'NONE', *, *, #7262, .T. ) ;
#70 = EDGE_CURVE ( 'NONE', #6526, #9452, #6415, .T. ) ;
#71 = ORIENTED_EDGE ( 'NONE', *, *, #5878, .T. ) ;
#72 = CARTESIAN_POINT ( 'NONE',  ( 2.100000000000000089, 0.6999999999999999556, 3.160007371274399901 ) ) ;
#73 = VECTOR ( 'NONE', #3705, 1000.000000000000000 ) ;
#74 = LINE ( 'NONE', #6102, #6464 ) ;
#75 = DIRECTION ( 'NONE',  ( 0.000000000000000000, 0.000000000000000000, 1.000000000000000000 ) ) ;
#76 = FACE_OUTER_BOUND ( 'NONE', #7039, .T. ) ;
#77 = ORIENTED_EDGE ( 'NONE', *, *, #8129, .F. ) ;
#78 = ORIENTED_EDGE ( 'NONE', *, *, #8501, .F. ) ;
#79 = DIRECTION ( 'NONE',  ( -1.000000000000000000, 0.000000000000000000, 0.000000000000000000 ) ) ;
#80 = VERTEX_POINT ( 'NONE', #7934 ) ;
#81 = EDGE_CURVE ( 'NONE', #455, #1370, #1383, .T. ) ;
#82 = ADVANCED_FACE ( 'NONE', ( #6512 ), #7075, .F. ) ;
#83 = EDGE_LOOP ( 'NONE', ( #7438, #4843, #3946, #6157 ) ) ;
#84 = VECTOR ( 'NONE', #2999, 1000.000000000000000 ) ;
#85 = CARTESIAN_POINT ( 'NONE',  ( -3.237106939925070037, 0.6999999999999999556, 2.649999999999999911 ) ) ;
#86 = LINE ( 'NONE', #4323, #3774 ) ;
#87 = LINE ( 'NONE', #4464, #343 ) ;
#88 = VECTOR ( 'NONE', #436, 1000.000000000000000 ) ;
#89 = EDGE_CURVE ( 'NONE', #5574, #231, #2140, .T. ) ;
#90 = CARTESIAN_POINT ( 'NONE',  ( 2.290000000000000036, 2.100000000000000089, 1.500000000000000000 ) ) ;
#91 = ORIENTED_EDGE ( 'NONE', *, *, #9096, .T. ) ;
#92 = ORIENTED_EDGE ( 'NONE', *, *, #9305, .T. ) ;
#93 = LINE ( 'NONE', #5191, #7399 ) ;
#94 = ORIENTED_EDGE ( 'NONE', *, *, #3637, .T. ) ;
#95 = LINE ( 'NONE', #904, #5998 ) ;
#96 = EDGE_CURVE ( 'NONE', #205, #2085, #2719, .T. ) ;
#97 = CIRCLE ( 'NONE', #2817, 0.04999999999999991257 ) ;
#98 = DIRECTION ( 'NONE',  ( -0.000000000000000000, 1.000000000000000000, -0.000000000000000000 ) ) ;
#99 = ADVANCED_FACE ( 'NONE', ( #1429 ), #4332, .F. ) ;
#100 = CARTESIAN_POINT ( 'NONE',  ( 0.3499999999999999778, 2.419999999999999929, 1.850000000000000089 ) ) ;
#101 = DIRECTION ( 'NONE',  ( 0.000000000000000000, -1.000000000000000000, 0.000000000000000000 ) ) ;
#102 = VECTOR ( 'NONE', #3029, 1000.000000000000114 ) ;
#103 = ORIENTED_EDGE ( 'NONE', *, *, #260, .F. ) ;
#104 = DIRECTION ( 'NONE',  ( -1.000000000000000000, 0.000000000000000000, 0.000000000000000000 ) ) ;
#105 = ORIENTED_EDGE ( 'NONE', *, *, #3861, .T. ) ;
#106 = ADVANCED_FACE ( 'NONE', ( #5588 ), #8500, .T. ) ;
#107 = LINE ( 'NONE', #3, #5403 ) ;
#108 = ORIENTED_EDGE ( 'NONE', *, *, #4513, .F. ) ;
#109 = CARTESIAN_POINT ( 'NONE',  ( -3.011075042537525004, 2.399999999999999911, 2.158924957462475813 ) ) ;
#110 = CIRCLE ( 'NONE', #6832, 0.2500000000000405787 ) ;
#111 = CARTESIAN_POINT ( 'NONE',  ( -2.109999999999999876, 0.1039278662374499979, -3.354763525080500131 ) ) ;
#112 = CARTESIAN_POINT ( 'NONE',  ( -2.225000000000000089, 2.419999999999999929, -1.750000000000000000 ) ) ;
#113 = CARTESIAN_POINT ( 'NONE',  ( -0.4400000000000000022, 0.05000000000000000278, 3.600481571814099890 ) ) ;
#114 = LINE ( 'NONE', #1681, #6639 ) ;
#115 = LINE ( 'NONE', #5121, #8743 ) ;
#116 = VERTEX_POINT ( 'NONE', #1038 ) ;
#117 = PLANE ( 'NONE',  #4473 ) ;
#118 = ORIENTED_EDGE ( 'NONE', *, *, #6863, .F. ) ;
#119 = CARTESIAN_POINT ( 'NONE',  ( -0.4400000000000000022, 0.04999999999999400063, -4.000000000000000000 ) ) ;
#120 = ORIENTED_EDGE ( 'NONE', *, *, #2575, .T. ) ;
#121 = CARTESIAN_POINT ( 'NONE',  ( -2.109999999999999876, 0.04999999999999400063, -3.600481571814099890 ) ) ;
#122 = VECTOR ( 'NONE', #6362, 1000.000000000000000 ) ;
#123 = PLANE ( 'NONE',  #5228 ) ;
#124 = DIRECTION ( 'NONE',  ( 1.000000000000000000, -0.000000000000000000, -0.000000000000000000 ) ) ;
#125 = EDGE_CURVE ( 'NONE', #8000, #5443, #6155, .T. ) ;
#126 = CARTESIAN_POINT ( 'NONE',  ( -1.824999999999999956, 2.399999999999999911, -2.200000000000000178 ) ) ;
#127 = DIRECTION ( 'NONE',  ( 0.000000000000000000, 0.000000000000000000, -1.000000000000000000 ) ) ;
#128 = VERTEX_POINT ( 'NONE', #8701 ) ;
#129 = LINE ( 'NONE', #5233, #2017 ) ;
#130 = ORIENTED_EDGE ( 'NONE', *, *, #5272, .F. ) ;
#132 = ORIENTED_EDGE ( 'NONE', *, *, #7974, .F. ) ;
#131 = AXIS2_PLACEMENT_3D ( 'NONE', #1975, #4923, #1878 ) ;
#133 = DIRECTION ( 'NONE',  ( -1.000000000000000000, 0.000000000000000000, 0.000000000000000000 ) ) ;
#134 = CARTESIAN_POINT ( 'NONE',  ( 1.699999999999999956, 0.7000000000000099476, -2.649999999999999911 ) ) ;
#135 = EDGE_CURVE ( 'NONE', #150, #6657, #6722, .T. ) ;
#136 = EDGE_CURVE ( 'NONE', #3464, #5460, #4434, .T. ) ;
#137 = AXIS2_PLACEMENT_3D ( 'NONE', #5452, #2723, #8370 ) ;
#138 = CARTESIAN_POINT ( 'NONE',  ( 3.015392060589921375, 0.006367549061234497633, 2.415373668411480157 ) ) ;
#139 = CARTESIAN_POINT ( 'NONE',  ( 2.290000000000000036, 1.750000000000000000, -0.6500000000000001332 ) ) ;
#140 = ORIENTED_EDGE ( 'NONE', *, *, #6527, .T. ) ;
#141 = CARTESIAN_POINT ( 'NONE',  ( 1.000000000000000000, 2.399999999999999911, 2.200000000000000178 ) ) ;
#142 = DIRECTION ( 'NONE',  ( 0.000000000000000000, -1.000000000000000000, 0.000000000000000000 ) ) ;
#143 = ORIENTED_EDGE ( 'NONE', *, *, #147, .F. ) ;
#144 = DIRECTION ( 'NONE',  ( 0.000000000000000000, 0.1842885350503717934, -0.9828721869342869066 ) ) ;
#145 = EDGE_CURVE ( 'NONE', #4305, #386, #6096, .T. ) ;
#146 = CARTESIAN_POINT ( 'NONE',  ( -2.125000000000000000, 2.399999999999999911, -1.949999999999999956 ) ) ;
#147 = EDGE_CURVE ( 'NONE', #2349, #994, #1098, .T. ) ;
#148 = CARTESIAN_POINT ( 'NONE',  ( -1.869999999999999885, 1.750000000000000000, 0.000000000000000000 ) ) ;
#149 = LINE ( 'NONE', #7556, #5252 ) ;
#150 = VERTEX_POINT ( 'NONE', #2259 ) ;
#151 = DIRECTION ( 'NONE',  ( -1.000000000000000000, 0.000000000000000000, 0.000000000000000000 ) ) ;
#152 = EDGE_LOOP ( 'NONE', ( #4412, #3660, #4364, #6975 ) ) ;
#153 = LINE ( 'NONE', #8933, #6640 ) ;
#154 = VERTEX_POINT ( 'NONE', #2400 ) ;
#155 = LINE ( 'NONE', #3818, #7208 ) ;
#156 = EDGE_CURVE ( 'NONE', #2478, #411, #206, .T. ) ;
#157 = CARTESIAN_POINT ( 'NONE',  ( 1.699999999999999956, 0.6999999999999999556, -2.649999999999999911 ) ) ;
#158 = EDGE_CURVE ( 'NONE', #2096, #515, #3201, .T. ) ;
#159 = CARTESIAN_POINT ( 'NONE',  ( 1.050000000000000044, 2.419999999999999929, 1.850000000000000089 ) ) ;
#160 = CARTESIAN_POINT ( 'NONE',  ( -2.200000000000000178, 0.1499999999999999944, 1.699999999999999956 ) ) ;
#161 = CARTESIAN_POINT ( 'NONE',  ( 2.100000000000000089, 0.8499999999999999778, 2.649999999999999911 ) ) ;
#162 = LINE ( 'NONE', #4353, #1285 ) ;
#163 = ORIENTED_EDGE ( 'NONE', *, *, #6968, .T. ) ;
#164 = LINE ( 'NONE', #2910, #8297 ) ;
#165 = EDGE_LOOP ( 'NONE', ( #995, #3909, #6775, #1737 ) ) ;
#166 = DIRECTION ( 'NONE',  ( 0.000000000000000000, 0.000000000000000000, -1.000000000000000000 ) ) ;
#167 = EDGE_LOOP ( 'NONE', ( #3024, #3947, #8225, #5965 ) ) ;
#168 = DIRECTION ( 'NONE',  ( -1.000000000000000000, 0.000000000000000000, 0.000000000000000000 ) ) ;
#169 = DIRECTION ( 'NONE',  ( 0.000000000000000000, 0.000000000000000000, 1.000000000000000000 ) ) ;
#170 = CARTESIAN_POINT ( 'NONE',  ( 0.3499999999999975908, 0.5758503961843510766, 0.5758503961843510766 ) ) ;
#171 = CARTESIAN_POINT ( 'NONE',  ( -2.374999999999969802, 2.419999999999999929, -2.049999999999969624 ) ) ;
#172 = ORIENTED_EDGE ( 'NONE', *, *, #6704, .T. ) ;
#173 = EDGE_LOOP ( 'NONE', ( #3361, #7666, #2527, #7912 ) ) ;
#174 = LINE ( 'NONE', #6325, #8116 ) ;
#175 = ORIENTED_EDGE ( 'NONE', *, *, #2429, .F. ) ;
#176 = ORIENTED_EDGE ( 'NONE', *, *, #2590, .F. ) ;
#177 = CARTESIAN_POINT ( 'NONE',  ( 0.8299999999999999600, 0.6184288535050199709, -3.258294589967800636 ) ) ;
#178 = CARTESIAN_POINT ( 'NONE',  ( -3.086000048469922596, 2.367426600456417507, 2.083999951530077777 ) ) ;
#179 = LINE ( 'NONE', #6785, #6304 ) ;
#180 = DIRECTION ( 'NONE',  ( -1.000000000000000000, 0.000000000000000000, 0.000000000000000000 ) ) ;
#181 = ORIENTED_EDGE ( 'NONE', *, *, #4960, .T. ) ;
#182 = ORIENTED_EDGE ( 'NONE', *, *, #31, .F. ) ;
#183 = CARTESIAN_POINT ( 'NONE',  ( -2.575000000000000178, 2.399999999999999911, -2.050000000000000266 ) ) ;
#184 = DIRECTION ( 'NONE',  ( -1.000000000000000000, 0.000000000000000000, 0.000000000000000000 ) ) ;
#185 = ORIENTED_EDGE ( 'NONE', *, *, #8376, .T. ) ;
#186 = EDGE_CURVE ( 'NONE', #3324, #823, #5172, .T. ) ;
#187 = VECTOR ( 'NONE', #2460, 1000.000000000000000 ) ;
#188 = DIRECTION ( 'NONE',  ( 0.000000000000000000, 0.000000000000000000, -1.000000000000000000 ) ) ;
#189 = CARTESIAN_POINT ( 'NONE',  ( -2.149999999999999911, 2.399999999999999911, 1.949999999999999956 ) ) ;
#190 = CARTESIAN_POINT ( 'NONE',  ( -0.6500000000000001332, 2.419999999999999929, 1.750000000000000000 ) ) ;
#191 = ORIENTED_EDGE ( 'NONE', *, *, #1188, .T. ) ;
#192 = VECTOR ( 'NONE', #8055, 1000.000000000000000 ) ;
#193 = ORIENTED_EDGE ( 'NONE', *, *, #5939, .F. ) ;
#194 = VECTOR ( 'NONE', #2021, 1000.000000000000000 ) ;
#195 = VERTEX_POINT ( 'NONE', #4547 ) ;
#196 = CARTESIAN_POINT ( 'NONE',  ( -1.709999999999999964, -0.1000000000000000056, 4.000000000000000000 ) ) ;
#197 = ADVANCED_FACE ( 'NONE', ( #3112 ), #1641, .F. ) ;
#198 = EDGE_CURVE ( 'NONE', #1971, #8600, #2544, .T. ) ;
#199 = VECTOR ( 'NONE', #3727, 1000.000000000000000 ) ;
#200 = DIRECTION ( 'NONE',  ( 0.000000000000000000, 0.000000000000000000, -1.000000000000000000 ) ) ;
#201 = DIRECTION ( 'NONE',  ( -0.000000000000000000, 1.000000000000000000, -0.000000000000000000 ) ) ;
#202 = DIRECTION ( 'NONE',  ( -0.000000000000000000, 1.000000000000000000, -0.000000000000000000 ) ) ;
#203 = ADVANCED_FACE ( 'NONE', ( #3734 ), #6672, .F. ) ;
#204 = CARTESIAN_POINT ( 'NONE',  ( 2.100000000000000089, 0.6999999999999999556, -2.649999999999999911 ) ) ;
#205 = VERTEX_POINT ( 'NONE', #6049 ) ;
#206 = LINE ( 'NONE', #8185, #3830 ) ;
#207 = VECTOR ( 'NONE', #3119, 1000.000000000000114 ) ;
#208 = AXIS2_PLACEMENT_3D ( 'NONE', #1706, #8353, #1092 ) ;
#209 = VERTEX_POINT ( 'NONE', #5360 ) ;
#210 = EDGE_CURVE ( 'NONE', #3772, #4612, #340, .T. ) ;
#211 = FACE_OUTER_BOUND ( 'NONE', #5968, .T. ) ;
#212 = VECTOR ( 'NONE', #5407, 1000.000000000000000 ) ;
#213 = DIRECTION ( 'NONE',  ( 0.000000000000000000, 0.000000000000000000, 1.000000000000000000 ) ) ;
#214 = DIRECTION ( 'NONE',  ( 0.000000000000000000, 0.000000000000000000, -1.000000000000000000 ) ) ;
#215 = DIRECTION ( 'NONE',  ( 0.000000000000000000, 0.000000000000000000, 1.000000000000000000 ) ) ;
#216 = VECTOR ( 'NONE', #637, 1000.000000000000000 ) ;
#217 = LINE ( 'NONE', #5179, #1569 ) ;
#218 = VERTEX_POINT ( 'NONE', #972 ) ;
#219 = VERTEX_POINT ( 'NONE', #257 ) ;
#220 = FACE_OUTER_BOUND ( 'NONE', #2704, .T. ) ;
#221 = ORIENTED_EDGE ( 'NONE', *, *, #8947, .F. ) ;
#222 = EDGE_CURVE ( 'NONE', #2644, #2385, #3014, .T. ) ;
#223 = VERTEX_POINT ( 'NONE', #8845 ) ;
#224 = AXIS2_PLACEMENT_3D ( 'NONE', #8773, #6510, #8065 ) ;
#225 = VECTOR ( 'NONE', #2432, 1000.000000000000000 ) ;
#226 = DIRECTION ( 'NONE',  ( 0.000000000000000000, 0.000000000000000000, -1.000000000000000000 ) ) ;
#227 = CARTESIAN_POINT ( 'NONE',  ( 1.949999999999999956, 2.419999999999999929, 1.850000000000000089 ) ) ;
#228 = DIRECTION ( 'NONE',  ( 0.000000000000000000, 1.000000000000000000, 0.000000000000000000 ) ) ;
#229 = LINE ( 'NONE', #8968, #7860 ) ;
#230 = ORIENTED_EDGE ( 'NONE', *, *, #3238, .F. ) ;
#231 = VERTEX_POINT ( 'NONE', #8234 ) ;
#232 = AXIS2_PLACEMENT_3D ( 'NONE', #4817, #4097, #9216 ) ;
#233 = DIRECTION ( 'NONE',  ( 0.000000000000000000, 0.000000000000000000, 1.000000000000000000 ) ) ;
#234 = LINE ( 'NONE', #1707, #7242 ) ;
#235 = ORIENTED_EDGE ( 'NONE', *, *, #3281, .F. ) ;
#236 = CARTESIAN_POINT ( 'NONE',  ( 1.699999999999999956, 0.6460721337625500160, -3.405725418007999661 ) ) ;
#237 = AXIS2_PLACEMENT_3D ( 'NONE', #6180, #2524, #8262 ) ;
#238 =( LENGTH_UNIT ( ) NAMED_UNIT ( * ) SI_UNIT ( .MILLI., .METRE. ) );
#239 = CARTESIAN_POINT ( 'NONE',  ( -1.520000000000000018, 2.100000000000000089, -0.6500000000000001332 ) ) ;
#240 = EDGE_CURVE ( 'NONE', #7557, #39, #3156, .T. ) ;
#241 = VERTEX_POINT ( 'NONE', #6816 ) ;
#242 = LINE ( 'NONE', #5828, #4342 ) ;
#243 = ORIENTED_EDGE ( 'NONE', *, *, #9267, .T. ) ;
#244 = VECTOR ( 'NONE', #4187, 1000.000000000000000 ) ;
#245 = EDGE_LOOP ( 'NONE', ( #8843, #118, #4241, #8001 ) ) ;
#246 = DIRECTION ( 'NONE',  ( 0.000000000000000000, 1.000000000000000000, 0.000000000000000000 ) ) ;
#247 = AXIS2_PLACEMENT_3D ( 'NONE', #9016, #188, #5391 ) ;
#248 = DIRECTION ( 'NONE',  ( 0.000000000000000000, 0.000000000000000000, 1.000000000000000000 ) ) ;
#249 = EDGE_CURVE ( 'NONE', #4862, #510, #1396, .T. ) ;
#250 = ADVANCED_FACE ( 'NONE', ( #8277 ), #8136, .F. ) ;
#251 = DIRECTION ( 'NONE',  ( 0.1102635692839943338, 0.3307907078519820576, -0.9372403389139514207 ) ) ;
#252 = CARTESIAN_POINT ( 'NONE',  ( -1.709999999999999964, -0.1000000000000000056, -4.000000000000000000 ) ) ;
#253 = CARTESIAN_POINT ( 'NONE',  ( 1.699999999999999956, 0.04999999999999400063, -4.000000000000000000 ) ) ;
#254 = ORIENTED_EDGE ( 'NONE', *, *, #6826, .F. ) ;
#255 = FACE_OUTER_BOUND ( 'NONE', #697, .T. ) ;
#256 = ORIENTED_EDGE ( 'NONE', *, *, #7093, .T. ) ;
#257 = CARTESIAN_POINT ( 'NONE',  ( -1.709999999999999964, 0.7000000000000099476, -3.160007371274399901 ) ) ;
#258 = ORIENTED_EDGE ( 'NONE', *, *, #1669, .T. ) ;
#259 = VECTOR ( 'NONE', #741, 1000.000000000000000 ) ;
#260 = EDGE_CURVE ( 'NONE', #9206, #5740, #1970, .T. ) ;
#261 = CARTESIAN_POINT ( 'NONE',  ( -0.8400000000000001910, 0.1500000000000140388, -3.600481571814050152 ) ) ;
#262 = LINE ( 'NONE', #6725, #7074 ) ;
#263 = CARTESIAN_POINT ( 'NONE',  ( 0.3499999999999999778, 0.5500000000000000444, 0.5499999999999839462 ) ) ;
#264 = EDGE_CURVE ( 'NONE', #8619, #5409, #8415, .T. ) ;
#265 = DIRECTION ( 'NONE',  ( -1.000000000000000000, 0.000000000000000000, 0.000000000000000000 ) ) ;
#266 = VECTOR ( 'NONE', #543, 1000.000000000000000 ) ;
#267 = LINE ( 'NONE', #6823, #4459 ) ;
#268 = VERTEX_POINT ( 'NONE', #540 ) ;
#269 = VERTEX_POINT ( 'NONE', #9141 ) ;
#270 = ORIENTED_EDGE ( 'NONE', *, *, #5449, .F. ) ;
#271 = ORIENTED_EDGE ( 'NONE', *, *, #7503, .F. ) ;
#272 = CARTESIAN_POINT ( 'NONE',  ( -0.8499999999999999778, 2.419999999999999929, 1.850000000000000089 ) ) ;
#273 = VECTOR ( 'NONE', #321, 1000.000000000000000 ) ;
#274 = EDGE_CURVE ( 'NONE', #510, #6657, #4782, .T. ) ;
#275 = LINE ( 'NONE', #9005, #2383 ) ;
#276 = DIRECTION ( 'NONE',  ( 0.1160517706371316515, -0.9864400504156211058, 0.1160517706371316515 ) ) ;
#277 = ADVANCED_FACE ( 'NONE', ( #5413 ), #5549, .T. ) ;
#278 = CARTESIAN_POINT ( 'NONE',  ( 1.949999999999999956, 2.399999999999999911, 1.800000000000000266 ) ) ;
#279 = LINE ( 'NONE', #7495, #4484 ) ;
#280 = ORIENTED_EDGE ( 'NONE', *, *, #7027, .T. ) ;
#281 = EDGE_LOOP ( 'NONE', ( #6083, #3409, #8671, #7356 ) ) ;
#282 = AXIS2_PLACEMENT_3D ( 'NONE', #3117, #2407, #5225 ) ;
#283 = CYLINDRICAL_SURFACE ( 'NONE', #34, 0.1000000000000176026 ) ;
#284 = LINE ( 'NONE', #1761, #5556 ) ;
#285 = VERTEX_POINT ( 'NONE', #4872 ) ;
#286 = VECTOR ( 'NONE', #200, 1000.000000000000000 ) ;
#287 = CARTESIAN_POINT ( 'NONE',  ( 0.4500000000000000666, 2.419999999999999929, 1.750000000000000000 ) ) ;
#288 = CARTESIAN_POINT ( 'NONE',  ( 0.6700000000000000400, 1.750000000000000000, 0.000000000000000000 ) ) ;
#289 = CYLINDRICAL_SURFACE ( 'NONE', #1292, 0.2500000000000518474 ) ;
#290 = VERTEX_POINT ( 'NONE', #443 ) ;
#291 = CARTESIAN_POINT ( 'NONE',  ( -2.109999999999999876, 0.04999999999999400063, -4.000000000000000000 ) ) ;
#292 = ORIENTED_EDGE ( 'NONE', *, *, #8156, .T. ) ;
#293 = VERTEX_POINT ( 'NONE', #5601 ) ;
#294 = CARTESIAN_POINT ( 'NONE',  ( 2.100000000000000089, 0.1500000000000405176, 3.600481571814114989 ) ) ;
#295 = CARTESIAN_POINT ( 'NONE',  ( 2.399999999999999911, 1.124999999999956257, 2.650000000000005240 ) ) ;
#296 = DIRECTION ( 'NONE',  ( -1.000000000000000000, 0.000000000000000000, 0.000000000000000000 ) ) ;
#297 = CARTESIAN_POINT ( 'NONE',  ( 2.000000000000000000, 2.419999999999999929, 1.800000000000000266 ) ) ;
#298 = DIRECTION ( 'NONE',  ( -1.000000000000000000, 0.000000000000000000, 0.000000000000000000 ) ) ;
#299 = DIRECTION ( 'NONE',  ( 0.000000000000000000, 0.000000000000000000, 1.000000000000000000 ) ) ;
#300 = ORIENTED_EDGE ( 'NONE', *, *, #7639, .F. ) ;
#301 = CARTESIAN_POINT ( 'NONE',  ( -3.128089483773115020, 0.6999999999999999556, -2.700000000000000178 ) ) ;
#302 = VERTEX_POINT ( 'NONE', #8330 ) ;
#303 = DIRECTION ( 'NONE',  ( 0.000000000000000000, 0.000000000000000000, -1.000000000000000000 ) ) ;
#304 = ORIENTED_EDGE ( 'NONE', *, *, #8643, .T. ) ;
#305 = EDGE_CURVE ( 'NONE', #3989, #2562, #1070, .T. ) ;
#306 = EDGE_CURVE ( 'NONE', #7661, #3698, #1252, .T. ) ;
#307 = FACE_OUTER_BOUND ( 'NONE', #4130, .T. ) ;
#308 = CARTESIAN_POINT ( 'NONE',  ( -0.4400000000000000022, 0.1500000000000405176, 3.600481571814114989 ) ) ;
#309 = LINE ( 'NONE', #3206, #1812 ) ;
#310 = PLANE ( 'NONE',  #4299 ) ;
#311 = CARTESIAN_POINT ( 'NONE',  ( 2.250000000000000444, 2.419999999999999929, 1.850000000000000089 ) ) ;
#312 = VERTEX_POINT ( 'NONE', #9038 ) ;
#313 = ORIENTED_EDGE ( 'NONE', *, *, #9120, .F. ) ;
#314 = CARTESIAN_POINT ( 'NONE',  ( -0.3499999999999999778, 2.399999999999999911, 1.800000000000000266 ) ) ;
#315 = ADVANCED_FACE ( 'NONE', ( #3251 ), #6284, .F. ) ;
#316 = VERTEX_POINT ( 'NONE', #1922 ) ;
#317 = ORIENTED_EDGE ( 'NONE', *, *, #6684, .F. ) ;
#318 = EDGE_CURVE ( 'NONE', #6657, #396, #2613, .T. ) ;
#319 = ADVANCED_FACE ( 'NONE', ( #6328 ), #2587, .T. ) ;
#320 = DIRECTION ( 'NONE',  ( -0.2657276780299709928, 0.9267025424900917630, -0.2657276780299709928 ) ) ;
#321 = DIRECTION ( 'NONE',  ( 0.000000000000000000, 0.000000000000000000, 1.000000000000000000 ) ) ;
#322 = FACE_OUTER_BOUND ( 'NONE', #4034, .T. ) ;
#323 = DIRECTION ( 'NONE',  ( -1.000000000000000000, 0.000000000000000000, 0.000000000000000000 ) ) ;
#324 = ORIENTED_EDGE ( 'NONE', *, *, #4619, .F. ) ;
#325 = ORIENTED_EDGE ( 'NONE', *, *, #442, .F. ) ;
#326 = CARTESIAN_POINT ( 'NONE',  ( -2.299999999999999822, 0.000000000000000000, -2.373922824958615063 ) ) ;
#327 = EDGE_CURVE ( 'NONE', #9037, #2971, #8512, .T. ) ;
#328 = ORIENTED_EDGE ( 'NONE', *, *, #1425, .T. ) ;
#329 = EDGE_CURVE ( 'NONE', #8450, #4548, #1863, .T. ) ;
#330 = DIRECTION ( 'NONE',  ( 0.000000000000000000, 0.1842885350503717934, -0.9828721869342869066 ) ) ;
#331 = FACE_OUTER_BOUND ( 'NONE', #3733, .T. ) ;
#332 = CONTEXT_DEPENDENT_SHAPE_REPRESENTATION ( #6459, #479 ) ;
#333 = CARTESIAN_POINT ( 'NONE',  ( 2.000000000000000000, 2.399999999999999911, 1.800000000000000266 ) ) ;
#334 = EDGE_CURVE ( 'NONE', #4114, #935, #1787, .T. ) ;
#335 = ORIENTED_EDGE ( 'NONE', *, *, #5092, .T. ) ;
#336 = FACE_OUTER_BOUND ( 'NONE', #5958, .T. ) ;
#337 = ORIENTED_EDGE ( 'NONE', *, *, #1550, .F. ) ;
#338 = ORIENTED_EDGE ( 'NONE', *, *, #531, .T. ) ;
#339 = DIRECTION ( 'NONE',  ( 1.000000000000000000, 0.000000000000000000, 0.000000000000000000 ) ) ;
#340 = CIRCLE ( 'NONE', #4752, 0.09999999999993700039 ) ;
#341 = MECHANICAL_DESIGN_GEOMETRIC_PRESENTATION_REPRESENTATION (  '', ( #6613 ), #2027 ) ;
#342 = DIRECTION ( 'NONE',  ( 0.000000000000000000, -1.000000000000000000, 0.000000000000000000 ) ) ;
#343 = VECTOR ( 'NONE', #6017, 1000.000000000000000 ) ;
#344 = CARTESIAN_POINT ( 'NONE',  ( 1.020000000000000018, 2.100000000000000089, 0.6500000000000001332 ) ) ;
#345 = DIRECTION ( 'NONE',  ( -1.000000000000000000, 0.000000000000000000, 0.000000000000000000 ) ) ;
#346 = CARTESIAN_POINT ( 'NONE',  ( -3.066904760731809176, 0.06147182829467786463, 2.466904760731809088 ) ) ;
#347 = PLANE ( 'NONE',  #5870 ) ;
#348 = ORIENTED_EDGE ( 'NONE', *, *, #1189, .T. ) ;
#349 = DIRECTION ( 'NONE',  ( 0.3162277660168379967, -0.9486832980505137680, 0.000000000000000000 ) ) ;
#350 = ORIENTED_EDGE ( 'NONE', *, *, #1594, .F. ) ;
#351 = DIRECTION ( 'NONE',  ( -1.000000000000000000, 0.000000000000000000, 0.000000000000000000 ) ) ;
#352 = ORIENTED_EDGE ( 'NONE', *, *, #5329, .T. ) ;
#353 = MECHANICAL_DESIGN_GEOMETRIC_PRESENTATION_REPRESENTATION (  '', ( #1565 ), #2482 ) ;
#354 = VECTOR ( 'NONE', #3164, 1000.000000000000000 ) ;
#355 = DIRECTION ( 'NONE',  ( 0.000000000000000000, 0.000000000000000000, -1.000000000000000000 ) ) ;
#356 = LINE ( 'NONE', #6288, #4616 ) ;
#357 = DIRECTION ( 'NONE',  ( 0.000000000000000000, 0.000000000000000000, 1.000000000000000000 ) ) ;
#358 = DIRECTION ( 'NONE',  ( 0.000000000000000000, 0.000000000000000000, 1.000000000000000000 ) ) ;
#359 = DIRECTION ( 'NONE',  ( -1.000000000000000000, 0.000000000000000000, -6.982261990811422615E-13 ) ) ;
#360 = ORIENTED_EDGE ( 'NONE', *, *, #70, .T. ) ;
#361 = EDGE_CURVE ( 'NONE', #8440, #2586, #1112, .T. ) ;
#362 = ORIENTED_EDGE ( 'NONE', *, *, #1178, .F. ) ;
#363 = VECTOR ( 'NONE', #8984, 1000.000000000000000 ) ;
#364 = DIRECTION ( 'NONE',  ( 0.000000000000000000, 0.000000000000000000, 1.000000000000000000 ) ) ;
#365 = ORIENTED_EDGE ( 'NONE', *, *, #6443, .F. ) ;
#366 = VERTEX_POINT ( 'NONE', #5788 ) ;
#367 = CIRCLE ( 'NONE', #5237, 0.2500000000000412448 ) ;
#368 = CARTESIAN_POINT ( 'NONE',  ( -3.042795695566244962, 2.394835648210170032, -2.442795695566195135 ) ) ;
#369 = VECTOR ( 'NONE', #5216, 1000.000000000000000 ) ;
#370 = LINE ( 'NONE', #3271, #2397 ) ;
#371 = CARTESIAN_POINT ( 'NONE',  ( -0.2499999999999925338, 0.6500000000000001332, 0.1000000000000075967 ) ) ;
#372 = CARTESIAN_POINT ( 'NONE',  ( 2.399999999999999911, 0.6999999999999999556, -2.700000000000000178 ) ) ;
#373 = ORIENTED_EDGE ( 'NONE', *, *, #8375, .T. ) ;
#374 = ADVANCED_FACE ( 'NONE', ( #1490 ), #627, .F. ) ;
#375 = ORIENTED_EDGE ( 'NONE', *, *, #762, .F. ) ;
#376 = ADVANCED_FACE ( 'NONE', ( #1392, #2108, #6473, #7274, #9423, #7180, #4345, #9322, #7137, #5741, #584 ), #8692, .F. ) ;
#377 = DIRECTION ( 'NONE',  ( 0.000000000000000000, 0.000000000000000000, 1.000000000000000000 ) ) ;
#378 = ORIENTED_EDGE ( 'NONE', *, *, #4987, .F. ) ;
#379 = VECTOR ( 'NONE', #5979, 1000.000000000000000 ) ;
#380 = CARTESIAN_POINT ( 'NONE',  ( -1.709999999999999964, 0.8499999999999999778, 2.649999999999999911 ) ) ;
#381 = EDGE_CURVE ( 'NONE', #7695, #6700, #5018, .T. ) ;
#382 = LINE ( 'NONE', #3005, #3604 ) ;
#383 = AXIS2_PLACEMENT_3D ( 'NONE', #6162, #5383, #1757 ) ;
#384 = FACE_OUTER_BOUND ( 'NONE', #1032, .T. ) ;
#385 = ADVANCED_FACE ( 'NONE', ( #7988 ), #2728, .T. ) ;
#386 = VERTEX_POINT ( 'NONE', #9372 ) ;
#387 = EDGE_LOOP ( 'NONE', ( #4496, #8096, #5170, #5122 ) ) ;
#388 = CARTESIAN_POINT ( 'NONE',  ( -0.2999999999999999889, 2.419999999999999929, 1.800000000000000266 ) ) ;
#389 = AXIS2_PLACEMENT_3D ( 'NONE', #5749, #1217, #5610 ) ;
#390 = CARTESIAN_POINT ( 'NONE',  ( 0.8299999999999999600, 0.6460721337625500160, -3.405725418007999661 ) ) ;
#391 = CARTESIAN_POINT ( 'NONE',  ( 0.8299999999999999600, 0.6999999999999999556, 3.160007371274399901 ) ) ;
#392 = EDGE_CURVE ( 'NONE', #2786, #6673, #5646, .T. ) ;
#393 = CIRCLE ( 'NONE', #554, 0.2000000000000330402 ) ;
#394 = CARTESIAN_POINT ( 'NONE',  ( 3.299999999091330238, 0.7000000077238219820, -2.503151641283650086 ) ) ;
#395 = DIRECTION ( 'NONE',  ( 0.000000000000000000, 1.000000000000000000, 5.507747036224909506E-13 ) ) ;
#396 = VERTEX_POINT ( 'NONE', #7228 ) ;
#397 = LINE ( 'NONE', #5547, #671 ) ;
#398 = ORIENTED_EDGE ( 'NONE', *, *, #9361, .T. ) ;
#399 = ORIENTED_EDGE ( 'NONE', *, *, #6745, .F. ) ;
#400 = VECTOR ( 'NONE', #7396, 1000.000000000000000 ) ;
#401 = FACE_OUTER_BOUND ( 'NONE', #7016, .T. ) ;
#402 = DIRECTION ( 'NONE',  ( 0.000000000000000000, 0.000000000000000000, -1.000000000000000000 ) ) ;
#403 = DIRECTION ( 'NONE',  ( -1.000000000000000000, 0.000000000000000000, 0.000000000000000000 ) ) ;
#404 = FACE_OUTER_BOUND ( 'NONE', #8326, .T. ) ;
#405 = DIRECTION ( 'NONE',  ( 0.000000000000000000, 0.000000000000000000, -1.000000000000000000 ) ) ;
#406 = ORIENTED_EDGE ( 'NONE', *, *, #762, .T. ) ;
#407 = VERTEX_POINT ( 'NONE', #7850 ) ;
#408 = VECTOR ( 'NONE', #8752, 999.9999999999998863 ) ;
#409 = FACE_OUTER_BOUND ( 'NONE', #3591, .T. ) ;
#410 = ORIENTED_EDGE ( 'NONE', *, *, #6793, .T. ) ;
#411 = VERTEX_POINT ( 'NONE', #4916 ) ;
#412 = ADVANCED_FACE ( 'NONE', ( #2198 ), #679, .T. ) ;
#413 = CARTESIAN_POINT ( 'NONE',  ( -2.399999999999999911, 0.000000000000000000, 0.000000000000000000 ) ) ;
#414 = AXIS2_PLACEMENT_3D ( 'NONE', #7431, #6053, #8236 ) ;
#415 = CARTESIAN_POINT ( 'NONE',  ( 2.100000000000000089, 0.6184288535050199709, -3.258294589967800636 ) ) ;
#416 = DIRECTION ( 'NONE',  ( -1.000000000000000000, 0.000000000000000000, 0.000000000000000000 ) ) ;
#417 = LINE ( 'NONE', #9158, #693 ) ;
#418 = VERTEX_POINT ( 'NONE', #5692 ) ;
#419 = ORIENTED_EDGE ( 'NONE', *, *, #9166, .T. ) ;
#420 = DIRECTION ( 'NONE',  ( -0.000000000000000000, 1.000000000000000000, -0.000000000000000000 ) ) ;
#421 = ORIENTED_EDGE ( 'NONE', *, *, #1324, .T. ) ;
#422 = VECTOR ( 'NONE', #1284, 1000.000000000000000 ) ;
#423 = ADVANCED_FACE ( 'NONE', ( #6425 ), #2901, .F. ) ;
#424 = ADVANCED_FACE ( 'NONE', ( #5114 ), #9281, .F. ) ;
#425 = CARTESIAN_POINT ( 'NONE',  ( -0.3499999999999999778, 0.5500000000000000444, 0.1000000000000000056 ) ) ;
#426 = CARTESIAN_POINT ( 'NONE',  ( 3.235470540548374796, 0.6999999999999999556, -2.649999999999999911 ) ) ;
#427 = CIRCLE ( 'NONE', #6086, 0.2500000000000515143 ) ;
#428 = CARTESIAN_POINT ( 'NONE',  ( 2.100000000000000089, 0.1315711464949800014, -3.502194353120600123 ) ) ;
#429 = ORIENTED_EDGE ( 'NONE', *, *, #839, .T. ) ;
#430 = ORIENTED_EDGE ( 'NONE', *, *, #1129, .F. ) ;
#431 = EDGE_CURVE ( 'NONE', #3266, #2740, #1302, .T. ) ;
#432 = VECTOR ( 'NONE', #5540, 1000.000000000000000 ) ;
#433 = ADVANCED_FACE ( 'NONE', ( #4205 ), #3441, .F. ) ;
#434 = FACE_OUTER_BOUND ( 'NONE', #8056, .T. ) ;
#435 = PLANE ( 'NONE',  #2497 ) ;
#436 = DIRECTION ( 'NONE',  ( 0.000000000000000000, 0.000000000000000000, -1.000000000000000000 ) ) ;
#437 = FACE_OUTER_BOUND ( 'NONE', #6803, .T. ) ;
#438 = ORIENTED_EDGE ( 'NONE', *, *, #7685, .T. ) ;
#439 = DIRECTION ( 'NONE',  ( 0.000000000000000000, 0.000000000000000000, -1.000000000000000000 ) ) ;
#440 = DIRECTION ( 'NONE',  ( 0.000000000000000000, 0.000000000000000000, -1.000000000000000000 ) ) ;
#441 = ORIENTED_EDGE ( 'NONE', *, *, #3443, .T. ) ;
#442 = EDGE_CURVE ( 'NONE', #6182, #7085, #3908, .T. ) ;
#443 = CARTESIAN_POINT ( 'NONE',  ( -2.109999999999999876, 0.6184288535050199709, 3.258294589967800636 ) ) ;
#444 = VERTEX_POINT ( 'NONE', #109 ) ;
#445 = DIRECTION ( 'NONE',  ( 0.000000000000000000, -1.000000000000000000, 0.000000000000000000 ) ) ;
#446 = EDGE_CURVE ( 'NONE', #1814, #8233, #3722, .T. ) ;
#447 = DIRECTION ( 'NONE',  ( -1.000000000000000000, 0.000000000000000000, 0.000000000000000000 ) ) ;
#448 = DIRECTION ( 'NONE',  ( 1.000000000000000000, -0.000000000000000000, -0.000000000000000000 ) ) ;
#449 = DIRECTION ( 'NONE',  ( 1.000000000000000000, -0.000000000000000000, -0.000000000000000000 ) ) ;
#450 = LINE ( 'NONE', #1794, #5686 ) ;
#451 = CARTESIAN_POINT ( 'NONE',  ( 0.6999999999999999556, 2.399999999999999911, 2.200000000000000178 ) ) ;
#452 = VERTEX_POINT ( 'NONE', #2341 ) ;
#453 = VERTEX_POINT ( 'NONE', #6037 ) ;
#454 = LINE ( 'NONE', #5563, #3105 ) ;
#455 = VERTEX_POINT ( 'NONE', #2290 ) ;
#456 = ORIENTED_EDGE ( 'NONE', *, *, #2281, .T. ) ;
#457 = CARTESIAN_POINT ( 'NONE',  ( -0.4400000000000000022, 0.04999999999999400063, -4.000000000000000000 ) ) ;
#458 = CARTESIAN_POINT ( 'NONE',  ( -2.225000000000000089, 2.419999999999999929, -2.250000000000000444 ) ) ;
#459 = LINE ( 'NONE', #7782, #8280 ) ;
#460 = CARTESIAN_POINT ( 'NONE',  ( -1.709999999999999964, 0.6184288535050199709, -3.258294589967800636 ) ) ;
#461 = ORIENTED_EDGE ( 'NONE', *, *, #6166, .F. ) ;
#462 = ORIENTED_EDGE ( 'NONE', *, *, #6128, .T. ) ;
#463 = CARTESIAN_POINT ( 'NONE',  ( 1.020000000000000018, 1.750000000000000000, 0.6500000000000001332 ) ) ;
#464 = ORIENTED_EDGE ( 'NONE', *, *, #7027, .F. ) ;
#465 = LINE ( 'NONE', #2745, #6827 ) ;
#466 = DIRECTION ( 'NONE',  ( 0.000000000000000000, -1.000000000000000000, 0.000000000000000000 ) ) ;
#467 = PRODUCT_CONTEXT ( 'NONE', #6152, 'mechanical' ) ;
#468 = LINE ( 'NONE', #6889, #6346 ) ;
#469 = EDGE_LOOP ( 'NONE', ( #5615, #2707, #4158, #8106 ) ) ;
#470 = EDGE_LOOP ( 'NONE', ( #3782, #6179, #1616, #3132 ) ) ;
#471 = ADVANCED_FACE ( 'NONE', ( #8882 ), #8122, .T. ) ;
#472 = CARTESIAN_POINT ( 'NONE',  ( 0.4500000000000000666, 2.419999999999999929, 1.850000000000000089 ) ) ;
#473 = CARTESIAN_POINT ( 'NONE',  ( -1.709999999999999520, 0.8499999999999999778, -2.649999999999999911 ) ) ;
#474 = FACE_OUTER_BOUND ( 'NONE', #1071, .T. ) ;
#475 = CARTESIAN_POINT ( 'NONE',  ( 3.283463917694710688, 0.6999999999999999556, -2.597588810460187414 ) ) ;
#476 = CARTESIAN_POINT ( 'NONE',  ( 2.100000000000000089, 0.6184288535050199709, -3.258294589967800636 ) ) ;
#477 = VERTEX_POINT ( 'NONE', #7510 ) ;
#478 = EDGE_CURVE ( 'NONE', #1989, #6634, #155, .T. ) ;
#480 = AXIS2_PLACEMENT_3D ( 'NONE', #1685, #7427, #8800 ) ;
#479 = PRODUCT_DEFINITION_SHAPE ( 'NONE', 'NONE',  #9460 ) ;
#481 = LINE ( 'NONE', #7177, #5062 ) ;
#482 = EDGE_CURVE ( 'NONE', #2338, #9095, #6662, .T. ) ;
#483 = DIRECTION ( 'NONE',  ( 0.000000000000000000, 1.000000000000000000, 0.000000000000000000 ) ) ;
#484 = ORIENTED_EDGE ( 'NONE', *, *, #2472, .F. ) ;
#485 = VERTEX_POINT ( 'NONE', #5308 ) ;
#486 = CARTESIAN_POINT ( 'NONE',  ( -0.2500000000000000000, 2.100000000000000089, 0.6500000000000001332 ) ) ;
#487 = VECTOR ( 'NONE', #3292, 1000.000000000000000 ) ;
#488 = DIRECTION ( 'NONE',  ( 1.000000000000000000, -0.000000000000000000, -0.000000000000000000 ) ) ;
#489 = ADVANCED_FACE ( 'NONE', ( #8834 ), #6804, .F. ) ;
#490 = CARTESIAN_POINT ( 'NONE',  ( 0.3499999999999999778, 0.000000000000000000, 0.6500000000000001332 ) ) ;
#491 = DIRECTION ( 'NONE',  ( 0.000000000000000000, 0.000000000000000000, 1.000000000000000000 ) ) ;
#492 = CARTESIAN_POINT ( 'NONE',  ( -2.200000000000155609, 0.1499999999999999944, -1.799999999999844835 ) ) ;
#493 = DIRECTION ( 'NONE',  ( 0.000000000000000000, -1.000000000000000000, 0.000000000000000000 ) ) ;
#494 = DIRECTION ( 'NONE',  ( 0.000000000000000000, 0.000000000000000000, -1.000000000000000000 ) ) ;
#495 = ORIENTED_EDGE ( 'NONE', *, *, #703, .T. ) ;
#496 = ORIENTED_EDGE ( 'NONE', *, *, #478, .F. ) ;
#497 = ADVANCED_FACE ( 'NONE', ( #8226 ), #8176, .F. ) ;
#498 = CARTESIAN_POINT ( 'NONE',  ( 2.200000000000000178, 0.000000000000000000, 1.699999999999999956 ) ) ;
#499 = ORIENTED_EDGE ( 'NONE', *, *, #1568, .F. ) ;
#500 = VECTOR ( 'NONE', #7485, 1000.000000000000114 ) ;
#501 = VECTOR ( 'NONE', #744, 1000.000000000000000 ) ;
#502 = VERTEX_POINT ( 'NONE', #767 ) ;
#503 = DIRECTION ( 'NONE',  ( -0.000000000000000000, 1.000000000000000000, -0.000000000000000000 ) ) ;
#504 = ADVANCED_FACE ( 'NONE', ( #4430 ), #3047, .F. ) ;
#505 = CIRCLE ( 'NONE', #3850, 0.1000000000000231676 ) ;
#506 = CARTESIAN_POINT ( 'NONE',  ( -1.419999999999999929, 2.399999999999999911, -1.500000000000000000 ) ) ;
#507 = VECTOR ( 'NONE', #1015, 1000.000000000000114 ) ;
#508 = LINE ( 'NONE', #4084, #6161 ) ;
#509 = CARTESIAN_POINT ( 'NONE',  ( 0.8299999999999999600, 0.5999999999999480194, -3.160007371274379917 ) ) ;
#510 = VERTEX_POINT ( 'NONE', #809 ) ;
#511 = ORIENTED_EDGE ( 'NONE', *, *, #392, .T. ) ;
#512 = EDGE_CURVE ( 'NONE', #6449, #6436, #3144, .T. ) ;
#513 = LINE ( 'NONE', #4944, #3684 ) ;
#514 = VERTEX_POINT ( 'NONE', #4483 ) ;
#515 = VERTEX_POINT ( 'NONE', #6755 ) ;
#516 = CARTESIAN_POINT ( 'NONE',  ( -0.8499999999999999778, 2.419999999999999929, 2.200000000000000178 ) ) ;
#517 = AXIS2_PLACEMENT_3D ( 'NONE', #7146, #2772, #3492 ) ;
#518 = AXIS2_PLACEMENT_3D ( 'NONE', #885, #5808, #6685 ) ;
#519 = FACE_OUTER_BOUND ( 'NONE', #3613, .T. ) ;
#520 = CARTESIAN_POINT ( 'NONE',  ( -1.050000000000000044, 2.399999999999999911, -1.500000000000000000 ) ) ;
#521 = AXIS2_PLACEMENT_3D ( 'NONE', #5266, #6044, #1584 ) ;
#522 = SHAPE_DEFINITION_REPRESENTATION ( #2412, #813 ) ;
#523 = FACE_OUTER_BOUND ( 'NONE', #551, .T. ) ;
#524 = PLANE ( 'NONE',  #3242 ) ;
#525 = AXIS2_PLACEMENT_3D ( 'NONE', #7950, #2025, #595 ) ;
#526 = ORIENTED_EDGE ( 'NONE', *, *, #6626, .T. ) ;
#527 = DIRECTION ( 'NONE',  ( 0.000000000000000000, 0.1842885350502414255, 0.9828721869343114426 ) ) ;
#528 = CARTESIAN_POINT ( 'NONE',  ( -2.220000000000000195, 2.100000000000000089, -0.6500000000000001332 ) ) ;
#529 = AXIS2_PLACEMENT_3D ( 'NONE', #5356, #8410, #3964 ) ;
#530 = VECTOR ( 'NONE', #2949, 1000.000000000000000 ) ;
#531 = EDGE_CURVE ( 'NONE', #5361, #2452, #2437, .T. ) ;
#532 = LINE ( 'NONE', #3434, #5450 ) ;
#533 = DIRECTION ( 'NONE',  ( 0.000000000000000000, 0.000000000000000000, -1.000000000000000000 ) ) ;
#534 = FACE_OUTER_BOUND ( 'NONE', #4417, .T. ) ;
#535 = ORIENTED_EDGE ( 'NONE', *, *, #3637, .F. ) ;
#536 = CARTESIAN_POINT ( 'NONE',  ( 2.100000000000000089, 0.1500000000000140388, -3.600481571814050152 ) ) ;
#537 = CIRCLE ( 'NONE', #2053, 0.04999999999999991257 ) ;
#538 = DIRECTION ( 'NONE',  ( 0.000000000000000000, 0.000000000000000000, -1.000000000000000000 ) ) ;
#539 = ORIENTED_EDGE ( 'NONE', *, *, #2109, .T. ) ;
#540 = CARTESIAN_POINT ( 'NONE',  ( 1.949999999999999956, 2.399999999999999911, 1.800000000000000266 ) ) ;
#541 = ORIENTED_EDGE ( 'NONE', *, *, #6211, .T. ) ;
#542 = EDGE_CURVE ( 'NONE', #3575, #6499, #863, .T. ) ;
#543 = DIRECTION ( 'NONE',  ( 1.000000000000000000, 0.000000000000000000, 0.000000000000000000 ) ) ;
#544 = ADVANCED_FACE ( 'NONE', ( #57 ), #8265, .T. ) ;
#545 = VECTOR ( 'NONE', #3856, 1000.000000000000000 ) ;
#546 = CARTESIAN_POINT ( 'NONE',  ( 2.100000000000000089, 0.6460721337625500160, -3.405725418007999661 ) ) ;
#547 = CARTESIAN_POINT ( 'NONE',  ( -2.149999999999999911, 2.419999999999999929, 2.000000000000000000 ) ) ;
#548 = FACE_OUTER_BOUND ( 'NONE', #8411, .T. ) ;
#549 = DIRECTION ( 'NONE',  ( -0.000000000000000000, 1.000000000000000000, -0.000000000000000000 ) ) ;
#550 = LINE ( 'NONE', #8698, #5724 ) ;
#551 = EDGE_LOOP ( 'NONE', ( #1834, #1628, #7188, #69 ) ) ;
#552 = DIRECTION ( 'NONE',  ( 0.000000000000000000, -0.9828721869343458595, 0.1842885350500573227 ) ) ;
#553 = ORIENTED_EDGE ( 'NONE', *, *, #9435, .T. ) ;
#554 = AXIS2_PLACEMENT_3D ( 'NONE', #4912, #675, #8599 ) ;
#555 = EDGE_CURVE ( 'NONE', #2468, #4811, #8788, .T. ) ;
#556 = DIRECTION ( 'NONE',  ( -1.000000000000000000, 0.000000000000000000, 0.000000000000000000 ) ) ;
#557 = EDGE_CURVE ( 'NONE', #7350, #4738, #3192, .T. ) ;
#558 = DIRECTION ( 'NONE',  ( 1.000000000000000000, 0.000000000000000000, 0.000000000000000000 ) ) ;
#559 = DIRECTION ( 'NONE',  ( 0.000000000000000000, 0.9828721869343458595, -0.1842885350500574615 ) ) ;
#560 = VECTOR ( 'NONE', #320, 999.9999999999998863 ) ;
#561 = ORIENTED_EDGE ( 'NONE', *, *, #1662, .T. ) ;
#562 = ORIENTED_EDGE ( 'NONE', *, *, #3642, .F. ) ;
#563 = FACE_OUTER_BOUND ( 'NONE', #3133, .T. ) ;
#564 = ORIENTED_EDGE ( 'NONE', *, *, #6801, .F. ) ;
#565 = VERTEX_POINT ( 'NONE', #6231 ) ;
#566 = ADVANCED_FACE ( 'NONE', ( #2529 ), #5401, .T. ) ;
#567 = DIRECTION ( 'NONE',  ( 0.000000000000000000, -0.3328201177351369222, 0.9429903335828896394 ) ) ;
#568 = ADVANCED_FACE ( 'NONE', ( #1011 ), #7561, .T. ) ;
#569 = DIRECTION ( 'NONE',  ( 0.000000000000000000, 0.000000000000000000, 1.000000000000000000 ) ) ;
#570 = DIRECTION ( 'NONE',  ( 0.000000000000000000, 1.000000000000000000, 5.507747036224909506E-13 ) ) ;
#571 = DIRECTION ( 'NONE',  ( 1.000000000000000000, -0.000000000000000000, -0.000000000000000000 ) ) ;
#572 = VECTOR ( 'NONE', #814, 1000.000000000000000 ) ;
#573 = ORIENTED_EDGE ( 'NONE', *, *, #7199, .F. ) ;
#574 = ORIENTED_EDGE ( 'NONE', *, *, #1550, .T. ) ;
#575 = CARTESIAN_POINT ( 'NONE',  ( 2.100000000000000089, 0.6999999999999999556, 2.649999999999999911 ) ) ;
#576 = VECTOR ( 'NONE', #4127, 1000.000000000000000 ) ;
#577 = CARTESIAN_POINT ( 'NONE',  ( 2.399999999999999911, 0.6999999999999999556, 2.699999999999999734 ) ) ;
#578 = CARTESIAN_POINT ( 'NONE',  ( 1.699999999999999956, 0.6460721337625500160, 3.405725418007999661 ) ) ;
#579 = DIRECTION ( 'NONE',  ( -0.000000000000000000, 1.000000000000000000, -0.000000000000000000 ) ) ;
#580 = ORIENTED_EDGE ( 'NONE', *, *, #3184, .T. ) ;
#581 = AXIS2_PLACEMENT_3D ( 'NONE', #8435, #1986, #2701 ) ;
#582 = CARTESIAN_POINT ( 'NONE',  ( -3.011075042537500135, 2.399999999999999911, 2.158924957462475813 ) ) ;
#583 = ORIENTED_EDGE ( 'NONE', *, *, #5287, .T. ) ;
#584 = FACE_BOUND ( 'NONE', #3609, .T. ) ;
#585 = EDGE_CURVE ( 'NONE', #5885, #8075, #7655, .T. ) ;
#586 = ORIENTED_EDGE ( 'NONE', *, *, #4115, .F. ) ;
#587 = CARTESIAN_POINT ( 'NONE',  ( -0.3499999999999999778, 2.419999999999999929, 2.149999999999999911 ) ) ;
#588 = CARTESIAN_POINT ( 'NONE',  ( 2.100000000000000089, 0.1500000000000405176, -3.600481571814114989 ) ) ;
#589 = LINE ( 'NONE', #6431, #6090 ) ;
#590 = LINE ( 'NONE', #2771, #4454 ) ;
#591 = FACE_OUTER_BOUND ( 'NONE', #4969, .T. ) ;
#592 = CARTESIAN_POINT ( 'NONE',  ( 2.200000000000155609, 0.000000000000000000, 1.799999999999844835 ) ) ;
#593 = EDGE_LOOP ( 'NONE', ( #2117, #7476, #983, #8856, #7969, #3452, #4546, #5864 ) ) ;
#594 = EDGE_LOOP ( 'NONE', ( #6671, #7392 ) ) ;
#595 = DIRECTION ( 'NONE',  ( 0.000000000000000000, 0.000000000000000000, 1.000000000000000000 ) ) ;
#596 = ORIENTED_EDGE ( 'NONE', *, *, #6562, .T. ) ;
#597 = ADVANCED_FACE ( 'NONE', ( #1773 ), #2576, .F. ) ;
#598 = ADVANCED_FACE ( 'NONE', ( #4008 ), #7612, .T. ) ;
#599 = ORIENTED_EDGE ( 'NONE', *, *, #8407, .T. ) ;
#600 = DIRECTION ( 'NONE',  ( -1.000000000000000000, 0.000000000000000000, 0.000000000000000000 ) ) ;
#601 = DIRECTION ( 'NONE',  ( 0.000000000000000000, 1.000000000000000000, 0.000000000000000000 ) ) ;
#602 = DIRECTION ( 'NONE',  ( 0.000000000000000000, -1.000000000000000000, 0.000000000000000000 ) ) ;
#603 = EDGE_CURVE ( 'NONE', #285, #6036, #5492, .T. ) ;
#604 = ORIENTED_EDGE ( 'NONE', *, *, #8077, .F. ) ;
#605 = ORIENTED_EDGE ( 'NONE', *, *, #1189, .F. ) ;
#606 = CARTESIAN_POINT ( 'NONE',  ( 2.050000000000000266, 2.419999999999999929, 1.850000000000000089 ) ) ;
#607 = VERTEX_POINT ( 'NONE', #3958 ) ;
#608 = EDGE_CURVE ( 'NONE', #1303, #7350, #7061, .T. ) ;
#609 = EDGE_CURVE ( 'NONE', #7692, #7025, #2075, .T. ) ;
#610 = ORIENTED_EDGE ( 'NONE', *, *, #2801, .T. ) ;
#611 = CARTESIAN_POINT ( 'NONE',  ( 0.8299999999999999600, 0.7000000000000099476, -3.160007371274399901 ) ) ;
#612 = LINE ( 'NONE', #8633, #3920 ) ;
#613 = EDGE_CURVE ( 'NONE', #268, #9230, #5918, .T. ) ;
#614 = CARTESIAN_POINT ( 'NONE',  ( 0.8299999999999999600, 0.8499999999999999778, 3.160007371274399901 ) ) ;
#615 = ORIENTED_EDGE ( 'NONE', *, *, #361, .F. ) ;
#616 = EDGE_LOOP ( 'NONE', ( #9182, #4167, #5616, #4917 ) ) ;
#617 = EDGE_LOOP ( 'NONE', ( #808, #596, #6734, #8261, #1947 ) ) ;
#618 = CARTESIAN_POINT ( 'NONE',  ( 0.8299999999999999600, 0.8499999999999999778, -3.160007371274399901 ) ) ;
#619 = EDGE_CURVE ( 'NONE', #5768, #5203, #87, .T. ) ;
#620 = DIRECTION ( 'NONE',  ( 0.000000000000000000, 0.000000000000000000, -1.000000000000000000 ) ) ;
#621 = DIRECTION ( 'NONE',  ( -0.1160437261037696871, 0.9863474618335672517, -0.1168440763001397376 ) ) ;
#622 = CARTESIAN_POINT ( 'NONE',  ( -2.200000000000155609, 0.1499999999999999944, -1.799999999999844835 ) ) ;
#623 = CARTESIAN_POINT ( 'NONE',  ( 0.8299999999999999600, 0.05000000000000000278, 3.600481571814099890 ) ) ;
#624 = EDGE_LOOP ( 'NONE', ( #3706, #8980, #7259, #8202 ) ) ;
#625 = CYLINDRICAL_SURFACE ( 'NONE', #3716, 0.09999999999993694488 ) ;
#626 = ORIENTED_EDGE ( 'NONE', *, *, #5521, .T. ) ;
#627 = PLANE ( 'NONE',  #5526 ) ;
#628 = ORIENTED_EDGE ( 'NONE', *, *, #4961, .T. ) ;
#629 = DIRECTION ( 'NONE',  ( 0.000000000000000000, 0.9828721869343458595, -0.1842885350500574615 ) ) ;
#630 = CARTESIAN_POINT ( 'NONE',  ( 0.4500000000000000666, 2.419999999999999929, 1.850000000000000089 ) ) ;
#631 = CARTESIAN_POINT ( 'NONE',  ( -0.8400000000000001910, 0.8500000000000000888, -2.649999999999999911 ) ) ;
#632 = VECTOR ( 'NONE', #351, 1000.000000000000000 ) ;
#633 = DIRECTION ( 'NONE',  ( 1.000000000000000000, 0.000000000000000000, 0.000000000000000000 ) ) ;
#634 = DIRECTION ( 'NONE',  ( -1.000000000000000000, 0.000000000000000000, 0.000000000000000000 ) ) ;
#635 = ORIENTED_EDGE ( 'NONE', *, *, #6515, .T. ) ;
#636 = VERTEX_POINT ( 'NONE', #8859 ) ;
#637 = DIRECTION ( 'NONE',  ( 0.000000000000000000, 0.000000000000000000, -1.000000000000000000 ) ) ;
#638 = ORIENTED_EDGE ( 'NONE', *, *, #6625, .T. ) ;
#639 = ORIENTED_EDGE ( 'NONE', *, *, #7890, .F. ) ;
#640 = CIRCLE ( 'NONE', #9029, 0.09999999999993065825 ) ;
#641 = CARTESIAN_POINT ( 'NONE',  ( -1.824999999999999956, 2.419999999999999929, -2.200000000000000178 ) ) ;
#642 = FILL_AREA_STYLE ('',( #9295 ) ) ;
#643 = FACE_OUTER_BOUND ( 'NONE', #1560, .T. ) ;
#644 = EDGE_CURVE ( 'NONE', #8332, #9230, #7398, .T. ) ;
#645 = CARTESIAN_POINT ( 'NONE',  ( 2.100000000000000089, 0.8499999999999999778, -3.160007371274399901 ) ) ;
#646 = AXIS2_PLACEMENT_3D ( 'NONE', #7077, #9270, #4245 ) ;
#647 = ORIENTED_EDGE ( 'NONE', *, *, #2566, .T. ) ;
#648 = ORIENTED_EDGE ( 'NONE', *, *, #6333, .F. ) ;
#649 = VECTOR ( 'NONE', #5651, 1000.000000000000000 ) ;
#650 = LINE ( 'NONE', #2087, #7990 ) ;
#651 = ORIENTED_EDGE ( 'NONE', *, *, #9234, .F. ) ;
#652 = ORIENTED_EDGE ( 'NONE', *, *, #5916, .F. ) ;
#653 = COLOUR_RGB ( '',0.7568627450980391913, 0.7686274509803920907, 0.7529411764705882248 ) ;
#654 = CIRCLE ( 'NONE', #4775, 0.2500000000000515143 ) ;
#655 = CARTESIAN_POINT ( 'NONE',  ( -3.015392060589919598, 0.006367549061234840241, -2.415373668411479269 ) ) ;
#656 = CARTESIAN_POINT ( 'NONE',  ( -0.3499999999999999778, 0.05000000000000000278, 0.000000000000000000 ) ) ;
#657 = EDGE_CURVE ( 'NONE', #6474, #5375, #2422, .T. ) ;
#658 = EDGE_CURVE ( 'NONE', #154, #9218, #9007, .T. ) ;
#659 = B_SPLINE_CURVE_WITH_KNOTS ( 'NONE', 3,
 ( #3474, #4282, #4372, #1423 ),
 .UNSPECIFIED., .F., .F.,
 ( 4, 4 ),
 ( 0.7853981645510678122, 1.570796326794814846 ),
 .UNSPECIFIED. ) ;
#660 = CARTESIAN_POINT ( 'NONE',  ( -3.110390102969800008, 2.311684124756699710, -2.312229355600900149 ) ) ;
#661 = ORIENTED_EDGE ( 'NONE', *, *, #8260, .F. ) ;
#662 = LINE ( 'NONE', #3659, #9221 ) ;
#663 = ORIENTED_EDGE ( 'NONE', *, *, #3410, .F. ) ;
#664 = ORIENTED_EDGE ( 'NONE', *, *, #8129, .T. ) ;
#665 = VECTOR ( 'NONE', #4852, 1000.000000000000000 ) ;
#666 = PLANE ( 'NONE',  #6767 ) ;
#667 = EDGE_CURVE ( 'NONE', #2900, #2562, #6069, .T. ) ;
#668 = LINE ( 'NONE', #6603, #2219 ) ;
#669 = AXIS2_PLACEMENT_3D ( 'NONE', #7710, #6276, #2624 ) ;
#670 = EDGE_CURVE ( 'NONE', #3107, #6509, #3092, .T. ) ;
#671 = VECTOR ( 'NONE', #6282, 1000.000000000000000 ) ;
#672 = CARTESIAN_POINT ( 'NONE',  ( -0.3499999999999999778, 2.419999999999999929, 2.250000000000000444 ) ) ;
#673 = CARTESIAN_POINT ( 'NONE',  ( -1.709999999999999964, 0.04999999999999400063, -4.000000000000000000 ) ) ;
#674 = CARTESIAN_POINT ( 'NONE',  ( 2.299999999999999822, 0.1499999999999999944, -1.800000000000000266 ) ) ;
#675 = DIRECTION ( 'NONE',  ( -0.000000000000000000, 1.000000000000000000, -0.000000000000000000 ) ) ;
#676 = EDGE_LOOP ( 'NONE', ( #7808, #2011, #562, #6472 ) ) ;
#677 = CARTESIAN_POINT ( 'NONE',  ( -2.399999999999999911, 1.125000000000041966, -2.649999999999999911 ) ) ;
#678 = ORIENTED_EDGE ( 'NONE', *, *, #7273, .T. ) ;
#679 = CYLINDRICAL_SURFACE ( 'NONE', #2915, 0.2500000000000514033 ) ;
#680 = AXIS2_PLACEMENT_3D ( 'NONE', #7587, #3315, #5371 ) ;
#681 = VECTOR ( 'NONE', #55, 1000.000000000000000 ) ;
#682 = LINE ( 'NONE', #60, #3911 ) ;
#683 = CARTESIAN_POINT ( 'NONE',  ( 0.8299999999999999600, 0.05000000000000000278, 3.600481571814099890 ) ) ;
#684 = CARTESIAN_POINT ( 'NONE',  ( -2.125000000000000000, 2.419999999999999929, -1.949999999999999956 ) ) ;
#685 = LINE ( 'NONE', #4165, #3237 ) ;
#686 = VECTOR ( 'NONE', #4860, 1000.000000000000000 ) ;
#687 = LINE ( 'NONE', #1312, #1131 ) ;
#688 = CARTESIAN_POINT ( 'NONE',  ( 0.4500000000000000666, 2.399999999999999911, 1.750000000000000000 ) ) ;
#689 = ORIENTED_EDGE ( 'NONE', *, *, #1654, .F. ) ;
#690 = CARTESIAN_POINT ( 'NONE',  ( -3.135290074916162073, 2.100000000000000533, 2.388534217467118470 ) ) ;
#691 = VERTEX_POINT ( 'NONE', #4609 ) ;
#692 = ORIENTED_EDGE ( 'NONE', *, *, #33, .F. ) ;
#693 = VECTOR ( 'NONE', #7783, 1000.000000000000000 ) ;
#694 = CARTESIAN_POINT ( 'NONE',  ( -1.709999999999999964, 0.05000000000000000278, 4.000000000000000000 ) ) ;
#695 = CARTESIAN_POINT ( 'NONE',  ( 0.2499999999999835132, 0.5499999999999839462, 0.6500000000000001332 ) ) ;
#696 = LINE ( 'NONE', #2213, #887 ) ;
#697 = EDGE_LOOP ( 'NONE', ( #6456, #7204, #6012, #2935 ) ) ;
#698 = EDGE_LOOP ( 'NONE', ( #9177, #5658, #2089, #5388 ) ) ;
#699 = VECTOR ( 'NONE', #7983, 1000.000000000000114 ) ;
#700 = DIRECTION ( 'NONE',  ( 0.1102635692839943476, -0.3307907078519820576, 0.9372403389139513097 ) ) ;
#701 = ORIENTED_EDGE ( 'NONE', *, *, #5475, .T. ) ;
#702 = ORIENTED_EDGE ( 'NONE', *, *, #6923, .T. ) ;
#703 = EDGE_CURVE ( 'NONE', #2784, #2921, #8916, .T. ) ;
#704 = CARTESIAN_POINT ( 'NONE',  ( 0.2200000000000000011, 2.399999999999999911, -1.500000000000000000 ) ) ;
#705 = VECTOR ( 'NONE', #2271, 1000.000000000000000 ) ;
#706 = CARTESIAN_POINT ( 'NONE',  ( -1.709999999999999964, 0.6460721337625500160, 3.405725418007999661 ) ) ;
#707 = PLANE ( 'NONE',  #3570 ) ;
#708 = ORIENTED_EDGE ( 'NONE', *, *, #8475, .F. ) ;
#709 = LINE ( 'NONE', #7758, #5094 ) ;
#710 = ORIENTED_EDGE ( 'NONE', *, *, #6246, .F. ) ;
#711 = CARTESIAN_POINT ( 'NONE',  ( 1.020000000000000018, 2.100000000000000089, 0.6500000000000001332 ) ) ;
#712 = VECTOR ( 'NONE', #1504, 1000.000000000000000 ) ;
#713 = ADVANCED_FACE ( 'NONE', ( #3031 ), #5334, .T. ) ;
#714 = EDGE_CURVE ( 'NONE', #2644, #4655, #5026, .T. ) ;
#715 = DIRECTION ( 'NONE',  ( -0.000000000000000000, 1.000000000000000000, -0.000000000000000000 ) ) ;
#716 = VECTOR ( 'NONE', #8693, 1000.000000000000000 ) ;
#717 = DIRECTION ( 'NONE',  ( 0.000000000000000000, 0.000000000000000000, -1.000000000000000000 ) ) ;
#718 = FACE_OUTER_BOUND ( 'NONE', #1842, .T. ) ;
#719 = DIRECTION ( 'NONE',  ( 1.000000000000000000, 0.000000000000000000, 0.000000000000000000 ) ) ;
#720 = EDGE_CURVE ( 'NONE', #3731, #738, #5962, .T. ) ;
#721 = CARTESIAN_POINT ( 'NONE',  ( -0.4400000000000000022, -0.1000000000000000056, -4.000000000000000000 ) ) ;
#722 = ORIENTED_EDGE ( 'NONE', *, *, #5193, .F. ) ;
#723 = LINE ( 'NONE', #6609, #7395 ) ;
#724 = VERTEX_POINT ( 'NONE', #1613 ) ;
#725 = DIRECTION ( 'NONE',  ( 0.000000000000000000, -1.000000000000000000, 0.000000000000000000 ) ) ;
#726 = AXIS2_PLACEMENT_3D ( 'NONE', #148, #8871, #3041 ) ;
#727 = AXIS2_PLACEMENT_3D ( 'NONE', #4280, #7207, #3557 ) ;
#728 = DIRECTION ( 'NONE',  ( 0.000000000000000000, -1.000000000000000000, 0.000000000000000000 ) ) ;
#729 = DIRECTION ( 'NONE',  ( -1.000000000000000000, 0.000000000000000000, 0.000000000000000000 ) ) ;
#730 = LINE ( 'NONE', #631, #4088 ) ;
#731 = CARTESIAN_POINT ( 'NONE',  ( 1.949999999999999956, 2.419999999999999929, 1.949999999999999956 ) ) ;
#732 = VECTOR ( 'NONE', #602, 1000.000000000000000 ) ;
#733 = CARTESIAN_POINT ( 'NONE',  ( 0.8299999999999999600, 0.04999999999999400063, -4.000000000000000000 ) ) ;
#734 = EDGE_CURVE ( 'NONE', #955, #8662, #179, .T. ) ;
#735 = LINE ( 'NONE', #4733, #2044 ) ;
#736 = ORIENTED_EDGE ( 'NONE', *, *, #9420, .T. ) ;
#737 = FACE_OUTER_BOUND ( 'NONE', #2975, .T. ) ;
#738 = VERTEX_POINT ( 'NONE', #1661 ) ;
#739 = ORIENTED_EDGE ( 'NONE', *, *, #6246, .T. ) ;
#740 = ADVANCED_FACE ( 'NONE', ( #4563 ), #7494, .F. ) ;
#741 = DIRECTION ( 'NONE',  ( 0.000000000000000000, 0.000000000000000000, -1.000000000000000000 ) ) ;
#742 = DIRECTION ( 'NONE',  ( 0.000000000000000000, 0.000000000000000000, -1.000000000000000000 ) ) ;
#743 = PLANE ( 'NONE',  #2848 ) ;
#744 = DIRECTION ( 'NONE',  ( -1.000000000000000000, 0.000000000000000000, 0.000000000000000000 ) ) ;
#745 = VERTEX_POINT ( 'NONE', #3892 ) ;
#746 = EDGE_LOOP ( 'NONE', ( #3136, #7802, #4202, #5284 ) ) ;
#747 = CARTESIAN_POINT ( 'NONE',  ( -2.299999999999999822, 0.000000000000000000, -2.373922824958615063 ) ) ;
#748 = ORIENTED_EDGE ( 'NONE', *, *, #4458, .F. ) ;
#749 = VERTEX_POINT ( 'NONE', #8530 ) ;
#750 = CARTESIAN_POINT ( 'NONE',  ( -0.3207106781186499500, 0.6207106781186499944, 0.6207106781186499944 ) ) ;
#751 = CARTESIAN_POINT ( 'NONE',  ( -1.520000000000000018, 1.750000000000000000, 0.6500000000000001332 ) ) ;
#752 = DIRECTION ( 'NONE',  ( 1.000000000000000000, -0.000000000000000000, -0.000000000000000000 ) ) ;
#753 = EDGE_CURVE ( 'NONE', #5946, #1541, #2162, .T. ) ;
#754 = ORIENTED_EDGE ( 'NONE', *, *, #7639, .T. ) ;
#755 = DIRECTION ( 'NONE',  ( 0.000000000000000000, 0.000000000000000000, -1.000000000000000000 ) ) ;
#756 = DIRECTION ( 'NONE',  ( -1.000000000000000000, 0.000000000000000000, 0.000000000000000000 ) ) ;
#757 = ORIENTED_EDGE ( 'NONE', *, *, #2304, .T. ) ;
#758 = CARTESIAN_POINT ( 'NONE',  ( 7.347880794884117764E-17, 0.000000000000000000, 0.5999999999999999778 ) ) ;
#759 = CARTESIAN_POINT ( 'NONE',  ( 1.649999999999999911, 2.419999999999999929, 2.200000000000000178 ) ) ;
#760 = LINE ( 'NONE', #8685, #9424 ) ;
#761 = DIRECTION ( 'NONE',  ( -0.000000000000000000, 1.000000000000000000, -0.000000000000000000 ) ) ;
#762 = EDGE_CURVE ( 'NONE', #1247, #9374, #640, .T. ) ;
#763 = CARTESIAN_POINT ( 'NONE',  ( -1.709999999999999964, 0.1315711464949800014, -3.502194353120600123 ) ) ;
#764 = VERTEX_POINT ( 'NONE', #3944 ) ;
#765 = CARTESIAN_POINT ( 'NONE',  ( 2.290000000000000036, 1.750000000000000000, -0.6500000000000001332 ) ) ;
#766 = ORIENTED_EDGE ( 'NONE', *, *, #6379, .F. ) ;
#767 = CARTESIAN_POINT ( 'NONE',  ( -2.475000000000000089, 2.419999999999999929, -1.949999999999999956 ) ) ;
#768 = DIRECTION ( 'NONE',  ( -0.000000000000000000, 1.000000000000000000, -0.000000000000000000 ) ) ;
#769 = CARTESIAN_POINT ( 'NONE',  ( 0.000000000000000000, 0.2000000000000000111, 0.000000000000000000 ) ) ;
#770 = ADVANCED_FACE ( 'NONE', ( #3274 ), #3364, .T. ) ;
#771 = ADVANCED_FACE ( 'NONE', ( #7690 ), #2559, .T. ) ;
#772 = DIRECTION ( 'NONE',  ( 0.000000000000000000, -1.000000000000000000, 0.000000000000000000 ) ) ;
#773 = DIRECTION ( 'NONE',  ( 1.000000000000000000, 0.000000000000000000, 0.000000000000000000 ) ) ;
#774 = ORIENTED_EDGE ( 'NONE', *, *, #6040, .T. ) ;
#775 = CARTESIAN_POINT ( 'NONE',  ( -1.709999999999999964, 0.1500000000000175360, 3.600481571814044823 ) ) ;
#776 = ORIENTED_EDGE ( 'NONE', *, *, #1365, .T. ) ;
#777 = EDGE_LOOP ( 'NONE', ( #6285, #7467, #5219, #9103 ) ) ;
#778 = ADVANCED_FACE ( 'NONE', ( #322 ), #8349, .T. ) ;
#779 = CARTESIAN_POINT ( 'NONE',  ( -2.299999999999999822, 0.07243626441829999207, -2.470048994552399790 ) ) ;
#780 = CARTESIAN_POINT ( 'NONE',  ( -1.709999999999999964, 0.1500000000000140388, -3.600481571814050152 ) ) ;
#781 = DIRECTION ( 'NONE',  ( 1.000000000000000000, 0.000000000000000000, 0.000000000000000000 ) ) ;
#782 = ADVANCED_FACE ( 'NONE', ( #1088 ), #6350, .F. ) ;
#783 = DIRECTION ( 'NONE',  ( 1.000000000000000000, 0.000000000000000000, 0.000000000000000000 ) ) ;
#784 = ORIENTED_EDGE ( 'NONE', *, *, #8539, .T. ) ;
#785 = ORIENTED_EDGE ( 'NONE', *, *, #5521, .F. ) ;
#786 = PLANE ( 'NONE',  #7524 ) ;
#787 = ORIENTED_EDGE ( 'NONE', *, *, #4513, .T. ) ;
#788 = VECTOR ( 'NONE', #5048, 1000.000000000000114 ) ;
#789 = VERTEX_POINT ( 'NONE', #3321 ) ;
#790 = LINE ( 'NONE', #6689, #2079 ) ;
#791 = VECTOR ( 'NONE', #4132, 1000.000000000000000 ) ;
#792 = DIRECTION ( 'NONE',  ( 0.000000000000000000, 0.000000000000000000, -1.000000000000000000 ) ) ;
#793 = PLANE ( 'NONE',  #2957 ) ;
#794 = ORIENTED_EDGE ( 'NONE', *, *, #3219, .F. ) ;
#795 = LINE ( 'NONE', #1617, #58 ) ;
#796 = CARTESIAN_POINT ( 'NONE',  ( -0.9000000000000001332, 2.419999999999999929, 2.200000000000000178 ) ) ;
#797 = ORIENTED_EDGE ( 'NONE', *, *, #7865, .F. ) ;
#798 = DIRECTION ( 'NONE',  ( 0.000000000000000000, 0.000000000000000000, -1.000000000000000000 ) ) ;
#799 = CIRCLE ( 'NONE', #1266, 0.1000000000000263872 ) ;
#800 = VECTOR ( 'NONE', #2155, 1000.000000000000000 ) ;
#801 = DIRECTION ( 'NONE',  ( 0.000000000000000000, 0.000000000000000000, 1.000000000000000000 ) ) ;
#802 = VECTOR ( 'NONE', #5021, 1000.000000000000000 ) ;
#803 = CARTESIAN_POINT ( 'NONE',  ( 0.3200000000000001732, 2.100000000000000089, 0.6500000000000000222 ) ) ;
#804 = VECTOR ( 'NONE', #3573, 1000.000000000000000 ) ;
#805 = EDGE_LOOP ( 'NONE', ( #1182, #5348, #2631, #5573 ) ) ;
#806 = DIRECTION ( 'NONE',  ( 0.000000000000000000, 0.000000000000000000, -1.000000000000000000 ) ) ;
#807 = VERTEX_POINT ( 'NONE', #4756 ) ;
#808 = ORIENTED_EDGE ( 'NONE', *, *, #6874, .T. ) ;
#809 = CARTESIAN_POINT ( 'NONE',  ( -2.024999999999999911, 2.399999999999999911, -1.949999999999999956 ) ) ;
#810 = AXIS2_PLACEMENT_3D ( 'NONE', #9189, #4793, #7771 ) ;
#811 = VECTOR ( 'NONE', #5860, 1000.000000000000000 ) ;
#812 = VECTOR ( 'NONE', #552, 1000.000000000000114 ) ;
#813 = SHAPE_REPRESENTATION ( 'CHS-slider', ( #4988 ), #5300 ) ;
#814 = DIRECTION ( 'NONE',  ( 0.000000000000000000, -1.000000000000000000, 0.000000000000000000 ) ) ;
#815 = LINE ( 'NONE', #8695, #894 ) ;
#816 = DIRECTION ( 'NONE',  ( 0.000000000000000000, 1.000000000000000000, 7.979727989491668017E-14 ) ) ;
#817 = DIRECTION ( 'NONE',  ( -1.000000000000000000, 0.000000000000000000, 0.000000000000000000 ) ) ;
#818 = VECTOR ( 'NONE', #9088, 1000.000000000000114 ) ;
#819 = LINE ( 'NONE', #5842, #7996 ) ;
#820 = ORIENTED_EDGE ( 'NONE', *, *, #3521, .F. ) ;
#821 = VECTOR ( 'NONE', #4251, 1000.000000000000000 ) ;
#822 = CARTESIAN_POINT ( 'NONE',  ( -1.709999999999999964, 0.1500000000000405176, 3.600481571814114989 ) ) ;
#823 = VERTEX_POINT ( 'NONE', #9157 ) ;
#824 = CARTESIAN_POINT ( 'NONE',  ( -0.2758503961843509766, 0.6499999999999975797, 0.5758503961843499663 ) ) ;
#825 = EDGE_LOOP ( 'NONE', ( #5647, #1883, #4179, #5359 ) ) ;
#826 = ADVANCED_FACE ( 'NONE', ( #4805 ), #4039, .F. ) ;
#827 = EDGE_CURVE ( 'NONE', #2600, #1957, #5731, .T. ) ;
#828 = AXIS2_PLACEMENT_3D ( 'NONE', #2467, #2277, #4671 ) ;
#829 = LINE ( 'NONE', #3831, #5592 ) ;
#830 = VECTOR ( 'NONE', #6924, 1000.000000000000000 ) ;
#831 = DIRECTION ( 'NONE',  ( 0.000000000000000000, 0.000000000000000000, 1.000000000000000000 ) ) ;
#832 = CARTESIAN_POINT ( 'NONE',  ( -0.3207106781186499500, 0.6207106781186499944, 0.6207106781186499944 ) ) ;
#833 = PLANE ( 'NONE',  #1116 ) ;
#834 = UNCERTAINTY_MEASURE_WITH_UNIT (LENGTH_MEASURE( 1.000000000000000082E-05 ), #2164, 'distance_accuracy_value', 'NONE');
#835 = PLANE ( 'NONE',  #1428 ) ;
#836 = ORIENTED_EDGE ( 'NONE', *, *, #8069, .T. ) ;
#837 = VERTEX_POINT ( 'NONE', #5480 ) ;
#838 = PLANE ( 'NONE',  #8573 ) ;
#839 = EDGE_CURVE ( 'NONE', #6673, #9388, #7831, .T. ) ;
#840 = EDGE_LOOP ( 'NONE', ( #2139, #6847, #1982, #9321 ) ) ;
#841 = EDGE_LOOP ( 'NONE', ( #398, #4697, #182, #7597 ) ) ;
#842 = CIRCLE ( 'NONE', #6199, 0.09999999999984543475 ) ;
#843 = CARTESIAN_POINT ( 'NONE',  ( 1.590000000000000080, 2.100000000000000089, 0.6500000000000001332 ) ) ;
#844 = CARTESIAN_POINT ( 'NONE',  ( 2.050000000000000266, 2.419999999999999929, 1.850000000000000089 ) ) ;
#845 = CARTESIAN_POINT ( 'NONE',  ( 2.735443298370965781, 2.399999999999980371, -2.434556701629034148 ) ) ;
#846 = DIRECTION ( 'NONE',  ( 0.000000000000000000, 1.000000000000000000, 0.000000000000000000 ) ) ;
#847 = ORIENTED_EDGE ( 'NONE', *, *, #1581, .F. ) ;
#848 = CARTESIAN_POINT ( 'NONE',  ( -2.200000000000000178, 0.000000000000000000, -1.699999999999999956 ) ) ;
#849 = DIRECTION ( 'NONE',  ( -1.000000000000000000, 0.000000000000000000, 0.000000000000000000 ) ) ;
#850 = EDGE_CURVE ( 'NONE', #6424, #7718, #7734, .T. ) ;
#851 = VERTEX_POINT ( 'NONE', #3416 ) ;
#852 = FILL_AREA_STYLE_COLOUR ( '', #7975 ) ;
#853 = EDGE_CURVE ( 'NONE', #1759, #8250, #508, .T. ) ;
#854 = VECTOR ( 'NONE', #8815, 1000.000000000000000 ) ;
#855 = LINE ( 'NONE', #3763, #4207 ) ;
#856 = DIRECTION ( 'NONE',  ( 1.000000000000000000, 0.000000000000000000, 1.604619215278286554E-13 ) ) ;
#857 = AXIS2_PLACEMENT_3D ( 'NONE', #7640, #2509, #9057 ) ;
#858 = ORIENTED_EDGE ( 'NONE', *, *, #7806, .F. ) ;
#859 = CARTESIAN_POINT ( 'NONE',  ( -0.2758484445709290522, 0.5758484445709328714, 6.331042981347042869E-18 ) ) ;
#860 = VERTEX_POINT ( 'NONE', #7014 ) ;
#861 = CARTESIAN_POINT ( 'NONE',  ( -2.225000000000000089, 2.419999999999999929, -1.850000000000000089 ) ) ;
#862 = ORIENTED_EDGE ( 'NONE', *, *, #4619, .T. ) ;
#863 = LINE ( 'NONE', #7363, #6917 ) ;
#864 = CIRCLE ( 'NONE', #9413, 0.05000000000000002359 ) ;
#865 = DIRECTION ( 'NONE',  ( 0.000000000000000000, 0.000000000000000000, -1.000000000000000000 ) ) ;
#866 = DIRECTION ( 'NONE',  ( 0.000000000000000000, 0.000000000000000000, 1.000000000000000000 ) ) ;
#867 = DIRECTION ( 'NONE',  ( 0.000000000000000000, 0.000000000000000000, -1.000000000000000000 ) ) ;
#868 = CARTESIAN_POINT ( 'NONE',  ( -3.137602400615870035, 0.6999999999999999556, 2.700000000000000178 ) ) ;
#869 = EDGE_CURVE ( 'NONE', #6880, #6557, #459, .T. ) ;
#870 = ORIENTED_EDGE ( 'NONE', *, *, #4522, .T. ) ;
#871 = PRODUCT_DEFINITION_FORMATION_WITH_SPECIFIED_SOURCE ( 'ANY', '', #5925, .NOT_KNOWN. ) ;
#872 = AXIS2_PLACEMENT_3D ( 'NONE', #587, #2151, #6479 ) ;
#873 = DIRECTION ( 'NONE',  ( 1.000000000000000000, -0.000000000000000000, -0.000000000000000000 ) ) ;
#874 = EDGE_LOOP ( 'NONE', ( #968, #6862, #6259, #4230 ) ) ;
#875 = CARTESIAN_POINT ( 'NONE',  ( 1.699999999999999956, 0.8500000000000000888, -2.649999999999999911 ) ) ;
#876 = ORIENTED_EDGE ( 'NONE', *, *, #6754, .T. ) ;
#877 = DIRECTION ( 'NONE',  ( 0.000000000000000000, 0.000000000000000000, 1.000000000000000000 ) ) ;
#878 = AXIS2_PLACEMENT_3D ( 'NONE', #4462, #5042, #8159 ) ;
#879 = DIRECTION ( 'NONE',  ( 0.000000000000000000, 0.000000000000000000, 1.000000000000000000 ) ) ;
#880 = CARTESIAN_POINT ( 'NONE',  ( -0.2500000000000000000, 2.100000000000000089, -0.6500000000000001332 ) ) ;
#881 = CARTESIAN_POINT ( 'NONE',  ( -2.924608040757192384, 2.318620064917550128, -2.509574110009710868 ) ) ;
#882 = ORIENTED_EDGE ( 'NONE', *, *, #4911, .F. ) ;
#883 = EDGE_CURVE ( 'NONE', #1080, #8846, #5081, .T. ) ;
#884 = EDGE_LOOP ( 'NONE', ( #6776, #7575, #4575, #5198 ) ) ;
#885 = CARTESIAN_POINT ( 'NONE',  ( -2.220000000000000195, 2.100000000000000089, 1.500000000000000000 ) ) ;
#886 = ORIENTED_EDGE ( 'NONE', *, *, #210, .F. ) ;
#888 = EDGE_LOOP ( 'NONE', ( #7874, #8563, #4015, #3503 ) ) ;
#887 = VECTOR ( 'NONE', #8051, 1000.000000000000000 ) ;
#889 = DIRECTION ( 'NONE',  ( 0.000000000000000000, 0.000000000000000000, 1.000000000000000000 ) ) ;
#890 = DIRECTION ( 'NONE',  ( -1.000000000000000000, 0.000000000000000000, 0.000000000000000000 ) ) ;
#891 = B_SPLINE_CURVE_WITH_KNOTS ( 'NONE', 3,
 ( #5415, #1687, #3787, #7578 ),
 .UNSPECIFIED., .F., .F.,
 ( 4, 4 ),
 ( 2.359631110905391349, 3.079772590534461063 ),
 .UNSPECIFIED. ) ;
#892 = EDGE_CURVE ( 'NONE', #691, #6365, #6990, .T. ) ;
#893 = LINE ( 'NONE', #8014, #9273 ) ;
#894 = VECTOR ( 'NONE', #3674, 1000.000000000000000 ) ;
#895 = CARTESIAN_POINT ( 'NONE',  ( 1.949999999999999956, 2.419999999999999929, 1.850000000000000089 ) ) ;
#896 = DIRECTION ( 'NONE',  ( 0.000000000000000000, 0.000000000000000000, 1.000000000000000000 ) ) ;
#897 = ORIENTED_EDGE ( 'NONE', *, *, #6562, .F. ) ;
#898 = EDGE_CURVE ( 'NONE', #1509, #9388, #7197, .T. ) ;
#899 = ORIENTED_EDGE ( 'NONE', *, *, #6087, .T. ) ;
#900 = ADVANCED_FACE ( 'NONE', ( #4941 ), #9395, .T. ) ;
#901 = LINE ( 'NONE', #5294, #4144 ) ;
#902 = CARTESIAN_POINT ( 'NONE',  ( -0.4400000000000000022, 0.5999999999999731104, 3.160007371274344834 ) ) ;
#903 = ORIENTED_EDGE ( 'NONE', *, *, #3801, .T. ) ;
#904 = CARTESIAN_POINT ( 'NONE',  ( 2.290000000000000036, 1.750000000000000000, 0.6500000000000001332 ) ) ;
#905 = CARTESIAN_POINT ( 'NONE',  ( -0.2499999999999999445, 1.750000000000000000, -0.6500000000000001332 ) ) ;
#906 = EDGE_CURVE ( 'NONE', #5142, #6006, #8708, .T. ) ;
#907 = DIRECTION ( 'NONE',  ( -0.000000000000000000, 1.000000000000000000, -0.000000000000000000 ) ) ;
#908 = DIRECTION ( 'NONE',  ( 0.000000000000000000, 0.000000000000000000, -1.000000000000000000 ) ) ;
#909 = EDGE_CURVE ( 'NONE', #7024, #510, #3645, .T. ) ;
#910 = VERTEX_POINT ( 'NONE', #3463 ) ;
#911 = FACE_OUTER_BOUND ( 'NONE', #4850, .T. ) ;
#912 = ORIENTED_EDGE ( 'NONE', *, *, #3476, .F. ) ;
#913 = LINE ( 'NONE', #4535, #2500 ) ;
#914 = ORIENTED_EDGE ( 'NONE', *, *, #3273, .F. ) ;
#915 = CARTESIAN_POINT ( 'NONE',  ( -1.709999999999999964, -0.1000000000000000056, -3.600481571814099890 ) ) ;
#916 = LINE ( 'NONE', #964, #6854 ) ;
#917 = EDGE_CURVE ( 'NONE', #3216, #4124, #2919, .T. ) ;
#918 = CARTESIAN_POINT ( 'NONE',  ( 1.649999999999999911, 2.399999999999999911, 2.250000000000000444 ) ) ;
#919 = PLANE ( 'NONE',  #4320 ) ;
#920 = PLANE ( 'NONE',  #6024 ) ;
#921 = ORIENTED_EDGE ( 'NONE', *, *, #381, .F. ) ;
#922 = LINE ( 'NONE', #8892, #5866 ) ;
#923 = ORIENTED_EDGE ( 'NONE', *, *, #6065, .T. ) ;
#924 = CARTESIAN_POINT ( 'NONE',  ( 0.4299999999999999933, 0.5999999999999870992, -3.160007371274350163 ) ) ;
#925 = ORIENTED_EDGE ( 'NONE', *, *, #7684, .T. ) ;
#926 = LINE ( 'NONE', #976, #1479 ) ;
#927 = DIRECTION ( 'NONE',  ( 0.000000000000000000, 1.000000000000000000, 0.000000000000000000 ) ) ;
#928 = CARTESIAN_POINT ( 'NONE',  ( 2.399999999999999911, 0.000000000000000000, 2.649999999999999911 ) ) ;
#929 = CARTESIAN_POINT ( 'NONE',  ( -0.3499999999999999778, 0.000000000000000000, 0.6500000000000001332 ) ) ;
#930 = ORIENTED_EDGE ( 'NONE', *, *, #3349, .F. ) ;
#931 = EDGE_LOOP ( 'NONE', ( #9054, #6111, #2073, #1151, #6761 ) ) ;
#932 = CARTESIAN_POINT ( 'NONE',  ( 0.6500000000000001332, 2.419999999999999929, 1.850000000000000089 ) ) ;
#933 = FACE_OUTER_BOUND ( 'NONE', #1114, .T. ) ;
#934 = ORIENTED_EDGE ( 'NONE', *, *, #8529, .T. ) ;
#935 = VERTEX_POINT ( 'NONE', #5855 ) ;
#936 = EDGE_CURVE ( 'NONE', #5357, #8387, #9348, .T. ) ;
#937 = DIRECTION ( 'NONE',  ( 0.000000000000000000, 0.000000000000000000, -1.000000000000000000 ) ) ;
#938 = CARTESIAN_POINT ( 'NONE',  ( 3.070048994552400323, 0.07243626441829999207, 2.470048994552400234 ) ) ;
#939 = CARTESIAN_POINT ( 'NONE',  ( 3.066904760731809620, 0.06147182829467660176, 2.466904760731809976 ) ) ;
#940 = CARTESIAN_POINT ( 'NONE',  ( -3.244954963079024868, 0.6824058653720780354, -2.644954963079025223 ) ) ;
#941 = VERTEX_POINT ( 'NONE', #1325 ) ;
#942 = VECTOR ( 'NONE', #4244, 1000.000000000000114 ) ;
#943 = CARTESIAN_POINT ( 'NONE',  ( -3.250000000000000444, 0.6999999999999999556, -2.635272211428770106 ) ) ;
#944 = DIRECTION ( 'NONE',  ( -1.000000000000000000, 0.000000000000000000, 0.000000000000000000 ) ) ;
#945 = ORIENTED_EDGE ( 'NONE', *, *, #8620, .F. ) ;
#946 = EDGE_CURVE ( 'NONE', #6307, #4413, #1506, .T. ) ;
#947 = AXIS2_PLACEMENT_3D ( 'NONE', #3773, #5890, #1722 ) ;
#948 = EDGE_CURVE ( 'NONE', #8702, #5433, #8193, .T. ) ;
#949 = CARTESIAN_POINT ( 'NONE',  ( -0.9499999999999999556, 2.419999999999999929, 1.850000000000000089 ) ) ;
#950 = FACE_OUTER_BOUND ( 'NONE', #7149, .T. ) ;
#951 = FACE_OUTER_BOUND ( 'NONE', #1932, .T. ) ;
#952 = VERTEX_POINT ( 'NONE', #1690 ) ;
#953 = VECTOR ( 'NONE', #5637, 1000.000000000000000 ) ;
#954 = CARTESIAN_POINT ( 'NONE',  ( 0.3200000000000000067, 1.750000000000000000, 0.6500000000000001332 ) ) ;
#955 = VERTEX_POINT ( 'NONE', #7481 ) ;
#956 = VECTOR ( 'NONE', #1546, 1000.000000000000000 ) ;
#957 = ORIENTED_EDGE ( 'NONE', *, *, #5365, .T. ) ;
#958 = ADVANCED_FACE ( 'NONE', ( #8952 ), #4595, .F. ) ;
#959 = CARTESIAN_POINT ( 'NONE',  ( -2.659609897030200010, 2.311684124756699710, 2.510390102969800807 ) ) ;
#960 = EDGE_CURVE ( 'NONE', #2049, #3542, #7385, .T. ) ;
#961 = AXIS2_PLACEMENT_3D ( 'NONE', #2032, #3501, #742 ) ;
#962 = VECTOR ( 'NONE', #1561, 1000.000000000000000 ) ;
#963 = PRODUCT_DEFINITION_SHAPE ( 'NONE', 'NONE',  #9459 ) ;
#964 = CARTESIAN_POINT ( 'NONE',  ( 1.649999999999999911, 2.419999999999999929, 1.949999999999999956 ) ) ;
#965 = LINE ( 'NONE', #6617, #2483 ) ;
#966 = DIRECTION ( 'NONE',  ( 0.000000000000000000, 0.9828721869343112205, -0.1842885350502417308 ) ) ;
#967 = DIRECTION ( 'NONE',  ( 0.000000000000000000, 1.000000000000000000, 0.000000000000000000 ) ) ;
#968 = ORIENTED_EDGE ( 'NONE', *, *, #4266, .F. ) ;
#969 = DIRECTION ( 'NONE',  ( -1.000000000000000000, 0.000000000000000000, 0.000000000000000000 ) ) ;
#970 = ORIENTED_EDGE ( 'NONE', *, *, #1699, .F. ) ;
#971 = EDGE_CURVE ( 'NONE', #4439, #195, #5380, .T. ) ;
#972 = CARTESIAN_POINT ( 'NONE',  ( -0.6500000000000001332, 2.399999999999999911, 1.750000000000000000 ) ) ;
#973 = CIRCLE ( 'NONE', #4471, 0.1000000000000075967 ) ;
#974 = AXIS2_PLACEMENT_3D ( 'NONE', #9398, #5717, #8577 ) ;
#975 = ORIENTED_EDGE ( 'NONE', *, *, #6122, .T. ) ;
#976 = CARTESIAN_POINT ( 'NONE',  ( 3.070048994552400323, 0.07243626441830010310, 2.470048994552399790 ) ) ;
#977 = VECTOR ( 'NONE', #7619, 1000.000000000000000 ) ;
#978 = CYLINDRICAL_SURFACE ( 'NONE', #1724, 0.1000000000000202116 ) ;
#979 = DIRECTION ( 'NONE',  ( 0.000000000000000000, -1.000000000000000000, 0.000000000000000000 ) ) ;
#980 = FACE_OUTER_BOUND ( 'NONE', #698, .T. ) ;
#981 = AXIS2_PLACEMENT_3D ( 'NONE', #6471, #3578, #1968 ) ;
#982 = PLANE ( 'NONE',  #2493 ) ;
#983 = ORIENTED_EDGE ( 'NONE', *, *, #3415, .T. ) ;
#984 = VERTEX_POINT ( 'NONE', #2264 ) ;
#985 = PLANE ( 'NONE',  #5836 ) ;
#986 = EDGE_LOOP ( 'NONE', ( #8865, #78, #2926, #5087 ) ) ;
#987 = ORIENTED_EDGE ( 'NONE', *, *, #3671, .F. ) ;
#988 = CIRCLE ( 'NONE', #7095, 0.05000000000000012768 ) ;
#989 = FACE_OUTER_BOUND ( 'NONE', #7287, .T. ) ;
#990 = LINE ( 'NONE', #6784, #4837 ) ;
#991 = DIRECTION ( 'NONE',  ( 0.1234463296750473449, -0.9855542437947861778, -0.1159475580935053207 ) ) ;
#992 = ADVANCED_BREP_SHAPE_REPRESENTATION ( '', ( #2595, #4988 ), #2860 ) ;
#993 = CARTESIAN_POINT ( 'NONE',  ( -1.352215803790500326, 2.419999999999999929, -2.129491420826799875 ) ) ;
#994 = VERTEX_POINT ( 'NONE', #6772 ) ;
#995 = ORIENTED_EDGE ( 'NONE', *, *, #4396, .T. ) ;
#996 = CIRCLE ( 'NONE', #2357, 0.2500000000000405787 ) ;
#997 = DIRECTION ( 'NONE',  ( -1.000000000000000000, 0.000000000000000000, 0.000000000000000000 ) ) ;
#998 = CARTESIAN_POINT ( 'NONE',  ( -0.8400000000000001910, 0.6999999999999999556, 2.649999999999999911 ) ) ;
#999 = ORIENTED_EDGE ( 'NONE', *, *, #6916, .F. ) ;
#1000 = EDGE_CURVE ( 'NONE', #6870, #9140, #1647, .T. ) ;
#1001 = LINE ( 'NONE', #6027, #9402 ) ;
#1002 = AXIS2_PLACEMENT_3D ( 'NONE', #7015, #5431, #1089 ) ;
#1003 = FACE_OUTER_BOUND ( 'NONE', #9396, .T. ) ;
#1004 = ORIENTED_EDGE ( 'NONE', *, *, #3058, .F. ) ;
#1005 = DIRECTION ( 'NONE',  ( 0.000000000000000000, 0.000000000000000000, -1.000000000000000000 ) ) ;
#1006 = ORIENTED_EDGE ( 'NONE', *, *, #5975, .T. ) ;
#1007 = EDGE_CURVE ( 'NONE', #9290, #1173, #7529, .T. ) ;
#1008 = EDGE_CURVE ( 'NONE', #5136, #290, #2361, .T. ) ;
#1009 = CIRCLE ( 'NONE', #4666, 0.09999999999984543475 ) ;
#1010 = ORIENTED_EDGE ( 'NONE', *, *, #1959, .F. ) ;
#1011 = FACE_OUTER_BOUND ( 'NONE', #2217, .T. ) ;
#1012 = AXIS2_PLACEMENT_3D ( 'NONE', #6268, #7121, #1996 ) ;
#1013 = EDGE_CURVE ( 'NONE', #2870, #3746, #4553, .T. ) ;
#1014 = CARTESIAN_POINT ( 'NONE',  ( -0.4400000000000000022, 0.7000000000000099476, -2.649999999999999911 ) ) ;
#1015 = DIRECTION ( 'NONE',  ( 0.000000000000000000, -0.9828721869343112205, -0.1842885350502417308 ) ) ;
#1016 = DIRECTION ( 'NONE',  ( 0.000000000000000000, 0.000000000000000000, 1.000000000000000000 ) ) ;
#1017 = CARTESIAN_POINT ( 'NONE',  ( 0.8299999999999999600, 0.8499999999999999778, 2.649999999999999911 ) ) ;
#1018 = LINE ( 'NONE', #5408, #3422 ) ;
#1019 = ADVANCED_FACE ( 'NONE', ( #980 ), #833, .F. ) ;
#1020 = EDGE_CURVE ( 'NONE', #3669, #9181, #2408, .T. ) ;
#1021 = CARTESIAN_POINT ( 'NONE',  ( 3.244954963079027088, 0.6824058653720781464, -2.644954963079027443 ) ) ;
#1022 = ORIENTED_EDGE ( 'NONE', *, *, #4325, .F. ) ;
#1023 = DIRECTION ( 'NONE',  ( -0.000000000000000000, 1.000000000000000000, -0.000000000000000000 ) ) ;
#1024 = ORIENTED_EDGE ( 'NONE', *, *, #4208, .F. ) ;
#1025 = AXIS2_PLACEMENT_3D ( 'NONE', #1937, #4174, #9249 ) ;
#1026 = CARTESIAN_POINT ( 'NONE',  ( -0.2999999999999999889, 2.419999999999999929, 1.800000000000000266 ) ) ;
#1027 = EDGE_CURVE ( 'NONE', #5460, #502, #6057, .T. ) ;
#1028 = DIRECTION ( 'NONE',  ( 0.000000000000000000, 0.9828721869343112205, -0.1842885350502417308 ) ) ;
#1029 = DIRECTION ( 'NONE',  ( -1.000000000000000000, 0.000000000000000000, 0.000000000000000000 ) ) ;
#1030 = CARTESIAN_POINT ( 'NONE',  ( -2.125000000000000000, 2.419999999999999929, -1.949999999999999956 ) ) ;
#1031 = CARTESIAN_POINT ( 'NONE',  ( 0.3010457456371606333, 0.6403732192047277838, 0.6010457456371598450 ) ) ;
#1032 = EDGE_LOOP ( 'NONE', ( #3807, #7489, #903, #3360 ) ) ;
#1033 = VERTEX_POINT ( 'NONE', #5226 ) ;
#1034 = EDGE_CURVE ( 'NONE', #5513, #5768, #5322, .T. ) ;
#1035 = CARTESIAN_POINT ( 'NONE',  ( -2.225000000000000089, 2.419999999999999929, -2.250000000000000444 ) ) ;
#1036 = LINE ( 'NONE', #4796, #1145 ) ;
#1037 = ORIENTED_EDGE ( 'NONE', *, *, #6514, .F. ) ;
#1038 = CARTESIAN_POINT ( 'NONE',  ( 0.000000000000000000, 0.000000000000000000, -0.5999999999999999778 ) ) ;
#1039 = VERTEX_POINT ( 'NONE', #8996 ) ;
#1040 = VECTOR ( 'NONE', #5732, 1000.000000000000000 ) ;
#1041 = DIRECTION ( 'NONE',  ( 1.000000000000000000, 0.000000000000000000, 0.000000000000000000 ) ) ;
#1042 = ADVANCED_FACE ( 'NONE', ( #76 ), #310, .T. ) ;
#1043 = DIRECTION ( 'NONE',  ( 0.000000000000000000, -0.1842885350500574615, 0.9828721869343458595 ) ) ;
#1044 = CARTESIAN_POINT ( 'NONE',  ( 3.094450760470817130, 2.356437731128810942, -2.075549239529183687 ) ) ;
#1045 = CARTESIAN_POINT ( 'NONE',  ( -0.4400000000000000022, 0.04999999999999400063, -3.600481571814099890 ) ) ;
#1046 = ORIENTED_EDGE ( 'NONE', *, *, #381, .T. ) ;
#1047 = ORIENTED_EDGE ( 'NONE', *, *, #6294, .T. ) ;
#1048 = CIRCLE ( 'NONE', #6395, 0.05000000000000002359 ) ;
#1049 = CARTESIAN_POINT ( 'NONE',  ( 2.399999999999999911, 0.000000000000000000, 0.000000000000000000 ) ) ;
#1050 = LINE ( 'NONE', #7405, #4946 ) ;
#1051 = ORIENTED_EDGE ( 'NONE', *, *, #2942, .T. ) ;
#1052 = VECTOR ( 'NONE', #4302, 1000.000000000000000 ) ;
#1053 = CARTESIAN_POINT ( 'NONE',  ( -2.225000000000000089, 2.419999999999999929, -1.850000000000000089 ) ) ;
#1054 = ADVANCED_FACE ( 'NONE', ( #7770 ), #4072, .F. ) ;
#1055 = CARTESIAN_POINT ( 'NONE',  ( 3.241842126194586005, 0.6884193177649842177, -2.646679292805170558 ) ) ;
#1056 = LINE ( 'NONE', #6271, #4802 ) ;
#1057 = ORIENTED_EDGE ( 'NONE', *, *, #2172, .F. ) ;
#1058 = CARTESIAN_POINT ( 'NONE',  ( 0.4000000000000000222, 2.419999999999999929, 2.200000000000000178 ) ) ;
#1059 = ORIENTED_EDGE ( 'NONE', *, *, #7098, .T. ) ;
#1060 = VERTEX_POINT ( 'NONE', #4652 ) ;
#1061 = DIRECTION ( 'NONE',  ( 0.000000000000000000, 0.000000000000000000, -1.000000000000000000 ) ) ;
#1062 = EDGE_CURVE ( 'NONE', #3786, #6565, #7581, .T. ) ;
#1063 = PLANE ( 'NONE',  #3938 ) ;
#1064 = CARTESIAN_POINT ( 'NONE',  ( 3.250000000000000444, 0.6999999999999999556, -2.635272211428770106 ) ) ;
#1065 = DIRECTION ( 'NONE',  ( 0.000000000000000000, 1.000000000000000000, 0.000000000000000000 ) ) ;
#1066 = CARTESIAN_POINT ( 'NONE',  ( -0.4400000000000000022, -0.1000000000000000056, -3.600481571814099890 ) ) ;
#1067 = ORIENTED_EDGE ( 'NONE', *, *, #5917, .T. ) ;
#1068 = CARTESIAN_POINT ( 'NONE',  ( -0.9499999999999999556, 2.419999999999999929, 2.200000000000000178 ) ) ;
#1069 = ORIENTED_EDGE ( 'NONE', *, *, #1952, .F. ) ;
#1070 = LINE ( 'NONE', #4113, #5210 ) ;
#1071 = EDGE_LOOP ( 'NONE', ( #975, #9310, #4981, #1219 ) ) ;
#1072 = EDGE_CURVE ( 'NONE', #6351, #5740, #7632, .T. ) ;
#1073 = FACE_OUTER_BOUND ( 'NONE', #3707, .T. ) ;
#1074 = ADVANCED_FACE ( 'NONE', ( #4744 ), #7004, .T. ) ;
#1075 = CARTESIAN_POINT ( 'NONE',  ( 0.4299999999999999933, 0.5999999999999731104, 3.160007371274344834 ) ) ;
#1076 = FACE_OUTER_BOUND ( 'NONE', #5500, .T. ) ;
#1077 = LINE ( 'NONE', #2640, #5837 ) ;
#1078 = DIRECTION ( 'NONE',  ( 0.000000000000000000, 0.000000000000000000, -1.000000000000000000 ) ) ;
#1079 = VERTEX_POINT ( 'NONE', #7673 ) ;
#1080 = VERTEX_POINT ( 'NONE', #9188 ) ;
#1081 = LINE ( 'NONE', #1360, #4035 ) ;
#1082 = ORIENTED_EDGE ( 'NONE', *, *, #2016, .F. ) ;
#1083 = VERTEX_POINT ( 'NONE', #9101 ) ;
#1084 = EDGE_CURVE ( 'NONE', #7737, #5039, #1077, .T. ) ;
#1085 = LINE ( 'NONE', #5332, #6369 ) ;
#1086 = EDGE_CURVE ( 'NONE', #1870, #9292, #7366, .T. ) ;
#1087 = CARTESIAN_POINT ( 'NONE',  ( 1.699999999999999956, -0.1000000000000000056, -4.000000000000000000 ) ) ;
#1088 = FACE_OUTER_BOUND ( 'NONE', #387, .T. ) ;
#1089 = DIRECTION ( 'NONE',  ( 0.000000000000000000, 0.000000000000000000, 1.000000000000000000 ) ) ;
#1090 = VERTEX_POINT ( 'NONE', #5559 ) ;
#1091 = ORIENTED_EDGE ( 'NONE', *, *, #7985, .T. ) ;
#1092 = DIRECTION ( 'NONE',  ( -1.000000000000000000, 0.000000000000000000, -1.548240702311686554E-12 ) ) ;
#1093 = ORIENTED_EDGE ( 'NONE', *, *, #2160, .F. ) ;
#1094 = EDGE_CURVE ( 'NONE', #3735, #116, #6290, .T. ) ;
#1095 = EDGE_CURVE ( 'NONE', #9049, #4678, #9030, .T. ) ;
#1096 = CARTESIAN_POINT ( 'NONE',  ( -1.520000000000000018, 2.100000000000000089, 0.6500000000000001332 ) ) ;
#1097 = DIRECTION ( 'NONE',  ( -1.000000000000000000, 0.000000000000000000, 0.000000000000000000 ) ) ;
#1098 = CIRCLE ( 'NONE', #480, 0.09999999999984543475 ) ;
#1099 = DIRECTION ( 'NONE',  ( 0.000000000000000000, 0.000000000000000000, 1.000000000000000000 ) ) ;
#1100 = FACE_OUTER_BOUND ( 'NONE', #931, .T. ) ;
#1101 = ORIENTED_EDGE ( 'NONE', *, *, #5470, .T. ) ;
#1102 = ORIENTED_EDGE ( 'NONE', *, *, #4629, .T. ) ;
#1103 = CARTESIAN_POINT ( 'NONE',  ( 2.200000000000155609, 0.1499999999999999944, 1.799999999999844835 ) ) ;
#1104 = AXIS2_PLACEMENT_3D ( 'NONE', #5777, #6458, #2098 ) ;
#1105 = CARTESIAN_POINT ( 'NONE',  ( 1.119999999999999885, 2.399999999999999911, -1.500000000000000000 ) ) ;
#1106 = VECTOR ( 'NONE', #6142, 1000.000000000000000 ) ;
#1107 = CARTESIAN_POINT ( 'NONE',  ( 3.300000000000037570, 0.6999999999999999556, -2.553499202082706976 ) ) ;
#1108 = DIRECTION ( 'NONE',  ( -1.000000000000000000, 0.000000000000000000, 0.000000000000000000 ) ) ;
#1109 = ORIENTED_EDGE ( 'NONE', *, *, #6417, .F. ) ;
#1110 = CARTESIAN_POINT ( 'NONE',  ( -0.6500000000000001332, 2.419999999999999929, 2.149999999999999911 ) ) ;
#1111 = VERTEX_POINT ( 'NONE', #8338 ) ;
#1112 = LINE ( 'NONE', #6568, #2470 ) ;
#1113 = EDGE_CURVE ( 'NONE', #8097, #195, #450, .T. ) ;
#1114 = EDGE_LOOP ( 'NONE', ( #3957, #1006, #7739, #5313 ) ) ;
#1115 = AXIS2_PLACEMENT_3D ( 'NONE', #5224, #4501, #7478 ) ;
#1116 = AXIS2_PLACEMENT_3D ( 'NONE', #3740, #3021, #215 ) ;
#1117 = LINE ( 'NONE', #9235, #266 ) ;
#1118 = DIRECTION ( 'NONE',  ( 0.000000000000000000, -1.000000000000000000, 0.000000000000000000 ) ) ;
#1119 = CARTESIAN_POINT ( 'NONE',  ( 1.020000000000000018, 1.750000000000000000, -0.6500000000000001332 ) ) ;
#1120 = DIRECTION ( 'NONE',  ( 0.000000000000000000, -1.000000000000000000, 0.000000000000000000 ) ) ;
#1121 = PRODUCT_DEFINITION_CONTEXT ( 'detailed design', #3015, 'design' ) ;
#1122 = LINE ( 'NONE', #5511, #1123 ) ;
#1123 = VECTOR ( 'NONE', #493, 1000.000000000000000 ) ;
#1124 = ORIENTED_EDGE ( 'NONE', *, *, #4181, .F. ) ;
#1125 = VERTEX_POINT ( 'NONE', #6202 ) ;
#1126 = VECTOR ( 'NONE', #4149, 1000.000000000000114 ) ;
#1127 = DIRECTION ( 'NONE',  ( 1.000000000000000000, 0.000000000000000000, 0.000000000000000000 ) ) ;
#1128 = ORIENTED_EDGE ( 'NONE', *, *, #542, .T. ) ;
#1129 = EDGE_CURVE ( 'NONE', #6303, #5980, #1720, .T. ) ;
#1130 = ADVANCED_FACE ( 'NONE', ( #9239 ), #7045, .F. ) ;
#1131 = VECTOR ( 'NONE', #4214, 1000.000000000000000 ) ;
#1132 = CARTESIAN_POINT ( 'NONE',  ( -2.375000000000154987, 2.419999999999999929, -1.949999999999845413 ) ) ;
#1133 = VECTOR ( 'NONE', #3966, 1000.000000000000000 ) ;
#1134 = DIRECTION ( 'NONE',  ( -1.000000000000000000, 0.000000000000000000, 0.000000000000000000 ) ) ;
#1135 = ADVANCED_FACE ( 'NONE', ( #404 ), #9147, .T. ) ;
#1136 = DIRECTION ( 'NONE',  ( 1.000000000000000000, -0.000000000000000000, -0.000000000000000000 ) ) ;
#1137 = ORIENTED_EDGE ( 'NONE', *, *, #8835, .T. ) ;
#1138 = EDGE_LOOP ( 'NONE', ( #429, #6302, #7880, #8240 ) ) ;
#1139 = DIRECTION ( 'NONE',  ( 0.000000000000000000, 0.000000000000000000, 1.000000000000000000 ) ) ;
#1140 = ORIENTED_EDGE ( 'NONE', *, *, #5862, .T. ) ;
#1141 = CIRCLE ( 'NONE', #828, 0.09999999999993700039 ) ;
#1142 = EDGE_CURVE ( 'NONE', #80, #2157, #1879, .T. ) ;
#1143 = VECTOR ( 'NONE', #2284, 1000.000000000000000 ) ;
#1144 = CARTESIAN_POINT ( 'NONE',  ( 2.100000000000000089, 0.1039278662374499979, -3.354763525080500131 ) ) ;
#1145 = VECTOR ( 'NONE', #8473, 1000.000000000000000 ) ;
#1146 = DIRECTION ( 'NONE',  ( 0.000000000000000000, 0.000000000000000000, 1.000000000000000000 ) ) ;
#1147 = VECTOR ( 'NONE', #3767, 1000.000000000000000 ) ;
#1148 = EDGE_CURVE ( 'NONE', #6633, #1559, #6337, .T. ) ;
#1149 = APPLICATION_PROTOCOL_DEFINITION ( 'draft international standard', 'automotive_design', 1998, #3015 ) ;
#1150 = PLANE ( 'NONE',  #8461 ) ;
#1151 = ORIENTED_EDGE ( 'NONE', *, *, #7082, .T. ) ;
#1152 = VERTEX_POINT ( 'NONE', #7281 ) ;
#1153 = EDGE_CURVE ( 'NONE', #1980, #4453, #2115, .T. ) ;
#1154 = AXIS2_PLACEMENT_3D ( 'NONE', #8362, #4726, #3141 ) ;
#1155 = CARTESIAN_POINT ( 'NONE',  ( 0.8299999999999999600, -0.1000000000000000056, 4.000000000000000000 ) ) ;
#1156 = VECTOR ( 'NONE', #7352, 1000.000000000000000 ) ;
#1157 = CARTESIAN_POINT ( 'NONE',  ( 1.020000000000000018, 1.750000000000000000, 0.6500000000000001332 ) ) ;
#1158 = CARTESIAN_POINT ( 'NONE',  ( -3.070048994552400323, 0.07243626441829999207, 2.470048994552400234 ) ) ;
#1159 = EDGE_LOOP ( 'NONE', ( #4387, #4004, #1772, #3949 ) ) ;
#1160 = DIRECTION ( 'NONE',  ( -0.2657276780299711039, -0.9267025424900917630, 0.2657276780299703267 ) ) ;
#1161 = ORIENTED_EDGE ( 'NONE', *, *, #5939, .T. ) ;
#1162 = EDGE_LOOP ( 'NONE', ( #4640, #1391, #3002, #9254 ) ) ;
#1163 = VECTOR ( 'NONE', #3852, 1000.000000000000000 ) ;
#1164 = CARTESIAN_POINT ( 'NONE',  ( -0.9499999999999999556, 1.750000000000000000, 1.500000000000000000 ) ) ;
#1165 = DIRECTION ( 'NONE',  ( -1.000000000000000000, 0.000000000000000000, 0.000000000000000000 ) ) ;
#1166 = CARTESIAN_POINT ( 'NONE',  ( 2.939910559069614848, 2.311684124756699710, 2.510390102969800807 ) ) ;
#1167 = DIRECTION ( 'NONE',  ( 0.000000000000000000, -1.000000000000000000, 0.000000000000000000 ) ) ;
#1168 = CARTESIAN_POINT ( 'NONE',  ( -0.5500000000000679901, 2.399999999999999911, 2.150000000000069633 ) ) ;
#1169 = ORIENTED_EDGE ( 'NONE', *, *, #4197, .F. ) ;
#1170 = VERTEX_POINT ( 'NONE', #4351 ) ;
#1171 = VECTOR ( 'NONE', #4514, 1000.000000000000000 ) ;
#1172 = CARTESIAN_POINT ( 'NONE',  ( -3.300000000000037126, 0.6999999999999999556, 2.555009547538982240 ) ) ;
#1173 = VERTEX_POINT ( 'NONE', #4878 ) ;
#1174 = ORIENTED_EDGE ( 'NONE', *, *, #917, .F. ) ;
#1175 = LINE ( 'NONE', #1223, #2083 ) ;
#1176 = VECTOR ( 'NONE', #8557, 1000.000000000000000 ) ;
#1177 = DIRECTION ( 'NONE',  ( 0.000000000000000000, 1.000000000000000000, 0.000000000000000000 ) ) ;
#1178 = EDGE_CURVE ( 'NONE', #8426, #4124, #2070, .T. ) ;
#1179 = DIRECTION ( 'NONE',  ( -0.7986355100473427893, 0.000000000000000000, 0.6018150231519819870 ) ) ;
#1180 = DIRECTION ( 'NONE',  ( 0.000000000000000000, -1.000000000000000000, 5.507747036225403270E-13 ) ) ;
#1181 = ORIENTED_EDGE ( 'NONE', *, *, #850, .F. ) ;
#1182 = ORIENTED_EDGE ( 'NONE', *, *, #3028, .F. ) ;
#1183 = CARTESIAN_POINT ( 'NONE',  ( -0.2500000000000000000, 0.6500000000000001332, 0.5499999999999831690 ) ) ;
#1184 = ORIENTED_EDGE ( 'NONE', *, *, #9, .T. ) ;
#1185 = CIRCLE ( 'NONE', #878, 0.1000000000000174083 ) ;
#1186 = CARTESIAN_POINT ( 'NONE',  ( 1.119999999999999885, 2.399999999999999911, -1.500000000000000000 ) ) ;
#1187 = FACE_OUTER_BOUND ( 'NONE', #8567, .T. ) ;
#1188 = EDGE_CURVE ( 'NONE', #1511, #7050, #5607, .T. ) ;
#1189 = EDGE_CURVE ( 'NONE', #764, #1221, #5999, .T. ) ;
#1190 = AXIS2_PLACEMENT_3D ( 'NONE', #2125, #5853, #75 ) ;
#1191 = DIRECTION ( 'NONE',  ( 1.000000000000000000, 0.000000000000000000, 0.000000000000000000 ) ) ;
#1192 = VERTEX_POINT ( 'NONE', #2820 ) ;
#1193 = VERTEX_POINT ( 'NONE', #731 ) ;
#1194 = CARTESIAN_POINT ( 'NONE',  ( -1.807462589658299867, 2.399999999999999911, -1.750000000000000000 ) ) ;
#1195 = AXIS2_PLACEMENT_3D ( 'NONE', #5639, #7843, #1865 ) ;
#1196 = EDGE_CURVE ( 'NONE', #5271, #218, #4303, .T. ) ;
#1197 = CYLINDRICAL_SURFACE ( 'NONE', #6361, 0.2500000000000518474 ) ;
#1198 = EDGE_CURVE ( 'NONE', #3575, #5564, #4213, .T. ) ;
#1199 = LINE ( 'NONE', #473, #1656 ) ;
#1200 = DIRECTION ( 'NONE',  ( 1.000000000000000000, -0.000000000000000000, -0.000000000000000000 ) ) ;
#1201 = DIRECTION ( 'NONE',  ( 0.000000000000000000, -1.000000000000000000, 0.000000000000000000 ) ) ;
#1202 = LINE ( 'NONE', #1017, #2066 ) ;
#1203 = DIRECTION ( 'NONE',  ( 1.000000000000000000, 0.000000000000000000, 0.000000000000000000 ) ) ;
#1204 = ORIENTED_EDGE ( 'NONE', *, *, #186, .F. ) ;
#1205 = DIRECTION ( 'NONE',  ( 0.000000000000000000, -1.000000000000000000, 0.000000000000000000 ) ) ;
#1206 = DIRECTION ( 'NONE',  ( -1.000000000000000000, 0.000000000000000000, 0.000000000000000000 ) ) ;
#1207 = VERTEX_POINT ( 'NONE', #8696 ) ;
#1208 = CARTESIAN_POINT ( 'NONE',  ( -0.4400000000000000022, 0.5999999999999480194, 3.160007371274379917 ) ) ;
#1209 = ORIENTED_EDGE ( 'NONE', *, *, #5621, .T. ) ;
#1210 = EDGE_CURVE ( 'NONE', #219, #4428, #3448, .T. ) ;
#1211 = ADVANCED_FACE ( 'NONE', ( #9327 ), #9286, .F. ) ;
#1212 = CARTESIAN_POINT ( 'NONE',  ( 2.299999999999999822, 0.1499999999999999944, -2.492290037832664673 ) ) ;
#1213 = DIRECTION ( 'NONE',  ( 1.548240702311679890E-12, 0.000000000000000000, -1.000000000000000000 ) ) ;
#1214 = FACE_OUTER_BOUND ( 'NONE', #6445, .T. ) ;
#1215 = DIRECTION ( 'NONE',  ( 0.000000000000000000, 0.000000000000000000, -1.000000000000000000 ) ) ;
#1216 = CARTESIAN_POINT ( 'NONE',  ( -0.4400000000000000022, 0.1315711464949800014, -3.502194353120600123 ) ) ;
#1217 = DIRECTION ( 'NONE',  ( 0.000000000000000000, -1.000000000000000000, 0.000000000000000000 ) ) ;
#1218 = ORIENTED_EDGE ( 'NONE', *, *, #946, .F. ) ;
#1219 = ORIENTED_EDGE ( 'NONE', *, *, #7846, .T. ) ;
#1220 = DIRECTION ( 'NONE',  ( 0.000000000000000000, 1.000000000000000000, 7.979727989491668017E-14 ) ) ;
#1221 = VERTEX_POINT ( 'NONE', #7946 ) ;
#1222 = ORIENTED_EDGE ( 'NONE', *, *, #5436, .F. ) ;
#1223 = CARTESIAN_POINT ( 'NONE',  ( 0.7500000000000000000, 2.399999999999999911, 1.850000000000000089 ) ) ;
#1224 = DIRECTION ( 'NONE',  ( 0.000000000000000000, -1.000000000000000000, -6.071532165917839070E-14 ) ) ;
#1225 = DIRECTION ( 'NONE',  ( 0.000000000000000000, -1.000000000000000000, 0.000000000000000000 ) ) ;
#1226 = LINE ( 'NONE', #372, #9236 ) ;
#1227 = ORIENTED_EDGE ( 'NONE', *, *, #3115, .T. ) ;
#1228 = ORIENTED_EDGE ( 'NONE', *, *, #1062, .T. ) ;
#1229 = DIRECTION ( 'NONE',  ( 0.000000000000000000, 0.1842885350502414255, 0.9828721869343114426 ) ) ;
#1230 = ORIENTED_EDGE ( 'NONE', *, *, #1324, .F. ) ;
#1231 = ORIENTED_EDGE ( 'NONE', *, *, #1994, .T. ) ;
#1232 = EDGE_CURVE ( 'NONE', #4548, #2425, #5747, .T. ) ;
#1233 = FACE_OUTER_BOUND ( 'NONE', #4328, .T. ) ;
#1234 = DIRECTION ( 'NONE',  ( -1.000000000000000000, 0.000000000000000000, 0.000000000000000000 ) ) ;
#1235 = ITEM_DEFINED_TRANSFORMATION ( 'NONE', 'NONE', #9445,  #4988 ) ;
#1236 = DIRECTION ( 'NONE',  ( -1.000000000000000000, 0.000000000000000000, 0.000000000000000000 ) ) ;
#1237 = LINE ( 'NONE', #7566, #7076 ) ;
#1238 = ORIENTED_EDGE ( 'NONE', *, *, #7512, .T. ) ;
#1239 = DIRECTION ( 'NONE',  ( 0.000000000000000000, -0.9828721869343113315, 0.1842885350502413977 ) ) ;
#1240 = DIRECTION ( 'NONE',  ( 0.000000000000000000, 0.000000000000000000, -1.000000000000000000 ) ) ;
#1241 = EDGE_CURVE ( 'NONE', #2399, #860, #685, .T. ) ;
#1242 = ADVANCED_FACE ( 'NONE', ( #5067 ), #9430, .F. ) ;
#1243 = CARTESIAN_POINT ( 'NONE',  ( -2.109999999999999876, 0.05000000000000000278, 3.600481571814099890 ) ) ;
#1244 = CARTESIAN_POINT ( 'NONE',  ( 2.100000000000000089, 0.6999999999999999556, 3.160007371274399901 ) ) ;
#1245 = EDGE_CURVE ( 'NONE', #4830, #5361, #1260, .T. ) ;
#1246 = FACE_OUTER_BOUND ( 'NONE', #1162, .T. ) ;
#1247 = VERTEX_POINT ( 'NONE', #5794 ) ;
#1248 = VECTOR ( 'NONE', #1339, 1000.000000000000000 ) ;
#1249 = CARTESIAN_POINT ( 'NONE',  ( 0.4299999999999999933, -0.1000000000000000056, -4.000000000000000000 ) ) ;
#1250 = DIRECTION ( 'NONE',  ( 0.000000000000000000, 0.000000000000000000, 1.000000000000000000 ) ) ;
#1251 = EDGE_LOOP ( 'NONE', ( #886, #77, #2209, #8689 ) ) ;
#1252 = LINE ( 'NONE', #8464, #4289 ) ;
#1253 = ORIENTED_EDGE ( 'NONE', *, *, #5847, .T. ) ;
#1254 = EDGE_CURVE ( 'NONE', #9104, #4853, #590, .T. ) ;
#1255 = AXIS2_PLACEMENT_3D ( 'NONE', #9207, #3551, #2657 ) ;
#1256 = AXIS2_PLACEMENT_3D ( 'NONE', #7643, #4128, #2604 ) ;
#1257 = CARTESIAN_POINT ( 'NONE',  ( 2.100000000000000089, 0.1500000000000140388, -3.600481571814050152 ) ) ;
#1258 = DIRECTION ( 'NONE',  ( -0.000000000000000000, 1.000000000000000000, -0.000000000000000000 ) ) ;
#1259 = CARTESIAN_POINT ( 'NONE',  ( 0.3499999999999979239, 0.5758484445709299848, 0.07415155542906157193 ) ) ;
#1260 = LINE ( 'NONE', #2689, #7976 ) ;
#1261 = LINE ( 'NONE', #4838, #4623 ) ;
#1262 = EDGE_CURVE ( 'NONE', #6565, #6700, #7859, .T. ) ;
#1263 = ORIENTED_EDGE ( 'NONE', *, *, #8758, .F. ) ;
#1264 = CARTESIAN_POINT ( 'NONE',  ( 0.9500000000001550537, 2.419999999999999929, 1.849999999999845102 ) ) ;
#1265 = ORIENTED_EDGE ( 'NONE', *, *, #1034, .T. ) ;
#1266 = AXIS2_PLACEMENT_3D ( 'NONE', #5877, #1564, #8775 ) ;
#1267 = VECTOR ( 'NONE', #6104, 1000.000000000000000 ) ;
#1268 = VERTEX_POINT ( 'NONE', #5700 ) ;
#1269 = ADVANCED_FACE ( 'NONE', ( #548 ), #3491, .T. ) ;
#1270 = FACE_OUTER_BOUND ( 'NONE', #8809, .T. ) ;
#1271 = VECTOR ( 'NONE', #2638, 1000.000000000000000 ) ;
#1272 = DIRECTION ( 'NONE',  ( 0.000000000000000000, 0.000000000000000000, -1.000000000000000000 ) ) ;
#1273 = VECTOR ( 'NONE', #2252, 1000.000000000000114 ) ;
#1274 = ORIENTED_EDGE ( 'NONE', *, *, #6393, .F. ) ;
#1275 = ORIENTED_EDGE ( 'NONE', *, *, #4694, .F. ) ;
#1276 = CARTESIAN_POINT ( 'NONE',  ( -0.4400000000000000022, 0.1315711464949800014, 3.502194353120600123 ) ) ;
#1277 = VERTEX_POINT ( 'NONE', #3007 ) ;
#1278 = ORIENTED_EDGE ( 'NONE', *, *, #2012, .T. ) ;
#1279 = CARTESIAN_POINT ( 'NONE',  ( 2.250000000000000444, 2.399999999999999911, 1.850000000000000089 ) ) ;
#1280 = CIRCLE ( 'NONE', #6930, 0.1000000000000174083 ) ;
#1281 = VECTOR ( 'NONE', #5484, 1000.000000000000000 ) ;
#1282 = AXIS2_PLACEMENT_3D ( 'NONE', #8699, #1589, #8748 ) ;
#1283 = LINE ( 'NONE', #2663, #2224 ) ;
#1284 = DIRECTION ( 'NONE',  ( 0.000000000000000000, 0.000000000000000000, -1.000000000000000000 ) ) ;
#1285 = VECTOR ( 'NONE', #8181, 1000.000000000000000 ) ;
#1286 = DIRECTION ( 'NONE',  ( 0.000000000000000000, 0.000000000000000000, 1.000000000000000000 ) ) ;
#1287 = ADVANCED_FACE ( 'NONE', ( #2346 ), #1583, .F. ) ;
#1288 = DIRECTION ( 'NONE',  ( 0.000000000000000000, 0.000000000000000000, 1.000000000000000000 ) ) ;
#1289 = CARTESIAN_POINT ( 'NONE',  ( 2.100000000000000089, 0.6184288535050199709, -3.258294589967800636 ) ) ;
#1290 = DIRECTION ( 'NONE',  ( 0.000000000000000000, -0.1842885350503031539, 0.9828721869342997852 ) ) ;
#1291 = VECTOR ( 'NONE', #7349, 999.9999999999998863 ) ;
#1292 = AXIS2_PLACEMENT_3D ( 'NONE', #3854, #4531, #3717 ) ;
#1293 = CARTESIAN_POINT ( 'NONE',  ( 3.117823369433357250, 2.100000000000000533, -2.434484709971066252 ) ) ;
#1294 = FACE_OUTER_BOUND ( 'NONE', #5785, .T. ) ;
#1295 = EDGE_CURVE ( 'NONE', #4151, #2049, #5264, .T. ) ;
#1296 = EDGE_CURVE ( 'NONE', #3749, #8934, #7470, .T. ) ;
#1297 = CARTESIAN_POINT ( 'NONE',  ( -2.659609897030200010, 2.311684124756699710, 2.510390102969800807 ) ) ;
#1298 = ORIENTED_EDGE ( 'NONE', *, *, #2748, .F. ) ;
#1299 = VECTOR ( 'NONE', #104, 1000.000000000000000 ) ;
#1300 = PLANE ( 'NONE',  #67 ) ;
#1301 = ORIENTED_EDGE ( 'NONE', *, *, #909, .T. ) ;
#1302 = LINE ( 'NONE', #7898, #3379 ) ;
#1303 = VERTEX_POINT ( 'NONE', #5310 ) ;
#1304 = EDGE_CURVE ( 'NONE', #9452, #8931, #7421, .T. ) ;
#1305 = DIRECTION ( 'NONE',  ( 0.000000000000000000, 1.000000000000000000, 0.000000000000000000 ) ) ;
#1306 = VECTOR ( 'NONE', #5050, 1000.000000000000000 ) ;
#1307 = CARTESIAN_POINT ( 'NONE',  ( 3.109274065231281359, 2.321170212700057078, 2.324359962004918678 ) ) ;
#1308 = DIRECTION ( 'NONE',  ( 0.000000000000000000, 0.000000000000000000, -1.000000000000000000 ) ) ;
#1309 = EDGE_CURVE ( 'NONE', #7472, #3036, #7322, .T. ) ;
#1310 = ADVANCED_FACE ( 'NONE', ( #5895 ), #8838, .T. ) ;
#1311 = CARTESIAN_POINT ( 'NONE',  ( 1.119999999999999885, 2.399999999999999911, 1.500000000000000000 ) ) ;
#1312 = CARTESIAN_POINT ( 'NONE',  ( -0.2500000000000000000, 2.419999999999999929, 2.149999999999999911 ) ) ;
#1313 = DIRECTION ( 'NONE',  ( 0.000000000000000000, 0.000000000000000000, 1.000000000000000000 ) ) ;
#1314 = ORIENTED_EDGE ( 'NONE', *, *, #4314, .F. ) ;
#1315 = ORIENTED_EDGE ( 'NONE', *, *, #4498, .T. ) ;
#1316 = PLANE ( 'NONE',  #6427 ) ;
#1317 = ORIENTED_EDGE ( 'NONE', *, *, #9371, .T. ) ;
#1318 = EDGE_LOOP ( 'NONE', ( #2256, #2729, #8830, #2457, #8714, #496, #573, #4156 ) ) ;
#1319 = VECTOR ( 'NONE', #48, 1000.000000000000000 ) ;
#1320 = EDGE_CURVE ( 'NONE', #2740, #223, #2295, .T. ) ;
#1321 = PLANE ( 'NONE',  #7430 ) ;
#1322 = DIRECTION ( 'NONE',  ( 0.000000000000000000, 0.000000000000000000, 1.000000000000000000 ) ) ;
#1323 = LINE ( 'NONE', #7155, #732 ) ;
#1324 = EDGE_CURVE ( 'NONE', #4087, #6652, #7371, .T. ) ;
#1325 = CARTESIAN_POINT ( 'NONE',  ( -0.8400000000000001910, 0.8499999999999999778, -3.160007371274399901 ) ) ;
#1326 = VECTOR ( 'NONE', #2368, 1000.000000000000000 ) ;
#1327 = ORIENTED_EDGE ( 'NONE', *, *, #4572, .F. ) ;
#1328 = VERTEX_POINT ( 'NONE', #5840 ) ;
#1329 = DIRECTION ( 'NONE',  ( 0.000000000000000000, 0.1842885350502921904, -0.9828721869343018946 ) ) ;
#1330 = VERTEX_POINT ( 'NONE', #5119 ) ;
#1331 = ORIENTED_EDGE ( 'NONE', *, *, #1178, .T. ) ;
#1332 = CARTESIAN_POINT ( 'NONE',  ( 1.699999999999999956, 0.5999999999999870992, -3.160007371274350163 ) ) ;
#1333 = CARTESIAN_POINT ( 'NONE',  ( -3.250000000000000444, 0.6999999999999999556, 2.636782556885045370 ) ) ;
#1334 = CARTESIAN_POINT ( 'NONE',  ( -3.109266936593360509, 2.321230804635153078, -2.322917454982886820 ) ) ;
#1335 = LINE ( 'NONE', #3149, #1419 ) ;
#1336 = CARTESIAN_POINT ( 'NONE',  ( 1.699999999999999956, 0.6184288535050199709, -3.258294589967800636 ) ) ;
#1337 = AXIS2_PLACEMENT_3D ( 'NONE', #5985, #3999, #5207 ) ;
#1338 = ORIENTED_EDGE ( 'NONE', *, *, #3686, .T. ) ;
#1339 = DIRECTION ( 'NONE',  ( 0.000000000000000000, 1.000000000000000000, 0.000000000000000000 ) ) ;
#1340 = DIRECTION ( 'NONE',  ( -1.000000000000000000, 0.000000000000000000, 0.000000000000000000 ) ) ;
#1341 = CIRCLE ( 'NONE', #2095, 0.1000000000000263872 ) ;
#1342 = CARTESIAN_POINT ( 'NONE',  ( 3.128089483773115020, 0.6999999999999999556, -2.700000000000000178 ) ) ;
#1343 = LINE ( 'NONE', #7173, #4329 ) ;
#1344 = CARTESIAN_POINT ( 'NONE',  ( -2.994006799475390501, -3.000614215648359444E-16, 2.394006799475391745 ) ) ;
#1345 = EDGE_LOOP ( 'NONE', ( #1665, #2446, #5384, #6848, #8242, #8380, #4555, #8163, #6149, #4588, #4718, #4600, #5256, #6607, #3327, #8392, #8354 ) ) ;
#1346 = AXIS2_PLACEMENT_3D ( 'NONE', #5606, #449, #6289 ) ;
#1347 = DIRECTION ( 'NONE',  ( -1.000000000000000000, 0.000000000000000000, 0.000000000000000000 ) ) ;
#1348 = VERTEX_POINT ( 'NONE', #8040 ) ;
#1349 = DIRECTION ( 'NONE',  ( 0.000000000000000000, -1.000000000000000000, 0.000000000000000000 ) ) ;
#1350 = VERTEX_POINT ( 'NONE', #8081 ) ;
#1351 = FACE_OUTER_BOUND ( 'NONE', #7773, .T. ) ;
#1352 = CARTESIAN_POINT ( 'NONE',  ( 3.096331029148101877, 2.353059346605063773, 2.370222182091132002 ) ) ;
#1353 = LINE ( 'NONE', #7184, #7158 ) ;
#1354 = B_SPLINE_CURVE_WITH_KNOTS ( 'NONE', 3,
 ( #5594, #475, #1107, #394 ),
 .UNSPECIFIED., .F., .F.,
 ( 4, 4 ),
 ( 3.203412716645121172, 3.923554196274196215 ),
 .UNSPECIFIED. ) ;
#1355 = CARTESIAN_POINT ( 'NONE',  ( 0.3499999999999999778, 2.419999999999999929, 2.200000000000000178 ) ) ;
#1356 = PLANE ( 'NONE',  #5851 ) ;
#1357 = DIRECTION ( 'NONE',  ( 0.000000000000000000, -0.3328201177351369222, 0.9429903335828896394 ) ) ;
#1358 = ORIENTED_EDGE ( 'NONE', *, *, #7779, .F. ) ;
#1359 = ORIENTED_EDGE ( 'NONE', *, *, #1481, .T. ) ;
#1360 = CARTESIAN_POINT ( 'NONE',  ( -0.4400000000000000022, 0.7000000000000099476, -3.160007371274399901 ) ) ;
#1361 = ORIENTED_EDGE ( 'NONE', *, *, #9130, .F. ) ;
#1362 = DIRECTION ( 'NONE',  ( 0.000000000000000000, -0.9931506043228761627, 0.1168412475673973189 ) ) ;
#1363 = VERTEX_POINT ( 'NONE', #918 ) ;
#1364 = EDGE_CURVE ( 'NONE', #2354, #205, #1495, .T. ) ;
#1365 = EDGE_CURVE ( 'NONE', #1039, #5372, #654, .T. ) ;
#1366 = DIRECTION ( 'NONE',  ( 0.000000000000000000, 0.000000000000000000, 1.000000000000000000 ) ) ;
#1367 = CARTESIAN_POINT ( 'NONE',  ( 3.299999999999999822, 0.6999999999999999556, -2.649999999999999911 ) ) ;
#1368 = CARTESIAN_POINT ( 'NONE',  ( -2.225000000000035172, 2.419999999999999929, -1.950000000000035039 ) ) ;
#1369 = ORIENTED_EDGE ( 'NONE', *, *, #4346, .T. ) ;
#1370 = VERTEX_POINT ( 'NONE', #5211 ) ;
#1371 = CARTESIAN_POINT ( 'NONE',  ( 2.100000000000000089, 0.04999999999999400063, -4.000000000000000000 ) ) ;
#1372 = EDGE_CURVE ( 'NONE', #1553, #3698, #8130, .T. ) ;
#1373 = ORIENTED_EDGE ( 'NONE', *, *, #1903, .F. ) ;
#1374 = EDGE_LOOP ( 'NONE', ( #2763, #3418, #2541, #8316 ) ) ;
#1375 = B_SPLINE_CURVE_WITH_KNOTS ( 'NONE', 3,
 ( #2769, #2113, #2068, #1352, #6530, #1394, #1307, #4876 ),
 .UNSPECIFIED., .F., .F.,
 ( 4, 2, 2, 4 ),
 ( 0.04166575476237475290, 0.1273656587159044673, 0.1702156106926682455, 0.2130655626694320237 ),
 .UNSPECIFIED. ) ;
#1376 = CARTESIAN_POINT ( 'NONE',  ( -1.709999999999999964, 0.8499999999999999778, -3.160007371274399901 ) ) ;
#1377 = CARTESIAN_POINT ( 'NONE',  ( 0.9499999999999999556, 2.399999999999999911, 1.750000000000000000 ) ) ;
#1378 = CARTESIAN_POINT ( 'NONE',  ( 2.299999999999999822, 0.1499999999999999944, 1.800000000000000266 ) ) ;
#1379 = ORIENTED_EDGE ( 'NONE', *, *, #5365, .F. ) ;
#1380 = CARTESIAN_POINT ( 'NONE',  ( -0.4400000000000000022, 0.5999999999999870992, -3.160007371274350163 ) ) ;
#1381 = EDGE_CURVE ( 'NONE', #6307, #9455, #4394, .T. ) ;
#1382 = ORIENTED_EDGE ( 'NONE', *, *, #3504, .T. ) ;
#1383 = LINE ( 'NONE', #7214, #4898 ) ;
#1384 = CARTESIAN_POINT ( 'NONE',  ( 3.245484997693949936, 0.6842543157438950585, 2.645484997693944962 ) ) ;
#1385 = CARTESIAN_POINT ( 'NONE',  ( 0.000000000000000000, 0.000000000000000000, 0.000000000000000000 ) ) ;
#1386 = DIRECTION ( 'NONE',  ( -1.000000000000000000, 0.000000000000000000, 0.000000000000000000 ) ) ;
#1387 = FACE_OUTER_BOUND ( 'NONE', #8513, .T. ) ;
#1388 = DIRECTION ( 'NONE',  ( 0.000000000000000000, 0.000000000000000000, 1.000000000000000000 ) ) ;
#1389 = ORIENTED_EDGE ( 'NONE', *, *, #249, .T. ) ;
#1390 = CARTESIAN_POINT ( 'NONE',  ( -1.050000000000000044, 2.399999999999999911, 1.500000000000000000 ) ) ;
#1391 = ORIENTED_EDGE ( 'NONE', *, *, #6100, .T. ) ;
#1392 = FACE_BOUND ( 'NONE', #7532, .T. ) ;
#1393 = DIRECTION ( 'NONE',  ( 0.000000000000000000, 0.000000000000000000, -1.000000000000000000 ) ) ;
#1394 = CARTESIAN_POINT ( 'NONE',  ( 3.107214350578806350, 2.328886920127929194, 2.336552435378040915 ) ) ;
#1395 = LINE ( 'NONE', #684, #4541 ) ;
#1396 = CIRCLE ( 'NONE', #5672, 0.2000000000000334843 ) ;
#1397 = CARTESIAN_POINT ( 'NONE',  ( -2.224999999999845102, 2.419999999999999929, -1.949999999999845413 ) ) ;
#1398 = FACE_OUTER_BOUND ( 'NONE', #617, .T. ) ;
#1399 = CYLINDRICAL_SURFACE ( 'NONE', #389, 0.06700000000003686340 ) ;
#1400 = EDGE_CURVE ( 'NONE', #5375, #7297, #6777, .T. ) ;
#1401 = ORIENTED_EDGE ( 'NONE', *, *, #1888, .T. ) ;
#1402 = DIRECTION ( 'NONE',  ( 0.000000000000000000, 0.000000000000000000, -1.000000000000000000 ) ) ;
#1403 = EDGE_LOOP ( 'NONE', ( #4840, #1278, #6435, #9354 ) ) ;
#1404 = ORIENTED_EDGE ( 'NONE', *, *, #3147, .T. ) ;
#1405 = AXIS2_PLACEMENT_3D ( 'NONE', #6942, #6183, #8367 ) ;
#1406 = CARTESIAN_POINT ( 'NONE',  ( 2.100000000000000089, 0.05000000000000000278, 3.600481571814099890 ) ) ;
#1407 =( NAMED_UNIT ( * ) SI_UNIT ( $, .STERADIAN. ) SOLID_ANGLE_UNIT ( ) );
#1408 = CARTESIAN_POINT ( 'NONE',  ( 0.8299999999999999600, 0.1315711464949800014, -3.502194353120600123 ) ) ;
#1409 = AXIS2_PLACEMENT_3D ( 'NONE', #9000, #1967, #439 ) ;
#1410 = ORIENTED_EDGE ( 'NONE', *, *, #4115, .T. ) ;
#1411 = EDGE_CURVE ( 'NONE', #738, #241, #965, .T. ) ;
#1412 = EDGE_LOOP ( 'NONE', ( #2588, #4090, #4557, #5502 ) ) ;
#1413 = VECTOR ( 'NONE', #3880, 1000.000000000000000 ) ;
#1414 = EDGE_CURVE ( 'NONE', #4692, #1810, #1680, .T. ) ;
#1415 = DIRECTION ( 'NONE',  ( 1.000000000000000000, -0.000000000000000000, -0.000000000000000000 ) ) ;
#1416 = ORIENTED_EDGE ( 'NONE', *, *, #305, .F. ) ;
#1417 = ORIENTED_EDGE ( 'NONE', *, *, #1469, .T. ) ;
#1418 = AXIS2_PLACEMENT_3D ( 'NONE', #8994, #5275, #8237 ) ;
#1419 = VECTOR ( 'NONE', #251, 1000.000000000000000 ) ;
#1420 = DIRECTION ( 'NONE',  ( 0.000000000000000000, 0.9612616959383250004, 0.2756373558169777360 ) ) ;
#1421 = EDGE_CURVE ( 'NONE', #4033, #2921, #1875, .T. ) ;
#1422 = CARTESIAN_POINT ( 'NONE',  ( 0.8299999999999999600, 0.6184288535050199709, 3.258294589967800636 ) ) ;
#1423 = CARTESIAN_POINT ( 'NONE',  ( -0.2500000000000000000, 0.6500000000000001332, 0.1000000000000079992 ) ) ;
#1424 = ORIENTED_EDGE ( 'NONE', *, *, #4820, .T. ) ;
#1425 = EDGE_CURVE ( 'NONE', #285, #219, #2034, .T. ) ;
#1426 = DIRECTION ( 'NONE',  ( 1.000000000000000000, 0.000000000000000000, 0.000000000000000000 ) ) ;
#1427 = ORIENTED_EDGE ( 'NONE', *, *, #3673, .T. ) ;
#1428 = AXIS2_PLACEMENT_3D ( 'NONE', #1648, #3835, #8239 ) ;
#1429 = FACE_OUTER_BOUND ( 'NONE', #4736, .T. ) ;
#1430 = VECTOR ( 'NONE', #8487, 1000.000000000000000 ) ;
#1431 = FACE_OUTER_BOUND ( 'NONE', #8223, .T. ) ;
#1432 = CARTESIAN_POINT ( 'NONE',  ( 1.020000000000000018, 1.750000000000000000, -0.6500000000000001332 ) ) ;
#1433 = EDGE_CURVE ( 'NONE', #9245, #8351, #2667, .T. ) ;
#1434 = CIRCLE ( 'NONE', #4631, 0.09999999999991482369 ) ;
#1435 = VECTOR ( 'NONE', #9036, 1000.000000000000000 ) ;
#1436 = CARTESIAN_POINT ( 'NONE',  ( 1.699999999999999956, 0.8499999999999999778, -3.160007371274399901 ) ) ;
#1437 = CARTESIAN_POINT ( 'NONE',  ( 1.649999999999999911, 2.419999999999999929, 1.899999999999999911 ) ) ;
#1438 = EDGE_CURVE ( 'NONE', #6046, #7456, #5354, .T. ) ;
#1439 = DIRECTION ( 'NONE',  ( -1.000000000000000000, 0.000000000000000000, -1.552577511001642102E-12 ) ) ;
#1440 = FACE_OUTER_BOUND ( 'NONE', #3840, .T. ) ;
#1441 = ORIENTED_EDGE ( 'NONE', *, *, #5171, .T. ) ;
#1442 = CARTESIAN_POINT ( 'NONE',  ( -3.299999999091324465, 0.7000000077238546226, -2.503151641283646978 ) ) ;
#1443 = ORIENTED_EDGE ( 'NONE', *, *, #7745, .F. ) ;
#1444 = DIRECTION ( 'NONE',  ( 0.6018150231519819870, 0.000000000000000000, 0.7986355100473429003 ) ) ;
#1445 = VECTOR ( 'NONE', #5245, 1000.000000000000114 ) ;
#1446 = AXIS2_PLACEMENT_3D ( 'NONE', #5302, #6080, #908 ) ;
#1447 = DIRECTION ( 'NONE',  ( -1.000000000000000000, 0.000000000000000000, 0.000000000000000000 ) ) ;
#1448 = DIRECTION ( 'NONE',  ( 0.000000000000000000, -0.1842885350503307429, 0.9828721869342945672 ) ) ;
#1449 = FACE_OUTER_BOUND ( 'NONE', #8398, .T. ) ;
#1450 = CARTESIAN_POINT ( 'NONE',  ( -2.125000000000000000, 2.399999999999999911, -1.949999999999999956 ) ) ;
#1451 = AXIS2_PLACEMENT_3D ( 'NONE', #9125, #2571, #8404 ) ;
#1452 = CARTESIAN_POINT ( 'NONE',  ( 3.026806318478078239, 2.388204887892562134, 2.462098026325012068 ) ) ;
#1453 = FACE_OUTER_BOUND ( 'NONE', #4586, .T. ) ;
#1454 = ORIENTED_EDGE ( 'NONE', *, *, #9313, .T. ) ;
#1455 = CARTESIAN_POINT ( 'NONE',  ( 0.8299999999999999600, -0.1000000000000000056, -3.600481571814099890 ) ) ;
#1456 = ORIENTED_EDGE ( 'NONE', *, *, #8495, .T. ) ;
#1457 = VERTEX_POINT ( 'NONE', #9265 ) ;
#1458 = AXIS2_PLACEMENT_3D ( 'NONE', #5498, #4732, #4013 ) ;
#1459 = DIRECTION ( 'NONE',  ( -1.000000000000000000, 0.000000000000000000, 0.000000000000000000 ) ) ;
#1460 = CYLINDRICAL_SURFACE ( 'NONE', #961, 0.04999999999999991257 ) ;
#1461 = DIRECTION ( 'NONE',  ( 0.000000000000000000, -1.000000000000000000, 0.000000000000000000 ) ) ;
#1462 = CARTESIAN_POINT ( 'NONE',  ( 2.290000000000000036, 2.100000000000000089, 0.6500000000000001332 ) ) ;
#1463 = ORIENTED_EDGE ( 'NONE', *, *, #5577, .T. ) ;
#1464 = ORIENTED_EDGE ( 'NONE', *, *, #1726, .F. ) ;
#1465 = VECTOR ( 'NONE', #1972, 1000.000000000000000 ) ;
#1466 = FACE_OUTER_BOUND ( 'NONE', #6168, .T. ) ;
#1467 = ORIENTED_EDGE ( 'NONE', *, *, #2004, .F. ) ;
#1468 = EDGE_LOOP ( 'NONE', ( #4868, #2103, #3042, #1745 ) ) ;
#1469 = EDGE_CURVE ( 'NONE', #5445, #1810, #6429, .T. ) ;
#1470 = DIRECTION ( 'NONE',  ( 0.000000000000000000, 0.000000000000000000, -1.000000000000000000 ) ) ;
#1471 = VECTOR ( 'NONE', #3282, 1000.000000000000000 ) ;
#1472 = FACE_OUTER_BOUND ( 'NONE', #3392, .T. ) ;
#1473 = CARTESIAN_POINT ( 'NONE',  ( 3.244954963079024868, 0.6824058653720789236, -2.644954963079025223 ) ) ;
#1474 = ORIENTED_EDGE ( 'NONE', *, *, #7865, .T. ) ;
#1475 = CARTESIAN_POINT ( 'NONE',  ( 0.2500000000000000000, 0.5500000000000000444, 2.710505431213760161E-17 ) ) ;
#1476 = DIRECTION ( 'NONE',  ( -0.000000000000000000, 1.000000000000000000, -0.000000000000000000 ) ) ;
#1477 = ORIENTED_EDGE ( 'NONE', *, *, #3272, .F. ) ;
#1478 =( NAMED_UNIT ( * ) SI_UNIT ( $, .STERADIAN. ) SOLID_ANGLE_UNIT ( ) );
#1479 = VECTOR ( 'NONE', #1644, 1000.000000000000000 ) ;
#1480 = EDGE_CURVE ( 'NONE', #4738, #8626, #4688, .T. ) ;
#1481 = EDGE_CURVE ( 'NONE', #6344, #941, #6853, .T. ) ;
#1482 = CARTESIAN_POINT ( 'NONE',  ( 2.200000000000000178, 0.1499999999999999944, 1.699999999999999956 ) ) ;
#1483 = VECTOR ( 'NONE', #728, 1000.000000000000000 ) ;
#1484 = DIRECTION ( 'NONE',  ( 0.000000000000000000, 0.000000000000000000, -1.000000000000000000 ) ) ;
#1485 = CARTESIAN_POINT ( 'NONE',  ( 0.3010457456371603557, 0.6010457456371599561, 0.6403732192047281169 ) ) ;
#1486 = VERTEX_POINT ( 'NONE', #3915 ) ;
#1487 = CYLINDRICAL_SURFACE ( 'NONE', #7216, 0.09999999999991482369 ) ;
#1488 = ORIENTED_EDGE ( 'NONE', *, *, #21, .F. ) ;
#1489 = EDGE_CURVE ( 'NONE', #7788, #209, #5586, .T. ) ;
#1490 = FACE_OUTER_BOUND ( 'NONE', #3233, .T. ) ;
#1491 = AXIS2_PLACEMENT_3D ( 'NONE', #2092, #5583, #5723 ) ;
#1492 = ADVANCED_FACE ( 'NONE', ( #1728 ), #8497, .T. ) ;
#1493 = CARTESIAN_POINT ( 'NONE',  ( -1.392537410341699866, 2.419999999999999929, -2.250000000000000444 ) ) ;
#1494 = LINE ( 'NONE', #4393, #2855 ) ;
#1495 = LINE ( 'NONE', #1534, #5848 ) ;
#1496 = PLANE ( 'NONE',  #3252 ) ;
#1497 = ORIENTED_EDGE ( 'NONE', *, *, #5394, .F. ) ;
#1498 = CARTESIAN_POINT ( 'NONE',  ( -1.520000000000000018, 2.100000000000000089, 0.6500000000000001332 ) ) ;
#1499 = ORIENTED_EDGE ( 'NONE', *, *, #8546, .T. ) ;
#1500 = EDGE_CURVE ( 'NONE', #4762, #994, #6135, .T. ) ;
#1501 = ORIENTED_EDGE ( 'NONE', *, *, #619, .T. ) ;
#1502 = ADVANCED_FACE ( 'NONE', ( #2439 ), #3475, .T. ) ;
#1503 = VECTOR ( 'NONE', #7280, 1000.000000000000000 ) ;
#1504 = DIRECTION ( 'NONE',  ( 0.000000000000000000, -1.000000000000000000, 0.000000000000000000 ) ) ;
#1505 = FACE_OUTER_BOUND ( 'NONE', #6139, .T. ) ;
#1506 = LINE ( 'NONE', #4449, #1413 ) ;
#1507 = CARTESIAN_POINT ( 'NONE',  ( 0.3499999999999999778, 0.5500000000000000444, 0.1000000000000075967 ) ) ;
#1508 = ORIENTED_EDGE ( 'NONE', *, *, #5679, .T. ) ;
#1509 = VERTEX_POINT ( 'NONE', #7794 ) ;
#1510 = LINE ( 'NONE', #3696, #8279 ) ;
#1511 = VERTEX_POINT ( 'NONE', #2046 ) ;
#1512 = VERTEX_POINT ( 'NONE', #8271 ) ;
#1513 = LINE ( 'NONE', #8059, #4358 ) ;
#1514 = CARTESIAN_POINT ( 'NONE',  ( -1.709999999999999964, -0.1000000000000000056, 4.000000000000000000 ) ) ;
#1515 = LINE ( 'NONE', #6070, #3877 ) ;
#1516 = ORIENTED_EDGE ( 'NONE', *, *, #1763, .T. ) ;
#1517 = DIRECTION ( 'NONE',  ( -1.000000000000000000, 0.000000000000000000, 0.000000000000000000 ) ) ;
#1518 = CYLINDRICAL_SURFACE ( 'NONE', #6334, 0.09999999999993694488 ) ;
#1519 = ORIENTED_EDGE ( 'NONE', *, *, #8015, .T. ) ;
#1520 = CARTESIAN_POINT ( 'NONE',  ( -2.109999999999999876, 0.1315711464949800014, 3.502194353120600123 ) ) ;
#1521 = CARTESIAN_POINT ( 'NONE',  ( 2.390000000000000124, 2.399999999999999911, 1.500000000000000000 ) ) ;
#1522 = CARTESIAN_POINT ( 'NONE',  ( 3.004018053584450065, 2.100000000000000089, -2.531184861660989327 ) ) ;
#1523 = CARTESIAN_POINT ( 'NONE',  ( -1.709999999999999964, 0.6460721337625500160, 3.405725418007999661 ) ) ;
#1524 = EDGE_LOOP ( 'NONE', ( #3167, #8378, #870, #1956 ) ) ;
#1525 = DIRECTION ( 'NONE',  ( 0.000000000000000000, -1.000000000000000000, 0.000000000000000000 ) ) ;
#1526 = ORIENTED_EDGE ( 'NONE', *, *, #3122, .T. ) ;
#1527 = EDGE_CURVE ( 'NONE', #2401, #910, #4953, .T. ) ;
#1528 = EDGE_CURVE ( 'NONE', #312, #9138, #1237, .T. ) ;
#1529 = ORIENTED_EDGE ( 'NONE', *, *, #8712, .T. ) ;
#1530 = DIRECTION ( 'NONE',  ( 0.000000000000000000, 0.000000000000000000, -1.000000000000000000 ) ) ;
#1531 = LINE ( 'NONE', #6977, #6227 ) ;
#1532 = ADVANCED_FACE ( 'NONE', ( #7618 ), #7885, .T. ) ;
#1533 = LINE ( 'NONE', #6571, #6258 ) ;
#1534 = CARTESIAN_POINT ( 'NONE',  ( 0.8299999999999999600, 0.1315711464949800014, -3.502194353120600123 ) ) ;
#1535 = LINE ( 'NONE', #3780, #9214 ) ;
#1536 = DIRECTION ( 'NONE',  ( 0.000000000000000000, 0.000000000000000000, 1.000000000000000000 ) ) ;
#1537 = ORIENTED_EDGE ( 'NONE', *, *, #8703, .T. ) ;
#1538 = EDGE_CURVE ( 'NONE', #5254, #8477, #1335, .T. ) ;
#1539 = FACE_OUTER_BOUND ( 'NONE', #2366, .T. ) ;
#1540 = ORIENTED_EDGE ( 'NONE', *, *, #853, .T. ) ;
#1541 = VERTEX_POINT ( 'NONE', #5406 ) ;
#1542 = CARTESIAN_POINT ( 'NONE',  ( -2.399999999999999911, 0.6999999999999999556, -2.700000000000000178 ) ) ;
#1543 = ADVANCED_FACE ( 'NONE', ( #5633 ), #524, .F. ) ;
#1544 = CARTESIAN_POINT ( 'NONE',  ( -0.5500000000000000444, 2.419999999999999929, 2.149999999999999911 ) ) ;
#1545 = LINE ( 'NONE', #5129, #8971 ) ;
#1546 = DIRECTION ( 'NONE',  ( -1.000000000000000000, 0.000000000000000000, 0.000000000000000000 ) ) ;
#1547 = CARTESIAN_POINT ( 'NONE',  ( 0.6500000000000001332, 2.419999999999999929, 2.200000000000000178 ) ) ;
#1548 = EDGE_LOOP ( 'NONE', ( #2695, #5626, #6242, #4221 ) ) ;
#1549 = ORIENTED_EDGE ( 'NONE', *, *, #8333, .T. ) ;
#1550 = EDGE_CURVE ( 'NONE', #2157, #7787, #8589, .T. ) ;
#1551 = DIRECTION ( 'NONE',  ( 0.000000000000000000, -0.3328201177351369222, 0.9429903335828896394 ) ) ;
#1552 = EDGE_LOOP ( 'NONE', ( #2879, #5799, #945, #5422 ) ) ;
#1553 = VERTEX_POINT ( 'NONE', #3961 ) ;
#1554 = LINE ( 'NONE', #8677, #8632 ) ;
#1555 = VECTOR ( 'NONE', #5326, 1000.000000000000000 ) ;
#1556 = CARTESIAN_POINT ( 'NONE',  ( -2.575000000000000178, 2.399999999999999911, -1.949999999999999956 ) ) ;
#1557 = CARTESIAN_POINT ( 'NONE',  ( -2.374999999999969802, 2.419999999999999929, -2.049999999999969624 ) ) ;
#1558 = DIRECTION ( 'NONE',  ( 0.000000000000000000, 0.000000000000000000, -1.000000000000000000 ) ) ;
#1559 = VERTEX_POINT ( 'NONE', #344 ) ;
#1560 = EDGE_LOOP ( 'NONE', ( #3981, #6330, #7179, #1676 ) ) ;
#1561 = DIRECTION ( 'NONE',  ( 0.000000000000000000, 1.000000000000000000, 0.000000000000000000 ) ) ;
#1562 = CYLINDRICAL_SURFACE ( 'NONE', #6492, 0.1000000000000262901 ) ;
#1563 = ORIENTED_EDGE ( 'NONE', *, *, #7501, .T. ) ;
#1564 = DIRECTION ( 'NONE',  ( 1.000000000000000000, -0.000000000000000000, -0.000000000000000000 ) ) ;
#1565 = STYLED_ITEM ( 'NONE', ( #5078 ), #2595 ) ;
#1566 = AXIS2_PLACEMENT_3D ( 'NONE', #3354, #2593, #8423 ) ;
#1567 = DIRECTION ( 'NONE',  ( 1.000000000000000000, 0.000000000000000000, 0.000000000000000000 ) ) ;
#1568 = EDGE_CURVE ( 'NONE', #6355, #4883, #6468, .T. ) ;
#1569 = VECTOR ( 'NONE', #7530, 1000.000000000000000 ) ;
#1570 = DIRECTION ( 'NONE',  ( 0.000000000000000000, -1.000000000000000000, 0.000000000000000000 ) ) ;
#1571 = VECTOR ( 'NONE', #4861, 1000.000000000000000 ) ;
#1572 = EDGE_LOOP ( 'NONE', ( #9077, #9330, #9422, #6959 ) ) ;
#1573 = LINE ( 'NONE', #3769, #5265 ) ;
#1574 = ORIENTED_EDGE ( 'NONE', *, *, #2851, .T. ) ;
#1575 = ORIENTED_EDGE ( 'NONE', *, *, #9359, .F. ) ;
#1576 = DIRECTION ( 'NONE',  ( -0.7986355100473429003, 0.000000000000000000, 0.6018150231519819870 ) ) ;
#1577 = PLANE ( 'NONE',  #5430 ) ;
#1578 = VECTOR ( 'NONE', #4016, 1000.000000000000000 ) ;
#1579 = EDGE_CURVE ( 'NONE', #5474, #724, #2852, .T. ) ;
#1580 = PLANE ( 'NONE',  #1337 ) ;
#1581 = EDGE_CURVE ( 'NONE', #3602, #9444, #2634, .T. ) ;
#1582 = DIRECTION ( 'NONE',  ( 1.000000000000000000, 0.000000000000000000, 0.000000000000000000 ) ) ;
#1583 = PLANE ( 'NONE',  #7534 ) ;
#1584 = DIRECTION ( 'NONE',  ( 0.000000000000000000, 0.000000000000000000, -1.000000000000000000 ) ) ;
#1585 = AXIS2_PLACEMENT_3D ( 'NONE', #2533, #1866, #4777 ) ;
#1586 = CARTESIAN_POINT ( 'NONE',  ( 2.299999999999999822, -3.388131789017199877E-16, 2.373922824958600408 ) ) ;
#1587 = ORIENTED_EDGE ( 'NONE', *, *, #8420, .T. ) ;
#1588 = AXIS2_PLACEMENT_3D ( 'NONE', #5690, #483, #1250 ) ;
#1589 = DIRECTION ( 'NONE',  ( 0.000000000000000000, -1.000000000000000000, 0.000000000000000000 ) ) ;
#1590 = ORIENTED_EDGE ( 'NONE', *, *, #4647, .F. ) ;
#1591 = ORIENTED_EDGE ( 'NONE', *, *, #4379, .F. ) ;
#1592 = EDGE_CURVE ( 'NONE', #7474, #7444, #8289, .T. ) ;
#1593 = VECTOR ( 'NONE', #7340, 1000.000000000000000 ) ;
#1594 = EDGE_CURVE ( 'NONE', #8931, #8148, #5694, .T. ) ;
#1595 = CARTESIAN_POINT ( 'NONE',  ( -0.8400000000000001910, 0.05000000000000000278, 3.600481571814099890 ) ) ;
#1596 = ADVANCED_FACE ( 'NONE', ( #6420 ), #4910, .T. ) ;
#1597 = CIRCLE ( 'NONE', #5887, 0.09999999999993065825 ) ;
#1598 = PLANE ( 'NONE',  #6315 ) ;
#1599 = DIRECTION ( 'NONE',  ( 0.000000000000000000, -1.000000000000000000, 0.000000000000000000 ) ) ;
#1600 = DIRECTION ( 'NONE',  ( 0.1102635692839940701, -0.3307907078519821686, 0.9372403389139514207 ) ) ;
#1601 = FACE_OUTER_BOUND ( 'NONE', #6095, .T. ) ;
#1602 = ORIENTED_EDGE ( 'NONE', *, *, #7428, .T. ) ;
#1603 = ORIENTED_EDGE ( 'NONE', *, *, #8790, .T. ) ;
#1604 = CARTESIAN_POINT ( 'NONE',  ( -2.320000000000001616, 2.399999999999999911, -1.500000000000000000 ) ) ;
#1605 = CARTESIAN_POINT ( 'NONE',  ( 1.949999999999999956, 2.399999999999999911, 2.149999999999999911 ) ) ;
#1606 = EDGE_LOOP ( 'NONE', ( #304, #6228, #4086, #6914 ) ) ;
#1607 = ORIENTED_EDGE ( 'NONE', *, *, #4694, .T. ) ;
#1608 = AXIS2_PLACEMENT_3D ( 'NONE', #2287, #4427, #7412 ) ;
#1609 = EDGE_CURVE ( 'NONE', #1989, #316, #2759, .T. ) ;
#1610 = DIRECTION ( 'NONE',  ( 0.000000000000000000, 1.000000000000000000, 0.000000000000000000 ) ) ;
#1611 = EDGE_CURVE ( 'NONE', #7737, #1677, #8687, .T. ) ;
#1612 = DIRECTION ( 'NONE',  ( 0.000000000000000000, -0.9828721869343458595, -0.1842885350500574615 ) ) ;
#1613 = CARTESIAN_POINT ( 'NONE',  ( 0.4299999999999999933, 0.8499999999999999778, -2.649999999999999911 ) ) ;
#1614 = AXIS2_PLACEMENT_3D ( 'NONE', #2102, #7133, #4150 ) ;
#1615 = DIRECTION ( 'NONE',  ( 1.000000000000000000, 0.000000000000000000, 0.000000000000000000 ) ) ;
#1616 = ORIENTED_EDGE ( 'NONE', *, *, #2235, .T. ) ;
#1617 = CARTESIAN_POINT ( 'NONE',  ( 0.3499999999999999778, 2.399999999999999911, 1.850000000000000089 ) ) ;
#1618 = LINE ( 'NONE', #6074, #6644 ) ;
#1619 = ORIENTED_EDGE ( 'NONE', *, *, #1489, .T. ) ;
#1620 = VECTOR ( 'NONE', #3901, 1000.000000000000000 ) ;
#1621 = EDGE_CURVE ( 'NONE', #6681, #636, #5013, .T. ) ;
#1622 = CARTESIAN_POINT ( 'NONE',  ( -0.3499999999999999778, 0.000000000000000000, 0.000000000000000000 ) ) ;
#1623 = CARTESIAN_POINT ( 'NONE',  ( 0.000000000000000000, 0.000000000000000000, 0.000000000000000000 ) ) ;
#1624 = CARTESIAN_POINT ( 'NONE',  ( -0.8499999999999999778, 2.419999999999999929, 2.200000000000000178 ) ) ;
#1625 = CIRCLE ( 'NONE', #2831, 0.1000000000000198508 ) ;
#1626 = ORIENTED_EDGE ( 'NONE', *, *, #7928, .F. ) ;
#1627 = LINE ( 'NONE', #8875, #6043 ) ;
#1628 = ORIENTED_EDGE ( 'NONE', *, *, #2427, .F. ) ;
#1629 = ORIENTED_EDGE ( 'NONE', *, *, #971, .F. ) ;
#1630 = DIRECTION ( 'NONE',  ( 0.000000000000000000, 1.000000000000000000, 0.000000000000000000 ) ) ;
#1631 = VECTOR ( 'NONE', #7719, 1000.000000000000000 ) ;
#1632 = CYLINDRICAL_SURFACE ( 'NONE', #8371, 0.2500000000000409672 ) ;
#1633 = DIRECTION ( 'NONE',  ( 0.000000000000000000, -1.000000000000000000, 0.000000000000000000 ) ) ;
#1634 = FACE_OUTER_BOUND ( 'NONE', #5156, .T. ) ;
#1635 = CARTESIAN_POINT ( 'NONE',  ( 0.000000000000000000, 0.2000000000000000111, 0.000000000000000000 ) ) ;
#1636 = EDGE_LOOP ( 'NONE', ( #3179, #9064, #7691, #280 ) ) ;
#1637 = PRODUCT_DEFINITION_FORMATION_WITH_SPECIFIED_SOURCE ( 'ANY', '', #5389, .NOT_KNOWN. ) ;
#1638 = CIRCLE ( 'NONE', #6078, 0.09999999999991482369 ) ;
#1639 = CARTESIAN_POINT ( 'NONE',  ( -2.109999999999999876, 0.5999999999999480194, 3.160007371274379917 ) ) ;
#1640 = VERTEX_POINT ( 'NONE', #7937 ) ;
#1641 = PLANE ( 'NONE',  #7819 ) ;
#1642 = ADVANCED_FACE ( 'NONE', ( #1387 ), #4292, .T. ) ;
#1643 = ORIENTED_EDGE ( 'NONE', *, *, #5759, .T. ) ;
#1644 = DIRECTION ( 'NONE',  ( -1.000000000000000000, 0.000000000000000000, 0.000000000000000000 ) ) ;
#1645 = CARTESIAN_POINT ( 'NONE',  ( 0.8299999999999999600, 0.6999999999999999556, 2.649999999999999911 ) ) ;
#1646 = CARTESIAN_POINT ( 'NONE',  ( -2.399999999999999911, 1.125000000000041966, -2.649999999999999911 ) ) ;
#1647 = LINE ( 'NONE', #5178, #7525 ) ;
#1648 = CARTESIAN_POINT ( 'NONE',  ( 0.8299999999999999600, 0.04999999999999400063, -4.000000000000000000 ) ) ;
#1649 = ORIENTED_EDGE ( 'NONE', *, *, #946, .T. ) ;
#1650 = ORIENTED_EDGE ( 'NONE', *, *, #542, .F. ) ;
#1651 = PRODUCT_DEFINITION_SHAPE ( 'NONE', 'NONE',  #9154 ) ;
#1652 = CARTESIAN_POINT ( 'NONE',  ( -2.109999999999999876, 0.8499999999999999778, 2.649999999999999911 ) ) ;
#1653 = VERTEX_POINT ( 'NONE', #7800 ) ;
#1654 = EDGE_CURVE ( 'NONE', #7157, #2232, #2145, .T. ) ;
#1655 = EDGE_CURVE ( 'NONE', #3899, #5471, #3620, .T. ) ;
#1657 = ORIENTED_EDGE ( 'NONE', *, *, #555, .F. ) ;
#1656 = VECTOR ( 'NONE', #8504, 1000.000000000000000 ) ;
#1658 = CARTESIAN_POINT ( 'NONE',  ( -3.021810292152862232, 2.399999999999981259, -2.421810292152861699 ) ) ;
#1659 = CARTESIAN_POINT ( 'NONE',  ( -3.128089859394485472, 0.6999969639091097040, -2.700000357187202216 ) ) ;
#1660 = AXIS2_PLACEMENT_3D ( 'NONE', #7220, #1484, #8595 ) ;
#1661 = CARTESIAN_POINT ( 'NONE',  ( 3.128089483773115020, 0.6999999999999999556, -2.700000000000000178 ) ) ;
#1662 = EDGE_CURVE ( 'NONE', #9037, #2436, #5827, .T. ) ;
#1663 = DIRECTION ( 'NONE',  ( 0.000000000000000000, -0.9612616959383240012, 0.2756373558169810667 ) ) ;
#1664 = EDGE_LOOP ( 'NONE', ( #4108, #8058, #3742, #8255 ) ) ;
#1665 = ORIENTED_EDGE ( 'NONE', *, *, #5679, .F. ) ;
#1666 = DIRECTION ( 'NONE',  ( 0.000000000000000000, 0.000000000000000000, 1.000000000000000000 ) ) ;
#1667 = DIRECTION ( 'NONE',  ( 0.000000000000000000, 1.000000000000000000, 5.507747036224909506E-13 ) ) ;
#1668 = VERTEX_POINT ( 'NONE', #6598 ) ;
#1669 = EDGE_CURVE ( 'NONE', #4140, #302, #7498, .T. ) ;
#1670 = DIRECTION ( 'NONE',  ( 0.000000000000000000, 0.000000000000000000, -1.000000000000000000 ) ) ;
#1671 = ADVANCED_FACE ( 'NONE', ( #2276 ), #5190, .T. ) ;
#1672 = DIRECTION ( 'NONE',  ( 0.000000000000000000, 0.000000000000000000, 1.000000000000000000 ) ) ;
#1673 = DIRECTION ( 'NONE',  ( 0.3162277660168383853, 0.9486832980505136570, 0.000000000000000000 ) ) ;
#1674 = VERTEX_POINT ( 'NONE', #3658 ) ;
#1675 = CARTESIAN_POINT ( 'NONE',  ( -0.3010457456371595231, 0.6010457456371591789, 0.009626780795267060251 ) ) ;
#1676 = ORIENTED_EDGE ( 'NONE', *, *, #1984, .T. ) ;
#1677 = VERTEX_POINT ( 'NONE', #2180 ) ;
#1678 = DIRECTION ( 'NONE',  ( 0.000000000000000000, 0.000000000000000000, -1.000000000000000000 ) ) ;
#1679 = DIRECTION ( 'NONE',  ( -1.000000000000000000, 0.000000000000000000, 0.000000000000000000 ) ) ;
#1680 = LINE ( 'NONE', #6716, #4617 ) ;
#1681 = CARTESIAN_POINT ( 'NONE',  ( -2.475000000000000089, 2.419999999999999929, -2.050000000000000266 ) ) ;
#1682 = DIRECTION ( 'NONE',  ( 0.000000000000000000, 0.000000000000000000, -1.000000000000000000 ) ) ;
#1683 = ORIENTED_EDGE ( 'NONE', *, *, #5201, .T. ) ;
#1684 = VERTEX_POINT ( 'NONE', #2888 ) ;
#1685 = CARTESIAN_POINT ( 'NONE',  ( 2.200000000000155609, 0.000000000000000000, -1.799999999999844835 ) ) ;
#1686 = ORIENTED_EDGE ( 'NONE', *, *, #1411, .F. ) ;
#1687 = CARTESIAN_POINT ( 'NONE',  ( 3.300000000000037126, 0.6999999999999999556, 2.555009547538981352 ) ) ;
#1688 = FACE_OUTER_BOUND ( 'NONE', #8397, .T. ) ;
#1689 = CARTESIAN_POINT ( 'NONE',  ( 3.237106939925070037, 0.6999999999999999556, 2.649999999999999911 ) ) ;
#1690 = CARTESIAN_POINT ( 'NONE',  ( 1.699999999999999956, 0.05000000000000000278, 3.600481571814099890 ) ) ;
#1691 = FACE_OUTER_BOUND ( 'NONE', #6470, .T. ) ;
#1692 = VERTEX_POINT ( 'NONE', #2936 ) ;
#1693 = VERTEX_POINT ( 'NONE', #3034 ) ;
#1694 = CARTESIAN_POINT ( 'NONE',  ( -1.824999999999999956, 2.419999999999999929, -2.250000000000000444 ) ) ;
#1695 = ORIENTED_EDGE ( 'NONE', *, *, #8936, .T. ) ;
#1696 = ORIENTED_EDGE ( 'NONE', *, *, #8364, .F. ) ;
#1697 = DIRECTION ( 'NONE',  ( -1.000000000000000000, 0.000000000000000000, 0.000000000000000000 ) ) ;
#1698 = PLANE ( 'NONE',  #2843 ) ;
#1699 = EDGE_CURVE ( 'NONE', #1640, #8175, #8772, .T. ) ;
#1700 = EDGE_CURVE ( 'NONE', #1486, #6729, #6742, .T. ) ;
#1701 = CARTESIAN_POINT ( 'NONE',  ( 2.973922824958600053, 0.000000000000000000, 2.373922824958600408 ) ) ;
#1702 = CARTESIAN_POINT ( 'NONE',  ( -2.375000000000000000, 2.419999999999999929, -1.750000000000000000 ) ) ;
#1703 = VERTEX_POINT ( 'NONE', #8064 ) ;
#1704 = ORIENTED_EDGE ( 'NONE', *, *, #3913, .F. ) ;
#1705 = VECTOR ( 'NONE', #3785, 1000.000000000000000 ) ;
#1706 = CARTESIAN_POINT ( 'NONE',  ( -2.375000000000154987, 2.399999999999999911, -1.949999999999845413 ) ) ;
#1707 = CARTESIAN_POINT ( 'NONE',  ( 0.8299999999999999600, -0.1000000000000000056, -3.600481571814099890 ) ) ;
#1708 = EDGE_LOOP ( 'NONE', ( #574, #5059, #6900, #7007 ) ) ;
#1709 = EDGE_CURVE ( 'NONE', #1653, #6351, #4520, .T. ) ;
#1710 = VECTOR ( 'NONE', #5100, 1000.000000000000000 ) ;
#1711 = AXIS2_PLACEMENT_3D ( 'NONE', #4728, #9025, #2481 ) ;
#1712 = CARTESIAN_POINT ( 'NONE',  ( 2.100000000000000089, 0.5999999999999480194, -3.160007371274379917 ) ) ;
#1713 = EDGE_CURVE ( 'NONE', #4830, #1207, #4419, .T. ) ;
#1714 =( LENGTH_UNIT ( ) NAMED_UNIT ( * ) SI_UNIT ( .MILLI., .METRE. ) );
#1715 = FACE_OUTER_BOUND ( 'NONE', #1572, .T. ) ;
#1716 = ORIENTED_EDGE ( 'NONE', *, *, #9259, .F. ) ;
#1717 = VECTOR ( 'NONE', #7973, 1000.000000000000000 ) ;
#1718 = CARTESIAN_POINT ( 'NONE',  ( 3.070048994552399435, 0.07243626441829997820, 2.470048994552400234 ) ) ;
#1719 = ORIENTED_EDGE ( 'NONE', *, *, #135, .F. ) ;
#1720 = CIRCLE ( 'NONE', #8125, 0.2500000000000405787 ) ;
#1721 = ORIENTED_EDGE ( 'NONE', *, *, #2475, .F. ) ;
#1722 = DIRECTION ( 'NONE',  ( -0.7071067811865474617, 0.000000000000000000, -0.7071067811865474617 ) ) ;
#1723 = EDGE_CURVE ( 'NONE', #9218, #6870, #5966, .T. ) ;
#1724 = AXIS2_PLACEMENT_3D ( 'NONE', #780, #6821, #213 ) ;
#1725 = VECTOR ( 'NONE', #772, 1000.000000000000000 ) ;
#1726 = EDGE_CURVE ( 'NONE', #8332, #9153, #8863, .T. ) ;
#1727 = FACE_OUTER_BOUND ( 'NONE', #5338, .T. ) ;
#1728 = FACE_OUTER_BOUND ( 'NONE', #1950, .T. ) ;
#1729 = LINE ( 'NONE', #4636, #4173 ) ;
#1730 = CARTESIAN_POINT ( 'NONE',  ( -2.224999999999845102, 2.419999999999999929, -2.050000000000154809 ) ) ;
#1731 = FACE_OUTER_BOUND ( 'NONE', #15, .T. ) ;
#1732 = ORIENTED_EDGE ( 'NONE', *, *, #5813, .T. ) ;
#1733 = CARTESIAN_POINT ( 'NONE',  ( -0.2999999999999999889, 2.419999999999999929, 1.800000000000000266 ) ) ;
#1734 = ORIENTED_EDGE ( 'NONE', *, *, #7167, .T. ) ;
#1735 = CARTESIAN_POINT ( 'NONE',  ( 0.2500000000000000000, 0.5500000000000000444, 0.6500000000000001332 ) ) ;
#1736 = CIRCLE ( 'NONE', #8267, 0.09999999999993655631 ) ;
#1737 = ORIENTED_EDGE ( 'NONE', *, *, #3433, .T. ) ;
#1738 = VECTOR ( 'NONE', #2257, 1000.000000000000000 ) ;
#1739 = DIRECTION ( 'NONE',  ( 0.000000000000000000, -1.000000000000000000, 0.000000000000000000 ) ) ;
#1740 = VECTOR ( 'NONE', #1536, 1000.000000000000000 ) ;
#1741 = CARTESIAN_POINT ( 'NONE',  ( 2.100000000000000089, 0.7000000000000099476, -2.649999999999999911 ) ) ;
#1742 = CARTESIAN_POINT ( 'NONE',  ( -0.8400000000000001910, 0.1315711464949800014, -3.502194353120600123 ) ) ;
#1743 = VECTOR ( 'NONE', #7087, 1000.000000000000000 ) ;
#1744 = DIRECTION ( 'NONE',  ( -0.7071067811865474617, 0.000000000000000000, -0.7071067811865474617 ) ) ;
#1745 = ORIENTED_EDGE ( 'NONE', *, *, #4498, .F. ) ;
#1746 = ORIENTED_EDGE ( 'NONE', *, *, #2697, .T. ) ;
#1747 =( REPRESENTATION_RELATIONSHIP ('NONE','NONE', #1807, #813 ) REPRESENTATION_RELATIONSHIP_WITH_TRANSFORMATION ( #1235 )SHAPE_REPRESENTATION_RELATIONSHIP( ) );
#1748 = PLANE ( 'NONE',  #3380 ) ;
#1749 = CARTESIAN_POINT ( 'NONE',  ( -2.225000000000035172, 2.419999999999999929, -2.049999999999969624 ) ) ;
#1750 = EDGE_LOOP ( 'NONE', ( #1508, #6597, #375, #8919 ) ) ;
#1751 = EDGE_LOOP ( 'NONE', ( #4206, #2826, #4590, #3956 ) ) ;
#1752 = AXIS2_PLACEMENT_3D ( 'NONE', #4107, #5596, #2937 ) ;
#1753 = AXIS2_PLACEMENT_3D ( 'NONE', #9019, #8259, #6797 ) ;
#1754 = FACE_OUTER_BOUND ( 'NONE', #5258, .T. ) ;
#1755 = DIRECTION ( 'NONE',  ( -0.000000000000000000, 1.000000000000000000, -0.000000000000000000 ) ) ;
#1756 = CARTESIAN_POINT ( 'NONE',  ( 2.994006799475377623, -3.423142484170411973E-15, 2.394006799475377978 ) ) ;
#1757 = DIRECTION ( 'NONE',  ( -1.000000000000000000, 0.000000000000000000, 0.000000000000000000 ) ) ;
#1758 = VERTEX_POINT ( 'NONE', #4375 ) ;
#1759 = VERTEX_POINT ( 'NONE', #183 ) ;
#1760 = CARTESIAN_POINT ( 'NONE',  ( -3.300000000000037126, 0.6999999999999999556, -2.553499202082707864 ) ) ;
#1761 = CARTESIAN_POINT ( 'NONE',  ( -0.4400000000000000022, 0.6999999999999999556, 3.160007371274399901 ) ) ;
#1762 = VERTEX_POINT ( 'NONE', #848 ) ;
#1763 = EDGE_CURVE ( 'NONE', #4078, #2900, #3757, .T. ) ;
#1764 = DIRECTION ( 'NONE',  ( 0.000000000000000000, -1.000000000000000000, 0.000000000000000000 ) ) ;
#1765 = AXIS2_PLACEMENT_3D ( 'NONE', #5977, #2337, #6751 ) ;
#1766 = DIRECTION ( 'NONE',  ( 1.000000000000000000, 0.000000000000000000, 0.000000000000000000 ) ) ;
#1767 = LINE ( 'NONE', #803, #1147 ) ;
#1768 = ORIENTED_EDGE ( 'NONE', *, *, #8294, .F. ) ;
#1769 = PLANE ( 'NONE',  #1913 ) ;
#1770 = ORIENTED_EDGE ( 'NONE', *, *, #198, .F. ) ;
#1771 = CIRCLE ( 'NONE', #7577, 0.06700000000003683565 ) ;
#1772 = ORIENTED_EDGE ( 'NONE', *, *, #9172, .F. ) ;
#1773 = FACE_OUTER_BOUND ( 'NONE', #746, .T. ) ;
#1774 = EDGE_CURVE ( 'NONE', #1111, #5039, #8922, .T. ) ;
#1775 = EDGE_CURVE ( 'NONE', #2921, #25, #3081, .T. ) ;
#1776 = VECTOR ( 'NONE', #1816, 1000.000000000000000 ) ;
#1777 = B_SPLINE_CURVE_WITH_KNOTS ( 'NONE', 3,
 ( #7620, #3963, #6898, #9033 ),
 .UNSPECIFIED., .F., .F.,
 ( 4, 4 ),
 ( 0.7690107749437170570, 0.8157284853448504292 ),
 .UNSPECIFIED. ) ;
#1778 = FACE_OUTER_BOUND ( 'NONE', #8425, .T. ) ;
#1779 = DIRECTION ( 'NONE',  ( 1.000000000000000000, -0.000000000000000000, -0.000000000000000000 ) ) ;
#1780 = DIRECTION ( 'NONE',  ( 0.000000000000000000, 0.000000000000000000, 1.000000000000000000 ) ) ;
#1781 = EDGE_CURVE ( 'NONE', #223, #128, #2913, .T. ) ;
#1782 = DIRECTION ( 'NONE',  ( 0.000000000000000000, 0.000000000000000000, 1.000000000000000000 ) ) ;
#1783 = PLANE ( 'NONE',  #2952 ) ;
#1784 = ORIENTED_EDGE ( 'NONE', *, *, #4324, .F. ) ;
#1785 = CARTESIAN_POINT ( 'NONE',  ( 2.100000000000000089, 0.6460721337625500160, -3.405725418007999661 ) ) ;
#1786 = ORIENTED_EDGE ( 'NONE', *, *, #6360, .T. ) ;
#1787 = LINE ( 'NONE', #2540, #6461 ) ;
#1788 = EDGE_LOOP ( 'NONE', ( #5330, #9319, #3470, #6588 ) ) ;
#1789 = EDGE_CURVE ( 'NONE', #9345, #7050, #795, .T. ) ;
#1790 = AXIS2_PLACEMENT_3D ( 'NONE', #5032, #3500, #1459 ) ;
#1791 = DIRECTION ( 'NONE',  ( 0.000000000000000000, 0.000000000000000000, -1.000000000000000000 ) ) ;
#1792 = CARTESIAN_POINT ( 'NONE',  ( 0.4299999999999999933, 0.8499999999999999778, 3.160007371274399901 ) ) ;
#1793 = CARTESIAN_POINT ( 'NONE',  ( -0.9499999999999999556, 2.100000000000000089, 0.6500000000000001332 ) ) ;
#1794 = CARTESIAN_POINT ( 'NONE',  ( -1.824999999999999956, 2.419999999999999929, -2.149999999999999911 ) ) ;
#1795 = AXIS2_PLACEMENT_3D ( 'NONE', #3351, #9144, #4116 ) ;
#1796 = B_SPLINE_CURVE_WITH_KNOTS ( 'NONE', 3,
 ( #426, #3331, #1055, #6887 ),
 .UNSPECIFIED., .F., .F.,
 ( 4, 4 ),
 ( 0.7820644153521979502, 0.8334987950661976175 ),
 .UNSPECIFIED. ) ;
#1797 = FACE_OUTER_BOUND ( 'NONE', #4965, .T. ) ;
#1798 = EDGE_CURVE ( 'NONE', #6949, #7972, #901, .T. ) ;
#1799 = ORIENTED_EDGE ( 'NONE', *, *, #5764, .F. ) ;
#1800 = ORIENTED_EDGE ( 'NONE', *, *, #1826, .T. ) ;
#1801 = LINE ( 'NONE', #7636, #8161 ) ;
#1802 = ORIENTED_EDGE ( 'NONE', *, *, #4081, .F. ) ;
#1803 = EDGE_CURVE ( 'NONE', #3907, #7972, #3708, .T. ) ;
#1804 = EDGE_LOOP ( 'NONE', ( #3121, #5482, #5015, #5705 ) ) ;
#1805 = VECTOR ( 'NONE', #4991, 1000.000000000000000 ) ;
#1806 = CARTESIAN_POINT ( 'NONE',  ( -0.8400000000000001910, -0.1000000000000000056, -4.000000000000000000 ) ) ;
#1807 = SHAPE_REPRESENTATION ( 'CHS-04TB1', ( #8203, #5756, #726, #8224, #9445, #7603 ), #1948 ) ;
#1808 = CARTESIAN_POINT ( 'NONE',  ( -0.4400000000000000022, 0.1315711464949800014, -3.502194353120600123 ) ) ;
#1809 = LINE ( 'NONE', #3322, #2964 ) ;
#1810 = VERTEX_POINT ( 'NONE', #6649 ) ;
#1811 = EDGE_LOOP ( 'NONE', ( #1591, #3756, #324, #7452, #6071, #8291 ) ) ;
#1812 = VECTOR ( 'NONE', #1599, 1000.000000000000000 ) ;
#1813 = DIRECTION ( 'NONE',  ( 1.000000000000000000, 0.000000000000000000, 0.000000000000000000 ) ) ;
#1814 = VERTEX_POINT ( 'NONE', #7305 ) ;
#1815 = AXIS2_PLACEMENT_3D ( 'NONE', #769, #6616, #5793 ) ;
#1816 = DIRECTION ( 'NONE',  ( 0.000000000000000000, -1.000000000000000000, 0.000000000000000000 ) ) ;
#1817 = CARTESIAN_POINT ( 'NONE',  ( -1.375000000000000000, 2.419999999999999929, -1.850000000000000089 ) ) ;
#1818 = ITEM_DEFINED_TRANSFORMATION ( 'NONE', 'NONE', #7603,  #4988 ) ;
#1819 = DIRECTION ( 'NONE',  ( -0.1209274895510747821, 0.9858622128806580065, -0.1159837897506658666 ) ) ;
#1820 = EDGE_CURVE ( 'NONE', #2555, #7957, #2184, .T. ) ;
#1821 = VERTEX_POINT ( 'NONE', #2564 ) ;
#1822 = DIRECTION ( 'NONE',  ( 0.2657276780299711594, 0.9267025424900916519, 0.2657276780299704377 ) ) ;
#1823 = EDGE_LOOP ( 'NONE', ( #6710, #1379, #3939, #2147, #5243, #271, #7583, #7270 ) ) ;
#1824 = DIRECTION ( 'NONE',  ( -1.000000000000000000, 0.000000000000000000, 0.000000000000000000 ) ) ;
#1825 = CARTESIAN_POINT ( 'NONE',  ( 1.949999999999999956, 2.399999999999999911, 1.850000000000000089 ) ) ;
#1826 = EDGE_CURVE ( 'NONE', #3874, #1486, #4613, .T. ) ;
#1827 = EDGE_CURVE ( 'NONE', #3698, #9162, #1736, .T. ) ;
#1828 = CARTESIAN_POINT ( 'NONE',  ( 0.000000000000000000, 2.100000000000000089, 0.000000000000000000 ) ) ;
#1829 = DIRECTION ( 'NONE',  ( 1.000000000000000000, -0.000000000000000000, -0.000000000000000000 ) ) ;
#1830 = VERTEX_POINT ( 'NONE', #3134 ) ;
#1831 = CARTESIAN_POINT ( 'NONE',  ( 3.250000000000000444, 0.6999999999999999556, 2.636782556885050699 ) ) ;
#1832 = EDGE_LOOP ( 'NONE', ( #7213, #4220, #3211, #6380 ) ) ;
#1833 = DIRECTION ( 'NONE',  ( -1.000000000000000000, 0.000000000000000000, 0.000000000000000000 ) ) ;
#1834 = ORIENTED_EDGE ( 'NONE', *, *, #1527, .T. ) ;
#1835 = EDGE_CURVE ( 'NONE', #6780, #316, #3378, .T. ) ;
#1836 = FACE_OUTER_BOUND ( 'NONE', #8020, .T. ) ;
#1837 = CARTESIAN_POINT ( 'NONE',  ( 3.015392060589931589, 0.006367549061239711344, -2.415373668411489483 ) ) ;
#1838 = CARTESIAN_POINT ( 'NONE',  ( -3.250000000000000444, 0.6999999999999999556, 2.636782556885044926 ) ) ;
#1839 = EDGE_CURVE ( 'NONE', #9242, #6893, #6167, .T. ) ;
#1840 = DIRECTION ( 'NONE',  ( 0.000000000000000000, 0.000000000000000000, -1.000000000000000000 ) ) ;
#1841 = LINE ( 'NONE', #1216, #2331 ) ;
#1842 = EDGE_LOOP ( 'NONE', ( #1037, #5992, #3627, #3120 ) ) ;
#1843 = ORIENTED_EDGE ( 'NONE', *, *, #2123, .T. ) ;
#1844 = CARTESIAN_POINT ( 'NONE',  ( 0.8299999999999999600, 0.1039278662374499979, -3.354763525080500131 ) ) ;
#1845 = ORIENTED_EDGE ( 'NONE', *, *, #5436, .T. ) ;
#1846 = VERTEX_POINT ( 'NONE', #6974 ) ;
#1847 = ADVANCED_FACE ( 'NONE', ( #5434 ), #6266, .T. ) ;
#1848 = DIRECTION ( 'NONE',  ( -1.000000000000000000, 0.000000000000000000, 0.000000000000000000 ) ) ;
#1849 = CARTESIAN_POINT ( 'NONE',  ( -1.709999999999999964, 0.8499999999999999778, -3.160007371274399901 ) ) ;
#1850 = ADVANCED_FACE ( 'NONE', ( #4810 ), #283, .F. ) ;
#1851 = DIRECTION ( 'NONE',  ( 0.000000000000000000, 0.000000000000000000, 1.000000000000000000 ) ) ;
#1852 = CARTESIAN_POINT ( 'NONE',  ( -1.375000000000000000, 2.399999999999999911, -1.750000000000000000 ) ) ;
#1853 = EDGE_LOOP ( 'NONE', ( #7200, #7777, #1657, #7500 ) ) ;
#1854 = ORIENTED_EDGE ( 'NONE', *, *, #3511, .F. ) ;
#1855 = DIRECTION ( 'NONE',  ( 0.000000000000000000, -1.000000000000000000, 0.000000000000000000 ) ) ;
#1856 = ORIENTED_EDGE ( 'NONE', *, *, #8189, .F. ) ;
#1857 = CARTESIAN_POINT ( 'NONE',  ( -2.299999999999999822, 0.1499999999999999944, 2.492290037832664673 ) ) ;
#1858 = CARTESIAN_POINT ( 'NONE',  ( 1.649999999999999911, 2.419999999999999929, 1.949999999999999956 ) ) ;
#1859 = VECTOR ( 'NONE', #7764, 1000.000000000000114 ) ;
#1860 = LINE ( 'NONE', #428, #686 ) ;
#1861 = ORIENTED_EDGE ( 'NONE', *, *, #5463, .F. ) ;
#1862 = ORIENTED_EDGE ( 'NONE', *, *, #1084, .F. ) ;
#1863 = CIRCLE ( 'NONE', #2320, 0.2500000000000515143 ) ;
#1864 = PRESENTATION_LAYER_ASSIGNMENT (  '', '', ( #6613 ) ) ;
#1865 = DIRECTION ( 'NONE',  ( 0.000000000000000000, 0.3328201177351369222, 0.9429903335828896394 ) ) ;
#1866 = DIRECTION ( 'NONE',  ( -0.000000000000000000, 1.000000000000000000, -0.000000000000000000 ) ) ;
#1867 = LINE ( 'NONE', #3917, #2659 ) ;
#1868 = ORIENTED_EDGE ( 'NONE', *, *, #4425, .F. ) ;
#1869 = CARTESIAN_POINT ( 'NONE',  ( -0.8400000000000001910, 0.04999999999999400063, -4.000000000000000000 ) ) ;
#1870 = VERTEX_POINT ( 'NONE', #326 ) ;
#1871 = CARTESIAN_POINT ( 'NONE',  ( -2.220000000000000195, 1.750000000000000000, 1.500000000000000000 ) ) ;
#1872 = ORIENTED_EDGE ( 'NONE', *, *, #125, .F. ) ;
#1873 = AXIS2_PLACEMENT_3D ( 'NONE', #4070, #7768, #1213 ) ;
#1874 = ADVANCED_FACE ( 'NONE', ( #6073 ), #7546, .F. ) ;
#1875 = CIRCLE ( 'NONE', #7839, 0.1000000000000231676 ) ;
#1876 = CARTESIAN_POINT ( 'NONE',  ( 3.299999999999999822, 0.6999999999999999556, -2.649999999999999911 ) ) ;
#1877 = FACE_OUTER_BOUND ( 'NONE', #7924, .T. ) ;
#1878 = DIRECTION ( 'NONE',  ( -1.000000000000000000, 0.000000000000000000, 0.000000000000000000 ) ) ;
#1879 = LINE ( 'NONE', #3401, #4007 ) ;
#1880 = CARTESIAN_POINT ( 'NONE',  ( 0.9499999999999999556, 2.419999999999999929, 1.850000000000000089 ) ) ;
#1881 = VECTOR ( 'NONE', #6148, 1000.000000000000000 ) ;
#1882 = ORIENTED_EDGE ( 'NONE', *, *, #2414, .F. ) ;
#1883 = ORIENTED_EDGE ( 'NONE', *, *, #667, .F. ) ;
#1884 = VECTOR ( 'NONE', #8854, 1000.000000000000000 ) ;
#1885 = CARTESIAN_POINT ( 'NONE',  ( 1.949999999999999956, 2.419999999999999929, 1.800000000000000266 ) ) ;
#1886 = ORIENTED_EDGE ( 'NONE', *, *, #4906, .F. ) ;
#1887 = ORIENTED_EDGE ( 'NONE', *, *, #6585, .F. ) ;
#1888 = EDGE_CURVE ( 'NONE', #5361, #4140, #6927, .T. ) ;
#1889 = EDGE_CURVE ( 'NONE', #935, #7864, #8676, .T. ) ;
#1890 = VECTOR ( 'NONE', #65, 1000.000000000000000 ) ;
#1891 = CARTESIAN_POINT ( 'NONE',  ( 0.8299999999999999600, 0.5999999999999731104, 3.160007371274344834 ) ) ;
#1892 = AXIS2_PLACEMENT_3D ( 'NONE', #822, #8183, #7425 ) ;
#1893 = DIRECTION ( 'NONE',  ( 0.000000000000000000, 0.000000000000000000, -1.000000000000000000 ) ) ;
#1894 = DIRECTION ( 'NONE',  ( 1.000000000000000000, -0.000000000000000000, -0.000000000000000000 ) ) ;
#1895 = DIRECTION ( 'NONE',  ( 0.000000000000000000, 0.000000000000000000, -1.000000000000000000 ) ) ;
#1896 = ORIENTED_EDGE ( 'NONE', *, *, #3703, .F. ) ;
#1897 = ORIENTED_EDGE ( 'NONE', *, *, #3400, .F. ) ;
#1898 = DIRECTION ( 'NONE',  ( -1.000000000000000000, 0.000000000000000000, 0.000000000000000000 ) ) ;
#1899 = EDGE_CURVE ( 'NONE', #2513, #3679, #9161, .T. ) ;
#1900 = ORIENTED_EDGE ( 'NONE', *, *, #2972, .F. ) ;
#1901 = VECTOR ( 'NONE', #6153, 1000.000000000000000 ) ;
#1902 = VECTOR ( 'NONE', #6466, 1000.000000000000000 ) ;
#1903 = EDGE_CURVE ( 'NONE', #984, #9437, #4720, .T. ) ;
#1904 = LINE ( 'NONE', #7021, #3744 ) ;
#1905 = DIRECTION ( 'NONE',  ( 0.000000000000000000, 0.000000000000000000, -1.000000000000000000 ) ) ;
#1906 = VECTOR ( 'NONE', #37, 1000.000000000000000 ) ;
#1907 = FACE_OUTER_BOUND ( 'NONE', #4826, .T. ) ;
#1908 = APPLICATION_PROTOCOL_DEFINITION ( 'draft international standard', 'automotive_design', 1998, #7614 ) ;
#1909 = PLANE ( 'NONE',  #232 ) ;
#1910 = ORIENTED_EDGE ( 'NONE', *, *, #4458, .T. ) ;
#1911 = ORIENTED_EDGE ( 'NONE', *, *, #8771, .F. ) ;
#1912 = DIRECTION ( 'NONE',  ( 0.000000000000000000, 0.000000000000000000, 1.000000000000000000 ) ) ;
#1913 = AXIS2_PLACEMENT_3D ( 'NONE', #2434, #6130, #3955 ) ;
#1914 = DIRECTION ( 'NONE',  ( -1.000000000000000000, 0.000000000000000000, 0.000000000000000000 ) ) ;
#1915 = CIRCLE ( 'NONE', #8932, 0.05000000000000012768 ) ;
#1916 = CARTESIAN_POINT ( 'NONE',  ( 3.137602400615880693, 0.6999999999999999556, 2.700000000000000178 ) ) ;
#1917 = CARTESIAN_POINT ( 'NONE',  ( 0.8299999999999999600, 0.04999999999999400063, -4.000000000000000000 ) ) ;
#1918 = ORIENTED_EDGE ( 'NONE', *, *, #6087, .F. ) ;
#1919 = CARTESIAN_POINT ( 'NONE',  ( 1.020000000000000018, 2.100000000000000089, 0.6500000000000001332 ) ) ;
#1920 = LINE ( 'NONE', #8327, #6026 ) ;
#1921 = ORIENTED_EDGE ( 'NONE', *, *, #8355, .T. ) ;
#1922 = CARTESIAN_POINT ( 'NONE',  ( -2.375000000000000000, 2.399999999999999911, -1.850000000000000089 ) ) ;
#1923 = VERTEX_POINT ( 'NONE', #5339 ) ;
#1924 = APPLICATION_CONTEXT ( 'automotive_design' ) ;
#1925 = AXIS2_PLACEMENT_3D ( 'NONE', #6654, #98, #8826 ) ;
#1926 = PLANE ( 'NONE',  #4983 ) ;
#1927 = LINE ( 'NONE', #7721, #1271 ) ;
#1928 = CARTESIAN_POINT ( 'NONE',  ( 0.3207106781186490063, 0.6207106781186489952, 0.02928932188134274889 ) ) ;
#1929 = CARTESIAN_POINT ( 'NONE',  ( -3.128089483773115020, 0.6999999999999999556, -2.700000000000000178 ) ) ;
#1930 = LINE ( 'NONE', #8519, #1881 ) ;
#1931 = ORIENTED_EDGE ( 'NONE', *, *, #3335, .T. ) ;
#1932 = EDGE_LOOP ( 'NONE', ( #858, #6324, #8763, #8135, #2161, #1497, #6926, #2725, #4889, #28, #2127, #2126 ) ) ;
#1933 = VECTOR ( 'NONE', #3075, 1000.000000000000114 ) ;
#1934 = CARTESIAN_POINT ( 'NONE',  ( -0.8400000000000001910, 0.5999999999999480194, 3.160007371274379917 ) ) ;
#1935 = VERTEX_POINT ( 'NONE', #7647 ) ;
#1936 = ORIENTED_EDGE ( 'NONE', *, *, #2402, .T. ) ;
#1937 = CARTESIAN_POINT ( 'NONE',  ( -0.5500000000000679901, 2.419999999999999929, 2.150000000000069633 ) ) ;
#1938 = VECTOR ( 'NONE', #3397, 1000.000000000000000 ) ;
#1939 = PLANE ( 'NONE',  #8049 ) ;
#1940 = DIRECTION ( 'NONE',  ( 0.000000000000000000, 0.1842885350503717934, -0.9828721869342869066 ) ) ;
#1941 = FACE_OUTER_BOUND ( 'NONE', #5578, .T. ) ;
#1942 = VERTEX_POINT ( 'NONE', #2466 ) ;
#1943 = ADVANCED_FACE ( 'NONE', ( #4761 ), #7693, .F. ) ;
#1944 = EDGE_LOOP ( 'NONE', ( #1331, #256, #1686, #6501 ) ) ;
#1945 = EDGE_CURVE ( 'NONE', #2312, #7634, #8444, .T. ) ;
#1946 = LINE ( 'NONE', #7827, #4315 ) ;
#1947 = ORIENTED_EDGE ( 'NONE', *, *, #210, .T. ) ;
#1948 =( GEOMETRIC_REPRESENTATION_CONTEXT ( 3 ) GLOBAL_UNCERTAINTY_ASSIGNED_CONTEXT ( ( #3311 ) ) GLOBAL_UNIT_ASSIGNED_CONTEXT ( ( #9215, #7605, #5440 ) ) REPRESENTATION_CONTEXT ( 'NONE', 'WORKASPACE' ) );
#1950 = EDGE_LOOP ( 'NONE', ( #8853, #3498, #9226, #8799 ) ) ;
#1949 = AXIS2_PLACEMENT_3D ( 'NONE', #6451, #466, #4095 ) ;
#1951 = CARTESIAN_POINT ( 'NONE',  ( -1.419999999999999929, 2.100000000000000089, -0.6500000000000001332 ) ) ;
#1952 = EDGE_CURVE ( 'NONE', #2096, #2221, #6882, .T. ) ;
#1953 = LINE ( 'NONE', #3472, #9123 ) ;
#1954 = DIRECTION ( 'NONE',  ( -0.000000000000000000, 1.000000000000000000, -0.000000000000000000 ) ) ;
#1955 = CARTESIAN_POINT ( 'NONE',  ( 1.119999999999999885, 1.750000000000000000, -0.6500000000000001332 ) ) ;
#1956 = ORIENTED_EDGE ( 'NONE', *, *, #5959, .T. ) ;
#1957 = VERTEX_POINT ( 'NONE', #3847 ) ;
#1958 = VECTOR ( 'NONE', #5839, 1000.000000000000000 ) ;
#1959 = EDGE_CURVE ( 'NONE', #6036, #4428, #2494, .T. ) ;
#1960 = PLANE ( 'NONE',  #1195 ) ;
#1961 = CARTESIAN_POINT ( 'NONE',  ( -0.2499999999999925338, 0.5500000000000000444, -2.710505431213760161E-17 ) ) ;
#1962 = EDGE_CURVE ( 'NONE', #8233, #5477, #6446, .T. ) ;
#1963 = DIRECTION ( 'NONE',  ( -0.000000000000000000, 1.000000000000000000, -0.000000000000000000 ) ) ;
#1964 = FACE_OUTER_BOUND ( 'NONE', #5446, .T. ) ;
#1965 = DIRECTION ( 'NONE',  ( 0.000000000000000000, 0.000000000000000000, 1.000000000000000000 ) ) ;
#1966 = EDGE_LOOP ( 'NONE', ( #5935, #2241, #9397, #3057 ) ) ;
#1967 = DIRECTION ( 'NONE',  ( 1.000000000000000000, 0.000000000000000000, 0.000000000000000000 ) ) ;
#1968 = DIRECTION ( 'NONE',  ( -1.548240702311693420E-12, 0.000000000000000000, 1.000000000000000000 ) ) ;
#1969 = VERTEX_POINT ( 'NONE', #9255 ) ;
#1970 = LINE ( 'NONE', #5503, #632 ) ;
#1971 = VERTEX_POINT ( 'NONE', #1183 ) ;
#1972 = DIRECTION ( 'NONE',  ( 0.000000000000000000, 0.000000000000000000, -1.000000000000000000 ) ) ;
#1973 = CARTESIAN_POINT ( 'NONE',  ( 0.8299999999999999600, 0.7000000000000099476, -2.649999999999999911 ) ) ;
#1974 = DIRECTION ( 'NONE',  ( 0.000000000000000000, 0.9429903335828897504, -0.3328201177351369777 ) ) ;
#1975 = CARTESIAN_POINT ( 'NONE',  ( -1.807462589658299867, 2.419999999999999929, -1.750000000000000000 ) ) ;
#1976 = DIRECTION ( 'NONE',  ( 0.000000000000000000, -0.9828721869343458595, 0.1842885350500573227 ) ) ;
#1977 = DIRECTION ( 'NONE',  ( 0.000000000000000000, 0.9828721869343458595, 0.1842885350500573227 ) ) ;
#1978 = DIRECTION ( 'NONE',  ( 0.000000000000000000, 0.000000000000000000, 1.000000000000000000 ) ) ;
#1979 = ORIENTED_EDGE ( 'NONE', *, *, #2619, .F. ) ;
#1980 = VERTEX_POINT ( 'NONE', #4182 ) ;
#1981 = PLANE ( 'NONE',  #3713 ) ;
#1982 = ORIENTED_EDGE ( 'NONE', *, *, #7754, .F. ) ;
#1983 = ORIENTED_EDGE ( 'NONE', *, *, #6533, .T. ) ;
#1984 = EDGE_CURVE ( 'NONE', #2326, #4439, #5625, .T. ) ;
#1985 = CARTESIAN_POINT ( 'NONE',  ( 0.8299999999999999600, 0.1500000000000405176, -3.600481571814114989 ) ) ;
#1986 = DIRECTION ( 'NONE',  ( 0.000000000000000000, 0.000000000000000000, -1.000000000000000000 ) ) ;
#1987 = DIRECTION ( 'NONE',  ( 6.906367838737452451E-13, 0.000000000000000000, -1.000000000000000000 ) ) ;
#1988 = ORIENTED_EDGE ( 'NONE', *, *, #7617, .T. ) ;
#1989 = VERTEX_POINT ( 'NONE', #4890 ) ;
#1990 = CARTESIAN_POINT ( 'NONE',  ( -1.824999999999999956, 2.419999999999999929, -2.250000000000000444 ) ) ;
#1991 = EDGE_LOOP ( 'NONE', ( #4400, #4930, #8675, #1209, #1327, #5073, #2854, #1862, #5613, #2743, #6787, #797, #108, #9399, #362, #4559, #8090, #7060, #9293, #5561 ) ) ;
#1992 = ORIENTED_EDGE ( 'NONE', *, *, #4162, .T. ) ;
#1993 = LINE ( 'NONE', #4091, #3283 ) ;
#1994 = EDGE_CURVE ( 'NONE', #4087, #128, #1946, .T. ) ;
#1995 = ADVANCED_FACE ( 'NONE', ( #2038 ), #7062, .F. ) ;
#1996 = DIRECTION ( 'NONE',  ( 0.000000000000000000, 0.000000000000000000, -1.000000000000000000 ) ) ;
#1997 = CARTESIAN_POINT ( 'NONE',  ( 0.4299999999999999933, 0.6999999999999999556, 3.160007371274399901 ) ) ;
#1998 = CARTESIAN_POINT ( 'NONE',  ( -0.4400000000000000022, 0.6184288535050199709, -3.258294589967800636 ) ) ;
#1999 = DIRECTION ( 'NONE',  ( 0.000000000000000000, 0.000000000000000000, 1.000000000000000000 ) ) ;
#2000 = ORIENTED_EDGE ( 'NONE', *, *, #2789, .F. ) ;
#2001 = CARTESIAN_POINT ( 'NONE',  ( 0.4299999999999999933, 0.1315711464949800014, -3.502194353120600123 ) ) ;
#2002 = CARTESIAN_POINT ( 'NONE',  ( 3.239958560891977424, 0.6948314713751166938, 2.648517948265652677 ) ) ;
#2003 = EDGE_CURVE ( 'NONE', #2425, #3358, #3420, .T. ) ;
#2004 = EDGE_CURVE ( 'NONE', #8075, #5817, #650, .T. ) ;
#2005 = ADVANCED_FACE ( 'NONE', ( #4231 ), #4274, .F. ) ;
#2006 = CARTESIAN_POINT ( 'NONE',  ( -1.550000000000000266, 2.419999999999999929, 1.949999999999999956 ) ) ;
#2007 = PLANE ( 'NONE',  #8024 ) ;
#2008 = ORIENTED_EDGE ( 'NONE', *, *, #1007, .T. ) ;
#2009 = VECTOR ( 'NONE', #8088, 1000.000000000000000 ) ;
#2010 = LINE ( 'NONE', #582, #3863 ) ;
#2011 = ORIENTED_EDGE ( 'NONE', *, *, #3582, .F. ) ;
#2012 = EDGE_CURVE ( 'NONE', #1207, #2787, #513, .T. ) ;
#2013 = DIRECTION ( 'NONE',  ( 0.000000000000000000, -1.000000000000000000, 0.000000000000000000 ) ) ;
#2014 = ORIENTED_EDGE ( 'NONE', *, *, #7199, .T. ) ;
#2015 = FACE_OUTER_BOUND ( 'NONE', #8551, .T. ) ;
#2016 = EDGE_CURVE ( 'NONE', #3669, #1846, #7118, .T. ) ;
#2017 = VECTOR ( 'NONE', #7439, 1000.000000000000000 ) ;
#2018 = PLANE ( 'NONE',  #5752 ) ;
#2019 = LINE ( 'NONE', #4301, #5395 ) ;
#2020 = DIRECTION ( 'NONE',  ( 0.000000000000000000, -1.000000000000000000, 0.000000000000000000 ) ) ;
#2021 = DIRECTION ( 'NONE',  ( -1.000000000000000000, 0.000000000000000000, 0.000000000000000000 ) ) ;
#2022 = CARTESIAN_POINT ( 'NONE',  ( 2.969842537457043186, 2.350139339578036779, 2.498059626356493368 ) ) ;
#2023 = PLANE ( 'NONE',  #6809 ) ;
#2024 = VERTEX_POINT ( 'NONE', #7018 ) ;
#2025 = DIRECTION ( 'NONE',  ( -1.000000000000000000, 0.000000000000000000, 0.000000000000000000 ) ) ;
#2026 = ORIENTED_EDGE ( 'NONE', *, *, #7020, .F. ) ;
#2027 =( GEOMETRIC_REPRESENTATION_CONTEXT ( 3 ) GLOBAL_UNCERTAINTY_ASSIGNED_CONTEXT ( ( #3208 ) ) GLOBAL_UNIT_ASSIGNED_CONTEXT ( ( #4524, #2379, #1478 ) ) REPRESENTATION_CONTEXT ( 'NONE', 'WORKASPACE' ) );
#2028 = VECTOR ( 'NONE', #783, 1000.000000000000000 ) ;
#2029 = ORIENTED_EDGE ( 'NONE', *, *, #4237, .F. ) ;
#2030 = CARTESIAN_POINT ( 'NONE',  ( -2.225000000000000089, 2.399999999999999911, -2.250000000000000444 ) ) ;
#2031 = VECTOR ( 'NONE', #2904, 1000.000000000000000 ) ;
#2032 = CARTESIAN_POINT ( 'NONE',  ( -0.2999999999999999889, 2.419999999999999929, 1.800000000000000266 ) ) ;
#2033 = FACE_OUTER_BOUND ( 'NONE', #3169, .T. ) ;
#2034 = CIRCLE ( 'NONE', #3087, 0.1000000000000231676 ) ;
#2035 = DIRECTION ( 'NONE',  ( 0.000000000000000000, -1.000000000000000000, -6.071532165917839070E-14 ) ) ;
#2036 = EDGE_LOOP ( 'NONE', ( #8959, #4646, #1574, #1734 ) ) ;
#2037 = ORIENTED_EDGE ( 'NONE', *, *, #1621, .F. ) ;
#2038 = FACE_OUTER_BOUND ( 'NONE', #2656, .T. ) ;
#2039 = ORIENTED_EDGE ( 'NONE', *, *, #9309, .T. ) ;
#2040 = ORIENTED_EDGE ( 'NONE', *, *, #657, .T. ) ;
#2041 = CIRCLE ( 'NONE', #4774, 0.1000000000000198508 ) ;
#2042 = DIRECTION ( 'NONE',  ( 0.1102635692839942089, 0.3307907078519820576, -0.9372403389139514207 ) ) ;
#2043 = CYLINDRICAL_SURFACE ( 'NONE', #1491, 0.09999999999984543475 ) ;
#2044 = VECTOR ( 'NONE', #8273, 1000.000000000000000 ) ;
#2045 = DIRECTION ( 'NONE',  ( 0.000000000000000000, -1.000000000000000000, 5.507747036225403270E-13 ) ) ;
#2046 = CARTESIAN_POINT ( 'NONE',  ( 0.3499999999999999778, 2.419999999999999929, 2.200000000000000178 ) ) ;
#2047 = AXIS2_PLACEMENT_3D ( 'NONE', #2680, #4155, #3439 ) ;
#2048 = ORIENTED_EDGE ( 'NONE', *, *, #4325, .T. ) ;
#2049 = VERTEX_POINT ( 'NONE', #8628 ) ;
#2050 = ADVANCED_FACE ( 'NONE', ( #563 ), #6403, .F. ) ;
#2051 = PLANE ( 'NONE',  #3076 ) ;
#2052 = VECTOR ( 'NONE', #142, 1000.000000000000000 ) ;
#2053 = AXIS2_PLACEMENT_3D ( 'NONE', #2615, #8541, #5534 ) ;
#2054 = PLANE ( 'NONE',  #4528 ) ;
#2055 = CARTESIAN_POINT ( 'NONE',  ( -1.709999999999999964, 0.6184288535050199709, 3.258294589967800636 ) ) ;
#2056 = CARTESIAN_POINT ( 'NONE',  ( -0.8400000000000001910, 0.1500000000000405176, 3.600481571814114989 ) ) ;
#2057 = CARTESIAN_POINT ( 'NONE',  ( -3.015392060589931145, 0.006367549061239395625, 2.415373668411489483 ) ) ;
#2058 = ORIENTED_EDGE ( 'NONE', *, *, #7028, .T. ) ;
#2059 = ADVANCED_FACE ( 'NONE', ( #3466 ), #6500, .T. ) ;
#2060 = EDGE_CURVE ( 'NONE', #6798, #5773, #2706, .T. ) ;
#2061 = AXIS2_PLACEMENT_3D ( 'NONE', #7103, #4121, #494 ) ;
#2062 = ORIENTED_EDGE ( 'NONE', *, *, #3219, .T. ) ;
#2063 = DIRECTION ( 'NONE',  ( 0.000000000000000000, 0.9828721869343458595, 0.1842885350500573227 ) ) ;
#2064 = ORIENTED_EDGE ( 'NONE', *, *, #1414, .F. ) ;
#2065 = DIRECTION ( 'NONE',  ( 0.000000000000000000, 0.000000000000000000, 1.000000000000000000 ) ) ;
#2066 = VECTOR ( 'NONE', #9175, 1000.000000000000000 ) ;
#2067 = EDGE_CURVE ( 'NONE', #8626, #1277, #9343, .T. ) ;
#2068 = CARTESIAN_POINT ( 'NONE',  ( 3.079746549536416023, 2.374964886359615335, 2.403155464221922166 ) ) ;
#2069 = PLANE ( 'NONE',  #3170 ) ;
#2070 = LINE ( 'NONE', #7234, #194 ) ;
#2071 = DIRECTION ( 'NONE',  ( 1.000000000000000000, 0.000000000000000000, 0.000000000000000000 ) ) ;
#2072 = VERTEX_POINT ( 'NONE', #2785 ) ;
#2073 = ORIENTED_EDGE ( 'NONE', *, *, #3058, .T. ) ;
#2074 = ADVANCED_FACE ( 'NONE', ( #8533 ), #2128, .F. ) ;
#2075 = B_SPLINE_CURVE_WITH_KNOTS ( 'NONE', 3,
 ( #3240, #9081, #8248, #6834, #1044, #8967, #5241, #6643 ),
 .UNSPECIFIED., .F., .F.,
 ( 4, 2, 2, 4 ),
 ( 1.570796326794896558, 2.297637749876997759, 2.661058461418048804, 3.024479172959099404 ),
 .UNSPECIFIED. ) ;
#2076 = CARTESIAN_POINT ( 'NONE',  ( -2.109999999999999876, 0.6460721337625500160, 3.405725418007999661 ) ) ;
#2077 = ORIENTED_EDGE ( 'NONE', *, *, #1709, .T. ) ;
#2078 = ORIENTED_EDGE ( 'NONE', *, *, #5174, .T. ) ;
#2079 = VECTOR ( 'NONE', #2838, 1000.000000000000000 ) ;
#2080 = LINE ( 'NONE', #4268, #259 ) ;
#2081 = CARTESIAN_POINT ( 'NONE',  ( 2.100000000000000089, 0.1039278662374499979, 3.354763525080500131 ) ) ;
#2082 = CARTESIAN_POINT ( 'NONE',  ( -0.4400000000000000022, 0.1500000000000405176, -3.600481571814114989 ) ) ;
#2083 = VECTOR ( 'NONE', #2699, 1000.000000000000000 ) ;
#2084 = ORIENTED_EDGE ( 'NONE', *, *, #8260, .T. ) ;
#2085 = VERTEX_POINT ( 'NONE', #5765 ) ;
#2086 = PRODUCT_DEFINITION ( 'UNKNOWN', '', #2842, #6105 ) ;
#2087 = CARTESIAN_POINT ( 'NONE',  ( 0.9499999999999999556, 2.399999999999999911, 1.750000000000000000 ) ) ;
#2088 = ORIENTED_EDGE ( 'NONE', *, *, #1232, .T. ) ;
#2089 = ORIENTED_EDGE ( 'NONE', *, *, #6636, .F. ) ;
#2090 = AXIS2_PLACEMENT_3D ( 'NONE', #6173, #9071, #2521 ) ;
#2091 = LINE ( 'NONE', #8013, #2828 ) ;
#2092 = CARTESIAN_POINT ( 'NONE',  ( 0.9500000000001550537, 2.419999999999999929, 1.849999999999845102 ) ) ;
#2093 = DIRECTION ( 'NONE',  ( -1.000000000000000000, 0.000000000000000000, 0.000000000000000000 ) ) ;
#2094 = VERTEX_POINT ( 'NONE', #8673 ) ;
#2095 = AXIS2_PLACEMENT_3D ( 'NONE', #8446, #8060, #5770 ) ;
#2096 = VERTEX_POINT ( 'NONE', #3650 ) ;
#2097 = ORIENTED_EDGE ( 'NONE', *, *, #8769, .T. ) ;
#2098 = DIRECTION ( 'NONE',  ( 0.000000000000000000, -0.1842885350503307429, 0.9828721869342945672 ) ) ;
#2099 = VECTOR ( 'NONE', #7641, 1000.000000000000000 ) ;
#2100 = EDGE_CURVE ( 'NONE', #7849, #2502, #6319, .T. ) ;
#2101 = CARTESIAN_POINT ( 'NONE',  ( -3.299999979670564354, 0.7000001728002016588, 2.504661900165653154 ) ) ;
#2102 = CARTESIAN_POINT ( 'NONE',  ( -1.520000000000000018, 2.100000000000000089, 1.500000000000000000 ) ) ;
#2103 = ORIENTED_EDGE ( 'NONE', *, *, #7379, .T. ) ;
#2104 = DIRECTION ( 'NONE',  ( 0.000000000000000000, -1.000000000000000000, 0.000000000000000000 ) ) ;
#2105 = AXIS2_PLACEMENT_3D ( 'NONE', #547, #8517, #4877 ) ;
#2106 = CARTESIAN_POINT ( 'NONE',  ( -2.220000000000000195, 1.750000000000000000, -0.6500000000000001332 ) ) ;
#2107 = EDGE_LOOP ( 'NONE', ( #1454, #7654, #4934, #2617 ) ) ;
#2108 = FACE_BOUND ( 'NONE', #6912, .T. ) ;
#2109 = EDGE_CURVE ( 'NONE', #1870, #8616, #4455, .T. ) ;
#2110 = DIRECTION ( 'NONE',  ( 1.000000000000000000, -0.000000000000000000, -0.000000000000000000 ) ) ;
#2111 = ADVANCED_FACE ( 'NONE', ( #7390 ), #8098, .F. ) ;
#2112 = AXIS2_PLACEMENT_3D ( 'NONE', #4687, #2294, #6807 ) ;
#2113 = CARTESIAN_POINT ( 'NONE',  ( 3.064048988665231121, 2.387534570178781568, 2.424497505069837189 ) ) ;
#2114 = CARTESIAN_POINT ( 'NONE',  ( 2.100000000000000089, 0.6999999999999999556, 3.160007371274399901 ) ) ;
#2115 = LINE ( 'NONE', #7906, #6614 ) ;
#2116 = FACE_OUTER_BOUND ( 'NONE', #7168, .T. ) ;
#2117 = ORIENTED_EDGE ( 'NONE', *, *, #4911, .T. ) ;
#2118 = FACE_OUTER_BOUND ( 'NONE', #7202, .T. ) ;
#2119 = ORIENTED_EDGE ( 'NONE', *, *, #8723, .T. ) ;
#2120 = EDGE_LOOP ( 'NONE', ( #406, #8499, #8264, #5909, #7584, #754, #1238, #925, #8167, #2352, #1607, #3579, #3505, #2551, #8905, #4456, #8564 ) ) ;
#2121 = ADVANCED_FACE ( 'NONE', ( #3794 ), #6547, .F. ) ;
#2122 = FACE_OUTER_BOUND ( 'NONE', #7960, .T. ) ;
#2123 = EDGE_CURVE ( 'NONE', #5740, #6303, #4410, .T. ) ;
#2124 = SURFACE_SIDE_STYLE ('',( #6543 ) ) ;
#2125 = CARTESIAN_POINT ( 'NONE',  ( 0.8299999999999999600, 0.1500000000000140388, -3.600481571814050152 ) ) ;
#2126 = ORIENTED_EDGE ( 'NONE', *, *, #2304, .F. ) ;
#2127 = ORIENTED_EDGE ( 'NONE', *, *, #4566, .F. ) ;
#2128 = PLANE ( 'NONE',  #974 ) ;
#2129 = ORIENTED_EDGE ( 'NONE', *, *, #3506, .F. ) ;
#2130 = ORIENTED_EDGE ( 'NONE', *, *, #1826, .F. ) ;
#2131 = EDGE_CURVE ( 'NONE', #6869, #2468, #5086, .T. ) ;
#2132 = EDGE_CURVE ( 'NONE', #994, #9162, #5134, .T. ) ;
#2133 = CARTESIAN_POINT ( 'NONE',  ( -3.066904760731808288, 0.06147182829467661563, -2.466904760731808643 ) ) ;
#2134 = EDGE_CURVE ( 'NONE', #1923, #6949, #7959, .T. ) ;
#2135 = CARTESIAN_POINT ( 'NONE',  ( -2.375000000000154987, 2.419999999999999929, -2.050000000000154809 ) ) ;
#2136 = LINE ( 'NONE', #7124, #7253 ) ;
#2137 = EDGE_LOOP ( 'NONE', ( #5158, #1900, #4075, #6255 ) ) ;
#2138 = DIRECTION ( 'NONE',  ( -0.1208366032160089476, -0.9858732047605713866, 0.1159850829130071315 ) ) ;
#2139 = ORIENTED_EDGE ( 'NONE', *, *, #1781, .T. ) ;
#2140 = LINE ( 'NONE', #6366, #788 ) ;
#2141 = DIRECTION ( 'NONE',  ( -1.000000000000000000, 0.000000000000000000, 0.000000000000000000 ) ) ;
#2142 = CARTESIAN_POINT ( 'NONE',  ( -2.149999999999999911, 2.399999999999999911, 2.050000000000000266 ) ) ;
#2143 = LINE ( 'NONE', #4247, #5144 ) ;
#2144 = DIRECTION ( 'NONE',  ( 0.000000000000000000, 0.000000000000000000, -1.000000000000000000 ) ) ;
#2145 = LINE ( 'NONE', #7268, #8731 ) ;
#2146 = CYLINDRICAL_SURFACE ( 'NONE', #4814, 0.06700000000003664136 ) ;
#2147 = ORIENTED_EDGE ( 'NONE', *, *, #2465, .F. ) ;
#2148 = DIRECTION ( 'NONE',  ( 0.000000000000000000, -1.000000000000000000, 0.000000000000000000 ) ) ;
#2149 = ORIENTED_EDGE ( 'NONE', *, *, #9441, .F. ) ;
#2150 = CARTESIAN_POINT ( 'NONE',  ( 3.299999999999999822, 2.399999999999999911, -2.500000000000000000 ) ) ;
#2151 = DIRECTION ( 'NONE',  ( 0.000000000000000000, 0.000000000000000000, 1.000000000000000000 ) ) ;
#2152 = CARTESIAN_POINT ( 'NONE',  ( 2.100000000000000089, -0.1000000000000000056, 4.000000000000000000 ) ) ;
#2153 = DIRECTION ( 'NONE',  ( 0.000000000000000000, 0.000000000000000000, -1.000000000000000000 ) ) ;
#2154 = AXIS2_PLACEMENT_3D ( 'NONE', #4863, #7488, #43 ) ;
#2155 = DIRECTION ( 'NONE',  ( -1.000000000000000000, 0.000000000000000000, 0.000000000000000000 ) ) ;
#2156 = CARTESIAN_POINT ( 'NONE',  ( 2.939910559069614848, 2.311684124756699710, 2.510390102969800807 ) ) ;
#2157 = VERTEX_POINT ( 'NONE', #3071 ) ;
#2158 = LINE ( 'NONE', #8565, #6735 ) ;
#2159 = ORIENTED_EDGE ( 'NONE', *, *, #3663, .F. ) ;
#2160 = EDGE_CURVE ( 'NONE', #2094, #9444, #8761, .T. ) ;
#2161 = ORIENTED_EDGE ( 'NONE', *, *, #5232, .F. ) ;
#2162 = CIRCLE ( 'NONE', #1256, 0.2000000000000321798 ) ;
#2163 = DIRECTION ( 'NONE',  ( 0.000000000000000000, -1.000000000000000000, 0.000000000000000000 ) ) ;
#2164 =( LENGTH_UNIT ( ) NAMED_UNIT ( * ) SI_UNIT ( .MILLI., .METRE. ) );
#2165 = CYLINDRICAL_SURFACE ( 'NONE', #3161, 0.2000000000000334843 ) ;
#2166 = AXIS2_PLACEMENT_3D ( 'NONE', #8590, #9410, #1290 ) ;
#2167 = ORIENTED_EDGE ( 'NONE', *, *, #8665, .T. ) ;
#2168 = AXIS2_PLACEMENT_3D ( 'NONE', #6262, #1894, #1940 ) ;
#2169 = CARTESIAN_POINT ( 'NONE',  ( -2.109999999999999876, 0.1500000000000175360, 3.600481571814044823 ) ) ;
#2170 = ORIENTED_EDGE ( 'NONE', *, *, #3511, .T. ) ;
#2171 = EDGE_CURVE ( 'NONE', #302, #2452, #129, .T. ) ;
#2172 = EDGE_CURVE ( 'NONE', #4377, #1758, #4317, .T. ) ;
#2173 = ORIENTED_EDGE ( 'NONE', *, *, #936, .T. ) ;
#2174 = VECTOR ( 'NONE', #5053, 1000.000000000000000 ) ;
#2175 = DIRECTION ( 'NONE',  ( 0.000000000000000000, -1.000000000000000000, 0.000000000000000000 ) ) ;
#2176 = DIRECTION ( 'NONE',  ( 0.000000000000000000, 0.000000000000000000, -1.000000000000000000 ) ) ;
#2177 = ADVANCED_FACE ( 'NONE', ( #4365 ), #786, .F. ) ;
#2178 = CARTESIAN_POINT ( 'NONE',  ( 0.4299999999999999933, 0.1039278662374499979, -3.354763525080500131 ) ) ;
#2179 = ORIENTED_EDGE ( 'NONE', *, *, #608, .F. ) ;
#2180 = CARTESIAN_POINT ( 'NONE',  ( -0.8400000000000001910, 0.7000000000000099476, -3.160007371274399901 ) ) ;
#2181 = CARTESIAN_POINT ( 'NONE',  ( 2.399999999999999911, 0.6999999999999999556, -2.649999999999999911 ) ) ;
#2182 = ORIENTED_EDGE ( 'NONE', *, *, #5997, .F. ) ;
#2183 = VECTOR ( 'NONE', #7046, 1000.000000000000000 ) ;
#2184 = CIRCLE ( 'NONE', #5539, 0.04999999999999991257 ) ;
#2185 = DIRECTION ( 'NONE',  ( 0.000000000000000000, 0.000000000000000000, 1.000000000000000000 ) ) ;
#2186 = EDGE_CURVE ( 'NONE', #3070, #2266, #5036, .T. ) ;
#2187 = FACE_OUTER_BOUND ( 'NONE', #7304, .T. ) ;
#2188 = VECTOR ( 'NONE', #8132, 1000.000000000000000 ) ;
#2189 = CIRCLE ( 'NONE', #8747, 0.5999999999999999778 ) ;
#2190 = ADVANCED_FACE ( 'NONE', ( #1466 ), #838, .T. ) ;
#2191 = DIRECTION ( 'NONE',  ( 1.000000000000000000, -0.000000000000000000, -0.000000000000000000 ) ) ;
#2192 = DIRECTION ( 'NONE',  ( 0.9486832980505136570, -0.3162277660168383853, 0.000000000000000000 ) ) ;
#2193 = LINE ( 'NONE', #7609, #3278 ) ;
#2194 = ORIENTED_EDGE ( 'NONE', *, *, #4741, .T. ) ;
#2195 = EDGE_CURVE ( 'NONE', #5885, #8992, #1510, .T. ) ;
#2196 = FACE_OUTER_BOUND ( 'NONE', #8391, .T. ) ;
#2197 = ORIENTED_EDGE ( 'NONE', *, *, #4093, .T. ) ;
#2198 = FACE_OUTER_BOUND ( 'NONE', #6708, .T. ) ;
#2199 = AXIS2_PLACEMENT_3D ( 'NONE', #796, #2625, #5544 ) ;
#2200 = VECTOR ( 'NONE', #5685, 1000.000000000000000 ) ;
#2201 = FACE_OUTER_BOUND ( 'NONE', #245, .T. ) ;
#2202 = FACE_OUTER_BOUND ( 'NONE', #4098, .T. ) ;
#2203 = CARTESIAN_POINT ( 'NONE',  ( 0.4299999999999999933, 0.6460721337625500160, 3.405725418007999661 ) ) ;
#2204 = AXIS2_PLACEMENT_3D ( 'NONE', #3090, #6127, #6030 ) ;
#2205 = DIRECTION ( 'NONE',  ( 0.000000000000000000, 0.000000000000000000, -1.000000000000000000 ) ) ;
#2206 = ORIENTED_EDGE ( 'NONE', *, *, #334, .F. ) ;
#2207 = DIRECTION ( 'NONE',  ( 0.000000000000000000, 1.000000000000000000, 7.979727989491668017E-14 ) ) ;
#2208 = EDGE_LOOP ( 'NONE', ( #4945, #17, #6020, #5858 ) ) ;
#2209 = ORIENTED_EDGE ( 'NONE', *, *, #714, .T. ) ;
#2210 = AXIS2_PLACEMENT_3D ( 'NONE', #8396, #1895, #5572 ) ;
#2211 = PLANE ( 'NONE',  #8639 ) ;
#2212 = FACE_OUTER_BOUND ( 'NONE', #6084, .T. ) ;
#2213 = CARTESIAN_POINT ( 'NONE',  ( 3.135294117647060119, 2.100000000000000089, -2.034705882352940254 ) ) ;
#2214 = ADVANCED_FACE ( 'NONE', ( #5910 ), #8810, .T. ) ;
#2215 = CARTESIAN_POINT ( 'NONE',  ( 2.399999999999999911, 1.125000000000041966, -2.649999999999999911 ) ) ;
#2216 = CARTESIAN_POINT ( 'NONE',  ( 2.050000000000000266, 2.419999999999999929, 2.149999999999999911 ) ) ;
#2217 = EDGE_LOOP ( 'NONE', ( #5184, #1887, #8787, #4943 ) ) ;
#2218 = ORIENTED_EDGE ( 'NONE', *, *, #222, .F. ) ;
#2219 = VECTOR ( 'NONE', #8684, 1000.000000000000000 ) ;
#2220 = DIRECTION ( 'NONE',  ( 0.000000000000000000, 1.000000000000000000, 0.000000000000000000 ) ) ;
#2221 = VERTEX_POINT ( 'NONE', #4508 ) ;
#2222 = ORIENTED_EDGE ( 'NONE', *, *, #6031, .F. ) ;
#2223 = CARTESIAN_POINT ( 'NONE',  ( -3.242731257335859762, 0.6896186609251513389, 2.647023198922289655 ) ) ;
#2224 = VECTOR ( 'NONE', #9304, 1000.000000000000000 ) ;
#2225 = DIRECTION ( 'NONE',  ( -1.000000000000000000, 0.000000000000000000, 0.000000000000000000 ) ) ;
#2226 = EDGE_CURVE ( 'NONE', #218, #9241, #174, .T. ) ;
#2227 = EDGE_CURVE ( 'NONE', #9418, #764, #2627, .T. ) ;
#2228 = CARTESIAN_POINT ( 'NONE',  ( -0.2500000000000000000, 2.399999999999999911, 1.800000000000000266 ) ) ;
#2229 = ORIENTED_EDGE ( 'NONE', *, *, #2517, .F. ) ;
#2230 = DIRECTION ( 'NONE',  ( 0.000000000000000000, -1.000000000000000000, 0.000000000000000000 ) ) ;
#2231 = CARTESIAN_POINT ( 'NONE',  ( 3.299999999999999822, 0.09999999999993669508, 2.373922824958615063 ) ) ;
#2232 = VERTEX_POINT ( 'NONE', #2455 ) ;
#2233 = CARTESIAN_POINT ( 'NONE',  ( 1.649999999999999911, 2.399999999999999911, 2.149999999999999911 ) ) ;
#2234 = VECTOR ( 'NONE', #5712, 1000.000000000000000 ) ;
#2235 = EDGE_CURVE ( 'NONE', #1559, #3323, #4109, .T. ) ;
#2236 = DIRECTION ( 'NONE',  ( 0.000000000000000000, 1.000000000000000000, 0.000000000000000000 ) ) ;
#2237 = EDGE_CURVE ( 'NONE', #418, #396, #5598, .T. ) ;
#2238 = AXIS2_PLACEMENT_3D ( 'NONE', #6248, #488, #7629 ) ;
#2239 = CARTESIAN_POINT ( 'NONE',  ( 3.135292069141179638, 2.100000230693639836, -2.337305684511190584 ) ) ;
#2240 = PLANE ( 'NONE',  #7092 ) ;
#2241 = ORIENTED_EDGE ( 'NONE', *, *, #8643, .F. ) ;
#2242 = DIRECTION ( 'NONE',  ( 0.000000000000000000, 0.000000000000000000, -1.000000000000000000 ) ) ;
#2243 = ORIENTED_EDGE ( 'NONE', *, *, #6802, .T. ) ;
#2244 = ORIENTED_EDGE ( 'NONE', *, *, #658, .F. ) ;
#2245 = CARTESIAN_POINT ( 'NONE',  ( -2.220000000000000195, 2.100000000000000089, -0.6500000000000001332 ) ) ;
#2246 = AXIS2_PLACEMENT_3D ( 'NONE', #8827, #2283, #5196 ) ;
#2247 = VECTOR ( 'NONE', #3704, 1000.000000000000114 ) ;
#2248 = EDGE_CURVE ( 'NONE', #485, #4278, #9194, .T. ) ;
#2249 = LINE ( 'NONE', #8312, #572 ) ;
#2250 = EDGE_CURVE ( 'NONE', #7661, #3430, #7803, .T. ) ;
#2251 = CARTESIAN_POINT ( 'NONE',  ( 0.8299999999999999600, 0.5999999999999870992, -3.160007371274350163 ) ) ;
#2252 = DIRECTION ( 'NONE',  ( 0.000000000000000000, -0.9828721869343458595, 0.1842885350500573227 ) ) ;
#2253 = VECTOR ( 'NONE', #7631, 1000.000000000000000 ) ;
#2254 = DIRECTION ( 'NONE',  ( -8.548934130055483711E-13, 0.000000000000000000, 1.000000000000000000 ) ) ;
#2255 = LINE ( 'NONE', #3010, #1740 ) ;
#2256 = ORIENTED_EDGE ( 'NONE', *, *, #136, .F. ) ;
#2257 = DIRECTION ( 'NONE',  ( 0.000000000000000000, 0.000000000000000000, -1.000000000000000000 ) ) ;
#2258 = ORIENTED_EDGE ( 'NONE', *, *, #3582, .T. ) ;
#2259 = CARTESIAN_POINT ( 'NONE',  ( -2.024999999999999911, 2.419999999999999929, -2.050000000000000266 ) ) ;
#2260 = EDGE_LOOP ( 'NONE', ( #794, #6537, #8099, #5325 ) ) ;
#2261 = DIRECTION ( 'NONE',  ( 1.000000000000000000, -0.000000000000000000, -0.000000000000000000 ) ) ;
#2262 = LINE ( 'NONE', #8143, #2328 ) ;
#2263 = LINE ( 'NONE', #1408, #4080 ) ;
#2264 = CARTESIAN_POINT ( 'NONE',  ( -2.149999999999999911, 2.419999999999999929, 1.949999999999999956 ) ) ;
#2265 = FACE_BOUND ( 'NONE', #1318, .T. ) ;
#2266 = VERTEX_POINT ( 'NONE', #5546 ) ;
#2267 = DIRECTION ( 'NONE',  ( 0.000000000000000000, 0.9429903335828897504, 0.3328201177351369777 ) ) ;
#2268 = ORIENTED_EDGE ( 'NONE', *, *, #7726, .T. ) ;
#2269 = ORIENTED_EDGE ( 'NONE', *, *, #1579, .T. ) ;
#2270 = EDGE_CURVE ( 'NONE', #8662, #8033, #6828, .T. ) ;
#2271 = DIRECTION ( 'NONE',  ( 0.000000000000000000, 0.000000000000000000, -1.000000000000000000 ) ) ;
#2272 = LINE ( 'NONE', #134, #4998 ) ;
#2273 = CARTESIAN_POINT ( 'NONE',  ( 2.664295101245278463, 2.335512703669985424, -2.505704898754722354 ) ) ;
#2274 = LINE ( 'NONE', #5963, #2665 ) ;
#2275 = VERTEX_POINT ( 'NONE', #932 ) ;
#2276 = FACE_OUTER_BOUND ( 'NONE', #3933, .T. ) ;
#2277 = DIRECTION ( 'NONE',  ( 1.000000000000000000, -0.000000000000000000, -0.000000000000000000 ) ) ;
#2278 = ORIENTED_EDGE ( 'NONE', *, *, #8814, .T. ) ;
#2279 = DIRECTION ( 'NONE',  ( 0.000000000000000000, -1.000000000000000000, 0.000000000000000000 ) ) ;
#2280 = EDGE_CURVE ( 'NONE', #5727, #1830, #8726, .T. ) ;
#2281 = EDGE_CURVE ( 'NONE', #269, #3989, #3838, .T. ) ;
#2282 = PLANE ( 'NONE',  #6520 ) ;
#2283 = DIRECTION ( 'NONE',  ( 0.000000000000000000, 0.000000000000000000, 1.000000000000000000 ) ) ;
#2284 = DIRECTION ( 'NONE',  ( -1.000000000000000000, 0.000000000000000000, 0.000000000000000000 ) ) ;
#2285 = ADVANCED_FACE ( 'NONE', ( #220 ), #6375, .T. ) ;
#2286 = ORIENTED_EDGE ( 'NONE', *, *, #4435, .T. ) ;
#2287 = CARTESIAN_POINT ( 'NONE',  ( -0.6499999999999139799, 2.399999999999999911, 1.849999999999915046 ) ) ;
#2288 = ORIENTED_EDGE ( 'NONE', *, *, #8417, .F. ) ;
#2289 = ORIENTED_EDGE ( 'NONE', *, *, #9334, .T. ) ;
#2290 = CARTESIAN_POINT ( 'NONE',  ( 0.7500000000000000000, 2.419999999999999929, 2.200000000000000178 ) ) ;
#2291 = ADVANCED_FACE ( 'NONE', ( #8509 ), #1748, .F. ) ;
#2292 = EDGE_CURVE ( 'NONE', #5372, #6355, #5282, .T. ) ;
#2293 = CARTESIAN_POINT ( 'NONE',  ( 2.100000000000000089, -0.1000000000000000056, -4.000000000000000000 ) ) ;
#2294 = DIRECTION ( 'NONE',  ( 1.000000000000000000, -0.000000000000000000, -0.000000000000000000 ) ) ;
#2295 = LINE ( 'NONE', #8939, #199 ) ;
#2296 = FACE_OUTER_BOUND ( 'NONE', #8032, .T. ) ;
#2297 = ADVANCED_FACE ( 'NONE', ( #8460 ), #3123, .F. ) ;
#2298 = CARTESIAN_POINT ( 'NONE',  ( -0.2999999999999999889, 2.399999999999999911, 1.750000000000000222 ) ) ;
#2299 = EDGE_LOOP ( 'NONE', ( #335, #9080, #5490, #1128 ) ) ;
#2300 = LINE ( 'NONE', #68, #3254 ) ;
#2301 = VERTEX_POINT ( 'NONE', #9227 ) ;
#2302 = DIRECTION ( 'NONE',  ( 0.000000000000000000, 0.000000000000000000, -1.000000000000000000 ) ) ;
#2303 = ORIENTED_EDGE ( 'NONE', *, *, #1713, .T. ) ;
#2304 = EDGE_CURVE ( 'NONE', #2927, #4913, #2413, .T. ) ;
#2305 = VECTOR ( 'NONE', #4141, 1000.000000000000000 ) ;
#2306 = CARTESIAN_POINT ( 'NONE',  ( -2.299999999999999822, 0.1499999999999999944, -1.800000000000000266 ) ) ;
#2307 = CARTESIAN_POINT ( 'NONE',  ( -2.109999999999999876, 0.05000000000000000278, 4.000000000000000000 ) ) ;
#2308 = FACE_OUTER_BOUND ( 'NONE', #8770, .T. ) ;
#2309 = CARTESIAN_POINT ( 'NONE',  ( -2.475000000000000089, 2.419999999999999929, -2.050000000000000266 ) ) ;
#2310 = CARTESIAN_POINT ( 'NONE',  ( 0.2758484445709348254, 0.6499999999999953593, 0.5758484445709344257 ) ) ;
#2311 = ORIENTED_EDGE ( 'NONE', *, *, #4582, .F. ) ;
#2312 = VERTEX_POINT ( 'NONE', #8243 ) ;
#2313 = CARTESIAN_POINT ( 'NONE',  ( 2.390000000000000124, 2.100000000000000089, -0.6500000000000001332 ) ) ;
#2314 = ORIENTED_EDGE ( 'NONE', *, *, #5262, .F. ) ;
#2315 = AXIS2_PLACEMENT_3D ( 'NONE', #6300, #6878, #4887 ) ;
#2316 = ORIENTED_EDGE ( 'NONE', *, *, #1945, .T. ) ;
#2317 = LINE ( 'NONE', #5239, #7891 ) ;
#2318 = AXIS2_PLACEMENT_3D ( 'NONE', #536, #4869, #5370 ) ;
#2319 = DIRECTION ( 'NONE',  ( -1.000000000000000000, 0.000000000000000000, 0.000000000000000000 ) ) ;
#2320 = AXIS2_PLACEMENT_3D ( 'NONE', #7665, #4157, #7089 ) ;
#2321 = CARTESIAN_POINT ( 'NONE',  ( 0.8299999999999999600, 0.04999999999999400063, -3.600481571814099890 ) ) ;
#2322 = DIRECTION ( 'NONE',  ( -1.000000000000000000, 0.000000000000000000, 0.000000000000000000 ) ) ;
#2323 = ORIENTED_EDGE ( 'NONE', *, *, #2067, .F. ) ;
#2324 = ORIENTED_EDGE ( 'NONE', *, *, #7326, .T. ) ;
#2325 = DIRECTION ( 'NONE',  ( 0.000000000000000000, -1.000000000000000000, 0.000000000000000000 ) ) ;
#2326 = VERTEX_POINT ( 'NONE', #1694 ) ;
#2327 = CARTESIAN_POINT ( 'NONE',  ( -1.709999999999999964, 0.05000000000000000278, 3.600481571814099890 ) ) ;
#2328 = VECTOR ( 'NONE', #4593, 1000.000000000000000 ) ;
#2329 = AXIS2_PLACEMENT_3D ( 'NONE', #9203, #6214, #1851 ) ;
#2330 = LINE ( 'NONE', #9121, #3592 ) ;
#2331 = VECTOR ( 'NONE', #1977, 1000.000000000000114 ) ;
#2332 = CARTESIAN_POINT ( 'NONE',  ( 0.000000000000000000, 0.2000000000000000111, 0.000000000000000000 ) ) ;
#2333 = CARTESIAN_POINT ( 'NONE',  ( -2.399999999999999467, 0.6999999999999999556, 2.700000000000000178 ) ) ;
#2334 = ADVANCED_FACE ( 'NONE', ( #4599 ), #985, .F. ) ;
#2335 = VECTOR ( 'NONE', #6555, 1000.000000000000000 ) ;
#2336 = ORIENTED_EDGE ( 'NONE', *, *, #9361, .F. ) ;
#2337 = DIRECTION ( 'NONE',  ( -1.000000000000000000, 0.000000000000000000, 0.000000000000000000 ) ) ;
#2338 = VERTEX_POINT ( 'NONE', #7586 ) ;
#2339 = LINE ( 'NONE', #8831, #681 ) ;
#2340 = ORIENTED_EDGE ( 'NONE', *, *, #8907, .T. ) ;
#2341 = CARTESIAN_POINT ( 'NONE',  ( 3.299999999091330238, 0.7000000077238219820, -2.503151641283650086 ) ) ;
#2342 = VECTOR ( 'NONE', #4823, 1000.000000000000000 ) ;
#2343 = LINE ( 'NONE', #6757, #286 ) ;
#2344 = EDGE_CURVE ( 'NONE', #3483, #1039, #481, .T. ) ;
#2345 = EDGE_CURVE ( 'NONE', #6273, #8749, #9277, .T. ) ;
#2346 = FACE_OUTER_BOUND ( 'NONE', #4354, .T. ) ;
#2347 = LINE ( 'NONE', #3104, #2944 ) ;
#2348 = CARTESIAN_POINT ( 'NONE',  ( 0.000000000000000000, 0.2000000000000000111, -0.5999999999999999778 ) ) ;
#2349 = VERTEX_POINT ( 'NONE', #5057 ) ;
#2350 = VECTOR ( 'NONE', #7505, 1000.000000000000000 ) ;
#2351 = LINE ( 'NONE', #6762, #5706 ) ;
#2352 = ORIENTED_EDGE ( 'NONE', *, *, #3384, .T. ) ;
#2353 = CARTESIAN_POINT ( 'NONE',  ( -2.375000000000154987, 2.419999999999999929, -2.050000000000154809 ) ) ;
#2354 = VERTEX_POINT ( 'NONE', #5830 ) ;
#2355 = ADVANCED_FACE ( 'NONE', ( #2196 ), #1487, .T. ) ;
#2356 = CARTESIAN_POINT ( 'NONE',  ( 2.299999999999999822, 0.1499999999999999944, 2.492290037832664673 ) ) ;
#2357 = AXIS2_PLACEMENT_3D ( 'NONE', #4476, #5930, #3187 ) ;
#2358 = PLANE ( 'NONE',  #1418 ) ;
#2359 = LINE ( 'NONE', #1166, #7153 ) ;
#2360 = EDGE_CURVE ( 'NONE', #1942, #7634, #5821, .T. ) ;
#2361 = LINE ( 'NONE', #5277, #956 ) ;
#2362 = CARTESIAN_POINT ( 'NONE',  ( -2.925506546617245629, 2.311684124756529624, -2.510390102969819903 ) ) ;
#2363 = EDGE_LOOP ( 'NONE', ( #7011, #4506, #6800, #7126 ) ) ;
#2364 = ORIENTED_EDGE ( 'NONE', *, *, #8241, .T. ) ;
#2365 = ORIENTED_EDGE ( 'NONE', *, *, #1411, .T. ) ;
#2366 = EDGE_LOOP ( 'NONE', ( #4749, #6883, #8361, #2596 ) ) ;
#2367 = ADVANCED_FACE ( 'NONE', ( #2847 ), #666, .T. ) ;
#2368 = DIRECTION ( 'NONE',  ( 0.000000000000000000, -1.000000000000000000, 0.000000000000000000 ) ) ;
#2369 = CARTESIAN_POINT ( 'NONE',  ( -2.299999999999999822, 0.1499999999999999944, -2.492290037832664673 ) ) ;
#2370 = EDGE_CURVE ( 'NONE', #1192, #5471, #6915, .T. ) ;
#2371 = DIRECTION ( 'NONE',  ( 0.1102635692839943476, 0.3307907078519820576, -0.9372403389139514207 ) ) ;
#2372 = VECTOR ( 'NONE', #8123, 1000.000000000000000 ) ;
#2373 = DIRECTION ( 'NONE',  ( 0.000000000000000000, 0.000000000000000000, -1.000000000000000000 ) ) ;
#2374 = ORIENTED_EDGE ( 'NONE', *, *, #906, .F. ) ;
#2375 = VERTEX_POINT ( 'NONE', #2799 ) ;
#2376 = CARTESIAN_POINT ( 'NONE',  ( 2.100000000000000089, 0.7000000000000099476, -3.160007371274399901 ) ) ;
#2377 = LINE ( 'NONE', #3898, #6796 ) ;
#2378 = ORIENTED_EDGE ( 'NONE', *, *, #6211, .F. ) ;
#2379 =( NAMED_UNIT ( * ) PLANE_ANGLE_UNIT ( ) SI_UNIT ( $, .RADIAN. ) );
#2380 = VECTOR ( 'NONE', #2042, 1000.000000000000000 ) ;
#2381 = CARTESIAN_POINT ( 'NONE',  ( 0.2500000000000000000, 0.6500000000000001332, 0.1000000000000241945 ) ) ;
#2382 = LINE ( 'NONE', #1624, #225 ) ;
#2383 = VECTOR ( 'NONE', #5286, 1000.000000000000000 ) ;
#2384 = ORIENTED_EDGE ( 'NONE', *, *, #9376, .F. ) ;
#2385 = VERTEX_POINT ( 'NONE', #4287 ) ;
#2386 = DIRECTION ( 'NONE',  ( 1.000000000000000000, 0.000000000000000000, 0.000000000000000000 ) ) ;
#2387 = ORIENTED_EDGE ( 'NONE', *, *, #442, .T. ) ;
#2388 = CARTESIAN_POINT ( 'NONE',  ( -2.683999951530076977, 2.367426600456418395, 2.486000048469923840 ) ) ;
#2389 = EDGE_CURVE ( 'NONE', #2221, #8600, #4895, .T. ) ;
#2390 = VECTOR ( 'NONE', #1739, 1000.000000000000000 ) ;
#2391 = CARTESIAN_POINT ( 'NONE',  ( 0.3200000000000000067, 1.750000000000000000, 0.6500000000000001332 ) ) ;
#2392 = CARTESIAN_POINT ( 'NONE',  ( 2.100000000000000089, 0.5999999999999480194, 3.160007371274379917 ) ) ;
#2393 = DIRECTION ( 'NONE',  ( 0.000000000000000000, 0.000000000000000000, 1.000000000000000000 ) ) ;
#2394 = CARTESIAN_POINT ( 'NONE',  ( 2.100000000000000089, 0.1315711464949800014, 3.502194353120600123 ) ) ;
#2395 = ORIENTED_EDGE ( 'NONE', *, *, #3147, .F. ) ;
#2396 = AXIS2_PLACEMENT_3D ( 'NONE', #9018, #5346, #8219 ) ;
#2397 = VECTOR ( 'NONE', #7541, 1000.000000000000000 ) ;
#2398 = DIRECTION ( 'NONE',  ( 0.000000000000000000, 0.000000000000000000, 1.000000000000000000 ) ) ;
#2399 = VERTEX_POINT ( 'NONE', #5730 ) ;
#2400 = CARTESIAN_POINT ( 'NONE',  ( 1.020000000000000018, 2.100000000000000089, -0.6500000000000001332 ) ) ;
#2401 = VERTEX_POINT ( 'NONE', #7128 ) ;
#2402 = EDGE_CURVE ( 'NONE', #1559, #3669, #7170, .T. ) ;
#2403 = EDGE_CURVE ( 'NONE', #407, #2647, #6558, .T. ) ;
#2404 = CARTESIAN_POINT ( 'NONE',  ( -0.4400000000000000022, 0.1500000000000140388, -3.600481571814050152 ) ) ;
#2405 = VECTOR ( 'NONE', #1177, 1000.000000000000000 ) ;
#2406 = CARTESIAN_POINT ( 'NONE',  ( 3.135292069141179638, 2.100000230693639836, -2.337305684511190584 ) ) ;
#2407 = DIRECTION ( 'NONE',  ( -1.000000000000000000, 0.000000000000000000, 0.000000000000000000 ) ) ;
#2408 = LINE ( 'NONE', #3118, #3383 ) ;
#2409 = FACE_OUTER_BOUND ( 'NONE', #5303, .T. ) ;
#2410 = ORIENTED_EDGE ( 'NONE', *, *, #6345, .F. ) ;
#2411 = ORIENTED_EDGE ( 'NONE', *, *, #1262, .F. ) ;
#2412 = PRODUCT_DEFINITION_SHAPE ( 'NONE', 'NONE',  #7465 ) ;
#2413 = LINE ( 'NONE', #1652, #7066 ) ;
#2414 = EDGE_CURVE ( 'NONE', #5709, #6046, #3532, .T. ) ;
#2415 = ORIENTED_EDGE ( 'NONE', *, *, #7985, .F. ) ;
#2417 = VERTEX_POINT ( 'NONE', #7840 ) ;
#2416 = VECTOR ( 'NONE', #6134, 1000.000000000000000 ) ;
#2418 = LINE ( 'NONE', #5331, #7414 ) ;
#2419 = ADVANCED_FACE ( 'NONE', ( #1431 ), #2051, .F. ) ;
#2420 = CARTESIAN_POINT ( 'NONE',  ( 0.3499999999999999778, 2.399999999999999911, 2.200000000000000178 ) ) ;
#2421 = CARTESIAN_POINT ( 'NONE',  ( 2.100000000000000089, -0.1000000000000000056, -3.600481571814099890 ) ) ;
#2422 = LINE ( 'NONE', #8818, #3997 ) ;
#2423 = CARTESIAN_POINT ( 'NONE',  ( -0.4400000000000000022, 0.8499999999999999778, -3.160007371274399901 ) ) ;
#2424 = ORIENTED_EDGE ( 'NONE', *, *, #2970, .F. ) ;
#2425 = VERTEX_POINT ( 'NONE', #6367 ) ;
#2426 = CARTESIAN_POINT ( 'NONE',  ( -2.149999999999999911, 2.419999999999999929, 1.949999999999999956 ) ) ;
#2427 = EDGE_CURVE ( 'NONE', #231, #910, #5049, .T. ) ;
#2428 = ORIENTED_EDGE ( 'NONE', *, *, #3524, .T. ) ;
#2429 = EDGE_CURVE ( 'NONE', #4713, #3977, #8725, .T. ) ;
#2430 = CARTESIAN_POINT ( 'NONE',  ( 0.3207106781186490063, 0.6207106781186489952, 0.02928932188134274889 ) ) ;
#2431 = CARTESIAN_POINT ( 'NONE',  ( -0.8400000000000001910, 0.1039278662374499979, 3.354763525080500131 ) ) ;
#2432 = DIRECTION ( 'NONE',  ( 0.000000000000000000, 0.000000000000000000, -1.000000000000000000 ) ) ;
#2433 = ORIENTED_EDGE ( 'NONE', *, *, #81, .F. ) ;
#2434 = CARTESIAN_POINT ( 'NONE',  ( -0.5500000000000000444, 2.419999999999999929, 2.250000000000000444 ) ) ;
#2435 = EDGE_LOOP ( 'NONE', ( #4758, #8586, #6265, #1069, #6207, #1404 ) ) ;
#2436 = VERTEX_POINT ( 'NONE', #575 ) ;
#2437 = LINE ( 'NONE', #5352, #8576 ) ;
#2438 = FACE_OUTER_BOUND ( 'NONE', #2525, .T. ) ;
#2439 = FACE_OUTER_BOUND ( 'NONE', #6892, .T. ) ;
#2440 = CARTESIAN_POINT ( 'NONE',  ( 0.8299999999999999600, 0.8499999999999999778, 3.160007371274399901 ) ) ;
#2441 = LINE ( 'NONE', #1158, #2507 ) ;
#2442 = ORIENTED_EDGE ( 'NONE', *, *, #5070, .T. ) ;
#2443 = LINE ( 'NONE', #4064, #2790 ) ;
#2444 = ORIENTED_EDGE ( 'NONE', *, *, #4926, .F. ) ;
#2445 = CARTESIAN_POINT ( 'NONE',  ( -3.245484997693946383, 0.6842543157438953916, 2.645484997693945850 ) ) ;
#2446 = ORIENTED_EDGE ( 'NONE', *, *, #2226, .F. ) ;
#2447 = LINE ( 'NONE', #3018, #5442 ) ;
#2448 = CARTESIAN_POINT ( 'NONE',  ( 1.699999999999999956, 0.6999999999999999556, 2.649999999999999911 ) ) ;
#2449 = CARTESIAN_POINT ( 'NONE',  ( 0.3207106781186499500, 0.6207106781186499944, 0.6207106781186499944 ) ) ;
#2450 = CARTESIAN_POINT ( 'NONE',  ( -0.4400000000000000022, 0.05000000000000000278, 4.000000000000000000 ) ) ;
#2451 = LINE ( 'NONE', #3931, #5538 ) ;
#2452 = VERTEX_POINT ( 'NONE', #2754 ) ;
#2453 = ADVANCED_FACE ( 'NONE', ( #5009 ), #9312, .F. ) ;
#2454 = ORIENTED_EDGE ( 'NONE', *, *, #5449, .T. ) ;
#2455 = CARTESIAN_POINT ( 'NONE',  ( -0.6500000000000001332, 2.419999999999999929, 1.850000000000000089 ) ) ;
#2456 = ORIENTED_EDGE ( 'NONE', *, *, #9316, .T. ) ;
#2457 = ORIENTED_EDGE ( 'NONE', *, *, #8961, .F. ) ;
#2458 = DIRECTION ( 'NONE',  ( 0.000000000000000000, 1.000000000000000000, 0.000000000000000000 ) ) ;
#2459 = DIRECTION ( 'NONE',  ( 0.000000000000000000, 0.000000000000000000, 1.000000000000000000 ) ) ;
#2460 = DIRECTION ( 'NONE',  ( -1.000000000000000000, 0.000000000000000000, 0.000000000000000000 ) ) ;
#2461 = DIRECTION ( 'NONE',  ( 0.000000000000000000, 0.9931506043228763847, 0.1168412475673967915 ) ) ;
#2462 = ORIENTED_EDGE ( 'NONE', *, *, #2566, .F. ) ;
#2463 = EDGE_CURVE ( 'NONE', #8250, #8344, #2620, .T. ) ;
#2464 = ORIENTED_EDGE ( 'NONE', *, *, #7, .T. ) ;
#2465 = EDGE_CURVE ( 'NONE', #4536, #8440, #8331, .T. ) ;
#2466 = CARTESIAN_POINT ( 'NONE',  ( 2.250000000000000444, 2.419999999999999929, 1.850000000000000089 ) ) ;
#2467 = CARTESIAN_POINT ( 'NONE',  ( -2.299999999999999822, 0.09999999999993669508, 2.373922824958615063 ) ) ;
#2468 = VERTEX_POINT ( 'NONE', #528 ) ;
#2469 = AXIS2_PLACEMENT_3D ( 'NONE', #1371, #7923, #4089 ) ;
#2470 = VECTOR ( 'NONE', #8603, 1000.000000000000000 ) ;
#2471 = FACE_OUTER_BOUND ( 'NONE', #6687, .T. ) ;
#2472 = EDGE_CURVE ( 'NONE', #2647, #724, #6416, .T. ) ;
#2473 = DIRECTION ( 'NONE',  ( -1.000000000000000000, 0.000000000000000000, 0.000000000000000000 ) ) ;
#2474 = CARTESIAN_POINT ( 'NONE',  ( -1.375000000000000000, 2.419999999999999929, -1.850000000000000089 ) ) ;
#2475 = EDGE_CURVE ( 'NONE', #2436, #3483, #8638, .T. ) ;
#2476 = VERTEX_POINT ( 'NONE', #2233 ) ;
#2477 = CARTESIAN_POINT ( 'NONE',  ( -1.709999999999999964, 0.04999999999999400063, -3.600481571814099890 ) ) ;
#2478 = VERTEX_POINT ( 'NONE', #3808 ) ;
#2479 = AXIS2_PLACEMENT_3D ( 'NONE', #5522, #5571, #416 ) ;
#2480 = ORIENTED_EDGE ( 'NONE', *, *, #3771, .T. ) ;
#2481 = DIRECTION ( 'NONE',  ( 0.000000000000000000, 0.000000000000000000, 1.000000000000000000 ) ) ;
#2482 =( GEOMETRIC_REPRESENTATION_CONTEXT ( 3 ) GLOBAL_UNCERTAINTY_ASSIGNED_CONTEXT ( ( #834 ) ) GLOBAL_UNIT_ASSIGNED_CONTEXT ( ( #2164, #7872, #1407 ) ) REPRESENTATION_CONTEXT ( 'NONE', 'WORKASPACE' ) );
#2483 = VECTOR ( 'NONE', #5988, 1000.000000000000000 ) ;
#2484 = DIRECTION ( 'NONE',  ( 0.000000000000000000, 0.000000000000000000, 1.000000000000000000 ) ) ;
#2485 = EDGE_CURVE ( 'NONE', #3694, #4183, #5149, .T. ) ;
#2486 = DIRECTION ( 'NONE',  ( 0.000000000000000000, -1.000000000000000000, 0.000000000000000000 ) ) ;
#2487 = LINE ( 'NONE', #6136, #212 ) ;
#2488 = CARTESIAN_POINT ( 'NONE',  ( -2.225000000000000089, 2.419999999999999929, -2.149999999999999911 ) ) ;
#2489 = CARTESIAN_POINT ( 'NONE',  ( 0.8299999999999999600, -0.1000000000000000056, -3.600481571814099890 ) ) ;
#2490 = VERTEX_POINT ( 'NONE', #3661 ) ;
#2491 = CARTESIAN_POINT ( 'NONE',  ( 2.050000000000000266, 2.419999999999999929, 1.949999999999999956 ) ) ;
#2492 = ORIENTED_EDGE ( 'NONE', *, *, #6443, .T. ) ;
#2493 = AXIS2_PLACEMENT_3D ( 'NONE', #4554, #6058, #6773 ) ;
#2494 = CIRCLE ( 'NONE', #5373, 0.1000000000000231676 ) ;
#2495 = ORIENTED_EDGE ( 'NONE', *, *, #4754, .T. ) ;
#2496 = DIRECTION ( 'NONE',  ( 0.000000000000000000, -0.1842885350503031539, 0.9828721869342997852 ) ) ;
#2497 = AXIS2_PLACEMENT_3D ( 'NONE', #6189, #7568, #5497 ) ;
#2498 = CARTESIAN_POINT ( 'NONE',  ( -0.4400000000000000022, 0.6999999999999999556, 3.160007371274399901 ) ) ;
#2499 = CARTESIAN_POINT ( 'NONE',  ( 2.100000000000000089, 0.1315711464949800014, -3.502194353120600123 ) ) ;
#2500 = VECTOR ( 'NONE', #3816, 1000.000000000000000 ) ;
#2501 = DIRECTION ( 'NONE',  ( 1.000000000000000000, 0.000000000000000000, 0.000000000000000000 ) ) ;
#2502 = VERTEX_POINT ( 'NONE', #1520 ) ;
#2503 = ORIENTED_EDGE ( 'NONE', *, *, #1945, .F. ) ;
#2504 = DIRECTION ( 'NONE',  ( 1.000000000000000000, 0.000000000000000000, 0.000000000000000000 ) ) ;
#2505 = ORIENTED_EDGE ( 'NONE', *, *, #4906, .T. ) ;
#2506 = ORIENTED_EDGE ( 'NONE', *, *, #2292, .T. ) ;
#2507 = VECTOR ( 'NONE', #1682, 1000.000000000000000 ) ;
#2508 = AXIS2_PLACEMENT_3D ( 'NONE', #2423, #4465, #6786 ) ;
#2509 = DIRECTION ( 'NONE',  ( -1.000000000000000000, 0.000000000000000000, 0.000000000000000000 ) ) ;
#2510 = PLANE ( 'NONE',  #3004 ) ;
#2511 = PLANE ( 'NONE',  #383 ) ;
#2512 = ORIENTED_EDGE ( 'NONE', *, *, #3801, .F. ) ;
#2513 = VERTEX_POINT ( 'NONE', #7457 ) ;
#2514 = AXIS2_PLACEMENT_3D ( 'NONE', #7358, #8829, #806 ) ;
#2515 = DIRECTION ( 'NONE',  ( -0.000000000000000000, 1.000000000000000000, -0.000000000000000000 ) ) ;
#2516 = VERTEX_POINT ( 'NONE', #758 ) ;
#2517 = EDGE_CURVE ( 'NONE', #2085, #2647, #3227, .T. ) ;
#2518 = ADVANCED_FACE ( 'NONE', ( #8823 ), #4422, .F. ) ;
#2519 = CARTESIAN_POINT ( 'NONE',  ( -1.709999999999999964, 0.1039278662374499979, -3.354763525080500131 ) ) ;
#2520 = AXIS2_PLACEMENT_3D ( 'NONE', #5153, #5779, #4423 ) ;
#2521 = DIRECTION ( 'NONE',  ( 0.000000000000000000, 0.000000000000000000, -1.000000000000000000 ) ) ;
#2522 = CARTESIAN_POINT ( 'NONE',  ( -0.1499999999999999944, 1.750000000000000000, -0.6500000000000001332 ) ) ;
#2523 = ORIENTED_EDGE ( 'NONE', *, *, #5638, .T. ) ;
#2524 = DIRECTION ( 'NONE',  ( 0.000000000000000000, 1.000000000000000000, 0.000000000000000000 ) ) ;
#2525 = EDGE_LOOP ( 'NONE', ( #8400, #921, #4672, #8602 ) ) ;
#2526 = VECTOR ( 'NONE', #2611, 1000.000000000000000 ) ;
#2527 = ORIENTED_EDGE ( 'NONE', *, *, #8877, .F. ) ;
#2528 = ADVANCED_FACE ( 'NONE', ( #4472 ), #7351, .F. ) ;
#2529 = FACE_OUTER_BOUND ( 'NONE', #5125, .T. ) ;
#2530 = EDGE_CURVE ( 'NONE', #5443, #5433, #5969, .T. ) ;
#2531 = VECTOR ( 'NONE', #7458, 1000.000000000000000 ) ;
#2532 = LINE ( 'NONE', #8408, #432 ) ;
#2533 = CARTESIAN_POINT ( 'NONE',  ( -2.374999999999969802, 2.399999999999999911, -2.049999999999969624 ) ) ;
#2534 = DIRECTION ( 'NONE',  ( 0.000000000000000000, 0.000000000000000000, -1.000000000000000000 ) ) ;
#2535 = DIRECTION ( 'NONE',  ( 0.000000000000000000, 0.1842885350503717934, -0.9828721869342869066 ) ) ;
#2536 = ORIENTED_EDGE ( 'NONE', *, *, #2986, .T. ) ;
#2537 = DIRECTION ( 'NONE',  ( 1.000000000000000000, 0.000000000000000000, 0.000000000000000000 ) ) ;
#2538 = ORIENTED_EDGE ( 'NONE', *, *, #3875, .T. ) ;
#2539 = EDGE_CURVE ( 'NONE', #8405, #2983, #3085, .T. ) ;
#2540 = CARTESIAN_POINT ( 'NONE',  ( -3.299999999999999822, 0.6999999999999999556, 2.504661966269285056 ) ) ;
#2541 = ORIENTED_EDGE ( 'NONE', *, *, #478, .T. ) ;
#2542 = AXIS2_PLACEMENT_3D ( 'NONE', #1891, #6347, #7686 ) ;
#2543 = EDGE_CURVE ( 'NONE', #2478, #5136, #799, .T. ) ;
#2544 = B_SPLINE_CURVE_WITH_KNOTS ( 'NONE', 3,
 ( #3059, #824, #6765, #6861 ),
 .UNSPECIFIED., .F., .F.,
 ( 4, 4 ),
 ( 4.712388980384773163, 5.497787142632366120 ),
 .UNSPECIFIED. ) ;
#2545 = LINE ( 'NONE', #9098, #1938 ) ;
#2546 = CARTESIAN_POINT ( 'NONE',  ( 2.994006799475391833, 5.505714157152952974E-18, -2.394006799475391745 ) ) ;
#2547 = LINE ( 'NONE', #8384, #9134 ) ;
#2548 = CARTESIAN_POINT ( 'NONE',  ( -2.299999999999999822, 0.1499999999999999944, -2.700000000000000178 ) ) ;
#2549 = AXIS2_PLACEMENT_3D ( 'NONE', #7141, #7902, #629 ) ;
#2550 = DIRECTION ( 'NONE',  ( -0.000000000000000000, 1.000000000000000000, -0.000000000000000000 ) ) ;
#2551 = ORIENTED_EDGE ( 'NONE', *, *, #1480, .T. ) ;
#2552 = EDGE_LOOP ( 'NONE', ( #2832, #4842, #610, #1897, #430, #8428, #7108, #5820, #7573, #5168, #8531, #4669 ) ) ;
#2553 = LINE ( 'NONE', #2599, #4023 ) ;
#2554 = ORIENTED_EDGE ( 'NONE', *, *, #2864, .T. ) ;
#2555 = VERTEX_POINT ( 'NONE', #7407 ) ;
#2556 = VECTOR ( 'NONE', #792, 1000.000000000000000 ) ;
#2557 = DIRECTION ( 'NONE',  ( -1.000000000000000000, 0.000000000000000000, 0.000000000000000000 ) ) ;
#2558 = LINE ( 'NONE', #4607, #6542 ) ;
#2559 = CYLINDRICAL_SURFACE ( 'NONE', #2315, 0.04999999999999991257 ) ;
#2560 = DIRECTION ( 'NONE',  ( 1.000000000000000000, 0.000000000000000000, 0.000000000000000000 ) ) ;
#2561 = EDGE_LOOP ( 'NONE', ( #172, #5810, #5775, #7088 ) ) ;
#2562 = VERTEX_POINT ( 'NONE', #6025 ) ;
#2563 = AXIS2_PLACEMENT_3D ( 'NONE', #4071, #7044, #491 ) ;
#2564 = CARTESIAN_POINT ( 'NONE',  ( -2.109999999999999876, 0.6460721337625500160, 3.405725418007999661 ) ) ;
#2565 = ORIENTED_EDGE ( 'NONE', *, *, #7071, .T. ) ;
#2566 = EDGE_CURVE ( 'NONE', #8846, #1923, #95, .T. ) ;
#2567 = MANIFOLD_SOLID_BREP ( 'CHS-slider(1)', #5822 ) ;
#2568 = AXIS2_PLACEMENT_3D ( 'NONE', #9085, #6895, #7657 ) ;
#2569 = CARTESIAN_POINT ( 'NONE',  ( 1.050000000000000044, 2.419999999999999929, 1.850000000000000089 ) ) ;
#2570 = FACE_OUTER_BOUND ( 'NONE', #3697, .T. ) ;
#2571 = DIRECTION ( 'NONE',  ( 0.000000000000000000, 0.000000000000000000, 1.000000000000000000 ) ) ;
#2572 = EDGE_LOOP ( 'NONE', ( #8801, #9297, #2130, #120 ) ) ;
#2573 = ORIENTED_EDGE ( 'NONE', *, *, #4030, .F. ) ;
#2574 = ADVANCED_FACE ( 'NONE', ( #8667 ), #3037, .T. ) ;
#2575 = EDGE_CURVE ( 'NONE', #3874, #7787, #9393, .T. ) ;
#2576 = CYLINDRICAL_SURFACE ( 'NONE', #7669, 0.09999999999984543475 ) ;
#2577 = ADVANCED_FACE ( 'NONE', ( #2212 ), #7112, .F. ) ;
#2578 = FACE_OUTER_BOUND ( 'NONE', #888, .T. ) ;
#2579 = FACE_OUTER_BOUND ( 'NONE', #2777, .T. ) ;
#2580 = CARTESIAN_POINT ( 'NONE',  ( 1.649999999999999911, 2.399999999999999911, 1.899999999999999911 ) ) ;
#2581 = CARTESIAN_POINT ( 'NONE',  ( -0.4400000000000000022, -0.1000000000000000056, -3.600481571814099890 ) ) ;
#2582 = ORIENTED_EDGE ( 'NONE', *, *, #892, .F. ) ;
#2583 = ADVANCED_FACE ( 'NONE', ( #7195 ), #1460, .T. ) ;
#2584 = ADVANCED_FACE ( 'NONE', ( #4360 ), #6441, .F. ) ;
#2585 = CARTESIAN_POINT ( 'NONE',  ( -0.8499999999999999778, 2.399999999999999911, 1.850000000000000089 ) ) ;
#2586 = VERTEX_POINT ( 'NONE', #8706 ) ;
#2587 = CYLINDRICAL_SURFACE ( 'NONE', #2767, 0.04999999999999991257 ) ;
#2588 = ORIENTED_EDGE ( 'NONE', *, *, #4992, .T. ) ;
#2589 = CARTESIAN_POINT ( 'NONE',  ( 0.3200000000000000067, 1.750000000000000000, 0.6500000000000001332 ) ) ;
#2590 = EDGE_CURVE ( 'NONE', #5798, #6817, #505, .T. ) ;
#2591 = CARTESIAN_POINT ( 'NONE',  ( 0.4500000000000000666, 2.399999999999999911, 1.850000000000000089 ) ) ;
#2592 = PLANE ( 'NONE',  #3325 ) ;
#2593 = DIRECTION ( 'NONE',  ( -0.1160437261037696455, 0.9863474618335673627, 0.1168440763001396404 ) ) ;
#2594 = DIRECTION ( 'NONE',  ( 1.000000000000000000, 0.000000000000000000, 0.000000000000000000 ) ) ;
#2595 = MANIFOLD_SOLID_BREP ( 'CHS-04-G-body(1)', #6448 ) ;
#2596 = ORIENTED_EDGE ( 'NONE', *, *, #1962, .T. ) ;
#2597 = ORIENTED_EDGE ( 'NONE', *, *, #5070, .F. ) ;
#2598 = EDGE_CURVE ( 'NONE', #636, #2468, #9337, .T. ) ;
#2599 = CARTESIAN_POINT ( 'NONE',  ( -2.109999999999999876, 0.04999999999999400063, -4.000000000000000000 ) ) ;
#2600 = VERTEX_POINT ( 'NONE', #3643 ) ;
#2601 = ORIENTED_EDGE ( 'NONE', *, *, #5800, .F. ) ;
#2602 = CARTESIAN_POINT ( 'NONE',  ( 2.399999999999999911, 1.124999999999955813, 2.649999999999999911 ) ) ;
#2603 = DIRECTION ( 'NONE',  ( 1.000000000000000000, -0.000000000000000000, -0.000000000000000000 ) ) ;
#2604 = DIRECTION ( 'NONE',  ( -1.517883041479462102E-13, 0.000000000000000000, -1.000000000000000000 ) ) ;
#2605 = CARTESIAN_POINT ( 'NONE',  ( -0.8400000000000001910, 0.1500000000000175360, 3.600481571814044823 ) ) ;
#2606 = ORIENTED_EDGE ( 'NONE', *, *, #4224, .F. ) ;
#2607 = ORIENTED_EDGE ( 'NONE', *, *, #2590, .T. ) ;
#2608 = ADVANCED_FACE ( 'NONE', ( #2874 ), #7918, .T. ) ;
#2609 = DIRECTION ( 'NONE',  ( 0.000000000000000000, 0.000000000000000000, 1.000000000000000000 ) ) ;
#2610 = VERTEX_POINT ( 'NONE', #2780 ) ;
#2611 = DIRECTION ( 'NONE',  ( 0.000000000000000000, -1.000000000000000000, 0.000000000000000000 ) ) ;
#2612 = DIRECTION ( 'NONE',  ( 0.1102635692839941117, -0.3307907078519821131, 0.9372403389139513097 ) ) ;
#2613 = CIRCLE ( 'NONE', #9178, 0.2000000000000326239 ) ;
#2614 = CONTEXT_DEPENDENT_SHAPE_REPRESENTATION ( #1747, #4618 ) ;
#2615 = CARTESIAN_POINT ( 'NONE',  ( 1.649999999999999911, 2.419999999999999929, 1.899999999999999911 ) ) ;
#2616 = ORIENTED_EDGE ( 'NONE', *, *, #2280, .F. ) ;
#2617 = ORIENTED_EDGE ( 'NONE', *, *, #8216, .T. ) ;
#2618 = VECTOR ( 'NONE', #3176, 1000.000000000000000 ) ;
#2619 = EDGE_CURVE ( 'NONE', #39, #3357, #3596, .T. ) ;
#2620 = CIRCLE ( 'NONE', #646, 0.2000000000000330402 ) ;
#2621 = DIRECTION ( 'NONE',  ( -1.000000000000000000, 0.000000000000000000, 0.000000000000000000 ) ) ;
#2622 = DIRECTION ( 'NONE',  ( 0.000000000000000000, 0.000000000000000000, 1.000000000000000000 ) ) ;
#2623 = VECTOR ( 'NONE', #4178, 1000.000000000000000 ) ;
#2624 = DIRECTION ( 'NONE',  ( 0.000000000000000000, 0.000000000000000000, 1.000000000000000000 ) ) ;
#2625 = DIRECTION ( 'NONE',  ( -0.000000000000000000, 1.000000000000000000, -0.000000000000000000 ) ) ;
#2626 = ORIENTED_EDGE ( 'NONE', *, *, #7748, .T. ) ;
#2627 = LINE ( 'NONE', #3168, #500 ) ;
#2628 = DIRECTION ( 'NONE',  ( -0.9486832980505137680, -0.3162277660168379967, 0.000000000000000000 ) ) ;
#2629 = ORIENTED_EDGE ( 'NONE', *, *, #5791, .T. ) ;
#2630 = CARTESIAN_POINT ( 'NONE',  ( 0.4299999999999999933, 0.6184288535050199709, -3.258294589967800636 ) ) ;
#2631 = ORIENTED_EDGE ( 'NONE', *, *, #8251, .T. ) ;
#2632 = DIRECTION ( 'NONE',  ( 1.000000000000000000, 0.000000000000000000, 0.000000000000000000 ) ) ;
#2633 = CIRCLE ( 'NONE', #1873, 0.09999999999984630905 ) ;
#2634 = CIRCLE ( 'NONE', #7981, 0.2500000000000405787 ) ;
#2635 = EDGE_CURVE ( 'NONE', #2808, #5843, #5852, .T. ) ;
#2636 = LINE ( 'NONE', #2589, #6688 ) ;
#2637 = ADVANCED_FACE ( 'NONE', ( #8050 ), #1598, .F. ) ;
#2638 = DIRECTION ( 'NONE',  ( 0.000000000000000000, -1.000000000000000000, 0.000000000000000000 ) ) ;
#2639 = CARTESIAN_POINT ( 'NONE',  ( 0.2500000000000000000, 0.6500000000000001332, 0.5500000000000000444 ) ) ;
#2640 = CARTESIAN_POINT ( 'NONE',  ( -0.8399999999999999689, 0.6999999999999999556, -2.649999999999999911 ) ) ;
#2641 = DIRECTION ( 'NONE',  ( -1.000000000000000000, 0.000000000000000000, 0.000000000000000000 ) ) ;
#2642 = AXIS2_PLACEMENT_3D ( 'NONE', #451, #2550, #3262 ) ;
#2643 = ORIENTED_EDGE ( 'NONE', *, *, #2186, .T. ) ;
#2644 = VERTEX_POINT ( 'NONE', #4551 ) ;
#2645 = VECTOR ( 'NONE', #9065, 1000.000000000000114 ) ;
#2646 = CARTESIAN_POINT ( 'NONE',  ( -3.245484997693949936, 0.6842543157438939483, 2.645484997693944962 ) ) ;
#2647 = VERTEX_POINT ( 'NONE', #6676 ) ;
#2648 = ORIENTED_EDGE ( 'NONE', *, *, #1699, .T. ) ;
#2649 = EDGE_CURVE ( 'NONE', #9290, #2600, #7432, .T. ) ;
#2650 = VECTOR ( 'NONE', #2908, 1000.000000000000000 ) ;
#2651 = DIRECTION ( 'NONE',  ( -1.000000000000000000, 0.000000000000000000, 0.000000000000000000 ) ) ;
#2652 = EDGE_CURVE ( 'NONE', #4079, #1033, #5950, .T. ) ;
#2653 = CARTESIAN_POINT ( 'NONE',  ( 0.3200000000000000067, 2.100000000000000089, 1.500000000000000000 ) ) ;
#2654 = FACE_OUTER_BOUND ( 'NONE', #4204, .T. ) ;
#2655 = ORIENTED_EDGE ( 'NONE', *, *, #1774, .T. ) ;
#2656 = EDGE_LOOP ( 'NONE', ( #5397, #6220, #8301, #5341 ) ) ;
#2657 = DIRECTION ( 'NONE',  ( 0.000000000000000000, 0.9828721869343113315, 0.1842885350502413977 ) ) ;
#2658 = ORIENTED_EDGE ( 'NONE', *, *, #2543, .F. ) ;
#2659 = VECTOR ( 'NONE', #6092, 1000.000000000000000 ) ;
#2660 = CIRCLE ( 'NONE', #5874, 0.05000000000000002359 ) ;
#2661 = DIRECTION ( 'NONE',  ( 0.000000000000000000, -1.000000000000000000, 0.000000000000000000 ) ) ;
#2662 = ADVANCED_FACE ( 'NONE', ( #4446 ), #123, .F. ) ;
#2663 = CARTESIAN_POINT ( 'NONE',  ( 1.699999999999999956, 0.05000000000000000278, 3.600481571814099890 ) ) ;
#2664 = FACE_OUTER_BOUND ( 'NONE', #6587, .T. ) ;
#2665 = VECTOR ( 'NONE', #6693, 1000.000000000000000 ) ;
#2666 = LINE ( 'NONE', #4138, #3724 ) ;
#2667 = LINE ( 'NONE', #3428, #6170 ) ;
#2668 = B_SPLINE_CURVE_WITH_KNOTS ( 'NONE', 3,
 ( #7663, #3300, #5501, #5411 ),
 .UNSPECIFIED., .F., .F.,
 ( 4, 4 ),
 ( 1.570796326794937636, 2.356194489044940443 ),
 .UNSPECIFIED. ) ;
#2669 = ORIENTED_EDGE ( 'NONE', *, *, #4281, .T. ) ;
#2670 = DIRECTION ( 'NONE',  ( 0.000000000000000000, 0.000000000000000000, -1.000000000000000000 ) ) ;
#2671 = CARTESIAN_POINT ( 'NONE',  ( -0.4400000000000000022, 0.5999999999999870992, -3.160007371274350163 ) ) ;
#2672 = VECTOR ( 'NONE', #3365, 1000.000000000000000 ) ;
#2673 = DIRECTION ( 'NONE',  ( -1.000000000000000000, 0.000000000000000000, -7.589415207397955485E-14 ) ) ;
#2674 = VECTOR ( 'NONE', #9412, 1000.000000000000000 ) ;
#2675 = CARTESIAN_POINT ( 'NONE',  ( 2.100000000000000089, 0.1315711464949800014, 3.502194353120600123 ) ) ;
#2676 = LINE ( 'NONE', #4061, #8323 ) ;
#2677 = DIRECTION ( 'NONE',  ( 0.000000000000000000, 0.000000000000000000, 1.000000000000000000 ) ) ;
#2678 = VERTEX_POINT ( 'NONE', #3162 ) ;
#2679 = DIRECTION ( 'NONE',  ( 0.000000000000000000, 0.000000000000000000, 1.000000000000000000 ) ) ;
#2680 = CARTESIAN_POINT ( 'NONE',  ( 0.4499999999999305667, 2.419999999999999929, 1.849999999999930367 ) ) ;
#2681 = ORIENTED_EDGE ( 'NONE', *, *, #6453, .F. ) ;
#2682 = DIRECTION ( 'NONE',  ( 0.000000000000000000, -1.000000000000000000, 0.000000000000000000 ) ) ;
#2683 = EDGE_CURVE ( 'NONE', #3542, #4453, #2262, .T. ) ;
#2684 = ORIENTED_EDGE ( 'NONE', *, *, #9360, .T. ) ;
#2685 = CIRCLE ( 'NONE', #5901, 0.09999999999984543475 ) ;
#2686 = DIRECTION ( 'NONE',  ( 0.000000000000000000, 0.000000000000000000, 1.000000000000000000 ) ) ;
#2687 = FACE_OUTER_BOUND ( 'NONE', #7226, .T. ) ;
#2688 = DIRECTION ( 'NONE',  ( 0.000000000000000000, 1.000000000000000000, 7.979727989491668017E-14 ) ) ;
#2689 = CARTESIAN_POINT ( 'NONE',  ( 0.4300000000000001599, 0.6999999999999999556, 2.649999999999999911 ) ) ;
#2690 = CARTESIAN_POINT ( 'NONE',  ( 1.949999999999999956, 2.419999999999999929, 2.149999999999999911 ) ) ;
#2691 = CARTESIAN_POINT ( 'NONE',  ( -1.709999999999999964, 0.5999999999999480194, -3.160007371274379917 ) ) ;
#2692 = EDGE_LOOP ( 'NONE', ( #3182, #5944, #7064, #352 ) ) ;
#2693 = VERTEX_POINT ( 'NONE', #2406 ) ;
#2694 = LINE ( 'NONE', #4984, #216 ) ;
#2695 = ORIENTED_EDGE ( 'NONE', *, *, #6904, .F. ) ;
#2696 = ADVANCED_FACE ( 'NONE', ( #7332 ), #978, .F. ) ;
#2697 = EDGE_CURVE ( 'NONE', #7251, #1268, #262, .T. ) ;
#2698 = VERTEX_POINT ( 'NONE', #3064 ) ;
#2699 = DIRECTION ( 'NONE',  ( 1.000000000000000000, 0.000000000000000000, 0.000000000000000000 ) ) ;
#2700 = CIRCLE ( 'NONE', #2238, 0.1000000000000198508 ) ;
#2701 = DIRECTION ( 'NONE',  ( -1.000000000000000000, 0.000000000000000000, 0.000000000000000000 ) ) ;
#2702 = CARTESIAN_POINT ( 'NONE',  ( -1.476886553513899969, 2.419999999999999929, -2.149999999999999911 ) ) ;
#2703 = ADVANCED_FACE ( 'NONE', ( #3019 ), #6770, .T. ) ;
#2704 = EDGE_LOOP ( 'NONE', ( #7116, #7147, #495, #9253, #2718, #8956, #3467, #2810, #3222, #7241, #5457, #7059 ) ) ;
#2705 = ORIENTED_EDGE ( 'NONE', *, *, #7790, .T. ) ;
#2706 = LINE ( 'NONE', #606, #3406 ) ;
#2707 = ORIENTED_EDGE ( 'NONE', *, *, #3914, .F. ) ;
#2708 = CIRCLE ( 'NONE', #3764, 0.5999999999999999778 ) ;
#2709 = EDGE_CURVE ( 'NONE', #3542, #4409, #74, .T. ) ;
#2710 = ORIENTED_EDGE ( 'NONE', *, *, #3382, .F. ) ;
#2711 = DIRECTION ( 'NONE',  ( 0.000000000000000000, 0.000000000000000000, 1.000000000000000000 ) ) ;
#2712 = DIRECTION ( 'NONE',  ( 0.000000000000000000, 0.000000000000000000, -1.000000000000000000 ) ) ;
#2713 = CYLINDRICAL_SURFACE ( 'NONE', #7293, 0.1000000000000176026 ) ;
#2714 = VECTOR ( 'NONE', #8850, 1000.000000000000000 ) ;
#2715 = ADVANCED_FACE ( 'NONE', ( #5903 ), #2358, .F. ) ;
#2716 = CARTESIAN_POINT ( 'NONE',  ( -0.4400000000000000022, 0.6999999999999999556, 3.160007371274399901 ) ) ;
#2717 = DIRECTION ( 'NONE',  ( 0.000000000000000000, -1.000000000000000000, 0.000000000000000000 ) ) ;
#2718 = ORIENTED_EDGE ( 'NONE', *, *, #31, .T. ) ;
#2719 = LINE ( 'NONE', #2001, #7203 ) ;
#2720 = CARTESIAN_POINT ( 'NONE',  ( 3.242731257335833117, 0.6896186609252170641, 2.647023198922308751 ) ) ;
#2721 = EDGE_CURVE ( 'NONE', #1457, #7251, #3738, .T. ) ;
#2722 = AXIS2_PLACEMENT_3D ( 'NONE', #7420, #6039, #866 ) ;
#2723 = DIRECTION ( 'NONE',  ( -1.000000000000000000, 0.000000000000000000, 0.000000000000000000 ) ) ;
#2724 = CYLINDRICAL_SURFACE ( 'NONE', #4499, 0.09999999999997988276 ) ;
#2725 = ORIENTED_EDGE ( 'NONE', *, *, #9300, .F. ) ;
#2726 = DIRECTION ( 'NONE',  ( 0.000000000000000000, -1.000000000000000000, 0.000000000000000000 ) ) ;
#2727 = ORIENTED_EDGE ( 'NONE', *, *, #3183, .F. ) ;
#2728 = CYLINDRICAL_SURFACE ( 'NONE', #8418, 0.2000000000000326239 ) ;
#2729 = ORIENTED_EDGE ( 'NONE', *, *, #6113, .F. ) ;
#2730 = LINE ( 'NONE', #6529, #8797 ) ;
#2731 = CYLINDRICAL_SURFACE ( 'NONE', #3234, 0.1000000000000166311 ) ;
#2732 = DIRECTION ( 'NONE',  ( 0.000000000000000000, 0.000000000000000000, 1.000000000000000000 ) ) ;
#2733 = CARTESIAN_POINT ( 'NONE',  ( 0.9499999999999999556, 2.419999999999999929, 1.750000000000000000 ) ) ;
#2734 = ORIENTED_EDGE ( 'NONE', *, *, #948, .F. ) ;
#2735 = CARTESIAN_POINT ( 'NONE',  ( -0.1499999999999999944, 2.100000000000000089, -0.6500000000000001332 ) ) ;
#2736 = ORIENTED_EDGE ( 'NONE', *, *, #1113, .T. ) ;
#2737 = ORIENTED_EDGE ( 'NONE', *, *, #1142, .F. ) ;
#2738 = DIRECTION ( 'NONE',  ( -1.000000000000000000, 0.000000000000000000, 0.000000000000000000 ) ) ;
#2739 = CARTESIAN_POINT ( 'NONE',  ( -1.709999999999999964, 0.1500000000000405176, 3.600481571814114989 ) ) ;
#2740 = VERTEX_POINT ( 'NONE', #8191 ) ;
#2741 = ORIENTED_EDGE ( 'NONE', *, *, #3642, .T. ) ;
#2742 = CARTESIAN_POINT ( 'NONE',  ( -0.5500000000000000444, 2.419999999999999929, 2.149999999999999911 ) ) ;
#2743 = ORIENTED_EDGE ( 'NONE', *, *, #6696, .F. ) ;
#2744 = EDGE_LOOP ( 'NONE', ( #7730, #1057, #7091, #6356 ) ) ;
#2745 = CARTESIAN_POINT ( 'NONE',  ( -1.550000000000000266, 2.419999999999999929, 1.949999999999999956 ) ) ;
#2746 = DIRECTION ( 'NONE',  ( 0.000000000000000000, 0.000000000000000000, -1.000000000000000000 ) ) ;
#2747 = EDGE_CURVE ( 'NONE', #789, #1221, #3832, .T. ) ;
#2748 = EDGE_CURVE ( 'NONE', #5873, #8173, #8849, .T. ) ;
#2749 = CARTESIAN_POINT ( 'NONE',  ( 2.200000000000000178, 0.000000000000000000, 1.699999999999999956 ) ) ;
#2750 = DIRECTION ( 'NONE',  ( 1.000000000000000000, 0.000000000000000000, 0.000000000000000000 ) ) ;
#2751 = CARTESIAN_POINT ( 'NONE',  ( -1.709999999999999964, 0.04999999999999400063, -3.600481571814099890 ) ) ;
#2752 = ORIENTED_EDGE ( 'NONE', *, *, #9420, .F. ) ;
#2753 = CARTESIAN_POINT ( 'NONE',  ( 1.699999999999999956, 0.8499999999999999778, 2.649999999999999911 ) ) ;
#2754 = CARTESIAN_POINT ( 'NONE',  ( -0.4400000000000000022, 0.8499999999999999778, 2.649999999999999911 ) ) ;
#2755 = ADVANCED_FACE ( 'NONE', ( #8950 ), #5320, .T. ) ;
#2756 = ADVANCED_FACE ( 'NONE', ( #1688 ), #8093, .F. ) ;
#2757 = CARTESIAN_POINT ( 'NONE',  ( 3.048359567535812609, 2.100000000000000089, -2.509312405754549502 ) ) ;
#2758 = CYLINDRICAL_SURFACE ( 'NONE', #4641, 0.05000000000000012768 ) ;
#2759 = LINE ( 'NONE', #8597, #4160 ) ;
#2760 = CARTESIAN_POINT ( 'NONE',  ( 0.4299999999999999933, 0.5999999999999870992, -3.160007371274350163 ) ) ;
#2761 = ORIENTED_EDGE ( 'NONE', *, *, #2370, .F. ) ;
#2762 = PLANE ( 'NONE',  #1588 ) ;
#2763 = ORIENTED_EDGE ( 'NONE', *, *, #7797, .F. ) ;
#2764 = CARTESIAN_POINT ( 'NONE',  ( -2.125000000000000000, 2.419999999999999929, -2.050000000000000266 ) ) ;
#2765 = ORIENTED_EDGE ( 'NONE', *, *, #3384, .F. ) ;
#2766 = ADVANCED_FACE ( 'NONE', ( #4742 ), #5507, .T. ) ;
#2767 = AXIS2_PLACEMENT_3D ( 'NONE', #9231, #2682, #3968 ) ;
#2768 = CARTESIAN_POINT ( 'NONE',  ( 3.137602400615880693, 0.6999999999999999556, 2.700000000000000178 ) ) ;
#2769 = CARTESIAN_POINT ( 'NONE',  ( 3.043579060937430469, 2.394570020555450096, 2.443579060937429936 ) ) ;
#2770 = CARTESIAN_POINT ( 'NONE',  ( 2.000000000000000000, 2.419999999999999929, 1.800000000000000266 ) ) ;
#2771 = CARTESIAN_POINT ( 'NONE',  ( -0.1499999999999999944, 2.399999999999999911, 1.500000000000000000 ) ) ;
#2772 = DIRECTION ( 'NONE',  ( 0.000000000000000000, 1.000000000000000000, 0.000000000000000000 ) ) ;
#2773 = VERTEX_POINT ( 'NONE', #4833 ) ;
#2774 = ORIENTED_EDGE ( 'NONE', *, *, #6707, .F. ) ;
#2775 = DIRECTION ( 'NONE',  ( 0.000000000000000000, -0.3328201177351369222, 0.9429903335828896394 ) ) ;
#2776 = ORIENTED_EDGE ( 'NONE', *, *, #4632, .F. ) ;
#2777 = EDGE_LOOP ( 'NONE', ( #6143, #2442, #163, #3313 ) ) ;
#2778 = DIRECTION ( 'NONE',  ( 0.000000000000000000, -1.000000000000000000, 0.000000000000000000 ) ) ;
#2779 = CIRCLE ( 'NONE', #8137, 0.09999999999984500454 ) ;
#2780 = CARTESIAN_POINT ( 'NONE',  ( 0.2200000000000000011, 2.399999999999999911, 1.500000000000000000 ) ) ;
#2781 = CARTESIAN_POINT ( 'NONE',  ( -0.4400000000000000022, -0.1000000000000000056, -4.000000000000000000 ) ) ;
#2782 = VECTOR ( 'NONE', #1633, 1000.000000000000000 ) ;
#2783 = ORIENTED_EDGE ( 'NONE', *, *, #8529, .F. ) ;
#2784 = VERTEX_POINT ( 'NONE', #1741 ) ;
#2785 = CARTESIAN_POINT ( 'NONE',  ( -3.237106939925070037, 0.6999999999999999556, 2.649999999999999911 ) ) ;
#2786 = VERTEX_POINT ( 'NONE', #4789 ) ;
#2787 = VERTEX_POINT ( 'NONE', #1792 ) ;
#2788 = VECTOR ( 'NONE', #6483, 1000.000000000000000 ) ;
#2789 = EDGE_CURVE ( 'NONE', #7931, #3190, #2633, .T. ) ;
#2790 = VECTOR ( 'NONE', #5358, 1000.000000000000000 ) ;
#2791 = CARTESIAN_POINT ( 'NONE',  ( 1.699999999999999956, 0.5999999999999480194, 3.160007371274379917 ) ) ;
#2792 = DIRECTION ( 'NONE',  ( -1.000000000000000000, 0.000000000000000000, 0.000000000000000000 ) ) ;
#2793 = CIRCLE ( 'NONE', #3723, 0.1000000000000263872 ) ;
#2794 = DIRECTION ( 'NONE',  ( -1.000000000000000000, 0.000000000000000000, 0.000000000000000000 ) ) ;
#2795 = EDGE_LOOP ( 'NONE', ( #7347, #1443, #3060, #1441 ) ) ;
#2796 = VECTOR ( 'NONE', #6605, 1000.000000000000000 ) ;
#2797 = VERTEX_POINT ( 'NONE', #5557 ) ;
#2798 = LINE ( 'NONE', #8588, #5205 ) ;
#2799 = CARTESIAN_POINT ( 'NONE',  ( 0.2500000000000000000, 0.6500000000000001332, 0.1000000000000241945 ) ) ;
#2800 = ADVANCED_FACE ( 'NONE', ( #1877 ), #7630, .T. ) ;
#2801 = EDGE_CURVE ( 'NONE', #4193, #4482, #3086, .T. ) ;
#2802 = VECTOR ( 'NONE', #7486, 1000.000000000000000 ) ;
#2803 = VECTOR ( 'NONE', #6313, 1000.000000000000114 ) ;
#2804 = CARTESIAN_POINT ( 'NONE',  ( 1.949999999999999956, 2.419999999999999929, 1.949999999999999956 ) ) ;
#2805 = CARTESIAN_POINT ( 'NONE',  ( 0.2500000000000000000, 0.5500000000000000444, 0.6500000000000001332 ) ) ;
#2806 = EDGE_CURVE ( 'NONE', #2401, #1677, #4308, .T. ) ;
#2807 = PLANE ( 'NONE',  #6209 ) ;
#2808 = VERTEX_POINT ( 'NONE', #490 ) ;
#2809 = CARTESIAN_POINT ( 'NONE',  ( -0.3499999999999999778, 2.399999999999999911, 2.149999999999999911 ) ) ;
#2810 = ORIENTED_EDGE ( 'NONE', *, *, #3703, .T. ) ;
#2811 = CARTESIAN_POINT ( 'NONE',  ( 0.8299999999999999600, 0.05000000000000000278, 4.000000000000000000 ) ) ;
#2812 = CARTESIAN_POINT ( 'NONE',  ( -0.4400000000000000022, 0.5999999999999480194, -3.160007371274379917 ) ) ;
#2813 = ORIENTED_EDGE ( 'NONE', *, *, #1084, .T. ) ;
#2814 = EDGE_CURVE ( 'NONE', #5372, #3656, #3352, .T. ) ;
#2815 = CYLINDRICAL_SURFACE ( 'NONE', #4200, 0.09999999999984543475 ) ;
#2816 = CARTESIAN_POINT ( 'NONE',  ( -0.4400000000000000022, 0.04999999999999400063, -4.000000000000000000 ) ) ;
#2817 = AXIS2_PLACEMENT_3D ( 'NONE', #2580, #6137, #2534 ) ;
#2818 = CARTESIAN_POINT ( 'NONE',  ( 2.100000000000000089, 0.7000000000000099476, -3.160007371274399901 ) ) ;
#2819 = FACE_OUTER_BOUND ( 'NONE', #4746, .T. ) ;
#2820 = CARTESIAN_POINT ( 'NONE',  ( 1.699999999999999956, 0.1039278662374499979, -3.354763525080500131 ) ) ;
#2821 = PLANE ( 'NONE',  #8306 ) ;
#2822 = EDGE_CURVE ( 'NONE', #1247, #9241, #356, .T. ) ;
#2823 = EDGE_LOOP ( 'NONE', ( #8998, #8646, #5994, #5524, #5920, #5414, #6719, #7509, #7599, #5181, #185, #6919, #1401, #8100, #8746, #4316, #4505, #5845, #8811, #4006 ) ) ;
#2824 = CARTESIAN_POINT ( 'NONE',  ( -1.824999999999999956, 2.399999999999999911, -2.250000000000000444 ) ) ;
#2825 = ORIENTED_EDGE ( 'NONE', *, *, #5092, .F. ) ;
#2826 = ORIENTED_EDGE ( 'NONE', *, *, #9267, .F. ) ;
#2827 = EDGE_CURVE ( 'NONE', #7024, #150, #3257, .T. ) ;
#2828 = VECTOR ( 'NONE', #133, 1000.000000000000000 ) ;
#2829 = CARTESIAN_POINT ( 'NONE',  ( 0.8299999999999999600, 0.1039278662374499979, 3.354763525080500131 ) ) ;
#2830 = FACE_OUTER_BOUND ( 'NONE', #8636, .T. ) ;
#2831 = AXIS2_PLACEMENT_3D ( 'NONE', #261, #4592, #2496 ) ;
#2832 = ORIENTED_EDGE ( 'NONE', *, *, #1713, .F. ) ;
#2833 = ORIENTED_EDGE ( 'NONE', *, *, #1095, .F. ) ;
#2834 = CARTESIAN_POINT ( 'NONE',  ( -1.709999999999999964, -0.1000000000000000056, 3.600481571814099890 ) ) ;
#2835 = ORIENTED_EDGE ( 'NONE', *, *, #6122, .F. ) ;
#2836 = ORIENTED_EDGE ( 'NONE', *, *, #7797, .T. ) ;
#2837 = AXIS2_PLACEMENT_3D ( 'NONE', #5020, #3488, #1393 ) ;
#2838 = DIRECTION ( 'NONE',  ( -1.000000000000000000, 0.000000000000000000, 0.000000000000000000 ) ) ;
#2839 = CARTESIAN_POINT ( 'NONE',  ( 0.2500000000000000000, 0.05000000000000000278, 0.000000000000000000 ) ) ;
#2840 = DIRECTION ( 'NONE',  ( 1.000000000000000000, -0.000000000000000000, -0.000000000000000000 ) ) ;
#2841 = ORIENTED_EDGE ( 'NONE', *, *, #1196, .F. ) ;
#2842 = PRODUCT_DEFINITION_FORMATION_WITH_SPECIFIED_SOURCE ( 'ANY', '', #3934, .NOT_KNOWN. ) ;
#2843 = AXIS2_PLACEMENT_3D ( 'NONE', #1808, #1043, #8966 ) ;
#2844 = LINE ( 'NONE', #4420, #1291 ) ;
#2845 = ORIENTED_EDGE ( 'NONE', *, *, #327, .F. ) ;
#2846 = ORIENTED_EDGE ( 'NONE', *, *, #1889, .F. ) ;
#2847 = FACE_OUTER_BOUND ( 'NONE', #1374, .T. ) ;
#2848 = AXIS2_PLACEMENT_3D ( 'NONE', #7955, #4406, #7294 ) ;
#2849 = DIRECTION ( 'NONE',  ( 0.000000000000000000, 0.000000000000000000, 1.000000000000000000 ) ) ;
#2850 = DIRECTION ( 'NONE',  ( 0.000000000000000000, 0.000000000000000000, 1.000000000000000000 ) ) ;
#2851 = EDGE_CURVE ( 'NONE', #1553, #2385, #6965, .T. ) ;
#2852 = LINE ( 'NONE', #7083, #9051 ) ;
#2853 = PLANE ( 'NONE',  #2973 ) ;
#2854 = ORIENTED_EDGE ( 'NONE', *, *, #6595, .F. ) ;
#2855 = VECTOR ( 'NONE', #2484, 1000.000000000000000 ) ;
#2856 = CARTESIAN_POINT ( 'NONE',  ( 2.100000000000000089, 0.6184288535050199709, -3.258294589967800636 ) ) ;
#2857 = ORIENTED_EDGE ( 'NONE', *, *, #8241, .F. ) ;
#2858 = CARTESIAN_POINT ( 'NONE',  ( -1.476886553513899969, 2.419999999999999929, -2.149999999999999911 ) ) ;
#2859 = CARTESIAN_POINT ( 'NONE',  ( -2.299999999999999822, 0.07243626441830010310, -2.470048994552399790 ) ) ;
#2860 =( GEOMETRIC_REPRESENTATION_CONTEXT ( 3 ) GLOBAL_UNCERTAINTY_ASSIGNED_CONTEXT ( ( #4653 ) ) GLOBAL_UNIT_ASSIGNED_CONTEXT ( ( #1714, #3089, #6079 ) ) REPRESENTATION_CONTEXT ( 'NONE', 'WORKASPACE' ) );
#2861 = CARTESIAN_POINT ( 'NONE',  ( 1.949999999999999956, 2.399999999999999911, 1.850000000000000089 ) ) ;
#2862 = FACE_OUTER_BOUND ( 'NONE', #5654, .T. ) ;
#2863 = ADVANCED_FACE ( 'NONE', ( #2687 ), #8383, .F. ) ;
#2864 = EDGE_CURVE ( 'NONE', #3825, #5136, #6250, .T. ) ;
#2865 = CARTESIAN_POINT ( 'NONE',  ( -0.6500000000000001332, 2.419999999999999929, 1.750000000000000000 ) ) ;
#2866 = DIRECTION ( 'NONE',  ( 0.000000000000000000, 0.000000000000000000, 1.000000000000000000 ) ) ;
#2867 = FACE_OUTER_BOUND ( 'NONE', #2744, .T. ) ;
#2868 = ORIENTED_EDGE ( 'NONE', *, *, #2345, .T. ) ;
#2869 = CYLINDRICAL_SURFACE ( 'NONE', #1282, 0.09999999999984608701 ) ;
#2870 = VERTEX_POINT ( 'NONE', #2591 ) ;
#2871 = ORIENTED_EDGE ( 'NONE', *, *, #5975, .F. ) ;
#2872 = EDGE_CURVE ( 'NONE', #4915, #8250, #1927, .T. ) ;
#2873 = DIRECTION ( 'NONE',  ( -1.000000000000000000, 0.000000000000000000, 0.000000000000000000 ) ) ;
#2874 = FACE_OUTER_BOUND ( 'NONE', #3203, .T. ) ;
#2875 = LINE ( 'NONE', #5951, #2714 ) ;
#2876 = EDGE_CURVE ( 'NONE', #5709, #6340, #6335, .T. ) ;
#2877 = DIRECTION ( 'NONE',  ( 1.000000000000000000, 0.000000000000000000, 0.000000000000000000 ) ) ;
#2878 = ORIENTED_EDGE ( 'NONE', *, *, #2721, .T. ) ;
#2879 = ORIENTED_EDGE ( 'NONE', *, *, #4566, .T. ) ;
#2880 = ORIENTED_EDGE ( 'NONE', *, *, #8128, .T. ) ;
#2881 = ORIENTED_EDGE ( 'NONE', *, *, #7378, .F. ) ;
#2882 = EDGE_CURVE ( 'NONE', #6798, #8485, #6866, .T. ) ;
#2883 = CARTESIAN_POINT ( 'NONE',  ( -0.8500000000000690337, 2.419999999999999929, 1.849999999999930367 ) ) ;
#2884 = DIRECTION ( 'NONE',  ( 0.000000000000000000, -0.9828721869343458595, 0.1842885350500573227 ) ) ;
#2885 = EDGE_CURVE ( 'NONE', #4409, #2094, #3700, .T. ) ;
#2886 = DIRECTION ( 'NONE',  ( -0.1160517706371316515, 0.9864400504156211058, -0.1160517706371316515 ) ) ;
#2887 = EDGE_LOOP ( 'NONE', ( #5921, #7533, #54, #2492 ) ) ;
#2888 = CARTESIAN_POINT ( 'NONE',  ( -1.709999999999999964, 0.6460721337625500160, -3.405725418007999661 ) ) ;
#2889 = CARTESIAN_POINT ( 'NONE',  ( -3.110390102969800008, 2.311684124756699710, 2.850000000000000089 ) ) ;
#2890 = ORIENTED_EDGE ( 'NONE', *, *, #6636, .T. ) ;
#2891 = CIRCLE ( 'NONE', #4122, 0.09999999999984532373 ) ;
#2892 = CARTESIAN_POINT ( 'NONE',  ( 2.100000000000000089, -0.1000000000000000056, 4.000000000000000000 ) ) ;
#2893 = CARTESIAN_POINT ( 'NONE',  ( 2.758924957462475014, 2.399999999999999911, -2.411075042537524915 ) ) ;
#2894 = CARTESIAN_POINT ( 'NONE',  ( -0.9499999999999999556, 2.419999999999999929, 1.850000000000000089 ) ) ;
#2895 = LINE ( 'NONE', #5052, #1902 ) ;
#2896 = DIRECTION ( 'NONE',  ( -0.000000000000000000, 1.000000000000000000, -0.000000000000000000 ) ) ;
#2897 = DIRECTION ( 'NONE',  ( 0.000000000000000000, -1.000000000000000000, 0.000000000000000000 ) ) ;
#2898 = VERTEX_POINT ( 'NONE', #2498 ) ;
#2899 = CARTESIAN_POINT ( 'NONE',  ( -1.723113446486100209, 2.419999999999999929, -1.850000000000000089 ) ) ;
#2900 = VERTEX_POINT ( 'NONE', #8653 ) ;
#2901 = PLANE ( 'NONE',  #3228 ) ;
#2902 = EDGE_CURVE ( 'NONE', #9230, #477, #7279, .T. ) ;
#2903 = CARTESIAN_POINT ( 'NONE',  ( -0.8400000000000001910, 0.6999999999999999556, -2.649999999999999911 ) ) ;
#2904 = DIRECTION ( 'NONE',  ( -1.000000000000000000, 0.000000000000000000, 0.000000000000000000 ) ) ;
#2905 = LINE ( 'NONE', #9380, #1958 ) ;
#2906 = DIRECTION ( 'NONE',  ( 0.000000000000000000, 0.000000000000000000, 1.000000000000000000 ) ) ;
#2907 = CARTESIAN_POINT ( 'NONE',  ( 0.8299999999999999600, 0.8500000000000000888, -2.649999999999999911 ) ) ;
#2908 = DIRECTION ( 'NONE',  ( -1.000000000000000000, 0.000000000000000000, 0.000000000000000000 ) ) ;
#2909 = ORIENTED_EDGE ( 'NONE', *, *, #7211, .F. ) ;
#2910 = CARTESIAN_POINT ( 'NONE',  ( -2.399999999999999467, 0.6999999999999999556, -2.649999999999999911 ) ) ;
#2911 = ORIENTED_EDGE ( 'NONE', *, *, #2281, .F. ) ;
#2912 = ORIENTED_EDGE ( 'NONE', *, *, #5621, .F. ) ;
#2913 = CIRCLE ( 'NONE', #7513, 0.05000000000000002359 ) ;
#2914 = ADVANCED_FACE ( 'NONE', ( #7944 ), #5792, .T. ) ;
#2915 = AXIS2_PLACEMENT_3D ( 'NONE', #5, #8554, #5833 ) ;
#2916 = EDGE_CURVE ( 'NONE', #1457, #5873, #7857, .T. ) ;
#2917 = CARTESIAN_POINT ( 'NONE',  ( -0.2499999999999999445, 1.750000000000000000, 0.6500000000000001332 ) ) ;
#2918 = DIRECTION ( 'NONE',  ( 0.000000000000000000, 0.000000000000000000, -1.000000000000000000 ) ) ;
#2919 = LINE ( 'NONE', #2215, #2623 ) ;
#2920 = AXIS2_PLACEMENT_3D ( 'NONE', #2941, #6601, #798 ) ;
#2921 = VERTEX_POINT ( 'NONE', #2818 ) ;
#2922 = ORIENTED_EDGE ( 'NONE', *, *, #7511, .T. ) ;
#2923 = VECTOR ( 'NONE', #633, 1000.000000000000000 ) ;
#2924 = CARTESIAN_POINT ( 'NONE',  ( 0.4299999999999999933, -0.1000000000000000056, 4.000000000000000000 ) ) ;
#2925 = EDGE_CURVE ( 'NONE', #691, #807, #1375, .T. ) ;
#2926 = ORIENTED_EDGE ( 'NONE', *, *, #557, .F. ) ;
#2927 = VERTEX_POINT ( 'NONE', #4975 ) ;
#2928 = ADVANCED_FACE ( 'NONE', ( #4163 ), #2731, .T. ) ;
#2929 = AXIS2_PLACEMENT_3D ( 'NONE', #7671, #1118, #8336 ) ;
#2930 = AXIS2_PLACEMENT_3D ( 'NONE', #4900, #4139, #7072 ) ;
#2931 = LINE ( 'NONE', #6593, #854 ) ;
#2932 = DIRECTION ( 'NONE',  ( 0.000000000000000000, -0.1842885350503307429, 0.9828721869342945672 ) ) ;
#2933 = CARTESIAN_POINT ( 'NONE',  ( -3.063424771190839557, 2.387935774900709518, -2.423736987398455334 ) ) ;
#2934 = ORIENTED_EDGE ( 'NONE', *, *, #7685, .F. ) ;
#2935 = ORIENTED_EDGE ( 'NONE', *, *, #3754, .T. ) ;
#2936 = CARTESIAN_POINT ( 'NONE',  ( -0.2500000000000000000, 2.419999999999999929, 1.800000000000000266 ) ) ;
#2937 = DIRECTION ( 'NONE',  ( 1.000000000000000000, 0.000000000000000000, 0.000000000000000000 ) ) ;
#2938 = EDGE_CURVE ( 'NONE', #8351, #8757, #7183, .T. ) ;
#2939 = ORIENTED_EDGE ( 'NONE', *, *, #6056, .T. ) ;
#2940 = VECTOR ( 'NONE', #7811, 1000.000000000000000 ) ;
#2941 = CARTESIAN_POINT ( 'NONE',  ( -0.3499999999999999778, 2.419999999999999929, 1.800000000000000266 ) ) ;
#2942 = EDGE_CURVE ( 'NONE', #607, #9282, #7904, .T. ) ;
#2943 = CARTESIAN_POINT ( 'NONE',  ( -1.709999999999999964, 0.8499999999999999778, -3.160007371274399901 ) ) ;
#2944 = VECTOR ( 'NONE', #2393, 1000.000000000000000 ) ;
#2945 = CIRCLE ( 'NONE', #2047, 0.09999999999993065825 ) ;
#2946 = LINE ( 'NONE', #2804, #4835 ) ;
#2947 = CARTESIAN_POINT ( 'NONE',  ( 0.6999999999999999556, 2.419999999999999929, 2.200000000000000178 ) ) ;
#2948 = CARTESIAN_POINT ( 'NONE',  ( 2.100000000000000089, 0.04999999999999400063, -3.600481571814099890 ) ) ;
#2949 = DIRECTION ( 'NONE',  ( 0.1160437261037694651, 0.9863474618335673627, 0.1168440763001398069 ) ) ;
#2950 = EDGE_LOOP ( 'NONE', ( #4727, #3994, #9407, #5766 ) ) ;
#2951 = CARTESIAN_POINT ( 'NONE',  ( 2.390000000000000124, 1.750000000000000000, 0.6500000000000001332 ) ) ;
#2952 = AXIS2_PLACEMENT_3D ( 'NONE', #7570, #1108, #6899 ) ;
#2953 = VECTOR ( 'NONE', #101, 1000.000000000000000 ) ;
#2954 = CARTESIAN_POINT ( 'NONE',  ( -1.709999999999999964, 0.6460721337625500160, 3.405725418007999661 ) ) ;
#2955 = CARTESIAN_POINT ( 'NONE',  ( -2.973922824958600053, 1.355252715606880049E-16, 2.373922824958600408 ) ) ;
#2956 = CARTESIAN_POINT ( 'NONE',  ( 2.100000000000000089, 0.5999999999999870992, -3.160007371274350163 ) ) ;
#2957 = AXIS2_PLACEMENT_3D ( 'NONE', #3032, #5188, #1663 ) ;
#2958 = CARTESIAN_POINT ( 'NONE',  ( -2.299999999999999822, 0.1499999999999999944, -2.492290037832664673 ) ) ;
#2959 = EDGE_CURVE ( 'NONE', #4544, #636, #2019, .T. ) ;
#2960 = EDGE_LOOP ( 'NONE', ( #5908, #3693, #4994, #6011 ) ) ;
#2961 = DIRECTION ( 'NONE',  ( 0.000000000000000000, 1.000000000000000000, 0.000000000000000000 ) ) ;
#2962 = VERTEX_POINT ( 'NONE', #7232 ) ;
#2963 = ORIENTED_EDGE ( 'NONE', *, *, #6399, .T. ) ;
#2964 = VECTOR ( 'NONE', #6263, 1000.000000000000000 ) ;
#2965 = DIRECTION ( 'NONE',  ( -1.000000000000000000, 0.000000000000000000, 0.000000000000000000 ) ) ;
#2966 = CARTESIAN_POINT ( 'NONE',  ( -2.225000000000000089, 2.419999999999999929, -2.250000000000000444 ) ) ;
#2967 = CYLINDRICAL_SURFACE ( 'NONE', #4844, 0.05000000000000012768 ) ;
#2968 = PLANE ( 'NONE',  #3403 ) ;
#2969 = ORIENTED_EDGE ( 'NONE', *, *, #2132, .T. ) ;
#2970 = EDGE_CURVE ( 'NONE', #6825, #3899, #367, .T. ) ;
#2971 = VERTEX_POINT ( 'NONE', #3489 ) ;
#2972 = EDGE_CURVE ( 'NONE', #4999, #8345, #9325, .T. ) ;
#2973 = AXIS2_PLACEMENT_3D ( 'NONE', #9318, #3574, #1388 ) ;
#2974 = DIRECTION ( 'NONE',  ( -1.000000000000000000, 0.000000000000000000, 0.000000000000000000 ) ) ;
#2975 = EDGE_LOOP ( 'NONE', ( #6118, #6836, #7484, #8981 ) ) ;
#2976 = ORIENTED_EDGE ( 'NONE', *, *, #7589, .T. ) ;
#2977 = DIRECTION ( 'NONE',  ( 0.000000000000000000, 0.9828721869343112205, -0.1842885350502417308 ) ) ;
#2978 = VECTOR ( 'NONE', #3371, 1000.000000000000000 ) ;
#2979 = EDGE_CURVE ( 'NONE', #6217, #1653, #6480, .T. ) ;
#2980 = DIRECTION ( 'NONE',  ( -1.000000000000000000, 0.000000000000000000, 0.000000000000000000 ) ) ;
#2981 = CARTESIAN_POINT ( 'NONE',  ( 2.661173384981574852, 2.324973229974758748, -2.508826615018424633 ) ) ;
#2982 = DIRECTION ( 'NONE',  ( 0.000000000000000000, 0.000000000000000000, -1.000000000000000000 ) ) ;
#2983 = VERTEX_POINT ( 'NONE', #9428 ) ;
#2984 = EDGE_CURVE ( 'NONE', #3496, #6063, #8694, .T. ) ;
#2985 = VERTEX_POINT ( 'NONE', #630 ) ;
#2986 = EDGE_CURVE ( 'NONE', #5843, #6490, #3535, .T. ) ;
#2987 = DIRECTION ( 'NONE',  ( -1.000000000000000000, 0.000000000000000000, 0.000000000000000000 ) ) ;
#2988 = FACE_OUTER_BOUND ( 'NONE', #8820, .T. ) ;
#2989 = ORIENTED_EDGE ( 'NONE', *, *, #2344, .T. ) ;
#2990 = DIRECTION ( 'NONE',  ( 0.000000000000000000, 1.000000000000000000, 0.000000000000000000 ) ) ;
#2991 = VECTOR ( 'NONE', #2163, 1000.000000000000000 ) ;
#2992 = CARTESIAN_POINT ( 'NONE',  ( -1.476886553513899969, 2.419999999999999929, -2.149999999999999911 ) ) ;
#2993 = EDGE_CURVE ( 'NONE', #2490, #2555, #8516, .T. ) ;
#2994 = VECTOR ( 'NONE', #2686, 1000.000000000000000 ) ;
#2995 =( NAMED_UNIT ( * ) SI_UNIT ( $, .STERADIAN. ) SOLID_ANGLE_UNIT ( ) );
#2996 = DIRECTION ( 'NONE',  ( 0.9486832980505136570, -0.3162277660168383853, 0.000000000000000000 ) ) ;
#2997 = EDGE_CURVE ( 'NONE', #2516, #116, #4009, .T. ) ;
#2998 = ORIENTED_EDGE ( 'NONE', *, *, #5744, .T. ) ;
#2999 = DIRECTION ( 'NONE',  ( -1.000000000000000000, 0.000000000000000000, 0.000000000000000000 ) ) ;
#3000 = ORIENTED_EDGE ( 'NONE', *, *, #2902, .T. ) ;
#3001 = DIRECTION ( 'NONE',  ( -1.000000000000000000, 0.000000000000000000, 0.000000000000000000 ) ) ;
#3002 = ORIENTED_EDGE ( 'NONE', *, *, #4210, .F. ) ;
#3003 = DIRECTION ( 'NONE',  ( 0.000000000000000000, 0.000000000000000000, 1.000000000000000000 ) ) ;
#3004 = AXIS2_PLACEMENT_3D ( 'NONE', #2421, #3077, #2459 ) ;
#3005 = CARTESIAN_POINT ( 'NONE',  ( 0.7500000000000000000, 2.419999999999999929, 1.850000000000000089 ) ) ;
#3006 = CARTESIAN_POINT ( 'NONE',  ( 0.2200000000000000011, 2.399999999999999911, -1.500000000000000000 ) ) ;
#3007 = CARTESIAN_POINT ( 'NONE',  ( -0.5500000000000000444, 2.419999999999999929, 1.850000000000000089 ) ) ;
#3008 = VECTOR ( 'NONE', #7769, 1000.000000000000000 ) ;
#3009 = DIRECTION ( 'NONE',  ( 0.000000000000000000, -1.000000000000000000, 0.000000000000000000 ) ) ;
#3010 = CARTESIAN_POINT ( 'NONE',  ( -0.3499999999999999778, 2.399999999999999911, 1.800000000000000266 ) ) ;
#3011 = VERTEX_POINT ( 'NONE', #546 ) ;
#3012 = DIRECTION ( 'NONE',  ( 0.000000000000000000, 1.000000000000000000, 0.000000000000000000 ) ) ;
#3013 = ORIENTED_EDGE ( 'NONE', *, *, #19, .T. ) ;
#3014 = LINE ( 'NONE', #5947, #3373 ) ;
#3015 = APPLICATION_CONTEXT ( 'automotive_design' ) ;
#3016 = VERTEX_POINT ( 'NONE', #3446 ) ;
#3017 = VECTOR ( 'NONE', #8321, 1000.000000000000000 ) ;
#3018 = CARTESIAN_POINT ( 'NONE',  ( -0.3499999999999999778, 0.000000000000000000, 0.6500000000000001332 ) ) ;
#3019 = FACE_OUTER_BOUND ( 'NONE', #3508, .T. ) ;
#3020 = CARTESIAN_POINT ( 'NONE',  ( -0.5500000000000000444, 2.419999999999999929, 2.149999999999999911 ) ) ;
#3021 = DIRECTION ( 'NONE',  ( -1.000000000000000000, 0.000000000000000000, 0.000000000000000000 ) ) ;
#3022 = CARTESIAN_POINT ( 'NONE',  ( -2.931823999276140125, 2.323378608451240446, -2.508414918358277568 ) ) ;
#3023 = EDGE_LOOP ( 'NONE', ( #313, #6283, #7637, #6647 ) ) ;
#3024 = ORIENTED_EDGE ( 'NONE', *, *, #9300, .T. ) ;
#3025 = CARTESIAN_POINT ( 'NONE',  ( 0.6500000000000001332, 2.419999999999999929, 2.200000000000000178 ) ) ;
#3026 = VERTEX_POINT ( 'NONE', #6411 ) ;
#3027 = VERTEX_POINT ( 'NONE', #2749 ) ;
#3028 = EDGE_CURVE ( 'NONE', #5424, #8934, #1280, .T. ) ;
#3029 = DIRECTION ( 'NONE',  ( 0.7071067811865474617, 0.000000000000000000, 0.7071067811865474617 ) ) ;
#3030 = DIRECTION ( 'NONE',  ( 1.000000000000000000, -0.000000000000000000, -0.000000000000000000 ) ) ;
#3031 = FACE_OUTER_BOUND ( 'NONE', #2795, .T. ) ;
#3032 = CARTESIAN_POINT ( 'NONE',  ( 3.299999999999999822, 0.07243626441829999207, -2.470048994552399790 ) ) ;
#3033 = ORIENTED_EDGE ( 'NONE', *, *, #4961, .F. ) ;
#3034 = CARTESIAN_POINT ( 'NONE',  ( 0.3499999999999999778, 0.05000000000000000278, 0.6500000000000001332 ) ) ;
#3035 = CARTESIAN_POINT ( 'NONE',  ( -3.011075042537525004, 2.299999999999999822, 2.850000000000000089 ) ) ;
#3036 = VERTEX_POINT ( 'NONE', #1507 ) ;
#3037 = CYLINDRICAL_SURFACE ( 'NONE', #4451, 0.1000000000000080130 ) ;
#3038 = ADVANCED_FACE ( 'NONE', ( #5131 ), #2968, .F. ) ;
#3039 = EDGE_CURVE ( 'NONE', #8616, #1762, #4312, .T. ) ;
#3040 = LINE ( 'NONE', #8169, #7877 ) ;
#3041 = DIRECTION ( 'NONE',  ( 1.000000000000000000, 0.000000000000000000, 0.000000000000000000 ) ) ;
#3042 = ORIENTED_EDGE ( 'NONE', *, *, #6164, .T. ) ;
#3043 = CARTESIAN_POINT ( 'NONE',  ( 0.4299999999999999933, 0.1039278662374499979, 3.354763525080500131 ) ) ;
#3044 = ORIENTED_EDGE ( 'NONE', *, *, #7798, .T. ) ;
#3045 = EDGE_LOOP ( 'NONE', ( #7496, #5516, #9014, #3896, #373, #1845 ) ) ;
#3046 = ADVANCED_FACE ( 'NONE', ( #1907 ), #8904, .T. ) ;
#3047 = PLANE ( 'NONE',  #7826 ) ;
#3048 = CARTESIAN_POINT ( 'NONE',  ( 3.299999999999999822, 0.6999999999999999556, -2.700000000000000178 ) ) ;
#3049 = EDGE_CURVE ( 'NONE', #485, #3011, #7436, .T. ) ;
#3050 = FACE_OUTER_BOUND ( 'NONE', #8969, .T. ) ;
#3051 = DIRECTION ( 'NONE',  ( 0.000000000000000000, 0.000000000000000000, -1.000000000000000000 ) ) ;
#3052 = CARTESIAN_POINT ( 'NONE',  ( 3.070048994552400323, 0.07243626441830010310, -2.470048994552399790 ) ) ;
#3053 = PLANE ( 'NONE',  #521 ) ;
#3054 = DIRECTION ( 'NONE',  ( -0.2756373558169814553, -0.9612616959383238902, 0.000000000000000000 ) ) ;
#3055 = ORIENTED_EDGE ( 'NONE', *, *, #644, .F. ) ;
#3056 = DIRECTION ( 'NONE',  ( 0.000000000000000000, 0.000000000000000000, -1.000000000000000000 ) ) ;
#3057 = ORIENTED_EDGE ( 'NONE', *, *, #5623, .F. ) ;
#3058 = EDGE_CURVE ( 'NONE', #6567, #4901, #3468, .T. ) ;
#3059 = CARTESIAN_POINT ( 'NONE',  ( -0.2500000000000000000, 0.6500000000000001332, 0.5499999999999831690 ) ) ;
#3060 = ORIENTED_EDGE ( 'NONE', *, *, #753, .F. ) ;
#3061 = ADVANCED_FACE ( 'NONE', ( #2265, #8954 ), #3741, .T. ) ;
#3062 = VECTOR ( 'NONE', #4698, 1000.000000000000000 ) ;
#3063 = DIRECTION ( 'NONE',  ( 1.000000000000000000, 0.000000000000000000, 0.000000000000000000 ) ) ;
#3064 = CARTESIAN_POINT ( 'NONE',  ( -0.3499999999999999778, 2.399999999999999911, 2.250000000000000444 ) ) ;
#3065 = CARTESIAN_POINT ( 'NONE',  ( 1.950000000000154943, 2.419999999999999929, 2.150000000000154898 ) ) ;
#3066 = B_SPLINE_CURVE_WITH_KNOTS ( 'NONE', 3,
 ( #7582, #1031, #2310, #5227 ),
 .UNSPECIFIED., .F., .F.,
 ( 4, 4 ),
 ( 3.927051630884065503, 4.712388980384516479 ),
 .UNSPECIFIED. ) ;
#3067 = DIRECTION ( 'NONE',  ( 0.000000000000000000, 1.000000000000000000, 0.000000000000000000 ) ) ;
#3068 = CARTESIAN_POINT ( 'NONE',  ( -2.947160538297664001, 2.336497965585944137, -2.504279573647834045 ) ) ;
#3069 = ORIENTED_EDGE ( 'NONE', *, *, #274, .T. ) ;
#3070 = VERTEX_POINT ( 'NONE', #1547 ) ;
#3071 = CARTESIAN_POINT ( 'NONE',  ( 1.699999999999999956, -0.1000000000000000056, 3.600481571814099890 ) ) ;
#3072 = ORIENTED_EDGE ( 'NONE', *, *, #3860, .F. ) ;
#3073 = VECTOR ( 'NONE', #1824, 1000.000000000000000 ) ;
#3074 = ORIENTED_EDGE ( 'NONE', *, *, #3594, .F. ) ;
#3075 = DIRECTION ( 'NONE',  ( 0.000000000000000000, -0.9828721869343112205, -0.1842885350502417308 ) ) ;
#3076 = AXIS2_PLACEMENT_3D ( 'NONE', #4956, #1240, #2141 ) ;
#3077 = DIRECTION ( 'NONE',  ( 0.000000000000000000, 1.000000000000000000, 0.000000000000000000 ) ) ;
#3078 = DIRECTION ( 'NONE',  ( 0.000000000000000000, 1.000000000000000000, 0.000000000000000000 ) ) ;
#3079 = CARTESIAN_POINT ( 'NONE',  ( -3.235470540548374796, 0.6999999999999999556, -2.649999999999999911 ) ) ;
#3080 = VERTEX_POINT ( 'NONE', #929 ) ;
#3081 = LINE ( 'NONE', #2376, #7057 ) ;
#3082 = DIRECTION ( 'NONE',  ( 1.000000000000000000, -0.000000000000000000, -0.000000000000000000 ) ) ;
#3083 = VERTEX_POINT ( 'NONE', #5278 ) ;
#3084 = EDGE_CURVE ( 'NONE', #1083, #514, #2451, .T. ) ;
#3085 = LINE ( 'NONE', #5924, #46 ) ;
#3086 = CIRCLE ( 'NONE', #8434, 0.1000000000000263872 ) ;
#3087 = AXIS2_PLACEMENT_3D ( 'NONE', #12, #571, #7125 ) ;
#3088 = CARTESIAN_POINT ( 'NONE',  ( -1.824999999999999956, 2.419999999999999929, -2.200000000000000178 ) ) ;
#3089 =( NAMED_UNIT ( * ) PLANE_ANGLE_UNIT ( ) SI_UNIT ( $, .RADIAN. ) );
#3090 = CARTESIAN_POINT ( 'NONE',  ( 0.3499999999999999778, 2.419999999999999929, 1.850000000000000089 ) ) ;
#3091 = AXIS2_PLACEMENT_3D ( 'NONE', #1049, #3948, #3326 ) ;
#3092 = B_SPLINE_CURVE_WITH_KNOTS ( 'NONE', 3,
 ( #4517, #2981, #2273, #6738, #5290, #8104, #845, #7448 ),
 .UNSPECIFIED., .F., .F.,
 ( 4, 2, 2, 4 ),
 ( 0.1171134806306963760, 0.4805341921717464215, 0.8439549037127964670, 1.570796326794896558 ),
 .UNSPECIFIED. ) ;
#3093 = ORIENTED_EDGE ( 'NONE', *, *, #8375, .F. ) ;
#3094 = DIRECTION ( 'NONE',  ( 1.000000000000000000, 0.000000000000000000, 0.000000000000000000 ) ) ;
#3095 = VERTEX_POINT ( 'NONE', #8147 ) ;
#3096 = ADVANCED_FACE ( 'NONE', ( #6004 ), #835, .F. ) ;
#3097 = EDGE_CURVE ( 'NONE', #5271, #1247, #217, .T. ) ;
#3098 = ORIENTED_EDGE ( 'NONE', *, *, #8489, .F. ) ;
#3099 = CARTESIAN_POINT ( 'NONE',  ( -2.758924957462475014, 2.399999999999999911, 2.411075042537524915 ) ) ;
#3100 = AXIS2_PLACEMENT_3D ( 'NONE', #4304, #7235, #9383 ) ;
#3101 = VECTOR ( 'NONE', #8377, 1000.000000000000000 ) ;
#3102 = ADVANCED_FACE ( 'NONE', ( #1691 ), #982, .F. ) ;
#3103 = PLANE ( 'NONE',  #6402 ) ;
#3104 = CARTESIAN_POINT ( 'NONE',  ( 2.100000000000000089, 0.8499999999999999778, -3.160007371274399901 ) ) ;
#3105 = VECTOR ( 'NONE', #1127, 1000.000000000000000 ) ;
#3106 = CARTESIAN_POINT ( 'NONE',  ( 1.949999999999999956, 2.399999999999999911, 1.949999999999999956 ) ) ;
#3107 = VERTEX_POINT ( 'NONE', #8807 ) ;
#3108 = ADVANCED_FACE ( 'NONE', ( #2409 ), #3881, .F. ) ;
#3109 = AXIS2_PLACEMENT_3D ( 'NONE', #4424, #761, #6561 ) ;
#3110 = DIRECTION ( 'NONE',  ( 0.000000000000000000, -1.000000000000000000, 5.507747036225403270E-13 ) ) ;
#3111 = ORIENTED_EDGE ( 'NONE', *, *, #4337, .T. ) ;
#3112 = FACE_OUTER_BOUND ( 'NONE', #8579, .T. ) ;
#3113 = EDGE_LOOP ( 'NONE', ( #923, #9010, #365, #5535 ) ) ;
#3114 = FACE_OUTER_BOUND ( 'NONE', #2208, .T. ) ;
#3115 = EDGE_CURVE ( 'NONE', #3266, #3465, #6106, .T. ) ;
#3116 = CARTESIAN_POINT ( 'NONE',  ( -2.109999999999999876, 0.5999999999999870992, -3.160007371274350163 ) ) ;
#3117 = CARTESIAN_POINT ( 'NONE',  ( 3.299999999999999822, 0.09999999999993669508, -2.373922824958615063 ) ) ;
#3118 = CARTESIAN_POINT ( 'NONE',  ( 1.020000000000000018, 1.750000000000000000, 0.6500000000000001332 ) ) ;
#3119 = DIRECTION ( 'NONE',  ( 0.000000000000000000, 0.9828721869343458595, 0.1842885350500573227 ) ) ;
#3120 = ORIENTED_EDGE ( 'NONE', *, *, #6100, .F. ) ;
#3121 = ORIENTED_EDGE ( 'NONE', *, *, #3160, .T. ) ;
#3122 = EDGE_CURVE ( 'NONE', #7692, #6509, #267, .T. ) ;
#3123 = PLANE ( 'NONE',  #1409 ) ;
#3124 = DIRECTION ( 'NONE',  ( -1.000000000000000000, 0.000000000000000000, 0.000000000000000000 ) ) ;
#3125 = EDGE_LOOP ( 'NONE', ( #456, #9244, #7817, #9268 ) ) ;
#3126 = ORIENTED_EDGE ( 'NONE', *, *, #8771, .T. ) ;
#3127 = CIRCLE ( 'NONE', #1608, 0.09999999999991363020 ) ;
#3128 = CARTESIAN_POINT ( 'NONE',  ( -3.011075042537500135, 2.399999999999999911, -2.411075042537524915 ) ) ;
#3129 = CARTESIAN_POINT ( 'NONE',  ( -3.034556701629033348, 2.399999999999979927, 2.135443298370967025 ) ) ;
#3130 = DIRECTION ( 'NONE',  ( 0.000000000000000000, 0.000000000000000000, 1.000000000000000000 ) ) ;
#3131 = CARTESIAN_POINT ( 'NONE',  ( 2.250000000000000444, 2.419999999999999929, 1.949999999999999956 ) ) ;
#3132 = ORIENTED_EDGE ( 'NONE', *, *, #5272, .T. ) ;
#3133 = EDGE_LOOP ( 'NONE', ( #4643, #9035, #9389, #7536 ) ) ;
#3134 = CARTESIAN_POINT ( 'NONE',  ( -1.375000000000000000, 2.399999999999999911, -1.850000000000000089 ) ) ;
#3135 = DIRECTION ( 'NONE',  ( 0.000000000000000000, 0.000000000000000000, 1.000000000000000000 ) ) ;
#3136 = ORIENTED_EDGE ( 'NONE', *, *, #5791, .F. ) ;
#3137 = AXIS2_PLACEMENT_3D ( 'NONE', #8357, #6932, #3138 ) ;
#3138 = DIRECTION ( 'NONE',  ( 1.756407519426223096E-13, 0.000000000000000000, 1.000000000000000000 ) ) ;
#3139 = DIRECTION ( 'NONE',  ( -1.000000000000000000, 0.000000000000000000, 0.000000000000000000 ) ) ;
#3140 = VERTEX_POINT ( 'NONE', #8851 ) ;
#3141 = DIRECTION ( 'NONE',  ( 0.000000000000000000, -0.1842885350503307429, 0.9828721869342945672 ) ) ;
#3142 = ORIENTED_EDGE ( 'NONE', *, *, #7698, .F. ) ;
#3143 = EDGE_LOOP ( 'NONE', ( #325, #3553, #1931, #6400, #4216 ) ) ;
#3144 = LINE ( 'NONE', #6085, #4602 ) ;
#3145 = FACE_OUTER_BOUND ( 'NONE', #8649, .T. ) ;
#3146 = CIRCLE ( 'NONE', #8640, 0.2500000000000412448 ) ;
#3147 = EDGE_CURVE ( 'NONE', #293, #7388, #3066, .T. ) ;
#3148 = DIRECTION ( 'NONE',  ( 0.000000000000000000, -1.000000000000000000, 0.000000000000000000 ) ) ;
#3149 = CARTESIAN_POINT ( 'NONE',  ( -1.519999999999999574, 2.100000000000000977, -0.6499999999999996891 ) ) ;
#3150 = CARTESIAN_POINT ( 'NONE',  ( 3.300000000000492317, 0.6999999999958149699, -2.503151575180020405 ) ) ;
#3151 = LINE ( 'NONE', #1066, #6028 ) ;
#3152 = ORIENTED_EDGE ( 'NONE', *, *, #8204, .F. ) ;
#3153 = AXIS2_PLACEMENT_3D ( 'NONE', #8394, #6833, #8206 ) ;
#3154 = DIRECTION ( 'NONE',  ( -1.000000000000000000, 0.000000000000000000, 0.000000000000000000 ) ) ;
#3155 = ORIENTED_EDGE ( 'NONE', *, *, #6876, .F. ) ;
#3156 = LINE ( 'NONE', #5218, #5983 ) ;
#3157 = ORIENTED_EDGE ( 'NONE', *, *, #1438, .F. ) ;
#3158 = ADVANCED_FACE ( 'NONE', ( #1601 ), #4654, .F. ) ;
#3159 = CARTESIAN_POINT ( 'NONE',  ( 7.347880794884117764E-17, 0.2000000000000000111, 0.5999999999999999778 ) ) ;
#3160 = EDGE_CURVE ( 'NONE', #6812, #6557, #2779, .T. ) ;
#3161 = AXIS2_PLACEMENT_3D ( 'NONE', #1368, #4269, #5079 ) ;
#3162 = CARTESIAN_POINT ( 'NONE',  ( -0.8499999999999999778, 2.419999999999999929, 2.200000000000000178 ) ) ;
#3163 = LINE ( 'NONE', #1793, #3318 ) ;
#3164 = DIRECTION ( 'NONE',  ( 0.000000000000000000, 0.000000000000000000, 1.000000000000000000 ) ) ;
#3165 = CARTESIAN_POINT ( 'NONE',  ( -3.004717869146354747, 2.376613551200786212, -2.477744210507773825 ) ) ;
#3166 = ORIENTED_EDGE ( 'NONE', *, *, #5591, .F. ) ;
#3167 = ORIENTED_EDGE ( 'NONE', *, *, #2100, .F. ) ;
#3168 = CARTESIAN_POINT ( 'NONE',  ( -1.723113446486100209, 2.399999999999999911, -1.850000000000000089 ) ) ;
#3169 = EDGE_LOOP ( 'NONE', ( #5279, #8929, #4341, #2506 ) ) ;
#3171 = VERTEX_POINT ( 'NONE', #7724 ) ;
#3170 = AXIS2_PLACEMENT_3D ( 'NONE', #2251, #7321, #2153 ) ;
#3172 = EDGE_CURVE ( 'NONE', #2490, #7297, #1122, .T. ) ;
#3173 = DIRECTION ( 'NONE',  ( 0.000000000000000000, 0.000000000000000000, -1.000000000000000000 ) ) ;
#3174 = ADVANCED_FACE ( 'NONE', ( #5469, #5560 ), #4028, .F. ) ;
#3175 = DIRECTION ( 'NONE',  ( 0.1238739910702671143, 0.9855013150973946923, 0.1159413311879284036 ) ) ;
#3176 = DIRECTION ( 'NONE',  ( 0.000000000000000000, -1.000000000000000000, 0.000000000000000000 ) ) ;
#3177 = LINE ( 'NONE', #8819, #6648 ) ;
#3178 = EDGE_LOOP ( 'NONE', ( #3667, #464, #7638, #6939 ) ) ;
#3179 = ORIENTED_EDGE ( 'NONE', *, *, #2485, .T. ) ;
#3180 = CARTESIAN_POINT ( 'NONE',  ( 0.3499999999999999778, 0.05000000000000000278, 0.000000000000000000 ) ) ;
#3181 = DIRECTION ( 'NONE',  ( 0.000000000000000000, 0.000000000000000000, 1.000000000000000000 ) ) ;
#3182 = ORIENTED_EDGE ( 'NONE', *, *, #2345, .F. ) ;
#3183 = EDGE_CURVE ( 'NONE', #8485, #1674, #6203, .T. ) ;
#3184 = EDGE_CURVE ( 'NONE', #8175, #4172, #973, .T. ) ;
#3185 = LINE ( 'NONE', #380, #1620 ) ;
#3186 = SHAPE_REPRESENTATION_RELATIONSHIP ( 'NONE' , 'NONE' ,  #813, #6010 ) ;
#3187 = DIRECTION ( 'NONE',  ( 0.000000000000000000, -1.000000000000000000, -6.071532165917839070E-14 ) ) ;
#3188 = ORIENTED_EDGE ( 'NONE', *, *, #7353, .F. ) ;
#3189 = FACE_OUTER_BOUND ( 'NONE', #4597, .T. ) ;
#3190 = VERTEX_POINT ( 'NONE', #8424 ) ;
#3191 = ORIENTED_EDGE ( 'NONE', *, *, #5669, .T. ) ;
#3192 = LINE ( 'NONE', #6894, #487 ) ;
#3193 = CARTESIAN_POINT ( 'NONE',  ( 2.200000000000000178, 0.1499999999999999944, 1.699999999999999956 ) ) ;
#3194 = CARTESIAN_POINT ( 'NONE',  ( 3.248349224309675876, 0.6942430610140194469, -2.638575775177887106 ) ) ;
#3195 = CARTESIAN_POINT ( 'NONE',  ( 2.050000000000000266, 2.419999999999999929, 1.949999999999999956 ) ) ;
#3196 = LINE ( 'NONE', #2488, #8478 ) ;
#3197 = DIRECTION ( 'NONE',  ( 0.000000000000000000, -1.000000000000000000, 0.000000000000000000 ) ) ;
#3198 = ORIENTED_EDGE ( 'NONE', *, *, #6851, .T. ) ;
#3199 = CARTESIAN_POINT ( 'NONE',  ( -0.1499999999999999944, 2.399999999999999911, 1.500000000000000000 ) ) ;
#3200 = ORIENTED_EDGE ( 'NONE', *, *, #3215, .F. ) ;
#3201 = LINE ( 'NONE', #1735, #2009 ) ;
#3202 = EDGE_CURVE ( 'NONE', #7472, #6815, #7005, .T. ) ;
#3203 = EDGE_LOOP ( 'NONE', ( #9169, #3166, #2395, #4307, #5268, #7181 ) ) ;
#3204 = CARTESIAN_POINT ( 'NONE',  ( -0.8400000000000001910, 0.5999999999999870992, -3.160007371274350163 ) ) ;
#3205 = DIRECTION ( 'NONE',  ( 1.000000000000000000, -0.000000000000000000, -0.000000000000000000 ) ) ;
#3206 = CARTESIAN_POINT ( 'NONE',  ( -0.2500000000000000000, 2.419999999999999929, 1.800000000000000266 ) ) ;
#3207 = DIRECTION ( 'NONE',  ( 1.000000000000000000, 0.000000000000000000, 0.000000000000000000 ) ) ;
#3208 = UNCERTAINTY_MEASURE_WITH_UNIT (LENGTH_MEASURE( 1.000000000000000082E-05 ), #4524, 'distance_accuracy_value', 'NONE');
#3209 = DIRECTION ( 'NONE',  ( 1.000000000000000000, 0.000000000000000000, 0.000000000000000000 ) ) ;
#3210 = ORIENTED_EDGE ( 'NONE', *, *, #9015, .T. ) ;
#3211 = ORIENTED_EDGE ( 'NONE', *, *, #6475, .F. ) ;
#3212 = CARTESIAN_POINT ( 'NONE',  ( 2.100000000000000089, 0.8499999999999999778, -2.649999999999999911 ) ) ;
#3213 = VERTEX_POINT ( 'NONE', #8339 ) ;
#3214 = EDGE_CURVE ( 'NONE', #5055, #6788, #1841, .T. ) ;
#3215 = EDGE_CURVE ( 'NONE', #3095, #4519, #3355, .T. ) ;
#3216 = VERTEX_POINT ( 'NONE', #4120 ) ;
#3217 = LINE ( 'NONE', #5376, #1171 ) ;
#3218 = DIRECTION ( 'NONE',  ( -8.548934130055483711E-13, 0.000000000000000000, 1.000000000000000000 ) ) ;
#3219 = EDGE_CURVE ( 'NONE', #6340, #7456, #2041, .T. ) ;
#3220 = CARTESIAN_POINT ( 'NONE',  ( 2.050000000000000266, 2.419999999999999929, 1.800000000000000266 ) ) ;
#3221 = ORIENTED_EDGE ( 'NONE', *, *, #8949, .T. ) ;
#3222 = ORIENTED_EDGE ( 'NONE', *, *, #7263, .T. ) ;
#3223 = AXIS2_PLACEMENT_3D ( 'NONE', #119, #3828, #303 ) ;
#3224 = CARTESIAN_POINT ( 'NONE',  ( -2.109999999999999876, 0.5999999999999870992, -3.160007371274350163 ) ) ;
#3225 = ORIENTED_EDGE ( 'NONE', *, *, #7378, .T. ) ;
#3226 = EDGE_CURVE ( 'NONE', #6509, #4615, #4879, .T. ) ;
#3227 = CIRCLE ( 'NONE', #4907, 0.2500000000000520139 ) ;
#3228 = AXIS2_PLACEMENT_3D ( 'NONE', #2811, #4968, #3581 ) ;
#3229 = LINE ( 'NONE', #287, #6970 ) ;
#3230 = PLANE ( 'NONE',  #2090 ) ;
#3231 = EDGE_CURVE ( 'NONE', #209, #1703, #6781, .T. ) ;
#3232 = CARTESIAN_POINT ( 'NONE',  ( 3.299999999999999822, 2.299999999999999822, -2.411075042537524915 ) ) ;
#3233 = EDGE_LOOP ( 'NONE', ( #2040, #2288, #1181, #9288 ) ) ;
#3234 = AXIS2_PLACEMENT_3D ( 'NONE', #4211, #8558, #5649 ) ;
#3235 = FACE_OUTER_BOUND ( 'NONE', #4794, .T. ) ;
#3236 = ORIENTED_EDGE ( 'NONE', *, *, #4918, .T. ) ;
#3237 = VECTOR ( 'NONE', #9381, 1000.000000000000000 ) ;
#3238 = EDGE_CURVE ( 'NONE', #2266, #1370, #7538, .T. ) ;
#3239 = ORIENTED_EDGE ( 'NONE', *, *, #6345, .T. ) ;
#3240 = CARTESIAN_POINT ( 'NONE',  ( 3.011075042537525004, 2.399999999999999911, -2.158924957462475813 ) ) ;
#3241 = VECTOR ( 'NONE', #7142, 1000.000000000000000 ) ;
#3242 = AXIS2_PLACEMENT_3D ( 'NONE', #7834, #2486, #6896 ) ;
#3243 = FACE_OUTER_BOUND ( 'NONE', #4888, .T. ) ;
#3244 = CARTESIAN_POINT ( 'NONE',  ( 3.244954963079024868, 0.6824058653720789236, -2.644954963079025223 ) ) ;
#3245 = CARTESIAN_POINT ( 'NONE',  ( -1.723113446486100209, 2.419999999999999929, -1.850000000000000089 ) ) ;
#3246 = CARTESIAN_POINT ( 'NONE',  ( -3.062738196636754839, 0.05265041441647716480, 2.462712551241349246 ) ) ;
#3247 = DIRECTION ( 'NONE',  ( 0.000000000000000000, -1.000000000000000000, 0.000000000000000000 ) ) ;
#3248 = ORIENTED_EDGE ( 'NONE', *, *, #2872, .F. ) ;
#3249 = FACE_OUTER_BOUND ( 'NONE', #4511, .T. ) ;
#3250 = ORIENTED_EDGE ( 'NONE', *, *, #1500, .F. ) ;
#3251 = FACE_OUTER_BOUND ( 'NONE', #1853, .T. ) ;
#3252 = AXIS2_PLACEMENT_3D ( 'NONE', #2733, #3586, #2071 ) ;
#3253 = ORIENTED_EDGE ( 'NONE', *, *, #4992, .F. ) ;
#3254 = VECTOR ( 'NONE', #3732, 1000.000000000000000 ) ;
#3255 = DIRECTION ( 'NONE',  ( 0.000000000000000000, 0.000000000000000000, -1.000000000000000000 ) ) ;
#3256 = AXIS2_PLACEMENT_3D ( 'NONE', #2489, #967, #8325 ) ;
#3257 = LINE ( 'NONE', #9099, #5536 ) ;
#3258 = CARTESIAN_POINT ( 'NONE',  ( 2.100000000000000089, -0.1000000000000000056, 4.000000000000000000 ) ) ;
#3259 = ADVANCED_FACE ( 'NONE', ( #6958 ), #6291, .T. ) ;
#3260 = CARTESIAN_POINT ( 'NONE',  ( -3.235470540548374796, 0.6999999999999999556, -2.649999999999999911 ) ) ;
#3261 = AXIS2_PLACEMENT_3D ( 'NONE', #7756, #1200, #4104 ) ;
#3262 = DIRECTION ( 'NONE',  ( -1.000000000000000000, 0.000000000000000000, 0.000000000000000000 ) ) ;
#3263 = ORIENTED_EDGE ( 'NONE', *, *, #4197, .T. ) ;
#3264 = VERTEX_POINT ( 'NONE', #5609 ) ;
#3265 = CARTESIAN_POINT ( 'NONE',  ( -3.283463917694709799, 0.6999999999999999556, 2.599099155916462234 ) ) ;
#3266 = VERTEX_POINT ( 'NONE', #1880 ) ;
#3267 = ORIENTED_EDGE ( 'NONE', *, *, #7838, .F. ) ;
#3268 = AXIS2_PLACEMENT_3D ( 'NONE', #5819, #7306, #3562 ) ;
#3269 = VECTOR ( 'NONE', #2794, 1000.000000000000000 ) ;
#3270 = CARTESIAN_POINT ( 'NONE',  ( -3.070048994552401211, 0.07243626441830008922, -2.470048994552400679 ) ) ;
#3271 = CARTESIAN_POINT ( 'NONE',  ( -2.299999999999999822, 0.1499999999999999944, 2.492290037832664673 ) ) ;
#3272 = EDGE_CURVE ( 'NONE', #7249, #7341, #1930, .T. ) ;
#3273 = EDGE_CURVE ( 'NONE', #6307, #8662, #1261, .T. ) ;
#3274 = FACE_OUTER_BOUND ( 'NONE', #8663, .T. ) ;
#3275 = CARTESIAN_POINT ( 'NONE',  ( -1.375000000000000000, 2.399999999999999911, -1.850000000000000089 ) ) ;
#3276 = ORIENTED_EDGE ( 'NONE', *, *, #1008, .F. ) ;
#3277 = ORIENTED_EDGE ( 'NONE', *, *, #1528, .T. ) ;
#3278 = VECTOR ( 'NONE', #4679, 1000.000000000000000 ) ;
#3279 = CARTESIAN_POINT ( 'NONE',  ( -1.550000000000000266, 2.419999999999999929, 1.949999999999999956 ) ) ;
#3280 = ORIENTED_EDGE ( 'NONE', *, *, #1400, .F. ) ;
#3281 = EDGE_CURVE ( 'NONE', #6490, #3080, #4706, .T. ) ;
#3282 = DIRECTION ( 'NONE',  ( -1.000000000000000000, 0.000000000000000000, 0.000000000000000000 ) ) ;
#3283 = VECTOR ( 'NONE', #2711, 1000.000000000000000 ) ;
#3284 = CARTESIAN_POINT ( 'NONE',  ( -2.224999999999845102, 2.399999999999999911, -2.050000000000154809 ) ) ;
#3285 = EDGE_CURVE ( 'NONE', #1060, #3694, #7102, .T. ) ;
#3286 = ADVANCED_FACE ( 'NONE', ( #1797 ), #1496, .F. ) ;
#3287 = ITEM_DEFINED_TRANSFORMATION ( 'NONE', 'NONE', #8224,  #4988 ) ;
#3288 = CARTESIAN_POINT ( 'NONE',  ( 3.137602408644176055, 0.6999999342408503855, 2.700000007736358398 ) ) ;
#3289 = ORIENTED_EDGE ( 'NONE', *, *, #7160, .F. ) ;
#3290 = ORIENTED_EDGE ( 'NONE', *, *, #327, .T. ) ;
#3291 = AXIS2_PLACEMENT_3D ( 'NONE', #1712, #6841, #330 ) ;
#3292 = DIRECTION ( 'NONE',  ( 0.000000000000000000, 0.000000000000000000, 1.000000000000000000 ) ) ;
#3293 = ADVANCED_FACE ( 'NONE', ( #3449 ), #8613, .T. ) ;
#3294 = ADVANCED_FACE ( 'NONE', ( #2116 ), #7995, .T. ) ;
#3295 = VECTOR ( 'NONE', #4311, 1000.000000000000000 ) ;
#3296 = CYLINDRICAL_SURFACE ( 'NONE', #137, 0.2500000000000405787 ) ;
#3297 = DIRECTION ( 'NONE',  ( 0.000000000000000000, 0.000000000000000000, 1.000000000000000000 ) ) ;
#3298 = FACE_OUTER_BOUND ( 'NONE', #4668, .T. ) ;
#3299 = ORIENTED_EDGE ( 'NONE', *, *, #136, .T. ) ;
#3300 = CARTESIAN_POINT ( 'NONE',  ( 0.2758503961844278596, 0.5758503961844315677, 0.000000000000000000 ) ) ;
#3301 = ORIENTED_EDGE ( 'NONE', *, *, #703, .F. ) ;
#3302 = DIRECTION ( 'NONE',  ( 0.000000000000000000, -0.9612616959383235571, 0.2756373558169826210 ) ) ;
#3303 = ORIENTED_EDGE ( 'NONE', *, *, #45, .T. ) ;
#3304 = AXIS2_PLACEMENT_3D ( 'NONE', #2293, #4486, #4768 ) ;
#3305 = CYLINDRICAL_SURFACE ( 'NONE', #9266, 0.1000000000000202116 ) ;
#3306 = DIRECTION ( 'NONE',  ( -1.000000000000000000, 0.000000000000000000, 0.000000000000000000 ) ) ;
#3307 = CARTESIAN_POINT ( 'NONE',  ( -3.244954963079024868, 0.6824058653720780354, -2.644954963079025223 ) ) ;
#3308 = AXIS2_PLACEMENT_3D ( 'NONE', #1385, #7892, #7131 ) ;
#3309 = DIRECTION ( 'NONE',  ( 0.000000000000000000, -1.000000000000000000, 0.000000000000000000 ) ) ;
#3310 = CIRCLE ( 'NONE', #4233, 0.1000000000000174083 ) ;
#3311 = UNCERTAINTY_MEASURE_WITH_UNIT (LENGTH_MEASURE( 1.000000000000000082E-05 ), #9215, 'distance_accuracy_value', 'NONE');
#3312 = CARTESIAN_POINT ( 'NONE',  ( -2.109999999999999876, 0.1500000000000140388, -3.600481571814050152 ) ) ;
#3313 = ORIENTED_EDGE ( 'NONE', *, *, #7738, .F. ) ;
#3314 = ORIENTED_EDGE ( 'NONE', *, *, #7223, .F. ) ;
#3315 = DIRECTION ( 'NONE',  ( 0.000000000000000000, 0.000000000000000000, 1.000000000000000000 ) ) ;
#3316 = VERTEX_POINT ( 'NONE', #6532 ) ;
#3317 = ORIENTED_EDGE ( 'NONE', *, *, #3800, .F. ) ;
#3318 = VECTOR ( 'NONE', #8144, 1000.000000000000000 ) ;
#3319 = DIRECTION ( 'NONE',  ( 0.000000000000000000, 0.000000000000000000, -1.000000000000000000 ) ) ;
#3320 = LINE ( 'NONE', #8480, #8503 ) ;
#3321 = CARTESIAN_POINT ( 'NONE',  ( -1.392537410341699866, 2.419999999999999929, -2.250000000000000444 ) ) ;
#3322 = CARTESIAN_POINT ( 'NONE',  ( 3.011075042537500135, 2.399999999999999911, 2.411075042537500046 ) ) ;
#3323 = VERTEX_POINT ( 'NONE', #7282 ) ;
#3324 = VERTEX_POINT ( 'NONE', #7323 ) ;
#3325 = AXIS2_PLACEMENT_3D ( 'NONE', #8559, #2020, #4212 ) ;
#3326 = DIRECTION ( 'NONE',  ( 0.000000000000000000, 0.000000000000000000, -1.000000000000000000 ) ) ;
#3327 = ORIENTED_EDGE ( 'NONE', *, *, #7628, .F. ) ;
#3328 = ADVANCED_FACE ( 'NONE', ( #4980 ), #1356, .F. ) ;
#3329 = AXIS2_PLACEMENT_3D ( 'NONE', #2770, #5699, #8080 ) ;
#3330 = FACE_OUTER_BOUND ( 'NONE', #9024, .T. ) ;
#3331 = CARTESIAN_POINT ( 'NONE',  ( 3.238706497665370332, 0.6942386987154663958, -2.648347973440694059 ) ) ;
#3332 = CARTESIAN_POINT ( 'NONE',  ( -2.109999999999999876, 0.6184288535050199709, -3.258294589967800636 ) ) ;
#3333 = ORIENTED_EDGE ( 'NONE', *, *, #482, .T. ) ;
#3334 = VERTEX_POINT ( 'NONE', #6433 ) ;
#3335 = EDGE_CURVE ( 'NONE', #1090, #691, #9335, .T. ) ;
#3336 = ADVANCED_FACE ( 'NONE', ( #4352 ), #5701, .T. ) ;
#3337 = CARTESIAN_POINT ( 'NONE',  ( -0.2499999999999925338, 0.05000000000000004441, 0.1000000000000075967 ) ) ;
#3338 = CARTESIAN_POINT ( 'NONE',  ( -3.245484997693949936, 0.6842543157438939483, 2.645484997693944962 ) ) ;
#3339 = CARTESIAN_POINT ( 'NONE',  ( -2.973922824958600053, 1.355252715606880049E-16, -2.373922824958600408 ) ) ;
#3340 = EDGE_CURVE ( 'NONE', #4078, #3989, #6575, .T. ) ;
#3341 = CYLINDRICAL_SURFACE ( 'NONE', #3736, 0.04999999999999991257 ) ;
#3342 = CARTESIAN_POINT ( 'NONE',  ( -0.8400000000000001910, 0.5999999999999480194, -3.160007371274379917 ) ) ;
#3343 = ORIENTED_EDGE ( 'NONE', *, *, #9045, .T. ) ;
#3344 = DIRECTION ( 'NONE',  ( -1.000000000000000000, 0.000000000000000000, 0.000000000000000000 ) ) ;
#3345 = DIRECTION ( 'NONE',  ( 0.000000000000000000, -1.000000000000000000, 0.000000000000000000 ) ) ;
#3346 = ORIENTED_EDGE ( 'NONE', *, *, #5681, .T. ) ;
#3347 = DIRECTION ( 'NONE',  ( 0.000000000000000000, 0.000000000000000000, 1.000000000000000000 ) ) ;
#3348 = EDGE_LOOP ( 'NONE', ( #2365, #6960, #8674, #7895, #1424, #2084, #2909, #7299, #7828, #5071 ) ) ;
#3349 = EDGE_CURVE ( 'NONE', #2375, #7136, #3538, .T. ) ;
#3350 = CARTESIAN_POINT ( 'NONE',  ( -3.248349224309639460, 0.6942430610138947689, -2.638575775177957272 ) ) ;
#3351 = CARTESIAN_POINT ( 'NONE',  ( -0.4400000000000000022, -0.1000000000000000056, -3.600481571814099890 ) ) ;
#3352 = LINE ( 'NONE', #6955, #3394 ) ;
#3353 = LINE ( 'NONE', #2639, #6249 ) ;
#3354 = CARTESIAN_POINT ( 'NONE',  ( 3.162060879958120019, 0.1607709053698669899, -2.564261160066580114 ) ) ;
#3355 = LINE ( 'NONE', #2690, #5077 ) ;
#3356 = ADVANCED_FACE ( 'NONE', ( #1398 ), #8561, .T. ) ;
#3357 = VERTEX_POINT ( 'NONE', #8041 ) ;
#3358 = VERTEX_POINT ( 'NONE', #5120 ) ;
#3359 = DIRECTION ( 'NONE',  ( 1.000000000000000000, 0.000000000000000000, 0.000000000000000000 ) ) ;
#3360 = ORIENTED_EDGE ( 'NONE', *, *, #555, .T. ) ;
#3361 = ORIENTED_EDGE ( 'NONE', *, *, #3349, .T. ) ;
#3362 = FACE_OUTER_BOUND ( 'NONE', #1788, .T. ) ;
#3363 = DIRECTION ( 'NONE',  ( -1.000000000000000000, 0.000000000000000000, 0.000000000000000000 ) ) ;
#3364 = PLANE ( 'NONE',  #4905 ) ;
#3365 = DIRECTION ( 'NONE',  ( -1.000000000000000000, 0.000000000000000000, 0.000000000000000000 ) ) ;
#3366 = ORIENTED_EDGE ( 'NONE', *, *, #5729, .F. ) ;
#3367 = ORIENTED_EDGE ( 'NONE', *, *, #2902, .F. ) ;
#3368 = CARTESIAN_POINT ( 'NONE',  ( -0.4400000000000000022, 0.1039278662374499979, 3.354763525080500131 ) ) ;
#3369 = ORIENTED_EDGE ( 'NONE', *, *, #6929, .T. ) ;
#3370 = CARTESIAN_POINT ( 'NONE',  ( 1.949999999999999956, 2.419999999999999929, 2.149999999999999911 ) ) ;
#3371 = DIRECTION ( 'NONE',  ( 0.000000000000000000, 1.000000000000000000, 0.000000000000000000 ) ) ;
#3372 = CYLINDRICAL_SURFACE ( 'NONE', #7907, 0.1000000000000228206 ) ;
#3373 = VECTOR ( 'NONE', #7522, 1000.000000000000000 ) ;
#3374 = DIRECTION ( 'NONE',  ( 1.000000000000000000, 0.000000000000000000, 0.000000000000000000 ) ) ;
#3375 = ADVANCED_FACE ( 'NONE', ( #4395 ), #2821, .F. ) ;
#3376 = VERTEX_POINT ( 'NONE', #5748 ) ;
#3377 = CARTESIAN_POINT ( 'NONE',  ( 3.299999999999999822, 0.6999999999999999556, 2.850000000000000089 ) ) ;
#3378 = CIRCLE ( 'NONE', #208, 0.09999999999984587884 ) ;
#3379 = VECTOR ( 'NONE', #7942, 1000.000000000000000 ) ;
#3380 = AXIS2_PLACEMENT_3D ( 'NONE', #7535, #1205, #3935 ) ;
#3381 = LINE ( 'NONE', #5593, #7466 ) ;
#3382 = EDGE_CURVE ( 'NONE', #5474, #7648, #8659, .T. ) ;
#3383 = VECTOR ( 'NONE', #265, 1000.000000000000000 ) ;
#3384 = EDGE_CURVE ( 'NONE', #9434, #1692, #687, .T. ) ;
#3385 = LINE ( 'NONE', #6946, #4019 ) ;
#3386 = DIRECTION ( 'NONE',  ( -1.000000000000000000, 0.000000000000000000, 0.000000000000000000 ) ) ;
#3387 = ORIENTED_EDGE ( 'NONE', *, *, #1381, .F. ) ;
#3388 = DIRECTION ( 'NONE',  ( -1.000000000000000000, 0.000000000000000000, 0.000000000000000000 ) ) ;
#3389 = DIRECTION ( 'NONE',  ( 0.000000000000000000, -0.9828721869343458595, 0.1842885350500573227 ) ) ;
#3390 = EDGE_LOOP ( 'NONE', ( #1091, #8625, #2026, #9438, #3849, #8553 ) ) ;
#3391 = DIRECTION ( 'NONE',  ( 0.000000000000000000, 0.000000000000000000, 1.000000000000000000 ) ) ;
#3392 = EDGE_LOOP ( 'NONE', ( #2000, #7545, #3299, #5412 ) ) ;
#3393 = LINE ( 'NONE', #9233, #1465 ) ;
#3394 = VECTOR ( 'NONE', #6907, 1000.000000000000114 ) ;
#3395 = AXIS2_PLACEMENT_3D ( 'NONE', #1955, #1288, #4635 ) ;
#3396 = ADVANCED_FACE ( 'NONE', ( #591 ), #919, .F. ) ;
#3397 = DIRECTION ( 'NONE',  ( 0.000000000000000000, -1.000000000000000000, 0.000000000000000000 ) ) ;
#3398 = DIRECTION ( 'NONE',  ( 0.000000000000000000, -1.000000000000000000, 0.000000000000000000 ) ) ;
#3399 = CARTESIAN_POINT ( 'NONE',  ( -0.9499999999999999556, 1.750000000000000000, -0.6500000000000001332 ) ) ;
#3400 = EDGE_CURVE ( 'NONE', #5980, #4482, #6810, .T. ) ;
#3401 = CARTESIAN_POINT ( 'NONE',  ( 1.699999999999999956, -0.1000000000000000056, 4.000000000000000000 ) ) ;
#3402 = CARTESIAN_POINT ( 'NONE',  ( 2.758924957462475014, 2.399999999999999911, -2.411075042537500046 ) ) ;
#3403 = AXIS2_PLACEMENT_3D ( 'NONE', #2216, #5857, #8756 ) ;
#3404 = ORIENTED_EDGE ( 'NONE', *, *, #45, .F. ) ;
#3405 = ORIENTED_EDGE ( 'NONE', *, *, #5454, .T. ) ;
#3406 = VECTOR ( 'NONE', #3507, 1000.000000000000000 ) ;
#3407 = DIRECTION ( 'NONE',  ( 0.000000000000000000, 0.000000000000000000, -1.000000000000000000 ) ) ;
#3408 = ORIENTED_EDGE ( 'NONE', *, *, #5554, .F. ) ;
#3409 = ORIENTED_EDGE ( 'NONE', *, *, #5085, .F. ) ;
#3410 = EDGE_CURVE ( 'NONE', #2049, #1980, #8794, .T. ) ;
#3411 = VECTOR ( 'NONE', #6667, 1000.000000000000000 ) ;
#3412 = DIRECTION ( 'NONE',  ( 0.000000000000000000, 0.000000000000000000, 1.000000000000000000 ) ) ;
#3413 = AXIS2_PLACEMENT_3D ( 'NONE', #8601, #2148, #538 ) ;
#3414 = CARTESIAN_POINT ( 'NONE',  ( 3.237106939925070037, 0.6999999999999999556, 2.649999999999999911 ) ) ;
#3415 = EDGE_CURVE ( 'NONE', #4250, #3080, #8888, .T. ) ;
#3416 = CARTESIAN_POINT ( 'NONE',  ( -0.8400000000000001910, 0.6460721337625500160, 3.405725418007999661 ) ) ;
#3417 = LINE ( 'NONE', #9009, #2672 ) ;
#3418 = ORIENTED_EDGE ( 'NONE', *, *, #1609, .F. ) ;
#3419 = ORIENTED_EDGE ( 'NONE', *, *, #2747, .T. ) ;
#3420 = LINE ( 'NONE', #1276, #6782 ) ;
#3421 = ORIENTED_EDGE ( 'NONE', *, *, #7607, .T. ) ;
#3422 = VECTOR ( 'NONE', #6238, 1000.000000000000000 ) ;
#3423 = ORIENTED_EDGE ( 'NONE', *, *, #8078, .T. ) ;
#3424 = DIRECTION ( 'NONE',  ( 0.000000000000000000, 0.000000000000000000, 1.000000000000000000 ) ) ;
#3425 = PLANE ( 'NONE',  #7735 ) ;
#3426 = LINE ( 'NONE', #4857, #122 ) ;
#3427 = DIRECTION ( 'NONE',  ( -1.000000000000000000, 0.000000000000000000, 0.000000000000000000 ) ) ;
#3428 = CARTESIAN_POINT ( 'NONE',  ( 2.100000000000000089, 0.05000000000000000278, 4.000000000000000000 ) ) ;
#3429 = VERTEX_POINT ( 'NONE', #868 ) ;
#3430 = VERTEX_POINT ( 'NONE', #2958 ) ;
#3431 = DIRECTION ( 'NONE',  ( 0.000000000000000000, 0.000000000000000000, -1.000000000000000000 ) ) ;
#3432 = AXIS2_PLACEMENT_3D ( 'NONE', #509, #3988, #4717 ) ;
#3433 = EDGE_CURVE ( 'NONE', #7705, #1821, #8985, .T. ) ;
#3434 = CARTESIAN_POINT ( 'NONE',  ( -0.4400000000000000022, 0.1315711464949800014, -3.502194353120600123 ) ) ;
#3435 = AXIS2_PLACEMENT_3D ( 'NONE', #7065, #8536, #3424 ) ;
#3436 = DIRECTION ( 'NONE',  ( 0.000000000000000000, 0.000000000000000000, -1.000000000000000000 ) ) ;
#3437 = ORIENTED_EDGE ( 'NONE', *, *, #2237, .T. ) ;
#3438 = CARTESIAN_POINT ( 'NONE',  ( 2.100000000000000089, 0.5999999999999870992, -3.160007371274350163 ) ) ;
#3439 = DIRECTION ( 'NONE',  ( 6.949735925636902920E-13, 0.000000000000000000, -1.000000000000000000 ) ) ;
#3440 = ORIENTED_EDGE ( 'NONE', *, *, #9435, .F. ) ;
#3441 = CYLINDRICAL_SURFACE ( 'NONE', #8718, 0.09999999999984543475 ) ;
#3442 = ORIENTED_EDGE ( 'NONE', *, *, #6124, .T. ) ;
#3443 = EDGE_CURVE ( 'NONE', #452, #2693, #5989, .T. ) ;
#3444 = AXIS2_PLACEMENT_3D ( 'NONE', #8976, #9212, #6408 ) ;
#3445 = LINE ( 'NONE', #6382, #1176 ) ;
#3446 = CARTESIAN_POINT ( 'NONE',  ( -3.135292069141179638, 2.100000230693639836, 2.338816029967465848 ) ) ;
#3447 = DIRECTION ( 'NONE',  ( 0.000000000000000000, -1.000000000000000000, 0.000000000000000000 ) ) ;
#3448 = LINE ( 'NONE', #3537, #800 ) ;
#3449 = FACE_OUTER_BOUND ( 'NONE', #3978, .T. ) ;
#3450 = DIRECTION ( 'NONE',  ( -1.000000000000000000, 0.000000000000000000, 0.000000000000000000 ) ) ;
#3451 = EDGE_LOOP ( 'NONE', ( #6579, #2922, #8201, #6023 ) ) ;
#3452 = ORIENTED_EDGE ( 'NONE', *, *, #4935, .F. ) ;
#3453 = VECTOR ( 'NONE', #6736, 1000.000000000000000 ) ;
#3454 = CARTESIAN_POINT ( 'NONE',  ( -1.709999999999999964, -0.1000000000000000056, 4.000000000000000000 ) ) ;
#3455 = EDGE_LOOP ( 'NONE', ( #8317, #9117, #6766, #1910 ) ) ;
#3456 = ORIENTED_EDGE ( 'NONE', *, *, #7443, .T. ) ;
#3457 = EDGE_CURVE ( 'NONE', #8757, #2157, #7422, .T. ) ;
#3458 = EDGE_CURVE ( 'NONE', #4172, #8989, #1535, .T. ) ;
#3459 = DIRECTION ( 'NONE',  ( -1.000000000000000000, 0.000000000000000000, 0.000000000000000000 ) ) ;
#3460 = VECTOR ( 'NONE', #355, 1000.000000000000000 ) ;
#3461 = CARTESIAN_POINT ( 'NONE',  ( 0.8299999999999999600, 0.5999999999999870992, -3.160007371274350163 ) ) ;
#3462 = DIRECTION ( 'NONE',  ( -0.9486832980505137680, -0.3162277660168379967, 0.000000000000000000 ) ) ;
#3463 = CARTESIAN_POINT ( 'NONE',  ( -0.8400000000000001910, 0.1039278662374499979, -3.354763525080500131 ) ) ;
#3464 = VERTEX_POINT ( 'NONE', #8940 ) ;
#3465 = VERTEX_POINT ( 'NONE', #3823 ) ;
#3466 = FACE_OUTER_BOUND ( 'NONE', #6064, .T. ) ;
#3467 = ORIENTED_EDGE ( 'NONE', *, *, #8025, .T. ) ;
#3468 = B_SPLINE_CURVE_WITH_KNOTS ( 'NONE', 3,
 ( #2362, #881, #3022, #5367, #3068, #8997, #6680, #3165, #5953, #8095 ),
 .UNSPECIFIED., .F., .F.,
 ( 4, 2, 2, 2, 4 ),
 ( 0.000000000000000000, 0.02077779833828786310, 0.04155559667657572620, 0.08311119335315178547, 0.1662223867063042371 ),
 .UNSPECIFIED. ) ;
#3470 = ORIENTED_EDGE ( 'NONE', *, *, #7512, .F. ) ;
#3469 = VECTOR ( 'NONE', #7164, 1000.000000000000000 ) ;
#3471 = CARTESIAN_POINT ( 'NONE',  ( 2.050000000000000266, 2.419999999999999929, 1.850000000000000089 ) ) ;
#3472 = CARTESIAN_POINT ( 'NONE',  ( 0.3499999999999999778, 0.05000000000000000278, 0.6500000000000001332 ) ) ;
#3473 = CIRCLE ( 'NONE', #9131, 0.09999999999984500454 ) ;
#3474 = CARTESIAN_POINT ( 'NONE',  ( -0.3207106781186490063, 0.6207106781186489952, 0.02928932188134280093 ) ) ;
#3475 = PLANE ( 'NONE',  #6931 ) ;
#3476 = EDGE_CURVE ( 'NONE', #1509, #4319, #2347, .T. ) ;
#3477 = ORIENTED_EDGE ( 'NONE', *, *, #5691, .T. ) ;
#3478 = CARTESIAN_POINT ( 'NONE',  ( 1.699999999999999956, 0.8499999999999999778, -3.160007371274399901 ) ) ;
#3479 = CARTESIAN_POINT ( 'NONE',  ( 3.237106939925070037, 0.6999999999999999556, 2.649999999999999911 ) ) ;
#3480 = LINE ( 'NONE', #1336, #7291 ) ;
#3481 = LINE ( 'NONE', #7936, #4027 ) ;
#3482 = DIRECTION ( 'NONE',  ( 0.000000000000000000, -1.000000000000000000, 0.000000000000000000 ) ) ;
#3483 = VERTEX_POINT ( 'NONE', #161 ) ;
#3484 = FACE_OUTER_BOUND ( 'NONE', #152, .T. ) ;
#3485 = ORIENTED_EDGE ( 'NONE', *, *, #9427, .F. ) ;
#3486 = CARTESIAN_POINT ( 'NONE',  ( -2.225000000000035172, 2.419999999999999929, -2.049999999999969624 ) ) ;
#3487 = ORIENTED_EDGE ( 'NONE', *, *, #3820, .F. ) ;
#3488 = DIRECTION ( 'NONE',  ( 0.000000000000000000, -1.000000000000000000, 0.000000000000000000 ) ) ;
#3489 = CARTESIAN_POINT ( 'NONE',  ( 1.699999999999999956, 0.6999999999999999556, 3.160007371274399901 ) ) ;
#3490 = CARTESIAN_POINT ( 'NONE',  ( 0.8299999999999999600, 0.5999999999999480194, 3.160007371274379917 ) ) ;
#3491 = CYLINDRICAL_SURFACE ( 'NONE', #4773, 0.2000000000000000944 ) ;
#3492 = DIRECTION ( 'NONE',  ( 0.000000000000000000, 0.000000000000000000, 1.000000000000000000 ) ) ;
#3493 = CARTESIAN_POINT ( 'NONE',  ( -1.709999999999999964, 0.04999999999999400063, -4.000000000000000000 ) ) ;
#3494 = ORIENTED_EDGE ( 'NONE', *, *, #5381, .F. ) ;
#3495 = ADVANCED_FACE ( 'NONE', ( #1634 ), #3053, .T. ) ;
#3496 = VERTEX_POINT ( 'NONE', #8180 ) ;
#3497 = CARTESIAN_POINT ( 'NONE',  ( -2.109999999999999876, 0.7000000000000099476, -3.160007371274399901 ) ) ;
#3498 = ORIENTED_EDGE ( 'NONE', *, *, #6453, .T. ) ;
#3499 = ORIENTED_EDGE ( 'NONE', *, *, #4368, .F. ) ;
#3500 = DIRECTION ( 'NONE',  ( 0.000000000000000000, 0.000000000000000000, -1.000000000000000000 ) ) ;
#3501 = DIRECTION ( 'NONE',  ( 0.000000000000000000, -1.000000000000000000, 0.000000000000000000 ) ) ;
#3502 = DIRECTION ( 'NONE',  ( 0.3162277660168379967, -0.9486832980505137680, 0.000000000000000000 ) ) ;
#3503 = ORIENTED_EDGE ( 'NONE', *, *, #7288, .T. ) ;
#3504 = EDGE_CURVE ( 'NONE', #3140, #5142, #5896, .T. ) ;
#3505 = ORIENTED_EDGE ( 'NONE', *, *, #557, .T. ) ;
#3506 = EDGE_CURVE ( 'NONE', #4134, #9434, #1434, .T. ) ;
#3507 = DIRECTION ( 'NONE',  ( 0.000000000000000000, 0.000000000000000000, -1.000000000000000000 ) ) ;
#3508 = EDGE_LOOP ( 'NONE', ( #7795, #5082, #6374 ) ) ;
#3509 = ORIENTED_EDGE ( 'NONE', *, *, #1839, .F. ) ;
#3510 = CARTESIAN_POINT ( 'NONE',  ( -2.200000000000155609, 0.1499999999999999944, 1.799999999999844835 ) ) ;
#3511 = EDGE_CURVE ( 'NONE', #2478, #3213, #5166, .T. ) ;
#3512 = DIRECTION ( 'NONE',  ( 0.000000000000000000, 0.000000000000000000, -1.000000000000000000 ) ) ;
#3513 = FACE_OUTER_BOUND ( 'NONE', #5113, .T. ) ;
#3514 = ORIENTED_EDGE ( 'NONE', *, *, #9017, .T. ) ;
#3515 = EDGE_CURVE ( 'NONE', #2586, #2436, #4542, .T. ) ;
#3516 = ORIENTED_EDGE ( 'NONE', *, *, #8824, .T. ) ;
#3517 = LINE ( 'NONE', #7837, #3675 ) ;
#3518 = CARTESIAN_POINT ( 'NONE',  ( 0.4299999999999999933, 0.8499999999999999778, -3.160007371274399901 ) ) ;
#3519 = B_SPLINE_CURVE_WITH_KNOTS ( 'NONE', 3,
 ( #368, #3941, #1658, #3128 ),
 .UNSPECIFIED., .F., .F.,
 ( 4, 4 ),
 ( 1.248040815111250090, 1.570796326794971387 ),
 .UNSPECIFIED. ) ;
#3520 = VECTOR ( 'NONE', #4286, 1000.000000000000000 ) ;
#3521 = EDGE_CURVE ( 'NONE', #5460, #3190, #114, .T. ) ;
#3522 = DIRECTION ( 'NONE',  ( 0.000000000000000000, 0.000000000000000000, 1.000000000000000000 ) ) ;
#3523 = CARTESIAN_POINT ( 'NONE',  ( 0.4000000000000000222, 2.399999999999999911, 2.200000000000000178 ) ) ;
#3524 = EDGE_CURVE ( 'NONE', #9245, #1969, #6760, .T. ) ;
#3525 = DIRECTION ( 'NONE',  ( 1.548240702311693420E-12, 0.000000000000000000, -1.000000000000000000 ) ) ;
#3526 = CARTESIAN_POINT ( 'NONE',  ( 2.000000000000000000, 2.419999999999999929, 1.750000000000000222 ) ) ;
#3527 = ORIENTED_EDGE ( 'NONE', *, *, #2292, .F. ) ;
#3528 = LINE ( 'NONE', #9320, #1743 ) ;
#3529 = ORIENTED_EDGE ( 'NONE', *, *, #7847, .T. ) ;
#3530 = DIRECTION ( 'NONE',  ( 0.000000000000000000, 0.000000000000000000, -1.000000000000000000 ) ) ;
#3531 = ORIENTED_EDGE ( 'NONE', *, *, #2872, .T. ) ;
#3532 = CIRCLE ( 'NONE', #2166, 0.1000000000000198508 ) ;
#3533 = VECTOR ( 'NONE', #6497, 1000.000000000000000 ) ;
#3534 = LINE ( 'NONE', #2816, #716 ) ;
#3535 = LINE ( 'NONE', #9379, #6476 ) ;
#3536 = CARTESIAN_POINT ( 'NONE',  ( -1.709999999999999964, 0.7000000000000099476, -2.600000000000000533 ) ) ;
#3537 = CARTESIAN_POINT ( 'NONE',  ( -1.709999999999999964, 0.7000000000000099476, -3.160007371274399901 ) ) ;
#3538 = LINE ( 'NONE', #7947, #2788 ) ;
#3539 = VERTEX_POINT ( 'NONE', #2440 ) ;
#3540 = EDGE_LOOP ( 'NONE', ( #350, #4217, #7307, #56 ) ) ;
#3541 = CARTESIAN_POINT ( 'NONE',  ( -3.014225735954850993, 2.100000000000000089, 2.528172231968421446 ) ) ;
#3542 = VERTEX_POINT ( 'NONE', #8272 ) ;
#3543 = VECTOR ( 'NONE', #927, 1000.000000000000000 ) ;
#3544 = VECTOR ( 'NONE', #4259, 1000.000000000000000 ) ;
#3545 = ORIENTED_EDGE ( 'NONE', *, *, #2925, .T. ) ;
#3546 = DIRECTION ( 'NONE',  ( -1.000000000000000000, 0.000000000000000000, 0.000000000000000000 ) ) ;
#3547 = CYLINDRICAL_SURFACE ( 'NONE', #5003, 0.05000000000000012768 ) ;
#3548 = VECTOR ( 'NONE', #3611, 1000.000000000000000 ) ;
#3549 = ORIENTED_EDGE ( 'NONE', *, *, #5669, .F. ) ;
#3550 = ORIENTED_EDGE ( 'NONE', *, *, #96, .F. ) ;
#3551 = DIRECTION ( 'NONE',  ( 0.000000000000000000, 0.1842885350502414255, -0.9828721869343114426 ) ) ;
#3552 = ORIENTED_EDGE ( 'NONE', *, *, #6392, .F. ) ;
#3553 = ORIENTED_EDGE ( 'NONE', *, *, #8790, .F. ) ;
#3554 = VECTOR ( 'NONE', #6666, 1000.000000000000000 ) ;
#3555 = EDGE_CURVE ( 'NONE', #3171, #2985, #1729, .T. ) ;
#3556 = CARTESIAN_POINT ( 'NONE',  ( -1.550000000000000266, 2.399999999999999911, 1.949999999999999956 ) ) ;
#3557 = DIRECTION ( 'NONE',  ( 0.6018150231527289451, 0.000000000000000000, 0.7986355100467799062 ) ) ;
#3558 = VECTOR ( 'NONE', #364, 1000.000000000000000 ) ;
#3559 = FACE_OUTER_BOUND ( 'NONE', #3125, .T. ) ;
#3560 = ORIENTED_EDGE ( 'NONE', *, *, #158, .T. ) ;
#3561 = VECTOR ( 'NONE', #5831, 1000.000000000000114 ) ;
#3562 = DIRECTION ( 'NONE',  ( 0.000000000000000000, 0.000000000000000000, 1.000000000000000000 ) ) ;
#3563 = EDGE_LOOP ( 'NONE', ( #2776, #1417, #2064, #462, #2182, #6093 ) ) ;
#3564 = DIRECTION ( 'NONE',  ( 0.000000000000000000, -1.000000000000000000, 0.000000000000000000 ) ) ;
#3565 = CARTESIAN_POINT ( 'NONE',  ( 2.250000000000000444, 2.419999999999999929, 1.850000000000000089 ) ) ;
#3566 = CIRCLE ( 'NONE', #7711, 0.2000000000000326239 ) ;
#3567 = ADVANCED_FACE ( 'NONE', ( #2296 ), #5212, .T. ) ;
#3568 = EDGE_CURVE ( 'NONE', #6788, #9448, #3385, .T. ) ;
#3569 = DIRECTION ( 'NONE',  ( -1.000000000000000000, 0.000000000000000000, 0.000000000000000000 ) ) ;
#3570 = AXIS2_PLACEMENT_3D ( 'NONE', #7258, #4191, #2750 ) ;
#3571 = CARTESIAN_POINT ( 'NONE',  ( 3.235470540548374796, 0.6999999999999999556, -2.649999999999999911 ) ) ;
#3572 = LINE ( 'NONE', #4959, #4175 ) ;
#3573 = DIRECTION ( 'NONE',  ( -1.000000000000000000, 0.000000000000000000, 0.000000000000000000 ) ) ;
#3574 = DIRECTION ( 'NONE',  ( 0.000000000000000000, 1.000000000000000000, 0.000000000000000000 ) ) ;
#3575 = VERTEX_POINT ( 'NONE', #3195 ) ;
#3576 = CARTESIAN_POINT ( 'NONE',  ( 2.000000000000000000, 2.419999999999999929, 1.750000000000000222 ) ) ;
#3577 = VECTOR ( 'NONE', #323, 1000.000000000000000 ) ;
#3578 = DIRECTION ( 'NONE',  ( -0.000000000000000000, 1.000000000000000000, -0.000000000000000000 ) ) ;
#3579 = ORIENTED_EDGE ( 'NONE', *, *, #608, .T. ) ;
#3580 = ADVANCED_FACE ( 'NONE', ( #9032 ), #435, .F. ) ;
#3581 = DIRECTION ( 'NONE',  ( -1.000000000000000000, 0.000000000000000000, 0.000000000000000000 ) ) ;
#3582 = EDGE_CURVE ( 'NONE', #8210, #4482, #2487, .T. ) ;
#3583 = PLANE ( 'NONE',  #2549 ) ;
#3584 = DIRECTION ( 'NONE',  ( 0.000000000000000000, 0.000000000000000000, 1.000000000000000000 ) ) ;
#3585 = PLANE ( 'NONE',  #7767 ) ;
#3586 = DIRECTION ( 'NONE',  ( 0.000000000000000000, 0.000000000000000000, 1.000000000000000000 ) ) ;
#3587 = CARTESIAN_POINT ( 'NONE',  ( 0.3499999999999999778, 0.000000000000000000, 0.000000000000000000 ) ) ;
#3588 = ORIENTED_EDGE ( 'NONE', *, *, #70, .F. ) ;
#3589 = DIRECTION ( 'NONE',  ( 1.000000000000000000, -0.000000000000000000, -0.000000000000000000 ) ) ;
#3590 = ORIENTED_EDGE ( 'NONE', *, *, #5800, .T. ) ;
#3591 = EDGE_LOOP ( 'NONE', ( #6439, #820, #7679, #2705 ) ) ;
#3592 = VECTOR ( 'NONE', #4674, 1000.000000000000000 ) ;
#3593 = B_SPLINE_CURVE_WITH_KNOTS ( 'NONE', 3,
 ( #7034, #346, #3246, #5455, #6856, #2057, #1344, #6523 ),
 .UNSPECIFIED., .F., .F.,
 ( 4, 2, 2, 4 ),
 ( 0.2792722635014345811, 0.6021532793248016713, 0.9250342951481687059, 1.570796326794896558 ),
 .UNSPECIFIED. ) ;
#3594 = EDGE_CURVE ( 'NONE', #1810, #452, #1354, .T. ) ;
#3595 = LINE ( 'NONE', #6582, #3295 ) ;
#3596 = LINE ( 'NONE', #5803, #8124 ) ;
#3597 = DIRECTION ( 'NONE',  ( 0.000000000000000000, 1.000000000000000000, 7.979727989491668017E-14 ) ) ;
#3598 = VECTOR ( 'NONE', #5902, 1000.000000000000000 ) ;
#3599 = ORIENTED_EDGE ( 'NONE', *, *, #4288, .F. ) ;
#3600 = ORIENTED_EDGE ( 'NONE', *, *, #7974, .T. ) ;
#3601 = CARTESIAN_POINT ( 'NONE',  ( -0.4400000000000000022, 0.1039278662374499979, 3.354763525080500131 ) ) ;
#3602 = VERTEX_POINT ( 'NONE', #9135 ) ;
#3603 = VERTEX_POINT ( 'NONE', #6992 ) ;
#3604 = VECTOR ( 'NONE', #6269, 1000.000000000000000 ) ;
#3605 = CARTESIAN_POINT ( 'NONE',  ( 2.050000000000000266, 2.419999999999999929, 2.149999999999999911 ) ) ;
#3606 = PLANE ( 'NONE',  #4529 ) ;
#3607 = B_SPLINE_CURVE_WITH_KNOTS ( 'NONE', 3,
 ( #3655, #2933, #5871, #4899, #8584, #7884, #1334, #660 ),
 .UNSPECIFIED., .F., .F.,
 ( 4, 2, 2, 4 ),
 ( 0.04057091399958124428, 0.1268182383345083375, 0.1699419005019710549, 0.2130655626694338001 ),
 .UNSPECIFIED. ) ;
#3608 = CARTESIAN_POINT ( 'NONE',  ( -2.399999999999999911, 0.6999999999999999556, 2.649999999999999911 ) ) ;
#3609 = EDGE_LOOP ( 'NONE', ( #3367, #7676, #2573, #4043, #2727, #1274, #2503, #2825, #7727, #4232, #4398, #9299, #1169, #6401, #6414, #2835 ) ) ;
#3610 = VECTOR ( 'NONE', #5671, 1000.000000000000000 ) ;
#3611 = DIRECTION ( 'NONE',  ( -1.000000000000000000, 0.000000000000000000, 0.000000000000000000 ) ) ;
#3612 = DIRECTION ( 'NONE',  ( -1.000000000000000000, 0.000000000000000000, 0.000000000000000000 ) ) ;
#3613 = EDGE_LOOP ( 'NONE', ( #1204, #692, #5600, #7825, #1988, #5636, #785, #6050, #2761, #2336, #7105, #2857 ) ) ;
#3614 = EDGE_CURVE ( 'NONE', #7751, #1668, #7031, .T. ) ;
#3615 = CARTESIAN_POINT ( 'NONE',  ( -2.375000000000000000, 2.419999999999999929, -1.850000000000000089 ) ) ;
#3616 = AXIS2_PLACEMENT_3D ( 'NONE', #5662, #4804, #1272 ) ;
#3617 = LINE ( 'NONE', #4527, #1156 ) ;
#3618 = CARTESIAN_POINT ( 'NONE',  ( -1.709999999999999964, 0.05000000000000000278, 4.000000000000000000 ) ) ;
#3619 = DIRECTION ( 'NONE',  ( 0.000000000000000000, -1.000000000000000000, 0.000000000000000000 ) ) ;
#3620 = LINE ( 'NONE', #6563, #5238 ) ;
#3621 = DIRECTION ( 'NONE',  ( 1.000000000000000000, -0.000000000000000000, -0.000000000000000000 ) ) ;
#3622 = ORIENTED_EDGE ( 'NONE', *, *, #1210, .T. ) ;
#3623 = EDGE_CURVE ( 'NONE', #6273, #2417, #9362, .T. ) ;
#3624 = EDGE_CURVE ( 'NONE', #1969, #80, #7658, .T. ) ;
#3625 = VECTOR ( 'NONE', #8740, 1000.000000000000000 ) ;
#3626 = CARTESIAN_POINT ( 'NONE',  ( -2.575000000000000178, 2.419999999999999929, -1.949999999999999956 ) ) ;
#3627 = ORIENTED_EDGE ( 'NONE', *, *, #1538, .F. ) ;
#3628 = CARTESIAN_POINT ( 'NONE',  ( 1.699999999999999956, 0.1315711464949800014, -3.502194353120600123 ) ) ;
#3629 = DIRECTION ( 'NONE',  ( -1.000000000000000000, 0.000000000000000000, 0.000000000000000000 ) ) ;
#3630 = LINE ( 'NONE', #7319, #5603 ) ;
#3631 = EDGE_CURVE ( 'NONE', #9168, #4862, #4105, .T. ) ;
#3632 = CARTESIAN_POINT ( 'NONE',  ( -1.807462589658299867, 2.419999999999999929, -1.750000000000000000 ) ) ;
#3633 = DIRECTION ( 'NONE',  ( 0.000000000000000000, 0.000000000000000000, -1.000000000000000000 ) ) ;
#3634 = DIRECTION ( 'NONE',  ( 0.000000000000000000, 0.000000000000000000, -1.000000000000000000 ) ) ;
#3635 = DIRECTION ( 'NONE',  ( 0.000000000000000000, 0.000000000000000000, -1.000000000000000000 ) ) ;
#3636 = ORIENTED_EDGE ( 'NONE', *, *, #3631, .F. ) ;
#3637 = EDGE_CURVE ( 'NONE', #6344, #312, #6322, .T. ) ;
#3638 = DIRECTION ( 'NONE',  ( 0.000000000000000000, -0.1842885350503307429, 0.9828721869342945672 ) ) ;
#3639 = VERTEX_POINT ( 'NONE', #3339 ) ;
#3640 = ORIENTED_EDGE ( 'NONE', *, *, #4100, .T. ) ;
#3641 = LINE ( 'NONE', #1406, #2234 ) ;
#3642 = EDGE_CURVE ( 'NONE', #8387, #8210, #8409, .T. ) ;
#3643 = CARTESIAN_POINT ( 'NONE',  ( -0.3499999999999999778, 0.5500000000000000444, 0.1000000000000240002 ) ) ;
#3644 = CARTESIAN_POINT ( 'NONE',  ( -1.709999999999999964, 0.8499999999999999778, 3.160007371274399901 ) ) ;
#3645 = LINE ( 'NONE', #6586, #9195 ) ;
#3646 = CARTESIAN_POINT ( 'NONE',  ( 0.4299999999999999933, 0.1500000000000175360, 3.600481571814044823 ) ) ;
#3647 = ORIENTED_EDGE ( 'NONE', *, *, #6820, .F. ) ;
#3648 = ORIENTED_EDGE ( 'NONE', *, *, #8376, .F. ) ;
#3649 = ADVANCED_FACE ( 'NONE', ( #8324 ), #6897, .T. ) ;
#3650 = CARTESIAN_POINT ( 'NONE',  ( 0.2500000000000000000, 0.5500000000000000444, 0.6500000000000001332 ) ) ;
#3651 = ORIENTED_EDGE ( 'NONE', *, *, #5317, .T. ) ;
#3652 = VERTEX_POINT ( 'NONE', #3245 ) ;
#3653 = CARTESIAN_POINT ( 'NONE',  ( -0.5500000000000000444, 2.419999999999999929, 2.149999999999999911 ) ) ;
#3654 = LINE ( 'NONE', #706, #6697 ) ;
#3655 = CARTESIAN_POINT ( 'NONE',  ( -3.042795695566244962, 2.394835648210170032, -2.442795695566195135 ) ) ;
#3656 = VERTEX_POINT ( 'NONE', #2675 ) ;
#3657 = ORIENTED_EDGE ( 'NONE', *, *, #5917, .F. ) ;
#3658 = CARTESIAN_POINT ( 'NONE',  ( 2.050000000000000266, 2.399999999999999911, 1.800000000000000266 ) ) ;
#3659 = CARTESIAN_POINT ( 'NONE',  ( 2.390000000000000124, 2.399999999999999911, -1.500000000000000000 ) ) ;
#3660 = ORIENTED_EDGE ( 'NONE', *, *, #9015, .F. ) ;
#3661 = CARTESIAN_POINT ( 'NONE',  ( -1.807462589658299867, 2.419999999999999929, -1.750000000000000000 ) ) ;
#3662 = CARTESIAN_POINT ( 'NONE',  ( -2.149999999999999911, 2.419999999999999929, 2.050000000000000266 ) ) ;
#3663 = EDGE_CURVE ( 'NONE', #6272, #7972, #8505, .T. ) ;
#3664 = LINE ( 'NONE', #8779, #7010 ) ;
#3665 = LINE ( 'NONE', #272, #2796 ) ;
#3666 = FACE_OUTER_BOUND ( 'NONE', #7765, .T. ) ;
#3667 = ORIENTED_EDGE ( 'NONE', *, *, #3285, .T. ) ;
#3668 = LINE ( 'NONE', #861, #379 ) ;
#3669 = VERTEX_POINT ( 'NONE', #1157 ) ;
#3670 = DIRECTION ( 'NONE',  ( 0.000000000000000000, 0.000000000000000000, 1.000000000000000000 ) ) ;
#3671 = EDGE_CURVE ( 'NONE', #745, #1759, #8900, .T. ) ;
#3672 = LINE ( 'NONE', #5696, #7749 ) ;
#3673 = EDGE_CURVE ( 'NONE', #7596, #5873, #9174, .T. ) ;
#3674 = DIRECTION ( 'NONE',  ( -0.1102635692839942505, -0.3307907078519820576, -0.9372403389139514207 ) ) ;
#3675 = VECTOR ( 'NONE', #2670, 1000.000000000000000 ) ;
#3676 = DIRECTION ( 'NONE',  ( -0.6018150231527196192, 0.000000000000000000, -0.7986355100467869006 ) ) ;
#3677 = CARTESIAN_POINT ( 'NONE',  ( -0.3499999999999144906, 2.419999999999999929, 2.150000000000085620 ) ) ;
#3678 = LINE ( 'NONE', #14, #3411 ) ;
#3679 = VERTEX_POINT ( 'NONE', #8372 ) ;
#3680 = CARTESIAN_POINT ( 'NONE',  ( 3.110390102969800008, 2.311684124756699710, 2.313739734566734985 ) ) ;
#3681 = EDGE_LOOP ( 'NONE', ( #2119, #4262, #6750, #92 ) ) ;
#3682 = ORIENTED_EDGE ( 'NONE', *, *, #4572, .T. ) ;
#3683 = ADVANCED_FACE ( 'NONE', ( #2579 ), #4012, .T. ) ;
#3684 = VECTOR ( 'NONE', #7159, 1000.000000000000000 ) ;
#3685 = AXIS2_PLACEMENT_3D ( 'NONE', #2951, #1630, #5259 ) ;
#3686 = EDGE_CURVE ( 'NONE', #8305, #3603, #8456, .T. ) ;
#3687 = DIRECTION ( 'NONE',  ( 0.000000000000000000, 0.000000000000000000, 1.000000000000000000 ) ) ;
#3688 = EDGE_CURVE ( 'NONE', #4234, #1512, #2255, .T. ) ;
#3689 = DIRECTION ( 'NONE',  ( 0.000000000000000000, -1.000000000000000000, 0.000000000000000000 ) ) ;
#3690 = CYLINDRICAL_SURFACE ( 'NONE', #1190, 0.1000000000000202116 ) ;
#3691 = CARTESIAN_POINT ( 'NONE',  ( 2.290000000000000036, 1.750000000000000000, -0.6500000000000001332 ) ) ;
#3692 = UNCERTAINTY_MEASURE_WITH_UNIT (LENGTH_MEASURE( 1.000000000000000082E-05 ), #238, 'distance_accuracy_value', 'NONE');
#3693 = ORIENTED_EDGE ( 'NONE', *, *, #2822, .F. ) ;
#3694 = VERTEX_POINT ( 'NONE', #3106 ) ;
#3695 = AXIS2_PLACEMENT_3D ( 'NONE', #7956, #2877, #5805 ) ;
#3696 = CARTESIAN_POINT ( 'NONE',  ( 0.9499999999999999556, 2.419999999999999929, 1.750000000000000000 ) ) ;
#3697 = EDGE_LOOP ( 'NONE', ( #626, #6108, #1896, #5400 ) ) ;
#3698 = VERTEX_POINT ( 'NONE', #5069 ) ;
#3699 = ADVANCED_FACE ( 'NONE', ( #5943 ), #920, .F. ) ;
#3700 = CIRCLE ( 'NONE', #9048, 0.2500000000000405787 ) ;
#3701 = AXIS2_PLACEMENT_3D ( 'NONE', #8322, #1779, #4192 ) ;
#3702 = CARTESIAN_POINT ( 'NONE',  ( -2.319999999999999840, 2.399999999999999911, -1.500000000000000000 ) ) ;
#3703 = EDGE_CURVE ( 'NONE', #4999, #5689, #8084, .T. ) ;
#3704 = DIRECTION ( 'NONE',  ( 0.000000000000000000, 0.9828721869343458595, 0.1842885350500573227 ) ) ;
#3705 = DIRECTION ( 'NONE',  ( 0.000000000000000000, 0.000000000000000000, -1.000000000000000000 ) ) ;
#3706 = ORIENTED_EDGE ( 'NONE', *, *, #1789, .T. ) ;
#3707 = EDGE_LOOP ( 'NONE', ( #1992, #8978, #6624, #5483 ) ) ;
#3708 = LINE ( 'NONE', #8165, #8295 ) ;
#3709 = CARTESIAN_POINT ( 'NONE',  ( 0.4299999999999999933, 0.04999999999999400063, -4.000000000000000000 ) ) ;
#3710 = ORIENTED_EDGE ( 'NONE', *, *, #5641, .F. ) ;
#3711 = VECTOR ( 'NONE', #700, 1000.000000000000114 ) ;
#3712 = DIRECTION ( 'NONE',  ( 0.000000000000000000, 0.000000000000000000, -1.000000000000000000 ) ) ;
#3713 = AXIS2_PLACEMENT_3D ( 'NONE', #2735, #6536, #2775 ) ;
#3714 = CARTESIAN_POINT ( 'NONE',  ( -1.807462589658245022, 2.419999999999999929, -1.817000000000035254 ) ) ;
#3715 = VECTOR ( 'NONE', #3297, 1000.000000000000000 ) ;
#3716 = AXIS2_PLACEMENT_3D ( 'NONE', #6660, #7361, #5257 ) ;
#3717 = DIRECTION ( 'NONE',  ( 0.000000000000000000, 0.000000000000000000, 1.000000000000000000 ) ) ;
#3718 = ORIENTED_EDGE ( 'NONE', *, *, #7917, .T. ) ;
#3719 = CARTESIAN_POINT ( 'NONE',  ( -0.2499999999999925338, 0.5500000000000000444, -2.710505431213760161E-17 ) ) ;
#3720 = ORIENTED_EDGE ( 'NONE', *, *, #1538, .T. ) ;
#3721 = ORIENTED_EDGE ( 'NONE', *, *, #9419, .T. ) ;
#3722 = LINE ( 'NONE', #196, #7360 ) ;
#3723 = AXIS2_PLACEMENT_3D ( 'NONE', #8821, #3082, #1667 ) ;
#3724 = VECTOR ( 'NONE', #7070, 1000.000000000000000 ) ;
#3725 = LINE ( 'NONE', #6225, #4067 ) ;
#3726 = CARTESIAN_POINT ( 'NONE',  ( 0.4500000000000000666, 2.419999999999999929, 1.750000000000000000 ) ) ;
#3727 = DIRECTION ( 'NONE',  ( 0.000000000000000000, -1.000000000000000000, 0.000000000000000000 ) ) ;
#3728 = AXIS2_PLACEMENT_3D ( 'NONE', #5884, #3094, #2242 ) ;
#3729 = DIRECTION ( 'NONE',  ( -1.000000000000000000, 0.000000000000000000, 0.000000000000000000 ) ) ;
#3730 = DIRECTION ( 'NONE',  ( 0.000000000000000000, -1.000000000000000000, 0.000000000000000000 ) ) ;
#3731 = VERTEX_POINT ( 'NONE', #8795 ) ;
#3732 = DIRECTION ( 'NONE',  ( 0.000000000000000000, 1.000000000000000000, 0.000000000000000000 ) ) ;
#3733 = EDGE_LOOP ( 'NONE', ( #7645, #3157, #5462, #7521 ) ) ;
#3734 = FACE_OUTER_BOUND ( 'NONE', #8152, .T. ) ;
#3735 = VERTEX_POINT ( 'NONE', #2348 ) ;
#3736 = AXIS2_PLACEMENT_3D ( 'NONE', #9089, #6237, #7712 ) ;
#3737 = CARTESIAN_POINT ( 'NONE',  ( -0.5500000000000679901, 2.419999999999999929, 2.150000000000069633 ) ) ;
#3738 = LINE ( 'NONE', #2448, #7687 ) ;
#3739 = CARTESIAN_POINT ( 'NONE',  ( -2.299999999999999822, 0.000000000000000000, -1.800000000000000266 ) ) ;
#3740 = CARTESIAN_POINT ( 'NONE',  ( 0.7500000000000000000, 2.419999999999999929, 2.200000000000000178 ) ) ;
#3741 = PLANE ( 'NONE',  #9355 ) ;
#3742 = ORIENTED_EDGE ( 'NONE', *, *, #7678, .F. ) ;
#3743 = ORIENTED_EDGE ( 'NONE', *, *, #7308, .F. ) ;
#3744 = VECTOR ( 'NONE', #4856, 1000.000000000000000 ) ;
#3745 = DIRECTION ( 'NONE',  ( 0.000000000000000000, 0.2756373558169810667, -0.9612616959383240012 ) ) ;
#3746 = VERTEX_POINT ( 'NONE', #7997 ) ;
#3747 = EDGE_CURVE ( 'NONE', #4659, #209, #819, .T. ) ;
#3748 = EDGE_CURVE ( 'NONE', #8574, #4913, #3678, .T. ) ;
#3749 = VERTEX_POINT ( 'NONE', #3781 ) ;
#3750 = CARTESIAN_POINT ( 'NONE',  ( -2.973922824958600053, 1.355252715606880049E-16, -2.373922824958600408 ) ) ;
#3751 = VECTOR ( 'NONE', #8993, 1000.000000000000114 ) ;
#3752 = CARTESIAN_POINT ( 'NONE',  ( -1.709999999999999964, -0.1000000000000000056, 3.600481571814099890 ) ) ;
#3753 = CARTESIAN_POINT ( 'NONE',  ( 2.100000000000000089, 0.7000000000000099476, -2.649999999999999911 ) ) ;
#3754 = EDGE_CURVE ( 'NONE', #3171, #1170, #6718, .T. ) ;
#3755 = DIRECTION ( 'NONE',  ( 0.1102635692839940978, -0.3307907078519820576, 0.9372403389139514207 ) ) ;
#3756 = ORIENTED_EDGE ( 'NONE', *, *, #4766, .F. ) ;
#3757 = LINE ( 'NONE', #6022, #9056 ) ;
#3758 = CARTESIAN_POINT ( 'NONE',  ( 2.299999999999999822, 0.000000000000000000, 1.800000000000000266 ) ) ;
#3759 = ORIENTED_EDGE ( 'NONE', *, *, #2530, .T. ) ;
#3760 = FILL_AREA_STYLE ('',( #852 ) ) ;
#3761 = ADVANCED_FACE ( 'NONE', ( #1453 ), #8744, .F. ) ;
#3762 = VECTOR ( 'NONE', #6440, 1000.000000000000000 ) ;
#3763 = CARTESIAN_POINT ( 'NONE',  ( 2.299999999999999822, 0.1499999999999999944, 2.492290037832664673 ) ) ;
#3764 = AXIS2_PLACEMENT_3D ( 'NONE', #2332, #907, #7504 ) ;
#3765 = VECTOR ( 'NONE', #1146, 1000.000000000000000 ) ;
#3766 = EDGE_CURVE ( 'NONE', #7497, #1980, #115, .T. ) ;
#3767 = DIRECTION ( 'NONE',  ( -0.1102635692839940423, 0.3307907078519820576, 0.9372403389139514207 ) ) ;
#3768 = ORIENTED_EDGE ( 'NONE', *, *, #1611, .F. ) ;
#3769 = CARTESIAN_POINT ( 'NONE',  ( -1.392537410341699866, 2.399999999999999911, -2.250000000000000444 ) ) ;
#3770 = VERTEX_POINT ( 'NONE', #2298 ) ;
#3771 = EDGE_CURVE ( 'NONE', #8477, #6869, #5213, .T. ) ;
#3772 = VERTEX_POINT ( 'NONE', #1586 ) ;
#3773 = CARTESIAN_POINT ( 'NONE',  ( 3.334999999999999964, 2.100000000000000089, -1.834999999999999964 ) ) ;
#3774 = VECTOR ( 'NONE', #2980, 1000.000000000000000 ) ;
#3775 = CARTESIAN_POINT ( 'NONE',  ( -2.299999999999999822, 0.000000000000000000, 1.800000000000000266 ) ) ;
#3776 = PRODUCT_DEFINITION_SHAPE ( 'NONE', 'NONE',  #2086 ) ;
#3777 = FACE_OUTER_BOUND ( 'NONE', #469, .T. ) ;
#3778 = DIRECTION ( 'NONE',  ( -1.000000000000000000, 0.000000000000000000, 0.000000000000000000 ) ) ;
#3779 = VECTOR ( 'NONE', #8624, 1000.000000000000000 ) ;
#3780 = CARTESIAN_POINT ( 'NONE',  ( 0.3499999999999999778, 0.05000000000000000278, 0.1000000000000076383 ) ) ;
#3781 = CARTESIAN_POINT ( 'NONE',  ( 0.4299999999999999933, 0.6460721337625500160, 3.405725418007999661 ) ) ;
#3782 = ORIENTED_EDGE ( 'NONE', *, *, #7926, .F. ) ;
#3783 = CARTESIAN_POINT ( 'NONE',  ( -0.8400000000000001910, 0.8499999999999999778, -2.649999999999999911 ) ) ;
#3784 = ORIENTED_EDGE ( 'NONE', *, *, #8758, .T. ) ;
#3785 = DIRECTION ( 'NONE',  ( 0.000000000000000000, -1.000000000000000000, 0.000000000000000000 ) ) ;
#3786 = VERTEX_POINT ( 'NONE', #4397 ) ;
#3787 = CARTESIAN_POINT ( 'NONE',  ( 3.283463917694710243, 0.6999999999999999556, 2.599099155916461346 ) ) ;
#3788 = CARTESIAN_POINT ( 'NONE',  ( -0.3499999999999999778, 0.5500000000000000444, 0.5500000000000000444 ) ) ;
#3789 = DIRECTION ( 'NONE',  ( 0.000000000000000000, -1.000000000000000000, 0.000000000000000000 ) ) ;
#3790 = DIRECTION ( 'NONE',  ( 0.000000000000000000, -1.000000000000000000, 0.000000000000000000 ) ) ;
#3791 = DIRECTION ( 'NONE',  ( 0.000000000000000000, 0.000000000000000000, 1.000000000000000000 ) ) ;
#3792 = ORIENTED_EDGE ( 'NONE', *, *, #4265, .F. ) ;
#3793 = ORIENTED_EDGE ( 'NONE', *, *, #658, .T. ) ;
#3794 = FACE_OUTER_BOUND ( 'NONE', #2887, .T. ) ;
#3795 = CARTESIAN_POINT ( 'NONE',  ( -1.520000000000000018, 1.750000000000000000, -0.6500000000000001332 ) ) ;
#3796 = EDGE_LOOP ( 'NONE', ( #6733, #3813, #6422, #8911 ) ) ;
#3797 = ORIENTED_EDGE ( 'NONE', *, *, #4142, .T. ) ;
#3798 = CARTESIAN_POINT ( 'NONE',  ( 0.3200000000000000067, 2.100000000000000089, 0.6500000000000001332 ) ) ;
#3799 = FACE_OUTER_BOUND ( 'NONE', #4997, .T. ) ;
#3800 = EDGE_CURVE ( 'NONE', #4413, #4853, #162, .T. ) ;
#3801 = EDGE_CURVE ( 'NONE', #5254, #2468, #6045, .T. ) ;
#3802 = CARTESIAN_POINT ( 'NONE',  ( 2.952731440513223227, 2.099999980287269530, -2.535294119966185811 ) ) ;
#3803 = LINE ( 'NONE', #7345, #8313 ) ;
#3804 = ORIENTED_EDGE ( 'NONE', *, *, #264, .F. ) ;
#3805 = ORIENTED_EDGE ( 'NONE', *, *, #657, .F. ) ;
#3806 = DIRECTION ( 'NONE',  ( 0.000000000000000000, 0.000000000000000000, 1.000000000000000000 ) ) ;
#3807 = ORIENTED_EDGE ( 'NONE', *, *, #9271, .F. ) ;
#3808 = CARTESIAN_POINT ( 'NONE',  ( -1.709999999999999964, 0.6999999999999999556, 3.160007371274399901 ) ) ;
#3809 = EDGE_CURVE ( 'NONE', #4699, #7249, #4543, .T. ) ;
#3810 = LINE ( 'NONE', #949, #1163 ) ;
#3811 = EDGE_CURVE ( 'NONE', #636, #1935, #735, .T. ) ;
#3812 = CARTESIAN_POINT ( 'NONE',  ( 2.390000000000000124, 2.399999999999999911, -1.500000000000000000 ) ) ;
#3813 = ORIENTED_EDGE ( 'NONE', *, *, #2237, .F. ) ;
#3814 = CYLINDRICAL_SURFACE ( 'NONE', #1765, 0.2500000000000518474 ) ;
#3815 = ORIENTED_EDGE ( 'NONE', *, *, #1835, .F. ) ;
#3816 = DIRECTION ( 'NONE',  ( 0.000000000000000000, -1.000000000000000000, 0.000000000000000000 ) ) ;
#3817 = ORIENTED_EDGE ( 'NONE', *, *, #6406, .T. ) ;
#3818 = CARTESIAN_POINT ( 'NONE',  ( -2.375000000000000000, 2.419999999999999929, -1.850000000000000089 ) ) ;
#3819 = EDGE_CURVE ( 'NONE', #1348, #2797, #6277, .T. ) ;
#3820 = EDGE_CURVE ( 'NONE', #3213, #290, #7394, .T. ) ;
#3821 = CYLINDRICAL_SURFACE ( 'NONE', #8515, 0.09999999999984543475 ) ;
#3822 = DIRECTION ( 'NONE',  ( 1.000000000000000000, -0.000000000000000000, -0.000000000000000000 ) ) ;
#3823 = CARTESIAN_POINT ( 'NONE',  ( 0.9499999999999999556, 2.399999999999999911, 1.850000000000000089 ) ) ;
#3824 = CARTESIAN_POINT ( 'NONE',  ( -2.110000000000000320, 0.6999999999999999556, -2.649999999999999911 ) ) ;
#3825 = VERTEX_POINT ( 'NONE', #8230 ) ;
#3826 = CARTESIAN_POINT ( 'NONE',  ( 3.245484997693949936, 0.6842543157438950585, 2.645484997693944962 ) ) ;
#3827 = ORIENTED_EDGE ( 'NONE', *, *, #827, .T. ) ;
#3828 = DIRECTION ( 'NONE',  ( 0.000000000000000000, -1.000000000000000000, 0.000000000000000000 ) ) ;
#3829 = EDGE_LOOP ( 'NONE', ( #8890, #8288, #6447, #4255 ) ) ;
#3830 = VECTOR ( 'NONE', #2302, 1000.000000000000000 ) ;
#3831 = CARTESIAN_POINT ( 'NONE',  ( 0.8300000000000000711, 0.6999999999999999556, -2.649999999999999911 ) ) ;
#3832 = LINE ( 'NONE', #6054, #6622 ) ;
#3833 = CARTESIAN_POINT ( 'NONE',  ( 3.209443881772464202, 0.6999999999999999556, 2.675822786880924120 ) ) ;
#3834 = DIRECTION ( 'NONE',  ( -0.000000000000000000, 1.000000000000000000, -0.000000000000000000 ) ) ;
#3835 = DIRECTION ( 'NONE',  ( 0.000000000000000000, -1.000000000000000000, 0.000000000000000000 ) ) ;
#3836 = ORIENTED_EDGE ( 'NONE', *, *, #6934, .T. ) ;
#3837 = ORIENTED_EDGE ( 'NONE', *, *, #2370, .T. ) ;
#3838 = LINE ( 'NONE', #1249, #1555 ) ;
#3839 = VERTEX_POINT ( 'NONE', #6138 ) ;
#3840 = EDGE_LOOP ( 'NONE', ( #7784, #3710, #2378, #3531 ) ) ;
#3841 = CARTESIAN_POINT ( 'NONE',  ( 0.3200000000000000067, 1.750000000000000000, -0.6500000000000001332 ) ) ;
#3842 = DIRECTION ( 'NONE',  ( 0.000000000000000000, 0.000000000000000000, -1.000000000000000000 ) ) ;
#3843 = VECTOR ( 'NONE', #3634, 1000.000000000000000 ) ;
#3844 = CARTESIAN_POINT ( 'NONE',  ( 3.299999999999999822, 0.6999999999999999556, -2.649999999999999911 ) ) ;
#3845 = PLANE ( 'NONE',  #2508 ) ;
#3846 = ORIENTED_EDGE ( 'NONE', *, *, #3984, .F. ) ;
#3847 = CARTESIAN_POINT ( 'NONE',  ( -0.3207106781186490063, 0.6207106781186489952, 0.02928932188134280093 ) ) ;
#3848 = CARTESIAN_POINT ( 'NONE',  ( 0.8299999999999999600, 0.6184288535050199709, -3.258294589967800636 ) ) ;
#3849 = ORIENTED_EDGE ( 'NONE', *, *, #145, .F. ) ;
#3850 = AXIS2_PLACEMENT_3D ( 'NONE', #3461, #4939, #6495 ) ;
#3851 = ADVANCED_FACE ( 'NONE', ( #1731 ), #3869, .F. ) ;
#3852 = DIRECTION ( 'NONE',  ( 0.000000000000000000, 0.000000000000000000, 1.000000000000000000 ) ) ;
#3853 = VECTOR ( 'NONE', #7992, 1000.000000000000000 ) ;
#3854 = CARTESIAN_POINT ( 'NONE',  ( -1.709999999999999964, 0.5999999999999480194, -3.160007371274379917 ) ) ;
#3855 = EDGE_LOOP ( 'NONE', ( #7377, #9356, #2222, #191 ) ) ;
#3856 = DIRECTION ( 'NONE',  ( 0.000000000000000000, 0.000000000000000000, -1.000000000000000000 ) ) ;
#3857 = ORIENTED_EDGE ( 'NONE', *, *, #8847, .T. ) ;
#3858 = ORIENTED_EDGE ( 'NONE', *, *, #1232, .F. ) ;
#3859 = CARTESIAN_POINT ( 'NONE',  ( -2.712020672317072556, 2.391928108793947239, 2.457979327682927817 ) ) ;
#3860 = EDGE_CURVE ( 'NONE', #2354, #2900, #8604, .T. ) ;
#3861 = EDGE_CURVE ( 'NONE', #3825, #5315, #1018, .T. ) ;
#3862 = AXIS2_PLACEMENT_3D ( 'NONE', #1635, #3730, #5267 ) ;
#3863 = VECTOR ( 'NONE', #4966, 1000.000000000000000 ) ;
#3864 = LINE ( 'NONE', #295, #9284 ) ;
#3865 = DIRECTION ( 'NONE',  ( 0.000000000000000000, 0.1842885350502921904, -0.9828721869343018946 ) ) ;
#3866 = CARTESIAN_POINT ( 'NONE',  ( 2.100000000000000089, 0.05000000000000000278, 4.000000000000000000 ) ) ;
#3867 = ADVANCED_FACE ( 'NONE', ( #4639 ), #1783, .F. ) ;
#3868 = VECTOR ( 'NONE', #2677, 1000.000000000000000 ) ;
#3869 = PLANE ( 'NONE',  #3256 ) ;
#3870 = ORIENTED_EDGE ( 'NONE', *, *, #7047, .T. ) ;
#3871 = CARTESIAN_POINT ( 'NONE',  ( 0.8299999999999999600, 0.6460721337625500160, 3.405725418007999661 ) ) ;
#3872 = ORIENTED_EDGE ( 'NONE', *, *, #4556, .F. ) ;
#3873 = DIRECTION ( 'NONE',  ( -1.000000000000000000, 0.000000000000000000, 0.000000000000000000 ) ) ;
#3874 = VERTEX_POINT ( 'NONE', #8373 ) ;
#3875 = EDGE_CURVE ( 'NONE', #7474, #8616, #1867, .T. ) ;
#3876 = CARTESIAN_POINT ( 'NONE',  ( -0.2500000000000000000, 0.05000000000000000278, 0.000000000000000000 ) ) ;
#3877 = VECTOR ( 'NONE', #846, 1000.000000000000000 ) ;
#3878 = DIRECTION ( 'NONE',  ( 0.000000000000000000, 0.000000000000000000, -1.000000000000000000 ) ) ;
#3879 = CARTESIAN_POINT ( 'NONE',  ( 3.137602400615880693, 0.6999999999999999556, 2.700000000000000178 ) ) ;
#3880 = DIRECTION ( 'NONE',  ( -1.000000000000000000, 0.000000000000000000, 0.000000000000000000 ) ) ;
#3881 = PLANE ( 'NONE',  #9210 ) ;
#3882 = EDGE_CURVE ( 'NONE', #3656, #4883, #6191, .T. ) ;
#3883 = ORIENTED_EDGE ( 'NONE', *, *, #2131, .T. ) ;
#3884 = EDGE_LOOP ( 'NONE', ( #3600, #3905, #8535 ) ) ;
#3885 = DIRECTION ( 'NONE',  ( 0.000000000000000000, 0.000000000000000000, -1.000000000000000000 ) ) ;
#3886 = ORIENTED_EDGE ( 'NONE', *, *, #4604, .F. ) ;
#3887 = EDGE_CURVE ( 'NONE', #9448, #941, #4637, .T. ) ;
#3888 = ORIENTED_EDGE ( 'NONE', *, *, #1241, .F. ) ;
#3889 = AXIS2_PLACEMENT_3D ( 'NONE', #4129, #3945, #2560 ) ;
#3890 = LINE ( 'NONE', #6831, #6678 ) ;
#3891 = CARTESIAN_POINT ( 'NONE',  ( -0.3499999999999144906, 2.399999999999999911, 2.150000000000085620 ) ) ;
#3892 = CARTESIAN_POINT ( 'NONE',  ( -2.375000000000000000, 2.399999999999999911, -2.250000000000000444 ) ) ;
#3893 = CIRCLE ( 'NONE', #6818, 0.05000000000000002359 ) ;
#3894 = LINE ( 'NONE', #1045, #830 ) ;
#3895 = EDGE_LOOP ( 'NONE', ( #7824, #8197, #4310, #639 ) ) ;
#3896 = ORIENTED_EDGE ( 'NONE', *, *, #609, .T. ) ;
#3897 = CARTESIAN_POINT ( 'NONE',  ( 2.100000000000000089, 0.1039278662374499979, 3.354763525080500131 ) ) ;
#3898 = CARTESIAN_POINT ( 'NONE',  ( -0.5500000000000000444, 2.399999999999999911, 2.149999999999999911 ) ) ;
#3899 = VERTEX_POINT ( 'NONE', #4014 ) ;
#3900 = VECTOR ( 'NONE', #7490, 1000.000000000000000 ) ;
#3901 = DIRECTION ( 'NONE',  ( 0.000000000000000000, 0.000000000000000000, 1.000000000000000000 ) ) ;
#3902 = CARTESIAN_POINT ( 'NONE',  ( -0.5999999999999999778, 1.750000000000000000, 0.000000000000000000 ) ) ;
#3903 = FACE_OUTER_BOUND ( 'NONE', #1966, .T. ) ;
#3904 = VECTOR ( 'NONE', #1848, 1000.000000000000000 ) ;
#3905 = ORIENTED_EDGE ( 'NONE', *, *, #5262, .T. ) ;
#3906 = DIRECTION ( 'NONE',  ( -1.000000000000000000, 0.000000000000000000, 0.000000000000000000 ) ) ;
#3907 = VERTEX_POINT ( 'NONE', #8986 ) ;
#3908 = B_SPLINE_CURVE_WITH_KNOTS ( 'NONE', 3,
 ( #959, #4579, #5981, #5204, #2388, #3859, #4630, #3099 ),
 .UNSPECIFIED., .F., .F.,
 ( 4, 2, 2, 4 ),
 ( 3.258706134220487272, 3.622126845761537872, 3.985547557302588473, 4.712388980384689674 ),
 .UNSPECIFIED. ) ;
#3909 = ORIENTED_EDGE ( 'NONE', *, *, #5959, .F. ) ;
#3910 = CARTESIAN_POINT ( 'NONE',  ( -1.709999999999999964, 0.6184288535050199709, -3.258294589967800636 ) ) ;
#3911 = VECTOR ( 'NONE', #1305, 1000.000000000000000 ) ;
#3912 = PLANE ( 'NONE',  #8217 ) ;
#3913 = EDGE_CURVE ( 'NONE', #9115, #25, #8452, .T. ) ;
#3914 = EDGE_CURVE ( 'NONE', #6208, #1125, #7518, .T. ) ;
#3915 = CARTESIAN_POINT ( 'NONE',  ( 2.100000000000000089, 0.6184288535050199709, 3.258294589967800636 ) ) ;
#3916 = CARTESIAN_POINT ( 'NONE',  ( 2.100000000000000089, 0.5999999999999480194, 3.160007371274379917 ) ) ;
#3917 = CARTESIAN_POINT ( 'NONE',  ( -2.299999999999999822, 0.1499999999999999944, -1.800000000000000266 ) ) ;
#3918 = ORIENTED_EDGE ( 'NONE', *, *, #5046, .T. ) ;
#3919 = AXIS2_PLACEMENT_3D ( 'NONE', #50, #2191, #7265 ) ;
#3920 = VECTOR ( 'NONE', #7929, 1000.000000000000114 ) ;
#3921 = CARTESIAN_POINT ( 'NONE',  ( 0.4500000000000000666, 2.419999999999999929, 2.200000000000000178 ) ) ;
#3922 = ORIENTED_EDGE ( 'NONE', *, *, #1000, .T. ) ;
#3923 = DIRECTION ( 'NONE',  ( 0.2657276780299708263, -0.9267025424900918740, -0.2657276780299701047 ) ) ;
#3924 = VERTEX_POINT ( 'NONE', #6948 ) ;
#3925 = EDGE_CURVE ( 'NONE', #6208, #6229, #3151, .T. ) ;
#3926 = CARTESIAN_POINT ( 'NONE',  ( -3.070048994552400323, 0.07243626441829982554, -2.470048994552399790 ) ) ;
#3927 = CIRCLE ( 'NONE', #8658, 0.2500000000000412448 ) ;
#3928 = CARTESIAN_POINT ( 'NONE',  ( -1.709999999999999964, 0.1315711464949800014, -3.502194353120600123 ) ) ;
#3929 = CARTESIAN_POINT ( 'NONE',  ( 2.100000000000000089, -0.1000000000000000056, 3.600481571814099890 ) ) ;
#3930 = DIRECTION ( 'NONE',  ( 1.000000000000000000, 0.000000000000000000, 0.000000000000000000 ) ) ;
#3931 = CARTESIAN_POINT ( 'NONE',  ( 1.590000000000000080, 2.100000000000000089, -0.6500000000000001332 ) ) ;
#3932 = ORIENTED_EDGE ( 'NONE', *, *, #9073, .T. ) ;
#3933 = EDGE_LOOP ( 'NONE', ( #7138, #1936, #5635, #7017 ) ) ;
#3934 = PRODUCT ( 'CHS-04-G-body', 'CHS-04-G-body', '', ( #467 ) ) ;
#3935 = DIRECTION ( 'NONE',  ( 0.000000000000000000, 0.000000000000000000, -1.000000000000000000 ) ) ;
#3936 = PLANE ( 'NONE',  #680 ) ;
#3937 = VERTEX_POINT ( 'NONE', #6857 ) ;
#3939 = ORIENTED_EDGE ( 'NONE', *, *, #8665, .F. ) ;
#3938 = AXIS2_PLACEMENT_3D ( 'NONE', #8268, #5263, #6664 ) ;
#3940 = ADVANCED_FACE ( 'NONE', ( #3298 ), #4778, .T. ) ;
#3941 = CARTESIAN_POINT ( 'NONE',  ( -3.032479702008686662, 2.398285835667946397, -2.432479702008686573 ) ) ;
#3942 = LINE ( 'NONE', #2369, #273 ) ;
#3943 = EDGE_CURVE ( 'NONE', #386, #7411, #2441, .T. ) ;
#3944 = CARTESIAN_POINT ( 'NONE',  ( -1.352215803790500326, 2.399999999999999911, -2.129491420826799875 ) ) ;
#3945 = DIRECTION ( 'NONE',  ( -0.000000000000000000, 1.000000000000000000, -0.000000000000000000 ) ) ;
#3946 = ORIENTED_EDGE ( 'NONE', *, *, #8369, .F. ) ;
#3947 = ORIENTED_EDGE ( 'NONE', *, *, #9371, .F. ) ;
#3948 = DIRECTION ( 'NONE',  ( 1.000000000000000000, 0.000000000000000000, 0.000000000000000000 ) ) ;
#3949 = ORIENTED_EDGE ( 'NONE', *, *, #1723, .F. ) ;
#3950 = CARTESIAN_POINT ( 'NONE',  ( 0.7500000000000000000, 2.419999999999999929, 2.200000000000000178 ) ) ;
#3951 = LINE ( 'NONE', #157, #4225 ) ;
#3952 = APPLICATION_PROTOCOL_DEFINITION ( 'draft international standard', 'automotive_design', 1998, #4477 ) ;
#3953 = DIRECTION ( 'NONE',  ( 0.000000000000000000, -1.000000000000000000, 0.000000000000000000 ) ) ;
#3954 = ORIENTED_EDGE ( 'NONE', *, *, #3504, .F. ) ;
#3955 = DIRECTION ( 'NONE',  ( -1.000000000000000000, 0.000000000000000000, 0.000000000000000000 ) ) ;
#3956 = ORIENTED_EDGE ( 'NONE', *, *, #1364, .T. ) ;
#3957 = ORIENTED_EDGE ( 'NONE', *, *, #7668, .F. ) ;
#3958 = CARTESIAN_POINT ( 'NONE',  ( -1.709999999999999964, 0.05000000000000000278, 3.600481571814099890 ) ) ;
#3959 = ADVANCED_FACE ( 'NONE', ( #4062 ), #347, .F. ) ;
#3960 = CARTESIAN_POINT ( 'NONE',  ( 0.8299999999999999600, 0.1315711464949800014, 3.502194353120600123 ) ) ;
#3961 = CARTESIAN_POINT ( 'NONE',  ( 3.070048994552400323, 0.07243626441829999207, -2.470048994552399790 ) ) ;
#3962 = CARTESIAN_POINT ( 'NONE',  ( 0.8299999999999999600, 0.1039278662374499979, 3.354763525080500131 ) ) ;
#3963 = CARTESIAN_POINT ( 'NONE',  ( 3.248519816506661329, 0.6948379867057928871, 2.639744728281614439 ) ) ;
#3964 = DIRECTION ( 'NONE',  ( 0.000000000000000000, -0.1842885350503031539, 0.9828721869342997852 ) ) ;
#3965 = ORIENTED_EDGE ( 'NONE', *, *, #8765, .T. ) ;
#3966 = DIRECTION ( 'NONE',  ( 0.000000000000000000, -1.000000000000000000, 0.000000000000000000 ) ) ;
#3967 = ORIENTED_EDGE ( 'NONE', *, *, #6418, .T. ) ;
#3968 = DIRECTION ( 'NONE',  ( 0.000000000000000000, 0.000000000000000000, -1.000000000000000000 ) ) ;
#3969 = ORIENTED_EDGE ( 'NONE', *, *, #4092, .F. ) ;
#3970 = ADVANCED_FACE ( 'NONE', ( #437 ), #4585, .F. ) ;
#3971 = EDGE_CURVE ( 'NONE', #4124, #2784, #5045, .T. ) ;
#3972 = FACE_OUTER_BOUND ( 'NONE', #7815, .T. ) ;
#3973 = DIRECTION ( 'NONE',  ( 0.000000000000000000, 0.1842885350502921904, -0.9828721869343018946 ) ) ;
#3974 = PLANE ( 'NONE',  #7613 ) ;
#3975 = CARTESIAN_POINT ( 'NONE',  ( 0.4299999999999999933, 0.1500000000000405176, 3.600481571814114989 ) ) ;
#3976 = DIRECTION ( 'NONE',  ( -1.000000000000000000, 0.000000000000000000, 0.000000000000000000 ) ) ;
#3977 = VERTEX_POINT ( 'NONE', #4284 ) ;
#3978 = EDGE_LOOP ( 'NONE', ( #2411, #6491, #4066, #1046 ) ) ;
#3979 = PLANE ( 'NONE',  #7708 ) ;
#3980 = EDGE_CURVE ( 'NONE', #7193, #4171, #7970, .T. ) ;
#3981 = ORIENTED_EDGE ( 'NONE', *, *, #971, .T. ) ;
#3982 = EDGE_LOOP ( 'NONE', ( #4272, #9302, #541, #6973, #7424, #7150, #2669, #9344 ) ) ;
#3983 = ADVANCED_FACE ( 'NONE', ( #7035 ), #8722, .T. ) ;
#3984 = EDGE_CURVE ( 'NONE', #8344, #4862, #709, .T. ) ;
#3985 = LINE ( 'NONE', #3798, #6528 ) ;
#3986 = CARTESIAN_POINT ( 'NONE',  ( -2.299999999999999822, 0.1499999999999993561, 2.492290037832666449 ) ) ;
#3987 = CARTESIAN_POINT ( 'NONE',  ( -0.3499999999999999778, 0.5500000000000000444, 0.1000000000000240002 ) ) ;
#3988 = DIRECTION ( 'NONE',  ( 1.000000000000000000, -0.000000000000000000, -0.000000000000000000 ) ) ;
#3989 = VERTEX_POINT ( 'NONE', #3709 ) ;
#3990 = ORIENTED_EDGE ( 'NONE', *, *, #6865, .F. ) ;
#3991 = AXIS2_PLACEMENT_3D ( 'NONE', #1208, #8379, #7625 ) ;
#3992 = CARTESIAN_POINT ( 'NONE',  ( 2.299999999999999822, 0.09999999999993669508, -2.373922824958615063 ) ) ;
#3993 = ADVANCED_FACE ( 'NONE', ( #8507 ), #8681, .F. ) ;
#3994 = ORIENTED_EDGE ( 'NONE', *, *, #4112, .F. ) ;
#3995 = EDGE_CURVE ( 'NONE', #5203, #3907, #662, .T. ) ;
#3996 = VECTOR ( 'NONE', #7888, 1000.000000000000000 ) ;
#3997 = VECTOR ( 'NONE', #6116, 1000.000000000000114 ) ;
#3998 = CARTESIAN_POINT ( 'NONE',  ( -0.3499999999999999778, 0.05000000000000000278, 0.000000000000000000 ) ) ;
#3999 = DIRECTION ( 'NONE',  ( 0.000000000000000000, 0.000000000000000000, 1.000000000000000000 ) ) ;
#4000 = B_SPLINE_CURVE_WITH_KNOTS ( 'NONE', 3,
 ( #263, #170, #4594, #2449 ),
 .UNSPECIFIED., .F., .F.,
 ( 4, 4 ),
 ( 1.570796326794978937, 2.356194489042573448 ),
 .UNSPECIFIED. ) ;
#4001 = DIRECTION ( 'NONE',  ( 1.000000000000000000, 0.000000000000000000, 0.000000000000000000 ) ) ;
#4002 = DIRECTION ( 'NONE',  ( 1.000000000000000000, 0.000000000000000000, 0.000000000000000000 ) ) ;
#4003 = ADVANCED_FACE ( 'NONE', ( #5101 ), #6599, .F. ) ;
#4004 = ORIENTED_EDGE ( 'NONE', *, *, #7926, .T. ) ;
#4005 = AXIS2_PLACEMENT_3D ( 'NONE', #1367, #601, #1322 ) ;
#4006 = ORIENTED_EDGE ( 'NONE', *, *, #7379, .F. ) ;
#4007 = VECTOR ( 'NONE', #5366, 1000.000000000000000 ) ;
#4008 = FACE_OUTER_BOUND ( 'NONE', #8430, .T. ) ;
#4009 = CIRCLE ( 'NONE', #8443, 0.5999999999999999778 ) ;
#4010 = AXIS2_PLACEMENT_3D ( 'NONE', #6521, #2896, #3525 ) ;
#4011 = CARTESIAN_POINT ( 'NONE',  ( 0.000000000000000000, 0.05000000000000000278, 0.000000000000000000 ) ) ;
#4012 = CYLINDRICAL_SURFACE ( 'NONE', #669, 0.09999999999993651467 ) ;
#4013 = DIRECTION ( 'NONE',  ( 0.000000000000000000, 0.1842885350502921904, -0.9828721869343018946 ) ) ;
#4014 = CARTESIAN_POINT ( 'NONE',  ( 2.100000000000000089, -0.1000000000000000056, -3.600481571814099890 ) ) ;
#4015 = ORIENTED_EDGE ( 'NONE', *, *, #936, .F. ) ;
#4016 = DIRECTION ( 'NONE',  ( 0.000000000000000000, -1.000000000000000000, 0.000000000000000000 ) ) ;
#4017 = ORIENTED_EDGE ( 'NONE', *, *, #2864, .F. ) ;
#4018 = DIRECTION ( 'NONE',  ( 0.000000000000000000, 0.000000000000000000, 1.000000000000000000 ) ) ;
#4019 = VECTOR ( 'NONE', #4689, 1000.000000000000000 ) ;
#4020 = ORIENTED_EDGE ( 'NONE', *, *, #7223, .T. ) ;
#4021 = AXIS2_PLACEMENT_3D ( 'NONE', #7762, #2628, #349 ) ;
#4022 = PLANE ( 'NONE',  #6983 ) ;
#4023 = VECTOR ( 'NONE', #7728, 1000.000000000000000 ) ;
#4024 = CARTESIAN_POINT ( 'NONE',  ( 3.062738196636755728, 0.05265041441647728970, -2.462712551241347914 ) ) ;
#4025 = LINE ( 'NONE', #5508, #3008 ) ;
#4026 = DIRECTION ( 'NONE',  ( 1.000000000000000000, -0.000000000000000000, -0.000000000000000000 ) ) ;
#4027 = VECTOR ( 'NONE', #8596, 1000.000000000000000 ) ;
#4028 = PLANE ( 'NONE',  #810 ) ;
#4029 = EDGE_LOOP ( 'NONE', ( #3346, #1022, #4627, #6538 ) ) ;
#4030 = EDGE_CURVE ( 'NONE', #8749, #268, #988, .T. ) ;
#4031 = ORIENTED_EDGE ( 'NONE', *, *, #6452, .T. ) ;
#4032 = CARTESIAN_POINT ( 'NONE',  ( 2.100000000000000089, 0.04999999999999400063, -3.600481571814099890 ) ) ;
#4033 = VERTEX_POINT ( 'NONE', #476 ) ;
#4034 = EDGE_LOOP ( 'NONE', ( #399, #3827, #8785, #4711, #651 ) ) ;
#4035 = VECTOR ( 'NONE', #4355, 1000.000000000000000 ) ;
#4036 = VECTOR ( 'NONE', #2093, 1000.000000000000000 ) ;
#4037 = DIRECTION ( 'NONE',  ( 0.000000000000000000, 0.000000000000000000, 1.000000000000000000 ) ) ;
#4038 = DIRECTION ( 'NONE',  ( 0.000000000000000000, -0.1842885350500574615, -0.9828721869343458595 ) ) ;
#4039 = PLANE ( 'NONE',  #2479 ) ;
#4040 = CARTESIAN_POINT ( 'NONE',  ( 0.4299999999999999933, -0.1000000000000000056, 4.000000000000000000 ) ) ;
#4041 = ORIENTED_EDGE ( 'NONE', *, *, #4918, .F. ) ;
#4042 = EDGE_CURVE ( 'NONE', #2513, #3429, #9454, .T. ) ;
#4043 = ORIENTED_EDGE ( 'NONE', *, *, #5329, .F. ) ;
#4044 = ADVANCED_FACE ( 'NONE', ( #4376 ), #6556, .T. ) ;
#4045 = CARTESIAN_POINT ( 'NONE',  ( 2.250000000000000444, 2.399999999999999911, 1.899999999999999911 ) ) ;
#4046 = ORIENTED_EDGE ( 'NONE', *, *, #5496, .T. ) ;
#4047 = FACE_OUTER_BOUND ( 'NONE', #4721, .T. ) ;
#4048 = AXIS2_PLACEMENT_3D ( 'NONE', #759, #6559, #8777 ) ;
#4049 = ADVANCED_FACE ( 'NONE', ( #41 ), #5875, .F. ) ;
#4050 = CARTESIAN_POINT ( 'NONE',  ( -3.250000000000000444, 0.6999999999999999556, -2.635272211428770106 ) ) ;
#4051 = CARTESIAN_POINT ( 'NONE',  ( 0.000000000000000000, 0.000000000000000000, 0.000000000000000000 ) ) ;
#4052 = CYLINDRICAL_SURFACE ( 'NONE', #6193, 0.09999999999998031297 ) ;
#4053 = ADVANCED_FACE ( 'NONE', ( #8458 ), #1518, .T. ) ;
#4054 = ORIENTED_EDGE ( 'NONE', *, *, #5869, .F. ) ;
#4055 = ORIENTED_EDGE ( 'NONE', *, *, #9002, .T. ) ;
#4056 = EDGE_CURVE ( 'NONE', #7341, #4808, #2844, .T. ) ;
#4057 = CIRCLE ( 'NONE', #8036, 0.05000000000000002359 ) ;
#4058 = DIRECTION ( 'NONE',  ( 0.9486832980505136570, -0.3162277660168383853, 0.000000000000000000 ) ) ;
#4059 = EDGE_CURVE ( 'NONE', #8893, #2678, #8608, .T. ) ;
#4060 = DIRECTION ( 'NONE',  ( -1.000000000000000000, 0.000000000000000000, 0.000000000000000000 ) ) ;
#4061 = CARTESIAN_POINT ( 'NONE',  ( 1.699999999999999956, -0.1000000000000000056, -3.600481571814099890 ) ) ;
#4062 = FACE_OUTER_BOUND ( 'NONE', #1403, .T. ) ;
#4063 = ORIENTED_EDGE ( 'NONE', *, *, #7263, .F. ) ;
#4064 = CARTESIAN_POINT ( 'NONE',  ( -0.3499999999999999778, 2.419999999999999929, 1.800000000000000266 ) ) ;
#4065 = ORIENTED_EDGE ( 'NONE', *, *, #7694, .F. ) ;
#4066 = ORIENTED_EDGE ( 'NONE', *, *, #8961, .T. ) ;
#4067 = VECTOR ( 'NONE', #6663, 1000.000000000000000 ) ;
#4068 = CARTESIAN_POINT ( 'NONE',  ( -3.250000000000000444, 0.6999999999999999556, -2.635272211428770106 ) ) ;
#4069 = CARTESIAN_POINT ( 'NONE',  ( 0.8299999999999999600, 0.6999999999999999556, 3.160007371274399901 ) ) ;
#4070 = CARTESIAN_POINT ( 'NONE',  ( -2.375000000000154987, 2.399999999999999911, -2.050000000000154809 ) ) ;
#4071 = CARTESIAN_POINT ( 'NONE',  ( 1.050000000000000044, 2.419999999999999929, 2.200000000000000178 ) ) ;
#4072 = PLANE ( 'NONE',  #4148 ) ;
#4073 = AXIS2_PLACEMENT_3D ( 'NONE', #5140, #7397, #1612 ) ;
#4074 = DIRECTION ( 'NONE',  ( 0.000000000000000000, -1.000000000000000000, 0.000000000000000000 ) ) ;
#4075 = ORIENTED_EDGE ( 'NONE', *, *, #8025, .F. ) ;
#4076 = ORIENTED_EDGE ( 'NONE', *, *, #5990, .F. ) ;
#4077 = CARTESIAN_POINT ( 'NONE',  ( -2.475000000000000089, 2.419999999999999929, -2.050000000000000266 ) ) ;
#4078 = VERTEX_POINT ( 'NONE', #1917 ) ;
#4079 = VERTEX_POINT ( 'NONE', #6323 ) ;
#4080 = VECTOR ( 'NONE', #23, 1000.000000000000114 ) ;
#4081 = EDGE_CURVE ( 'NONE', #5798, #8619, #4825, .T. ) ;
#4082 = DIRECTION ( 'NONE',  ( -1.000000000000000000, 0.000000000000000000, 0.000000000000000000 ) ) ;
#4083 = CARTESIAN_POINT ( 'NONE',  ( 0.4299999999999999933, 0.6999999999999999556, -2.649999999999999911 ) ) ;
#4084 = CARTESIAN_POINT ( 'NONE',  ( -2.575000000000000178, 2.399999999999999911, -2.050000000000000266 ) ) ;
#4085 = PLANE ( 'NONE',  #1002 ) ;
#4086 = ORIENTED_EDGE ( 'NONE', *, *, #1803, .F. ) ;
#4087 = VERTEX_POINT ( 'NONE', #4469 ) ;
#4088 = VECTOR ( 'NONE', #4432, 1000.000000000000000 ) ;
#4089 = DIRECTION ( 'NONE',  ( 0.000000000000000000, 0.000000000000000000, -1.000000000000000000 ) ) ;
#4090 = ORIENTED_EDGE ( 'NONE', *, *, #1254, .T. ) ;
#4091 = CARTESIAN_POINT ( 'NONE',  ( -2.109999999999999876, 0.8499999999999999778, -3.160007371274399901 ) ) ;
#4092 = EDGE_CURVE ( 'NONE', #2898, #4261, #284, .T. ) ;
#4093 = EDGE_CURVE ( 'NONE', #2773, #6669, #1618, .T. ) ;
#4094 = DIRECTION ( 'NONE',  ( -1.000000000000000000, 0.000000000000000000, 0.000000000000000000 ) ) ;
#4095 = DIRECTION ( 'NONE',  ( 0.000000000000000000, 0.000000000000000000, -1.000000000000000000 ) ) ;
#4096 = DIRECTION ( 'NONE',  ( 1.000000000000000000, 0.000000000000000000, 0.000000000000000000 ) ) ;
#4097 = DIRECTION ( 'NONE',  ( 0.000000000000000000, -1.000000000000000000, 0.000000000000000000 ) ) ;
#4098 = EDGE_LOOP ( 'NONE', ( #2149, #4818 ) ) ;
#4099 = ORIENTED_EDGE ( 'NONE', *, *, #5150, .F. ) ;
#4100 = EDGE_CURVE ( 'NONE', #6949, #1083, #1050, .T. ) ;
#4101 = DIRECTION ( 'NONE',  ( 1.000000000000000000, 0.000000000000000000, 0.000000000000000000 ) ) ;
#4102 = EDGE_CURVE ( 'NONE', #7787, #6729, #5922, .T. ) ;
#4103 = DIRECTION ( 'NONE',  ( 0.000000000000000000, 0.000000000000000000, 1.000000000000000000 ) ) ;
#4104 = DIRECTION ( 'NONE',  ( 0.000000000000000000, 0.1842885350503717934, -0.9828721869342869066 ) ) ;
#4105 = LINE ( 'NONE', #7757, #7851 ) ;
#4106 = DIRECTION ( 'NONE',  ( 1.000000000000000000, 0.000000000000000000, 0.000000000000000000 ) ) ;
#4107 = CARTESIAN_POINT ( 'NONE',  ( -1.392537410341699866, 2.419999999999999929, -2.250000000000000444 ) ) ;
#4108 = ORIENTED_EDGE ( 'NONE', *, *, #3887, .T. ) ;
#4109 = LINE ( 'NONE', #1919, #7830 ) ;
#4110 = CARTESIAN_POINT ( 'NONE',  ( -1.709999999999999964, 0.5999999999999870992, -3.160007371274350163 ) ) ;
#4111 = ORIENTED_EDGE ( 'NONE', *, *, #8200, .F. ) ;
#4112 = EDGE_CURVE ( 'NONE', #3924, #5235, #234, .T. ) ;
#4113 = CARTESIAN_POINT ( 'NONE',  ( 0.4299999999999999933, 0.04999999999999400063, -4.000000000000000000 ) ) ;
#4114 = VERTEX_POINT ( 'NONE', #6650 ) ;
#4115 = EDGE_CURVE ( 'NONE', #2971, #6729, #2793, .T. ) ;
#4116 = DIRECTION ( 'NONE',  ( 0.000000000000000000, 0.000000000000000000, 1.000000000000000000 ) ) ;
#4117 = CARTESIAN_POINT ( 'NONE',  ( -2.973922824958614708, 0.09999999999993559874, 2.850000000000000089 ) ) ;
#4118 = CARTESIAN_POINT ( 'NONE',  ( 0.3499999999999999778, 0.5500000000000000444, 0.1000000000000075967 ) ) ;
#4119 = DIRECTION ( 'NONE',  ( 0.000000000000000000, -1.000000000000000000, 0.000000000000000000 ) ) ;
#4120 = CARTESIAN_POINT ( 'NONE',  ( 2.399999999999999911, 1.125000000000041966, -2.649999999999999911 ) ) ;
#4121 = DIRECTION ( 'NONE',  ( -0.000000000000000000, 1.000000000000000000, -0.000000000000000000 ) ) ;
#4122 = AXIS2_PLACEMENT_3D ( 'NONE', #1264, #8617, #5797 ) ;
#4123 = CARTESIAN_POINT ( 'NONE',  ( -1.723113446486100209, 2.419999999999999929, -1.850000000000000089 ) ) ;
#4124 = VERTEX_POINT ( 'NONE', #8166 ) ;
#4125 = VERTEX_POINT ( 'NONE', #7547 ) ;
#4126 = CARTESIAN_POINT ( 'NONE',  ( 3.299999999999999822, 2.299999999999999822, 2.411075042537524915 ) ) ;
#4127 = DIRECTION ( 'NONE',  ( 0.000000000000000000, -1.000000000000000000, 0.000000000000000000 ) ) ;
#4128 = DIRECTION ( 'NONE',  ( -0.000000000000000000, 1.000000000000000000, -0.000000000000000000 ) ) ;
#4129 = CARTESIAN_POINT ( 'NONE',  ( 2.200000000000155609, 0.1499999999999999944, 1.799999999999844835 ) ) ;
#4130 = EDGE_LOOP ( 'NONE', ( #9020, #8087, #6546, #5005, #1602, #175, #8700, #4373, #3142, #7537, #7998, #3768 ) ) ;
#4131 = ORIENTED_EDGE ( 'NONE', *, *, #6592, .T. ) ;
#4132 = DIRECTION ( 'NONE',  ( 0.000000000000000000, 0.000000000000000000, -1.000000000000000000 ) ) ;
#4133 = ORIENTED_EDGE ( 'NONE', *, *, #8947, .T. ) ;
#4134 = VERTEX_POINT ( 'NONE', #8864 ) ;
#4135 = CARTESIAN_POINT ( 'NONE',  ( -1.709999999999999964, 0.1315711464949800014, -3.502194353120600123 ) ) ;
#4136 = LINE ( 'NONE', #4950, #3610 ) ;
#4137 = CONTEXT_DEPENDENT_SHAPE_REPRESENTATION ( #8089, #8494 ) ;
#4138 = CARTESIAN_POINT ( 'NONE',  ( -2.109999999999999876, -0.1000000000000000056, 4.000000000000000000 ) ) ;
#4139 = DIRECTION ( 'NONE',  ( 0.1160437261037696455, 0.9863474618335673627, 0.1168440763001396404 ) ) ;
#4140 = VERTEX_POINT ( 'NONE', #998 ) ;
#4141 = DIRECTION ( 'NONE',  ( 1.000000000000000000, 0.000000000000000000, 0.000000000000000000 ) ) ;
#4142 = EDGE_CURVE ( 'NONE', #6072, #565, #1141, .T. ) ;
#4143 = DIRECTION ( 'NONE',  ( 0.000000000000000000, 1.000000000000000000, 0.000000000000000000 ) ) ;
#4144 = VECTOR ( 'NONE', #8212, 1000.000000000000000 ) ;
#4145 = AXIS2_PLACEMENT_3D ( 'NONE', #915, #246, #3670 ) ;
#4146 = VECTOR ( 'NONE', #2104, 1000.000000000000000 ) ;
#4147 = DIRECTION ( 'NONE',  ( 0.000000000000000000, 0.000000000000000000, 1.000000000000000000 ) ) ;
#4148 = AXIS2_PLACEMENT_3D ( 'NONE', #4705, #3207, #1215 ) ;
#4149 = DIRECTION ( 'NONE',  ( 0.000000000000000000, -0.9828721869343458595, 0.1842885350500573227 ) ) ;
#4150 = DIRECTION ( 'NONE',  ( 0.000000000000000000, 0.000000000000000000, -1.000000000000000000 ) ) ;
#4151 = VERTEX_POINT ( 'NONE', #4521 ) ;
#4152 = EDGE_CURVE ( 'NONE', #9303, #7829, #2377, .T. ) ;
#4153 = DIRECTION ( 'NONE',  ( 0.000000000000000000, -1.000000000000000000, 0.000000000000000000 ) ) ;
#4154 = EDGE_CURVE ( 'NONE', #5657, #764, #4569, .T. ) ;
#4155 = DIRECTION ( 'NONE',  ( -0.000000000000000000, 1.000000000000000000, -0.000000000000000000 ) ) ;
#4156 = ORIENTED_EDGE ( 'NONE', *, *, #1027, .F. ) ;
#4157 = DIRECTION ( 'NONE',  ( 1.000000000000000000, -0.000000000000000000, -0.000000000000000000 ) ) ;
#4158 = ORIENTED_EDGE ( 'NONE', *, *, #8539, .F. ) ;
#4159 = VECTOR ( 'NONE', #7579, 1000.000000000000000 ) ;
#4160 = VECTOR ( 'NONE', #5687, 1000.000000000000000 ) ;
#4161 = CARTESIAN_POINT ( 'NONE',  ( -0.5500000000000000444, 2.419999999999999929, 2.250000000000000444 ) ) ;
#4162 = EDGE_CURVE ( 'NONE', #1125, #6998, #93, .T. ) ;
#4163 = FACE_OUTER_BOUND ( 'NONE', #2435, .T. ) ;
#4164 = CYLINDRICAL_SURFACE ( 'NONE', #7453, 0.05000000000000012768 ) ;
#4165 = CARTESIAN_POINT ( 'NONE',  ( -3.110390102969800008, 2.311684124756699710, 2.059609897030199921 ) ) ;
#4166 = CARTESIAN_POINT ( 'NONE',  ( -0.3499999999999999778, 0.000000000000000000, 0.000000000000000000 ) ) ;
#4167 = ORIENTED_EDGE ( 'NONE', *, *, #4314, .T. ) ;
#4168 = ADVANCED_FACE ( 'NONE', ( #2988 ), #8109, .T. ) ;
#4169 = VECTOR ( 'NONE', #1402, 1000.000000000000000 ) ;
#4170 = FACE_OUTER_BOUND ( 'NONE', #4707, .T. ) ;
#4171 = VERTEX_POINT ( 'NONE', #9013 ) ;
#4172 = VERTEX_POINT ( 'NONE', #8304 ) ;
#4173 = VECTOR ( 'NONE', #5942, 1000.000000000000000 ) ;
#4174 = DIRECTION ( 'NONE',  ( 0.000000000000000000, -1.000000000000000000, 0.000000000000000000 ) ) ;
#4175 = VECTOR ( 'NONE', #7893, 1000.000000000000000 ) ;
#4176 = ADVANCED_FACE ( 'NONE', ( #7499 ), #1562, .F. ) ;
#4177 = CARTESIAN_POINT ( 'NONE',  ( 2.050000000000000266, 2.399999999999999911, 1.850000000000000089 ) ) ;
#4178 = DIRECTION ( 'NONE',  ( 0.000000000000000000, -1.000000000000000000, 0.000000000000000000 ) ) ;
#4179 = ORIENTED_EDGE ( 'NONE', *, *, #1763, .F. ) ;
#4180 = VERTEX_POINT ( 'NONE', #3758 ) ;
#4181 = EDGE_CURVE ( 'NONE', #195, #6474, #6699, .T. ) ;
#4182 = CARTESIAN_POINT ( 'NONE',  ( -0.8400000000000001910, 0.05000000000000000278, 4.000000000000000000 ) ) ;
#4183 = VERTEX_POINT ( 'NONE', #5234 ) ;
#4184 = VECTOR ( 'NONE', #4691, 1000.000000000000000 ) ;
#4185 = ORIENTED_EDGE ( 'NONE', *, *, #585, .F. ) ;
#4186 = AXIS2_PLACEMENT_3D ( 'NONE', #9404, #2840, #570 ) ;
#4187 = DIRECTION ( 'NONE',  ( -1.000000000000000000, 0.000000000000000000, 0.000000000000000000 ) ) ;
#4188 = LINE ( 'NONE', #7832, #8482 ) ;
#4189 = LINE ( 'NONE', #5532, #5458 ) ;
#4190 = AXIS2_PLACEMENT_3D ( 'NONE', #90, #1615, #8162 ) ;
#4191 = DIRECTION ( 'NONE',  ( 0.000000000000000000, 0.000000000000000000, 1.000000000000000000 ) ) ;
#4192 = DIRECTION ( 'NONE',  ( 0.000000000000000000, -1.000000000000000000, -6.071532165917839070E-14 ) ) ;
#4193 = VERTEX_POINT ( 'NONE', #8151 ) ;
#4194 = LINE ( 'NONE', #3478, #3520 ) ;
#4195 = DIRECTION ( 'NONE',  ( 0.000000000000000000, 0.000000000000000000, -1.000000000000000000 ) ) ;
#4196 = AXIS2_PLACEMENT_3D ( 'NONE', #7736, #4757, #4807 ) ;
#4197 = EDGE_CURVE ( 'NONE', #4183, #2476, #4558, .T. ) ;
#4198 = DIRECTION ( 'NONE',  ( 0.000000000000000000, -1.000000000000000000, 0.000000000000000000 ) ) ;
#4199 = CARTESIAN_POINT ( 'NONE',  ( -0.4400000000000000022, -0.1000000000000000056, -4.000000000000000000 ) ) ;
#4200 = AXIS2_PLACEMENT_3D ( 'NONE', #4970, #445, #5552 ) ;
#4201 = CARTESIAN_POINT ( 'NONE',  ( 1.020000000000000018, 2.100000000000000089, 1.500000000000000000 ) ) ;
#4202 = ORIENTED_EDGE ( 'NONE', *, *, #5729, .T. ) ;
#4203 = DIRECTION ( 'NONE',  ( 0.000000000000000000, 0.000000000000000000, -1.000000000000000000 ) ) ;
#4204 = EDGE_LOOP ( 'NONE', ( #3408, #2880, #8861, #5351 ) ) ;
#4205 = FACE_OUTER_BOUND ( 'NONE', #3540, .T. ) ;
#4206 = ORIENTED_EDGE ( 'NONE', *, *, #96, .T. ) ;
#4207 = VECTOR ( 'NONE', #6703, 1000.000000000000000 ) ;
#4208 = EDGE_CURVE ( 'NONE', #3429, #2072, #9167, .T. ) ;
#4209 = FACE_OUTER_BOUND ( 'NONE', #5096, .T. ) ;
#4210 = EDGE_CURVE ( 'NONE', #8019, #5254, #4509, .T. ) ;
#4211 = CARTESIAN_POINT ( 'NONE',  ( 0.3499999999999999778, 0.5499999999999831690, 0.5499999999999831690 ) ) ;
#4212 = DIRECTION ( 'NONE',  ( 0.000000000000000000, 0.000000000000000000, -1.000000000000000000 ) ) ;
#4213 = LINE ( 'NONE', #7185, #2923 ) ;
#4214 = DIRECTION ( 'NONE',  ( 0.000000000000000000, 0.000000000000000000, -1.000000000000000000 ) ) ;
#4215 = DIRECTION ( 'NONE',  ( -0.000000000000000000, 1.000000000000000000, -0.000000000000000000 ) ) ;
#4216 = ORIENTED_EDGE ( 'NONE', *, *, #5682, .T. ) ;
#4217 = ORIENTED_EDGE ( 'NONE', *, *, #1304, .F. ) ;
#4218 = AXIS2_PLACEMENT_3D ( 'NONE', #4500, #168, #877 ) ;
#4219 = CARTESIAN_POINT ( 'NONE',  ( 2.200000000000000178, 0.1499999999999999944, 1.699999999999999956 ) ) ;
#4220 = ORIENTED_EDGE ( 'NONE', *, *, #3172, .F. ) ;
#4221 = ORIENTED_EDGE ( 'NONE', *, *, #667, .T. ) ;
#4222 = ADVANCED_FACE ( 'NONE', ( #933 ), #8958, .F. ) ;
#4223 = CARTESIAN_POINT ( 'NONE',  ( 1.020000000000000018, 2.100000000000000089, -0.6500000000000001332 ) ) ;
#4224 = EDGE_CURVE ( 'NONE', #8910, #4114, #7247, .T. ) ;
#4225 = VECTOR ( 'NONE', #1097, 1000.000000000000000 ) ;
#4226 = CARTESIAN_POINT ( 'NONE',  ( -2.220000000000000195, 2.100000000000000089, 0.6500000000000001332 ) ) ;
#4227 = LINE ( 'NONE', #415, #8211 ) ;
#4228 = CARTESIAN_POINT ( 'NONE',  ( 3.043579060937430469, 2.394570020555450096, 2.443579060937429936 ) ) ;
#4229 = ORIENTED_EDGE ( 'NONE', *, *, #3747, .F. ) ;
#4230 = ORIENTED_EDGE ( 'NONE', *, *, #3811, .T. ) ;
#4231 = FACE_OUTER_BOUND ( 'NONE', #5399, .T. ) ;
#4232 = ORIENTED_EDGE ( 'NONE', *, *, #3160, .F. ) ;
#4234 = VERTEX_POINT ( 'NONE', #314 ) ;
#4233 = AXIS2_PLACEMENT_3D ( 'NONE', #7447, #7965, #7256 ) ;
#4235 = EDGE_CURVE ( 'NONE', #4285, #5409, #8343, .T. ) ;
#4236 = CARTESIAN_POINT ( 'NONE',  ( 0.3499999999999999778, 0.05000000000000000278, 0.5500000000000000444 ) ) ;
#4237 = EDGE_CURVE ( 'NONE', #6006, #7456, #2553, .T. ) ;
#4238 = CARTESIAN_POINT ( 'NONE',  ( 0.8299999999999999600, 0.1500000000000175360, 3.600481571814044823 ) ) ;
#4239 = AXIS2_PLACEMENT_3D ( 'NONE', #9443, #7919, #8755 ) ;
#4240 = LINE ( 'NONE', #614, #3269 ) ;
#4241 = ORIENTED_EDGE ( 'NONE', *, *, #1480, .F. ) ;
#4242 = B_SPLINE_CURVE_WITH_KNOTS ( 'NONE', 3,
 ( #1689, #3833, #6822, #3879 ),
 .UNSPECIFIED., .F., .F.,
 ( 4, 4 ),
 ( 3.172126792075359525, 3.735623863947378442 ),
 .UNSPECIFIED. ) ;
#4243 = ORIENTED_EDGE ( 'NONE', *, *, #4154, .T. ) ;
#4244 = DIRECTION ( 'NONE',  ( 0.000000000000000000, -0.9828721869343112205, -0.1842885350502417308 ) ) ;
#4245 = DIRECTION ( 'NONE',  ( -1.000000000000000000, 0.000000000000000000, 1.756407519426227135E-13 ) ) ;
#4246 = AXIS2_PLACEMENT_3D ( 'NONE', #4011, #5493, #7709 ) ;
#4247 = CARTESIAN_POINT ( 'NONE',  ( 0.4299999999999999933, 0.05000000000000000278, 3.600481571814099890 ) ) ;
#4248 = CYLINDRICAL_SURFACE ( 'NONE', #8155, 0.04999999999999991257 ) ;
#4249 = DIRECTION ( 'NONE',  ( -1.000000000000000000, 0.000000000000000000, 0.000000000000000000 ) ) ;
#4250 = VERTEX_POINT ( 'NONE', #6256 ) ;
#4251 = DIRECTION ( 'NONE',  ( -1.000000000000000000, 0.000000000000000000, 0.000000000000000000 ) ) ;
#4252 = EDGE_LOOP ( 'NONE', ( #8472, #2444, #3918, #1228 ) ) ;
#4253 = DIRECTION ( 'NONE',  ( 0.000000000000000000, 0.000000000000000000, -1.000000000000000000 ) ) ;
#4254 = ADVANCED_FACE ( 'NONE', ( #409 ), #3979, .T. ) ;
#4255 = ORIENTED_EDGE ( 'NONE', *, *, #4081, .T. ) ;
#4256 = DIRECTION ( 'NONE',  ( -1.000000000000000000, 0.000000000000000000, 0.000000000000000000 ) ) ;
#4257 = CARTESIAN_POINT ( 'NONE',  ( -1.709999999999999964, 0.05000000000000000278, 3.600481571814099890 ) ) ;
#4258 = CARTESIAN_POINT ( 'NONE',  ( -3.235470540548374796, 0.6999999999999999556, -2.649999999999999911 ) ) ;
#4259 = DIRECTION ( 'NONE',  ( 0.000000000000000000, -1.000000000000000000, 0.000000000000000000 ) ) ;
#4260 = CARTESIAN_POINT ( 'NONE',  ( 2.939105820735800290, 2.318205372513273854, 2.509622897351378779 ) ) ;
#4261 = VERTEX_POINT ( 'NONE', #6342 ) ;
#4262 = ORIENTED_EDGE ( 'NONE', *, *, #3568, .F. ) ;
#4263 = CARTESIAN_POINT ( 'NONE',  ( -2.109999999999999876, 0.1500000000000405176, -3.600481571814114989 ) ) ;
#4264 = ORIENTED_EDGE ( 'NONE', *, *, #1528, .F. ) ;
#4265 = EDGE_CURVE ( 'NONE', #2417, #8332, #6206, .T. ) ;
#4266 = EDGE_CURVE ( 'NONE', #5028, #1935, #4748, .T. ) ;
#4267 = ORIENTED_EDGE ( 'NONE', *, *, #6452, .F. ) ;
#4268 = CARTESIAN_POINT ( 'NONE',  ( -2.109999999999999876, 0.7000000000000099476, -2.649999999999999911 ) ) ;
#4269 = DIRECTION ( 'NONE',  ( 0.000000000000000000, -1.000000000000000000, 0.000000000000000000 ) ) ;
#4270 = CARTESIAN_POINT ( 'NONE',  ( 3.011075042537500135, 2.399999999999999911, 2.411075042537500046 ) ) ;
#4271 = ADVANCED_FACE ( 'NONE', ( #8290 ), #3936, .F. ) ;
#4272 = ORIENTED_EDGE ( 'NONE', *, *, #753, .T. ) ;
#4273 = ORIENTED_EDGE ( 'NONE', *, *, #6826, .T. ) ;
#4274 = PLANE ( 'NONE',  #2469 ) ;
#4275 = ORIENTED_EDGE ( 'NONE', *, *, #2004, .T. ) ;
#4276 = EDGE_CURVE ( 'NONE', #3027, #8931, #7008, .T. ) ;
#4277 = EDGE_CURVE ( 'NONE', #4797, #3839, #454, .T. ) ;
#4278 = VERTEX_POINT ( 'NONE', #4032 ) ;
#4279 = PLANE ( 'NONE',  #5437 ) ;
#4280 = CARTESIAN_POINT ( 'NONE',  ( -1.392537410341755821, 2.419999999999999929, -2.182999999999964746 ) ) ;
#4281 = EDGE_CURVE ( 'NONE', #150, #418, #3566, .T. ) ;
#4282 = CARTESIAN_POINT ( 'NONE',  ( -0.3010495520005750381, 0.6403718041913601944, 0.04895044799941706409 ) ) ;
#4283 = ORIENTED_EDGE ( 'NONE', *, *, #4798, .T. ) ;
#4284 = CARTESIAN_POINT ( 'NONE',  ( -0.8400000000000001910, 0.04999999999999400063, -3.600481571814099890 ) ) ;
#4285 = VERTEX_POINT ( 'NONE', #5514 ) ;
#4286 = DIRECTION ( 'NONE',  ( 0.000000000000000000, 0.000000000000000000, 1.000000000000000000 ) ) ;
#4287 = CARTESIAN_POINT ( 'NONE',  ( 2.973922824958600053, 0.000000000000000000, -2.373922824958615063 ) ) ;
#4288 = EDGE_CURVE ( 'NONE', #2417, #268, #8427, .T. ) ;
#4289 = VECTOR ( 'NONE', #3302, 1000.000000000000114 ) ;
#4290 = LINE ( 'NONE', #3618, #1040 ) ;
#4291 = DIRECTION ( 'NONE',  ( -0.000000000000000000, 1.000000000000000000, -0.000000000000000000 ) ) ;
#4292 = PLANE ( 'NONE',  #9201 ) ;
#4293 = FACE_OUTER_BOUND ( 'NONE', #9114, .T. ) ;
#4294 = EDGE_LOOP ( 'NONE', ( #6204, #605, #6962, #4628, #2616, #6141, #3280, #3805, #1124, #1629 ) ) ;
#4295 = VECTOR ( 'NONE', #3003, 1000.000000000000000 ) ;
#4296 = CARTESIAN_POINT ( 'NONE',  ( 0.000000000000000000, 0.2000000000000000111, 0.000000000000000000 ) ) ;
#4297 = ORIENTED_EDGE ( 'NONE', *, *, #5390, .T. ) ;
#4298 = VECTOR ( 'NONE', #8009, 1000.000000000000000 ) ;
#4299 = AXIS2_PLACEMENT_3D ( 'NONE', #2548, #3930, #1840 ) ;
#4300 = LINE ( 'NONE', #2859, #4369 ) ;
#4301 = CARTESIAN_POINT ( 'NONE',  ( -2.220000000000000195, 1.750000000000000000, 0.6500000000000001332 ) ) ;
#4302 = DIRECTION ( 'NONE',  ( 0.000000000000000000, -1.000000000000000000, 0.000000000000000000 ) ) ;
#4303 = LINE ( 'NONE', #2865, #3544 ) ;
#4304 = CARTESIAN_POINT ( 'NONE',  ( 2.299999999999999822, 0.1499999999999999944, 2.700000000000000178 ) ) ;
#4305 = VERTEX_POINT ( 'NONE', #2646 ) ;
#4306 = DIRECTION ( 'NONE',  ( 0.000000000000000000, -1.000000000000000000, 0.000000000000000000 ) ) ;
#4307 = ORIENTED_EDGE ( 'NONE', *, *, #8712, .F. ) ;
#4308 = CIRCLE ( 'NONE', #8587, 0.1000000000000231676 ) ;
#4309 = VECTOR ( 'NONE', #296, 1000.000000000000000 ) ;
#4310 = ORIENTED_EDGE ( 'NONE', *, *, #1034, .F. ) ;
#4311 = DIRECTION ( 'NONE',  ( -1.000000000000000000, 0.000000000000000000, 0.000000000000000000 ) ) ;
#4312 = CIRCLE ( 'NONE', #7078, 0.09999999999984543475 ) ;
#4313 = FACE_OUTER_BOUND ( 'NONE', #4367, .T. ) ;
#4314 = EDGE_CURVE ( 'NONE', #302, #749, #1036, .T. ) ;
#4315 = VECTOR ( 'NONE', #7878, 1000.000000000000000 ) ;
#4316 = ORIENTED_EDGE ( 'NONE', *, *, #948, .T. ) ;
#4317 = LINE ( 'NONE', #8150, #4298 ) ;
#4318 = ORIENTED_EDGE ( 'NONE', *, *, #1296, .T. ) ;
#4319 = VERTEX_POINT ( 'NONE', #3212 ) ;
#4320 = AXIS2_PLACEMENT_3D ( 'NONE', #8131, #4490, #773 ) ;
#4321 = AXIS2_PLACEMENT_3D ( 'NONE', #3454, #9331, #9291 ) ;
#4322 = FACE_OUTER_BOUND ( 'NONE', #1750, .T. ) ;
#4323 = CARTESIAN_POINT ( 'NONE',  ( 0.8299999999999999600, 0.05000000000000000278, 3.600481571814099890 ) ) ;
#4324 = EDGE_CURVE ( 'NONE', #749, #851, #6502, .T. ) ;
#4325 = EDGE_CURVE ( 'NONE', #3652, #9418, #4658, .T. ) ;
#4326 = VECTOR ( 'NONE', #756, 1000.000000000000000 ) ;
#4327 = LINE ( 'NONE', #7165, #5880 ) ;
#4328 = EDGE_LOOP ( 'NONE', ( #9108, #1856, #193, #6695 ) ) ;
#4329 = VECTOR ( 'NONE', #621, 1000.000000000000114 ) ;
#4330 = DIRECTION ( 'NONE',  ( 0.000000000000000000, 0.000000000000000000, 1.000000000000000000 ) ) ;
#4331 = ORIENTED_EDGE ( 'NONE', *, *, #3281, .T. ) ;
#4332 = PLANE ( 'NONE',  #8862 ) ;
#4333 = CARTESIAN_POINT ( 'NONE',  ( -0.4400000000000000022, 0.1039278662374499979, -3.354763525080500131 ) ) ;
#4334 = EDGE_CURVE ( 'NONE', #4250, #8615, #9052, .T. ) ;
#4335 = CARTESIAN_POINT ( 'NONE',  ( -1.476886553513899969, 2.399999999999999911, -2.149999999999999911 ) ) ;
#4336 = VECTOR ( 'NONE', #1819, 1000.000000000000114 ) ;
#4337 = EDGE_CURVE ( 'NONE', #1363, #6812, #1801, .T. ) ;
#4338 = FACE_OUTER_BOUND ( 'NONE', #4734, .T. ) ;
#4339 = CARTESIAN_POINT ( 'NONE',  ( -2.299999999999999822, 0.000000000000000000, -2.373922824958600408 ) ) ;
#4340 = CYLINDRICAL_SURFACE ( 'NONE', #9246, 0.2000000000000330402 ) ;
#4341 = ORIENTED_EDGE ( 'NONE', *, *, #2814, .F. ) ;
#4342 = VECTOR ( 'NONE', #8732, 1000.000000000000000 ) ;
#4343 = LINE ( 'NONE', #7271, #7853 ) ;
#4344 = ORIENTED_EDGE ( 'NONE', *, *, #4059, .F. ) ;
#4345 = FACE_OUTER_BOUND ( 'NONE', #8637, .T. ) ;
#4346 = EDGE_CURVE ( 'NONE', #3316, #1677, #1081, .T. ) ;
#4347 = PLANE ( 'NONE',  #6840 ) ;
#4348 = VECTOR ( 'NONE', #2661, 1000.000000000000000 ) ;
#4349 = DIRECTION ( 'NONE',  ( 0.000000000000000000, -1.000000000000000000, 0.000000000000000000 ) ) ;
#4350 = DIRECTION ( 'NONE',  ( -1.000000000000000000, 0.000000000000000000, 0.000000000000000000 ) ) ;
#4351 = CARTESIAN_POINT ( 'NONE',  ( 0.4500000000000000666, 2.399999999999999911, 2.200000000000000178 ) ) ;
#4352 = FACE_OUTER_BOUND ( 'NONE', #5537, .T. ) ;
#4353 = CARTESIAN_POINT ( 'NONE',  ( -0.9499999999999997335, 2.100000000000000089, 0.6500000000000000222 ) ) ;
#4354 = EDGE_LOOP ( 'NONE', ( #5327, #3276, #4017, #105 ) ) ;
#4355 = DIRECTION ( 'NONE',  ( -1.000000000000000000, 0.000000000000000000, 0.000000000000000000 ) ) ;
#4356 = EDGE_LOOP ( 'NONE', ( #7814, #6837, #899, #1369 ) ) ;
#4357 = ORIENTED_EDGE ( 'NONE', *, *, #4952, .F. ) ;
#4358 = VECTOR ( 'NONE', #1420, 1000.000000000000000 ) ;
#4359 = DIRECTION ( 'NONE',  ( 1.000000000000000000, 0.000000000000000000, 0.000000000000000000 ) ) ;
#4360 = FACE_OUTER_BOUND ( 'NONE', #9280, .T. ) ;
#4361 = CARTESIAN_POINT ( 'NONE',  ( 2.100000000000000089, 0.7000000000000099476, -2.600000000000000533 ) ) ;
#4362 = VECTOR ( 'NONE', #4359, 1000.000000000000000 ) ;
#4363 = ORIENTED_EDGE ( 'NONE', *, *, #734, .T. ) ;
#4364 = ORIENTED_EDGE ( 'NONE', *, *, #6527, .F. ) ;
#4365 = FACE_OUTER_BOUND ( 'NONE', #2823, .T. ) ;
#4366 = ORIENTED_EDGE ( 'NONE', *, *, #2997, .F. ) ;
#4367 = EDGE_LOOP ( 'NONE', ( #787, #2364, #5955, #3301 ) ) ;
#4368 = EDGE_CURVE ( 'NONE', #6652, #5885, #2891, .T. ) ;
#4369 = VECTOR ( 'NONE', #1447, 1000.000000000000000 ) ;
#4370 = CARTESIAN_POINT ( 'NONE',  ( -3.239958560891998740, 0.6948314713750736171, 2.648517948265640243 ) ) ;
#4371 = LINE ( 'NONE', #751, #5145 ) ;
#4372 = CARTESIAN_POINT ( 'NONE',  ( -0.2758503961842263541, 0.6499999999999979128, 0.07414960381576546355 ) ) ;
#4373 = ORIENTED_EDGE ( 'NONE', *, *, #4162, .F. ) ;
#4374 = CIRCLE ( 'NONE', #6233, 0.05000000000000012768 ) ;
#4375 = CARTESIAN_POINT ( 'NONE',  ( -2.225000000000000089, 2.399999999999999911, -2.149999999999999911 ) ) ;
#4376 = FACE_OUTER_BOUND ( 'NONE', #7717, .T. ) ;
#4377 = VERTEX_POINT ( 'NONE', #8661 ) ;
#4378 = DIRECTION ( 'NONE',  ( 1.000000000000000000, -0.000000000000000000, -0.000000000000000000 ) ) ;
#4379 = EDGE_CURVE ( 'NONE', #4762, #7661, #2158, .T. ) ;
#4380 = ADVANCED_FACE ( 'NONE', ( #4170 ), #7999, .T. ) ;
#4381 = AXIS2_PLACEMENT_3D ( 'NONE', #2499, #8283, #5418 ) ;
#4382 = LINE ( 'NONE', #7310, #9087 ) ;
#4383 = DIRECTION ( 'NONE',  ( 1.000000000000000000, 0.000000000000000000, 0.000000000000000000 ) ) ;
#4384 = DIRECTION ( 'NONE',  ( 0.000000000000000000, 0.9828721869343458595, -0.1842885350500574615 ) ) ;
#4385 = ADVANCED_FACE ( 'NONE', ( #7866 ), #1316, .F. ) ;
#4386 = CARTESIAN_POINT ( 'NONE',  ( 0.9499999999999999556, 2.419999999999999929, 1.750000000000000000 ) ) ;
#4387 = ORIENTED_EDGE ( 'NONE', *, *, #6756, .T. ) ;
#4388 = CIRCLE ( 'NONE', #8817, 0.04999999999999991257 ) ;
#4389 = ORIENTED_EDGE ( 'NONE', *, *, #9008, .T. ) ;
#4390 = DIRECTION ( 'NONE',  ( 0.000000000000000000, 0.000000000000000000, -1.000000000000000000 ) ) ;
#4391 = ADVANCED_FACE ( 'NONE', ( #4882 ), #5072, .F. ) ;
#4392 = DIRECTION ( 'NONE',  ( -1.000000000000000000, 0.000000000000000000, 0.000000000000000000 ) ) ;
#4393 = CARTESIAN_POINT ( 'NONE',  ( 0.8299999999999999600, 0.8499999999999999778, -3.160007371274399901 ) ) ;
#4394 = LINE ( 'NONE', #8228, #1725 ) ;
#4395 = FACE_OUTER_BOUND ( 'NONE', #8735, .T. ) ;
#4396 = EDGE_CURVE ( 'NONE', #1821, #2502, #5027, .T. ) ;
#4397 = CARTESIAN_POINT ( 'NONE',  ( -2.125000000000000000, 2.419999999999999929, -1.949999999999999956 ) ) ;
#4398 = ORIENTED_EDGE ( 'NONE', *, *, #4337, .F. ) ;
#4399 = CARTESIAN_POINT ( 'NONE',  ( -2.299999999999999822, -3.388131789017199877E-16, 2.373922824958600408 ) ) ;
#4400 = ORIENTED_EDGE ( 'NONE', *, *, #7273, .F. ) ;
#4401 = CARTESIAN_POINT ( 'NONE',  ( -2.399999999999999911, 1.124999999999956257, 2.650000000000005240 ) ) ;
#4402 = ORIENTED_EDGE ( 'NONE', *, *, #1241, .T. ) ;
#4403 = ADVANCED_FACE ( 'NONE', ( #737 ), #7286, .F. ) ;
#4404 = LINE ( 'NONE', #4989, #4362 ) ;
#4405 = CARTESIAN_POINT ( 'NONE',  ( 3.127227283319739648, 0.4568492095090930238, 2.530697662583829999 ) ) ;
#4406 = DIRECTION ( 'NONE',  ( 0.000000000000000000, 1.000000000000000000, 0.000000000000000000 ) ) ;
#4407 = CARTESIAN_POINT ( 'NONE',  ( -0.3499999999999999778, 0.5500000000000000444, 0.5500000000000000444 ) ) ;
#4408 = CARTESIAN_POINT ( 'NONE',  ( -2.200000000000155609, 0.000000000000000000, -1.799999999999844835 ) ) ;
#4409 = VERTEX_POINT ( 'NONE', #6578 ) ;
#4410 = LINE ( 'NONE', #2924, #1884 ) ;
#4411 = CARTESIAN_POINT ( 'NONE',  ( -1.824999999999999956, 2.399999999999999911, -2.149999999999999911 ) ) ;
#4412 = ORIENTED_EDGE ( 'NONE', *, *, #8329, .T. ) ;
#4413 = VERTEX_POINT ( 'NONE', #4932 ) ;
#4414 = LINE ( 'NONE', #7927, #102 ) ;
#4415 = CARTESIAN_POINT ( 'NONE',  ( -2.109999999999999876, 0.1315711464949800014, -3.502194353120600123 ) ) ;
#4416 = CARTESIAN_POINT ( 'NONE',  ( 2.100000000000000089, 0.1500000000000405176, 3.600481571814114989 ) ) ;
#4417 = EDGE_LOOP ( 'NONE', ( #5876, #8341, #5763, #2428 ) ) ;
#4418 = B_SPLINE_CURVE_WITH_KNOTS ( 'NONE', 3,
 ( #3338, #6371, #5640, #6235 ),
 .UNSPECIFIED., .F., .F.,
 ( 4, 4 ),
 ( 5.467456821834736580, 5.514174532235586845 ),
 .UNSPECIFIED. ) ;
#4419 = LINE ( 'NONE', #8108, #962 ) ;
#4420 = CARTESIAN_POINT ( 'NONE',  ( -2.399999999999999911, 0.6999999999999999556, -2.700000000000000178 ) ) ;
#4421 = ORIENTED_EDGE ( 'NONE', *, *, #8866, .T. ) ;
#4422 = PLANE ( 'NONE',  #2920 ) ;
#4423 = DIRECTION ( 'NONE',  ( 1.000000000000000000, 0.000000000000000000, 0.000000000000000000 ) ) ;
#4424 = CARTESIAN_POINT ( 'NONE',  ( -2.224999999999845102, 2.419999999999999929, -1.949999999999845413 ) ) ;
#4425 = EDGE_CURVE ( 'NONE', #7875, #366, #9217, .T. ) ;
#4426 = ORIENTED_EDGE ( 'NONE', *, *, #6222, .T. ) ;
#4427 = DIRECTION ( 'NONE',  ( -0.000000000000000000, 1.000000000000000000, -0.000000000000000000 ) ) ;
#4428 = VERTEX_POINT ( 'NONE', #3497 ) ;
#4429 = ORIENTED_EDGE ( 'NONE', *, *, #2635, .T. ) ;
#4430 = FACE_OUTER_BOUND ( 'NONE', #593, .T. ) ;
#4431 = PLANE ( 'NONE',  #4525 ) ;
#4432 = DIRECTION ( 'NONE',  ( 0.000000000000000000, -1.000000000000000000, 0.000000000000000000 ) ) ;
#4433 = ADVANCED_FACE ( 'NONE', ( #7191 ), #1981, .T. ) ;
#4434 = CIRCLE ( 'NONE', #7053, 0.09999999999984630905 ) ;
#4435 = EDGE_CURVE ( 'NONE', #3924, #7156, #9436, .T. ) ;
#4436 = DIRECTION ( 'NONE',  ( 0.000000000000000000, 0.000000000000000000, -1.000000000000000000 ) ) ;
#4437 = DIRECTION ( 'NONE',  ( 0.000000000000000000, 0.000000000000000000, -1.000000000000000000 ) ) ;
#4438 = DIRECTION ( 'NONE',  ( 0.000000000000000000, 1.000000000000000000, 0.000000000000000000 ) ) ;
#4439 = VERTEX_POINT ( 'NONE', #2824 ) ;
#4440 = ORIENTED_EDGE ( 'NONE', *, *, #2472, .T. ) ;
#4441 = DIRECTION ( 'NONE',  ( 0.000000000000000000, -1.000000000000000000, 0.000000000000000000 ) ) ;
#4442 = ORIENTED_EDGE ( 'NONE', *, *, #531, .F. ) ;
#4443 = VECTOR ( 'NONE', #4903, 1000.000000000000000 ) ;
#4444 = EDGE_CURVE ( 'NONE', #366, #1350, #2694, .T. ) ;
#4445 = PLANE ( 'NONE',  #8491 ) ;
#4446 = FACE_OUTER_BOUND ( 'NONE', #6752, .T. ) ;
#4447 = CARTESIAN_POINT ( 'NONE',  ( -0.2500000000000000000, 0.05000000000000000278, 0.6500000000000001332 ) ) ;
#4448 = EDGE_CURVE ( 'NONE', #6526, #3027, #5614, .T. ) ;
#4449 = CARTESIAN_POINT ( 'NONE',  ( -0.2499999999999999445, 2.100000000000000089, 0.6500000000000001332 ) ) ;
#4450 = DIRECTION ( 'NONE',  ( 0.9486832980505136570, -0.3162277660168383853, 0.000000000000000000 ) ) ;
#4451 = AXIS2_PLACEMENT_3D ( 'NONE', #6397, #5760, #22 ) ;
#4452 = ORIENTED_EDGE ( 'NONE', *, *, #4276, .F. ) ;
#4453 = VERTEX_POINT ( 'NONE', #7239 ) ;
#4454 = VECTOR ( 'NONE', #7144, 1000.000000000000000 ) ;
#4455 = LINE ( 'NONE', #747, #6014 ) ;
#4456 = ORIENTED_EDGE ( 'NONE', *, *, #6478, .T. ) ;
#4457 = ORIENTED_EDGE ( 'NONE', *, *, #4288, .T. ) ;
#4458 = EDGE_CURVE ( 'NONE', #3016, #2513, #8158, .T. ) ;
#4459 = VECTOR ( 'NONE', #1744, 1000.000000000000114 ) ;
#4460 = VECTOR ( 'NONE', #6089, 1000.000000000000000 ) ;
#4461 = FACE_OUTER_BOUND ( 'NONE', #7867, .T. ) ;
#4462 = CARTESIAN_POINT ( 'NONE',  ( 0.8299999999999999600, 0.1500000000000175360, 3.600481571814044823 ) ) ;
#4463 = PRODUCT_RELATED_PRODUCT_CATEGORY ( 'part', '', ( #5925 ) ) ;
#4464 = CARTESIAN_POINT ( 'NONE',  ( 2.290000000000000036, 2.100000000000000977, -0.6499999999999998002 ) ) ;
#4465 = DIRECTION ( 'NONE',  ( 0.000000000000000000, -1.000000000000000000, 0.000000000000000000 ) ) ;
#4466 = ORIENTED_EDGE ( 'NONE', *, *, #1304, .T. ) ;
#4467 = EDGE_LOOP ( 'NONE', ( #3044, #5135, #5587, #6123, #8214, #6048, #9159, #1683, #9063, #8442 ) ) ;
#4468 = CARTESIAN_POINT ( 'NONE',  ( 1.119999999999999885, 2.399999999999999911, -1.500000000000000000 ) ) ;
#4469 = CARTESIAN_POINT ( 'NONE',  ( 1.050000000000000044, 2.419999999999999929, 2.200000000000000178 ) ) ;
#4470 = ORIENTED_EDGE ( 'NONE', *, *, #5475, .F. ) ;
#4471 = AXIS2_PLACEMENT_3D ( 'NONE', #5420, #4074, #4745 ) ;
#4472 = FACE_OUTER_BOUND ( 'NONE', #167, .T. ) ;
#4473 = AXIS2_PLACEMENT_3D ( 'NONE', #6047, #3012, #2398 ) ;
#4474 = DIRECTION ( 'NONE',  ( 0.000000000000000000, 0.000000000000000000, -1.000000000000000000 ) ) ;
#4475 = VECTOR ( 'NONE', #5652, 1000.000000000000000 ) ;
#4476 = CARTESIAN_POINT ( 'NONE',  ( -2.109999999999999876, 0.1500000000000405176, 3.600481571814114989 ) ) ;
#4477 = APPLICATION_CONTEXT ( 'automotive_design' ) ;
#4478 = EDGE_LOOP ( 'NONE', ( #2934, #1501, #8774, #8153 ) ) ;
#4479 = DIRECTION ( 'NONE',  ( 0.000000000000000000, 0.000000000000000000, -1.000000000000000000 ) ) ;
#4480 = ORIENTED_EDGE ( 'NONE', *, *, #7082, .F. ) ;
#4481 = DIRECTION ( 'NONE',  ( 0.000000000000000000, -1.000000000000000000, 0.000000000000000000 ) ) ;
#4482 = VERTEX_POINT ( 'NONE', #5753 ) ;
#4483 = CARTESIAN_POINT ( 'NONE',  ( 1.590000000000000080, 1.750000000000000000, -0.6500000000000001332 ) ) ;
#4484 = VECTOR ( 'NONE', #2373, 1000.000000000000000 ) ;
#4485 = ADVANCED_FACE ( 'NONE', ( #2118 ), #2869, .F. ) ;
#4486 = DIRECTION ( 'NONE',  ( 0.000000000000000000, 0.000000000000000000, 1.000000000000000000 ) ) ;
#4487 = DIRECTION ( 'NONE',  ( 0.000000000000000000, -0.9931506043228761627, 0.1168412475673973189 ) ) ;
#4488 = CARTESIAN_POINT ( 'NONE',  ( 0.3499999999999999778, 0.5500000000000000444, 0.5499999999999839462 ) ) ;
#4489 = CIRCLE ( 'NONE', #2061, 0.04999999999999991257 ) ;
#4490 = DIRECTION ( 'NONE',  ( 0.000000000000000000, 0.000000000000000000, 1.000000000000000000 ) ) ;
#4491 = DIRECTION ( 'NONE',  ( -0.9612616959383240012, 0.2756373558169815108, 0.000000000000000000 ) ) ;
#4492 = ORIENTED_EDGE ( 'NONE', *, *, #5470, .F. ) ;
#4493 = LINE ( 'NONE', #8798, #1738 ) ;
#4494 = ORIENTED_EDGE ( 'NONE', *, *, #6393, .T. ) ;
#4495 = CARTESIAN_POINT ( 'NONE',  ( 0.8299999999999999600, 0.7000000000000099476, -2.600000000000000533 ) ) ;
#4496 = ORIENTED_EDGE ( 'NONE', *, *, #1888, .F. ) ;
#4497 = EDGE_CURVE ( 'NONE', #7156, #4078, #5898, .T. ) ;
#4498 = EDGE_CURVE ( 'NONE', #565, #3026, #5314, .T. ) ;
#4499 = AXIS2_PLACEMENT_3D ( 'NONE', #7844, #8550, #6373 ) ;
#4500 = CARTESIAN_POINT ( 'NONE',  ( -0.4400000000000000022, 0.1500000000000405176, 3.600481571814114989 ) ) ;
#4501 = DIRECTION ( 'NONE',  ( 0.000000000000000000, 1.000000000000000000, 0.000000000000000000 ) ) ;
#4502 = PLANE ( 'NONE',  #7298 ) ;
#4503 = CARTESIAN_POINT ( 'NONE',  ( -2.110000000000000320, 0.6999999999999999556, 2.649999999999999911 ) ) ;
#4504 = DIRECTION ( 'NONE',  ( 0.000000000000000000, 0.000000000000000000, 1.000000000000000000 ) ) ;
#4505 = ORIENTED_EDGE ( 'NONE', *, *, #6885, .T. ) ;
#4506 = ORIENTED_EDGE ( 'NONE', *, *, #2683, .F. ) ;
#4507 = CIRCLE ( 'NONE', #3137, 0.2000000000000334843 ) ;
#4508 = CARTESIAN_POINT ( 'NONE',  ( -0.2499999999999669986, 0.5500000000000000444, 0.6500000000000001332 ) ) ;
#4509 = LINE ( 'NONE', #3795, #2802 ) ;
#4510 = EDGE_CURVE ( 'NONE', #9455, #955, #4493, .T. ) ;
#4511 = EDGE_LOOP ( 'NONE', ( #3317, #3784, #6165, #7675 ) ) ;
#4512 = ORIENTED_EDGE ( 'NONE', *, *, #1414, .T. ) ;
#4513 = EDGE_CURVE ( 'NONE', #2784, #823, #5169, .T. ) ;
#4514 = DIRECTION ( 'NONE',  ( 0.000000000000000000, -1.000000000000000000, 0.000000000000000000 ) ) ;
#4515 = VECTOR ( 'NONE', #2873, 1000.000000000000000 ) ;
#4516 = CYLINDRICAL_SURFACE ( 'NONE', #4695, 0.09999999999984630905 ) ;
#4517 = CARTESIAN_POINT ( 'NONE',  ( 2.659609897030200010, 2.311684124756699710, -2.510390102969800807 ) ) ;
#4518 = CARTESIAN_POINT ( 'NONE',  ( 0.3499999999999999778, 0.05000000000000000278, 0.000000000000000000 ) ) ;
#4519 = VERTEX_POINT ( 'NONE', #8086 ) ;
#4520 = LINE ( 'NONE', #5818, #8896 ) ;
#4521 = CARTESIAN_POINT ( 'NONE',  ( -0.4400000000000000022, 0.05000000000000000278, 3.600481571814099890 ) ) ;
#4522 = EDGE_CURVE ( 'NONE', #607, #3083, #7079, .T. ) ;
#4523 = EDGE_LOOP ( 'NONE', ( #5667, #5976, #8635, #5102 ) ) ;
#4524 =( LENGTH_UNIT ( ) NAMED_UNIT ( * ) SI_UNIT ( .MILLI., .METRE. ) );
#4525 = AXIS2_PLACEMENT_3D ( 'NONE', #7833, #7746, #7793 ) ;
#4526 = ADVANCED_FACE ( 'NONE', ( #1539 ), #8842, .T. ) ;
#4527 = CARTESIAN_POINT ( 'NONE',  ( -1.419999999999999929, 2.399999999999999911, 1.500000000000000000 ) ) ;
#4528 = AXIS2_PLACEMENT_3D ( 'NONE', #5684, #4383, #620 ) ;
#4529 = AXIS2_PLACEMENT_3D ( 'NONE', #844, #6551, #5186 ) ;
#4530 = DIRECTION ( 'NONE',  ( 1.000000000000000000, 0.000000000000000000, 0.000000000000000000 ) ) ;
#4531 = DIRECTION ( 'NONE',  ( -1.000000000000000000, 0.000000000000000000, 0.000000000000000000 ) ) ;
#4532 = ORIENTED_EDGE ( 'NONE', *, *, #2916, .F. ) ;
#4533 = PLANE ( 'NONE',  #2514 ) ;
#4534 = VERTEX_POINT ( 'NONE', #3783 ) ;
#4535 = CARTESIAN_POINT ( 'NONE',  ( -0.2500000000000000000, 0.5500000000000000444, 0.6500000000000001332 ) ) ;
#4536 = VERTEX_POINT ( 'NONE', #3826 ) ;
#4537 = CARTESIAN_POINT ( 'NONE',  ( -1.723113446486100209, 2.419999999999999929, -1.850000000000000089 ) ) ;
#4538 = VECTOR ( 'NONE', #7873, 1000.000000000000000 ) ;
#4539 = DIRECTION ( 'NONE',  ( 0.000000000000000000, 0.000000000000000000, -1.000000000000000000 ) ) ;
#4540 = DIRECTION ( 'NONE',  ( 0.000000000000000000, -1.000000000000000000, 0.000000000000000000 ) ) ;
#4541 = VECTOR ( 'NONE', #3633, 1000.000000000000000 ) ;
#4542 = LINE ( 'NONE', #7471, #5711 ) ;
#4543 = LINE ( 'NONE', #3824, #7549 ) ;
#4544 = VERTEX_POINT ( 'NONE', #6720 ) ;
#4545 = CARTESIAN_POINT ( 'NONE',  ( -0.1499999999999999944, 2.399999999999999911, -1.500000000000000000 ) ) ;
#4546 = ORIENTED_EDGE ( 'NONE', *, *, #158, .F. ) ;
#4547 = CARTESIAN_POINT ( 'NONE',  ( -1.824999999999999956, 2.399999999999999911, -2.149999999999999911 ) ) ;
#4548 = VERTEX_POINT ( 'NONE', #8943 ) ;
#4549 = AXIS2_PLACEMENT_3D ( 'NONE', #5118, #5022, #7945 ) ;
#4550 = LINE ( 'NONE', #7477, #3751 ) ;
#4551 = CARTESIAN_POINT ( 'NONE',  ( 2.973922824958600053, 0.000000000000000000, 2.373922824958600408 ) ) ;
#4552 = LINE ( 'NONE', #3258, #6850 ) ;
#4553 = LINE ( 'NONE', #5952, #2028 ) ;
#4554 = CARTESIAN_POINT ( 'NONE',  ( -0.8400000000000001910, 0.1500000000000405176, 3.600481571814114989 ) ) ;
#4555 = ORIENTED_EDGE ( 'NONE', *, *, #5345, .F. ) ;
#4556 = EDGE_CURVE ( 'NONE', #2586, #7252, #2300, .T. ) ;
#4557 = ORIENTED_EDGE ( 'NONE', *, *, #5518, .F. ) ;
#4558 = LINE ( 'NONE', #1605, #6947 ) ;
#4559 = ORIENTED_EDGE ( 'NONE', *, *, #7928, .T. ) ;
#4560 = ORIENTED_EDGE ( 'NONE', *, *, #1309, .F. ) ;
#4561 = LINE ( 'NONE', #8964, #8177 ) ;
#4562 = DIRECTION ( 'NONE',  ( 6.949735925636902920E-13, 0.000000000000000000, -1.000000000000000000 ) ) ;
#4563 = FACE_OUTER_BOUND ( 'NONE', #1944, .T. ) ;
#4564 = DIRECTION ( 'NONE',  ( 0.000000000000000000, -1.000000000000000000, 0.000000000000000000 ) ) ;
#4565 = ORIENTED_EDGE ( 'NONE', *, *, #2132, .F. ) ;
#4566 = EDGE_CURVE ( 'NONE', #4913, #1821, #7386, .T. ) ;
#4567 = VERTEX_POINT ( 'NONE', #4545 ) ;
#4568 = EDGE_CURVE ( 'NONE', #807, #7025, #6670, .T. ) ;
#4569 = LINE ( 'NONE', #5387, #2052 ) ;
#4570 = ORIENTED_EDGE ( 'NONE', *, *, #3039, .F. ) ;
#4571 = LINE ( 'NONE', #8401, #2531 ) ;
#4572 = EDGE_CURVE ( 'NONE', #7249, #9049, #164, .T. ) ;
#4573 = PLANE ( 'NONE',  #1753 ) ;
#4574 = ADVANCED_FACE ( 'NONE', ( #4587 ), #117, .T. ) ;
#4575 = ORIENTED_EDGE ( 'NONE', *, *, #7047, .F. ) ;
#4576 = CARTESIAN_POINT ( 'NONE',  ( -1.709999999999999964, 0.1315711464949800014, 3.502194353120600123 ) ) ;
#4577 = ORIENTED_EDGE ( 'NONE', *, *, #8078, .F. ) ;
#4578 = ORIENTED_EDGE ( 'NONE', *, *, #318, .F. ) ;
#4579 = CARTESIAN_POINT ( 'NONE',  ( -2.661173384981574408, 2.324973229974758748, 2.508826615018425521 ) ) ;
#4580 = CARTESIAN_POINT ( 'NONE',  ( -3.244954963079024868, 0.6824058653720780354, -2.644954963079025223 ) ) ;
#4581 = DIRECTION ( 'NONE',  ( 0.000000000000000000, 0.000000000000000000, 1.000000000000000000 ) ) ;
#4582 = EDGE_CURVE ( 'NONE', #1541, #4915, #5123, .T. ) ;
#4583 = DIRECTION ( 'NONE',  ( 1.000000000000000000, -0.000000000000000000, -0.000000000000000000 ) ) ;
#4584 = DIRECTION ( 'NONE',  ( 0.000000000000000000, 1.000000000000000000, 0.000000000000000000 ) ) ;
#4585 = PLANE ( 'NONE',  #7856 ) ;
#4586 = EDGE_LOOP ( 'NONE', ( #7487, #4283, #6610, #4366 ) ) ;
#4587 = FACE_OUTER_BOUND ( 'NONE', #5472, .T. ) ;
#4588 = ORIENTED_EDGE ( 'NONE', *, *, #8257, .F. ) ;
#4589 = DIRECTION ( 'NONE',  ( 1.000000000000000000, 0.000000000000000000, 0.000000000000000000 ) ) ;
#4590 = ORIENTED_EDGE ( 'NONE', *, *, #8580, .F. ) ;
#4591 = VECTOR ( 'NONE', #6457, 1000.000000000000000 ) ;
#4592 = DIRECTION ( 'NONE',  ( 1.000000000000000000, -0.000000000000000000, -0.000000000000000000 ) ) ;
#4593 = DIRECTION ( 'NONE',  ( -1.000000000000000000, 0.000000000000000000, 0.000000000000000000 ) ) ;
#4594 = CARTESIAN_POINT ( 'NONE',  ( 0.3403718041912703329, 0.6010495520008179993, 0.6010495520008181103 ) ) ;
#4595 = PLANE ( 'NONE',  #8878 ) ;
#4596 = DIRECTION ( 'NONE',  ( 0.000000000000000000, 1.000000000000000000, 0.000000000000000000 ) ) ;
#4597 = EDGE_LOOP ( 'NONE', ( #876, #5931, #6486, #8832 ) ) ;
#4598 = ORIENTED_EDGE ( 'NONE', *, *, #4973, .F. ) ;
#4599 = FACE_OUTER_BOUND ( 'NONE', #5435, .T. ) ;
#4600 = ORIENTED_EDGE ( 'NONE', *, *, #3231, .F. ) ;
#4601 = VECTOR ( 'NONE', #5527, 1000.000000000000000 ) ;
#4602 = VECTOR ( 'NONE', #8982, 1000.000000000000000 ) ;
#4603 = ORIENTED_EDGE ( 'NONE', *, *, #5905, .T. ) ;
#4604 = EDGE_CURVE ( 'NONE', #1170, #2870, #8232, .T. ) ;
#4605 = CARTESIAN_POINT ( 'NONE',  ( -2.758924957462475014, 2.399999999999999911, 2.411075042537524915 ) ) ;
#4606 = VECTOR ( 'NONE', #3388, 1000.000000000000000 ) ;
#4607 = CARTESIAN_POINT ( 'NONE',  ( 2.100000000000000089, 0.05000000000000000278, 3.600481571814099890 ) ) ;
#4608 = AXIS2_PLACEMENT_3D ( 'NONE', #4791, #8284, #6147 ) ;
#4609 = CARTESIAN_POINT ( 'NONE',  ( 3.043579060937430469, 2.394570020555450096, 2.443579060937429936 ) ) ;
#4610 = DIRECTION ( 'NONE',  ( 0.000000000000000000, -1.000000000000000000, 0.000000000000000000 ) ) ;
#4611 = ORIENTED_EDGE ( 'NONE', *, *, #7806, .T. ) ;
#4612 = VERTEX_POINT ( 'NONE', #7520 ) ;
#4613 = LINE ( 'NONE', #3897, #2645 ) ;
#4614 = DIRECTION ( 'NONE',  ( -1.000000000000000000, 0.000000000000000000, 0.000000000000000000 ) ) ;
#4615 = VERTEX_POINT ( 'NONE', #5993 ) ;
#4616 = VECTOR ( 'NONE', #3398, 1000.000000000000000 ) ;
#4617 = VECTOR ( 'NONE', #62, 1000.000000000000000 ) ;
#4618 = PRODUCT_DEFINITION_SHAPE ( 'NONE', 'NONE',  #9461 ) ;
#4619 = EDGE_CURVE ( 'NONE', #7444, #837, #922, .T. ) ;
#4620 = EDGE_CURVE ( 'NONE', #8450, #749, #2351, .T. ) ;
#4621 = DIRECTION ( 'NONE',  ( -1.000000000000000000, 0.000000000000000000, 0.000000000000000000 ) ) ;
#4622 = PRODUCT_RELATED_PRODUCT_CATEGORY ( 'part', '', ( #3934 ) ) ;
#4623 = VECTOR ( 'NONE', #1078, 1000.000000000000000 ) ;
#4624 = AXIS2_PLACEMENT_3D ( 'NONE', #9446, #2974, #6009 ) ;
#4625 = VERTEX_POINT ( 'NONE', #3871 ) ;
#4626 = CYLINDRICAL_SURFACE ( 'NONE', #8926, 0.09999999999993065825 ) ;
#4627 = ORIENTED_EDGE ( 'NONE', *, *, #5201, .F. ) ;
#4628 = ORIENTED_EDGE ( 'NONE', *, *, #5681, .F. ) ;
#4629 = EDGE_CURVE ( 'NONE', #6681, #5545, #16, .T. ) ;
#4630 = CARTESIAN_POINT ( 'NONE',  ( -2.735443298370965337, 2.399999999999981259, 2.434556701629035036 ) ) ;
#4631 = AXIS2_PLACEMENT_3D ( 'NONE', #3677, #202, #2254 ) ;
#4632 = EDGE_CURVE ( 'NONE', #5445, #1553, #6094, .T. ) ;
#4633 = AXIS2_PLACEMENT_3D ( 'NONE', #2491, #6950, #8275 ) ;
#4634 = DIRECTION ( 'NONE',  ( 0.000000000000000000, -1.000000000000000000, 0.000000000000000000 ) ) ;
#4635 = DIRECTION ( 'NONE',  ( 1.000000000000000000, 0.000000000000000000, 0.000000000000000000 ) ) ;
#4636 = CARTESIAN_POINT ( 'NONE',  ( 0.4500000000000000666, 2.419999999999999929, 2.200000000000000178 ) ) ;
#4637 = CIRCLE ( 'NONE', #8751, 0.2500000000000520139 ) ;
#4638 = CARTESIAN_POINT ( 'NONE',  ( -1.419999999999999929, 2.399999999999999911, -1.500000000000000000 ) ) ;
#4639 = FACE_OUTER_BOUND ( 'NONE', #5192, .T. ) ;
#4640 = ORIENTED_EDGE ( 'NONE', *, *, #4629, .F. ) ;
#4641 = AXIS2_PLACEMENT_3D ( 'NONE', #2947, #8780, #8071 ) ;
#4642 = DIRECTION ( 'NONE',  ( 0.000000000000000000, 0.000000000000000000, 1.000000000000000000 ) ) ;
#4643 = ORIENTED_EDGE ( 'NONE', *, *, #6918, .T. ) ;
#4644 = ADVANCED_FACE ( 'NONE', ( #5459 ), #4828, .T. ) ;
#4645 = CARTESIAN_POINT ( 'NONE',  ( -2.225000000000035172, 2.399999999999999911, -1.950000000000035039 ) ) ;
#4646 = ORIENTED_EDGE ( 'NONE', *, *, #1372, .F. ) ;
#4647 = EDGE_CURVE ( 'NONE', #7350, #4234, #2443, .T. ) ;
#4648 = CARTESIAN_POINT ( 'NONE',  ( 0.3499999999999999778, 0.5500000000000000444, 0.5499999999999839462 ) ) ;
#4649 = AXIS2_PLACEMENT_3D ( 'NONE', #4770, #1191, #7651 ) ;
#4650 = DIRECTION ( 'NONE',  ( 0.000000000000000000, 0.000000000000000000, 1.000000000000000000 ) ) ;
#4651 = CARTESIAN_POINT ( 'NONE',  ( 2.000000000000000000, 2.399999999999999911, 1.750000000000000222 ) ) ;
#4652 = CARTESIAN_POINT ( 'NONE',  ( 1.649999999999999911, 2.399999999999999911, 1.949999999999999956 ) ) ;
#4653 = UNCERTAINTY_MEASURE_WITH_UNIT (LENGTH_MEASURE( 1.000000000000000082E-05 ), #1714, 'distance_accuracy_value', 'NONE');
#4654 = PLANE ( 'NONE',  #4927 ) ;
#4655 = VERTEX_POINT ( 'NONE', #9180 ) ;
#4656 = ORIENTED_EDGE ( 'NONE', *, *, #8270, .T. ) ;
#4657 = DIRECTION ( 'NONE',  ( -1.000000000000000000, 0.000000000000000000, 0.000000000000000000 ) ) ;
#4658 = LINE ( 'NONE', #4123, #4801 ) ;
#4659 = VERTEX_POINT ( 'NONE', #1110 ) ;
#4660 = EDGE_LOOP ( 'NONE', ( #4891, #4933, #5720, #3419 ) ) ;
#4661 = VECTOR ( 'NONE', #6658, 1000.000000000000114 ) ;
#4662 = DIRECTION ( 'NONE',  ( 0.000000000000000000, 0.000000000000000000, -1.000000000000000000 ) ) ;
#4663 = CARTESIAN_POINT ( 'NONE',  ( -2.024999999999999911, 2.419999999999999929, -1.949999999999999956 ) ) ;
#4664 = DIRECTION ( 'NONE',  ( 0.000000000000000000, 0.000000000000000000, -1.000000000000000000 ) ) ;
#4665 = CARTESIAN_POINT ( 'NONE',  ( 3.062738196636755283, 0.05265041441647502762, 2.462712551241348802 ) ) ;
#4666 = AXIS2_PLACEMENT_3D ( 'NONE', #1730, #8457, #4106 ) ;
#4667 = CARTESIAN_POINT ( 'NONE',  ( 2.100000000000000089, 0.04999999999999400063, -4.000000000000000000 ) ) ;
#4668 = EDGE_LOOP ( 'NONE', ( #5143, #2868, #5883, #3599 ) ) ;
#4669 = ORIENTED_EDGE ( 'NONE', *, *, #2012, .F. ) ;
#4670 = CARTESIAN_POINT ( 'NONE',  ( -3.283463917694709799, 0.6999999999999999556, -2.597588810460188302 ) ) ;
#4671 = DIRECTION ( 'NONE',  ( 0.000000000000000000, -0.2756373558165383653, 0.9612616959384508997 ) ) ;
#4672 = ORIENTED_EDGE ( 'NONE', *, *, #6150, .T. ) ;
#4673 = ADVANCED_FACE ( 'NONE', ( #6997 ), #6901, .F. ) ;
#4674 = DIRECTION ( 'NONE',  ( 0.000000000000000000, -1.000000000000000000, 0.000000000000000000 ) ) ;
#4675 = CARTESIAN_POINT ( 'NONE',  ( 2.290000000000000036, 1.750000000000000000, 0.6500000000000001332 ) ) ;
#4676 = FACE_OUTER_BOUND ( 'NONE', #6740, .T. ) ;
#4677 = VECTOR ( 'NONE', #2965, 1000.000000000000000 ) ;
#4678 = VERTEX_POINT ( 'NONE', #301 ) ;
#4679 = DIRECTION ( 'NONE',  ( 0.000000000000000000, 0.000000000000000000, -1.000000000000000000 ) ) ;
#4680 = ORIENTED_EDGE ( 'NONE', *, *, #5916, .T. ) ;
#4681 = EDGE_CURVE ( 'NONE', #3264, #7788, #8988, .T. ) ;
#4682 = ADVANCED_FACE ( 'NONE', ( #4780 ), #9092, .F. ) ;
#4683 = ORIENTED_EDGE ( 'NONE', *, *, #2360, .F. ) ;
#4684 = DIRECTION ( 'NONE',  ( 0.000000000000000000, -1.000000000000000000, 0.000000000000000000 ) ) ;
#4685 = VECTOR ( 'NONE', #9377, 1000.000000000000000 ) ;
#4686 = ADVANCED_FACE ( 'NONE', ( #3249 ), #4735, .F. ) ;
#4687 = CARTESIAN_POINT ( 'NONE',  ( 1.699999999999999956, 0.1500000000000175360, 3.600481571814044823 ) ) ;
#4688 = LINE ( 'NONE', #9086, #1571 ) ;
#4689 = DIRECTION ( 'NONE',  ( -1.000000000000000000, 0.000000000000000000, 0.000000000000000000 ) ) ;
#4690 = FACE_OUTER_BOUND ( 'NONE', #2692, .T. ) ;
#4691 = DIRECTION ( 'NONE',  ( -1.000000000000000000, 0.000000000000000000, 0.000000000000000000 ) ) ;
#4692 = VERTEX_POINT ( 'NONE', #1831 ) ;
#4693 = EDGE_CURVE ( 'NONE', #9329, #3016, #397, .T. ) ;
#4694 = EDGE_CURVE ( 'NONE', #1692, #1303, #7550, .T. ) ;
#4695 = AXIS2_PLACEMENT_3D ( 'NONE', #2135, #6642, #7301 ) ;
#4696 = CARTESIAN_POINT ( 'NONE',  ( 0.4500000000000000666, 2.419999999999999929, 1.850000000000000089 ) ) ;
#4697 = ORIENTED_EDGE ( 'NONE', *, *, #6793, .F. ) ;
#4698 = DIRECTION ( 'NONE',  ( 0.000000000000000000, 0.000000000000000000, -1.000000000000000000 ) ) ;
#4699 = VERTEX_POINT ( 'NONE', #8462 ) ;
#4700 = DIRECTION ( 'NONE',  ( 1.000000000000000000, -0.000000000000000000, -0.000000000000000000 ) ) ;
#4701 = VECTOR ( 'NONE', #3363, 1000.000000000000000 ) ;
#4702 = EDGE_CURVE ( 'NONE', #1640, #1330, #2668, .T. ) ;
#4703 = DIRECTION ( 'NONE',  ( 1.000000000000000000, -0.000000000000000000, -0.000000000000000000 ) ) ;
#4704 = FACE_OUTER_BOUND ( 'NONE', #6314, .T. ) ;
#4705 = CARTESIAN_POINT ( 'NONE',  ( 1.949999999999999956, 2.419999999999999929, 1.949999999999999956 ) ) ;
#4706 = LINE ( 'NONE', #4166, #2183 ) ;
#4707 = EDGE_LOOP ( 'NONE', ( #71, #2841, #7038, #1456 ) ) ;
#4708 = EDGE_LOOP ( 'NONE', ( #5933, #1137, #2464, #6192, #970 ) ) ;
#4709 = EDGE_CURVE ( 'NONE', #3746, #2266, #1920, .T. ) ;
#4710 = CARTESIAN_POINT ( 'NONE',  ( -3.250000000000000444, 0.6999999999999999556, 2.636782556885044926 ) ) ;
#4711 = ORIENTED_EDGE ( 'NONE', *, *, #6166, .T. ) ;
#4713 = VERTEX_POINT ( 'NONE', #1869 ) ;
#4712 = AXIS2_PLACEMENT_3D ( 'NONE', #8938, #3148, #4539 ) ;
#4714 = CARTESIAN_POINT ( 'NONE',  ( 1.949999999999999956, 2.419999999999999929, 1.949999999999999956 ) ) ;
#4715 = PLANE ( 'NONE',  #3153 ) ;
#4716 = DIRECTION ( 'NONE',  ( 0.000000000000000000, 0.000000000000000000, -1.000000000000000000 ) ) ;
#4717 = DIRECTION ( 'NONE',  ( 0.000000000000000000, 0.1842885350503717934, -0.9828721869342869066 ) ) ;
#4718 = ORIENTED_EDGE ( 'NONE', *, *, #6754, .F. ) ;
#4719 = ORIENTED_EDGE ( 'NONE', *, *, #2003, .T. ) ;
#4720 = LINE ( 'NONE', #2426, #1281 ) ;
#4721 = EDGE_LOOP ( 'NONE', ( #2512, #3720, #2480, #3883 ) ) ;
#4722 = CARTESIAN_POINT ( 'NONE',  ( 1.119999999999999885, 2.399999999999999911, 1.500000000000000000 ) ) ;
#4723 = FACE_OUTER_BOUND ( 'NONE', #7706, .T. ) ;
#4724 = CARTESIAN_POINT ( 'NONE',  ( -0.2999999999999999889, 2.399999999999999911, 1.800000000000000266 ) ) ;
#4725 = ORIENTED_EDGE ( 'NONE', *, *, #5682, .F. ) ;
#4726 = DIRECTION ( 'NONE',  ( 1.000000000000000000, -0.000000000000000000, -0.000000000000000000 ) ) ;
#4727 = ORIENTED_EDGE ( 'NONE', *, *, #4952, .T. ) ;
#4728 = CARTESIAN_POINT ( 'NONE',  ( -1.709999999999999964, 0.1500000000000405176, -3.600481571814114989 ) ) ;
#4729 = EDGE_CURVE ( 'NONE', #3011, #6673, #7716, .T. ) ;
#4730 = CARTESIAN_POINT ( 'NONE',  ( 0.8299999999999999600, 0.5999999999999870992, -3.160007371274350163 ) ) ;
#4731 = DIRECTION ( 'NONE',  ( 1.000000000000000000, 0.000000000000000000, 0.000000000000000000 ) ) ;
#4732 = DIRECTION ( 'NONE',  ( 1.000000000000000000, -0.000000000000000000, -0.000000000000000000 ) ) ;
#4733 = CARTESIAN_POINT ( 'NONE',  ( -2.220000000000001528, 2.100000000000000089, 0.6499999999999999112 ) ) ;
#4734 = EDGE_LOOP ( 'NONE', ( #5485, #1174, #7314 ) ) ;
#4735 = PLANE ( 'NONE',  #4021 ) ;
#4736 = EDGE_LOOP ( 'NONE', ( #3093, #6590, #4099, #3013, #441, #9022 ) ) ;
#4737 = DIRECTION ( 'NONE',  ( 0.000000000000000000, 0.000000000000000000, -1.000000000000000000 ) ) ;
#4738 = VERTEX_POINT ( 'NONE', #6814 ) ;
#4739 = ADVANCED_FACE ( 'NONE', ( #255 ), #6140, .F. ) ;
#4740 = CARTESIAN_POINT ( 'NONE',  ( 0.6500000000000001332, 2.419999999999999929, 1.850000000000000089 ) ) ;
#4741 = EDGE_CURVE ( 'NONE', #2985, #2870, #7572, .T. ) ;
#4742 = FACE_OUTER_BOUND ( 'NONE', #1552, .T. ) ;
#4743 = CARTESIAN_POINT ( 'NONE',  ( 0.4299999999999999933, 0.1315711464949800014, 3.502194353120600123 ) ) ;
#4744 = FACE_OUTER_BOUND ( 'NONE', #83, .T. ) ;
#4745 = DIRECTION ( 'NONE',  ( 7.426784881525141180E-14, 0.000000000000000000, -1.000000000000000000 ) ) ;
#4746 = EDGE_LOOP ( 'NONE', ( #1101, #2387, #999, #4942, #7402, #5551 ) ) ;
#4747 = ORIENTED_EDGE ( 'NONE', *, *, #7903, .T. ) ;
#4748 = LINE ( 'NONE', #7677, #8912 ) ;
#4749 = ORIENTED_EDGE ( 'NONE', *, *, #5232, .T. ) ;
#4750 = ORIENTED_EDGE ( 'NONE', *, *, #2463, .F. ) ;
#4751 = EDGE_CURVE ( 'NONE', #8893, #9095, #7623, .T. ) ;
#4752 = AXIS2_PLACEMENT_3D ( 'NONE', #8945, #7475, #5316 ) ;
#4753 = CARTESIAN_POINT ( 'NONE',  ( 0.8299999999999999600, -0.1000000000000000056, -4.000000000000000000 ) ) ;
#4754 = EDGE_CURVE ( 'NONE', #444, #4615, #2010, .T. ) ;
#4755 = CARTESIAN_POINT ( 'NONE',  ( -0.4400000000000000022, 0.05000000000000000278, 4.000000000000000000 ) ) ;
#4756 = CARTESIAN_POINT ( 'NONE',  ( 3.110385512505040584, 2.311683584688764892, 2.313739734566734985 ) ) ;
#4757 = DIRECTION ( 'NONE',  ( 0.000000000000000000, -1.000000000000000000, 0.000000000000000000 ) ) ;
#4758 = ORIENTED_EDGE ( 'NONE', *, *, #8877, .T. ) ;
#4759 = ORIENTED_EDGE ( 'NONE', *, *, #9166, .F. ) ;
#4760 = VECTOR ( 'NONE', #8299, 1000.000000000000000 ) ;
#4761 = FACE_OUTER_BOUND ( 'NONE', #9333, .T. ) ;
#4762 = VERTEX_POINT ( 'NONE', #8648 ) ;
#4763 = EDGE_CURVE ( 'NONE', #1512, #9303, #9229, .T. ) ;
#4764 = VECTOR ( 'NONE', #6109, 1000.000000000000000 ) ;
#4765 = AXIS2_PLACEMENT_3D ( 'NONE', #5663, #8572, #2035 ) ;
#4766 = EDGE_CURVE ( 'NONE', #837, #4762, #7238, .T. ) ;
#4767 = DIRECTION ( 'NONE',  ( 0.000000000000000000, 1.000000000000000000, 7.979727989491668017E-14 ) ) ;
#4768 = DIRECTION ( 'NONE',  ( 1.000000000000000000, 0.000000000000000000, 0.000000000000000000 ) ) ;
#4769 = CARTESIAN_POINT ( 'NONE',  ( 1.940000000000000169, 1.750000000000000000, 0.000000000000000000 ) ) ;
#4770 = CARTESIAN_POINT ( 'NONE',  ( 0.9499999999999999556, 2.419999999999999929, 1.850000000000000089 ) ) ;
#4771 = ORIENTED_EDGE ( 'NONE', *, *, #2003, .F. ) ;
#4772 = ORIENTED_EDGE ( 'NONE', *, *, #8824, .F. ) ;
#4773 = AXIS2_PLACEMENT_3D ( 'NONE', #8611, #7516, #8741 ) ;
#4774 = AXIS2_PLACEMENT_3D ( 'NONE', #3312, #6339, #6910 ) ;
#4775 = AXIS2_PLACEMENT_3D ( 'NONE', #2392, #3822, #816 ) ;
#4776 = CARTESIAN_POINT ( 'NONE',  ( 1.119999999999999885, 2.399999999999999911, 1.500000000000000000 ) ) ;
#4777 = DIRECTION ( 'NONE',  ( -1.517883041479462102E-13, 0.000000000000000000, -1.000000000000000000 ) ) ;
#4778 = CYLINDRICAL_SURFACE ( 'NONE', #9373, 0.04999999999999991257 ) ;
#4779 = ORIENTED_EDGE ( 'NONE', *, *, #3624, .F. ) ;
#4780 = FACE_OUTER_BOUND ( 'NONE', #2107, .T. ) ;
#4781 = ORIENTED_EDGE ( 'NONE', *, *, #7563, .T. ) ;
#4782 = LINE ( 'NONE', #5461, #3062 ) ;
#4783 = VECTOR ( 'NONE', #6717, 1000.000000000000114 ) ;
#4784 = ADVANCED_FACE ( 'NONE', ( #4870 ), #6326, .T. ) ;
#4785 = ORIENTED_EDGE ( 'NONE', *, *, #156, .T. ) ;
#4786 = VECTOR ( 'NONE', #3056, 1000.000000000000000 ) ;
#4787 = LINE ( 'NONE', #4832, #2994 ) ;
#4788 = VECTOR ( 'NONE', #6811, 1000.000000000000000 ) ;
#4789 = CARTESIAN_POINT ( 'NONE',  ( 1.699999999999999956, 0.1315711464949800014, -3.502194353120600123 ) ) ;
#4790 = DIRECTION ( 'NONE',  ( 0.000000000000000000, 0.000000000000000000, 1.000000000000000000 ) ) ;
#4791 = CARTESIAN_POINT ( 'NONE',  ( 2.973922824958614708, 0.09999999999993559874, 2.850000000000000089 ) ) ;
#4792 = VECTOR ( 'NONE', #6321, 1000.000000000000000 ) ;
#4793 = DIRECTION ( 'NONE',  ( 0.000000000000000000, 1.000000000000000000, 0.000000000000000000 ) ) ;
#4794 = EDGE_LOOP ( 'NONE', ( #8073, #3647, #3588, #3366, #897, #1696 ) ) ;
#4795 = ORIENTED_EDGE ( 'NONE', *, *, #7745, .T. ) ;
#4796 = CARTESIAN_POINT ( 'NONE',  ( -0.8400000000000001910, 0.8499999999999999778, 2.649999999999999911 ) ) ;
#4797 = VERTEX_POINT ( 'NONE', #7848 ) ;
#4798 = EDGE_CURVE ( 'NONE', #5954, #3735, #2189, .T. ) ;
#4799 = EDGE_CURVE ( 'NONE', #4261, #4140, #3528, .T. ) ;
#4800 = ORIENTED_EDGE ( 'NONE', *, *, #6916, .T. ) ;
#4801 = VECTOR ( 'NONE', #6871, 1000.000000000000000 ) ;
#4802 = VECTOR ( 'NONE', #3953, 1000.000000000000000 ) ;
#4803 = FACE_OUTER_BOUND ( 'NONE', #38, .T. ) ;
#4804 = DIRECTION ( 'NONE',  ( 0.000000000000000000, -1.000000000000000000, 0.000000000000000000 ) ) ;
#4805 = FACE_OUTER_BOUND ( 'NONE', #8762, .T. ) ;
#4806 = ADVANCED_FACE ( 'NONE', ( #3484 ), #6423, .T. ) ;
#4807 = DIRECTION ( 'NONE',  ( 0.000000000000000000, 0.000000000000000000, -1.000000000000000000 ) ) ;
#4808 = VERTEX_POINT ( 'NONE', #677 ) ;
#4809 = ORIENTED_EDGE ( 'NONE', *, *, #7338, .F. ) ;
#4810 = FACE_OUTER_BOUND ( 'NONE', #1524, .T. ) ;
#4811 = VERTEX_POINT ( 'NONE', #2106 ) ;
#4812 = EDGE_CURVE ( 'NONE', #3772, #4180, #5644, .T. ) ;
#4813 = CARTESIAN_POINT ( 'NONE',  ( -2.475000000000000089, 2.399999999999999911, -1.949999999999999956 ) ) ;
#4814 = AXIS2_PLACEMENT_3D ( 'NONE', #5014, #3482, #6469 ) ;
#4815 = CARTESIAN_POINT ( 'NONE',  ( -0.9499999999999999556, 2.100000000000000089, -0.6500000000000001332 ) ) ;
#4816 = APPLICATION_PROTOCOL_DEFINITION ( 'draft international standard', 'automotive_design', 1998, #6152 ) ;
#4817 = CARTESIAN_POINT ( 'NONE',  ( -1.709999999999999964, 0.8499999999999999778, 2.600000000000000533 ) ) ;
#4818 = ORIENTED_EDGE ( 'NONE', *, *, #4798, .F. ) ;
#4819 = ORIENTED_EDGE ( 'NONE', *, *, #5659, .F. ) ;
#4820 = EDGE_CURVE ( 'NONE', #7341, #4678, #5016, .T. ) ;
#4821 = CYLINDRICAL_SURFACE ( 'NONE', #6516, 0.1000000000000228206 ) ;
#4822 = PLANE ( 'NONE',  #5771 ) ;
#4823 = DIRECTION ( 'NONE',  ( -1.000000000000000000, 0.000000000000000000, 0.000000000000000000 ) ) ;
#4824 = LINE ( 'NONE', #5595, #88 ) ;
#4825 = LINE ( 'NONE', #3848, #9070 ) ;
#4826 = EDGE_LOOP ( 'NONE', ( #1427, #8278, #3442, #3516, #7897, #6659, #4947, #4133, #419, #2173, #2741, #5038 ) ) ;
#4827 = DIRECTION ( 'NONE',  ( -1.000000000000000000, 0.000000000000000000, 0.000000000000000000 ) ) ;
#4828 = PLANE ( 'NONE',  #59 ) ;
#4829 = ORIENTED_EDGE ( 'NONE', *, *, #2993, .F. ) ;
#4830 = VERTEX_POINT ( 'NONE', #8552 ) ;
#4831 = VECTOR ( 'NONE', #8402, 1000.000000000000000 ) ;
#4832 = CARTESIAN_POINT ( 'NONE',  ( -0.6500000000000001332, 2.419999999999999929, 1.850000000000000089 ) ) ;
#4833 = CARTESIAN_POINT ( 'NONE',  ( -2.299999999999999822, 0.1499999999999999944, 1.800000000000000266 ) ) ;
#4834 = CARTESIAN_POINT ( 'NONE',  ( 2.290000000000000036, 1.750000000000000000, 0.6500000000000001332 ) ) ;
#4835 = VECTOR ( 'NONE', #2850, 1000.000000000000000 ) ;
#4836 = CARTESIAN_POINT ( 'NONE',  ( -3.205661041470325934, 0.6999999999999999556, -2.677203282953846575 ) ) ;
#4837 = VECTOR ( 'NONE', #276, 1000.000000000000114 ) ;
#4838 = CARTESIAN_POINT ( 'NONE',  ( -0.2500000000000000000, 2.100000000000000089, 0.6500000000000001332 ) ) ;
#4839 = ORIENTED_EDGE ( 'NONE', *, *, #7890, .T. ) ;
#4840 = ORIENTED_EDGE ( 'NONE', *, *, #4960, .F. ) ;
#4841 = DIRECTION ( 'NONE',  ( 1.000000000000000000, -0.000000000000000000, -0.000000000000000000 ) ) ;
#4842 = ORIENTED_EDGE ( 'NONE', *, *, #8015, .F. ) ;
#4843 = ORIENTED_EDGE ( 'NONE', *, *, #2851, .F. ) ;
#4844 = AXIS2_PLACEMENT_3D ( 'NONE', #9394, #1461, #2918 ) ;
#4845 = CYLINDRICAL_SURFACE ( 'NONE', #7277, 0.2500000000000409672 ) ;
#4846 = CARTESIAN_POINT ( 'NONE',  ( 2.100000000000000089, 0.6460721337625500160, 3.405725418007999661 ) ) ;
#4847 = EDGE_CURVE ( 'NONE', #4625, #9232, #7940, .T. ) ;
#4848 = DIRECTION ( 'NONE',  ( 0.000000000000000000, 0.000000000000000000, 1.000000000000000000 ) ) ;
#4849 = LINE ( 'NONE', #8300, #8621 ) ;
#4850 = EDGE_LOOP ( 'NONE', ( #6925, #3055, #3792, #4457 ) ) ;
#4851 = ORIENTED_EDGE ( 'NONE', *, *, #3980, .F. ) ;
#4852 = DIRECTION ( 'NONE',  ( 0.000000000000000000, 0.000000000000000000, -1.000000000000000000 ) ) ;
#4853 = VERTEX_POINT ( 'NONE', #1390 ) ;
#4854 = ORIENTED_EDGE ( 'NONE', *, *, #3766, .T. ) ;
#4855 = LINE ( 'NONE', #1279, #244 ) ;
#4856 = DIRECTION ( 'NONE',  ( -1.000000000000000000, 0.000000000000000000, 0.000000000000000000 ) ) ;
#4857 = CARTESIAN_POINT ( 'NONE',  ( 2.299999999999999822, 0.1499999999999999944, 1.800000000000000266 ) ) ;
#4858 = ADVANCED_FACE ( 'NONE', ( #5058 ), #1300, .F. ) ;
#4859 = ADVANCED_FACE ( 'NONE', ( #8690 ), #4914, .F. ) ;
#4860 = DIRECTION ( 'NONE',  ( -1.000000000000000000, 0.000000000000000000, 0.000000000000000000 ) ) ;
#4861 = DIRECTION ( 'NONE',  ( -1.000000000000000000, 0.000000000000000000, 0.000000000000000000 ) ) ;
#4862 = VERTEX_POINT ( 'NONE', #7135 ) ;
#4863 = CARTESIAN_POINT ( 'NONE',  ( 1.119999999999999885, 2.399999999999999911, 1.500000000000000000 ) ) ;
#4864 = ADVANCED_FACE ( 'NONE', ( #8510 ), #2762, .T. ) ;
#4865 = EDGE_CURVE ( 'NONE', #8992, #9447, #2945, .T. ) ;
#4866 = LINE ( 'NONE', #1243, #7001 ) ;
#4867 = CARTESIAN_POINT ( 'NONE',  ( 2.100000000000000089, 0.05000000000000000278, 4.000000000000000000 ) ) ;
#4868 = ORIENTED_EDGE ( 'NONE', *, *, #4142, .F. ) ;
#4869 = DIRECTION ( 'NONE',  ( 1.000000000000000000, -0.000000000000000000, -0.000000000000000000 ) ) ;
#4870 = FACE_OUTER_BOUND ( 'NONE', #4708, .T. ) ;
#4871 = ORIENTED_EDGE ( 'NONE', *, *, #5454, .F. ) ;
#4872 = CARTESIAN_POINT ( 'NONE',  ( -1.709999999999999964, 0.6184288535050199709, -3.258294589967800636 ) ) ;
#4873 = ORIENTED_EDGE ( 'NONE', *, *, #7171, .F. ) ;
#4874 = CARTESIAN_POINT ( 'NONE',  ( -2.109999999999999876, 0.1315711464949800014, -3.502194353120600123 ) ) ;
#4875 = PLANE ( 'NONE',  #1795 ) ;
#4876 = CARTESIAN_POINT ( 'NONE',  ( 3.110385512505040584, 2.311683584688764892, 2.313739734566734985 ) ) ;
#4877 = DIRECTION ( 'NONE',  ( 0.000000000000000000, 0.000000000000000000, 1.000000000000000000 ) ) ;
#4878 = CARTESIAN_POINT ( 'NONE',  ( -0.3499999999999999778, 0.05000000000000000278, 0.5499999999999839462 ) ) ;
#4879 = LINE ( 'NONE', #3402, #6318 ) ;
#4880 = ORIENTED_EDGE ( 'NONE', *, *, #585, .T. ) ;
#4881 = ORIENTED_EDGE ( 'NONE', *, *, #2697, .F. ) ;
#4882 = FACE_OUTER_BOUND ( 'NONE', #5872, .T. ) ;
#4883 = VERTEX_POINT ( 'NONE', #6376 ) ;
#4884 = ORIENTED_EDGE ( 'NONE', *, *, #2984, .T. ) ;
#4885 = CARTESIAN_POINT ( 'NONE',  ( -0.4400000000000000022, -0.1000000000000000056, 3.600481571814099890 ) ) ;
#4886 = FACE_OUTER_BOUND ( 'NONE', #840, .T. ) ;
#4887 = DIRECTION ( 'NONE',  ( 0.000000000000000000, 0.000000000000000000, -1.000000000000000000 ) ) ;
#4888 = EDGE_LOOP ( 'NONE', ( #6524, #6779, #5948 ) ) ;
#4889 = ORIENTED_EDGE ( 'NONE', *, *, #2100, .T. ) ;
#4890 = CARTESIAN_POINT ( 'NONE',  ( -2.375000000000000000, 2.419999999999999929, -1.850000000000000089 ) ) ;
#4891 = ORIENTED_EDGE ( 'NONE', *, *, #5971, .T. ) ;
#4892 = ORIENTED_EDGE ( 'NONE', *, *, #7442, .F. ) ;
#4893 = PLANE ( 'NONE',  #3435 ) ;
#4894 = ADVANCED_FACE ( 'NONE', ( #9279 ), #625, .T. ) ;
#4895 = B_SPLINE_CURVE_WITH_KNOTS ( 'NONE', 3,
 ( #9456, #8683, #7215, #6513 ),
 .UNSPECIFIED., .F., .F.,
 ( 4, 4 ),
 ( 1.570796326794895670, 2.356194489042572560 ),
 .UNSPECIFIED. ) ;
#4896 = DIRECTION ( 'NONE',  ( 0.000000000000000000, 0.9429903335828897504, 0.3328201177351369777 ) ) ;
#4897 = CARTESIAN_POINT ( 'NONE',  ( 0.8299999999999999600, 0.7000000000000099476, -2.649999999999999911 ) ) ;
#4898 = VECTOR ( 'NONE', #3564, 1000.000000000000000 ) ;
#4899 = CARTESIAN_POINT ( 'NONE',  ( -3.096183674729629853, 2.353306612783729879, -2.369066489148961008 ) ) ;
#4900 = CARTESIAN_POINT ( 'NONE',  ( -3.127247762126990072, 0.4566751439199369655, -2.529207937176539911 ) ) ;
#4901 = VERTEX_POINT ( 'NONE', #6035 ) ;
#4902 = LINE ( 'NONE', #5008, #9026 ) ;
#4903 = DIRECTION ( 'NONE',  ( -1.000000000000000000, 0.000000000000000000, 0.000000000000000000 ) ) ;
#4904 = EDGE_CURVE ( 'NONE', #1303, #3770, #107, .T. ) ;
#4905 = AXIS2_PLACEMENT_3D ( 'NONE', #5429, #9061, #8437 ) ;
#4906 = EDGE_CURVE ( 'NONE', #7252, #8000, #153, .T. ) ;
#4907 = AXIS2_PLACEMENT_3D ( 'NONE', #5296, #4378, #144 ) ;
#4908 = PLANE ( 'NONE',  #2568 ) ;
#4909 = VECTOR ( 'NONE', #8518, 1000.000000000000000 ) ;
#4910 = CYLINDRICAL_SURFACE ( 'NONE', #9357, 0.2500000000000518474 ) ;
#4911 = EDGE_CURVE ( 'NONE', #2221, #8615, #913, .T. ) ;
#4912 = CARTESIAN_POINT ( 'NONE',  ( -2.374999999999964917, 2.419999999999999929, -1.950000000000035039 ) ) ;
#4913 = VERTEX_POINT ( 'NONE', #8120 ) ;
#4914 = CYLINDRICAL_SURFACE ( 'NONE', #5099, 0.1000000000000228206 ) ;
#4915 = VERTEX_POINT ( 'NONE', #3626 ) ;
#4916 = CARTESIAN_POINT ( 'NONE',  ( -1.709999999999999964, 0.6999999999999999556, 2.649999999999999911 ) ) ;
#4917 = ORIENTED_EDGE ( 'NONE', *, *, #6515, .F. ) ;
#4918 = EDGE_CURVE ( 'NONE', #5513, #514, #5112, .T. ) ;
#4919 = VECTOR ( 'NONE', #1028, 1000.000000000000114 ) ;
#4920 = AXIS2_PLACEMENT_3D ( 'NONE', #5165, #4540, #867 ) ;
#4921 = CARTESIAN_POINT ( 'NONE',  ( 1.000000000000000000, 2.419999999999999929, 2.200000000000000178 ) ) ;
#4922 = DIRECTION ( 'NONE',  ( 0.000000000000000000, 1.000000000000000000, 0.000000000000000000 ) ) ;
#4923 = DIRECTION ( 'NONE',  ( 0.000000000000000000, 0.000000000000000000, -1.000000000000000000 ) ) ;
#4924 = CARTESIAN_POINT ( 'NONE',  ( 2.100000000000000089, 0.1039278662374499979, 3.354763525080500131 ) ) ;
#4925 = CARTESIAN_POINT ( 'NONE',  ( 0.4500000000000000666, 2.419999999999999929, 1.850000000000000089 ) ) ;
#4926 = EDGE_CURVE ( 'NONE', #6634, #8231, #3668, .T. ) ;
#4927 = AXIS2_PLACEMENT_3D ( 'NONE', #311, #4504, #2594 ) ;
#4928 = CARTESIAN_POINT ( 'NONE',  ( -2.225000000000000089, 2.419999999999999929, -2.149999999999999911 ) ) ;
#4929 = ORIENTED_EDGE ( 'NONE', *, *, #6572, .F. ) ;
#4930 = ORIENTED_EDGE ( 'NONE', *, *, #7738, .T. ) ;
#4931 = VECTOR ( 'NONE', #7741, 1000.000000000000000 ) ;
#4932 = CARTESIAN_POINT ( 'NONE',  ( -0.9499999999999999556, 2.100000000000000089, 0.6500000000000001332 ) ) ;
#4933 = ORIENTED_EDGE ( 'NONE', *, *, #1984, .F. ) ;
#4934 = ORIENTED_EDGE ( 'NONE', *, *, #2979, .F. ) ;
#4935 = EDGE_CURVE ( 'NONE', #515, #1693, #723, .T. ) ;
#4936 = VECTOR ( 'NONE', #4584, 1000.000000000000000 ) ;
#4937 = DIRECTION ( 'NONE',  ( 1.000000000000000000, 0.000000000000000000, 0.000000000000000000 ) ) ;
#4938 = AXIS2_PLACEMENT_3D ( 'NONE', #4199, #8455, #5494 ) ;
#4939 = DIRECTION ( 'NONE',  ( 1.000000000000000000, -0.000000000000000000, -0.000000000000000000 ) ) ;
#4940 = LINE ( 'NONE', #9200, #576 ) ;
#4941 = FACE_OUTER_BOUND ( 'NONE', #8486, .T. ) ;
#4942 = ORIENTED_EDGE ( 'NONE', *, *, #8294, .T. ) ;
#4943 = ORIENTED_EDGE ( 'NONE', *, *, #5138, .T. ) ;
#4944 = CARTESIAN_POINT ( 'NONE',  ( 0.4299999999999999933, 0.8499999999999999778, 2.649999999999999911 ) ) ;
#4945 = ORIENTED_EDGE ( 'NONE', *, *, #7428, .F. ) ;
#4946 = VECTOR ( 'NONE', #8923, 1000.000000000000000 ) ;
#4947 = ORIENTED_EDGE ( 'NONE', *, *, #2979, .T. ) ;
#4948 = VECTOR ( 'NONE', #4610, 1000.000000000000000 ) ;
#4949 = DIRECTION ( 'NONE',  ( 0.000000000000000000, -0.1842885350500574615, 0.9828721869343458595 ) ) ;
#4950 = CARTESIAN_POINT ( 'NONE',  ( 0.4299999999999999933, 0.8500000000000000888, -2.649999999999999911 ) ) ;
#4951 = CIRCLE ( 'NONE', #1154, 0.2500000000000412448 ) ;
#4952 = EDGE_CURVE ( 'NONE', #5409, #5235, #9222, .T. ) ;
#4953 = LINE ( 'NONE', #9031, #507 ) ;
#4954 = ORIENTED_EDGE ( 'NONE', *, *, #2060, .T. ) ;
#4955 = DIRECTION ( 'NONE',  ( 0.000000000000000000, 1.000000000000000000, 0.000000000000000000 ) ) ;
#4956 = CARTESIAN_POINT ( 'NONE',  ( 1.649999999999999911, 2.419999999999999929, 2.250000000000000444 ) ) ;
#4957 = VECTOR ( 'NONE', #8645, 1000.000000000000000 ) ;
#4958 = CARTESIAN_POINT ( 'NONE',  ( -2.200000000000000178, 0.000000000000000000, -1.699999999999999956 ) ) ;
#4959 = CARTESIAN_POINT ( 'NONE',  ( -1.709999999999999964, 0.1039278662374499979, -3.354763525080500131 ) ) ;
#4960 = EDGE_CURVE ( 'NONE', #1207, #8173, #2339, .T. ) ;
#4961 = EDGE_CURVE ( 'NONE', #935, #860, #5306, .T. ) ;
#4962 = CIRCLE ( 'NONE', #7129, 0.05000000000000012768 ) ;
#4963 = CARTESIAN_POINT ( 'NONE',  ( -1.520000000000000018, 2.100000000000000089, 0.6500000000000001332 ) ) ;
#4964 = LINE ( 'NONE', #7894, #699 ) ;
#4965 = EDGE_LOOP ( 'NONE', ( #4275, #7198, #8543, #4880 ) ) ;
#4966 = DIRECTION ( 'NONE',  ( 0.000000000000000000, 0.000000000000000000, -1.000000000000000000 ) ) ;
#4967 = ORIENTED_EDGE ( 'NONE', *, *, #4100, .F. ) ;
#4968 = DIRECTION ( 'NONE',  ( 0.000000000000000000, 0.000000000000000000, -1.000000000000000000 ) ) ;
#4969 = EDGE_LOOP ( 'NONE', ( #3303, #2374, #3954, #5229 ) ) ;
#4970 = CARTESIAN_POINT ( 'NONE',  ( -2.200000000000155609, 0.1499999999999999944, -1.799999999999844835 ) ) ;
#4971 = APPLICATION_CONTEXT ( 'automotive_design' ) ;
#4972 = AXIS2_PLACEMENT_3D ( 'NONE', #8141, #5273, #5222 ) ;
#4973 = EDGE_CURVE ( 'NONE', #6817, #2983, #4343, .T. ) ;
#4974 = LINE ( 'NONE', #8037, #8044 ) ;
#4975 = CARTESIAN_POINT ( 'NONE',  ( -2.109999999999999876, 0.8499999999999999778, 2.649999999999999911 ) ) ;
#4976 = LINE ( 'NONE', #2955, #6552 ) ;
#4977 = EDGE_CURVE ( 'NONE', #3652, #5657, #8786, .T. ) ;
#4978 = EDGE_CURVE ( 'NONE', #7596, #4193, #8734, .T. ) ;
#4979 = DIRECTION ( 'NONE',  ( 0.6018150231527289451, 0.000000000000000000, 0.7986355100467799062 ) ) ;
#4980 = FACE_OUTER_BOUND ( 'NONE', #2960, .T. ) ;
#4981 = ORIENTED_EDGE ( 'NONE', *, *, #5390, .F. ) ;
#4982 = ORIENTED_EDGE ( 'NONE', *, *, #9017, .F. ) ;
#4983 = AXIS2_PLACEMENT_3D ( 'NONE', #1164, #447, #5604 ) ;
#4984 = CARTESIAN_POINT ( 'NONE',  ( -2.109999999999999876, -0.1000000000000000056, -3.600481571814099890 ) ) ;
#4985 = ORIENTED_EDGE ( 'NONE', *, *, #329, .T. ) ;
#4986 = ORIENTED_EDGE ( 'NONE', *, *, #8907, .F. ) ;
#4987 = EDGE_CURVE ( 'NONE', #4305, #8910, #4418, .T. ) ;
#4988 = AXIS2_PLACEMENT_3D ( 'NONE', #1623, #1672, #4530 ) ;
#4989 = CARTESIAN_POINT ( 'NONE',  ( -1.824999999999999956, 2.419999999999999929, -2.149999999999999911 ) ) ;
#4990 = DIRECTION ( 'NONE',  ( 0.000000000000000000, 0.000000000000000000, 1.000000000000000000 ) ) ;
#4991 = DIRECTION ( 'NONE',  ( 0.000000000000000000, 0.000000000000000000, -1.000000000000000000 ) ) ;
#4992 = EDGE_CURVE ( 'NONE', #4567, #9104, #8549, .T. ) ;
#4993 = DIRECTION ( 'NONE',  ( 0.000000000000000000, -1.000000000000000000, 0.000000000000000000 ) ) ;
#4994 = ORIENTED_EDGE ( 'NONE', *, *, #3097, .F. ) ;
#4995 = ORIENTED_EDGE ( 'NONE', *, *, #2429, .T. ) ;
#4996 = DIRECTION ( 'NONE',  ( -1.000000000000000000, 0.000000000000000000, 0.000000000000000000 ) ) ;
#4997 = EDGE_LOOP ( 'NONE', ( #8008, #235, #7987, #8053 ) ) ;
#4999 = VERTEX_POINT ( 'NONE', #5541 ) ;
#4998 = VECTOR ( 'NONE', #2176, 1000.000000000000000 ) ;
#5000 = ADVANCED_FACE ( 'NONE', ( #1294 ), #9133, .F. ) ;
#5001 = DIRECTION ( 'NONE',  ( 0.000000000000000000, -0.1842885350503031539, 0.9828721869342997852 ) ) ;
#5002 = PLANE ( 'NONE',  #6076 ) ;
#5003 = AXIS2_PLACEMENT_3D ( 'NONE', #5761, #979, #214 ) ;
#5004 = CARTESIAN_POINT ( 'NONE',  ( 0.8299999999999999600, 0.8499999999999999778, -2.649999999999999911 ) ) ;
#5005 = ORIENTED_EDGE ( 'NONE', *, *, #8723, .F. ) ;
#5006 = CARTESIAN_POINT ( 'NONE',  ( -0.8499999999999999778, 2.419999999999999929, 2.200000000000000178 ) ) ;
#5007 = ORIENTED_EDGE ( 'NONE', *, *, #6592, .F. ) ;
#5008 = CARTESIAN_POINT ( 'NONE',  ( -2.399999999999999911, 0.6999999999999999556, 2.649999999999999911 ) ) ;
#5009 = FACE_OUTER_BOUND ( 'NONE', #4523, .T. ) ;
#5010 = VECTOR ( 'NONE', #7370, 1000.000000000000000 ) ;
#5011 = CARTESIAN_POINT ( 'NONE',  ( 3.205661042691725360, 0.6999999999999999556, -2.677203282380504312 ) ) ;
#5012 = DIRECTION ( 'NONE',  ( 0.3162277660168383853, 0.9486832980505136570, 0.000000000000000000 ) ) ;
#5013 = LINE ( 'NONE', #4963, #804 ) ;
#5014 = CARTESIAN_POINT ( 'NONE',  ( -1.392537410341755821, 2.419999999999999929, -2.182999999999964746 ) ) ;
#5015 = ORIENTED_EDGE ( 'NONE', *, *, #8781, .F. ) ;
#5016 = LINE ( 'NONE', #7178, #821 ) ;
#5017 = ORIENTED_EDGE ( 'NONE', *, *, #3515, .F. ) ;
#5018 = LINE ( 'NONE', #2764, #5987 ) ;
#5019 = EDGE_CURVE ( 'NONE', #453, #3603, #8753, .T. ) ;
#5020 = CARTESIAN_POINT ( 'NONE',  ( 0.8299999999999999600, 0.8499999999999999778, -3.160007371274399901 ) ) ;
#5021 = DIRECTION ( 'NONE',  ( -1.000000000000000000, 0.000000000000000000, 0.000000000000000000 ) ) ;
#5022 = DIRECTION ( 'NONE',  ( -0.7071067811865475727, 0.000000000000000000, 0.7071067811865475727 ) ) ;
#5023 = DIRECTION ( 'NONE',  ( 0.000000000000000000, -1.000000000000000000, 0.000000000000000000 ) ) ;
#5024 = CARTESIAN_POINT ( 'NONE',  ( 2.951186832795845483, 2.333767074105938200, 2.505337447925156003 ) ) ;
#5025 = ORIENTED_EDGE ( 'NONE', *, *, #8257, .T. ) ;
#5026 = B_SPLINE_CURVE_WITH_KNOTS ( 'NONE', 3,
 ( #1701, #1756, #138, #7542, #8160, #4665, #939, #7594 ),
 .UNSPECIFIED., .F., .F.,
 ( 4, 2, 2, 4 ),
 ( 1.570796326794742903, 2.216558358441553800, 2.539439374264956584, 2.862320390088358923 ),
 .UNSPECIFIED. ) ;
#5027 = LINE ( 'NONE', #2076, #812 ) ;
#5028 = VERTEX_POINT ( 'NONE', #7030 ) ;
#5029 = VERTEX_POINT ( 'NONE', #1961 ) ;
#5030 = ADVANCED_FACE ( 'NONE', ( #474 ), #4248, .T. ) ;
#5031 = ADVANCED_FACE ( 'NONE', ( #5825 ), #5108, .F. ) ;
#5032 = CARTESIAN_POINT ( 'NONE',  ( -0.2499999999999840128, 0.5499999999999839462, 0.6500000000000001332 ) ) ;
#5033 = PLANE ( 'NONE',  #5767 ) ;
#5034 = ORIENTED_EDGE ( 'NONE', *, *, #8547, .T. ) ;
#5035 = ORIENTED_EDGE ( 'NONE', *, *, #6682, .F. ) ;
#5036 = LINE ( 'NONE', #3025, #192 ) ;
#5037 = EDGE_CURVE ( 'NONE', #2232, #7788, #2895, .T. ) ;
#5038 = ORIENTED_EDGE ( 'NONE', *, *, #8833, .F. ) ;
#5039 = VERTEX_POINT ( 'NONE', #7312 ) ;
#5040 = ADVANCED_FACE ( 'NONE', ( #718 ), #7221, .F. ) ;
#5041 = CARTESIAN_POINT ( 'NONE',  ( -3.070048994552400323, 0.07243626441829982554, -2.470048994552399790 ) ) ;
#5042 = DIRECTION ( 'NONE',  ( 1.000000000000000000, -0.000000000000000000, -0.000000000000000000 ) ) ;
#5043 = CARTESIAN_POINT ( 'NONE',  ( -0.4400000000000000022, -0.1000000000000000056, 4.000000000000000000 ) ) ;
#5044 = ORIENTED_EDGE ( 'NONE', *, *, #2539, .F. ) ;
#5045 = LINE ( 'NONE', #2181, #4326 ) ;
#5046 = EDGE_CURVE ( 'NONE', #6634, #3786, #7244, .T. ) ;
#5047 = EDGE_LOOP ( 'NONE', ( #2976, #1911, #2765, #4781 ) ) ;
#5048 = DIRECTION ( 'NONE',  ( 0.000000000000000000, -0.9828721869343112205, -0.1842885350502417308 ) ) ;
#5049 = LINE ( 'NONE', #4333, #7357 ) ;
#5050 = DIRECTION ( 'NONE',  ( 0.000000000000000000, 0.000000000000000000, 1.000000000000000000 ) ) ;
#5051 = DIRECTION ( 'NONE',  ( 0.1160409167470728420, 0.9863477923501207112, -0.1168440763006070859 ) ) ;
#5052 = CARTESIAN_POINT ( 'NONE',  ( -0.6500000000000001332, 2.419999999999999929, 1.850000000000000089 ) ) ;
#5053 = DIRECTION ( 'NONE',  ( 0.000000000000000000, 0.000000000000000000, -1.000000000000000000 ) ) ;
#5054 = DIRECTION ( 'NONE',  ( 0.000000000000000000, 0.000000000000000000, -1.000000000000000000 ) ) ;
#5055 = VERTEX_POINT ( 'NONE', #7980 ) ;
#5056 = AXIS2_PLACEMENT_3D ( 'NONE', #2150, #5060, #4390 ) ;
#5057 = CARTESIAN_POINT ( 'NONE',  ( 2.200000000000000178, 0.000000000000000000, -1.699999999999999956 ) ) ;
#5058 = FACE_OUTER_BOUND ( 'NONE', #841, .T. ) ;
#5059 = ORIENTED_EDGE ( 'NONE', *, *, #2575, .F. ) ;
#5060 = DIRECTION ( 'NONE',  ( 0.000000000000000000, -1.000000000000000000, 0.000000000000000000 ) ) ;
#5061 = LINE ( 'NONE', #5834, #2372 ) ;
#5062 = VECTOR ( 'NONE', #8647, 1000.000000000000000 ) ;
#5063 = VECTOR ( 'NONE', #1167, 1000.000000000000000 ) ;
#5064 = CARTESIAN_POINT ( 'NONE',  ( -1.550000000000000266, 2.399999999999999911, 2.050000000000000266 ) ) ;
#5065 = CARTESIAN_POINT ( 'NONE',  ( 0.7500000000000000000, 2.419999999999999929, 1.850000000000000089 ) ) ;
#5066 = PLANE ( 'NONE',  #1815 ) ;
#5067 = FACE_OUTER_BOUND ( 'NONE', #2572, .T. ) ;
#5068 = CARTESIAN_POINT ( 'NONE',  ( 2.955904991795560655, 2.337943554414125380, 2.503705245372721322 ) ) ;
#5069 = CARTESIAN_POINT ( 'NONE',  ( 2.299999999999999822, 0.07243626441830010310, -2.470048994552399790 ) ) ;
#5070 = EDGE_CURVE ( 'NONE', #1870, #3639, #8029, .T. ) ;
#5071 = ORIENTED_EDGE ( 'NONE', *, *, #720, .T. ) ;
#5072 = CYLINDRICAL_SURFACE ( 'NONE', #525, 0.1000000000000176026 ) ;
#5073 = ORIENTED_EDGE ( 'NONE', *, *, #3809, .F. ) ;
#5074 = VECTOR ( 'NONE', #2230, 1000.000000000000000 ) ;
#5075 = EDGE_LOOP ( 'NONE', ( #3817, #9160, #4829, #7115 ) ) ;
#5076 = DIRECTION ( 'NONE',  ( 0.000000000000000000, -1.000000000000000000, -6.071532165917839070E-14 ) ) ;
#5077 = VECTOR ( 'NONE', #3976, 1000.000000000000000 ) ;
#5078 = PRESENTATION_STYLE_ASSIGNMENT (( #5661 ) ) ;
#5079 = DIRECTION ( 'NONE',  ( 0.000000000000000000, 0.000000000000000000, -1.000000000000000000 ) ) ;
#5080 = AXIS2_PLACEMENT_3D ( 'NONE', #4045, #420, #2609 ) ;
#5081 = LINE ( 'NONE', #1462, #7681 ) ;
#5082 = ORIENTED_EDGE ( 'NONE', *, *, #9173, .T. ) ;
#5083 = EDGE_CURVE ( 'NONE', #293, #2096, #8526, .T. ) ;
#5084 = ORIENTED_EDGE ( 'NONE', *, *, #6463, .F. ) ;
#5085 = EDGE_CURVE ( 'NONE', #7157, #3264, #3665, .T. ) ;
#5086 = LINE ( 'NONE', #1604, #3711 ) ;
#5087 = ORIENTED_EDGE ( 'NONE', *, *, #4647, .T. ) ;
#5088 = ORIENTED_EDGE ( 'NONE', *, *, #7365, .F. ) ;
#5089 = VECTOR ( 'NONE', #817, 1000.000000000000000 ) ;
#5090 = VECTOR ( 'NONE', #6620, 1000.000000000000000 ) ;
#5091 = CARTESIAN_POINT ( 'NONE',  ( -0.8499999999999999778, 2.399999999999999911, 2.200000000000000178 ) ) ;
#5092 = EDGE_CURVE ( 'NONE', #6499, #2312, #3481, .T. ) ;
#5093 = FACE_OUTER_BOUND ( 'NONE', #1751, .T. ) ;
#5094 = VECTOR ( 'NONE', #1426, 1000.000000000000000 ) ;
#5095 = DIRECTION ( 'NONE',  ( 0.000000000000000000, 1.000000000000000000, 0.000000000000000000 ) ) ;
#5096 = EDGE_LOOP ( 'NONE', ( #7763, #4771, #3858, #6021 ) ) ;
#5097 = ORIENTED_EDGE ( 'NONE', *, *, #6230, .F. ) ;
#5098 = EDGE_CURVE ( 'NONE', #8231, #6565, #7554, .T. ) ;
#5099 = AXIS2_PLACEMENT_3D ( 'NONE', #4110, #1347, #7037 ) ;
#5100 = DIRECTION ( 'NONE',  ( -1.000000000000000000, 0.000000000000000000, 0.000000000000000000 ) ) ;
#5101 = FACE_OUTER_BOUND ( 'NONE', #4660, .T. ) ;
#5102 = ORIENTED_EDGE ( 'NONE', *, *, #8745, .T. ) ;
#5103 = CARTESIAN_POINT ( 'NONE',  ( -0.8400000000000001910, 0.04999999999999400063, -4.000000000000000000 ) ) ;
#5104 = CARTESIAN_POINT ( 'NONE',  ( 2.100000000000000089, 0.5999999999999731104, 3.160007371274344834 ) ) ;
#5105 = CIRCLE ( 'NONE', #5261, 0.1000000000000162009 ) ;
#5106 = ADVANCED_FACE ( 'NONE', ( #8642 ), #2758, .T. ) ;
#5107 = CARTESIAN_POINT ( 'NONE',  ( 3.167949794569755007, 0.6999999999999999556, -2.694651512817527461 ) ) ;
#5108 = PLANE ( 'NONE',  #6338 ) ;
#5109 = ADVANCED_FACE ( 'NONE', ( #7266 ), #2240, .F. ) ;
#5110 = CARTESIAN_POINT ( 'NONE',  ( -2.149999999999999911, 2.419999999999999929, 2.000000000000000000 ) ) ;
#5111 = VECTOR ( 'NONE', #3450, 1000.000000000000000 ) ;
#5112 = LINE ( 'NONE', #765, #8307 ) ;
#5113 = EDGE_LOOP ( 'NONE', ( #1587, #4873, #7868, #8987 ) ) ;
#5114 = FACE_OUTER_BOUND ( 'NONE', #2552, .T. ) ;
#5115 = DIRECTION ( 'NONE',  ( 0.000000000000000000, -0.9931506043228762737, -0.1168412475673972217 ) ) ;
#5116 = LINE ( 'NONE', #5892, #1483 ) ;
#5117 = VECTOR ( 'NONE', #2849, 1000.000000000000000 ) ;
#5118 = CARTESIAN_POINT ( 'NONE',  ( -3.334999999999999964, 2.100000000000000089, 1.834999999999999964 ) ) ;
#5119 = CARTESIAN_POINT ( 'NONE',  ( 0.3207106781186490063, 0.6207106781186489952, 0.02928932188134274889 ) ) ;
#5120 = CARTESIAN_POINT ( 'NONE',  ( -0.8400000000000001910, 0.1315711464949800014, 3.502194353120600123 ) ) ;
#5121 = CARTESIAN_POINT ( 'NONE',  ( -0.8400000000000001910, 0.05000000000000000278, 3.600481571814099890 ) ) ;
#5122 = ORIENTED_EDGE ( 'NONE', *, *, #4799, .T. ) ;
#5123 = LINE ( 'NONE', #5945, #369 ) ;
#5124 = VERTEX_POINT ( 'NONE', #7355 ) ;
#5125 = EDGE_LOOP ( 'NONE', ( #561, #5693, #2989, #776, #5217, #4892, #1921, #8363, #7714, #5645, #1800, #4470 ) ) ;
#5126 = AXIS2_PLACEMENT_3D ( 'NONE', #8925, #1764, #1670 ) ;
#5127 = CARTESIAN_POINT ( 'NONE',  ( -1.807462589658299867, 2.399999999999999911, -1.750000000000000000 ) ) ;
#5128 = DIRECTION ( 'NONE',  ( 0.000000000000000000, 0.000000000000000000, -1.000000000000000000 ) ) ;
#5129 = CARTESIAN_POINT ( 'NONE',  ( 2.100000000000000089, 0.8499999999999999778, 3.160007371274399901 ) ) ;
#5130 = AXIS2_PLACEMENT_3D ( 'NONE', #2404, #5949, #5319 ) ;
#5131 = FACE_OUTER_BOUND ( 'NONE', #5280, .T. ) ;
#5132 = EDGE_LOOP ( 'NONE', ( #4273, #3527, #7462, #1499 ) ) ;
#5133 = VERTEX_POINT ( 'NONE', #9315 ) ;
#5134 = LINE ( 'NONE', #5182, #811 ) ;
#5135 = ORIENTED_EDGE ( 'NONE', *, *, #6653, .T. ) ;
#5136 = VERTEX_POINT ( 'NONE', #2055 ) ;
#5137 = CIRCLE ( 'NONE', #414, 0.09999999999984532373 ) ;
#5138 = EDGE_CURVE ( 'NONE', #6637, #7875, #3572, .T. ) ;
#5139 = DIRECTION ( 'NONE',  ( 0.000000000000000000, -1.000000000000000000, 0.000000000000000000 ) ) ;
#5140 = CARTESIAN_POINT ( 'NONE',  ( 0.8299999999999999600, 0.1315711464949800014, -3.502194353120600123 ) ) ;
#5141 = CYLINDRICAL_SURFACE ( 'NONE', #8320, 0.2500000000000405787 ) ;
#5142 = VERTEX_POINT ( 'NONE', #673 ) ;
#5143 = ORIENTED_EDGE ( 'NONE', *, *, #3623, .F. ) ;
#5144 = VECTOR ( 'NONE', #9364, 1000.000000000000000 ) ;
#5145 = VECTOR ( 'NONE', #6506, 1000.000000000000000 ) ;
#5146 = CARTESIAN_POINT ( 'NONE',  ( -0.8400000000000001910, 0.6999999999999999556, 2.649999999999999911 ) ) ;
#5147 = CARTESIAN_POINT ( 'NONE',  ( -0.4400000000000000022, 0.04999999999999400063, -4.000000000000000000 ) ) ;
#5148 = ORIENTED_EDGE ( 'NONE', *, *, #6904, .T. ) ;
#5149 = LINE ( 'NONE', #44, #6460 ) ;
#5150 = EDGE_CURVE ( 'NONE', #2024, #807, #1343, .T. ) ;
#5151 = EDGE_CURVE ( 'NONE', #7050, #1170, #2660, .T. ) ;
#5152 = VECTOR ( 'NONE', #3789, 1000.000000000000000 ) ;
#5153 = CARTESIAN_POINT ( 'NONE',  ( -0.6499999999999139799, 2.419999999999999929, 1.849999999999915046 ) ) ;
#5154 = CARTESIAN_POINT ( 'NONE',  ( 3.135290074916161629, 2.100000000000000533, -2.389366444958076041 ) ) ;
#5155 = DIRECTION ( 'NONE',  ( 0.000000000000000000, 0.000000000000000000, 1.000000000000000000 ) ) ;
#5156 = EDGE_LOOP ( 'NONE', ( #8873, #3797, #8759, #8973, #2197 ) ) ;
#5157 = DIRECTION ( 'NONE',  ( 0.000000000000000000, -1.000000000000000000, 0.000000000000000000 ) ) ;
#5158 = ORIENTED_EDGE ( 'NONE', *, *, #6098, .T. ) ;
#5159 = EDGE_LOOP ( 'NONE', ( #7910, #3640, #5806, #7375 ) ) ;
#5160 = EDGE_CURVE ( 'NONE', #5773, #1674, #6844, .T. ) ;
#5161 = DIRECTION ( 'NONE',  ( 0.000000000000000000, -1.000000000000000000, 0.000000000000000000 ) ) ;
#5162 = ADVANCED_FACE ( 'NONE', ( #3903 ), #8114, .F. ) ;
#5163 = CYLINDRICAL_SURFACE ( 'NONE', #8953, 0.04999999999999991257 ) ;
#5164 = LINE ( 'NONE', #8610, #3625 ) ;
#5165 = CARTESIAN_POINT ( 'NONE',  ( 2.250000000000000444, 2.419999999999999929, 1.899999999999999911 ) ) ;
#5166 = LINE ( 'NONE', #7517, #3554 ) ;
#5167 = CARTESIAN_POINT ( 'NONE',  ( 3.070048994552400323, 0.07243626441829999207, 2.850000000000000089 ) ) ;
#5168 = ORIENTED_EDGE ( 'NONE', *, *, #1296, .F. ) ;
#5169 = LINE ( 'NONE', #204, #6488 ) ;
#5170 = ORIENTED_EDGE ( 'NONE', *, *, #4092, .T. ) ;
#5171 = EDGE_CURVE ( 'NONE', #5946, #745, #149, .T. ) ;
#5172 = LINE ( 'NONE', #875, #6602 ) ;
#5173 = ORIENTED_EDGE ( 'NONE', *, *, #3971, .T. ) ;
#5174 = EDGE_CURVE ( 'NONE', #7444, #1762, #8977, .T. ) ;
#5175 = LINE ( 'NONE', #8092, #3762 ) ;
#5176 = DIRECTION ( 'NONE',  ( 0.000000000000000000, 0.1176388318060438420, 0.9930564461556601330 ) ) ;
#5177 = CARTESIAN_POINT ( 'NONE',  ( -2.220000000000000195, 1.750000000000000000, 0.6500000000000001332 ) ) ;
#5178 = CARTESIAN_POINT ( 'NONE',  ( 0.2200000000000003064, 2.399999999999999911, -1.500000000000000000 ) ) ;
#5179 = CARTESIAN_POINT ( 'NONE',  ( -0.6500000000000001332, 2.419999999999999929, 1.750000000000000000 ) ) ;
#5180 = ORIENTED_EDGE ( 'NONE', *, *, #3273, .T. ) ;
#5181 = ORIENTED_EDGE ( 'NONE', *, *, #2916, .T. ) ;
#5182 = CARTESIAN_POINT ( 'NONE',  ( 2.299999999999999822, 0.000000000000000000, -1.800000000000000266 ) ) ;
#5183 = ORIENTED_EDGE ( 'NONE', *, *, #6979, .T. ) ;
#5184 = ORIENTED_EDGE ( 'NONE', *, *, #4425, .T. ) ;
#5185 = CARTESIAN_POINT ( 'NONE',  ( 0.4299999999999999933, 0.1500000000000140388, -3.600481571814050152 ) ) ;
#5186 = DIRECTION ( 'NONE',  ( 0.000000000000000000, 0.000000000000000000, 1.000000000000000000 ) ) ;
#5187 = DIRECTION ( 'NONE',  ( 0.000000000000000000, 0.000000000000000000, 1.000000000000000000 ) ) ;
#5188 = DIRECTION ( 'NONE',  ( 0.000000000000000000, 0.2756373558169810667, 0.9612616959383240012 ) ) ;
#5189 = ORIENTED_EDGE ( 'NONE', *, *, #5345, .T. ) ;
#5190 = PLANE ( 'NONE',  #7697 ) ;
#5191 = CARTESIAN_POINT ( 'NONE',  ( -0.8400000000000001910, -0.1000000000000000056, -3.600481571814099890 ) ) ;
#5192 = EDGE_LOOP ( 'NONE', ( #3069, #1719, #8196, #1301 ) ) ;
#5193 = EDGE_CURVE ( 'NONE', #5443, #3429, #8928, .T. ) ;
#5194 = DIRECTION ( 'NONE',  ( 0.000000000000000000, 0.000000000000000000, -1.000000000000000000 ) ) ;
#5195 = CARTESIAN_POINT ( 'NONE',  ( -2.575000000000000178, 2.419999999999999929, -2.050000000000000266 ) ) ;
#5196 = DIRECTION ( 'NONE',  ( 1.000000000000000000, 0.000000000000000000, 0.000000000000000000 ) ) ;
#5197 = LINE ( 'NONE', #2474, #2350 ) ;
#5198 = ORIENTED_EDGE ( 'NONE', *, *, #512, .T. ) ;
#5199 = CARTESIAN_POINT ( 'NONE',  ( 7.347880794884117764E-17, 0.2000000000000000111, 0.5999999999999999778 ) ) ;
#5200 = ORIENTED_EDGE ( 'NONE', *, *, #6164, .F. ) ;
#5201 = EDGE_CURVE ( 'NONE', #7957, #3652, #5197, .T. ) ;
#5202 = ADVANCED_FACE ( 'NONE', ( #1003 ), #4573, .F. ) ;
#5203 = VERTEX_POINT ( 'NONE', #3812 ) ;
#5204 = CARTESIAN_POINT ( 'NONE',  ( -2.675549239529182000, 2.356437731128811830, 2.494450760470817485 ) ) ;
#5205 = VECTOR ( 'NONE', #7796, 1000.000000000000000 ) ;
#5206 = CARTESIAN_POINT ( 'NONE',  ( -0.4400000000000000022, 0.8499999999999999778, -3.160007371274399901 ) ) ;
#5207 = DIRECTION ( 'NONE',  ( 1.000000000000000000, 0.000000000000000000, 0.000000000000000000 ) ) ;
#5208 = EDGE_CURVE ( 'NONE', #2678, #7157, #2382, .T. ) ;
#5209 = CARTESIAN_POINT ( 'NONE',  ( -0.9499999999999999556, 2.419999999999999929, 1.850000000000000089 ) ) ;
#5210 = VECTOR ( 'NONE', #3347, 1000.000000000000000 ) ;
#5211 = CARTESIAN_POINT ( 'NONE',  ( 0.7500000000000000000, 2.399999999999999911, 2.200000000000000178 ) ) ;
#5212 = PLANE ( 'NONE',  #6484 ) ;
#5213 = LINE ( 'NONE', #8042, #2188 ) ;
#5214 = EDGE_LOOP ( 'NONE', ( #1218, #5736, #5548, #5183 ) ) ;
#5215 = ADVANCED_FACE ( 'NONE', ( #1715 ), #289, .T. ) ;
#5216 = DIRECTION ( 'NONE',  ( 0.000000000000000000, 0.000000000000000000, 1.000000000000000000 ) ) ;
#5217 = ORIENTED_EDGE ( 'NONE', *, *, #2814, .T. ) ;
#5218 = CARTESIAN_POINT ( 'NONE',  ( -0.2500000000000000000, 0.05000000000000000278, 0.000000000000000000 ) ) ;
#5219 = ORIENTED_EDGE ( 'NONE', *, *, #9360, .F. ) ;
#5220 = AXIS2_PLACEMENT_3D ( 'NONE', #3438, #7036, #6062 ) ;
#5221 = VECTOR ( 'NONE', #5161, 1000.000000000000000 ) ;
#5222 = DIRECTION ( 'NONE',  ( 0.000000000000000000, -0.1842885350503031539, 0.9828721869342997852 ) ) ;
#5223 = ADVANCED_FACE ( 'NONE', ( #951 ), #7461, .F. ) ;
#5224 = CARTESIAN_POINT ( 'NONE',  ( 0.000000000000000000, 0.05000000000000000278, 0.000000000000000000 ) ) ;
#5225 = DIRECTION ( 'NONE',  ( 0.000000000000000000, 0.000000000000000000, 1.000000000000000000 ) ) ;
#5226 = CARTESIAN_POINT ( 'NONE',  ( -2.109999999999999876, -0.1000000000000000056, 4.000000000000000000 ) ) ;
#5227 = CARTESIAN_POINT ( 'NONE',  ( 0.2500000000000000000, 0.6500000000000001332, 0.5500000000000000444 ) ) ;
#5228 = AXIS2_PLACEMENT_3D ( 'NONE', #3116, #6001, #6629 ) ;
#5229 = ORIENTED_EDGE ( 'NONE', *, *, #8899, .T. ) ;
#5230 = ORIENTED_EDGE ( 'NONE', *, *, #5759, .F. ) ;
#5231 = VECTOR ( 'NONE', #3790, 1000.000000000000000 ) ;
#5232 = EDGE_CURVE ( 'NONE', #5477, #5315, #996, .T. ) ;
#5233 = CARTESIAN_POINT ( 'NONE',  ( -0.8400000000000004130, 0.8499999999999999778, 2.649999999999999911 ) ) ;
#5234 = CARTESIAN_POINT ( 'NONE',  ( 1.949999999999999956, 2.399999999999999911, 2.149999999999999911 ) ) ;
#5235 = VERTEX_POINT ( 'NONE', #7410 ) ;
#5236 = ORIENTED_EDGE ( 'NONE', *, *, #1500, .T. ) ;
#5237 = AXIS2_PLACEMENT_3D ( 'NONE', #588, #6430, #1448 ) ;
#5238 = VECTOR ( 'NONE', #9457, 1000.000000000000000 ) ;
#5239 = CARTESIAN_POINT ( 'NONE',  ( -2.149999999999999911, 2.419999999999999929, 2.050000000000000266 ) ) ;
#5240 = DIRECTION ( 'NONE',  ( -1.000000000000000000, 0.000000000000000000, 0.000000000000000000 ) ) ;
#5241 = CARTESIAN_POINT ( 'NONE',  ( 3.108826615018423833, 2.324973229974758748, -2.061173384981575651 ) ) ;
#5242 = FACE_OUTER_BOUND ( 'NONE', #1708, .T. ) ;
#5243 = ORIENTED_EDGE ( 'NONE', *, *, #6128, .F. ) ;
#5244 = DIRECTION ( 'NONE',  ( -0.000000000000000000, 1.000000000000000000, -0.000000000000000000 ) ) ;
#5245 = DIRECTION ( 'NONE',  ( 0.000000000000000000, 0.9828721869343112205, -0.1842885350502417308 ) ) ;
#5246 = ORIENTED_EDGE ( 'NONE', *, *, #186, .T. ) ;
#5247 = VECTOR ( 'NONE', #3729, 1000.000000000000000 ) ;
#5248 = DIRECTION ( 'NONE',  ( 0.000000000000000000, 0.000000000000000000, -1.000000000000000000 ) ) ;
#5249 = AXIS2_PLACEMENT_3D ( 'NONE', #3921, #3154, #4642 ) ;
#5250 = CARTESIAN_POINT ( 'NONE',  ( 2.050000000000000266, 2.399999999999999911, 1.949999999999999956 ) ) ;
#5251 = AXIS2_PLACEMENT_3D ( 'NONE', #1380, #9406, #7212 ) ;
#5252 = VECTOR ( 'NONE', #1570, 1000.000000000000000 ) ;
#5253 = CARTESIAN_POINT ( 'NONE',  ( 2.390000000000000124, 2.399999999999999911, 1.500000000000000000 ) ) ;
#5254 = VERTEX_POINT ( 'NONE', #239 ) ;
#5255 = LINE ( 'NONE', #8117, #8767 ) ;
#5256 = ORIENTED_EDGE ( 'NONE', *, *, #1489, .F. ) ;
#5257 = DIRECTION ( 'NONE',  ( 0.000000000000000000, 0.000000000000000000, 1.000000000000000000 ) ) ;
#5258 = EDGE_LOOP ( 'NONE', ( #7289, #4560, #7949, #132, #2998, #4429, #6646, #8508 ) ) ;
#5259 = DIRECTION ( 'NONE',  ( 0.000000000000000000, 0.000000000000000000, 1.000000000000000000 ) ) ;
#5260 = VECTOR ( 'NONE', #2504, 1000.000000000000000 ) ;
#5261 = AXIS2_PLACEMENT_3D ( 'NONE', #5396, #6749, #856 ) ;
#5262 = EDGE_CURVE ( 'NONE', #6815, #515, #5105, .T. ) ;
#5263 = DIRECTION ( 'NONE',  ( 0.000000000000000000, 1.000000000000000000, 0.000000000000000000 ) ) ;
#5264 = LINE ( 'NONE', #113, #52 ) ;
#5265 = VECTOR ( 'NONE', #151, 1000.000000000000000 ) ;
#5266 = CARTESIAN_POINT ( 'NONE',  ( -2.299999999999999822, 0.1499999999999999944, 1.800000000000000266 ) ) ;
#5267 = DIRECTION ( 'NONE',  ( 0.000000000000000000, 0.000000000000000000, -1.000000000000000000 ) ) ;
#5268 = ORIENTED_EDGE ( 'NONE', *, *, #1309, .T. ) ;
#5269 = DIRECTION ( 'NONE',  ( -1.000000000000000000, 0.000000000000000000, 0.000000000000000000 ) ) ;
#5270 = EDGE_LOOP ( 'NONE', ( #1540, #3248, #2311, #4795 ) ) ;
#5271 = VERTEX_POINT ( 'NONE', #190 ) ;
#5272 = EDGE_CURVE ( 'NONE', #3323, #2610, #1767, .T. ) ;
#5273 = DIRECTION ( 'NONE',  ( 1.000000000000000000, -0.000000000000000000, -0.000000000000000000 ) ) ;
#5274 = ADVANCED_FACE ( 'NONE', ( #5347 ), #6706, .F. ) ;
#5275 = DIRECTION ( 'NONE',  ( 0.000000000000000000, 0.000000000000000000, -1.000000000000000000 ) ) ;
#5276 = CARTESIAN_POINT ( 'NONE',  ( 3.299999999999999822, 2.399999999999999911, 2.500000000000000000 ) ) ;
#5277 = CARTESIAN_POINT ( 'NONE',  ( -1.709999999999999964, 0.6184288535050199709, 3.258294589967800636 ) ) ;
#5278 = CARTESIAN_POINT ( 'NONE',  ( -1.709999999999999964, 0.1315711464949800014, 3.502194353120600123 ) ) ;
#5279 = ORIENTED_EDGE ( 'NONE', *, *, #1568, .T. ) ;
#5280 = EDGE_LOOP ( 'NONE', ( #5425, #1650, #8063, #5504 ) ) ;
#5281 = CIRCLE ( 'NONE', #8937, 0.2500000000000515143 ) ;
#5282 = LINE ( 'NONE', #8198, #4606 ) ;
#5283 = ORIENTED_EDGE ( 'NONE', *, *, #6863, .T. ) ;
#5284 = ORIENTED_EDGE ( 'NONE', *, *, #4448, .T. ) ;
#5285 = ADVANCED_FACE ( 'NONE', ( #4676 ), #6656, .F. ) ;
#5286 = DIRECTION ( 'NONE',  ( 0.000000000000000000, 0.000000000000000000, -1.000000000000000000 ) ) ;
#5287 = EDGE_CURVE ( 'NONE', #2898, #5361, #7702, .T. ) ;
#5288 = AXIS2_PLACEMENT_3D ( 'NONE', #1132, #503, #7154 ) ;
#5289 = FACE_OUTER_BOUND ( 'NONE', #2137, .T. ) ;
#5290 = CARTESIAN_POINT ( 'NONE',  ( 2.683999951530076977, 2.367426600456417063, -2.486000048469923396 ) ) ;
#5291 = LINE ( 'NONE', #7400, #9228 ) ;
#5292 = ORIENTED_EDGE ( 'NONE', *, *, #5083, .T. ) ;
#5293 = ORIENTED_EDGE ( 'NONE', *, *, #9073, .F. ) ;
#5294 = CARTESIAN_POINT ( 'NONE',  ( 1.589999999999998082, 2.100000000000000089, 0.6499999999999998002 ) ) ;
#5295 = ORIENTED_EDGE ( 'NONE', *, *, #4820, .F. ) ;
#5296 = CARTESIAN_POINT ( 'NONE',  ( 0.4299999999999999933, 0.5999999999999480194, -3.160007371274379917 ) ) ;
#5297 = CIRCLE ( 'NONE', #9119, 0.09999999999993162969 ) ;
#5298 = EDGE_CURVE ( 'NONE', #2555, #5727, #1056, .T. ) ;
#5299 = FACE_OUTER_BOUND ( 'NONE', #3178, .T. ) ;
#5300 =( GEOMETRIC_REPRESENTATION_CONTEXT ( 3 ) GLOBAL_UNCERTAINTY_ASSIGNED_CONTEXT ( ( #3692 ) ) GLOBAL_UNIT_ASSIGNED_CONTEXT ( ( #238, #8258, #2995 ) ) REPRESENTATION_CONTEXT ( 'NONE', 'WORKASPACE' ) );
#5301 = AXIS2_PLACEMENT_3D ( 'NONE', #5814, #3030, #2932 ) ;
#5302 = CARTESIAN_POINT ( 'NONE',  ( -2.109999999999999876, 0.1500000000000405176, 3.600481571814114989 ) ) ;
#5303 = EDGE_LOOP ( 'NONE', ( #9011, #3253, #8235, #914 ) ) ;
#5304 = CARTESIAN_POINT ( 'NONE',  ( 0.8299999999999999600, 0.6999999999999999556, 2.649999999999999911 ) ) ;
#5305 = ORIENTED_EDGE ( 'NONE', *, *, #7171, .T. ) ;
#5306 = LINE ( 'NONE', #1442, #530 ) ;
#5307 = ORIENTED_EDGE ( 'NONE', *, *, #4379, .T. ) ;
#5308 = CARTESIAN_POINT ( 'NONE',  ( 2.100000000000000089, 0.1315711464949800014, -3.502194353120600123 ) ) ;
#5309 = DIRECTION ( 'NONE',  ( -0.000000000000000000, 1.000000000000000000, -0.000000000000000000 ) ) ;
#5310 = CARTESIAN_POINT ( 'NONE',  ( -0.2999999999999999889, 2.419999999999999929, 1.750000000000000222 ) ) ;
#5311 = DIRECTION ( 'NONE',  ( -1.000000000000000000, 0.000000000000000000, 0.000000000000000000 ) ) ;
#5312 = DIRECTION ( 'NONE',  ( 0.000000000000000000, 0.000000000000000000, -1.000000000000000000 ) ) ;
#5313 = ORIENTED_EDGE ( 'NONE', *, *, #7081, .F. ) ;
#5314 = LINE ( 'NONE', #4399, #8594 ) ;
#5315 = VERTEX_POINT ( 'NONE', #5441 ) ;
#5316 = DIRECTION ( 'NONE',  ( 0.000000000000000000, -1.000000000000000000, -1.517883041480662433E-13 ) ) ;
#5317 = EDGE_CURVE ( 'NONE', #312, #4534, #468, .T. ) ;
#5318 = ORIENTED_EDGE ( 'NONE', *, *, #4277, .T. ) ;
#5319 = DIRECTION ( 'NONE',  ( 0.000000000000000000, 0.000000000000000000, 1.000000000000000000 ) ) ;
#5320 = CYLINDRICAL_SURFACE ( 'NONE', #6005, 0.2000000000000000944 ) ;
#5321 = CARTESIAN_POINT ( 'NONE',  ( -2.109999999999999876, 0.6999999999999999556, 2.649999999999999911 ) ) ;
#5322 = LINE ( 'NONE', #3691, #1267 ) ;
#5323 = DIRECTION ( 'NONE',  ( 0.3162277660168383853, 0.9486832980505136570, 0.000000000000000000 ) ) ;
#5324 = ORIENTED_EDGE ( 'NONE', *, *, #9023, .T. ) ;
#5325 = ORIENTED_EDGE ( 'NONE', *, *, #1438, .T. ) ;
#5326 = DIRECTION ( 'NONE',  ( 0.000000000000000000, 1.000000000000000000, 0.000000000000000000 ) ) ;
#5327 = ORIENTED_EDGE ( 'NONE', *, *, #7809, .T. ) ;
#5328 = ADVANCED_FACE ( 'NONE', ( #7023 ), #1150, .T. ) ;
#5329 = EDGE_CURVE ( 'NONE', #1674, #8749, #5568, .T. ) ;
#5330 = ORIENTED_EDGE ( 'NONE', *, *, #3231, .T. ) ;
#5331 = CARTESIAN_POINT ( 'NONE',  ( 1.590000000000000080, 1.750000000000000000, 0.6500000000000001332 ) ) ;
#5332 = CARTESIAN_POINT ( 'NONE',  ( -0.1499999999999999944, 2.399999999999999911, -1.500000000000000000 ) ) ;
#5333 = CARTESIAN_POINT ( 'NONE',  ( 1.649999999999999911, 2.399999999999999911, 2.200000000000000178 ) ) ;
#5334 = CYLINDRICAL_SURFACE ( 'NONE', #5374, 0.2000000000000321798 ) ;
#5335 = ADVANCED_FACE ( 'NONE', ( #1100 ), #4052, .T. ) ;
#5336 = DIRECTION ( 'NONE',  ( 0.000000000000000000, -1.000000000000000000, 0.000000000000000000 ) ) ;
#5337 = ORIENTED_EDGE ( 'NONE', *, *, #1789, .F. ) ;
#5338 = EDGE_LOOP ( 'NONE', ( #3333, #5421, #6730, #9053 ) ) ;
#5339 = CARTESIAN_POINT ( 'NONE',  ( 1.590000000000000080, 1.750000000000000000, 0.6500000000000001332 ) ) ;
#5340 = DIRECTION ( 'NONE',  ( -1.000000000000000000, 0.000000000000000000, 0.000000000000000000 ) ) ;
#5341 = ORIENTED_EDGE ( 'NONE', *, *, #603, .T. ) ;
#5342 = EDGE_CURVE ( 'NONE', #6036, #7875, #5585, .T. ) ;
#5343 =( REPRESENTATION_RELATIONSHIP ('NONE','NONE', #1807, #6391 ) REPRESENTATION_RELATIONSHIP_WITH_TRANSFORMATION ( #9075 )SHAPE_REPRESENTATION_RELATIONSHIP( ) );
#5344 = CARTESIAN_POINT ( 'NONE',  ( 0.2758503961844769314, 0.6500000000000000222, 0.07414960381551428947 ) ) ;
#5345 = EDGE_CURVE ( 'NONE', #3770, #4234, #8164, .T. ) ;
#5346 = DIRECTION ( 'NONE',  ( 0.000000000000000000, 1.000000000000000000, 0.000000000000000000 ) ) ;
#5347 = FACE_OUTER_BOUND ( 'NONE', #624, .T. ) ;
#5348 = ORIENTED_EDGE ( 'NONE', *, *, #8216, .F. ) ;
#5349 = CARTESIAN_POINT ( 'NONE',  ( 2.100000000000000089, 0.04999999999999400063, -4.000000000000000000 ) ) ;
#5350 = ORIENTED_EDGE ( 'NONE', *, *, #2709, .T. ) ;
#5351 = ORIENTED_EDGE ( 'NONE', *, *, #8591, .F. ) ;
#5352 = CARTESIAN_POINT ( 'NONE',  ( -0.4400000000000000022, 0.6999999999999999556, 2.649999999999999911 ) ) ;
#5353 = FACE_OUTER_BOUND ( 'NONE', #3451, .T. ) ;
#5354 = LINE ( 'NONE', #2751, #4309 ) ;
#5355 = DIRECTION ( 'NONE',  ( -1.000000000000000000, 0.000000000000000000, 0.000000000000000000 ) ) ;
#5356 = CARTESIAN_POINT ( 'NONE',  ( 0.8299999999999999600, 0.1500000000000140388, -3.600481571814050152 ) ) ;
#5357 = VERTEX_POINT ( 'NONE', #9165 ) ;
#5358 = DIRECTION ( 'NONE',  ( 0.000000000000000000, -1.000000000000000000, 0.000000000000000000 ) ) ;
#5359 = ORIENTED_EDGE ( 'NONE', *, *, #3340, .T. ) ;
#5360 = CARTESIAN_POINT ( 'NONE',  ( -0.6500000000000001332, 2.399999999999999911, 2.149999999999999911 ) ) ;
#5361 = VERTEX_POINT ( 'NONE', #8496 ) ;
#5362 = CYLINDRICAL_SURFACE ( 'NONE', #4218, 0.2500000000000405787 ) ;
#5363 = DIRECTION ( 'NONE',  ( 0.000000000000000000, -1.000000000000000000, 0.000000000000000000 ) ) ;
#5364 = CYLINDRICAL_SURFACE ( 'NONE', #282, 0.09999999999993651467 ) ;
#5365 = EDGE_CURVE ( 'NONE', #7751, #1090, #5632, .T. ) ;
#5366 = DIRECTION ( 'NONE',  ( 0.000000000000000000, 0.000000000000000000, -1.000000000000000000 ) ) ;
#5367 = CARTESIAN_POINT ( 'NONE',  ( -2.941942872498468642, 2.332308414685503539, -2.505826174976274245 ) ) ;
#5368 = ORIENTED_EDGE ( 'NONE', *, *, #6986, .F. ) ;
#5369 = ORIENTED_EDGE ( 'NONE', *, *, #3415, .F. ) ;
#5370 = DIRECTION ( 'NONE',  ( 0.000000000000000000, -0.1842885350503031539, 0.9828721869342997852 ) ) ;
#5371 = DIRECTION ( 'NONE',  ( 1.000000000000000000, 0.000000000000000000, 0.000000000000000000 ) ) ;
#5372 = VERTEX_POINT ( 'NONE', #9076 ) ;
#5373 = AXIS2_PLACEMENT_3D ( 'NONE', #3224, #6789, #1329 ) ;
#5374 = AXIS2_PLACEMENT_3D ( 'NONE', #1557, #6692, #8207 ) ;
#5375 = VERTEX_POINT ( 'NONE', #6937 ) ;
#5376 = CARTESIAN_POINT ( 'NONE',  ( -0.5500000000000000444, 2.419999999999999929, 2.250000000000000444 ) ) ;
#5377 = AXIS2_PLACEMENT_3D ( 'NONE', #2892, #4143, #2185 ) ;
#5378 = DIRECTION ( 'NONE',  ( -0.000000000000000000, 1.000000000000000000, -0.000000000000000000 ) ) ;
#5379 = ADVANCED_FACE ( 'NONE', ( #384 ), #6226, .T. ) ;
#5380 = CIRCLE ( 'NONE', #9041, 0.05000000000000012768 ) ;
#5381 = EDGE_CURVE ( 'NONE', #485, #2786, #1860, .T. ) ;
#5382 = CARTESIAN_POINT ( 'NONE',  ( 1.019999999999999352, 2.100000000000000977, -0.6499999999999998002 ) ) ;
#5383 = DIRECTION ( 'NONE',  ( 0.000000000000000000, 0.000000000000000000, -1.000000000000000000 ) ) ;
#5384 = ORIENTED_EDGE ( 'NONE', *, *, #5878, .F. ) ;
#5385 = ORIENTED_EDGE ( 'NONE', *, *, #2060, .F. ) ;
#5386 = DIRECTION ( 'NONE',  ( 0.000000000000000000, 0.000000000000000000, 1.000000000000000000 ) ) ;
#5387 = CARTESIAN_POINT ( 'NONE',  ( -1.352215803790500326, 2.419999999999999929, -2.129491420826799875 ) ) ;
#5388 = ORIENTED_EDGE ( 'NONE', *, *, #81, .T. ) ;
#5389 = PRODUCT ( 'CHS-04TB1', 'CHS-04TB1', '', ( #8448 ) ) ;
#5390 = EDGE_CURVE ( 'NONE', #9153, #7401, #537, .T. ) ;
#5391 = DIRECTION ( 'NONE',  ( -1.000000000000000000, 0.000000000000000000, 0.000000000000000000 ) ) ;
#5392 = CARTESIAN_POINT ( 'NONE',  ( -0.5500000000000000444, 2.399999999999999911, 1.850000000000000089 ) ) ;
#5393 = ADVANCED_FACE ( 'NONE', ( #8449 ), #1909, .F. ) ;
#5394 = EDGE_CURVE ( 'NONE', #1033, #5477, #2666, .T. ) ;
#5395 = VECTOR ( 'NONE', #4922, 1000.000000000000000 ) ;
#5396 = CARTESIAN_POINT ( 'NONE',  ( 0.2499999999999835132, 0.05000000000000004441, 0.5499999999999839462 ) ) ;
#5397 = ORIENTED_EDGE ( 'NONE', *, *, #5342, .T. ) ;
#5398 = DIRECTION ( 'NONE',  ( 0.000000000000000000, -1.000000000000000000, 0.000000000000000000 ) ) ;
#5399 = EDGE_LOOP ( 'NONE', ( #7373, #652, #4063, #774 ) ) ;
#5400 = ORIENTED_EDGE ( 'NONE', *, *, #2972, .T. ) ;
#5401 = PLANE ( 'NONE',  #6156 ) ;
#5402 = ADVANCED_FACE ( 'NONE', ( #523 ), #6363, .F. ) ;
#5403 = VECTOR ( 'NONE', #4481, 1000.000000000000000 ) ;
#5404 = ADVANCED_FACE ( 'NONE', ( #3513 ), #8719, .F. ) ;
#5405 = DIRECTION ( 'NONE',  ( 0.000000000000000000, 0.000000000000000000, -1.000000000000000000 ) ) ;
#5406 = CARTESIAN_POINT ( 'NONE',  ( -2.575000000000000178, 2.419999999999999929, -2.050000000000000266 ) ) ;
#5407 = DIRECTION ( 'NONE',  ( -1.000000000000000000, 0.000000000000000000, 0.000000000000000000 ) ) ;
#5408 = CARTESIAN_POINT ( 'NONE',  ( -1.709999999999999964, 0.1039278662374499979, 3.354763525080500131 ) ) ;
#5409 = VERTEX_POINT ( 'NONE', #2178 ) ;
#5410 = AXIS2_PLACEMENT_3D ( 'NONE', #6645, #4564, #2982 ) ;
#5411 = CARTESIAN_POINT ( 'NONE',  ( 0.3207106781186490063, 0.6207106781186489952, 0.02928932188134274889 ) ) ;
#5412 = ORIENTED_EDGE ( 'NONE', *, *, #3521, .T. ) ;
#5413 = FACE_OUTER_BOUND ( 'NONE', #7391, .T. ) ;
#5414 = ORIENTED_EDGE ( 'NONE', *, *, #2465, .T. ) ;
#5415 = CARTESIAN_POINT ( 'NONE',  ( 3.300000000000034905, 0.6999999999999999556, 2.504661987654900113 ) ) ;
#5416 = CIRCLE ( 'NONE', #8468, 0.04999999999999991257 ) ;
#5417 = CARTESIAN_POINT ( 'NONE',  ( 2.973922824958600053, 0.000000000000000000, -2.373922824958615063 ) ) ;
#5418 = DIRECTION ( 'NONE',  ( 0.000000000000000000, -0.9828721869343458595, -0.1842885350500574615 ) ) ;
#5419 = DIRECTION ( 'NONE',  ( 1.000000000000000000, -0.000000000000000000, -0.000000000000000000 ) ) ;
#5420 = CARTESIAN_POINT ( 'NONE',  ( 0.2499999999999925338, 0.05000000000000004441, 0.1000000000000075967 ) ) ;
#5421 = ORIENTED_EDGE ( 'NONE', *, *, #4751, .F. ) ;
#5422 = ORIENTED_EDGE ( 'NONE', *, *, #3748, .T. ) ;
#5423 = CARTESIAN_POINT ( 'NONE',  ( -3.299999978760910668, 0.7000001805281479417, 2.504661966269285056 ) ) ;
#5424 = VERTEX_POINT ( 'NONE', #8018 ) ;
#5425 = ORIENTED_EDGE ( 'NONE', *, *, #5580, .T. ) ;
#5426 = VECTOR ( 'NONE', #8222, 1000.000000000000000 ) ;
#5427 = CARTESIAN_POINT ( 'NONE',  ( -0.9499999999999999556, 1.750000000000000000, 0.6500000000000001332 ) ) ;
#5428 = DIRECTION ( 'NONE',  ( 0.000000000000000000, 0.000000000000000000, 1.000000000000000000 ) ) ;
#5429 = CARTESIAN_POINT ( 'NONE',  ( -1.709999999999999964, 0.1500000000000405176, 3.600481571814114989 ) ) ;
#5430 = AXIS2_PLACEMENT_3D ( 'NONE', #3048, #5891, #5115 ) ;
#5431 = DIRECTION ( 'NONE',  ( 0.000000000000000000, 1.000000000000000000, 0.000000000000000000 ) ) ;
#5432 = VERTEX_POINT ( 'NONE', #1378 ) ;
#5433 = VERTEX_POINT ( 'NONE', #3608 ) ;
#5434 = FACE_OUTER_BOUND ( 'NONE', #6951, .T. ) ;
#5435 = EDGE_LOOP ( 'NONE', ( #5562, #1358, #4809, #2736 ) ) ;
#5436 = EDGE_CURVE ( 'NONE', #3334, #1152, #4327, .T. ) ;
#5437 = AXIS2_PLACEMENT_3D ( 'NONE', #1376, #8715, #1470 ) ;
#5438 = LINE ( 'NONE', #3950, #5734 ) ;
#5439 = CARTESIAN_POINT ( 'NONE',  ( -2.109999999999999876, 0.05000000000000000278, 3.600481571814099890 ) ) ;
#5440 =( NAMED_UNIT ( * ) SI_UNIT ( $, .STERADIAN. ) SOLID_ANGLE_UNIT ( ) );
#5441 = CARTESIAN_POINT ( 'NONE',  ( -2.109999999999999876, 0.1039278662374499979, 3.354763525080500131 ) ) ;
#5442 = VECTOR ( 'NONE', #3063, 1000.000000000000000 ) ;
#5443 = VERTEX_POINT ( 'NONE', #8634 ) ;
#5444 = LINE ( 'NONE', #1718, #7117 ) ;
#5445 = VERTEX_POINT ( 'NONE', #1473 ) ;
#5446 = EDGE_LOOP ( 'NONE', ( #348, #8263, #604, #4243 ) ) ;
#5447 = DIRECTION ( 'NONE',  ( 0.000000000000000000, -1.000000000000000000, 0.000000000000000000 ) ) ;
#5448 = ADVANCED_FACE ( 'NONE', ( #3559 ), #707, .F. ) ;
#5449 = EDGE_CURVE ( 'NONE', #1640, #5029, #7968, .T. ) ;
#5450 = VECTOR ( 'NONE', #8730, 1000.000000000000000 ) ;
#5451 = VECTOR ( 'NONE', #865, 1000.000000000000000 ) ;
#5452 = CARTESIAN_POINT ( 'NONE',  ( 0.8299999999999999600, 0.1500000000000405176, 3.600481571814114989 ) ) ;
#5453 = CARTESIAN_POINT ( 'NONE',  ( 0.8299999999999999600, 0.6999999999999999556, 3.160007371274399901 ) ) ;
#5454 = EDGE_CURVE ( 'NONE', #1957, #7136, #659, .T. ) ;
#5455 = CARTESIAN_POINT ( 'NONE',  ( -3.050005932074644655, 0.03417045046257145141, 2.450028469663826147 ) ) ;
#5456 = CARTESIAN_POINT ( 'NONE',  ( 2.000000000000000000, 2.419999999999999929, 1.800000000000000266 ) ) ;
#5457 = ORIENTED_EDGE ( 'NONE', *, *, #3049, .T. ) ;
#5458 = VECTOR ( 'NONE', #2746, 1000.000000000000000 ) ;
#5459 = FACE_OUTER_BOUND ( 'NONE', #7941, .T. ) ;
#5460 = VERTEX_POINT ( 'NONE', #6553 ) ;
#5461 = CARTESIAN_POINT ( 'NONE',  ( -2.024999999999999911, 2.399999999999999911, -1.949999999999999956 ) ) ;
#5462 = ORIENTED_EDGE ( 'NONE', *, *, #5847, .F. ) ;
#5463 = EDGE_CURVE ( 'NONE', #5039, #219, #6508, .T. ) ;
#5464 = FACE_OUTER_BOUND ( 'NONE', #7624, .T. ) ;
#5465 = CIRCLE ( 'NONE', #1346, 0.1000000000000263872 ) ;
#5466 = CARTESIAN_POINT ( 'NONE',  ( 3.066904760731809176, 0.06147182829467816301, -2.466904760731809532 ) ) ;
#5467 = DIRECTION ( 'NONE',  ( -1.000000000000000000, 0.000000000000000000, 0.000000000000000000 ) ) ;
#5468 = CARTESIAN_POINT ( 'NONE',  ( 0.000000000000000000, 0.2000000000000000111, -0.5999999999999999778 ) ) ;
#5469 = FACE_BOUND ( 'NONE', #594, .T. ) ;
#5470 = EDGE_CURVE ( 'NONE', #3679, #6182, #2136, .T. ) ;
#5471 = VERTEX_POINT ( 'NONE', #9352 ) ;
#5472 = EDGE_LOOP ( 'NONE', ( #4055, #580, #6577 ) ) ;
#5473 = CARTESIAN_POINT ( 'NONE',  ( 1.949999999999999956, 2.419999999999999929, 1.800000000000000266 ) ) ;
#5474 = VERTEX_POINT ( 'NONE', #5004 ) ;
#5475 = EDGE_CURVE ( 'NONE', #9037, #1486, #7564, .T. ) ;
#5477 = VERTEX_POINT ( 'NONE', #5772 ) ;
#5476 = CIRCLE ( 'NONE', #7922, 0.1000000000000075828 ) ;
#5478 = LINE ( 'NONE', #8393, #3904 ) ;
#5479 = PLANE ( 'NONE',  #7445 ) ;
#5480 = CARTESIAN_POINT ( 'NONE',  ( 2.200000000000000178, 0.1499999999999999944, -1.699999999999999956 ) ) ;
#5481 = PLANE ( 'NONE',  #2210 ) ;
#5482 = ORIENTED_EDGE ( 'NONE', *, *, #869, .F. ) ;
#5483 = ORIENTED_EDGE ( 'NONE', *, *, #3914, .T. ) ;
#5484 = DIRECTION ( 'NONE',  ( 0.000000000000000000, -1.000000000000000000, 0.000000000000000000 ) ) ;
#5485 = ORIENTED_EDGE ( 'NONE', *, *, #7093, .F. ) ;
#5486 = CYLINDRICAL_SURFACE ( 'NONE', #5126, 0.09999999999984543475 ) ;
#5487 = FACE_OUTER_BOUND ( 'NONE', #4029, .T. ) ;
#5488 = DIRECTION ( 'NONE',  ( 0.000000000000000000, 0.000000000000000000, 1.000000000000000000 ) ) ;
#5489 = EDGE_CURVE ( 'NONE', #2787, #3749, #6805, .T. ) ;
#5490 = ORIENTED_EDGE ( 'NONE', *, *, #1198, .F. ) ;
#5491 = ORIENTED_EDGE ( 'NONE', *, *, #2652, .T. ) ;
#5492 = LINE ( 'NONE', #3910, #3073 ) ;
#5493 = DIRECTION ( 'NONE',  ( 0.000000000000000000, 1.000000000000000000, 0.000000000000000000 ) ) ;
#5494 = DIRECTION ( 'NONE',  ( 1.000000000000000000, 0.000000000000000000, 0.000000000000000000 ) ) ;
#5495 = ADVANCED_FACE ( 'NONE', ( #7303 ), #7930, .T. ) ;
#5496 = EDGE_CURVE ( 'NONE', #4901, #860, #3607, .T. ) ;
#5497 = DIRECTION ( 'NONE',  ( 0.000000000000000000, 0.000000000000000000, 1.000000000000000000 ) ) ;
#5498 = CARTESIAN_POINT ( 'NONE',  ( -0.4400000000000000022, 0.5999999999999870992, -3.160007371274350163 ) ) ;
#5499 = DIRECTION ( 'NONE',  ( 0.000000000000000000, 0.000000000000000000, -1.000000000000000000 ) ) ;
#5500 = EDGE_LOOP ( 'NONE', ( #2774, #3188, #258, #7359, #4442, #8252, #2303, #181, #1298, #4532, #2878, #1184, #1721, #5017, #8813, #2505, #1488, #2734, #4611, #3514 ) ) ;
#5501 = CARTESIAN_POINT ( 'NONE',  ( 0.3010495520009692227, 0.6010495520009687676, 0.009628195808782517504 ) ) ;
#5502 = ORIENTED_EDGE ( 'NONE', *, *, #7071, .F. ) ;
#5503 = CARTESIAN_POINT ( 'NONE',  ( 0.8299999999999999600, -0.1000000000000000056, 4.000000000000000000 ) ) ;
#5504 = ORIENTED_EDGE ( 'NONE', *, *, #869, .T. ) ;
#5505 = EDGE_CURVE ( 'NONE', #3539, #2787, #4240, .T. ) ;
#5506 = CARTESIAN_POINT ( 'NONE',  ( -0.2500000000000000000, 2.399999999999999911, 2.149999999999999911 ) ) ;
#5507 = CYLINDRICAL_SURFACE ( 'NONE', #7219, 0.2500000000000514033 ) ;
#5508 = CARTESIAN_POINT ( 'NONE',  ( -0.9499999999999999556, 1.750000000000000000, 0.6500000000000001332 ) ) ;
#5509 = ADVANCED_FACE ( 'NONE', ( #5725 ), #7209, .F. ) ;
#5510 = CARTESIAN_POINT ( 'NONE',  ( 0.4299999999999999933, 0.05000000000000000278, 4.000000000000000000 ) ) ;
#5511 = CARTESIAN_POINT ( 'NONE',  ( -1.807462589658299867, 2.419999999999999929, -1.750000000000000000 ) ) ;
#5512 = ORIENTED_EDGE ( 'NONE', *, *, #4522, .F. ) ;
#5513 = VERTEX_POINT ( 'NONE', #139 ) ;
#5514 = CARTESIAN_POINT ( 'NONE',  ( 0.8299999999999999600, 0.1039278662374499979, -3.354763525080500131 ) ) ;
#5515 = ORIENTED_EDGE ( 'NONE', *, *, #644, .T. ) ;
#5516 = ORIENTED_EDGE ( 'NONE', *, *, #670, .T. ) ;
#5517 = AXIS2_PLACEMENT_3D ( 'NONE', #1871, #1833, #3391 ) ;
#5518 = EDGE_CURVE ( 'NONE', #3937, #4853, #2274, .T. ) ;
#5519 = LINE ( 'NONE', #4223, #8187 ) ;
#5520 = FACE_OUTER_BOUND ( 'NONE', #7508, .T. ) ;
#5521 = EDGE_CURVE ( 'NONE', #8345, #1348, #1515, .T. ) ;
#5522 = CARTESIAN_POINT ( 'NONE',  ( -2.375000000000000000, 2.419999999999999929, -1.750000000000000000 ) ) ;
#5523 = DIRECTION ( 'NONE',  ( -0.000000000000000000, 1.000000000000000000, -0.000000000000000000 ) ) ;
#5524 = ORIENTED_EDGE ( 'NONE', *, *, #7449, .F. ) ;
#5525 = VERTEX_POINT ( 'NONE', #2228 ) ;
#5526 = AXIS2_PLACEMENT_3D ( 'NONE', #2858, #1444, #8736 ) ;
#5527 = DIRECTION ( 'NONE',  ( 1.000000000000000000, 0.000000000000000000, 0.000000000000000000 ) ) ;
#5528 = ORIENTED_EDGE ( 'NONE', *, *, #2270, .F. ) ;
#5529 = AXIS2_PLACEMENT_3D ( 'NONE', #2313, #2267, #1551 ) ;
#5530 = VECTOR ( 'NONE', #1976, 1000.000000000000114 ) ;
#5531 = PLANE ( 'NONE',  #7882 ) ;
#5532 = CARTESIAN_POINT ( 'NONE',  ( 2.100000000000000089, -0.1000000000000000056, -3.600481571814099890 ) ) ;
#5533 = DIRECTION ( 'NONE',  ( 1.000000000000000000, 0.000000000000000000, 0.000000000000000000 ) ) ;
#5534 = DIRECTION ( 'NONE',  ( 0.000000000000000000, 0.000000000000000000, -1.000000000000000000 ) ) ;
#5535 = ORIENTED_EDGE ( 'NONE', *, *, #3771, .F. ) ;
#5536 = VECTOR ( 'NONE', #8421, 1000.000000000000000 ) ;
#5537 = EDGE_LOOP ( 'NONE', ( #4031, #2655, #8524, #8618, #3477, #292, #2684, #1382, #1253, #1882, #1161, #7899 ) ) ;
#5538 = VECTOR ( 'NONE', #8195, 1000.000000000000000 ) ;
#5539 = AXIS2_PLACEMENT_3D ( 'NONE', #9116, #2515, #233 ) ;
#5540 = DIRECTION ( 'NONE',  ( -1.000000000000000000, 0.000000000000000000, 0.000000000000000000 ) ) ;
#5541 = CARTESIAN_POINT ( 'NONE',  ( 2.100000000000000089, -0.1000000000000000056, -4.000000000000000000 ) ) ;
#5542 = CARTESIAN_POINT ( 'NONE',  ( 1.699999999999999956, 0.05000000000000000278, 4.000000000000000000 ) ) ;
#5543 = CARTESIAN_POINT ( 'NONE',  ( -2.299999999999999822, 0.07243626441830010310, 2.470048994552399790 ) ) ;
#5544 = DIRECTION ( 'NONE',  ( -1.000000000000000000, 0.000000000000000000, 0.000000000000000000 ) ) ;
#5545 = VERTEX_POINT ( 'NONE', #6117 ) ;
#5546 = CARTESIAN_POINT ( 'NONE',  ( 0.6500000000000001332, 2.399999999999999911, 2.200000000000000178 ) ) ;
#5547 = CARTESIAN_POINT ( 'NONE',  ( -3.135294117647060119, 2.100000000000000089, 2.034705882352940254 ) ) ;
#5548 = ORIENTED_EDGE ( 'NONE', *, *, #7308, .T. ) ;
#5549 = CYLINDRICAL_SURFACE ( 'NONE', #3991, 0.2500000000000514033 ) ;
#5550 = VECTOR ( 'NONE', #4438, 1000.000000000000000 ) ;
#5551 = ORIENTED_EDGE ( 'NONE', *, *, #9059, .T. ) ;
#5553 = VECTOR ( 'NONE', #1206, 1000.000000000000000 ) ;
#5552 = DIRECTION ( 'NONE',  ( 0.000000000000000000, 0.000000000000000000, -1.000000000000000000 ) ) ;
#5554 = EDGE_CURVE ( 'NONE', #5545, #4544, #5291, .T. ) ;
#5555 = CARTESIAN_POINT ( 'NONE',  ( -0.4400000000000000022, 0.5999999999999480194, -3.160007371274379917 ) ) ;
#5556 = VECTOR ( 'NONE', #184, 1000.000000000000000 ) ;
#5557 = CARTESIAN_POINT ( 'NONE',  ( 1.699999999999999956, 0.04999999999999400063, -3.600481571814099890 ) ) ;
#5558 = LINE ( 'NONE', #1119, #6702 ) ;
#5559 = CARTESIAN_POINT ( 'NONE',  ( 2.939910559069614848, 2.311684124756699710, 2.510390102969800807 ) ) ;
#5560 = FACE_OUTER_BOUND ( 'NONE', #7272, .T. ) ;
#5561 = ORIENTED_EDGE ( 'NONE', *, *, #2250, .T. ) ;
#5562 = ORIENTED_EDGE ( 'NONE', *, *, #4181, .T. ) ;
#5563 = CARTESIAN_POINT ( 'NONE',  ( 1.649999999999999911, 2.419999999999999929, 2.250000000000000444 ) ) ;
#5564 = VERTEX_POINT ( 'NONE', #3131 ) ;
#5565 = ORIENTED_EDGE ( 'NONE', *, *, #1086, .T. ) ;
#5566 = ADVANCED_FACE ( 'NONE', ( #5242 ), #5141, .T. ) ;
#5567 = ADVANCED_FACE ( 'NONE', ( #8061 ), #793, .F. ) ;
#5568 = CIRCLE ( 'NONE', #8921, 0.05000000000000012768 ) ;
#5569 = CARTESIAN_POINT ( 'NONE',  ( -1.709999999999999964, 0.8499999999999999778, 2.649999999999999911 ) ) ;
#5570 = PLANE ( 'NONE',  #581 ) ;
#5571 = DIRECTION ( 'NONE',  ( 0.000000000000000000, 0.000000000000000000, -1.000000000000000000 ) ) ;
#5572 = DIRECTION ( 'NONE',  ( -1.000000000000000000, 0.000000000000000000, 0.000000000000000000 ) ) ;
#5573 = ORIENTED_EDGE ( 'NONE', *, *, #6417, .T. ) ;
#5574 = VERTEX_POINT ( 'NONE', #6018 ) ;
#5575 = CIRCLE ( 'NONE', #1458, 0.1000000000000231676 ) ;
#5576 = DIRECTION ( 'NONE',  ( -1.000000000000000000, 0.000000000000000000, 0.000000000000000000 ) ) ;
#5577 = EDGE_CURVE ( 'NONE', #3731, #1152, #3803, .T. ) ;
#5578 = EDGE_LOOP ( 'NONE', ( #9405, #6743, #689, #7134 ) ) ;
#5579 = CARTESIAN_POINT ( 'NONE',  ( -2.109999999999999876, 0.6999999999999999556, 3.160007371274399901 ) ) ;
#5580 = EDGE_CURVE ( 'NONE', #6557, #6499, #8105, .T. ) ;
#5581 = CARTESIAN_POINT ( 'NONE',  ( -0.5500000000000000444, 2.399999999999999911, 2.250000000000000444 ) ) ;
#5582 = VECTOR ( 'NONE', #2236, 1000.000000000000000 ) ;
#5583 = DIRECTION ( 'NONE',  ( 0.000000000000000000, -1.000000000000000000, 0.000000000000000000 ) ) ;
#5584 = PRODUCT_CONTEXT ( 'NONE', #7614, 'mechanical' ) ;
#5585 = LINE ( 'NONE', #3332, #2803 ) ;
#5586 = LINE ( 'NONE', #6364, #7376 ) ;
#5587 = ORIENTED_EDGE ( 'NONE', *, *, #7338, .T. ) ;
#5588 = FACE_OUTER_BOUND ( 'NONE', #470, .T. ) ;
#5589 = CIRCLE ( 'NONE', #7419, 0.1000000000000198508 ) ;
#5590 = LINE ( 'NONE', #1194, #5893 ) ;
#5591 = EDGE_CURVE ( 'NONE', #7388, #2375, #279, .T. ) ;
#5592 = VECTOR ( 'NONE', #8848, 1000.000000000000000 ) ;
#5593 = CARTESIAN_POINT ( 'NONE',  ( 2.200000000000000178, 0.1499999999999999944, -1.699999999999999956 ) ) ;
#5594 = CARTESIAN_POINT ( 'NONE',  ( 3.250000000000000444, 0.6999999999999999556, -2.635272211428770106 ) ) ;
#5595 = CARTESIAN_POINT ( 'NONE',  ( -1.520000000000000018, 2.100000000000000089, 0.6500000000000001332 ) ) ;
#5596 = DIRECTION ( 'NONE',  ( 0.000000000000000000, 0.000000000000000000, 1.000000000000000000 ) ) ;
#5597 = ORIENTED_EDGE ( 'NONE', *, *, #3039, .T. ) ;
#5598 = LINE ( 'NONE', #1035, #5680 ) ;
#5599 = DIRECTION ( 'NONE',  ( -1.000000000000000000, 0.000000000000000000, 0.000000000000000000 ) ) ;
#5600 = ORIENTED_EDGE ( 'NONE', *, *, #839, .F. ) ;
#5601 = CARTESIAN_POINT ( 'NONE',  ( 0.3207106781186499500, 0.6207106781186499944, 0.6207106781186499944 ) ) ;
#5602 = ORIENTED_EDGE ( 'NONE', *, *, #3115, .F. ) ;
#5603 = VECTOR ( 'NONE', #7278, 1000.000000000000000 ) ;
#5604 = DIRECTION ( 'NONE',  ( 0.000000000000000000, 0.000000000000000000, 1.000000000000000000 ) ) ;
#5605 = CARTESIAN_POINT ( 'NONE',  ( 2.050000000000000266, 2.419999999999999929, 1.850000000000000089 ) ) ;
#5606 = CARTESIAN_POINT ( 'NONE',  ( 0.8299999999999999600, 0.5999999999999731104, 3.160007371274344834 ) ) ;
#5607 = LINE ( 'NONE', #1355, #4909 ) ;
#5608 = VECTOR ( 'NONE', #1134, 1000.000000000000000 ) ;
#5609 = CARTESIAN_POINT ( 'NONE',  ( -0.8499999999999999778, 2.399999999999999911, 1.850000000000000089 ) ) ;
#5610 = DIRECTION ( 'NONE',  ( 0.000000000000000000, 0.000000000000000000, -1.000000000000000000 ) ) ;
#5611 = ORIENTED_EDGE ( 'NONE', *, *, #3555, .T. ) ;
#5612 = ADVANCED_FACE ( 'NONE', ( #6835 ), #8860, .F. ) ;
#5613 = ORIENTED_EDGE ( 'NONE', *, *, #9060, .F. ) ;
#5614 = LINE ( 'NONE', #4219, #8903 ) ;
#5615 = ORIENTED_EDGE ( 'NONE', *, *, #7698, .T. ) ;
#5616 = ORIENTED_EDGE ( 'NONE', *, *, #4620, .F. ) ;
#5617 = VECTOR ( 'NONE', #7528, 1000.000000000000114 ) ;
#5618 = LINE ( 'NONE', #6260, #7743 ) ;
#5619 = CARTESIAN_POINT ( 'NONE',  ( -1.709999999999999964, 0.6999999999999999556, 2.649999999999999911 ) ) ;
#5620 = ORIENTED_EDGE ( 'NONE', *, *, #1581, .T. ) ;
#5621 = EDGE_CURVE ( 'NONE', #8924, #9049, #7042, .T. ) ;
#5622 = EDGE_LOOP ( 'NONE', ( #7920, #535, #1359, #4421 ) ) ;
#5623 = EDGE_CURVE ( 'NONE', #1080, #5768, #3177, .T. ) ;
#5624 = CIRCLE ( 'NONE', #2722, 0.1000000000000162009 ) ;
#5625 = LINE ( 'NONE', #1990, #4931 ) ;
#5626 = ORIENTED_EDGE ( 'NONE', *, *, #1364, .F. ) ;
#5627 = ORIENTED_EDGE ( 'NONE', *, *, #4112, .T. ) ;
#5628 = LINE ( 'NONE', #3370, #4348 ) ;
#5629 = CARTESIAN_POINT ( 'NONE',  ( -2.125000000000000000, 2.399999999999999911, -2.050000000000000266 ) ) ;
#5630 = ADVANCED_FACE ( 'NONE', ( #7543 ), #3845, .F. ) ;
#5631 = DIRECTION ( 'NONE',  ( 0.000000000000000000, 0.000000000000000000, 1.000000000000000000 ) ) ;
#5632 = LINE ( 'NONE', #3288, #4336 ) ;
#5633 = FACE_OUTER_BOUND ( 'NONE', #2561, .T. ) ;
#5634 = EDGE_CURVE ( 'NONE', #3907, #1083, #229, .T. ) ;
#5635 = ORIENTED_EDGE ( 'NONE', *, *, #1020, .T. ) ;
#5636 = ORIENTED_EDGE ( 'NONE', *, *, #3819, .F. ) ;
#5637 = DIRECTION ( 'NONE',  ( 0.000000000000000000, -1.000000000000000000, 0.000000000000000000 ) ) ;
#5638 = EDGE_CURVE ( 'NONE', #8989, #5843, #8918, .T. ) ;
#5639 = CARTESIAN_POINT ( 'NONE',  ( 2.390000000000000124, 2.399999999999999911, 1.500000000000000000 ) ) ;
#5640 = CARTESIAN_POINT ( 'NONE',  ( -3.248519816506643121, 0.6948379867057306036, 2.639744728281649078 ) ) ;
#5641 = EDGE_CURVE ( 'NONE', #8328, #8344, #8249, .T. ) ;
#5642 = DIRECTION ( 'NONE',  ( 1.000000000000000000, 0.000000000000000000, 0.000000000000000000 ) ) ;
#5643 = ORIENTED_EDGE ( 'NONE', *, *, #9072, .F. ) ;
#5644 = LINE ( 'NONE', #6525, #5856 ) ;
#5645 = ORIENTED_EDGE ( 'NONE', *, *, #7320, .T. ) ;
#5646 = LINE ( 'NONE', #3628, #6608 ) ;
#5647 = ORIENTED_EDGE ( 'NONE', *, *, #305, .T. ) ;
#5648 = DIRECTION ( 'NONE',  ( 1.000000000000000000, -0.000000000000000000, -0.000000000000000000 ) ) ;
#5649 = DIRECTION ( 'NONE',  ( 0.000000000000000000, 0.000000000000000000, 1.000000000000000000 ) ) ;
#5650 = FACE_OUTER_BOUND ( 'NONE', #616, .T. ) ;
#5651 = DIRECTION ( 'NONE',  ( -0.1102635692839943476, -0.3307907078519820576, -0.9372403389139514207 ) ) ;
#5652 = DIRECTION ( 'NONE',  ( -1.000000000000000000, 0.000000000000000000, 0.000000000000000000 ) ) ;
#5653 = DIRECTION ( 'NONE',  ( 0.000000000000000000, 0.9429903335828897504, 0.3328201177351369777 ) ) ;
#5654 = EDGE_LOOP ( 'NONE', ( #6824, #3225, #7544, #1861 ) ) ;
#5655 = EDGE_LOOP ( 'NONE', ( #3590, #6791, #5728, #7406 ) ) ;
#5656 = CARTESIAN_POINT ( 'NONE',  ( -3.056043827643871058, 2.100000000000000089, 2.504649437099715659 ) ) ;
#5657 = VERTEX_POINT ( 'NONE', #993 ) ;
#5658 = ORIENTED_EDGE ( 'NONE', *, *, #2984, .F. ) ;
#5659 = EDGE_CURVE ( 'NONE', #4171, #3977, #3894, .T. ) ;
#5660 = CYLINDRICAL_SURFACE ( 'NONE', #5906, 0.09999999999998074318 ) ;
#5661 = SURFACE_STYLE_USAGE ( .BOTH. , #2124 ) ;
#5662 = CARTESIAN_POINT ( 'NONE',  ( 1.000000000000000000, 2.419999999999999929, 2.200000000000000178 ) ) ;
#5663 = CARTESIAN_POINT ( 'NONE',  ( 0.8299999999999999600, 0.1500000000000405176, 3.600481571814114989 ) ) ;
#5664 = ORIENTED_EDGE ( 'NONE', *, *, #7206, .T. ) ;
#5665 = ORIENTED_EDGE ( 'NONE', *, *, #8382, .F. ) ;
#5666 = ORIENTED_EDGE ( 'NONE', *, *, #898, .T. ) ;
#5667 = ORIENTED_EDGE ( 'NONE', *, *, #1142, .T. ) ;
#5668 = ADVANCED_FACE ( 'NONE', ( #7595 ), #2511, .F. ) ;
#5669 = EDGE_CURVE ( 'NONE', #7497, #3358, #9382, .T. ) ;
#5670 = CARTESIAN_POINT ( 'NONE',  ( -0.2499999999999996392, 2.100000000000000977, -0.6499999999999996891 ) ) ;
#5671 = DIRECTION ( 'NONE',  ( 0.000000000000000000, -1.000000000000000000, 0.000000000000000000 ) ) ;
#5672 = AXIS2_PLACEMENT_3D ( 'NONE', #4645, #8990, #7574 ) ;
#5673 = DIRECTION ( 'NONE',  ( 1.000000000000000000, -0.000000000000000000, -0.000000000000000000 ) ) ;
#5674 = DIRECTION ( 'NONE',  ( 0.000000000000000000, 0.000000000000000000, -1.000000000000000000 ) ) ;
#5675 = CARTESIAN_POINT ( 'NONE',  ( -0.4400000000000000022, 0.8499999999999999778, -3.160007371274399901 ) ) ;
#5676 = ORIENTED_EDGE ( 'NONE', *, *, #6704, .F. ) ;
#5677 = CARTESIAN_POINT ( 'NONE',  ( -0.3499999999999999778, 0.05000000000000000278, 0.000000000000000000 ) ) ;
#5678 = DIRECTION ( 'NONE',  ( 0.000000000000000000, -1.000000000000000000, 0.000000000000000000 ) ) ;
#5679 = EDGE_CURVE ( 'NONE', #9241, #2338, #1597, .T. ) ;
#5680 = VECTOR ( 'NONE', #4153, 1000.000000000000000 ) ;
#5681 = EDGE_CURVE ( 'NONE', #1830, #9418, #6879, .T. ) ;
#5682 = EDGE_CURVE ( 'NONE', #6365, #7085, #1809, .T. ) ;
#5683 = VECTOR ( 'NONE', #8623, 1000.000000000000000 ) ;
#5684 = CARTESIAN_POINT ( 'NONE',  ( 2.399999999999999911, 0.000000000000000000, 0.000000000000000000 ) ) ;
#5685 = DIRECTION ( 'NONE',  ( -1.000000000000000000, 0.000000000000000000, 0.000000000000000000 ) ) ;
#5686 = VECTOR ( 'NONE', #4119, 1000.000000000000000 ) ;
#5687 = DIRECTION ( 'NONE',  ( 0.000000000000000000, -1.000000000000000000, 0.000000000000000000 ) ) ;
#5688 = CARTESIAN_POINT ( 'NONE',  ( -0.2500000000000000000, 0.5500000000000000444, 0.000000000000000000 ) ) ;
#5689 = VERTEX_POINT ( 'NONE', #4667 ) ;
#5690 = CARTESIAN_POINT ( 'NONE',  ( -0.8500000000000690337, 2.419999999999999929, 1.849999999999930367 ) ) ;
#5691 = EDGE_CURVE ( 'NONE', #285, #6637, #7644, .T. ) ;
#5692 = CARTESIAN_POINT ( 'NONE',  ( -2.225000000000000089, 2.419999999999999929, -2.250000000000000444 ) ) ;
#5693 = ORIENTED_EDGE ( 'NONE', *, *, #2475, .T. ) ;
#5694 = CIRCLE ( 'NONE', #4010, 0.09999999999984543475 ) ;
#5695 = EDGE_CURVE ( 'NONE', #9447, #1511, #4849, .T. ) ;
#5696 = CARTESIAN_POINT ( 'NONE',  ( -2.475000000000000089, 2.419999999999999929, -1.949999999999999956 ) ) ;
#5697 = B_SPLINE_CURVE_WITH_KNOTS ( 'NONE', 3,
 ( #3750, #7205, #655, #6505, #9401, #6550, #2133, #5041 ),
 .UNSPECIFIED., .F., .F.,
 ( 4, 2, 2, 4 ),
 ( 4.712388980384536019, 5.358151012031344251, 5.681032027854747923, 6.003913043678151595 ),
 .UNSPECIFIED. ) ;
#5698 = CARTESIAN_POINT ( 'NONE',  ( 2.100000000000000089, -0.1000000000000000056, -4.000000000000000000 ) ) ;
#5699 = DIRECTION ( 'NONE',  ( -0.000000000000000000, 1.000000000000000000, -0.000000000000000000 ) ) ;
#5700 = CARTESIAN_POINT ( 'NONE',  ( 1.699999999999999956, 0.8499999999999999778, 3.160007371274399901 ) ) ;
#5701 = PLANE ( 'NONE',  #8593 ) ;
#5702 = VECTOR ( 'NONE', #6236, 1000.000000000000000 ) ;
#5703 = LINE ( 'NONE', #8031, #6353 ) ;
#5704 = ORIENTED_EDGE ( 'NONE', *, *, #6392, .T. ) ;
#5705 = ORIENTED_EDGE ( 'NONE', *, *, #5869, .T. ) ;
#5706 = VECTOR ( 'NONE', #969, 1000.000000000000000 ) ;
#5707 = DIRECTION ( 'NONE',  ( 0.3162277660168379967, -0.9486832980505137680, 0.000000000000000000 ) ) ;
#5708 = ORIENTED_EDGE ( 'NONE', *, *, #5695, .T. ) ;
#5709 = VERTEX_POINT ( 'NONE', #9113 ) ;
#5710 = DIRECTION ( 'NONE',  ( -0.000000000000000000, 1.000000000000000000, -0.000000000000000000 ) ) ;
#5711 = VECTOR ( 'NONE', #5311, 1000.000000000000000 ) ;
#5712 = DIRECTION ( 'NONE',  ( -1.000000000000000000, 0.000000000000000000, 0.000000000000000000 ) ) ;
#5713 = AXIS2_PLACEMENT_3D ( 'NONE', #5739, #2726, #4203 ) ;
#5714 = CARTESIAN_POINT ( 'NONE',  ( 0.4299999999999999933, -0.1000000000000000056, -3.600481571814099890 ) ) ;
#5715 = ORIENTED_EDGE ( 'NONE', *, *, #1262, .T. ) ;
#5716 = ORIENTED_EDGE ( 'NONE', *, *, #3215, .T. ) ;
#5717 = DIRECTION ( 'NONE',  ( 0.000000000000000000, 0.000000000000000000, 1.000000000000000000 ) ) ;
#5718 = ORIENTED_EDGE ( 'NONE', *, *, #2543, .T. ) ;
#5719 = AXIS2_PLACEMENT_3D ( 'NONE', #3035, #7455, #849 ) ;
#5720 = ORIENTED_EDGE ( 'NONE', *, *, #7798, .F. ) ;
#5721 = AXIS2_PLACEMENT_3D ( 'NONE', #2605, #1136, #1180 ) ;
#5722 = PLANE ( 'NONE',  #6061 ) ;
#5723 = DIRECTION ( 'NONE',  ( 0.000000000000000000, 0.000000000000000000, -1.000000000000000000 ) ) ;
#5724 = VECTOR ( 'NONE', #7772, 1000.000000000000000 ) ;
#5725 = FACE_OUTER_BOUND ( 'NONE', #3895, .T. ) ;
#5726 = ORIENTED_EDGE ( 'NONE', *, *, #1095, .T. ) ;
#5727 = VERTEX_POINT ( 'NONE', #1852 ) ;
#5728 = ORIENTED_EDGE ( 'NONE', *, *, #5905, .F. ) ;
#5729 = EDGE_CURVE ( 'NONE', #5432, #6526, #7869, .T. ) ;
#5730 = CARTESIAN_POINT ( 'NONE',  ( -3.110390102969800008, 2.311684124756699710, 2.059609897030199921 ) ) ;
#5731 = B_SPLINE_CURVE_WITH_KNOTS ( 'NONE', 3,
 ( #3987, #9251, #8481, #8395 ),
 .UNSPECIFIED., .F., .F.,
 ( 4, 4 ),
 ( 1.570796326794894782, 2.356194489046714580 ),
 .UNSPECIFIED. ) ;
#5732 = DIRECTION ( 'NONE',  ( -1.000000000000000000, 0.000000000000000000, 0.000000000000000000 ) ) ;
#5733 = DIRECTION ( 'NONE',  ( -1.548240702311696651E-12, 0.000000000000000000, 1.000000000000000000 ) ) ;
#5734 = VECTOR ( 'NONE', #7601, 1000.000000000000000 ) ;
#5735 = DIRECTION ( 'NONE',  ( 0.000000000000000000, 0.000000000000000000, 1.000000000000000000 ) ) ;
#5736 = ORIENTED_EDGE ( 'NONE', *, *, #1381, .T. ) ;
#5737 = ADVANCED_FACE ( 'NONE', ( #1941 ), #5481, .F. ) ;
#5738 = ADVANCED_FACE ( 'NONE', ( #7058 ), #8350, .T. ) ;
#5739 = CARTESIAN_POINT ( 'NONE',  ( 1.649999999999999911, 2.419999999999999929, 2.200000000000000178 ) ) ;
#5740 = VERTEX_POINT ( 'NONE', #4040 ) ;
#5741 = FACE_BOUND ( 'NONE', #1345, .T. ) ;
#5742 = VECTOR ( 'NONE', #3546, 1000.000000000000000 ) ;
#5743 = CARTESIAN_POINT ( 'NONE',  ( -0.6500000000000001332, 2.399999999999999911, 1.850000000000000089 ) ) ;
#5744 = EDGE_CURVE ( 'NONE', #1693, #2808, #417, .T. ) ;
#5745 = CARTESIAN_POINT ( 'NONE',  ( -1.419999999999999929, 2.399999999999999911, 1.500000000000000000 ) ) ;
#5746 = PLANE ( 'NONE',  #4549 ) ;
#5747 = LINE ( 'NONE', #6482, #5530 ) ;
#5748 = CARTESIAN_POINT ( 'NONE',  ( -2.109999999999999876, 0.8499999999999999778, -2.649999999999999911 ) ) ;
#5749 = CARTESIAN_POINT ( 'NONE',  ( -1.807462589658245022, 2.419999999999999929, -1.817000000000035254 ) ) ;
#5750 = ORIENTED_EDGE ( 'NONE', *, *, #7563, .F. ) ;
#5751 = ADVANCED_FACE ( 'NONE', ( #2654 ), #4085, .T. ) ;
#5752 = AXIS2_PLACEMENT_3D ( 'NONE', #1876, #7000, #8381 ) ;
#5753 = CARTESIAN_POINT ( 'NONE',  ( 0.4299999999999999933, 0.6184288535050199709, 3.258294589967800636 ) ) ;
#5754 = ORIENTED_EDGE ( 'NONE', *, *, #7288, .F. ) ;
#5755 = ORIENTED_EDGE ( 'NONE', *, *, #4702, .F. ) ;
#5756 = AXIS2_PLACEMENT_3D ( 'NONE', #7555, #8113, #7409 ) ;
#5757 = DIRECTION ( 'NONE',  ( -1.000000000000000000, 0.000000000000000000, 0.000000000000000000 ) ) ;
#5758 = CIRCLE ( 'NONE', #727, 0.06700000000003687728 ) ;
#5759 = EDGE_CURVE ( 'NONE', #6619, #407, #7567, .T. ) ;
#5760 = DIRECTION ( 'NONE',  ( -1.000000000000000000, 0.000000000000000000, 0.000000000000000000 ) ) ;
#5761 = CARTESIAN_POINT ( 'NONE',  ( -1.824999999999999956, 2.419999999999999929, -2.200000000000000178 ) ) ;
#5762 = ORIENTED_EDGE ( 'NONE', *, *, #9130, .T. ) ;
#5763 = ORIENTED_EDGE ( 'NONE', *, *, #1433, .F. ) ;
#5764 = EDGE_CURVE ( 'NONE', #1080, #6949, #3417, .T. ) ;
#5765 = CARTESIAN_POINT ( 'NONE',  ( 0.4299999999999999933, 0.6460721337625500160, -3.405725418007999661 ) ) ;
#5766 = ORIENTED_EDGE ( 'NONE', *, *, #4235, .T. ) ;
#5768 = VERTEX_POINT ( 'NONE', #6301 ) ;
#5767 = AXIS2_PLACEMENT_3D ( 'NONE', #6630, #781, #8668 ) ;
#5769 = CARTESIAN_POINT ( 'NONE',  ( -0.8400000000000001910, 0.1039278662374499979, 3.354763525080500131 ) ) ;
#5770 = DIRECTION ( 'NONE',  ( 0.000000000000000000, 1.000000000000000000, 5.507747036224909506E-13 ) ) ;
#5771 = AXIS2_PLACEMENT_3D ( 'NONE', #4776, #4058, #6275 ) ;
#5772 = CARTESIAN_POINT ( 'NONE',  ( -2.109999999999999876, -0.1000000000000000056, 3.600481571814099890 ) ) ;
#5773 = VERTEX_POINT ( 'NONE', #3220 ) ;
#5774 = CARTESIAN_POINT ( 'NONE',  ( -2.966007177328364719, 2.099999075630352596, 2.535294226396456185 ) ) ;
#5775 = ORIENTED_EDGE ( 'NONE', *, *, #8355, .F. ) ;
#5776 = LINE ( 'NONE', #2753, #2305 ) ;
#5777 = CARTESIAN_POINT ( 'NONE',  ( 1.699999999999999956, 0.1500000000000405176, -3.600481571814114989 ) ) ;
#5778 = VECTOR ( 'NONE', #5051, 1000.000000000000000 ) ;
#5779 = DIRECTION ( 'NONE',  ( -0.000000000000000000, 1.000000000000000000, -0.000000000000000000 ) ) ;
#5780 = EDGE_CURVE ( 'NONE', #241, #3216, #1226, .T. ) ;
#5781 = DIRECTION ( 'NONE',  ( 1.000000000000000000, 0.000000000000000000, 0.000000000000000000 ) ) ;
#5782 = CARTESIAN_POINT ( 'NONE',  ( -1.419999999999999929, 2.399999999999999911, 1.500000000000000000 ) ) ;
#5783 = DIRECTION ( 'NONE',  ( 0.000000000000000000, 0.000000000000000000, 1.000000000000000000 ) ) ;
#5784 = CARTESIAN_POINT ( 'NONE',  ( -3.250000000000000444, 0.6999999999999999556, 2.850000000000000089 ) ) ;
#5785 = EDGE_LOOP ( 'NONE', ( #2058, #7166, #2783, #2626 ) ) ;
#5786 = DIRECTION ( 'NONE',  ( 0.000000000000000000, 0.9828721869343113315, 0.1842885350502413977 ) ) ;
#5787 = ORIENTED_EDGE ( 'NONE', *, *, #147, .T. ) ;
#5788 = CARTESIAN_POINT ( 'NONE',  ( -2.109999999999999876, -0.1000000000000000056, -3.600481571814099890 ) ) ;
#5789 = ADVANCED_FACE ( 'NONE', ( #9204 ), #8484, .T. ) ;
#5790 = PLANE ( 'NONE',  #872 ) ;
#5791 = EDGE_CURVE ( 'NONE', #4180, #3027, #842, .T. ) ;
#5792 = PLANE ( 'NONE',  #6169 ) ;
#5793 = DIRECTION ( 'NONE',  ( 0.000000000000000000, 0.000000000000000000, 1.000000000000000000 ) ) ;
#5794 = CARTESIAN_POINT ( 'NONE',  ( -0.8499999999999999778, 2.419999999999999929, 1.750000000000000000 ) ) ;
#5795 = CARTESIAN_POINT ( 'NONE',  ( 2.943096084537455859, 2.324077165435128656, 2.508265095875030770 ) ) ;
#5796 = EDGE_LOOP ( 'NONE', ( #1010, #8841, #328, #3622 ) ) ;
#5797 = DIRECTION ( 'NONE',  ( 1.000000000000000000, 0.000000000000000000, 0.000000000000000000 ) ) ;
#5798 = VERTEX_POINT ( 'NONE', #8562 ) ;
#5799 = ORIENTED_EDGE ( 'NONE', *, *, #3433, .F. ) ;
#5800 = EDGE_CURVE ( 'NONE', #9437, #6436, #4489, .T. ) ;
#5801 = CARTESIAN_POINT ( 'NONE',  ( -2.299999999999999822, 0.07243626441830010310, 2.470048994552399790 ) ) ;
#5802 = EDGE_CURVE ( 'NONE', #1684, #8305, #6954, .T. ) ;
#5803 = CARTESIAN_POINT ( 'NONE',  ( -0.3499999999999999778, 0.05000000000000000278, 0.000000000000000000 ) ) ;
#5804 = CARTESIAN_POINT ( 'NONE',  ( 0.4299999999999999933, 0.6184288535050199709, -3.258294589967800636 ) ) ;
#5805 = DIRECTION ( 'NONE',  ( 0.000000000000000000, 0.000000000000000000, -1.000000000000000000 ) ) ;
#5806 = ORIENTED_EDGE ( 'NONE', *, *, #5634, .F. ) ;
#5807 = EDGE_LOOP ( 'NONE', ( #5491, #4111, #7863, #1317 ) ) ;
#5808 = DIRECTION ( 'NONE',  ( -0.9486832980505137680, -0.3162277660168379967, 0.000000000000000000 ) ) ;
#5809 = ORIENTED_EDGE ( 'NONE', *, *, #5489, .T. ) ;
#5810 = ORIENTED_EDGE ( 'NONE', *, *, #3524, .F. ) ;
#5811 = ADVANCED_FACE ( 'NONE', ( #7862 ), #1399, .T. ) ;
#5812 = CARTESIAN_POINT ( 'NONE',  ( -0.3499999999999999778, 0.5500000000000000444, 0.5500000000000000444 ) ) ;
#5813 = EDGE_CURVE ( 'NONE', #4319, #3324, #550, .T. ) ;
#5814 = CARTESIAN_POINT ( 'NONE',  ( -1.709999999999999964, 0.1500000000000405176, -3.600481571814114989 ) ) ;
#5815 = CARTESIAN_POINT ( 'NONE',  ( 1.950000000000154943, 2.419999999999999929, 2.150000000000154898 ) ) ;
#5816 = ORIENTED_EDGE ( 'NONE', *, *, #3925, .T. ) ;
#5817 = VERTEX_POINT ( 'NONE', #688 ) ;
#5818 = CARTESIAN_POINT ( 'NONE',  ( 0.8299999999999999600, 0.05000000000000000278, 4.000000000000000000 ) ) ;
#5819 = CARTESIAN_POINT ( 'NONE',  ( 1.119999999999999885, 1.750000000000000000, 0.6500000000000001332 ) ) ;
#5820 = ORIENTED_EDGE ( 'NONE', *, *, #9313, .F. ) ;
#5821 = LINE ( 'NONE', #3565, #3996 ) ;
#5822 = CLOSED_SHELL ( 'NONE', ( #8760, #2574, #7316, #2928, #2608, #778, #4784, #1874, #7962, #7967, #504, #5738, #7033, #9202, #4574, #8266, #2703, #6243 ) ) ;
#5823 = LINE ( 'NONE', #8112, #1306 ) ;
#5824 = LINE ( 'NONE', #672, #8502 ) ;
#5825 = FACE_OUTER_BOUND ( 'NONE', #165, .T. ) ;
#5826 =( REPRESENTATION_RELATIONSHIP ('NONE','NONE', #1807, #813 ) REPRESENTATION_RELATIONSHIP_WITH_TRANSFORMATION ( #6936 )SHAPE_REPRESENTATION_RELATIONSHIP( ) );
#5827 = LINE ( 'NONE', #1244, #6477 ) ;
#5828 = CARTESIAN_POINT ( 'NONE',  ( -2.225000000000000089, 2.399999999999999911, -2.149999999999999911 ) ) ;
#5829 = ORIENTED_EDGE ( 'NONE', *, *, #431, .F. ) ;
#5830 = CARTESIAN_POINT ( 'NONE',  ( 0.8299999999999999600, 0.1315711464949800014, -3.502194353120600123 ) ) ;
#5831 = DIRECTION ( 'NONE',  ( 0.7986355100473430113, 0.000000000000000000, -0.6018150231519816540 ) ) ;
#5832 = ORIENTED_EDGE ( 'NONE', *, *, #9349, .F. ) ;
#5833 = DIRECTION ( 'NONE',  ( 0.000000000000000000, 0.000000000000000000, 1.000000000000000000 ) ) ;
#5834 = CARTESIAN_POINT ( 'NONE',  ( 2.250000000000000444, 2.419999999999999929, 1.850000000000000089 ) ) ;
#5835 = B_SPLINE_CURVE_WITH_KNOTS ( 'NONE', 3,
 ( #6877, #3129, #6737, #178, #9111, #8348, #7491, #6068 ),
 .UNSPECIFIED., .F., .F.,
 ( 4, 2, 2, 4 ),
 ( 4.712388980384689674, 5.439230403466793540, 5.802651115007842364, 6.166071826548891188 ),
 .UNSPECIFIED. ) ;
#5836 = AXIS2_PLACEMENT_3D ( 'NONE', #6995, #3885, #4657 ) ;
#5837 = VECTOR ( 'NONE', #9046, 1000.000000000000000 ) ;
#5838 = CARTESIAN_POINT ( 'NONE',  ( -0.2500000000000000000, 2.419999999999999929, 2.149999999999999911 ) ) ;
#5839 = DIRECTION ( 'NONE',  ( -1.000000000000000000, 0.000000000000000000, 0.000000000000000000 ) ) ;
#5840 = CARTESIAN_POINT ( 'NONE',  ( -0.2500000000000000000, 2.399999999999999911, 2.149999999999999911 ) ) ;
#5841 = CARTESIAN_POINT ( 'NONE',  ( 3.043579060937430469, 2.394570020555450096, 2.443579060937429936 ) ) ;
#5842 = CARTESIAN_POINT ( 'NONE',  ( -0.6500000000000001332, 2.419999999999999929, 2.149999999999999911 ) ) ;
#5843 = VERTEX_POINT ( 'NONE', #3587 ) ;
#5844 = DIRECTION ( 'NONE',  ( 1.000000000000000000, -0.000000000000000000, -0.000000000000000000 ) ) ;
#5845 = ORIENTED_EDGE ( 'NONE', *, *, #6876, .T. ) ;
#5846 = AXIS2_PLACEMENT_3D ( 'NONE', #695, #7245, #8004 ) ;
#5847 = EDGE_CURVE ( 'NONE', #5142, #6046, #6534, .T. ) ;
#5848 = VECTOR ( 'NONE', #3778, 1000.000000000000000 ) ;
#5849 = ORIENTED_EDGE ( 'NONE', *, *, #5171, .F. ) ;
#5850 = CARTESIAN_POINT ( 'NONE',  ( 2.100000000000000089, 0.04999999999999400063, -4.000000000000000000 ) ) ;
#5851 = AXIS2_PLACEMENT_3D ( 'NONE', #8697, #7908, #9432 ) ;
#5852 = LINE ( 'NONE', #8754, #9199 ) ;
#5853 = DIRECTION ( 'NONE',  ( -1.000000000000000000, 0.000000000000000000, 0.000000000000000000 ) ) ;
#5854 = AXIS2_PLACEMENT_3D ( 'NONE', #3180, #1139, #1813 ) ;
#5855 = CARTESIAN_POINT ( 'NONE',  ( -3.299999999091324909, 0.7000000077238549556, -2.503151641283645645 ) ) ;
#5856 = VECTOR ( 'NONE', #9421, 1000.000000000000000 ) ;
#5857 = DIRECTION ( 'NONE',  ( -1.000000000000000000, 0.000000000000000000, 0.000000000000000000 ) ) ;
#5858 = ORIENTED_EDGE ( 'NONE', *, *, #5659, .T. ) ;
#5859 = ORIENTED_EDGE ( 'NONE', *, *, #1421, .T. ) ;
#5860 = DIRECTION ( 'NONE',  ( 0.000000000000000000, 0.000000000000000000, -1.000000000000000000 ) ) ;
#5861 = ORIENTED_EDGE ( 'NONE', *, *, #909, .F. ) ;
#5862 = EDGE_CURVE ( 'NONE', #5124, #2301, #8520, .T. ) ;
#5863 = ADVANCED_FACE ( 'NONE', ( #2867 ), #2023, .T. ) ;
#5864 = ORIENTED_EDGE ( 'NONE', *, *, #1952, .T. ) ;
#5865 = VECTOR ( 'NONE', #8839, 1000.000000000000000 ) ;
#5866 = VECTOR ( 'NONE', #8045, 1000.000000000000000 ) ;
#5867 = CARTESIAN_POINT ( 'NONE',  ( -0.3403732192047278504, 0.6010457456371615104, 0.6010457456371617324 ) ) ;
#5868 = LINE ( 'NONE', #5961, #6988 ) ;
#5869 = EDGE_CURVE ( 'NONE', #3839, #6812, #5703, .T. ) ;
#5870 = AXIS2_PLACEMENT_3D ( 'NONE', #6993, #3247, #9090 ) ;
#5871 = CARTESIAN_POINT ( 'NONE',  ( -3.079403943421285650, 2.375309084872758270, -2.402197774707848676 ) ) ;
#5872 = EDGE_LOOP ( 'NONE', ( #3549, #7048, #8521, #4719 ) ) ;
#5873 = VERTEX_POINT ( 'NONE', #5304 ) ;
#5874 = AXIS2_PLACEMENT_3D ( 'NONE', #3523, #4291, #3139 ) ;
#5875 = PLANE ( 'NONE',  #224 ) ;
#5876 = ORIENTED_EDGE ( 'NONE', *, *, #3624, .T. ) ;
#5877 = CARTESIAN_POINT ( 'NONE',  ( -1.709999999999999964, 0.5999999999999731104, 3.160007371274344834 ) ) ;
#5878 = EDGE_CURVE ( 'NONE', #7829, #218, #3127, .T. ) ;
#5879 = DIRECTION ( 'NONE',  ( 0.000000000000000000, 0.000000000000000000, 1.000000000000000000 ) ) ;
#5880 = VECTOR ( 'NONE', #6596, 1000.000000000000114 ) ;
#5881 = CARTESIAN_POINT ( 'NONE',  ( -0.2500000000000000000, 2.419999999999999929, 2.149999999999999911 ) ) ;
#5882 = CARTESIAN_POINT ( 'NONE',  ( 0.2758484445709347144, 0.5758484445709344257, 0.6499999999999956923 ) ) ;
#5883 = ORIENTED_EDGE ( 'NONE', *, *, #4030, .T. ) ;
#5884 = CARTESIAN_POINT ( 'NONE',  ( 1.949999999999999956, 2.419999999999999929, 1.800000000000000266 ) ) ;
#5885 = VERTEX_POINT ( 'NONE', #4386 ) ;
#5886 = EDGE_CURVE ( 'NONE', #1173, #4250, #5255, .T. ) ;
#5887 = AXIS2_PLACEMENT_3D ( 'NONE', #6216, #5523, #9062 ) ;
#5888 = DIRECTION ( 'NONE',  ( 1.000000000000000000, -0.000000000000000000, -0.000000000000000000 ) ) ;
#5889 = ORIENTED_EDGE ( 'NONE', *, *, #4904, .T. ) ;
#5890 = DIRECTION ( 'NONE',  ( 0.7071067811865475727, 0.000000000000000000, -0.7071067811865475727 ) ) ;
#5891 = DIRECTION ( 'NONE',  ( 0.000000000000000000, -0.1168412475673972217, 0.9931506043228762737 ) ) ;
#5892 = CARTESIAN_POINT ( 'NONE',  ( -1.476886553513899969, 2.419999999999999929, -2.149999999999999911 ) ) ;
#5893 = VECTOR ( 'NONE', #4101, 1000.000000000000000 ) ;
#5894 = DIRECTION ( 'NONE',  ( 0.000000000000000000, 1.000000000000000000, 0.000000000000000000 ) ) ;
#5895 = FACE_OUTER_BOUND ( 'NONE', #6034, .T. ) ;
#5896 = LINE ( 'NONE', #252, #4936 ) ;
#5897 = ORIENTED_EDGE ( 'NONE', *, *, #9003, .T. ) ;
#5898 = LINE ( 'NONE', #7327, #6178 ) ;
#5899 = ORIENTED_EDGE ( 'NONE', *, *, #1072, .T. ) ;
#5900 = ORIENTED_EDGE ( 'NONE', *, *, #89, .T. ) ;
#5901 = AXIS2_PLACEMENT_3D ( 'NONE', #3510, #6450, #9350 ) ;
#5902 = DIRECTION ( 'NONE',  ( 0.000000000000000000, 0.000000000000000000, 1.000000000000000000 ) ) ;
#5903 = FACE_OUTER_BOUND ( 'NONE', #5807, .T. ) ;
#5904 = PLANE ( 'NONE',  #4239 ) ;
#5905 = EDGE_CURVE ( 'NONE', #984, #6449, #5416, .T. ) ;
#5906 = AXIS2_PLACEMENT_3D ( 'NONE', #4126, #556, #3412 ) ;
#5907 = DIRECTION ( 'NONE',  ( -1.000000000000000000, 0.000000000000000000, -1.552577511001642102E-12 ) ) ;
#5908 = ORIENTED_EDGE ( 'NONE', *, *, #2226, .T. ) ;
#5909 = ORIENTED_EDGE ( 'NONE', *, *, #5208, .T. ) ;
#5910 = FACE_OUTER_BOUND ( 'NONE', #4478, .T. ) ;
#5911 = ORIENTED_EDGE ( 'NONE', *, *, #9072, .T. ) ;
#5912 = ORIENTED_EDGE ( 'NONE', *, *, #3980, .T. ) ;
#5913 = CIRCLE ( 'NONE', #8356, 0.09999999999984543475 ) ;
#5914 = LINE ( 'NONE', #32, #705 ) ;
#5915 = LINE ( 'NONE', #1514, #9425 ) ;
#5916 = EDGE_CURVE ( 'NONE', #4278, #2797, #53, .T. ) ;
#5917 = EDGE_CURVE ( 'NONE', #4625, #3749, #6033, .T. ) ;
#5918 = LINE ( 'NONE', #278, #8269 ) ;
#5919 = CARTESIAN_POINT ( 'NONE',  ( 2.050000000000000266, 2.399999999999999911, 2.149999999999999911 ) ) ;
#5920 = ORIENTED_EDGE ( 'NONE', *, *, #5997, .T. ) ;
#5921 = ORIENTED_EDGE ( 'NONE', *, *, #3811, .F. ) ;
#5922 = LINE ( 'NONE', #5967, #1445 ) ;
#5923 = ORIENTED_EDGE ( 'NONE', *, *, #6462, .T. ) ;
#5924 = CARTESIAN_POINT ( 'NONE',  ( 0.4299999999999999933, 0.7000000000000099476, -2.649999999999999911 ) ) ;
#5925 = PRODUCT ( 'CHS-slider', 'CHS-slider', '', ( #5584 ) ) ;
#5926 = EDGE_CURVE ( 'NONE', #3376, #4699, #1627, .T. ) ;
#5927 = AXIS2_PLACEMENT_3D ( 'NONE', #4361, #8806, #7246 ) ;
#5928 = CYLINDRICAL_SURFACE ( 'NONE', #8174, 0.1000000000000262901 ) ;
#5929 = ADVANCED_FACE ( 'NONE', ( #3666 ), #4533, .F. ) ;
#5930 = DIRECTION ( 'NONE',  ( 1.000000000000000000, -0.000000000000000000, -0.000000000000000000 ) ) ;
#5931 = ORIENTED_EDGE ( 'NONE', *, *, #9419, .F. ) ;
#5932 = DIRECTION ( 'NONE',  ( -0.000000000000000000, 1.000000000000000000, -0.000000000000000000 ) ) ;
#5933 = ORIENTED_EDGE ( 'NONE', *, *, #4702, .T. ) ;
#5934 = CARTESIAN_POINT ( 'NONE',  ( 0.4299999999999999933, 0.1500000000000405176, -3.600481571814114989 ) ) ;
#5935 = ORIENTED_EDGE ( 'NONE', *, *, #6462, .F. ) ;
#5936 = CARTESIAN_POINT ( 'NONE',  ( -0.3499999999999999778, 0.05000000000000000278, 0.6500000000000001332 ) ) ;
#5937 = EDGE_CURVE ( 'NONE', #1957, #5029, #7822, .T. ) ;
#5938 = LINE ( 'NONE', #8884, #4831 ) ;
#5939 = EDGE_CURVE ( 'NONE', #5709, #1684, #7463, .T. ) ;
#5940 = FACE_OUTER_BOUND ( 'NONE', #8416, .T. ) ;
#5941 = CARTESIAN_POINT ( 'NONE',  ( 1.050000000000000044, 2.419999999999999929, 2.200000000000000178 ) ) ;
#5942 = DIRECTION ( 'NONE',  ( 0.000000000000000000, 0.000000000000000000, -1.000000000000000000 ) ) ;
#5943 = FACE_OUTER_BOUND ( 'NONE', #3563, .T. ) ;
#5944 = ORIENTED_EDGE ( 'NONE', *, *, #9023, .F. ) ;
#5945 = CARTESIAN_POINT ( 'NONE',  ( -2.575000000000000178, 2.419999999999999929, -2.050000000000000266 ) ) ;
#5946 = VERTEX_POINT ( 'NONE', #8930 ) ;
#5947 = CARTESIAN_POINT ( 'NONE',  ( 2.973922824958600053, 0.000000000000000000, 2.373922824958600408 ) ) ;
#5948 = ORIENTED_EDGE ( 'NONE', *, *, #240, .T. ) ;
#5949 = DIRECTION ( 'NONE',  ( -1.000000000000000000, 0.000000000000000000, 0.000000000000000000 ) ) ;
#5950 = LINE ( 'NONE', #2307, #9346 ) ;
#5951 = CARTESIAN_POINT ( 'NONE',  ( 2.390000000000000124, 2.399999999999999911, -1.500000000000000000 ) ) ;
#5952 = CARTESIAN_POINT ( 'NONE',  ( 0.4500000000000000666, 2.399999999999999911, 1.850000000000000089 ) ) ;
#5953 = CARTESIAN_POINT ( 'NONE',  ( -3.024877929208199312, 2.388308497766443494, -2.462310265553741662 ) ) ;
#5954 = VERTEX_POINT ( 'NONE', #5199 ) ;
#5955 = ORIENTED_EDGE ( 'NONE', *, *, #1775, .F. ) ;
#5956 = DIRECTION ( 'NONE',  ( 0.000000000000000000, 0.000000000000000000, 1.000000000000000000 ) ) ;
#5957 = ORIENTED_EDGE ( 'NONE', *, *, #4709, .F. ) ;
#5958 = EDGE_LOOP ( 'NONE', ( #4656, #3485, #6239, #638 ) ) ;
#5959 = EDGE_CURVE ( 'NONE', #3083, #2502, #6606, .T. ) ;
#5960 = DIRECTION ( 'NONE',  ( 0.000000000000000000, -1.000000000000000000, 0.000000000000000000 ) ) ;
#5961 = CARTESIAN_POINT ( 'NONE',  ( -1.709999999999999964, 0.6460721337625500160, -3.405725418007999661 ) ) ;
#5962 = LINE ( 'NONE', #3802, #7966 ) ;
#5963 = CARTESIAN_POINT ( 'NONE',  ( -1.050000000000000044, 2.399999999999999911, -1.500000000000000000 ) ) ;
#5964 = ORIENTED_EDGE ( 'NONE', *, *, #3673, .F. ) ;
#5965 = ORIENTED_EDGE ( 'NONE', *, *, #8145, .T. ) ;
#5966 = LINE ( 'NONE', #4468, #8883 ) ;
#5967 = CARTESIAN_POINT ( 'NONE',  ( 1.699999999999999956, 0.1039278662374499979, 3.354763525080500131 ) ) ;
#5968 = EDGE_LOOP ( 'NONE', ( #5620, #1093, #7192, #5305 ) ) ;
#5969 = LINE ( 'NONE', #8111, #6309 ) ;
#5970 = ADVANCED_FACE ( 'NONE', ( #911 ), #7507, .F. ) ;
#5971 = EDGE_CURVE ( 'NONE', #1221, #4439, #1573, .T. ) ;
#5972 = CARTESIAN_POINT ( 'NONE',  ( 0.8299999999999999600, 0.1315711464949800014, 3.502194353120600123 ) ) ;
#5973 = DIRECTION ( 'NONE',  ( 0.000000000000000000, 0.000000000000000000, 1.000000000000000000 ) ) ;
#5974 = DIRECTION ( 'NONE',  ( 0.000000000000000000, -1.000000000000000000, 0.000000000000000000 ) ) ;
#5975 = EDGE_CURVE ( 'NONE', #9181, #7119, #6709, .T. ) ;
#5976 = ORIENTED_EDGE ( 'NONE', *, *, #3457, .F. ) ;
#5977 = CARTESIAN_POINT ( 'NONE',  ( 2.100000000000000089, 0.5999999999999480194, -3.160007371274379917 ) ) ;
#5978 = ORIENTED_EDGE ( 'NONE', *, *, #446, .T. ) ;
#5979 = DIRECTION ( 'NONE',  ( 0.000000000000000000, -1.000000000000000000, 0.000000000000000000 ) ) ;
#5980 = VERTEX_POINT ( 'NONE', #3043 ) ;
#5981 = CARTESIAN_POINT ( 'NONE',  ( -2.664295101245278019, 2.335512703669985868, 2.505704898754722798 ) ) ;
#5982 = ADVANCED_FACE ( 'NONE', ( #6799 ), #3814, .T. ) ;
#5983 = VECTOR ( 'NONE', #3873, 1000.000000000000000 ) ;
#5984 = EDGE_CURVE ( 'NONE', #1758, #7931, #242, .T. ) ;
#5985 = CARTESIAN_POINT ( 'NONE',  ( -1.375000000000000000, 2.419999999999999929, -1.850000000000000089 ) ) ;
#5986 = CARTESIAN_POINT ( 'NONE',  ( 1.699999999999999956, 0.6184288535050199709, -3.258294589967800636 ) ) ;
#5987 = VECTOR ( 'NONE', #2013, 1000.000000000000000 ) ;
#5988 = DIRECTION ( 'NONE',  ( -1.000000000000000000, 0.000000000000000000, 0.000000000000000000 ) ) ;
#5989 = LINE ( 'NONE', #3150, #4783 ) ;
#5990 = EDGE_CURVE ( 'NONE', #2971, #1457, #2193, .T. ) ;
#5991 = CARTESIAN_POINT ( 'NONE',  ( 0.4500000000000000666, 2.419999999999999929, 2.200000000000000178 ) ) ;
#5992 = ORIENTED_EDGE ( 'NONE', *, *, #6065, .F. ) ;
#5993 = CARTESIAN_POINT ( 'NONE',  ( -3.011075042537500135, 2.399999999999999911, -2.411075042537524915 ) ) ;
#5994 = ORIENTED_EDGE ( 'NONE', *, *, #6874, .F. ) ;
#5995 = DIRECTION ( 'NONE',  ( 1.548240702311679890E-12, 0.000000000000000000, -1.000000000000000000 ) ) ;
#5996 = ORIENTED_EDGE ( 'NONE', *, *, #8270, .F. ) ;
#5997 = EDGE_CURVE ( 'NONE', #4655, #4536, #5444, .T. ) ;
#5998 = VECTOR ( 'NONE', #8168, 1000.000000000000000 ) ;
#5999 = CIRCLE ( 'NONE', #7689, 0.06700000000003687728 ) ;
#6000 = DIRECTION ( 'NONE',  ( 0.000000000000000000, -1.000000000000000000, 0.000000000000000000 ) ) ;
#6001 = DIRECTION ( 'NONE',  ( 1.000000000000000000, 0.000000000000000000, 0.000000000000000000 ) ) ;
#6002 = CARTESIAN_POINT ( 'NONE',  ( 2.250000000000000444, 2.419999999999999929, 1.949999999999999956 ) ) ;
#6003 = DIRECTION ( 'NONE',  ( 0.000000000000000000, -1.000000000000000000, 0.000000000000000000 ) ) ;
#6004 = FACE_OUTER_BOUND ( 'NONE', #825, .T. ) ;
#6005 = AXIS2_PLACEMENT_3D ( 'NONE', #4405, #8805, #5176 ) ;
#6006 = VERTEX_POINT ( 'NONE', #291 ) ;
#6007 = EDGE_LOOP ( 'NONE', ( #3263, #317, #3200, #1786 ) ) ;
#6008 = VECTOR ( 'NONE', #6042, 1000.000000000000000 ) ;
#6009 = DIRECTION ( 'NONE',  ( 0.000000000000000000, 0.000000000000000000, 1.000000000000000000 ) ) ;
#6010 = ADVANCED_BREP_SHAPE_REPRESENTATION ( '', ( #2567, #4988 ), #5300 ) ;
#6011 = ORIENTED_EDGE ( 'NONE', *, *, #1196, .T. ) ;
#6012 = ORIENTED_EDGE ( 'NONE', *, *, #3555, .F. ) ;
#6013 = AXIS2_PLACEMENT_3D ( 'NONE', #7633, #6253, #8471 ) ;
#6014 = VECTOR ( 'NONE', #6731, 1000.000000000000000 ) ;
#6015 = LINE ( 'NONE', #5427, #7267 ) ;
#6016 = DIRECTION ( 'NONE',  ( -1.000000000000000000, 0.000000000000000000, 0.000000000000000000 ) ) ;
#6017 = DIRECTION ( 'NONE',  ( 0.1102635692839943476, 0.3307907078519820576, -0.9372403389139514207 ) ) ;
#6018 = CARTESIAN_POINT ( 'NONE',  ( -0.4400000000000000022, 0.6184288535050199709, -3.258294589967800636 ) ) ;
#6019 = ADVANCED_FACE ( 'NONE', ( #336 ), #4626, .T. ) ;
#6020 = ORIENTED_EDGE ( 'NONE', *, *, #7493, .T. ) ;
#6021 = ORIENTED_EDGE ( 'NONE', *, *, #6884, .T. ) ;
#6022 = CARTESIAN_POINT ( 'NONE',  ( 0.8299999999999999600, 0.04999999999999400063, -4.000000000000000000 ) ) ;
#6023 = ORIENTED_EDGE ( 'NONE', *, *, #1094, .F. ) ;
#6024 = AXIS2_PLACEMENT_3D ( 'NONE', #5167, #4491, #3054 ) ;
#6025 = CARTESIAN_POINT ( 'NONE',  ( 0.4299999999999999933, 0.04999999999999400063, -3.600481571814099890 ) ) ;
#6026 = VECTOR ( 'NONE', #6241, 1000.000000000000000 ) ;
#6027 = CARTESIAN_POINT ( 'NONE',  ( -1.709999999999999964, -0.1000000000000000056, -3.600481571814099890 ) ) ;
#6028 = VECTOR ( 'NONE', #5499, 1000.000000000000000 ) ;
#6029 = CARTESIAN_POINT ( 'NONE',  ( -2.200000000000000178, 0.1499999999999999944, 1.699999999999999956 ) ) ;
#6030 = DIRECTION ( 'NONE',  ( 0.000000000000000000, 0.000000000000000000, -1.000000000000000000 ) ) ;
#6031 = EDGE_CURVE ( 'NONE', #1511, #3171, #7257, .T. ) ;
#6032 = ORIENTED_EDGE ( 'NONE', *, *, #3443, .F. ) ;
#6033 = LINE ( 'NONE', #8172, #5426 ) ;
#6034 = EDGE_LOOP ( 'NONE', ( #2316, #4683, #6245, #1537 ) ) ;
#6035 = CARTESIAN_POINT ( 'NONE',  ( -3.042795695566244962, 2.394835648210170032, -2.442795695566195135 ) ) ;
#6036 = VERTEX_POINT ( 'NONE', #6846 ) ;
#6037 = CARTESIAN_POINT ( 'NONE',  ( -2.109999999999999876, 0.6460721337625500160, -3.405725418007999661 ) ) ;
#6038 = AXIS2_PLACEMENT_3D ( 'NONE', #5043, #5095, #1286 ) ;
#6039 = DIRECTION ( 'NONE',  ( 0.000000000000000000, -1.000000000000000000, 0.000000000000000000 ) ) ;
#6040 = EDGE_CURVE ( 'NONE', #5689, #1348, #7558, .T. ) ;
#6041 = ADVANCED_FACE ( 'NONE', ( #3189 ), #1769, .F. ) ;
#6042 = DIRECTION ( 'NONE',  ( 0.000000000000000000, 0.000000000000000000, -1.000000000000000000 ) ) ;
#6043 = VECTOR ( 'NONE', #5157, 1000.000000000000000 ) ;
#6044 = DIRECTION ( 'NONE',  ( 1.000000000000000000, 0.000000000000000000, 0.000000000000000000 ) ) ;
#6045 = LINE ( 'NONE', #7283, #7236 ) ;
#6046 = VERTEX_POINT ( 'NONE', #2477 ) ;
#6047 = CARTESIAN_POINT ( 'NONE',  ( 0.000000000000000000, 0.05000000000000000278, 0.000000000000000000 ) ) ;
#6048 = ORIENTED_EDGE ( 'NONE', *, *, #2993, .T. ) ;
#6049 = CARTESIAN_POINT ( 'NONE',  ( 0.4299999999999999933, 0.1315711464949800014, -3.502194353120600123 ) ) ;
#6050 = ORIENTED_EDGE ( 'NONE', *, *, #6098, .F. ) ;
#6051 = VECTOR ( 'NONE', #6357, 1000.000000000000000 ) ;
#6052 = ADVANCED_FACE ( 'NONE', ( #3235 ), #6891, .F. ) ;
#6053 = DIRECTION ( 'NONE',  ( -0.000000000000000000, 1.000000000000000000, -0.000000000000000000 ) ) ;
#6054 = CARTESIAN_POINT ( 'NONE',  ( -1.392537410341699866, 2.419999999999999929, -2.250000000000000444 ) ) ;
#6055 = FACE_OUTER_BOUND ( 'NONE', #7913, .T. ) ;
#6056 = EDGE_CURVE ( 'NONE', #4285, #3924, #4951, .T. ) ;
#6057 = LINE ( 'NONE', #2309, #354 ) ;
#6058 = DIRECTION ( 'NONE',  ( 1.000000000000000000, 0.000000000000000000, 0.000000000000000000 ) ) ;
#6059 = ORIENTED_EDGE ( 'NONE', *, *, #1295, .F. ) ;
#6060 = ORIENTED_EDGE ( 'NONE', *, *, #5151, .F. ) ;
#6061 = AXIS2_PLACEMENT_3D ( 'NONE', #4135, #4949, #7068 ) ;
#6062 = DIRECTION ( 'NONE',  ( 0.000000000000000000, 0.000000000000000000, -1.000000000000000000 ) ) ;
#6063 = VERTEX_POINT ( 'NONE', #6082 ) ;
#6064 = EDGE_LOOP ( 'NONE', ( #2752, #8670, #862, #8011 ) ) ;
#6065 = EDGE_CURVE ( 'NONE', #8477, #5028, #8979, .T. ) ;
#6066 = CARTESIAN_POINT ( 'NONE',  ( -0.2500000000000000000, 0.6500000000000001332, 0.1000000000000079992 ) ) ;
#6067 = VECTOR ( 'NONE', #2651, 1000.000000000000000 ) ;
#6068 = CARTESIAN_POINT ( 'NONE',  ( -3.110390102969800008, 2.311684124756699710, 2.059609897030199921 ) ) ;
#6069 = LINE ( 'NONE', #2321, #187 ) ;
#6070 = CARTESIAN_POINT ( 'NONE',  ( 1.699999999999999956, -0.1000000000000000056, -4.000000000000000000 ) ) ;
#6071 = ORIENTED_EDGE ( 'NONE', *, *, #8333, .F. ) ;
#6072 = VERTEX_POINT ( 'NONE', #5543 ) ;
#6073 = FACE_OUTER_BOUND ( 'NONE', #7886, .T. ) ;
#6074 = CARTESIAN_POINT ( 'NONE',  ( -2.299999999999999822, 0.1499999999999999944, 1.800000000000000266 ) ) ;
#6075 = ORIENTED_EDGE ( 'NONE', *, *, #5641, .T. ) ;
#6076 = AXIS2_PLACEMENT_3D ( 'NONE', #656, #6312, #3512 ) ;
#6077 = PLANE ( 'NONE',  #3444 ) ;
#6078 = AXIS2_PLACEMENT_3D ( 'NONE', #3891, #5378, #3218 ) ;
#6079 =( NAMED_UNIT ( * ) SI_UNIT ( $, .STERADIAN. ) SOLID_ANGLE_UNIT ( ) );
#6080 = DIRECTION ( 'NONE',  ( 1.000000000000000000, 0.000000000000000000, 0.000000000000000000 ) ) ;
#6081 = ORIENTED_EDGE ( 'NONE', *, *, #3809, .T. ) ;
#6082 = CARTESIAN_POINT ( 'NONE',  ( 0.7500000000000000000, 2.399999999999999911, 1.850000000000000089 ) ) ;
#6083 = ORIENTED_EDGE ( 'NONE', *, *, #7628, .T. ) ;
#6084 = EDGE_LOOP ( 'NONE', ( #3967, #1373, #564, #6858 ) ) ;
#6085 = CARTESIAN_POINT ( 'NONE',  ( -2.149999999999999911, 2.419999999999999929, 2.050000000000000266 ) ) ;
#6086 = AXIS2_PLACEMENT_3D ( 'NONE', #6677, #124, #3597 ) ;
#6087 = EDGE_CURVE ( 'NONE', #5574, #3316, #5575, .T. ) ;
#6088 = CARTESIAN_POINT ( 'NONE',  ( -2.224999999999845102, 2.419999999999999929, -2.050000000000154809 ) ) ;
#6089 = DIRECTION ( 'NONE',  ( -1.000000000000000000, 0.000000000000000000, 0.000000000000000000 ) ) ;
#6090 = VECTOR ( 'NONE', #403, 1000.000000000000000 ) ;
#6091 = CARTESIAN_POINT ( 'NONE',  ( -0.4400000000000000022, 0.05000000000000000278, 4.000000000000000000 ) ) ;
#6092 = DIRECTION ( 'NONE',  ( 0.000000000000000000, -1.000000000000000000, 0.000000000000000000 ) ) ;
#6093 = ORIENTED_EDGE ( 'NONE', *, *, #8369, .T. ) ;
#6094 = LINE ( 'NONE', #1021, #6938 ) ;
#6095 = EDGE_LOOP ( 'NONE', ( #4494, #2, #2410, #6257 ) ) ;
#6096 = LINE ( 'NONE', #2445, #8568 ) ;
#6097 = ORIENTED_EDGE ( 'NONE', *, *, #7846, .F. ) ;
#6098 = EDGE_CURVE ( 'NONE', #5471, #8345, #2676, .T. ) ;
#6099 = CARTESIAN_POINT ( 'NONE',  ( -3.246680957333417439, 0.6884251226648347988, -2.641776105629643379 ) ) ;
#6100 = EDGE_CURVE ( 'NONE', #6681, #5254, #4824, .T. ) ;
#6101 = CARTESIAN_POINT ( 'NONE',  ( 1.050000000000000044, 2.399999999999999911, 1.850000000000000089 ) ) ;
#6102 = CARTESIAN_POINT ( 'NONE',  ( -0.4400000000000000022, -0.1000000000000000056, 4.000000000000000000 ) ) ;
#6103 = PLANE ( 'NONE',  #9278 ) ;
#6104 = DIRECTION ( 'NONE',  ( 0.000000000000000000, 1.000000000000000000, 0.000000000000000000 ) ) ;
#6105 = PRODUCT_DEFINITION_CONTEXT ( 'detailed design', #1924, 'design' ) ;
#6106 = LINE ( 'NONE', #8285, #9055 ) ;
#6107 = ORIENTED_EDGE ( 'NONE', *, *, #2195, .T. ) ;
#6108 = ORIENTED_EDGE ( 'NONE', *, *, #6040, .F. ) ;
#6109 = DIRECTION ( 'NONE',  ( -1.000000000000000000, 0.000000000000000000, 0.000000000000000000 ) ) ;
#6110 = ADVANCED_FACE ( 'NONE', ( #4690 ), #3341, .T. ) ;
#6111 = ORIENTED_EDGE ( 'NONE', *, *, #7211, .T. ) ;
#6112 = ORIENTED_EDGE ( 'NONE', *, *, #4324, .T. ) ;
#6113 = EDGE_CURVE ( 'NONE', #4377, #3464, #3196, .T. ) ;
#6114 = CARTESIAN_POINT ( 'NONE',  ( 0.3499999999999999778, 0.05000000000000000278, 0.6500000000000001332 ) ) ;
#6115 = FACE_OUTER_BOUND ( 'NONE', #3681, .T. ) ;
#6116 = DIRECTION ( 'NONE',  ( -0.7986355100473427893, 0.000000000000000000, 0.6018150231519819870 ) ) ;
#6117 = CARTESIAN_POINT ( 'NONE',  ( -1.520000000000000018, 1.750000000000000000, 0.6500000000000001332 ) ) ;
#6118 = ORIENTED_EDGE ( 'NONE', *, *, #5394, .T. ) ;
#6119 = ORIENTED_EDGE ( 'NONE', *, *, #2134, .T. ) ;
#6120 = CARTESIAN_POINT ( 'NONE',  ( -2.966007063479920269, 2.100000000000000089, 2.535294117647060030 ) ) ;
#6121 = DIRECTION ( 'NONE',  ( 0.000000000000000000, 0.000000000000000000, -1.000000000000000000 ) ) ;
#6122 = EDGE_CURVE ( 'NONE', #477, #1060, #97, .T. ) ;
#6123 = ORIENTED_EDGE ( 'NONE', *, *, #850, .T. ) ;
#6124 = EDGE_CURVE ( 'NONE', #8173, #3539, #1202, .T. ) ;
#6125 = DIRECTION ( 'NONE',  ( 0.000000000000000000, 0.000000000000000000, -1.000000000000000000 ) ) ;
#6126 = DIRECTION ( 'NONE',  ( 0.000000000000000000, 0.000000000000000000, 1.000000000000000000 ) ) ;
#6127 = DIRECTION ( 'NONE',  ( 1.000000000000000000, 0.000000000000000000, 0.000000000000000000 ) ) ;
#6128 = EDGE_CURVE ( 'NONE', #4692, #4536, #1777, .T. ) ;
#6129 = ORIENTED_EDGE ( 'NONE', *, *, #125, .T. ) ;
#6130 = DIRECTION ( 'NONE',  ( 0.000000000000000000, 0.000000000000000000, -1.000000000000000000 ) ) ;
#6131 = ORIENTED_EDGE ( 'NONE', *, *, #5019, .F. ) ;
#6132 = ORIENTED_EDGE ( 'NONE', *, *, #1723, .T. ) ;
#6133 = DIRECTION ( 'NONE',  ( 0.000000000000000000, 0.000000000000000000, -1.000000000000000000 ) ) ;
#6134 = DIRECTION ( 'NONE',  ( 0.000000000000000000, -1.000000000000000000, 0.000000000000000000 ) ) ;
#6135 = LINE ( 'NONE', #8585, #363 ) ;
#6136 = CARTESIAN_POINT ( 'NONE',  ( 0.8299999999999999600, 0.6184288535050199709, 3.258294589967800636 ) ) ;
#6137 = DIRECTION ( 'NONE',  ( -0.000000000000000000, 1.000000000000000000, -0.000000000000000000 ) ) ;
#6138 = CARTESIAN_POINT ( 'NONE',  ( 1.949999999999999956, 2.419999999999999929, 2.250000000000000444 ) ) ;
#6139 = EDGE_LOOP ( 'NONE', ( #9001, #4076, #1410, #9196, #337, #2737, #4779, #5676, #7104, #499, #254, #4881 ) ) ;
#6140 = PLANE ( 'NONE',  #5249 ) ;
#6141 = ORIENTED_EDGE ( 'NONE', *, *, #6406, .F. ) ;
#6142 = DIRECTION ( 'NONE',  ( -1.000000000000000000, 0.000000000000000000, 0.000000000000000000 ) ) ;
#6143 = ORIENTED_EDGE ( 'NONE', *, *, #1086, .F. ) ;
#6144 = CARTESIAN_POINT ( 'NONE',  ( 2.100000000000000089, 0.1500000000000175360, 3.600481571814044823 ) ) ;
#6145 = DIRECTION ( 'NONE',  ( 0.000000000000000000, -1.000000000000000000, -6.071532165917839070E-14 ) ) ;
#6146 = FACE_OUTER_BOUND ( 'NONE', #173, .T. ) ;
#6147 = DIRECTION ( 'NONE',  ( -1.000000000000000000, 0.000000000000000000, 0.000000000000000000 ) ) ;
#6148 = DIRECTION ( 'NONE',  ( 0.000000000000000000, 0.000000000000000000, -1.000000000000000000 ) ) ;
#6149 = ORIENTED_EDGE ( 'NONE', *, *, #7589, .F. ) ;
#6150 = EDGE_CURVE ( 'NONE', #7695, #4377, #1009, .T. ) ;
#6151 = ORIENTED_EDGE ( 'NONE', *, *, #5037, .T. ) ;
#6152 = APPLICATION_CONTEXT ( 'automotive_design' ) ;
#6153 = DIRECTION ( 'NONE',  ( -1.000000000000000000, 0.000000000000000000, 0.000000000000000000 ) ) ;
#6154 = EDGE_LOOP ( 'NONE', ( #6741, #3405, #930, #6254, #5755, #2454 ) ) ;
#6155 = LINE ( 'NONE', #4401, #29 ) ;
#6156 = AXIS2_PLACEMENT_3D ( 'NONE', #294, #9128, #6133 ) ;
#6157 = ORIENTED_EDGE ( 'NONE', *, *, #714, .F. ) ;
#6158 = CARTESIAN_POINT ( 'NONE',  ( -2.375000000000000000, 2.419999999999999929, -2.149999999999999911 ) ) ;
#6159 = AXIS2_PLACEMENT_3D ( 'NONE', #2327, #2279, #5248 ) ;
#6160 = DIRECTION ( 'NONE',  ( -0.000000000000000000, 1.000000000000000000, -0.000000000000000000 ) ) ;
#6161 = VECTOR ( 'NONE', #4848, 1000.000000000000000 ) ;
#6162 = CARTESIAN_POINT ( 'NONE',  ( 0.7500000000000000000, 2.419999999999999929, 1.850000000000000089 ) ) ;
#6163 = ORIENTED_EDGE ( 'NONE', *, *, #4693, .F. ) ;
#6164 = EDGE_CURVE ( 'NONE', #386, #3026, #3593, .T. ) ;
#6165 = ORIENTED_EDGE ( 'NONE', *, *, #8035, .F. ) ;
#6166 = EDGE_CURVE ( 'NONE', #5029, #7557, #9275, .T. ) ;
#6167 = LINE ( 'NONE', #3279, #7539 ) ;
#6168 = EDGE_LOOP ( 'NONE', ( #7774, #5708, #9340, #5611, #7120, #2340, #4020, #2890, #8374, #7006, #6404, #421, #8406, #6107 ) ) ;
#6169 = AXIS2_PLACEMENT_3D ( 'NONE', #5745, #1974, #6383 ) ;
#6170 = VECTOR ( 'NONE', #8542, 1000.000000000000000 ) ;
#6171 = PLANE ( 'NONE',  #247 ) ;
#6172 = ADVANCED_FACE ( 'NONE', ( #4293 ), #2724, .T. ) ;
#6173 = CARTESIAN_POINT ( 'NONE',  ( -1.709999999999999964, 0.04999999999999400063, -4.000000000000000000 ) ) ;
#6174 = VECTOR ( 'NONE', #7674, 1000.000000000000000 ) ;
#6175 = DIRECTION ( 'NONE',  ( 0.000000000000000000, 0.000000000000000000, 1.000000000000000000 ) ) ;
#6176 = VECTOR ( 'NONE', #7339, 1000.000000000000000 ) ;
#6177 = ADVANCED_FACE ( 'NONE', ( #1246 ), #7801, .F. ) ;
#6178 = VECTOR ( 'NONE', #2961, 1000.000000000000000 ) ;
#6179 = ORIENTED_EDGE ( 'NONE', *, *, #1148, .T. ) ;
#6180 = CARTESIAN_POINT ( 'NONE',  ( -2.200000000000155609, 0.1499999999999999944, 1.799999999999844835 ) ) ;
#6181 = ORIENTED_EDGE ( 'NONE', *, *, #5098, .T. ) ;
#6182 = VERTEX_POINT ( 'NONE', #1297 ) ;
#6183 = DIRECTION ( 'NONE',  ( 0.000000000000000000, 0.000000000000000000, -1.000000000000000000 ) ) ;
#6184 = AXIS2_PLACEMENT_3D ( 'NONE', #3916, #345, #1016 ) ;
#6185 = ADVANCED_FACE ( 'NONE', ( #7225 ), #2007, .F. ) ;
#6186 = FACE_OUTER_BOUND ( 'NONE', #8474, .T. ) ;
#6187 = PRODUCT_RELATED_PRODUCT_CATEGORY ( 'part', '', ( #5389 ) ) ;
#6188 = CARTESIAN_POINT ( 'NONE',  ( 3.246680957333468509, 0.6884251226650108801, -2.641776105629559446 ) ) ;
#6189 = CARTESIAN_POINT ( 'NONE',  ( 0.8299999999999999600, -0.1000000000000000056, 4.000000000000000000 ) ) ;
#6190 = VECTOR ( 'NONE', #2138, 1000.000000000000114 ) ;
#6191 = LINE ( 'NONE', #2394, #4184 ) ;
#6192 = ORIENTED_EDGE ( 'NONE', *, *, #3184, .F. ) ;
#6193 = AXIS2_PLACEMENT_3D ( 'NONE', #3232, #3427, #6175 ) ;
#6194 = DIRECTION ( 'NONE',  ( 0.000000000000000000, 0.3328201177351369222, 0.9429903335828896394 ) ) ;
#6195 = ORIENTED_EDGE ( 'NONE', *, *, #6918, .F. ) ;
#6196 = DIRECTION ( 'NONE',  ( 1.000000000000000000, 0.000000000000000000, 0.000000000000000000 ) ) ;
#6197 = ORIENTED_EDGE ( 'NONE', *, *, #9173, .F. ) ;
#6198 = LINE ( 'NONE', #7810, #1631 ) ;
#6199 = AXIS2_PLACEMENT_3D ( 'NONE', #592, #4215, #7948 ) ;
#6200 = CARTESIAN_POINT ( 'NONE',  ( 3.041995810043223614, 0.02592894230715594994, -2.442002047084010030 ) ) ;
#6201 = DIRECTION ( 'NONE',  ( 1.000000000000000000, 0.000000000000000000, 0.000000000000000000 ) ) ;
#6202 = CARTESIAN_POINT ( 'NONE',  ( -0.8400000000000001910, -0.1000000000000000056, -3.600481571814099890 ) ) ;
#6203 = LINE ( 'NONE', #8386, #7696 ) ;
#6204 = ORIENTED_EDGE ( 'NONE', *, *, #5971, .F. ) ;
#6205 = ORIENTED_EDGE ( 'NONE', *, *, #7493, .F. ) ;
#6206 = LINE ( 'NONE', #5473, #3558 ) ;
#6207 = ORIENTED_EDGE ( 'NONE', *, *, #5083, .F. ) ;
#6208 = VERTEX_POINT ( 'NONE', #7269 ) ;
#6209 = AXIS2_PLACEMENT_3D ( 'NONE', #5784, #7938, #8688 ) ;
#6210 = CARTESIAN_POINT ( 'NONE',  ( -0.9499999999999999556, 1.750000000000000000, 0.6500000000000001332 ) ) ;
#6211 = EDGE_CURVE ( 'NONE', #4915, #8328, #393, .T. ) ;
#6212 = CARTESIAN_POINT ( 'NONE',  ( -0.1499999999999999944, 2.100000000000000089, 0.6500000000000001332 ) ) ;
#6213 = CARTESIAN_POINT ( 'NONE',  ( 2.100000000000000089, -0.1000000000000000056, 4.000000000000000000 ) ) ;
#6214 = DIRECTION ( 'NONE',  ( 0.000000000000000000, 1.000000000000000000, 0.000000000000000000 ) ) ;
#6215 = AXIS2_PLACEMENT_3D ( 'NONE', #6114, #8246, #8346 ) ;
#6216 = CARTESIAN_POINT ( 'NONE',  ( -0.8500000000000690337, 2.399999999999999911, 1.849999999999930367 ) ) ;
#6217 = VERTEX_POINT ( 'NONE', #623 ) ;
#6218 = ORIENTED_EDGE ( 'NONE', *, *, #5813, .F. ) ;
#6219 = CARTESIAN_POINT ( 'NONE',  ( -3.299999999091324909, 0.7000000077238549556, -2.503151641283645645 ) ) ;
#6220 = ORIENTED_EDGE ( 'NONE', *, *, #5138, .F. ) ;
#6221 = VECTOR ( 'NONE', #3459, 1000.000000000000000 ) ;
#6222 = EDGE_CURVE ( 'NONE', #2962, #9242, #1915, .T. ) ;
#6223 = ADVANCED_FACE ( 'NONE', ( #1964 ), #2146, .T. ) ;
#6224 = CARTESIAN_POINT ( 'NONE',  ( 0.8299999999999999600, 0.6460721337625500160, -3.405725418007999661 ) ) ;
#6225 = CARTESIAN_POINT ( 'NONE',  ( 1.649999999999999911, 2.419999999999999929, 1.850000000000000089 ) ) ;
#6226 = PLANE ( 'NONE',  #1451 ) ;
#6227 = VECTOR ( 'NONE', #2473, 1000.000000000000000 ) ;
#6228 = ORIENTED_EDGE ( 'NONE', *, *, #3663, .T. ) ;
#6229 = VERTEX_POINT ( 'NONE', #721 ) ;
#6230 = EDGE_CURVE ( 'NONE', #2399, #9329, #4964, .T. ) ;
#6231 = CARTESIAN_POINT ( 'NONE',  ( -2.299999999999999822, 0.000000000000000000, 2.373922824958615063 ) ) ;
#6232 = ADVANCED_FACE ( 'NONE', ( #534 ), #6421, .F. ) ;
#6233 = AXIS2_PLACEMENT_3D ( 'NONE', #5333, #1755, #4664 ) ;
#6234 = CARTESIAN_POINT ( 'NONE',  ( -1.709999999999999964, 0.05000000000000000278, 4.000000000000000000 ) ) ;
#6235 = CARTESIAN_POINT ( 'NONE',  ( -3.250000000000000444, 0.6999999999999999556, 2.636782556885044926 ) ) ;
#6236 = DIRECTION ( 'NONE',  ( 0.000000000000000000, 0.000000000000000000, -1.000000000000000000 ) ) ;
#6237 = DIRECTION ( 'NONE',  ( 0.000000000000000000, -1.000000000000000000, 0.000000000000000000 ) ) ;
#6238 = DIRECTION ( 'NONE',  ( -1.000000000000000000, 0.000000000000000000, 0.000000000000000000 ) ) ;
#6239 = ORIENTED_EDGE ( 'NONE', *, *, #4865, .F. ) ;
#6240 = VECTOR ( 'NONE', #3175, 1000.000000000000114 ) ;
#6241 = DIRECTION ( 'NONE',  ( 0.000000000000000000, 0.000000000000000000, 1.000000000000000000 ) ) ;
#6242 = ORIENTED_EDGE ( 'NONE', *, *, #3860, .T. ) ;
#6243 = ADVANCED_FACE ( 'NONE', ( #9417 ), #2853, .T. ) ;
#6244 = CARTESIAN_POINT ( 'NONE',  ( -2.225000000000035172, 2.399999999999999911, -2.049999999999969624 ) ) ;
#6245 = ORIENTED_EDGE ( 'NONE', *, *, #9149, .F. ) ;
#6246 = EDGE_CURVE ( 'NONE', #8619, #2983, #8334, .T. ) ;
#6247 = B_SPLINE_CURVE_WITH_KNOTS ( 'NONE', 3,
 ( #4068, #3350, #6099, #4580 ),
 .UNSPECIFIED., .F., .F.,
 ( 4, 4 ),
 ( 0.7690107749440500129, 0.8210631752953045925 ),
 .UNSPECIFIED. ) ;
#6248 = CARTESIAN_POINT ( 'NONE',  ( 1.699999999999999956, 0.1500000000000140388, -3.600481571814050152 ) ) ;
#6249 = VECTOR ( 'NONE', #6956, 1000.000000000000000 ) ;
#6250 = LINE ( 'NONE', #9145, #4919 ) ;
#6251 = LINE ( 'NONE', #9146, #5010 ) ;
#6252 = CARTESIAN_POINT ( 'NONE',  ( -3.167949793920889157, 0.6999999999999999556, -2.694651512904590263 ) ) ;
#6253 = DIRECTION ( 'NONE',  ( -1.000000000000000000, 0.000000000000000000, 0.000000000000000000 ) ) ;
#6254 = ORIENTED_EDGE ( 'NONE', *, *, #6651, .T. ) ;
#6255 = ORIENTED_EDGE ( 'NONE', *, *, #1655, .T. ) ;
#6256 = CARTESIAN_POINT ( 'NONE',  ( -0.3499999999999999778, 0.05000000000000000278, 0.6500000000000001332 ) ) ;
#6257 = ORIENTED_EDGE ( 'NONE', *, *, #2360, .T. ) ;
#6259 = ORIENTED_EDGE ( 'NONE', *, *, #1621, .T. ) ;
#6258 = VECTOR ( 'NONE', #61, 1000.000000000000000 ) ;
#6260 = CARTESIAN_POINT ( 'NONE',  ( 2.659609897030200010, 2.311684124756699710, -2.510390102969800807 ) ) ;
#6261 = CARTESIAN_POINT ( 'NONE',  ( 0.8299999999999999600, -0.1000000000000000056, -4.000000000000000000 ) ) ;
#6262 = CARTESIAN_POINT ( 'NONE',  ( 1.699999999999999956, 0.5999999999999480194, -3.160007371274379917 ) ) ;
#6263 = DIRECTION ( 'NONE',  ( -1.000000000000000000, 0.000000000000000000, 0.000000000000000000 ) ) ;
#6264 = ORIENTED_EDGE ( 'NONE', *, *, #4265, .T. ) ;
#6265 = ORIENTED_EDGE ( 'NONE', *, *, #2389, .F. ) ;
#6266 = PLANE ( 'NONE',  #7230 ) ;
#6267 = ORIENTED_EDGE ( 'NONE', *, *, #9309, .F. ) ;
#6268 = CARTESIAN_POINT ( 'NONE',  ( -0.2500000000000000000, 2.100000000000000089, 1.500000000000000000 ) ) ;
#6269 = DIRECTION ( 'NONE',  ( 1.000000000000000000, 0.000000000000000000, 0.000000000000000000 ) ) ;
#6270 = SHAPE_DEFINITION_REPRESENTATION ( #1651, #1807 ) ;
#6271 = CARTESIAN_POINT ( 'NONE',  ( -1.375000000000000000, 2.419999999999999929, -1.750000000000000000 ) ) ;
#6272 = VERTEX_POINT ( 'NONE', #6564 ) ;
#6273 = VERTEX_POINT ( 'NONE', #3526 ) ;
#6274 = ADVANCED_FACE ( 'NONE', ( #9367 ), #2807, .F. ) ;
#6275 = DIRECTION ( 'NONE',  ( 0.3162277660168383853, 0.9486832980505136570, 0.000000000000000000 ) ) ;
#6276 = DIRECTION ( 'NONE',  ( -1.000000000000000000, 0.000000000000000000, 0.000000000000000000 ) ) ;
#6277 = LINE ( 'NONE', #253, #7090 ) ;
#6278 = ORIENTED_EDGE ( 'NONE', *, *, #7855, .F. ) ;
#6279 = ADVANCED_FACE ( 'NONE', ( #1440 ), #4340, .T. ) ;
#6280 = DIRECTION ( 'NONE',  ( -1.000000000000000000, 0.000000000000000000, 0.000000000000000000 ) ) ;
#6281 = EDGE_CURVE ( 'NONE', #7864, #8924, #6247, .T. ) ;
#6282 = DIRECTION ( 'NONE',  ( 0.000000000000000000, 0.000000000000000000, 1.000000000000000000 ) ) ;
#6283 = ORIENTED_EDGE ( 'NONE', *, *, #7276, .F. ) ;
#6284 = PLANE ( 'NONE',  #5517 ) ;
#6285 = ORIENTED_EDGE ( 'NONE', *, *, #4444, .T. ) ;
#6286 = DIRECTION ( 'NONE',  ( -1.000000000000000000, 0.000000000000000000, 0.000000000000000000 ) ) ;
#6287 = ADVANCED_FACE ( 'NONE', ( #7627 ), #1197, .T. ) ;
#6288 = CARTESIAN_POINT ( 'NONE',  ( -0.8499999999999999778, 2.419999999999999929, 1.750000000000000000 ) ) ;
#6289 = DIRECTION ( 'NONE',  ( 0.000000000000000000, 1.000000000000000000, 5.507747036224909506E-13 ) ) ;
#6290 = LINE ( 'NONE', #5468, #6310 ) ;
#6291 = CYLINDRICAL_SURFACE ( 'NONE', #6013, 0.2500000000000409672 ) ;
#6292 = EDGE_LOOP ( 'NONE', ( #2462, #4839, #3236, #7325 ) ) ;
#6293 = ORIENTED_EDGE ( 'NONE', *, *, #8213, .F. ) ;
#6294 = EDGE_CURVE ( 'NONE', #1923, #514, #2418, .T. ) ;
#6295 = DIRECTION ( 'NONE',  ( 0.000000000000000000, -1.000000000000000000, 0.000000000000000000 ) ) ;
#6296 = ORIENTED_EDGE ( 'NONE', *, *, #8495, .F. ) ;
#6297 = VERTEX_POINT ( 'NONE', #6210 ) ;
#6298 = CYLINDRICAL_SURFACE ( 'NONE', #2542, 0.1000000000000262901 ) ;
#6299 = CARTESIAN_POINT ( 'NONE',  ( 0.8299999999999999600, 0.1039278662374499979, 3.354763525080500131 ) ) ;
#6300 = CARTESIAN_POINT ( 'NONE',  ( -1.375000000000000000, 2.419999999999999929, -1.800000000000000266 ) ) ;
#6301 = CARTESIAN_POINT ( 'NONE',  ( 2.290000000000000036, 2.100000000000000089, -0.6500000000000001332 ) ) ;
#6302 = ORIENTED_EDGE ( 'NONE', *, *, #898, .F. ) ;
#6303 = VERTEX_POINT ( 'NONE', #7683 ) ;
#6304 = VECTOR ( 'NONE', #3078, 1000.000000000000000 ) ;
#6305 = EDGE_CURVE ( 'NONE', #5525, #3770, #3893, .T. ) ;
#6306 = CARTESIAN_POINT ( 'NONE',  ( -2.200000000000000178, 0.1499999999999999944, -1.699999999999999956 ) ) ;
#6307 = VERTEX_POINT ( 'NONE', #486 ) ;
#6308 = CARTESIAN_POINT ( 'NONE',  ( 3.011075042537500135, 2.399999999999999911, 2.411075042537500046 ) ) ;
#6309 = VECTOR ( 'NONE', #3712, 1000.000000000000000 ) ;
#6310 = VECTOR ( 'NONE', #1120, 1000.000000000000000 ) ;
#6311 = PLANE ( 'NONE',  #1012 ) ;
#6312 = DIRECTION ( 'NONE',  ( 1.000000000000000000, 0.000000000000000000, 0.000000000000000000 ) ) ;
#6313 = DIRECTION ( 'NONE',  ( 0.000000000000000000, -0.9828721869343112205, -0.1842885350502417308 ) ) ;
#6314 = EDGE_LOOP ( 'NONE', ( #1886, #3932, #9142, #957, #1603, #4492, #8244, #6763, #722, #1872 ) ) ;
#6315 = AXIS2_PLACEMENT_3D ( 'NONE', #2966, #879, #7527 ) ;
#6316 = DIRECTION ( 'NONE',  ( -0.9931506043228762737, -0.1168412475673972217, 0.000000000000000000 ) ) ;
#6317 = DIRECTION ( 'NONE',  ( 1.000000000000000000, 0.000000000000000000, 0.000000000000000000 ) ) ;
#6318 = VECTOR ( 'NONE', #2641, 1000.000000000000000 ) ;
#6319 = CIRCLE ( 'NONE', #8738, 0.1000000000000174083 ) ;
#6320 = CYLINDRICAL_SURFACE ( 'NONE', #9439, 0.1000000000000228206 ) ;
#6321 = DIRECTION ( 'NONE',  ( -1.000000000000000000, 0.000000000000000000, 0.000000000000000000 ) ) ;
#6322 = LINE ( 'NONE', #9224, #3715 ) ;
#6323 = CARTESIAN_POINT ( 'NONE',  ( -2.109999999999999876, 0.05000000000000000278, 4.000000000000000000 ) ) ;
#6324 = ORIENTED_EDGE ( 'NONE', *, *, #6399, .F. ) ;
#6325 = CARTESIAN_POINT ( 'NONE',  ( -0.6500000000000001332, 2.399999999999999911, 1.750000000000000000 ) ) ;
#6326 = CYLINDRICAL_SURFACE ( 'NONE', #3413, 0.1000000000000075967 ) ;
#6327 = ORIENTED_EDGE ( 'NONE', *, *, #19, .F. ) ;
#6328 = FACE_OUTER_BOUND ( 'NONE', #5655, .T. ) ;
#6329 = VECTOR ( 'NONE', #4060, 1000.000000000000000 ) ;
#6330 = ORIENTED_EDGE ( 'NONE', *, *, #1113, .F. ) ;
#6331 = ADVANCED_FACE ( 'NONE', ( #2015 ), #2815, .F. ) ;
#6332 = DIRECTION ( 'NONE',  ( 0.000000000000000000, 0.000000000000000000, -1.000000000000000000 ) ) ;
#6333 = EDGE_CURVE ( 'NONE', #1559, #154, #3393, .T. ) ;
#6334 = AXIS2_PLACEMENT_3D ( 'NONE', #2231, #3386, #1965 ) ;
#6335 = LINE ( 'NONE', #3928, #8286 ) ;
#6336 = CARTESIAN_POINT ( 'NONE',  ( -0.8400000000000001910, 0.8499999999999999778, -3.160007371274399901 ) ) ;
#6337 = LINE ( 'NONE', #1311, #649 ) ;
#6338 = AXIS2_PLACEMENT_3D ( 'NONE', #1523, #8686, #4384 ) ;
#6339 = DIRECTION ( 'NONE',  ( 1.000000000000000000, -0.000000000000000000, -0.000000000000000000 ) ) ;
#6340 = VERTEX_POINT ( 'NONE', #4874 ) ;
#6341 = ORIENTED_EDGE ( 'NONE', *, *, #3623, .T. ) ;
#6342 = CARTESIAN_POINT ( 'NONE',  ( -0.8400000000000001910, 0.6999999999999999556, 3.160007371274399901 ) ) ;
#6343 = ORIENTED_EDGE ( 'NONE', *, *, #5984, .T. ) ;
#6344 = VERTEX_POINT ( 'NONE', #5206 ) ;
#6345 = EDGE_CURVE ( 'NONE', #1942, #6798, #5061, .T. ) ;
#6346 = VECTOR ( 'NONE', #1236, 1000.000000000000000 ) ;
#6347 = DIRECTION ( 'NONE',  ( -1.000000000000000000, 0.000000000000000000, 0.000000000000000000 ) ) ;
#6348 = ADVANCED_FACE ( 'NONE', ( #7989 ), #1577, .F. ) ;
#6349 = FACE_OUTER_BOUND ( 'NONE', #8946, .T. ) ;
#6350 = PLANE ( 'NONE',  #2329 ) ;
#6351 = VERTEX_POINT ( 'NONE', #7275 ) ;
#6352 = ORIENTED_EDGE ( 'NONE', *, *, #4435, .F. ) ;
#6353 = VECTOR ( 'NONE', #1525, 1000.000000000000000 ) ;
#6354 = DIRECTION ( 'NONE',  ( 0.000000000000000000, -0.9828721869343113315, 0.1842885350502413977 ) ) ;
#6355 = VERTEX_POINT ( 'NONE', #6 ) ;
#6356 = ORIENTED_EDGE ( 'NONE', *, *, #7110, .T. ) ;
#6357 = DIRECTION ( 'NONE',  ( 0.000000000000000000, -1.000000000000000000, 0.000000000000000000 ) ) ;
#6358 = ADVANCED_FACE ( 'NONE', ( #3145 ), #4893, .F. ) ;
#6359 = DIRECTION ( 'NONE',  ( 1.000000000000000000, 0.000000000000000000, 0.000000000000000000 ) ) ;
#6360 = EDGE_CURVE ( 'NONE', #3095, #4183, #5628, .T. ) ;
#6361 = AXIS2_PLACEMENT_3D ( 'NONE', #2812, #3629, #889 ) ;
#6362 = DIRECTION ( 'NONE',  ( 0.000000000000000000, -1.000000000000000000, 0.000000000000000000 ) ) ;
#6363 = PLANE ( 'NONE',  #8612 ) ;
#6364 = CARTESIAN_POINT ( 'NONE',  ( -0.6500000000000001332, 2.399999999999999911, 1.850000000000000089 ) ) ;
#6365 = VERTEX_POINT ( 'NONE', #6308 ) ;
#6366 = CARTESIAN_POINT ( 'NONE',  ( -0.4400000000000000022, 0.6184288535050199709, -3.258294589967800636 ) ) ;
#6367 = CARTESIAN_POINT ( 'NONE',  ( -0.4400000000000000022, 0.1315711464949800014, 3.502194353120600123 ) ) ;
#6368 = VECTOR ( 'NONE', #6359, 1000.000000000000000 ) ;
#6369 = VECTOR ( 'NONE', #1697, 1000.000000000000000 ) ;
#6370 = CARTESIAN_POINT ( 'NONE',  ( 2.100000000000000089, 0.05000000000000000278, 4.000000000000000000 ) ) ;
#6371 = CARTESIAN_POINT ( 'NONE',  ( -3.247025684392858214, 0.6896273287911109939, 2.642623488824241917 ) ) ;
#6372 = DIRECTION ( 'NONE',  ( 1.000000000000000000, -0.000000000000000000, -0.000000000000000000 ) ) ;
#6373 = DIRECTION ( 'NONE',  ( -1.000000000000000000, 0.000000000000000000, 0.000000000000000000 ) ) ;
#6374 = ORIENTED_EDGE ( 'NONE', *, *, #5886, .T. ) ;
#6375 = PLANE ( 'NONE',  #5220 ) ;
#6376 = CARTESIAN_POINT ( 'NONE',  ( 1.699999999999999956, 0.1315711464949800014, 3.502194353120600123 ) ) ;
#6377 = ORIENTED_EDGE ( 'NONE', *, *, #1013, .T. ) ;
#6378 = CARTESIAN_POINT ( 'NONE',  ( -2.200000000000155609, 0.1499999999999999944, 1.799999999999844835 ) ) ;
#6379 = EDGE_CURVE ( 'NONE', #2678, #6860, #7789, .T. ) ;
#6380 = ORIENTED_EDGE ( 'NONE', *, *, #8417, .T. ) ;
#6381 = AXIS2_PLACEMENT_3D ( 'NONE', #1026, #6000, #8898 ) ;
#6382 = CARTESIAN_POINT ( 'NONE',  ( 2.290000000000000036, 2.100000000000000089, -0.6500000000000001332 ) ) ;
#6383 = DIRECTION ( 'NONE',  ( 0.000000000000000000, 0.3328201177351369222, 0.9429903335828896394 ) ) ;
#6384 = DIRECTION ( 'NONE',  ( 1.000000000000000000, -0.000000000000000000, -0.000000000000000000 ) ) ;
#6385 = DIRECTION ( 'NONE',  ( 0.000000000000000000, 0.000000000000000000, -1.000000000000000000 ) ) ;
#6386 = CIRCLE ( 'NONE', #8651, 0.09999999999993065825 ) ;
#6387 = CARTESIAN_POINT ( 'NONE',  ( -1.709999999999999964, 0.5999999999999870992, -3.160007371274350163 ) ) ;
#6388 = ORIENTED_EDGE ( 'NONE', *, *, #1148, .F. ) ;
#6389 = DIRECTION ( 'NONE',  ( 0.000000000000000000, 0.000000000000000000, -1.000000000000000000 ) ) ;
#6390 = ORIENTED_EDGE ( 'NONE', *, *, #4709, .T. ) ;
#6391 = SHAPE_REPRESENTATION ( 'CHS-04-G-body', ( #4988 ), #2860 ) ;
#6392 = EDGE_CURVE ( 'NONE', #3603, #3376, #1993, .T. ) ;
#6393 = EDGE_CURVE ( 'NONE', #7634, #8485, #4855, .T. ) ;
#6394 = ORIENTED_EDGE ( 'NONE', *, *, #5505, .T. ) ;
#6395 = AXIS2_PLACEMENT_3D ( 'NONE', #6908, #7580, #1029 ) ;
#6396 = DIRECTION ( 'NONE',  ( -0.000000000000000000, 1.000000000000000000, -0.000000000000000000 ) ) ;
#6397 = CARTESIAN_POINT ( 'NONE',  ( 0.3499999999999999778, 0.5499999999999920508, 0.1000000000000077910 ) ) ;
#6398 = LINE ( 'NONE', #6261, #4701 ) ;
#6399 = EDGE_CURVE ( 'NONE', #3213, #8702, #9209, .T. ) ;
#6400 = ORIENTED_EDGE ( 'NONE', *, *, #892, .T. ) ;
#6401 = ORIENTED_EDGE ( 'NONE', *, *, #2485, .F. ) ;
#6402 = AXIS2_PLACEMENT_3D ( 'NONE', #3193, #248, #1582 ) ;
#6403 = PLANE ( 'NONE',  #7823 ) ;
#6404 = ORIENTED_EDGE ( 'NONE', *, *, #7754, .T. ) ;
#6405 = ADVANCED_FACE ( 'NONE', ( #9220 ), #4821, .F. ) ;
#6406 = EDGE_CURVE ( 'NONE', #7297, #5727, #5590, .T. ) ;
#6407 = ORIENTED_EDGE ( 'NONE', *, *, #8027, .F. ) ;
#6408 = DIRECTION ( 'NONE',  ( 0.000000000000000000, 0.9828721869343458595, -0.1842885350500574615 ) ) ;
#6409 = DIRECTION ( 'NONE',  ( 0.000000000000000000, 0.000000000000000000, -1.000000000000000000 ) ) ;
#6410 = EDGE_CURVE ( 'NONE', #2985, #2275, #7026, .T. ) ;
#6411 = CARTESIAN_POINT ( 'NONE',  ( -2.973922824958600053, 1.355252715606880049E-16, 2.373922824958600408 ) ) ;
#6412 = CARTESIAN_POINT ( 'NONE',  ( 0.4299999999999999933, 0.5999999999999480194, 3.160007371274379917 ) ) ;
#6413 = CARTESIAN_POINT ( 'NONE',  ( -0.4400000000000000022, 0.1500000000000405176, 3.600481571814114989 ) ) ;
#6414 = ORIENTED_EDGE ( 'NONE', *, *, #3285, .F. ) ;
#6415 = LINE ( 'NONE', #7169, #4591 ) ;
#6416 = LINE ( 'NONE', #3518, #9040 ) ;
#6417 = EDGE_CURVE ( 'NONE', #9232, #8934, #7264, .T. ) ;
#6418 = EDGE_CURVE ( 'NONE', #6893, #9437, #3040, .T. ) ;
#6419 = FACE_OUTER_BOUND ( 'NONE', #884, .T. ) ;
#6420 = FACE_OUTER_BOUND ( 'NONE', #8822, .T. ) ;
#6421 = PLANE ( 'NONE',  #7261 ) ;
#6422 = ORIENTED_EDGE ( 'NONE', *, *, #4281, .F. ) ;
#6423 = CYLINDRICAL_SURFACE ( 'NONE', #5713, 0.05000000000000012768 ) ;
#6424 = VERTEX_POINT ( 'NONE', #2992 ) ;
#6425 = FACE_OUTER_BOUND ( 'NONE', #6554, .T. ) ;
#6426 = ORIENTED_EDGE ( 'NONE', *, *, #7365, .T. ) ;
#6427 = AXIS2_PLACEMENT_3D ( 'NONE', #6437, #6489, #5707 ) ;
#6428 = PLANE ( 'NONE',  #2837 ) ;
#6429 = B_SPLINE_CURVE_WITH_KNOTS ( 'NONE', 3,
 ( #3244, #6188, #3194, #1064 ),
 .UNSPECIFIED., .F., .F.,
 ( 4, 4 ),
 ( 5.462122131884954435, 5.514174532235762705 ),
 .UNSPECIFIED. ) ;
#6430 = DIRECTION ( 'NONE',  ( 1.000000000000000000, -0.000000000000000000, -0.000000000000000000 ) ) ;
#6431 = CARTESIAN_POINT ( 'NONE',  ( -1.709999999999999964, -0.1000000000000000056, -4.000000000000000000 ) ) ;
#6432 = DIRECTION ( 'NONE',  ( -0.000000000000000000, 1.000000000000000000, -0.000000000000000000 ) ) ;
#6433 = CARTESIAN_POINT ( 'NONE',  ( 3.135294117647060119, 2.100000000000000089, -2.034705882352940254 ) ) ;
#6434 = DIRECTION ( 'NONE',  ( 1.000000000000000000, 0.000000000000000000, 0.000000000000000000 ) ) ;
#6435 = ORIENTED_EDGE ( 'NONE', *, *, #5505, .F. ) ;
#6436 = VERTEX_POINT ( 'NONE', #2142 ) ;
#6437 = CARTESIAN_POINT ( 'NONE',  ( 1.590000000000000080, 2.100000000000000089, 1.500000000000000000 ) ) ;
#6438 = ORIENTED_EDGE ( 'NONE', *, *, #1835, .T. ) ;
#6439 = ORIENTED_EDGE ( 'NONE', *, *, #7903, .F. ) ;
#6440 = DIRECTION ( 'NONE',  ( 0.000000000000000000, -1.000000000000000000, 0.000000000000000000 ) ) ;
#6441 = PLANE ( 'NONE',  #4005 ) ;
#6442 = LINE ( 'NONE', #7733, #3779 ) ;
#6443 = EDGE_CURVE ( 'NONE', #6869, #1935, #5823, .T. ) ;
#6444 = ORIENTED_EDGE ( 'NONE', *, *, #1774, .F. ) ;
#6445 = EDGE_LOOP ( 'NONE', ( #1059, #1361, #1230, #1231 ) ) ;
#6446 = LINE ( 'NONE', #2834, #1430 ) ;
#6447 = ORIENTED_EDGE ( 'NONE', *, *, #7114, .F. ) ;
#6448 = CLOSED_SHELL ( 'NONE', ( #9129, #3940, #7551, #376, #6019, #3286, #8016, #8844, #8483, #5285, #5668, #1019, #5106, #7616, #3375, #4739, #8885, #5274, #713, #2637, #385, #3867, #8655, #826, #6279, #6539, #5162, #9247, #4385, #2214, #9289, #106, #8476, #5789, #3108, #4644, #4686, #4433, #5040, #2914, #2121, #6764, #544, #5335, #4168, #9068, #7140, #6172, #4003, #6223, #497, #7901, #771, #8825, #5811, #374, #2334, #8656, #2577, #7871, #9409, #319, #6978, #3328, #4380, #2756, #7740, #2518, #2583, #7791, #2355, #6041, #7189, #2297, #5737, #3993, #8598, #9143, #2074, #5970, #6110, #8083, #3158, #1310, #4673, #3038, #5495, #2419, #4806, #4271, #1054, #6612, #5030, #2190, #3061, #5509, #8465, #5109, #1847, #6185, #1671, #4222, #1492, #6746, #7254, #7569, #5328, #6177, #598, #315, #5379, #6348, #99, #3567, #1532, #3970, #8669, #8556, #2755, #7315, #8879, #4864, #6842, #8188, #5863, #9084, #3293, #1211, #2367, #4485, #4254, #471, #4044, #3294, #5751, #740, #9347, #8606, #900, #9256, #1135, #5202, #5567, #6274, #7576, #1269, #8778, #1943, #2584, #958, #7218, #2177, #3699, #5929, #3336, #6941, #2662, #2285, #2291, #6813, #8991, #7704, #197, #3983, #5630, #7562, #1042, #3683, #8965, #9136, #250, #8614, #8679, #1642, #1130, #2800, #770, #3102, #8891, #1502, #424, #3959, #3046, #8540, #5612, #566, #5223, #5393, #3495, #6052, #3356, #4053, #7290, #6358, #782, #7961, #4894, #1074, #4859, #1995, #568, #489, #3396, #7952, #2696, #6806, #5215, #8006, #4858, #3259, #8308, #7876, #2005, #7642, #8704, #5982, #9187, #4049, #7201, #3851, #5448, #3096, #8592, #8091, #1596, #6405, #5402, #9183, #7667, #5000, #203, #7492, #8309, #6287, #6331, #3174, #6668, #2059, #2766, #5031, #1850, #2528, #2715, #4403, #4526, #1287, #7040, #4176, #2050, #7459, #5404, #8365, #2863, #4391, #7707, #277, #7151, #82, #9197, #3580, #423, #4682, #8068, #6694, #412, #6522, #1242, #5566, #2453, #6232, #1543, #2111, #8389, #3649, #433, #9083, #597, #3761, #8974 ) ) ;
#6449 = VERTEX_POINT ( 'NONE', #3662 ) ;
#6450 = DIRECTION ( 'NONE',  ( -0.000000000000000000, 1.000000000000000000, -0.000000000000000000 ) ) ;
#6451 = CARTESIAN_POINT ( 'NONE',  ( -0.2499999999999840128, 0.6500000000000001332, 0.5499999999999839462 ) ) ;
#6452 = EDGE_CURVE ( 'NONE', #8305, #1111, #7977, .T. ) ;
#6453 = EDGE_CURVE ( 'NONE', #1846, #154, #8728, .T. ) ;
#6454 = CARTESIAN_POINT ( 'NONE',  ( 0.2499999999999925893, 0.5500000000000000444, -2.710505431213760161E-17 ) ) ;
#6455 = ORIENTED_EDGE ( 'NONE', *, *, #6989, .F. ) ;
#6456 = ORIENTED_EDGE ( 'NONE', *, *, #4604, .T. ) ;
#6457 = DIRECTION ( 'NONE',  ( -1.000000000000000000, 0.000000000000000000, 0.000000000000000000 ) ) ;
#6458 = DIRECTION ( 'NONE',  ( 1.000000000000000000, -0.000000000000000000, -0.000000000000000000 ) ) ;
#6459 =( REPRESENTATION_RELATIONSHIP ('NONE','NONE', #1807, #813 ) REPRESENTATION_RELATIONSHIP_WITH_TRANSFORMATION ( #3287 )SHAPE_REPRESENTATION_RELATIONSHIP( ) );
#6460 = VECTOR ( 'NONE', #8067, 1000.000000000000000 ) ;
#6461 = VECTOR ( 'NONE', #4737, 1000.000000000000000 ) ;
#6462 = EDGE_CURVE ( 'NONE', #6272, #1080, #8026, .T. ) ;
#6463 = EDGE_CURVE ( 'NONE', #1370, #6063, #668, .T. ) ;
#6464 = VECTOR ( 'NONE', #8901, 1000.000000000000000 ) ;
#6465 = DIRECTION ( 'NONE',  ( 0.000000000000000000, 0.000000000000000000, -1.000000000000000000 ) ) ;
#6466 = DIRECTION ( 'NONE',  ( 0.000000000000000000, -1.000000000000000000, 0.000000000000000000 ) ) ;
#6467 = AXIS2_PLACEMENT_3D ( 'NONE', #7723, #5419, #3309 ) ;
#6468 = LINE ( 'NONE', #578, #1126 ) ;
#6469 = DIRECTION ( 'NONE',  ( 0.000000000000000000, 0.000000000000000000, -1.000000000000000000 ) ) ;
#6470 = EDGE_LOOP ( 'NONE', ( #8292, #6984, #3423, #6195, #847, #9066, #8942, #8314, #3191, #4065, #1784, #1314 ) ) ;
#6471 = CARTESIAN_POINT ( 'NONE',  ( 2.200000000000155609, 0.1499999999999999944, -1.799999999999844835 ) ) ;
#6472 = ORIENTED_EDGE ( 'NONE', *, *, #7381, .T. ) ;
#6473 = FACE_BOUND ( 'NONE', #1606, .T. ) ;
#6474 = VERTEX_POINT ( 'NONE', #4335 ) ;
#6475 = EDGE_CURVE ( 'NONE', #7718, #2490, #1771, .T. ) ;
#6476 = VECTOR ( 'NONE', #729, 1000.000000000000000 ) ;
#6477 = VECTOR ( 'NONE', #533, 1000.000000000000000 ) ;
#6478 = EDGE_CURVE ( 'NONE', #1277, #5271, #7122, .T. ) ;
#6479 = DIRECTION ( 'NONE',  ( 1.000000000000000000, 0.000000000000000000, 0.000000000000000000 ) ) ;
#6480 = LINE ( 'NONE', #683, #7841 ) ;
#6481 = DIRECTION ( 'NONE',  ( 0.7071067811865474617, 0.000000000000000000, 0.7071067811865474617 ) ) ;
#6482 = CARTESIAN_POINT ( 'NONE',  ( -0.4400000000000000022, 0.6460721337625500160, 3.405725418007999661 ) ) ;
#6483 = DIRECTION ( 'NONE',  ( -1.000000000000000000, 0.000000000000000000, 0.000000000000000000 ) ) ;
#6484 = AXIS2_PLACEMENT_3D ( 'NONE', #1828, #1065, #1780 ) ;
#6485 = CARTESIAN_POINT ( 'NONE',  ( 1.119999999999999885, 2.100000000000000089, -0.6500000000000001332 ) ) ;
#6486 = ORIENTED_EDGE ( 'NONE', *, *, #7684, .F. ) ;
#6487 = ORIENTED_EDGE ( 'NONE', *, *, #8069, .F. ) ;
#6488 = VECTOR ( 'NONE', #5269, 1000.000000000000000 ) ;
#6489 = DIRECTION ( 'NONE',  ( -0.9486832980505137680, -0.3162277660168379967, 0.000000000000000000 ) ) ;
#6490 = VERTEX_POINT ( 'NONE', #1622 ) ;
#6491 = ORIENTED_EDGE ( 'NONE', *, *, #1062, .F. ) ;
#6492 = AXIS2_PLACEMENT_3D ( 'NONE', #902, #944, #3135 ) ;
#6493 = CARTESIAN_POINT ( 'NONE',  ( 2.100000000000000089, 0.1500000000000405176, 3.600481571814114989 ) ) ;
#6494 = AXIS2_PLACEMENT_3D ( 'NONE', #5253, #2996, #1673 ) ;
#6495 = DIRECTION ( 'NONE',  ( 0.000000000000000000, 0.1842885350502921904, -0.9828721869343018946 ) ) ;
#6496 = DIRECTION ( 'NONE',  ( 0.000000000000000000, -0.1842885350503307429, 0.9828721869342945672 ) ) ;
#6497 = DIRECTION ( 'NONE',  ( -1.000000000000000000, 0.000000000000000000, 0.000000000000000000 ) ) ;
#6498 = ORIENTED_EDGE ( 'NONE', *, *, #4973, .T. ) ;
#6499 = VERTEX_POINT ( 'NONE', #5250 ) ;
#6500 = PLANE ( 'NONE',  #9027 ) ;
#6501 = ORIENTED_EDGE ( 'NONE', *, *, #9349, .T. ) ;
#6502 = CIRCLE ( 'NONE', #9378, 0.2500000000000515143 ) ;
#6503 = ORIENTED_EDGE ( 'NONE', *, *, #2402, .F. ) ;
#6504 = VECTOR ( 'NONE', #7747, 1000.000000000000000 ) ;
#6505 = CARTESIAN_POINT ( 'NONE',  ( -3.041995810043220061, 0.02592894230715121762, -2.442002047084005145 ) ) ;
#6506 = DIRECTION ( 'NONE',  ( 0.000000000000000000, 0.000000000000000000, -1.000000000000000000 ) ) ;
#6507 = AXIS2_PLACEMENT_3D ( 'NONE', #6485, #5653, #1357 ) ;
#6508 = LINE ( 'NONE', #9451, #1906 ) ;
#6509 = VERTEX_POINT ( 'NONE', #2893 ) ;
#6510 = DIRECTION ( 'NONE',  ( 0.000000000000000000, 0.1842885350502414255, -0.9828721869343114426 ) ) ;
#6511 = ORIENTED_EDGE ( 'NONE', *, *, #4510, .F. ) ;
#6512 = FACE_OUTER_BOUND ( 'NONE', #676, .T. ) ;
#6513 = CARTESIAN_POINT ( 'NONE',  ( -0.3207106781186499500, 0.6207106781186499944, 0.6207106781186499944 ) ) ;
#6514 = EDGE_CURVE ( 'NONE', #5028, #6681, #3617, .T. ) ;
#6515 = EDGE_CURVE ( 'NONE', #2452, #8450, #4382, .T. ) ;
#6516 = AXIS2_PLACEMENT_3D ( 'NONE', #2671, #7752, #1912 ) ;
#6517 = FACE_OUTER_BOUND ( 'NONE', #5270, .T. ) ;
#6518 = DIRECTION ( 'NONE',  ( 0.000000000000000000, -0.9828721869343112205, -0.1842885350502417308 ) ) ;
#6519 = DIRECTION ( 'NONE',  ( -0.000000000000000000, 1.000000000000000000, -0.000000000000000000 ) ) ;
#6520 = AXIS2_PLACEMENT_3D ( 'NONE', #5195, #1567, #4474 ) ;
#6521 = CARTESIAN_POINT ( 'NONE',  ( -2.200000000000155609, 0.000000000000000000, 1.799999999999844835 ) ) ;
#6522 = ADVANCED_FACE ( 'NONE', ( #2187 ), #5928, .F. ) ;
#6523 = CARTESIAN_POINT ( 'NONE',  ( -2.973922824958600053, 1.355252715606880049E-16, 2.373922824958600408 ) ) ;
#6524 = ORIENTED_EDGE ( 'NONE', *, *, #2619, .T. ) ;
#6525 = CARTESIAN_POINT ( 'NONE',  ( 2.299999999999999822, 0.000000000000000000, 2.373922824958600408 ) ) ;
#6526 = VERTEX_POINT ( 'NONE', #1482 ) ;
#6527 = EDGE_CURVE ( 'NONE', #4519, #4797, #6964, .T. ) ;
#6528 = VECTOR ( 'NONE', #226, 1000.000000000000000 ) ;
#6529 = CARTESIAN_POINT ( 'NONE',  ( -0.8400000000000001910, 0.6460721337625500160, 3.405725418007999661 ) ) ;
#6530 = CARTESIAN_POINT ( 'NONE',  ( 3.100702948794949343, 2.345211272101592304, 2.359084365885552703 ) ) ;
#6531 = DIRECTION ( 'NONE',  ( 0.000000000000000000, 0.000000000000000000, 1.000000000000000000 ) ) ;
#6532 = CARTESIAN_POINT ( 'NONE',  ( -0.4400000000000000022, 0.7000000000000099476, -3.160007371274399901 ) ) ;
#6533 = EDGE_CURVE ( 'NONE', #7742, #6893, #9252, .T. ) ;
#6534 = LINE ( 'NONE', #3493, #6655 ) ;
#6535 = VECTOR ( 'NONE', #4392, 1000.000000000000000 ) ;
#6536 = DIRECTION ( 'NONE',  ( 0.000000000000000000, 0.9429903335828897504, 0.3328201177351369777 ) ) ;
#6537 = ORIENTED_EDGE ( 'NONE', *, *, #2876, .F. ) ;
#6538 = ORIENTED_EDGE ( 'NONE', *, *, #7838, .T. ) ;
#6539 = ADVANCED_FACE ( 'NONE', ( #6517 ), #2282, .F. ) ;
#6540 = CIRCLE ( 'NONE', #3308, 0.5999999999999999778 ) ;
#6541 = CARTESIAN_POINT ( 'NONE',  ( -0.3499999999999999778, 2.419999999999999929, 1.800000000000000266 ) ) ;
#6542 = VECTOR ( 'NONE', #5428, 1000.000000000000000 ) ;
#6543 = SURFACE_STYLE_FILL_AREA ( #642 ) ;
#6544 = FACE_OUTER_BOUND ( 'NONE', #7588, .T. ) ;
#6545 = CARTESIAN_POINT ( 'NONE',  ( 3.022085063623333845, 2.399999999999983036, 2.422085063623334200 ) ) ;
#6546 = ORIENTED_EDGE ( 'NONE', *, *, #3887, .F. ) ;
#6547 = PLANE ( 'NONE',  #518 ) ;
#6548 = ORIENTED_EDGE ( 'NONE', *, *, #1798, .T. ) ;
#6549 = ORIENTED_EDGE ( 'NONE', *, *, #5554, .T. ) ;
#6550 = CARTESIAN_POINT ( 'NONE',  ( -3.062738196636754395, 0.05265041441647514558, -2.462712551241347025 ) ) ;
#6551 = DIRECTION ( 'NONE',  ( -1.000000000000000000, 0.000000000000000000, 0.000000000000000000 ) ) ;
#6552 = VECTOR ( 'NONE', #7905, 1000.000000000000000 ) ;
#6553 = CARTESIAN_POINT ( 'NONE',  ( -2.475000000000000089, 2.419999999999999929, -2.050000000000000266 ) ) ;
#6554 = EDGE_LOOP ( 'NONE', ( #5899, #103, #221, #2077 ) ) ;
#6555 = DIRECTION ( 'NONE',  ( 0.000000000000000000, 1.000000000000000000, 0.000000000000000000 ) ) ;
#6556 = PLANE ( 'NONE',  #3268 ) ;
#6557 = VERTEX_POINT ( 'NONE', #7408 ) ;
#6558 = LINE ( 'NONE', #618, #4443 ) ;
#6559 = DIRECTION ( 'NONE',  ( -0.000000000000000000, 1.000000000000000000, -0.000000000000000000 ) ) ;
#6560 = LINE ( 'NONE', #8028, #8802 ) ;
#6561 = DIRECTION ( 'NONE',  ( -1.548240702311696651E-12, 0.000000000000000000, 1.000000000000000000 ) ) ;
#6562 = EDGE_CURVE ( 'NONE', #7559, #5432, #855, .T. ) ;
#6563 = CARTESIAN_POINT ( 'NONE',  ( 2.100000000000000089, -0.1000000000000000056, -3.600481571814099890 ) ) ;
#6564 = CARTESIAN_POINT ( 'NONE',  ( 2.390000000000000124, 2.399999999999999911, 1.500000000000000000 ) ) ;
#6565 = VERTEX_POINT ( 'NONE', #146 ) ;
#6566 = DIRECTION ( 'NONE',  ( -1.000000000000000000, 0.000000000000000000, 0.000000000000000000 ) ) ;
#6567 = VERTEX_POINT ( 'NONE', #8870 ) ;
#6568 = CARTESIAN_POINT ( 'NONE',  ( 3.237106939925070037, 0.6999999999999999556, 2.649999999999999911 ) ) ;
#6569 = CARTESIAN_POINT ( 'NONE',  ( 1.699999999999999956, 0.1039278662374499979, 3.354763525080500131 ) ) ;
#6570 = CARTESIAN_POINT ( 'NONE',  ( 1.699999999999999956, 0.6999999999999999556, 2.649999999999999911 ) ) ;
#6571 = CARTESIAN_POINT ( 'NONE',  ( -0.2500000000000000000, 0.6500000000000001332, 0.5499999999999831690 ) ) ;
#6572 = EDGE_CURVE ( 'NONE', #4319, #2784, #2330, .T. ) ;
#6573 = EDGE_CURVE ( 'NONE', #3011, #1509, #7889, .T. ) ;
#6574 = CARTESIAN_POINT ( 'NONE',  ( -1.392537410341755821, 2.399999999999999911, -2.182999999999964746 ) ) ;
#6575 = LINE ( 'NONE', #733, #4475 ) ;
#6576 = CARTESIAN_POINT ( 'NONE',  ( 2.100000000000000089, -0.1000000000000000056, -4.000000000000000000 ) ) ;
#6577 = ORIENTED_EDGE ( 'NONE', *, *, #3458, .T. ) ;
#6578 = CARTESIAN_POINT ( 'NONE',  ( -0.4400000000000000022, -0.1000000000000000056, 3.600481571814099890 ) ) ;
#6579 = ORIENTED_EDGE ( 'NONE', *, *, #9441, .T. ) ;
#6580 = ORIENTED_EDGE ( 'NONE', *, *, #9172, .T. ) ;
#6581 = EDGE_CURVE ( 'NONE', #7161, #8574, #3185, .T. ) ;
#6582 = CARTESIAN_POINT ( 'NONE',  ( 0.8299999999999999600, -0.1000000000000000056, 3.600481571814099890 ) ) ;
#6583 = DIRECTION ( 'NONE',  ( 0.000000000000000000, 0.000000000000000000, 1.000000000000000000 ) ) ;
#6584 = DIRECTION ( 'NONE',  ( 1.000000000000000000, -0.000000000000000000, -0.000000000000000000 ) ) ;
#6585 = EDGE_CURVE ( 'NONE', #9004, #366, #1001, .T. ) ;
#6586 = CARTESIAN_POINT ( 'NONE',  ( -2.024999999999999911, 2.419999999999999929, -1.949999999999999956 ) ) ;
#6587 = EDGE_LOOP ( 'NONE', ( #1563, #4185, #3499, #5762 ) ) ;
#6588 = ORIENTED_EDGE ( 'NONE', *, *, #3747, .T. ) ;
#6589 = CARTESIAN_POINT ( 'NONE',  ( 3.299999999999999822, 0.6999999999999999556, 2.649999999999999911 ) ) ;
#6590 = ORIENTED_EDGE ( 'NONE', *, *, #4568, .F. ) ;
#6591 = ORIENTED_EDGE ( 'NONE', *, *, #3214, .T. ) ;
#6592 = EDGE_CURVE ( 'NONE', #39, #6490, #6747, .T. ) ;
#6593 = CARTESIAN_POINT ( 'NONE',  ( -0.9499999999999999556, 2.100000000000000089, -0.6500000000000001332 ) ) ;
#6594 = CARTESIAN_POINT ( 'NONE',  ( -2.299999999999999822, 0.000000000000000000, 1.800000000000000266 ) ) ;
#6595 = EDGE_CURVE ( 'NONE', #5039, #4699, #7502, .T. ) ;
#6596 = DIRECTION ( 'NONE',  ( -0.7071067811865474617, 0.000000000000000000, -0.7071067811865474617 ) ) ;
#6597 = ORIENTED_EDGE ( 'NONE', *, *, #7368, .F. ) ;
#6598 = CARTESIAN_POINT ( 'NONE',  ( 2.399999999999999911, 0.6999999999999999556, 2.700000000000000178 ) ) ;
#6599 = PLANE ( 'NONE',  #1752 ) ;
#6600 = ORIENTED_EDGE ( 'NONE', *, *, #7678, .T. ) ;
#6601 = DIRECTION ( 'NONE',  ( 1.000000000000000000, 0.000000000000000000, 0.000000000000000000 ) ) ;
#6602 = VECTOR ( 'NONE', #4441, 1000.000000000000000 ) ;
#6603 = CARTESIAN_POINT ( 'NONE',  ( 0.7500000000000000000, 2.399999999999999911, 2.200000000000000178 ) ) ;
#6604 = LINE ( 'NONE', #577, #9118 ) ;
#6605 = DIRECTION ( 'NONE',  ( 0.000000000000000000, -1.000000000000000000, 0.000000000000000000 ) ) ;
#6606 = LINE ( 'NONE', #4576, #84 ) ;
#6607 = ORIENTED_EDGE ( 'NONE', *, *, #4681, .F. ) ;
#6608 = VECTOR ( 'NONE', #2063, 1000.000000000000114 ) ;
#6609 = CARTESIAN_POINT ( 'NONE',  ( 0.2499999999999834577, 0.05000000000000000278, 0.6500000000000001332 ) ) ;
#6610 = ORIENTED_EDGE ( 'NONE', *, *, #1094, .T. ) ;
#6611 = DIRECTION ( 'NONE',  ( 0.000000000000000000, -1.000000000000000000, 0.000000000000000000 ) ) ;
#6612 = ADVANCED_FACE ( 'NONE', ( #5299 ), #6171, .F. ) ;
#6613 = STYLED_ITEM ( 'NONE', ( #6701 ), #2567 ) ;
#6614 = VECTOR ( 'NONE', #8560, 1000.000000000000000 ) ;
#6615 = CARTESIAN_POINT ( 'NONE',  ( -0.8400000000000001910, 0.1500000000000405176, -3.600481571814114989 ) ) ;
#6616 = DIRECTION ( 'NONE',  ( 0.000000000000000000, 1.000000000000000000, 0.000000000000000000 ) ) ;
#6617 = CARTESIAN_POINT ( 'NONE',  ( 3.128089483773115020, 0.6999999999999999556, -2.700000000000000178 ) ) ;
#6618 = CARTESIAN_POINT ( 'NONE',  ( 0.4299999999999999933, 0.1039278662374499979, 3.354763525080500131 ) ) ;
#6619 = VERTEX_POINT ( 'NONE', #6224 ) ;
#6620 = DIRECTION ( 'NONE',  ( 0.000000000000000000, 0.000000000000000000, -1.000000000000000000 ) ) ;
#6621 = EDGE_LOOP ( 'NONE', ( #5664, #5602, #6278, #4884 ) ) ;
#6622 = VECTOR ( 'NONE', #5363, 1000.000000000000000 ) ;
#6623 = VECTOR ( 'NONE', #4436, 1000.000000000000000 ) ;
#6624 = ORIENTED_EDGE ( 'NONE', *, *, #3925, .F. ) ;
#6625 = EDGE_CURVE ( 'NONE', #8992, #5817, #3229, .T. ) ;
#6626 = EDGE_CURVE ( 'NONE', #955, #8828, #8310, .T. ) ;
#6627 = DIRECTION ( 'NONE',  ( 0.000000000000000000, 1.000000000000000000, 0.000000000000000000 ) ) ;
#6628 = VECTOR ( 'NONE', #8609, 1000.000000000000000 ) ;
#6629 = DIRECTION ( 'NONE',  ( 0.000000000000000000, 0.000000000000000000, -1.000000000000000000 ) ) ;
#6630 = CARTESIAN_POINT ( 'NONE',  ( 1.699999999999999956, 0.1500000000000405176, 3.600481571814114989 ) ) ;
#6631 = VECTOR ( 'NONE', #1898, 1000.000000000000000 ) ;
#6632 = AXIS2_PLACEMENT_3D ( 'NONE', #1639, #873, #2207 ) ;
#6633 = VERTEX_POINT ( 'NONE', #4722 ) ;
#6634 = VERTEX_POINT ( 'NONE', #1053 ) ;
#6635 = DIRECTION ( 'NONE',  ( 0.000000000000000000, 0.9612616959383240012, 0.2756373558169810667 ) ) ;
#6636 = EDGE_CURVE ( 'NONE', #455, #3496, #5438, .T. ) ;
#6637 = VERTEX_POINT ( 'NONE', #2519 ) ;
#6638 = EDGE_LOOP ( 'NONE', ( #2159, #5923, #8680, #6548 ) ) ;
#6639 = VECTOR ( 'NONE', #3009, 1000.000000000000000 ) ;
#6640 = VECTOR ( 'NONE', #7415, 1000.000000000000000 ) ;
#6641 = LINE ( 'NONE', #7300, #400 ) ;
#6642 = DIRECTION ( 'NONE',  ( 0.000000000000000000, -1.000000000000000000, 0.000000000000000000 ) ) ;
#6643 = CARTESIAN_POINT ( 'NONE',  ( 3.110390102969800008, 2.311684124756699710, -2.059609897030199921 ) ) ;
#6644 = VECTOR ( 'NONE', #3181, 1000.000000000000000 ) ;
#6645 = CARTESIAN_POINT ( 'NONE',  ( 2.100000000000000089, 0.8499999999999999778, 2.600000000000000533 ) ) ;
#6646 = ORIENTED_EDGE ( 'NONE', *, *, #5638, .F. ) ;
#6647 = ORIENTED_EDGE ( 'NONE', *, *, #3882, .T. ) ;
#6648 = VECTOR ( 'NONE', #1558, 1000.000000000000000 ) ;
#6649 = CARTESIAN_POINT ( 'NONE',  ( 3.250000000000000444, 0.6999999999999999556, -2.635272211428770106 ) ) ;
#6650 = CARTESIAN_POINT ( 'NONE',  ( -3.299999978760910668, 0.7000001805281479417, 2.504661966269285056 ) ) ;
#6651 = EDGE_CURVE ( 'NONE', #2375, #1330, #8101, .T. ) ;
#6652 = VERTEX_POINT ( 'NONE', #2569 ) ;
#6653 = EDGE_CURVE ( 'NONE', #2326, #8097, #4962, .T. ) ;
#6654 = CARTESIAN_POINT ( 'NONE',  ( -1.550000000000000266, 2.399999999999999911, 2.000000000000000000 ) ) ;
#6655 = VECTOR ( 'NONE', #1978, 1000.000000000000000 ) ;
#6656 = PLANE ( 'NONE',  #4649 ) ;
#6657 = VERTEX_POINT ( 'NONE', #8256 ) ;
#6658 = DIRECTION ( 'NONE',  ( 0.000000000000000000, 0.9828721869343458595, 0.1842885350500573227 ) ) ;
#6659 = ORIENTED_EDGE ( 'NONE', *, *, #8251, .F. ) ;
#6660 = CARTESIAN_POINT ( 'NONE',  ( 3.299999999999999822, 0.09999999999993669508, 2.373922824958615063 ) ) ;
#6661 = ORIENTED_EDGE ( 'NONE', *, *, #3631, .T. ) ;
#6662 = LINE ( 'NONE', #8076, #4295 ) ;
#6663 = DIRECTION ( 'NONE',  ( 0.000000000000000000, -1.000000000000000000, 0.000000000000000000 ) ) ;
#6664 = DIRECTION ( 'NONE',  ( 0.000000000000000000, 0.000000000000000000, 1.000000000000000000 ) ) ;
#6665 = DIRECTION ( 'NONE',  ( -1.000000000000000000, 0.000000000000000000, 0.000000000000000000 ) ) ;
#6666 = DIRECTION ( 'NONE',  ( -1.000000000000000000, 0.000000000000000000, 0.000000000000000000 ) ) ;
#6667 = DIRECTION ( 'NONE',  ( -1.000000000000000000, 0.000000000000000000, 0.000000000000000000 ) ) ;
#6668 = ADVANCED_FACE ( 'NONE', ( #2471 ), #5486, .F. ) ;
#6669 = VERTEX_POINT ( 'NONE', #1857 ) ;
#6670 = LINE ( 'NONE', #3680, #5090 ) ;
#6671 = ORIENTED_EDGE ( 'NONE', *, *, #9390, .T. ) ;
#6672 = PLANE ( 'NONE',  #3223 ) ;
#6673 = VERTEX_POINT ( 'NONE', #236 ) ;
#6674 = VECTOR ( 'NONE', #2458, 1000.000000000000000 ) ;
#6675 = DIRECTION ( 'NONE',  ( -0.000000000000000000, 1.000000000000000000, -0.000000000000000000 ) ) ;
#6676 = CARTESIAN_POINT ( 'NONE',  ( 0.4299999999999999933, 0.8499999999999999778, -3.160007371274399901 ) ) ;
#6677 = CARTESIAN_POINT ( 'NONE',  ( -1.709999999999999964, 0.5999999999999480194, 3.160007371274379917 ) ) ;
#6678 = VECTOR ( 'NONE', #937, 1000.000000000000000 ) ;
#6679 = PRODUCT_DEFINITION_CONTEXT ( 'detailed design', #4971, 'design' ) ;
#6680 = CARTESIAN_POINT ( 'NONE',  ( -2.973648667276188373, 2.355918578892440607, -2.494451994274843987 ) ) ;
#6681 = VERTEX_POINT ( 'NONE', #1096 ) ;
#6682 = EDGE_CURVE ( 'NONE', #9168, #7024, #4507, .T. ) ;
#6683 = ORIENTED_EDGE ( 'NONE', *, *, #7081, .T. ) ;
#6684 = EDGE_CURVE ( 'NONE', #4519, #2476, #4571, .T. ) ;
#6685 = DIRECTION ( 'NONE',  ( 0.3162277660168379967, -0.9486832980505137680, 0.000000000000000000 ) ) ;
#6686 = ORIENTED_EDGE ( 'NONE', *, *, #4812, .T. ) ;
#6687 = EDGE_LOOP ( 'NONE', ( #143, #1716, #7429, #5236 ) ) ;
#6688 = VECTOR ( 'NONE', #8419, 1000.000000000000000 ) ;
#6689 = CARTESIAN_POINT ( 'NONE',  ( -0.4400000000000000022, 0.6460721337625500160, 3.405725418007999661 ) ) ;
#6690 = EDGE_CURVE ( 'NONE', #9374, #8893, #3810, .T. ) ;
#6691 = PLANE ( 'NONE',  #4073 ) ;
#6692 = DIRECTION ( 'NONE',  ( 0.000000000000000000, -1.000000000000000000, 0.000000000000000000 ) ) ;
#6693 = DIRECTION ( 'NONE',  ( 0.000000000000000000, 0.000000000000000000, 1.000000000000000000 ) ) ;
#6694 = ADVANCED_FACE ( 'NONE', ( #6795 ), #6077, .F. ) ;
#6695 = ORIENTED_EDGE ( 'NONE', *, *, #2876, .T. ) ;
#6696 = EDGE_CURVE ( 'NONE', #8405, #9138, #4188, .T. ) ;
#6697 = VECTOR ( 'NONE', #2884, 1000.000000000000114 ) ;
#6698 = DIRECTION ( 'NONE',  ( -1.000000000000000000, 0.000000000000000000, 0.000000000000000000 ) ) ;
#6699 = LINE ( 'NONE', #4411, #1593 ) ;
#6700 = VERTEX_POINT ( 'NONE', #5629 ) ;
#6701 = PRESENTATION_STYLE_ASSIGNMENT (( #6744 ) ) ;
#6702 = VECTOR ( 'NONE', #9186, 1000.000000000000000 ) ;
#6703 = DIRECTION ( 'NONE',  ( 0.000000000000000000, 0.000000000000000000, -1.000000000000000000 ) ) ;
#6704 = EDGE_CURVE ( 'NONE', #952, #1969, #1283, .T. ) ;
#6705 = CARTESIAN_POINT ( 'NONE',  ( -0.2500000000000000000, 1.750000000000000000, 0.6500000000000001332 ) ) ;
#6706 = PLANE ( 'NONE',  #2204 ) ;
#6707 = EDGE_CURVE ( 'NONE', #411, #7161, #8537, .T. ) ;
#6708 = EDGE_LOOP ( 'NONE', ( #5809, #3657, #4772, #6394 ) ) ;
#6709 = LINE ( 'NONE', #954, #545 ) ;
#6710 = ORIENTED_EDGE ( 'NONE', *, *, #3335, .F. ) ;
#6711 = VECTOR ( 'NONE', #8548, 1000.000000000000000 ) ;
#6712 = ORIENTED_EDGE ( 'NONE', *, *, #2403, .T. ) ;
#6713 = DIRECTION ( 'NONE',  ( -0.6018150231519819870, 0.000000000000000000, -0.7986355100473429003 ) ) ;
#6714 = CARTESIAN_POINT ( 'NONE',  ( -2.109999999999999876, 0.1039278662374499979, 3.354763525080500131 ) ) ;
#6715 = CARTESIAN_POINT ( 'NONE',  ( -0.4400000000000000022, 0.1500000000000405176, -3.600481571814114989 ) ) ;
#6716 = CARTESIAN_POINT ( 'NONE',  ( 3.250000000000000444, 0.6999999999999999556, 2.636782556885051143 ) ) ;
#6717 = DIRECTION ( 'NONE',  ( -0.1160409167470730363, 0.9863477923501201561, 0.1168440763006107636 ) ) ;
#6718 = LINE ( 'NONE', #5991, #1890 ) ;
#6719 = ORIENTED_EDGE ( 'NONE', *, *, #361, .T. ) ;
#6720 = CARTESIAN_POINT ( 'NONE',  ( -2.220000000000000195, 1.750000000000000000, 0.6500000000000001332 ) ) ;
#6721 = ORIENTED_EDGE ( 'NONE', *, *, #6281, .F. ) ;
#6722 = LINE ( 'NONE', #8894, #1705 ) ;
#6723 = EDGE_LOOP ( 'NONE', ( #8944, #8920, #5368, #2601 ) ) ;
#6724 = FACE_OUTER_BOUND ( 'NONE', #7879, .T. ) ;
#6725 = CARTESIAN_POINT ( 'NONE',  ( 1.699999999999999956, 0.8499999999999999778, 2.649999999999999911 ) ) ;
#6726 = LINE ( 'NONE', #6002, #5152 ) ;
#6727 = CARTESIAN_POINT ( 'NONE',  ( 3.299999999999999822, 0.6999999999999999556, -2.649999999999999911 ) ) ;
#6728 = CARTESIAN_POINT ( 'NONE',  ( 2.100000000000000089, 0.1315711464949800014, -3.502194353120600123 ) ) ;
#6729 = VERTEX_POINT ( 'NONE', #6976 ) ;
#6730 = ORIENTED_EDGE ( 'NONE', *, *, #6690, .F. ) ;
#6731 = DIRECTION ( 'NONE',  ( 0.000000000000000000, 0.000000000000000000, 1.000000000000000000 ) ) ;
#6732 = CARTESIAN_POINT ( 'NONE',  ( -3.209443882376334489, 0.6999999999999999556, 2.675822786575518197 ) ) ;
#6733 = ORIENTED_EDGE ( 'NONE', *, *, #318, .T. ) ;
#6734 = ORIENTED_EDGE ( 'NONE', *, *, #8038, .T. ) ;
#6735 = VECTOR ( 'NONE', #6389, 1000.000000000000000 ) ;
#6736 = DIRECTION ( 'NONE',  ( 0.000000000000000000, -1.000000000000000000, 0.000000000000000000 ) ) ;
#6737 = CARTESIAN_POINT ( 'NONE',  ( -3.057979327682927018, 2.391928108793945462, 2.112020672317073355 ) ) ;
#6738 = CARTESIAN_POINT ( 'NONE',  ( 2.675549239529182444, 2.356437731128811386, -2.494450760470817041 ) ) ;
#6739 = DIRECTION ( 'NONE',  ( -1.000000000000000000, 0.000000000000000000, 0.000000000000000000 ) ) ;
#6740 = EDGE_LOOP ( 'NONE', ( #8532, #9323, #5829, #1227 ) ) ;
#6741 = ORIENTED_EDGE ( 'NONE', *, *, #5937, .F. ) ;
#6742 = LINE ( 'NONE', #7454, #3548 ) ;
#6743 = ORIENTED_EDGE ( 'NONE', *, *, #5037, .F. ) ;
#6744 = SURFACE_STYLE_USAGE ( .BOTH. , #7309 ) ;
#6745 = EDGE_CURVE ( 'NONE', #2600, #3357, #8492, .T. ) ;
#6746 = ADVANCED_FACE ( 'NONE', ( #3330 ), #6311, .F. ) ;
#6747 = LINE ( 'NONE', #3998, #1776 ) ;
#6748 = CARTESIAN_POINT ( 'NONE',  ( -0.8400000000000001910, 0.6460721337625500160, -3.405725418007999661 ) ) ;
#6749 = DIRECTION ( 'NONE',  ( 0.000000000000000000, -1.000000000000000000, 0.000000000000000000 ) ) ;
#6750 = ORIENTED_EDGE ( 'NONE', *, *, #3214, .F. ) ;
#6751 = DIRECTION ( 'NONE',  ( 0.000000000000000000, 0.000000000000000000, 1.000000000000000000 ) ) ;
#6752 = EDGE_LOOP ( 'NONE', ( #9050, #3552, #6131, #6293, #2062, #2029, #3404, #7622, #1868, #9400, #8534, #2881 ) ) ;
#6753 = ORIENTED_EDGE ( 'NONE', *, *, #6581, .T. ) ;
#6754 = EDGE_CURVE ( 'NONE', #1703, #2698, #9163, .T. ) ;
#6755 = CARTESIAN_POINT ( 'NONE',  ( 0.2499999999999835132, 0.05000000000000000278, 0.6500000000000001332 ) ) ;
#6756 = EDGE_CURVE ( 'NONE', #9218, #6633, #8582, .T. ) ;
#6757 = CARTESIAN_POINT ( 'NONE',  ( 0.8299999999999999600, -0.1000000000000000056, 4.000000000000000000 ) ) ;
#6758 = AXIS2_PLACEMENT_3D ( 'NONE', #388, #6849, #339 ) ;
#6759 = CARTESIAN_POINT ( 'NONE',  ( -1.807462589658245022, 2.399999999999999911, -1.817000000000035254 ) ) ;
#6760 = LINE ( 'NONE', #3866, #5865 ) ;
#6761 = ORIENTED_EDGE ( 'NONE', *, *, #3226, .F. ) ;
#6762 = CARTESIAN_POINT ( 'NONE',  ( -0.4400000000000000022, 0.8499999999999999778, 3.160007371274399901 ) ) ;
#6763 = ORIENTED_EDGE ( 'NONE', *, *, #4042, .T. ) ;
#6764 = ADVANCED_FACE ( 'NONE', ( #4047 ), #5531, .T. ) ;
#6765 = CARTESIAN_POINT ( 'NONE',  ( -0.3010495520008180104, 0.6403718041912707104, 0.6010495520008166670 ) ) ;
#6766 = ORIENTED_EDGE ( 'NONE', *, *, #4693, .T. ) ;
#6767 = AXIS2_PLACEMENT_3D ( 'NONE', #3615, #4195, #7260 ) ;
#6768 = AXIS2_PLACEMENT_3D ( 'NONE', #1397, #5023, #6385 ) ;
#6769 = CARTESIAN_POINT ( 'NONE',  ( -2.200000000000000178, 0.1499999999999999944, -1.699999999999999956 ) ) ;
#6770 = PLANE ( 'NONE',  #1115 ) ;
#6771 = FACE_OUTER_BOUND ( 'NONE', #2036, .T. ) ;
#6772 = CARTESIAN_POINT ( 'NONE',  ( 2.299999999999999822, 0.000000000000000000, -1.800000000000000266 ) ) ;
#6773 = DIRECTION ( 'NONE',  ( 0.000000000000000000, 0.000000000000000000, -1.000000000000000000 ) ) ;
#6774 = VECTOR ( 'NONE', #3878, 1000.000000000000000 ) ;
#6775 = ORIENTED_EDGE ( 'NONE', *, *, #8140, .F. ) ;
#6776 = ORIENTED_EDGE ( 'NONE', *, *, #6986, .T. ) ;
#6777 = CIRCLE ( 'NONE', #7222, 0.06700000000003683565 ) ;
#6778 = CARTESIAN_POINT ( 'NONE',  ( 2.299999999999999822, 0.1499999999999999944, -2.492290037832664673 ) ) ;
#6779 = ORIENTED_EDGE ( 'NONE', *, *, #9234, .T. ) ;
#6780 = VERTEX_POINT ( 'NONE', #4813 ) ;
#6781 = CIRCLE ( 'NONE', #7382, 0.09999999999993162969 ) ;
#6782 = VECTOR ( 'NONE', #5576, 1000.000000000000000 ) ;
#6783 = LINE ( 'NONE', #1806, #6674 ) ;
#6784 = CARTESIAN_POINT ( 'NONE',  ( 3.110390102969801340, 2.311684124756700154, -2.059609897030199477 ) ) ;
#6785 = CARTESIAN_POINT ( 'NONE',  ( -0.2500000000000000000, 1.750000000000000000, -0.6500000000000001332 ) ) ;
#6786 = DIRECTION ( 'NONE',  ( 0.000000000000000000, 0.000000000000000000, -1.000000000000000000 ) ) ;
#6787 = ORIENTED_EDGE ( 'NONE', *, *, #7393, .F. ) ;
#6788 = VERTEX_POINT ( 'NONE', #8445 ) ;
#6789 = DIRECTION ( 'NONE',  ( 1.000000000000000000, -0.000000000000000000, -0.000000000000000000 ) ) ;
#6790 = DIRECTION ( 'NONE',  ( 0.000000000000000000, 0.000000000000000000, -1.000000000000000000 ) ) ;
#6791 = ORIENTED_EDGE ( 'NONE', *, *, #512, .F. ) ;
#6792 = AXIS2_PLACEMENT_3D ( 'NONE', #297, #1963, #4731 ) ;
#6793 = EDGE_CURVE ( 'NONE', #6825, #1192, #1904, .T. ) ;
#6794 = VECTOR ( 'NONE', #5599, 1000.000000000000000 ) ;
#6795 = FACE_OUTER_BOUND ( 'NONE', #7958, .T. ) ;
#6796 = VECTOR ( 'NONE', #6121, 1000.000000000000000 ) ;
#6797 = DIRECTION ( 'NONE',  ( 0.000000000000000000, 0.000000000000000000, 1.000000000000000000 ) ) ;
#6798 = VERTEX_POINT ( 'NONE', #3471 ) ;
#6799 = FACE_OUTER_BOUND ( 'NONE', #1138, .T. ) ;
#6800 = ORIENTED_EDGE ( 'NONE', *, *, #960, .F. ) ;
#6801 = EDGE_CURVE ( 'NONE', #9242, #984, #465, .T. ) ;
#6802 = EDGE_CURVE ( 'NONE', #8662, #4567, #7792, .T. ) ;
#6803 = EDGE_LOOP ( 'NONE', ( #5097, #4402, #3033, #2206, #8062, #6163 ) ) ;
#6804 = PLANE ( 'NONE',  #4145 ) ;
#6805 = CIRCLE ( 'NONE', #7403, 0.2500000000000515143 ) ;
#6806 = ADVANCED_FACE ( 'NONE', ( #1233 ), #5722, .F. ) ;
#6807 = DIRECTION ( 'NONE',  ( 0.000000000000000000, -1.000000000000000000, 5.507747036225403270E-13 ) ) ;
#6808 = DIRECTION ( 'NONE',  ( 0.000000000000000000, 0.000000000000000000, -1.000000000000000000 ) ) ;
#6809 = AXIS2_PLACEMENT_3D ( 'NONE', #4928, #1313, #6434 ) ;
#6810 = LINE ( 'NONE', #6618, #8142 ) ;
#6811 = DIRECTION ( 'NONE',  ( -1.000000000000000000, 0.000000000000000000, 0.000000000000000000 ) ) ;
#6812 = VERTEX_POINT ( 'NONE', #7881 ) ;
#6813 = ADVANCED_FACE ( 'NONE', ( #519 ), #3425, .F. ) ;
#6814 = CARTESIAN_POINT ( 'NONE',  ( -0.3499999999999999778, 2.419999999999999929, 2.149999999999999911 ) ) ;
#6815 = VERTEX_POINT ( 'NONE', #4236 ) ;
#6816 = CARTESIAN_POINT ( 'NONE',  ( 2.399999999999999911, 0.6999999999999999556, -2.700000000000000178 ) ) ;
#6817 = VERTEX_POINT ( 'NONE', #611 ) ;
#6818 = AXIS2_PLACEMENT_3D ( 'NONE', #7109, #5710, #2632 ) ;
#6819 = DIRECTION ( 'NONE',  ( 1.000000000000000000, 0.000000000000000000, 0.000000000000000000 ) ) ;
#6820 = EDGE_CURVE ( 'NONE', #9452, #2773, #2685, .T. ) ;
#6821 = DIRECTION ( 'NONE',  ( -1.000000000000000000, 0.000000000000000000, 0.000000000000000000 ) ) ;
#6822 = CARTESIAN_POINT ( 'NONE',  ( 3.174710661802064404, 0.6999999999999999556, 2.693188443727301706 ) ) ;
#6823 = CARTESIAN_POINT ( 'NONE',  ( 3.011075042537524560, 2.399999999999999911, -2.158924957462475813 ) ) ;
#6824 = ORIENTED_EDGE ( 'NONE', *, *, #6595, .T. ) ;
#6825 = VERTEX_POINT ( 'NONE', #1144 ) ;
#6826 = EDGE_CURVE ( 'NONE', #1268, #6355, #5281, .T. ) ;
#6827 = VECTOR ( 'NONE', #7163, 1000.000000000000000 ) ;
#6828 = LINE ( 'NONE', #7760, #8874 ) ;
#6829 = ORIENTED_EDGE ( 'NONE', *, *, #7617, .F. ) ;
#6830 = ORIENTED_EDGE ( 'NONE', *, *, #6801, .T. ) ;
#6831 = CARTESIAN_POINT ( 'NONE',  ( 2.399999999999999911, 0.6999999999999999556, -2.649999999999999911 ) ) ;
#6832 = AXIS2_PLACEMENT_3D ( 'NONE', #6493, #2261, #5076 ) ;
#6833 = DIRECTION ( 'NONE',  ( 0.000000000000000000, 1.000000000000000000, 0.000000000000000000 ) ) ;
#6834 = CARTESIAN_POINT ( 'NONE',  ( 3.086000048469923041, 2.367426600456417507, -2.083999951530077333 ) ) ;
#6835 = FACE_OUTER_BOUND ( 'NONE', #9332, .T. ) ;
#6836 = ORIENTED_EDGE ( 'NONE', *, *, #1962, .F. ) ;
#6837 = ORIENTED_EDGE ( 'NONE', *, *, #7262, .F. ) ;
#6838 = CARTESIAN_POINT ( 'NONE',  ( -1.709999999999999964, 0.1500000000000175360, 3.600481571814044823 ) ) ;
#6839 = EDGE_LOOP ( 'NONE', ( #1619, #4229, #300, #6151 ) ) ;
#6840 = AXIS2_PLACEMENT_3D ( 'NONE', #5838, #4256, #2065 ) ;
#6841 = DIRECTION ( 'NONE',  ( 1.000000000000000000, -0.000000000000000000, -0.000000000000000000 ) ) ;
#6842 = ADVANCED_FACE ( 'NONE', ( #950 ), #8927, .T. ) ;
#6843 = DIRECTION ( 'NONE',  ( 1.000000000000000000, 0.000000000000000000, 0.000000000000000000 ) ) ;
#6844 = LINE ( 'NONE', #8872, #8453 ) ;
#6845 = ORIENTED_EDGE ( 'NONE', *, *, #7098, .F. ) ;
#6846 = CARTESIAN_POINT ( 'NONE',  ( -2.109999999999999876, 0.6184288535050199709, -3.258294589967800636 ) ) ;
#6847 = ORIENTED_EDGE ( 'NONE', *, *, #1994, .F. ) ;
#6848 = ORIENTED_EDGE ( 'NONE', *, *, #4152, .F. ) ;
#6849 = DIRECTION ( 'NONE',  ( -0.000000000000000000, 1.000000000000000000, -0.000000000000000000 ) ) ;
#6850 = VECTOR ( 'NONE', #9100, 1000.000000000000000 ) ;
#6851 = EDGE_CURVE ( 'NONE', #9138, #3316, #5914, .T. ) ;
#6852 = CARTESIAN_POINT ( 'NONE',  ( -0.1499999999999999944, 2.399999999999999911, 1.500000000000000000 ) ) ;
#6853 = LINE ( 'NONE', #5675, #4460 ) ;
#6854 = VECTOR ( 'NONE', #8983, 1000.000000000000000 ) ;
#6855 = CARTESIAN_POINT ( 'NONE',  ( 2.390000000000000124, 2.399999999999999911, 1.500000000000000000 ) ) ;
#6856 = CARTESIAN_POINT ( 'NONE',  ( -3.041995810043223170, 0.02592894230715569667, 2.442002047084010030 ) ) ;
#6857 = CARTESIAN_POINT ( 'NONE',  ( -1.050000000000000044, 2.399999999999999911, -1.500000000000000000 ) ) ;
#6858 = ORIENTED_EDGE ( 'NONE', *, *, #1839, .T. ) ;
#6859 = DIRECTION ( 'NONE',  ( 0.000000000000000000, 0.9429903335828897504, -0.3328201177351369777 ) ) ;
#6860 = VERTEX_POINT ( 'NONE', #5091 ) ;
#6861 = CARTESIAN_POINT ( 'NONE',  ( -0.3207106781186499500, 0.6207106781186499944, 0.6207106781186499944 ) ) ;
#6862 = ORIENTED_EDGE ( 'NONE', *, *, #6514, .T. ) ;
#6863 = EDGE_CURVE ( 'NONE', #8626, #9303, #7343, .T. ) ;
#6864 = CARTESIAN_POINT ( 'NONE',  ( 1.649999999999999911, 2.419999999999999929, 1.949999999999999956 ) ) ;
#6865 = EDGE_CURVE ( 'NONE', #8033, #8828, #2931, .T. ) ;
#6866 = LINE ( 'NONE', #5605, #4159 ) ;
#6867 = LINE ( 'NONE', #1646, #2253 ) ;
#6868 = DIRECTION ( 'NONE',  ( 0.000000000000000000, -1.000000000000000000, 0.000000000000000000 ) ) ;
#6869 = VERTEX_POINT ( 'NONE', #3702 ) ;
#6870 = VERTEX_POINT ( 'NONE', #704 ) ;
#6871 = DIRECTION ( 'NONE',  ( 0.000000000000000000, -1.000000000000000000, 0.000000000000000000 ) ) ;
#6872 = ORIENTED_EDGE ( 'NONE', *, *, #3084, .F. ) ;
#6873 = ORIENTED_EDGE ( 'NONE', *, *, #4208, .T. ) ;
#6874 = EDGE_CURVE ( 'NONE', #4612, #7559, #1513, .T. ) ;
#6875 = LINE ( 'NONE', #6158, #3453 ) ;
#6876 = EDGE_CURVE ( 'NONE', #2072, #4305, #7778, .T. ) ;
#6877 = CARTESIAN_POINT ( 'NONE',  ( -3.011075042537525004, 2.399999999999999911, 2.158924957462475813 ) ) ;
#6878 = DIRECTION ( 'NONE',  ( 0.000000000000000000, -1.000000000000000000, 0.000000000000000000 ) ) ;
#6879 = LINE ( 'NONE', #3275, #3577 ) ;
#6880 = VERTEX_POINT ( 'NONE', #3605 ) ;
#6881 = ORIENTED_EDGE ( 'NONE', *, *, #2344, .F. ) ;
#6882 = LINE ( 'NONE', #8441, #6631 ) ;
#6883 = ORIENTED_EDGE ( 'NONE', *, *, #3861, .F. ) ;
#6884 = EDGE_CURVE ( 'NONE', #4548, #851, #790, .T. ) ;
#6885 = EDGE_CURVE ( 'NONE', #5433, #2072, #2091, .T. ) ;
#6886 = CARTESIAN_POINT ( 'NONE',  ( -1.709999999999999964, 0.6999999999999999556, -2.649999999999999911 ) ) ;
#6887 = CARTESIAN_POINT ( 'NONE',  ( 3.244954963079024868, 0.6824058653720789236, -2.644954963079025223 ) ) ;
#6888 = APPLICATION_PROTOCOL_DEFINITION ( 'draft international standard', 'automotive_design', 1998, #4971 ) ;
#6889 = CARTESIAN_POINT ( 'NONE',  ( -0.4399999999999999467, 0.8499999999999999778, -2.649999999999999911 ) ) ;
#6890 = ORIENTED_EDGE ( 'NONE', *, *, #6707, .T. ) ;
#6891 = PLANE ( 'NONE',  #237 ) ;
#6892 = EDGE_LOOP ( 'NONE', ( #583, #338, #635, #4985, #2088, #6952, #6994, #6972, #5350, #7464, #3456, #6267 ) ) ;
#6893 = VERTEX_POINT ( 'NONE', #3556 ) ;
#6894 = CARTESIAN_POINT ( 'NONE',  ( -0.3499999999999999778, 2.419999999999999929, 1.800000000000000266 ) ) ;
#6895 = DIRECTION ( 'NONE',  ( 0.000000000000000000, 1.000000000000000000, 0.000000000000000000 ) ) ;
#6896 = DIRECTION ( 'NONE',  ( 0.000000000000000000, 0.000000000000000000, -1.000000000000000000 ) ) ;
#6897 = CYLINDRICAL_SURFACE ( 'NONE', #6184, 0.2500000000000514033 ) ;
#6898 = CARTESIAN_POINT ( 'NONE',  ( 3.247025684392867539, 0.6896273287911415251, 2.642623488824225042 ) ) ;
#6899 = DIRECTION ( 'NONE',  ( 0.000000000000000000, 0.000000000000000000, 1.000000000000000000 ) ) ;
#6900 = ORIENTED_EDGE ( 'NONE', *, *, #7320, .F. ) ;
#6901 = PLANE ( 'NONE',  #4633 ) ;
#6902 = ORIENTED_EDGE ( 'NONE', *, *, #3800, .T. ) ;
#6903 = DIRECTION ( 'NONE',  ( 0.000000000000000000, 1.000000000000000000, 0.000000000000000000 ) ) ;
#6904 = EDGE_CURVE ( 'NONE', #205, #2562, #5589, .T. ) ;
#6905 = ORIENTED_EDGE ( 'NONE', *, *, #1008, .T. ) ;
#6906 = DIRECTION ( 'NONE',  ( 1.000000000000000000, 0.000000000000000000, 0.000000000000000000 ) ) ;
#6907 = DIRECTION ( 'NONE',  ( 0.000000000000000000, -0.9828721869343458595, 0.1842885350500573227 ) ) ;
#6908 = CARTESIAN_POINT ( 'NONE',  ( -0.9000000000000001332, 2.399999999999999911, 2.200000000000000178 ) ) ;
#6909 = DIRECTION ( 'NONE',  ( 0.000000000000000000, -1.000000000000000000, -6.071532165917839070E-14 ) ) ;
#6910 = DIRECTION ( 'NONE',  ( 0.000000000000000000, -0.1842885350503031539, 0.9828721869342997852 ) ) ;
#6911 = ORIENTED_EDGE ( 'NONE', *, *, #306, .T. ) ;
#6912 = EDGE_LOOP ( 'NONE', ( #987, #8133, #4578, #9386, #7519, #3846, #4750, #66 ) ) ;
#6913 = DIRECTION ( 'NONE',  ( 1.000000000000000000, 0.000000000000000000, 0.000000000000000000 ) ) ;
#6914 = ORIENTED_EDGE ( 'NONE', *, *, #3995, .F. ) ;
#6915 = CIRCLE ( 'NONE', #1104, 0.2500000000000412448 ) ;
#6916 = EDGE_CURVE ( 'NONE', #444, #7085, #4414, .T. ) ;
#6917 = VECTOR ( 'NONE', #6611, 1000.000000000000000 ) ;
#6918 = EDGE_CURVE ( 'NONE', #9444, #2301, #8102, .T. ) ;
#6919 = ORIENTED_EDGE ( 'NONE', *, *, #1245, .T. ) ;
#6920 = LINE ( 'NONE', #3270, #560 ) ;
#6921 = CARTESIAN_POINT ( 'NONE',  ( -2.375000000000000000, 2.399999999999999911, -1.750000000000000000 ) ) ;
#6922 = VECTOR ( 'NONE', #7434, 1000.000000000000000 ) ;
#6923 = EDGE_CURVE ( 'NONE', #4151, #7497, #6641, .T. ) ;
#6924 = DIRECTION ( 'NONE',  ( -1.000000000000000000, 0.000000000000000000, 0.000000000000000000 ) ) ;
#6925 = ORIENTED_EDGE ( 'NONE', *, *, #613, .T. ) ;
#6926 = ORIENTED_EDGE ( 'NONE', *, *, #2652, .F. ) ;
#6927 = LINE ( 'NONE', #8303, #8716 ) ;
#6928 = ORIENTED_EDGE ( 'NONE', *, *, #3084, .T. ) ;
#6929 = EDGE_CURVE ( 'NONE', #8600, #9290, #8868, .T. ) ;
#6930 = AXIS2_PLACEMENT_3D ( 'NONE', #3646, #5673, #2045 ) ;
#6931 = AXIS2_PLACEMENT_3D ( 'NONE', #6413, #9308, #6808 ) ;
#6932 = DIRECTION ( 'NONE',  ( -0.000000000000000000, 1.000000000000000000, -0.000000000000000000 ) ) ;
#6933 = DIRECTION ( 'NONE',  ( 0.000000000000000000, 0.000000000000000000, -1.000000000000000000 ) ) ;
#6934 = EDGE_CURVE ( 'NONE', #2962, #7742, #1554, .T. ) ;
#6935 = VECTOR ( 'NONE', #63, 1000.000000000000000 ) ;
#6936 = ITEM_DEFINED_TRANSFORMATION ( 'NONE', 'NONE', #726,  #4988 ) ;
#6937 = CARTESIAN_POINT ( 'NONE',  ( -1.847784196209499852, 2.399999999999999911, -1.870508579173199903 ) ) ;
#6938 = VECTOR ( 'NONE', #1160, 1000.000000000000114 ) ;
#6939 = ORIENTED_EDGE ( 'NONE', *, *, #7914, .T. ) ;
#6940 = ORIENTED_EDGE ( 'NONE', *, *, #3272, .T. ) ;
#6941 = ADVANCED_FACE ( 'NONE', ( #4461 ), #4279, .F. ) ;
#6942 = CARTESIAN_POINT ( 'NONE',  ( -1.419999999999999929, 2.100000000000000089, 0.6500000000000001332 ) ) ;
#6943 = AXIS2_PLACEMENT_3D ( 'NONE', #9106, #9152, #8390 ) ;
#6944 = AXIS2_PLACEMENT_3D ( 'NONE', #5782, #2192, #5012 ) ;
#6945 = LINE ( 'NONE', #390, #8672 ) ;
#6946 = CARTESIAN_POINT ( 'NONE',  ( -0.4400000000000000022, 0.6460721337625500160, -3.405725418007999661 ) ) ;
#6947 = VECTOR ( 'NONE', #3124, 1000.000000000000000 ) ;
#6948 = CARTESIAN_POINT ( 'NONE',  ( 0.8299999999999999600, -0.1000000000000000056, -3.600481571814099890 ) ) ;
#6949 = VERTEX_POINT ( 'NONE', #843 ) ;
#6950 = DIRECTION ( 'NONE',  ( 0.000000000000000000, 0.000000000000000000, -1.000000000000000000 ) ) ;
#6951 = EDGE_LOOP ( 'NONE', ( #4041, #1265, #438, #6928 ) ) ;
#6952 = ORIENTED_EDGE ( 'NONE', *, *, #8253, .F. ) ;
#6953 = CARTESIAN_POINT ( 'NONE',  ( -0.8499999999999999778, 2.399999999999999911, 2.200000000000000178 ) ) ;
#6954 = CIRCLE ( 'NONE', #8017, 0.2500000000000520139 ) ;
#6955 = CARTESIAN_POINT ( 'NONE',  ( 2.100000000000000089, 0.6460721337625500160, 3.405725418007999661 ) ) ;
#6956 = DIRECTION ( 'NONE',  ( -1.000000000000000000, 0.000000000000000000, 0.000000000000000000 ) ) ;
#6957 = DIRECTION ( 'NONE',  ( 0.000000000000000000, 1.000000000000000000, 0.000000000000000000 ) ) ;
#6958 = FACE_OUTER_BOUND ( 'NONE', #8186, .T. ) ;
#6959 = ORIENTED_EDGE ( 'NONE', *, *, #8189, .T. ) ;
#6960 = ORIENTED_EDGE ( 'NONE', *, *, #5780, .T. ) ;
#6961 = DIRECTION ( 'NONE',  ( -1.000000000000000000, 0.000000000000000000, 0.000000000000000000 ) ) ;
#6962 = ORIENTED_EDGE ( 'NONE', *, *, #2227, .F. ) ;
#6963 = ORIENTED_EDGE ( 'NONE', *, *, #2539, .T. ) ;
#6964 = CIRCLE ( 'NONE', #4048, 0.05000000000000012768 ) ;
#6965 = B_SPLINE_CURVE_WITH_KNOTS ( 'NONE', 3,
 ( #8469, #5466, #4024, #9185, #6200, #1837, #2546, #5417 ),
 .UNSPECIFIED., .F., .F.,
 ( 4, 2, 2, 4 ),
 ( 3.420864917091225088, 3.743745932914592789, 4.066626948737960490, 4.712388980384689674 ),
 .UNSPECIFIED. ) ;
#6966 = LINE ( 'NONE', #2030, #9110 ) ;
#6967 = LINE ( 'NONE', #7781, #1805 ) ;
#6968 = EDGE_CURVE ( 'NONE', #3639, #7411, #5697, .T. ) ;
#6969 = DIRECTION ( 'NONE',  ( -0.000000000000000000, 1.000000000000000000, -0.000000000000000000 ) ) ;
#6970 = VECTOR ( 'NONE', #8218, 1000.000000000000000 ) ;
#6971 = DIRECTION ( 'NONE',  ( 0.000000000000000000, -0.9828721869343112205, -0.1842885350502417308 ) ) ;
#6972 = ORIENTED_EDGE ( 'NONE', *, *, #960, .T. ) ;
#6973 = ORIENTED_EDGE ( 'NONE', *, *, #7656, .T. ) ;
#6974 = CARTESIAN_POINT ( 'NONE',  ( 1.020000000000000018, 1.750000000000000000, -0.6500000000000001332 ) ) ;
#6975 = ORIENTED_EDGE ( 'NONE', *, *, #6684, .T. ) ;
#6976 = CARTESIAN_POINT ( 'NONE',  ( 1.699999999999999956, 0.6184288535050199709, 3.258294589967800636 ) ) ;
#6977 = CARTESIAN_POINT ( 'NONE',  ( 1.119999999999999885, 2.399999999999999911, 1.500000000000000000 ) ) ;
#6978 = ADVANCED_FACE ( 'NONE', ( #4322 ), #7255, .T. ) ;
#6979 = EDGE_CURVE ( 'NONE', #6297, #4413, #6015, .T. ) ;
#6980 = B_SPLINE_CURVE_WITH_KNOTS ( 'NONE', 3,
 ( #1928, #7722, #1259, #4118 ),
 .UNSPECIFIED., .F., .F.,
 ( 4, 4 ),
 ( 3.927051630884013989, 4.712388980384606185 ),
 .UNSPECIFIED. ) ;
#6981 = CONTEXT_DEPENDENT_SHAPE_REPRESENTATION ( #5826, #963 ) ;
#6982 = DIRECTION ( 'NONE',  ( 1.000000000000000000, 0.000000000000000000, 0.000000000000000000 ) ) ;
#6983 = AXIS2_PLACEMENT_3D ( 'NONE', #4740, #6906, #3255 ) ;
#6984 = ORIENTED_EDGE ( 'NONE', *, *, #4799, .F. ) ;
#6985 = EDGE_LOOP ( 'NONE', ( #9341, #1529, #5292, #3560, #2314 ) ) ;
#6986 = EDGE_CURVE ( 'NONE', #6436, #7742, #8157, .T. ) ;
#6987 = DIRECTION ( 'NONE',  ( -1.000000000000000000, 0.000000000000000000, 0.000000000000000000 ) ) ;
#6988 = VECTOR ( 'NONE', #2225, 1000.000000000000000 ) ;
#6989 = EDGE_CURVE ( 'NONE', #2436, #1457, #4561, .T. ) ;
#6990 = B_SPLINE_CURVE_WITH_KNOTS ( 'NONE', 3,
 ( #4228, #7295, #6545, #4270 ),
 .UNSPECIFIED., .F., .F.,
 ( 4, 4 ),
 ( 4.381335225203040196, 4.712388980384893067 ),
 .UNSPECIFIED. ) ;
#6991 = FACE_OUTER_BOUND ( 'NONE', #6638, .T. ) ;
#6992 = CARTESIAN_POINT ( 'NONE',  ( -2.109999999999999876, 0.8499999999999999778, -3.160007371274399901 ) ) ;
#6993 = CARTESIAN_POINT ( 'NONE',  ( 0.8299999999999999600, 0.8499999999999999778, 2.600000000000000533 ) ) ;
#6994 = ORIENTED_EDGE ( 'NONE', *, *, #1295, .T. ) ;
#6995 = CARTESIAN_POINT ( 'NONE',  ( -1.824999999999999956, 2.419999999999999929, -2.149999999999999911 ) ) ;
#6996 = AXIS2_PLACEMENT_3D ( 'NONE', #2653, #3462, #3502 ) ;
#6997 = FACE_OUTER_BOUND ( 'NONE', #2299, .T. ) ;
#6998 = VERTEX_POINT ( 'NONE', #8857 ) ;
#6999 = ORIENTED_EDGE ( 'NONE', *, *, #3943, .T. ) ;
#7000 = DIRECTION ( 'NONE',  ( 0.000000000000000000, 1.000000000000000000, 0.000000000000000000 ) ) ;
#7001 = VECTOR ( 'NONE', #4147, 1000.000000000000000 ) ;
#7002 = CARTESIAN_POINT ( 'NONE',  ( -1.709999999999999964, 0.5999999999999480194, 3.160007371274379917 ) ) ;
#7003 = FACE_OUTER_BOUND ( 'NONE', #5075, .T. ) ;
#7004 = CYLINDRICAL_SURFACE ( 'NONE', #4608, 0.09999999999993564037 ) ;
#7005 = LINE ( 'NONE', #9102, #6174 ) ;
#7006 = ORIENTED_EDGE ( 'NONE', *, *, #431, .T. ) ;
#7007 = ORIENTED_EDGE ( 'NONE', *, *, #3457, .T. ) ;
#7008 = LINE ( 'NONE', #498, #1901 ) ;
#7009 = ORIENTED_EDGE ( 'NONE', *, *, #1198, .T. ) ;
#7011 = ORIENTED_EDGE ( 'NONE', *, *, #1153, .T. ) ;
#7010 = VECTOR ( 'NONE', #3522, 1000.000000000000000 ) ;
#7012 = CARTESIAN_POINT ( 'NONE',  ( -2.399999999999999911, 0.6999999999999999556, -2.649999999999999911 ) ) ;
#7013 = CARTESIAN_POINT ( 'NONE',  ( -0.4400000000000000022, 0.8499999999999999778, 3.160007371274399901 ) ) ;
#7014 = CARTESIAN_POINT ( 'NONE',  ( -3.110390102969800008, 2.311684124756699710, -2.312229355600900149 ) ) ;
#7015 = CARTESIAN_POINT ( 'NONE',  ( -1.419999999999999929, 1.750000000000000000, 0.6500000000000001332 ) ) ;
#7016 = EDGE_LOOP ( 'NONE', ( #6829, #3494, #8463, #4680 ) ) ;
#7017 = ORIENTED_EDGE ( 'NONE', *, *, #7668, .T. ) ;
#7018 = CARTESIAN_POINT ( 'NONE',  ( 3.300000000000034905, 0.6999999999999999556, 2.504661987654900113 ) ) ;
#7019 = ORIENTED_EDGE ( 'NONE', *, *, #8431, .F. ) ;
#7020 = EDGE_CURVE ( 'NONE', #7411, #8924, #6920, .T. ) ;
#7021 = CARTESIAN_POINT ( 'NONE',  ( 2.100000000000000089, 0.1039278662374499979, -3.354763525080500131 ) ) ;
#7022 = CYLINDRICAL_SURFACE ( 'NONE', #1949, 0.1000000000000162009 ) ;
#7023 = FACE_OUTER_BOUND ( 'NONE', #7590, .T. ) ;
#7024 = VERTEX_POINT ( 'NONE', #4663 ) ;
#7025 = VERTEX_POINT ( 'NONE', #8296 ) ;
#7026 = LINE ( 'NONE', #472, #7731 ) ;
#7027 = EDGE_CURVE ( 'NONE', #1193, #3694, #7540, .T. ) ;
#7028 = EDGE_CURVE ( 'NONE', #6998, #4713, #6783, .T. ) ;
#7029 = PLANE ( 'NONE',  #4246 ) ;
#7030 = CARTESIAN_POINT ( 'NONE',  ( -1.419999999999999929, 2.399999999999999911, 1.500000000000000000 ) ) ;
#7031 = LINE ( 'NONE', #1916, #2342 ) ;
#7032 = B_SPLINE_CURVE_WITH_KNOTS ( 'NONE', 3,
 ( #1342, #5107, #5011, #3571 ),
 .UNSPECIFIED., .F., .F.,
 ( 4, 4 ),
 ( 2.499620278239041760, 3.099924318280067315 ),
 .UNSPECIFIED. ) ;
#7033 = ADVANCED_FACE ( 'NONE', ( #1754 ), #8914, .F. ) ;
#7034 = CARTESIAN_POINT ( 'NONE',  ( -3.070048994552400323, 0.07243626441829999207, 2.470048994552399790 ) ) ;
#7035 = FACE_OUTER_BOUND ( 'NONE', #7063, .T. ) ;
#7036 = DIRECTION ( 'NONE',  ( 1.000000000000000000, 0.000000000000000000, 0.000000000000000000 ) ) ;
#7037 = DIRECTION ( 'NONE',  ( 0.000000000000000000, 0.000000000000000000, 1.000000000000000000 ) ) ;
#7038 = ORIENTED_EDGE ( 'NONE', *, *, #6478, .F. ) ;
#7039 = EDGE_LOOP ( 'NONE', ( #678, #1549, #2538, #8439, #5565 ) ) ;
#7040 = ADVANCED_FACE ( 'NONE', ( #989 ), #7591, .F. ) ;
#7041 = LINE ( 'NONE', #4161, #8498 ) ;
#7042 = B_SPLINE_CURVE_WITH_KNOTS ( 'NONE', 3,
 ( #940, #7450, #8208, #3079 ),
 .UNSPECIFIED., .F., .F.,
 ( 4, 4 ),
 ( 5.449686512113713022, 5.501120891827266490 ),
 .UNSPECIFIED. ) ;
#7043 = CARTESIAN_POINT ( 'NONE',  ( -0.8400000000000001910, 0.5999999999999870992, -3.160007371274350163 ) ) ;
#7044 = DIRECTION ( 'NONE',  ( -1.000000000000000000, 0.000000000000000000, 0.000000000000000000 ) ) ;
#7045 = PLANE ( 'NONE',  #7067 ) ;
#7046 = DIRECTION ( 'NONE',  ( 0.000000000000000000, 0.000000000000000000, 1.000000000000000000 ) ) ;
#7047 = EDGE_CURVE ( 'NONE', #6449, #2962, #2317, .T. ) ;
#7048 = ORIENTED_EDGE ( 'NONE', *, *, #6923, .F. ) ;
#7049 = CARTESIAN_POINT ( 'NONE',  ( -0.3499999999999999778, 0.05000000000000000278, 0.6500000000000001332 ) ) ;
#7050 = VERTEX_POINT ( 'NONE', #2420 ) ;
#7051 = ORIENTED_EDGE ( 'NONE', *, *, #2186, .F. ) ;
#7053 = AXIS2_PLACEMENT_3D ( 'NONE', #2353, #1023, #5995 ) ;
#7052 = PRODUCT_DEFINITION_SHAPE ( 'NONE', 'NONE',  #9458 ) ;
#7054 = LINE ( 'NONE', #7780, #6221 ) ;
#7055 = PLANE ( 'NONE',  #6996 ) ;
#7056 = CARTESIAN_POINT ( 'NONE',  ( -0.8500000000000690337, 2.419999999999999929, 1.849999999999930367 ) ) ;
#7057 = VECTOR ( 'NONE', #6698, 1000.000000000000000 ) ;
#7058 = FACE_OUTER_BOUND ( 'NONE', #6985, .T. ) ;
#7059 = ORIENTED_EDGE ( 'NONE', *, *, #6573, .T. ) ;
#7060 = ORIENTED_EDGE ( 'NONE', *, *, #1372, .T. ) ;
#7061 = CIRCLE ( 'NONE', #6758, 0.05000000000000002359 ) ;
#7062 = PLANE ( 'NONE',  #1255 ) ;
#7063 = EDGE_LOOP ( 'NONE', ( #94, #3277, #3198, #1918, #5900, #784, #5816, #934, #5912, #6205, #6591, #6600 ) ) ;
#7064 = ORIENTED_EDGE ( 'NONE', *, *, #5160, .T. ) ;
#7065 = CARTESIAN_POINT ( 'NONE',  ( 0.8299999999999999600, 0.6999999999999999556, 3.160007371274399901 ) ) ;
#7066 = VECTOR ( 'NONE', #8957, 1000.000000000000000 ) ;
#7067 = AXIS2_PLACEMENT_3D ( 'NONE', #492, #6957, #358 ) ;
#7068 = DIRECTION ( 'NONE',  ( 0.000000000000000000, -0.9828721869343458595, -0.1842885350500574615 ) ) ;
#7069 = FACE_OUTER_BOUND ( 'NONE', #8906, .T. ) ;
#7070 = DIRECTION ( 'NONE',  ( 0.000000000000000000, 0.000000000000000000, -1.000000000000000000 ) ) ;
#7071 = EDGE_CURVE ( 'NONE', #4567, #3937, #1085, .T. ) ;
#7072 = DIRECTION ( 'NONE',  ( 0.000000000000000000, -0.1176388318060441057, 0.9930564461556601330 ) ) ;
#7073 = ORIENTED_EDGE ( 'NONE', *, *, #6756, .F. ) ;
#7074 = VECTOR ( 'NONE', #169, 1000.000000000000000 ) ;
#7075 = PLANE ( 'NONE',  #8412 ) ;
#7076 = VECTOR ( 'NONE', #2717, 1000.000000000000000 ) ;
#7077 = CARTESIAN_POINT ( 'NONE',  ( -2.374999999999964917, 2.399999999999999911, -1.950000000000035039 ) ) ;
#7078 = AXIS2_PLACEMENT_3D ( 'NONE', #4408, #7335, #5907 ) ;
#7079 = CIRCLE ( 'NONE', #7703, 0.1000000000000174083 ) ;
#7080 = CARTESIAN_POINT ( 'NONE',  ( -0.5500000000000000444, 2.399999999999999911, 2.149999999999999911 ) ) ;
#7081 = EDGE_CURVE ( 'NONE', #3323, #9140, #3985, .T. ) ;
#7082 = EDGE_CURVE ( 'NONE', #4901, #4615, #3519, .T. ) ;
#7083 = CARTESIAN_POINT ( 'NONE',  ( 0.8300000000000000711, 0.8499999999999999778, -2.649999999999999911 ) ) ;
#7084 = CARTESIAN_POINT ( 'NONE',  ( -1.550000000000000266, 2.419999999999999929, 2.000000000000000000 ) ) ;
#7085 = VERTEX_POINT ( 'NONE', #4605 ) ;
#7086 = DIRECTION ( 'NONE',  ( -0.000000000000000000, 1.000000000000000000, -0.000000000000000000 ) ) ;
#7087 = DIRECTION ( 'NONE',  ( 0.000000000000000000, 0.000000000000000000, -1.000000000000000000 ) ) ;
#7088 = ORIENTED_EDGE ( 'NONE', *, *, #7276, .T. ) ;
#7089 = DIRECTION ( 'NONE',  ( 0.000000000000000000, 1.000000000000000000, 7.979727989491668017E-14 ) ) ;
#7090 = VECTOR ( 'NONE', #299, 1000.000000000000000 ) ;
#7091 = ORIENTED_EDGE ( 'NONE', *, *, #6113, .T. ) ;
#7092 = AXIS2_PLACEMENT_3D ( 'NONE', #9415, #1386, #5155 ) ;
#7093 = EDGE_CURVE ( 'NONE', #4124, #241, #3890, .T. ) ;
#7094 = DIRECTION ( 'NONE',  ( 1.000000000000000000, 0.000000000000000000, 0.000000000000000000 ) ) ;
#7095 = AXIS2_PLACEMENT_3D ( 'NONE', #9176, #1476, #1203 ) ;
#7096 = DIRECTION ( 'NONE',  ( 1.000000000000000000, 0.000000000000000000, 0.000000000000000000 ) ) ;
#7097 = CARTESIAN_POINT ( 'NONE',  ( 0.4000000000000000222, 2.419999999999999929, 2.200000000000000178 ) ) ;
#7098 = EDGE_CURVE ( 'NONE', #128, #7437, #275, .T. ) ;
#7099 = EDGE_CURVE ( 'NONE', #1079, #1703, #3217, .T. ) ;
#7100 = DIRECTION ( 'NONE',  ( 0.000000000000000000, 0.1842885350502414255, 0.9828721869343114426 ) ) ;
#7101 = VECTOR ( 'NONE', #3389, 1000.000000000000114 ) ;
#7102 = LINE ( 'NONE', #9047, #7229 ) ;
#7103 = CARTESIAN_POINT ( 'NONE',  ( -2.149999999999999911, 2.399999999999999911, 2.000000000000000000 ) ) ;
#7104 = ORIENTED_EDGE ( 'NONE', *, *, #9120, .T. ) ;
#7105 = ORIENTED_EDGE ( 'NONE', *, *, #3913, .T. ) ;
#7106 = CARTESIAN_POINT ( 'NONE',  ( -0.6499999999999139799, 2.419999999999999929, 1.849999999999915046 ) ) ;
#7107 = ORIENTED_EDGE ( 'NONE', *, *, #6696, .T. ) ;
#7108 = ORIENTED_EDGE ( 'NONE', *, *, #1072, .F. ) ;
#7109 = CARTESIAN_POINT ( 'NONE',  ( -0.2999999999999999889, 2.399999999999999911, 1.800000000000000266 ) ) ;
#7110 = EDGE_CURVE ( 'NONE', #3464, #7931, #6875, .T. ) ;
#7111 = FACE_OUTER_BOUND ( 'NONE', #3143, .T. ) ;
#7112 = PLANE ( 'NONE',  #7978 ) ;
#7113 = DIRECTION ( 'NONE',  ( -1.000000000000000000, 0.000000000000000000, 0.000000000000000000 ) ) ;
#7114 = EDGE_CURVE ( 'NONE', #5798, #4285, #7446, .T. ) ;
#7115 = ORIENTED_EDGE ( 'NONE', *, *, #3172, .T. ) ;
#7116 = ORIENTED_EDGE ( 'NONE', *, *, #3476, .T. ) ;
#7117 = VECTOR ( 'NONE', #1822, 1000.000000000000114 ) ;
#7118 = LINE ( 'NONE', #463, #665 ) ;
#7119 = VERTEX_POINT ( 'NONE', #3841 ) ;
#7120 = ORIENTED_EDGE ( 'NONE', *, *, #6410, .T. ) ;
#7121 = DIRECTION ( 'NONE',  ( 1.000000000000000000, 0.000000000000000000, 0.000000000000000000 ) ) ;
#7122 = CIRCLE ( 'NONE', #2520, 0.09999999999991363020 ) ;
#7123 = CARTESIAN_POINT ( 'NONE',  ( 1.489999999999999991, 2.399999999999999911, 1.500000000000000000 ) ) ;
#7124 = CARTESIAN_POINT ( 'NONE',  ( -2.634705882352942119, 2.100000000000000089, 2.535294117647058254 ) ) ;
#7125 = DIRECTION ( 'NONE',  ( 0.000000000000000000, 0.1842885350502921904, -0.9828721869343018946 ) ) ;
#7126 = ORIENTED_EDGE ( 'NONE', *, *, #3410, .T. ) ;
#7127 = CARTESIAN_POINT ( 'NONE',  ( -2.109999999999999876, -0.1000000000000000056, -4.000000000000000000 ) ) ;
#7128 = CARTESIAN_POINT ( 'NONE',  ( -0.8400000000000001910, 0.6184288535050199709, -3.258294589967800636 ) ) ;
#7129 = AXIS2_PLACEMENT_3D ( 'NONE', #3088, #7552, #6125 ) ;
#7130 = VECTOR ( 'NONE', #5757, 1000.000000000000000 ) ;
#7131 = DIRECTION ( 'NONE',  ( 1.000000000000000000, 0.000000000000000000, 0.000000000000000000 ) ) ;
#7132 = DIRECTION ( 'NONE',  ( -1.000000000000000000, 0.000000000000000000, 0.000000000000000000 ) ) ;
#7133 = DIRECTION ( 'NONE',  ( 1.000000000000000000, 0.000000000000000000, 0.000000000000000000 ) ) ;
#7134 = ORIENTED_EDGE ( 'NONE', *, *, #5085, .T. ) ;
#7135 = CARTESIAN_POINT ( 'NONE',  ( -2.225000000000000089, 2.399999999999999911, -1.750000000000000000 ) ) ;
#7136 = VERTEX_POINT ( 'NONE', #6066 ) ;
#7137 = FACE_BOUND ( 'NONE', #6723, .T. ) ;
#7138 = ORIENTED_EDGE ( 'NONE', *, *, #2235, .F. ) ;
#7139 = AXIS2_PLACEMENT_3D ( 'NONE', #3204, #6819, #1791 ) ;
#7140 = ADVANCED_FACE ( 'NONE', ( #7111 ), #5660, .T. ) ;
#7141 = CARTESIAN_POINT ( 'NONE',  ( -0.4400000000000000022, 0.6460721337625500160, 3.405725418007999661 ) ) ;
#7142 = DIRECTION ( 'NONE',  ( 0.000000000000000000, 0.000000000000000000, -1.000000000000000000 ) ) ;
#7143 = CARTESIAN_POINT ( 'NONE',  ( -0.9499999999999999556, 2.419999999999999929, 2.200000000000000178 ) ) ;
#7144 = DIRECTION ( 'NONE',  ( -1.000000000000000000, 0.000000000000000000, 0.000000000000000000 ) ) ;
#7145 = VECTOR ( 'NONE', #1905, 1000.000000000000000 ) ;
#7146 = CARTESIAN_POINT ( 'NONE',  ( -0.1499999999999999944, 1.750000000000000000, 0.6500000000000001332 ) ) ;
#7147 = ORIENTED_EDGE ( 'NONE', *, *, #6572, .T. ) ;
#7148 = CARTESIAN_POINT ( 'NONE',  ( -3.119229896620616671, 2.100000000000000533, 2.432049745305935318 ) ) ;
#7149 = EDGE_LOOP ( 'NONE', ( #8046, #4297, #91, #2456, #5716, #140, #5318, #7389, #1695, #7009, #9190, #3239, #4954, #5324, #6341, #6264 ) ) ;
#7150 = ORIENTED_EDGE ( 'NONE', *, *, #2827, .T. ) ;
#7151 = ADVANCED_FACE ( 'NONE', ( #4803 ), #6298, .F. ) ;
#7152 = EDGE_CURVE ( 'NONE', #396, #745, #6966, .T. ) ;
#7153 = VECTOR ( 'NONE', #5467, 1000.000000000000000 ) ;
#7154 = DIRECTION ( 'NONE',  ( -1.000000000000000000, 0.000000000000000000, -1.548240702311686554E-12 ) ) ;
#7155 = CARTESIAN_POINT ( 'NONE',  ( -0.5500000000000000444, 2.419999999999999929, 1.850000000000000089 ) ) ;
#7156 = VERTEX_POINT ( 'NONE', #4753 ) ;
#7157 = VERTEX_POINT ( 'NONE', #8527 ) ;
#7158 = VECTOR ( 'NONE', #6481, 1000.000000000000114 ) ;
#7159 = DIRECTION ( 'NONE',  ( 0.000000000000000000, 0.000000000000000000, 1.000000000000000000 ) ) ;
#7160 = EDGE_CURVE ( 'NONE', #154, #9140, #5519, .T. ) ;
#7161 = VERTEX_POINT ( 'NONE', #5569 ) ;
#7162 = ORIENTED_EDGE ( 'NONE', *, *, #8833, .T. ) ;
#7163 = DIRECTION ( 'NONE',  ( -1.000000000000000000, 0.000000000000000000, 0.000000000000000000 ) ) ;
#7164 = DIRECTION ( 'NONE',  ( 0.000000000000000000, 0.000000000000000000, -1.000000000000000000 ) ) ;
#7165 = CARTESIAN_POINT ( 'NONE',  ( 3.135294117647060119, 2.100000000000000089, -2.034705882352939810 ) ) ;
#7166 = ORIENTED_EDGE ( 'NONE', *, *, #7726, .F. ) ;
#7167 = EDGE_CURVE ( 'NONE', #2385, #9162, #7054, .T. ) ;
#7168 = EDGE_LOOP ( 'NONE', ( #3743, #8340, #526, #9205 ) ) ;
#7169 = CARTESIAN_POINT ( 'NONE',  ( 2.200000000000000178, 0.1499999999999999944, 1.699999999999999956 ) ) ;
#7170 = LINE ( 'NONE', #711, #953 ) ;
#7171 = EDGE_CURVE ( 'NONE', #4409, #3602, #9198, .T. ) ;
#7172 = CARTESIAN_POINT ( 'NONE',  ( -3.135294117647060119, 2.100000000000000089, 2.034705882352940254 ) ) ;
#7173 = CARTESIAN_POINT ( 'NONE',  ( 3.300000000000034461, 0.7000000000000000666, 2.504661987654901889 ) ) ;
#7174 = DIRECTION ( 'NONE',  ( 0.000000000000000000, -1.000000000000000000, -6.071532165917839070E-14 ) ) ;
#7175 = DIRECTION ( 'NONE',  ( 0.000000000000000000, 0.1842885350502921904, -0.9828721869343018946 ) ) ;
#7176 = ORIENTED_EDGE ( 'NONE', *, *, #4152, .T. ) ;
#7177 = CARTESIAN_POINT ( 'NONE',  ( 2.100000000000000089, 0.8499999999999999778, 2.649999999999999911 ) ) ;
#7178 = CARTESIAN_POINT ( 'NONE',  ( -2.399999999999999467, 0.6999999999999999556, -2.700000000000000178 ) ) ;
#7179 = ORIENTED_EDGE ( 'NONE', *, *, #6653, .F. ) ;
#7180 = FACE_BOUND ( 'NONE', #3113, .T. ) ;
#7181 = ORIENTED_EDGE ( 'NONE', *, *, #8835, .F. ) ;
#7182 = LINE ( 'NONE', #6714, #8194 ) ;
#7183 = LINE ( 'NONE', #2152, #3241 ) ;
#7184 = CARTESIAN_POINT ( 'NONE',  ( -3.135294117647060119, 2.100000000000000089, 2.034705882352939810 ) ) ;
#7185 = CARTESIAN_POINT ( 'NONE',  ( 2.050000000000000266, 2.419999999999999929, 1.949999999999999956 ) ) ;
#7186 = CARTESIAN_POINT ( 'NONE',  ( 2.979433574968619602, 2.357402489186067651, 2.493408584641866543 ) ) ;
#7187 = DIRECTION ( 'NONE',  ( 1.000000000000000000, -0.000000000000000000, -0.000000000000000000 ) ) ;
#7188 = ORIENTED_EDGE ( 'NONE', *, *, #89, .F. ) ;
#7189 = ADVANCED_FACE ( 'NONE', ( #3362 ), #8479, .T. ) ;
#7190 = ORIENTED_EDGE ( 'NONE', *, *, #2270, .T. ) ;
#7191 = FACE_OUTER_BOUND ( 'NONE', #7284, .T. ) ;
#7192 = ORIENTED_EDGE ( 'NONE', *, *, #2885, .F. ) ;
#7193 = VERTEX_POINT ( 'NONE', #457 ) ;
#7194 = LINE ( 'NONE', #5801, #5742 ) ;
#7195 = FACE_OUTER_BOUND ( 'NONE', #8023, .T. ) ;
#7196 = PLANE ( 'NONE',  #5927 ) ;
#7197 = LINE ( 'NONE', #645, #3533 ) ;
#7198 = ORIENTED_EDGE ( 'NONE', *, *, #6625, .F. ) ;
#7199 = EDGE_CURVE ( 'NONE', #502, #1989, #9260, .T. ) ;
#7200 = ORIENTED_EDGE ( 'NONE', *, *, #2959, .F. ) ;
#7201 = ADVANCED_FACE ( 'NONE', ( #7820 ), #4845, .T. ) ;
#7202 = EDGE_LOOP ( 'NONE', ( #3815, #8970, #2014, #7933 ) ) ;
#7203 = VECTOR ( 'NONE', #9408, 1000.000000000000114 ) ;
#7204 = ORIENTED_EDGE ( 'NONE', *, *, #4741, .F. ) ;
#7205 = CARTESIAN_POINT ( 'NONE',  ( -2.994006799475377623, -3.118881190908739453E-15, -2.394006799475377978 ) ) ;
#7206 = EDGE_CURVE ( 'NONE', #6063, #3465, #1175, .T. ) ;
#7207 = DIRECTION ( 'NONE',  ( -0.000000000000000000, 1.000000000000000000, -0.000000000000000000 ) ) ;
#7208 = VECTOR ( 'NONE', #8935, 1000.000000000000000 ) ;
#7209 = PLANE ( 'NONE',  #4190 ) ;
#7210 = ORIENTED_EDGE ( 'NONE', *, *, #1662, .F. ) ;
#7211 = EDGE_CURVE ( 'NONE', #3107, #6567, #5618, .T. ) ;
#7212 = DIRECTION ( 'NONE',  ( 0.000000000000000000, 0.000000000000000000, -1.000000000000000000 ) ) ;
#7213 = ORIENTED_EDGE ( 'NONE', *, *, #1400, .T. ) ;
#7214 = CARTESIAN_POINT ( 'NONE',  ( 0.7500000000000000000, 2.419999999999999929, 2.200000000000000178 ) ) ;
#7215 = CARTESIAN_POINT ( 'NONE',  ( -0.3010495520008157344, 0.6010495520008147796, 0.6403718041912730419 ) ) ;
#7216 = AXIS2_PLACEMENT_3D ( 'NONE', #8545, #5678, #3431 ) ;
#7217 = VECTOR ( 'NONE', #1179, 1000.000000000000114 ) ;
#7218 = ADVANCED_FACE ( 'NONE', ( #1270 ), #8432, .T. ) ;
#7219 = AXIS2_PLACEMENT_3D ( 'NONE', #7002, #1165, #4650 ) ;
#7220 = CARTESIAN_POINT ( 'NONE',  ( -2.149999999999999911, 2.419999999999999929, 2.050000000000000266 ) ) ;
#7221 = PLANE ( 'NONE',  #6944 ) ;
#7222 = AXIS2_PLACEMENT_3D ( 'NONE', #6759, #201, #3676 ) ;
#7223 = EDGE_CURVE ( 'NONE', #3070, #455, #4057, .T. ) ;
#7224 = DIRECTION ( 'NONE',  ( -0.000000000000000000, 1.000000000000000000, -0.000000000000000000 ) ) ;
#7225 = FACE_OUTER_BOUND ( 'NONE', #9126, .T. ) ;
#7226 = EDGE_LOOP ( 'NONE', ( #4854, #663, #6059, #702 ) ) ;
#7227 = ORIENTED_EDGE ( 'NONE', *, *, #3183, .T. ) ;
#7228 = CARTESIAN_POINT ( 'NONE',  ( -2.225000000000000089, 2.399999999999999911, -2.250000000000000444 ) ) ;
#7229 = VECTOR ( 'NONE', #2501, 1000.000000000000000 ) ;
#7230 = AXIS2_PLACEMENT_3D ( 'NONE', #7598, #377, #8399 ) ;
#7231 = LINE ( 'NONE', #1493, #6535 ) ;
#7232 = CARTESIAN_POINT ( 'NONE',  ( -1.550000000000000266, 2.419999999999999929, 2.050000000000000266 ) ) ;
#7233 = LINE ( 'NONE', #9429, #1052 ) ;
#7234 = CARTESIAN_POINT ( 'NONE',  ( 3.235470540548374796, 0.6999999999999999556, -2.649999999999999911 ) ) ;
#7235 = DIRECTION ( 'NONE',  ( -1.000000000000000000, 0.000000000000000000, 0.000000000000000000 ) ) ;
#7236 = VECTOR ( 'NONE', #7324, 1000.000000000000000 ) ;
#7237 = ORIENTED_EDGE ( 'NONE', *, *, #2882, .T. ) ;
#7238 = CIRCLE ( 'NONE', #981, 0.09999999999984543475 ) ;
#7239 = CARTESIAN_POINT ( 'NONE',  ( -0.8400000000000001910, -0.1000000000000000056, 4.000000000000000000 ) ) ;
#7240 = ORIENTED_EDGE ( 'NONE', *, *, #4154, .F. ) ;
#7241 = ORIENTED_EDGE ( 'NONE', *, *, #2248, .F. ) ;
#7242 = VECTOR ( 'NONE', #4614, 1000.000000000000000 ) ;
#7243 = LINE ( 'NONE', #779, #408 ) ;
#7244 = CIRCLE ( 'NONE', #3109, 0.09999999999984522658 ) ;
#7245 = DIRECTION ( 'NONE',  ( 0.000000000000000000, 0.000000000000000000, -1.000000000000000000 ) ) ;
#7246 = DIRECTION ( 'NONE',  ( 0.000000000000000000, 0.000000000000000000, 1.000000000000000000 ) ) ;
#7247 = B_SPLINE_CURVE_WITH_KNOTS ( 'NONE', 3,
 ( #4710, #3265, #1172, #5423 ),
 .UNSPECIFIED., .F., .F.,
 ( 4, 4 ),
 ( 3.203412716645121172, 3.923554196274196215 ),
 .UNSPECIFIED. ) ;
#7248 = EDGE_LOOP ( 'NONE', ( #3289, #3793, #6132, #3922 ) ) ;
#7249 = VERTEX_POINT ( 'NONE', #7012 ) ;
#7250 = DIRECTION ( 'NONE',  ( 0.000000000000000000, -1.000000000000000000, 5.507747036225403270E-13 ) ) ;
#7251 = VERTEX_POINT ( 'NONE', #9155 ) ;
#7252 = VERTEX_POINT ( 'NONE', #2602 ) ;
#7253 = VECTOR ( 'NONE', #2886, 1000.000000000000114 ) ;
#7254 = ADVANCED_FACE ( 'NONE', ( #7870 ), #1321, .T. ) ;
#7255 = CYLINDRICAL_SURFACE ( 'NONE', #8030, 0.09999999999993065825 ) ;
#7256 = DIRECTION ( 'NONE',  ( 0.000000000000000000, -1.000000000000000000, 5.507747036225403270E-13 ) ) ;
#7257 = CIRCLE ( 'NONE', #9082, 0.05000000000000002359 ) ;
#7258 = CARTESIAN_POINT ( 'NONE',  ( 0.8299999999999999600, -0.1000000000000000056, -4.000000000000000000 ) ) ;
#7259 = ORIENTED_EDGE ( 'NONE', *, *, #5695, .F. ) ;
#7260 = DIRECTION ( 'NONE',  ( -1.000000000000000000, 0.000000000000000000, 0.000000000000000000 ) ) ;
#7261 = AXIS2_PLACEMENT_3D ( 'NONE', #4867, #5054, #4249 ) ;
#7262 = EDGE_CURVE ( 'NONE', #5574, #2401, #5478, .T. ) ;
#7263 = EDGE_CURVE ( 'NONE', #5689, #4278, #7330, .T. ) ;
#7264 = LINE ( 'NONE', #5972, #1319 ) ;
#7265 = DIRECTION ( 'NONE',  ( 0.000000000000000000, 1.000000000000000000, 5.507747036224909506E-13 ) ) ;
#7266 = FACE_OUTER_BOUND ( 'NONE', #9107, .T. ) ;
#7267 = VECTOR ( 'NONE', #1610, 1000.000000000000000 ) ;
#7268 = CARTESIAN_POINT ( 'NONE',  ( -0.8499999999999999778, 2.419999999999999929, 1.850000000000000089 ) ) ;
#7269 = CARTESIAN_POINT ( 'NONE',  ( -0.4400000000000000022, -0.1000000000000000056, -3.600481571814099890 ) ) ;
#7270 = ORIENTED_EDGE ( 'NONE', *, *, #2925, .F. ) ;
#7271 = CARTESIAN_POINT ( 'NONE',  ( 0.8299999999999999600, 0.7000000000000099476, -3.160007371274399901 ) ) ;
#7272 = EDGE_LOOP ( 'NONE', ( #3718, #1315, #4389, #2597, #539, #5597, #736, #5787, #2969, #8466, #2218, #664, #6686, #2629, #9079, #7984 ) ) ;
#7273 = EDGE_CURVE ( 'NONE', #9292, #3430, #7243, .T. ) ;
#7274 = FACE_BOUND ( 'NONE', #1159, .T. ) ;
#7275 = CARTESIAN_POINT ( 'NONE',  ( 0.4299999999999999933, 0.05000000000000000278, 4.000000000000000000 ) ) ;
#7276 = EDGE_CURVE ( 'NONE', #5133, #952, #3641, .T. ) ;
#7277 = AXIS2_PLACEMENT_3D ( 'NONE', #1985, #8569, #4037 ) ;
#7278 = DIRECTION ( 'NONE',  ( 0.000000000000000000, -1.000000000000000000, 0.000000000000000000 ) ) ;
#7279 = LINE ( 'NONE', #2861, #802 ) ;
#7280 = DIRECTION ( 'NONE',  ( 0.000000000000000000, -1.000000000000000000, 0.000000000000000000 ) ) ;
#7281 = CARTESIAN_POINT ( 'NONE',  ( 2.634705882352939899, 2.100000000000000089, -2.535294117647060030 ) ) ;
#7282 = CARTESIAN_POINT ( 'NONE',  ( 0.3200000000000000067, 2.100000000000000089, 0.6500000000000001332 ) ) ;
#7283 = CARTESIAN_POINT ( 'NONE',  ( -1.520000000000000018, 2.100000000000000089, -0.6500000000000001332 ) ) ;
#7284 = EDGE_LOOP ( 'NONE', ( #5528, #2243, #2565, #7664 ) ) ;
#7285 = VECTOR ( 'NONE', #6332, 1000.000000000000000 ) ;
#7286 = PLANE ( 'NONE',  #4321 ) ;
#7287 = EDGE_LOOP ( 'NONE', ( #3487, #1854, #5718, #6905 ) ) ;
#7288 = EDGE_CURVE ( 'NONE', #5357, #6303, #3595, .T. ) ;
#7289 = ORIENTED_EDGE ( 'NONE', *, *, #7, .F. ) ;
#7290 = ADVANCED_FACE ( 'NONE', ( #8666 ), #2211, .F. ) ;
#7291 = VECTOR ( 'NONE', #6518, 1000.000000000000114 ) ;
#7292 = CARTESIAN_POINT ( 'NONE',  ( -0.9499999999999999556, 2.419999999999999929, 1.850000000000000089 ) ) ;
#7293 = AXIS2_PLACEMENT_3D ( 'NONE', #4238, #2792, #5631 ) ;
#7294 = DIRECTION ( 'NONE',  ( 0.000000000000000000, 0.000000000000000000, 1.000000000000000000 ) ) ;
#7295 = CARTESIAN_POINT ( 'NONE',  ( 3.033024271779872105, 2.398197729857606930, 2.433024271779872461 ) ) ;
#7296 = ORIENTED_EDGE ( 'NONE', *, *, #9060, .T. ) ;
#7297 = VERTEX_POINT ( 'NONE', #5127 ) ;
#7299 = ORIENTED_EDGE ( 'NONE', *, *, #8072, .F. ) ;
#7298 = AXIS2_PLACEMENT_3D ( 'NONE', #5276, #9044, #8951 ) ;
#7300 = CARTESIAN_POINT ( 'NONE',  ( -0.4400000000000000022, 0.05000000000000000278, 3.600481571814099890 ) ) ;
#7301 = DIRECTION ( 'NONE',  ( 0.000000000000000000, 0.000000000000000000, -1.000000000000000000 ) ) ;
#7302 = VECTOR ( 'NONE', #4350, 1000.000000000000000 ) ;
#7303 = FACE_OUTER_BOUND ( 'NONE', #1804, .T. ) ;
#7304 = EDGE_LOOP ( 'NONE', ( #586, #2845, #701, #8525 ) ) ;
#7305 = CARTESIAN_POINT ( 'NONE',  ( -1.709999999999999964, -0.1000000000000000056, 4.000000000000000000 ) ) ;
#7306 = DIRECTION ( 'NONE',  ( 0.000000000000000000, 1.000000000000000000, 0.000000000000000000 ) ) ;
#7307 = ORIENTED_EDGE ( 'NONE', *, *, #6820, .T. ) ;
#7308 = EDGE_CURVE ( 'NONE', #9455, #6297, #7954, .T. ) ;
#7309 = SURFACE_SIDE_STYLE ('',( #8215 ) ) ;
#7310 = CARTESIAN_POINT ( 'NONE',  ( -0.4400000000000000022, 0.8499999999999999778, 2.649999999999999911 ) ) ;
#7311 = PLANE ( 'NONE',  #1660 ) ;
#7312 = CARTESIAN_POINT ( 'NONE',  ( -1.709999999999999964, 0.7000000000000099476, -2.649999999999999911 ) ) ;
#7313 = DIRECTION ( 'NONE',  ( 0.000000000000000000, 0.000000000000000000, 1.000000000000000000 ) ) ;
#7314 = ORIENTED_EDGE ( 'NONE', *, *, #5780, .F. ) ;
#7315 = ADVANCED_FACE ( 'NONE', ( #7916 ), #4445, .T. ) ;
#7316 = ADVANCED_FACE ( 'NONE', ( #2122 ), #8048, .T. ) ;
#7317 = EDGE_LOOP ( 'NONE', ( #4577, #3969, #2039, #1140 ) ) ;
#7318 = DIRECTION ( 'NONE',  ( 0.000000000000000000, 0.000000000000000000, -1.000000000000000000 ) ) ;
#7319 = CARTESIAN_POINT ( 'NONE',  ( -2.575000000000000178, 2.419999999999999929, -2.050000000000000266 ) ) ;
#7320 = EDGE_CURVE ( 'NONE', #8757, #3874, #110, .T. ) ;
#7321 = DIRECTION ( 'NONE',  ( 1.000000000000000000, 0.000000000000000000, 0.000000000000000000 ) ) ;
#7322 = LINE ( 'NONE', #4488, #6008 ) ;
#7323 = CARTESIAN_POINT ( 'NONE',  ( 1.699999999999999956, 0.8499999999999999778, -2.649999999999999911 ) ) ;
#7324 = DIRECTION ( 'NONE',  ( -1.000000000000000000, 0.000000000000000000, 0.000000000000000000 ) ) ;
#7325 = ORIENTED_EDGE ( 'NONE', *, *, #6294, .F. ) ;
#7326 = EDGE_CURVE ( 'NONE', #9282, #1814, #8622, .T. ) ;
#7327 = CARTESIAN_POINT ( 'NONE',  ( 0.8299999999999999600, -0.1000000000000000056, -4.000000000000000000 ) ) ;
#7328 = ORIENTED_EDGE ( 'NONE', *, *, #5193, .T. ) ;
#7329 = ORIENTED_EDGE ( 'NONE', *, *, #3875, .F. ) ;
#7330 = LINE ( 'NONE', #5850, #3598 ) ;
#7331 = EDGE_CURVE ( 'NONE', #9140, #7119, #5175, .T. ) ;
#7332 = FACE_OUTER_BOUND ( 'NONE', #2260, .T. ) ;
#7333 = FACE_OUTER_BOUND ( 'NONE', #1548, .T. ) ;
#7334 = DIRECTION ( 'NONE',  ( 0.000000000000000000, 0.000000000000000000, 1.000000000000000000 ) ) ;
#7335 = DIRECTION ( 'NONE',  ( -0.000000000000000000, 1.000000000000000000, -0.000000000000000000 ) ) ;
#7336 = ORIENTED_EDGE ( 'NONE', *, *, #5926, .T. ) ;
#7337 = ORIENTED_EDGE ( 'NONE', *, *, #9334, .F. ) ;
#7338 = EDGE_CURVE ( 'NONE', #8097, #6424, #4404, .T. ) ;
#7339 = DIRECTION ( 'NONE',  ( 0.000000000000000000, 1.000000000000000000, 0.000000000000000000 ) ) ;
#7340 = DIRECTION ( 'NONE',  ( 1.000000000000000000, 0.000000000000000000, 0.000000000000000000 ) ) ;
#7341 = VERTEX_POINT ( 'NONE', #1542 ) ;
#7342 = ORIENTED_EDGE ( 'NONE', *, *, #7393, .T. ) ;
#7343 = LINE ( 'NONE', #3653, #7585 ) ;
#7344 = CARTESIAN_POINT ( 'NONE',  ( -1.824999999999999956, 2.419999999999999929, -2.149999999999999911 ) ) ;
#7345 = CARTESIAN_POINT ( 'NONE',  ( 2.952731437993650232, 2.100000000000000089, -2.535294117647060030 ) ) ;
#7346 = ORIENTED_EDGE ( 'NONE', *, *, #6865, .T. ) ;
#7347 = ORIENTED_EDGE ( 'NONE', *, *, #3671, .T. ) ;
#7348 = DIRECTION ( 'NONE',  ( 0.000000000000000000, 0.000000000000000000, 1.000000000000000000 ) ) ;
#7349 = DIRECTION ( 'NONE',  ( 0.000000000000000000, 0.9931506043228763847, 0.1168412475673967915 ) ) ;
#7350 = VERTEX_POINT ( 'NONE', #6541 ) ;
#7351 = PLANE ( 'NONE',  #6159 ) ;
#7352 = DIRECTION ( 'NONE',  ( -0.1102635692839943476, -0.3307907078519820576, -0.9372403389139514207 ) ) ;
#7353 = EDGE_CURVE ( 'NONE', #4140, #411, #9440, .T. ) ;
#7354 = CARTESIAN_POINT ( 'NONE',  ( 2.952731437993650232, 2.100000000000000089, -2.535294117647060030 ) ) ;
#7355 = CARTESIAN_POINT ( 'NONE',  ( -0.4400000000000000022, 0.6184288535050199709, 3.258294589967800636 ) ) ;
#7356 = ORIENTED_EDGE ( 'NONE', *, *, #6379, .T. ) ;
#7357 = VECTOR ( 'NONE', #1340, 1000.000000000000000 ) ;
#7358 = CARTESIAN_POINT ( 'NONE',  ( 3.299999999999999822, 2.399999999999999911, -2.500000000000000000 ) ) ;
#7359 = ORIENTED_EDGE ( 'NONE', *, *, #2171, .T. ) ;
#7360 = VECTOR ( 'NONE', #1530, 1000.000000000000000 ) ;
#7361 = DIRECTION ( 'NONE',  ( -1.000000000000000000, 0.000000000000000000, 0.000000000000000000 ) ) ;
#7362 = ORIENTED_EDGE ( 'NONE', *, *, #6581, .F. ) ;
#7363 = CARTESIAN_POINT ( 'NONE',  ( 2.050000000000000266, 2.419999999999999929, 1.949999999999999956 ) ) ;
#7364 = VECTOR ( 'NONE', #8711, 1000.000000000000000 ) ;
#7365 = EDGE_CURVE ( 'NONE', #2275, #3746, #8002, .T. ) ;
#7366 = CIRCLE ( 'NONE', #6467, 0.09999999999993669508 ) ;
#7367 = DIRECTION ( 'NONE',  ( 0.000000000000000000, 0.9828721869343112205, -0.1842885350502417308 ) ) ;
#7368 = EDGE_CURVE ( 'NONE', #9374, #2338, #7380, .T. ) ;
#7369 = B_SPLINE_CURVE_WITH_KNOTS ( 'NONE', 3,
 ( #2239, #5154, #1293, #2757, #1522, #7354 ),
 .UNSPECIFIED., .F., .F.,
 ( 4, 2, 4 ),
 ( 2.359631110905390017, 3.098231377521637242, 3.836831644137884911 ),
 .UNSPECIFIED. ) ;
#7370 = DIRECTION ( 'NONE',  ( 0.000000000000000000, 0.000000000000000000, -1.000000000000000000 ) ) ;
#7371 = LINE ( 'NONE', #5941, #6623 ) ;
#7372 = CARTESIAN_POINT ( 'NONE',  ( -1.709999999999999964, 0.6460721337625500160, 3.405725418007999661 ) ) ;
#7373 = ORIENTED_EDGE ( 'NONE', *, *, #3819, .T. ) ;
#7374 = DIRECTION ( 'NONE',  ( -1.000000000000000000, 0.000000000000000000, 0.000000000000000000 ) ) ;
#7375 = ORIENTED_EDGE ( 'NONE', *, *, #1803, .T. ) ;
#7376 = VECTOR ( 'NONE', #1999, 1000.000000000000000 ) ;
#7377 = ORIENTED_EDGE ( 'NONE', *, *, #5151, .T. ) ;
#7378 = EDGE_CURVE ( 'NONE', #4699, #4428, #2080, .T. ) ;
#7379 = EDGE_CURVE ( 'NONE', #6072, #386, #7194, .T. ) ;
#7380 = LINE ( 'NONE', #7292, #7592 ) ;
#7381 = EDGE_CURVE ( 'NONE', #8387, #5980, #9392, .T. ) ;
#7382 = AXIS2_PLACEMENT_3D ( 'NONE', #1168, #549, #359 ) ;
#7383 = DIRECTION ( 'NONE',  ( -1.000000000000000000, 0.000000000000000000, 0.000000000000000000 ) ) ;
#7384 = LINE ( 'NONE', #5177, #9431 ) ;
#7385 = LINE ( 'NONE', #2450, #5231 ) ;
#7386 = CIRCLE ( 'NONE', #6632, 0.2500000000000515143 ) ;
#7387 = CARTESIAN_POINT ( 'NONE',  ( -0.1499999999999999944, 2.399999999999999911, 1.500000000000000000 ) ) ;
#7388 = VERTEX_POINT ( 'NONE', #8705 ) ;
#7389 = ORIENTED_EDGE ( 'NONE', *, *, #8781, .T. ) ;
#7390 = FACE_OUTER_BOUND ( 'NONE', #3023, .T. ) ;
#7391 = EDGE_LOOP ( 'NONE', ( #6112, #8274, #7646, #9127 ) ) ;
#7392 = ORIENTED_EDGE ( 'NONE', *, *, #2997, .T. ) ;
#7393 = EDGE_CURVE ( 'NONE', #7648, #8405, #829, .T. ) ;
#7394 = CIRCLE ( 'NONE', #9067, 0.1000000000000263872 ) ;
#7395 = VECTOR ( 'NONE', #2386, 1000.000000000000000 ) ;
#7396 = DIRECTION ( 'NONE',  ( -1.000000000000000000, 0.000000000000000000, 0.000000000000000000 ) ) ;
#7397 = DIRECTION ( 'NONE',  ( 0.000000000000000000, -0.1842885350500574615, 0.9828721869343458595 ) ) ;
#7398 = LINE ( 'NONE', #895, #2618 ) ;
#7399 = VECTOR ( 'NONE', #6790, 1000.000000000000000 ) ;
#7400 = CARTESIAN_POINT ( 'NONE',  ( -1.520000000000000018, 1.750000000000000000, 0.6500000000000001332 ) ) ;
#7401 = VERTEX_POINT ( 'NONE', #6864 ) ;
#7402 = ORIENTED_EDGE ( 'NONE', *, *, #6230, .T. ) ;
#7403 = AXIS2_PLACEMENT_3D ( 'NONE', #6412, #752, #9307 ) ;
#7404 = CARTESIAN_POINT ( 'NONE',  ( 1.949999999999999956, 2.419999999999999929, 1.850000000000000089 ) ) ;
#7405 = CARTESIAN_POINT ( 'NONE',  ( 1.590000000000000080, 2.100000000000000089, 0.6500000000000001332 ) ) ;
#7406 = ORIENTED_EDGE ( 'NONE', *, *, #1903, .T. ) ;
#7407 = CARTESIAN_POINT ( 'NONE',  ( -1.375000000000000000, 2.419999999999999929, -1.750000000000000000 ) ) ;
#7408 = CARTESIAN_POINT ( 'NONE',  ( 2.050000000000000266, 2.399999999999999911, 2.149999999999999911 ) ) ;
#7409 = DIRECTION ( 'NONE',  ( 1.000000000000000000, 0.000000000000000000, 0.000000000000000000 ) ) ;
#7410 = CARTESIAN_POINT ( 'NONE',  ( 0.4299999999999999933, -0.1000000000000000056, -3.600481571814099890 ) ) ;
#7411 = VERTEX_POINT ( 'NONE', #3926 ) ;
#7412 = DIRECTION ( 'NONE',  ( 1.000000000000000000, 0.000000000000000000, 0.000000000000000000 ) ) ;
#7413 = ORIENTED_EDGE ( 'NONE', *, *, #8140, .T. ) ;
#7414 = VECTOR ( 'NONE', #4662, 1000.000000000000000 ) ;
#7415 = DIRECTION ( 'NONE',  ( -1.000000000000000000, 0.000000000000000000, 0.000000000000000000 ) ) ;
#7416 = EDGE_LOOP ( 'NONE', ( #710, #1802, #2607, #6498 ) ) ;
#7417 = DIRECTION ( 'NONE',  ( 0.000000000000000000, 1.000000000000000000, 0.000000000000000000 ) ) ;
#7418 = LINE ( 'NONE', #3775, #3765 ) ;
#7419 = AXIS2_PLACEMENT_3D ( 'NONE', #5185, #8764, #5001 ) ;
#7420 = CARTESIAN_POINT ( 'NONE',  ( -0.2499999999999840128, 0.05000000000000004441, 0.5499999999999839462 ) ) ;
#7421 = LINE ( 'NONE', #160, #2782 ) ;
#7422 = LINE ( 'NONE', #8229, #5089 ) ;
#7423 = DIRECTION ( 'NONE',  ( 0.000000000000000000, -1.000000000000000000, 0.000000000000000000 ) ) ;
#7424 = ORIENTED_EDGE ( 'NONE', *, *, #6682, .T. ) ;
#7425 = DIRECTION ( 'NONE',  ( 0.000000000000000000, 0.000000000000000000, 1.000000000000000000 ) ) ;
#7426 = ORIENTED_EDGE ( 'NONE', *, *, #7114, .T. ) ;
#7427 = DIRECTION ( 'NONE',  ( -0.000000000000000000, 1.000000000000000000, -0.000000000000000000 ) ) ;
#7428 = EDGE_CURVE ( 'NONE', #4125, #3977, #1625, .T. ) ;
#7429 = ORIENTED_EDGE ( 'NONE', *, *, #4766, .T. ) ;
#7430 = AXIS2_PLACEMENT_3D ( 'NONE', #6212, #9109, #2557 ) ;
#7431 = CARTESIAN_POINT ( 'NONE',  ( 0.9500000000001550537, 2.399999999999999911, 1.849999999999845102 ) ) ;
#7432 = LINE ( 'NONE', #3788, #6774 ) ;
#7433 = DIRECTION ( 'NONE',  ( 0.000000000000000000, 1.000000000000000000, 0.000000000000000000 ) ) ;
#7434 = DIRECTION ( 'NONE',  ( -1.000000000000000000, 0.000000000000000000, 0.000000000000000000 ) ) ;
#7435 = CIRCLE ( 'NONE', #7600, 0.2500000000000520139 ) ;
#7436 = LINE ( 'NONE', #6728, #207 ) ;
#7437 = VERTEX_POINT ( 'NONE', #6101 ) ;
#7438 = ORIENTED_EDGE ( 'NONE', *, *, #222, .T. ) ;
#7439 = DIRECTION ( 'NONE',  ( 1.000000000000000000, 0.000000000000000000, 0.000000000000000000 ) ) ;
#7440 = CARTESIAN_POINT ( 'NONE',  ( -3.237106939925070037, 0.6999999999999999556, 2.649999999999999911 ) ) ;
#7441 = ORIENTED_EDGE ( 'NONE', *, *, #7152, .T. ) ;
#7442 = EDGE_CURVE ( 'NONE', #5133, #3656, #8347, .T. ) ;
#7443 = EDGE_CURVE ( 'NONE', #2094, #5124, #4550, .T. ) ;
#7444 = VERTEX_POINT ( 'NONE', #6769 ) ;
#7445 = AXIS2_PLACEMENT_3D ( 'NONE', #4755, #8247, #6016 ) ;
#7446 = LINE ( 'NONE', #177, #1933 ) ;
#7447 = CARTESIAN_POINT ( 'NONE',  ( -0.4400000000000000022, 0.1500000000000175360, 3.600481571814044823 ) ) ;
#7448 = CARTESIAN_POINT ( 'NONE',  ( 2.758924957462475014, 2.399999999999999911, -2.411075042537524915 ) ) ;
#7449 = EDGE_CURVE ( 'NONE', #4655, #4612, #926, .T. ) ;
#7450 = CARTESIAN_POINT ( 'NONE',  ( -3.241842126194540707, 0.6884193177650415052, -2.646679292805186989 ) ) ;
#7451 = ORIENTED_EDGE ( 'NONE', *, *, #1013, .F. ) ;
#7452 = ORIENTED_EDGE ( 'NONE', *, *, #1592, .F. ) ;
#7453 = AXIS2_PLACEMENT_3D ( 'NONE', #7097, #3447, #1308 ) ;
#7454 = CARTESIAN_POINT ( 'NONE',  ( 2.100000000000000089, 0.6184288535050199709, 3.258294589967800636 ) ) ;
#7455 = DIRECTION ( 'NONE',  ( 0.000000000000000000, 0.000000000000000000, -1.000000000000000000 ) ) ;
#7456 = VERTEX_POINT ( 'NONE', #121 ) ;
#7457 = CARTESIAN_POINT ( 'NONE',  ( -2.966007063479920269, 2.100000000000000089, 2.535294117647060030 ) ) ;
#7458 = DIRECTION ( 'NONE',  ( 0.000000000000000000, -1.000000000000000000, 0.000000000000000000 ) ) ;
#7459 = ADVANCED_FACE ( 'NONE', ( #211 ), #5362, .T. ) ;
#7460 = SHAPE_REPRESENTATION_RELATIONSHIP ( 'NONE' , 'NONE' ,  #6391, #992 ) ;
#7461 = PLANE ( 'NONE',  #1446 ) ;
#7462 = ORIENTED_EDGE ( 'NONE', *, *, #1365, .F. ) ;
#7463 = LINE ( 'NONE', #763, #4661 ) ;
#7464 = ORIENTED_EDGE ( 'NONE', *, *, #2885, .T. ) ;
#7465 = PRODUCT_DEFINITION ( 'UNKNOWN', '', #871, #1121 ) ;
#7466 = VECTOR ( 'NONE', #342, 1000.000000000000000 ) ;
#7467 = ORIENTED_EDGE ( 'NONE', *, *, #8899, .F. ) ;
#7468 = DIRECTION ( 'NONE',  ( -1.000000000000000000, 0.000000000000000000, 0.000000000000000000 ) ) ;
#7469 = DIRECTION ( 'NONE',  ( 1.000000000000000000, 0.000000000000000000, 0.000000000000000000 ) ) ;
#7470 = LINE ( 'NONE', #2203, #1273 ) ;
#7471 = CARTESIAN_POINT ( 'NONE',  ( 2.399999999999999911, 0.6999999999999999556, 2.649999999999999911 ) ) ;
#7472 = VERTEX_POINT ( 'NONE', #4648 ) ;
#7473 = DIRECTION ( 'NONE',  ( -1.000000000000000000, 0.000000000000000000, 0.000000000000000000 ) ) ;
#7474 = VERTEX_POINT ( 'NONE', #2306 ) ;
#7475 = DIRECTION ( 'NONE',  ( -1.000000000000000000, 0.000000000000000000, 0.000000000000000000 ) ) ;
#7476 = ORIENTED_EDGE ( 'NONE', *, *, #4334, .F. ) ;
#7477 = CARTESIAN_POINT ( 'NONE',  ( -0.4400000000000000022, 0.1039278662374499979, 3.354763525080500131 ) ) ;
#7478 = DIRECTION ( 'NONE',  ( 0.000000000000000000, 0.000000000000000000, 1.000000000000000000 ) ) ;
#7479 = DIRECTION ( 'NONE',  ( -1.550409106656674325E-12, 0.000000000000000000, 1.000000000000000000 ) ) ;
#7480 = EDGE_CURVE ( 'NONE', #3080, #2808, #2447, .T. ) ;
#7481 = CARTESIAN_POINT ( 'NONE',  ( -0.2500000000000000000, 1.750000000000000000, -0.6500000000000001332 ) ) ;
#7482 = CARTESIAN_POINT ( 'NONE',  ( 0.8299999999999999600, 0.1500000000000405176, 3.600481571814114989 ) ) ;
#7483 = ORIENTED_EDGE ( 'NONE', *, *, #4729, .F. ) ;
#7484 = ORIENTED_EDGE ( 'NONE', *, *, #446, .F. ) ;
#7485 = DIRECTION ( 'NONE',  ( 0.7986355100473430113, 0.000000000000000000, -0.6018150231519816540 ) ) ;
#7486 = DIRECTION ( 'NONE',  ( 0.000000000000000000, 1.000000000000000000, 0.000000000000000000 ) ) ;
#7487 = ORIENTED_EDGE ( 'NONE', *, *, #7511, .F. ) ;
#7488 = DIRECTION ( 'NONE',  ( 0.000000000000000000, 0.9429903335828897504, -0.3328201177351369777 ) ) ;
#7489 = ORIENTED_EDGE ( 'NONE', *, *, #4210, .T. ) ;
#7490 = DIRECTION ( 'NONE',  ( 1.000000000000000000, 0.000000000000000000, 0.000000000000000000 ) ) ;
#7491 = CARTESIAN_POINT ( 'NONE',  ( -3.108826615018424278, 2.324973229974759636, 2.061173384981576984 ) ) ;
#7492 = ADVANCED_FACE ( 'NONE', ( #3114 ), #8948, .F. ) ;
#7493 = EDGE_CURVE ( 'NONE', #5055, #4171, #9105, .T. ) ;
#7494 = PLANE ( 'NONE',  #36 ) ;
#7495 = CARTESIAN_POINT ( 'NONE',  ( 0.2500000000000000000, 0.6500000000000001332, 0.5500000000000000444 ) ) ;
#7496 = ORIENTED_EDGE ( 'NONE', *, *, #8072, .T. ) ;
#7497 = VERTEX_POINT ( 'NONE', #1595 ) ;
#7498 = LINE ( 'NONE', #5146, #2335 ) ;
#7499 = FACE_OUTER_BOUND ( 'NONE', #7317, .T. ) ;
#7500 = ORIENTED_EDGE ( 'NONE', *, *, #2598, .F. ) ;
#7501 = EDGE_CURVE ( 'NONE', #7437, #8075, #5137, .T. ) ;
#7502 = LINE ( 'NONE', #6886, #1471 ) ;
#7503 = EDGE_CURVE ( 'NONE', #2024, #4692, #891, .T. ) ;
#7504 = DIRECTION ( 'NONE',  ( 1.000000000000000000, 0.000000000000000000, 0.000000000000000000 ) ) ;
#7505 = DIRECTION ( 'NONE',  ( -1.000000000000000000, 0.000000000000000000, 0.000000000000000000 ) ) ;
#7506 = ORIENTED_EDGE ( 'NONE', *, *, #6626, .F. ) ;
#7507 = PLANE ( 'NONE',  #3728 ) ;
#7508 = EDGE_LOOP ( 'NONE', ( #1799, #9093, #647, #6119 ) ) ;
#7509 = ORIENTED_EDGE ( 'NONE', *, *, #3515, .T. ) ;
#7510 = CARTESIAN_POINT ( 'NONE',  ( 1.649999999999999911, 2.399999999999999911, 1.850000000000000089 ) ) ;
#7511 = EDGE_CURVE ( 'NONE', #5954, #2516, #7526, .T. ) ;
#7512 = EDGE_CURVE ( 'NONE', #4659, #1079, #5297, .T. ) ;
#7513 = AXIS2_PLACEMENT_3D ( 'NONE', #141, #5244, #2987 ) ;
#7514 = CARTESIAN_POINT ( 'NONE',  ( 2.299999999999999822, 0.000000000000000000, -2.373922824958615063 ) ) ;
#7515 = VECTOR ( 'NONE', #5447, 1000.000000000000000 ) ;
#7516 = DIRECTION ( 'NONE',  ( 0.1160437261037696455, 0.9863474618335673627, -0.1168440763001396404 ) ) ;
#7517 = CARTESIAN_POINT ( 'NONE',  ( -1.709999999999999964, 0.6999999999999999556, 3.160007371274399901 ) ) ;
#7518 = LINE ( 'NONE', #2581, #4788 ) ;
#7519 = ORIENTED_EDGE ( 'NONE', *, *, #249, .F. ) ;
#7520 = CARTESIAN_POINT ( 'NONE',  ( 2.299999999999999822, 0.07243626441830010310, 2.470048994552399790 ) ) ;
#7521 = ORIENTED_EDGE ( 'NONE', *, *, #906, .T. ) ;
#7522 = DIRECTION ( 'NONE',  ( 0.000000000000000000, 0.000000000000000000, -1.000000000000000000 ) ) ;
#7523 = ORIENTED_EDGE ( 'NONE', *, *, #8204, .T. ) ;
#7524 = AXIS2_PLACEMENT_3D ( 'NONE', #6589, #3745, #6635 ) ;
#7525 = VECTOR ( 'NONE', #1600, 1000.000000000000000 ) ;
#7526 = LINE ( 'NONE', #3159, #2390 ) ;
#7527 = DIRECTION ( 'NONE',  ( 1.000000000000000000, 0.000000000000000000, 0.000000000000000000 ) ) ;
#7528 = DIRECTION ( 'NONE',  ( 0.000000000000000000, 0.9828721869343458595, 0.1842885350500573227 ) ) ;
#7529 = LINE ( 'NONE', #4407, #8429 ) ;
#7530 = DIRECTION ( 'NONE',  ( -1.000000000000000000, 0.000000000000000000, 0.000000000000000000 ) ) ;
#7531 = AXIS2_PLACEMENT_3D ( 'NONE', #4117, #402, #3306 ) ;
#7532 = EDGE_LOOP ( 'NONE', ( #5996, #1467, #8066, #6845, #8110, #1575, #8184, #5084, #230, #5957, #7451, #3886, #6060, #5337 ) ) ;
#7533 = ORIENTED_EDGE ( 'NONE', *, *, #2598, .T. ) ;
#7534 = AXIS2_PLACEMENT_3D ( 'NONE', #8887, #8179, #8793 ) ;
#7535 = CARTESIAN_POINT ( 'NONE',  ( 2.100000000000000089, 0.8499999999999999778, -3.160007371274399901 ) ) ;
#7536 = ORIENTED_EDGE ( 'NONE', *, *, #2160, .T. ) ;
#7537 = ORIENTED_EDGE ( 'NONE', *, *, #1527, .F. ) ;
#7538 = CIRCLE ( 'NONE', #2642, 0.05000000000000002359 ) ;
#7539 = VECTOR ( 'NONE', #1855, 1000.000000000000000 ) ;
#7540 = LINE ( 'NONE', #4714, #1326 ) ;
#7541 = DIRECTION ( 'NONE',  ( 1.000000000000000000, 0.000000000000000000, 0.000000000000000000 ) ) ;
#7542 = CARTESIAN_POINT ( 'NONE',  ( 3.041995810043218285, 0.02592894230715088802, 2.442002047084004701 ) ) ;
#7543 = FACE_OUTER_BOUND ( 'NONE', #5622, .T. ) ;
#7544 = ORIENTED_EDGE ( 'NONE', *, *, #1210, .F. ) ;
#7545 = ORIENTED_EDGE ( 'NONE', *, *, #7110, .F. ) ;
#7546 = PLANE ( 'NONE',  #5854 ) ;
#7547 = CARTESIAN_POINT ( 'NONE',  ( -0.8400000000000001910, 0.1315711464949800014, -3.502194353120600123 ) ) ;
#7548 = ORIENTED_EDGE ( 'NONE', *, *, #1254, .F. ) ;
#7549 = VECTOR ( 'NONE', #8941, 1000.000000000000000 ) ;
#7550 = CIRCLE ( 'NONE', #9363, 0.05000000000000002359 ) ;
#7551 = ADVANCED_FACE ( 'NONE', ( #6724 ), #8281, .T. ) ;
#7552 = DIRECTION ( 'NONE',  ( -0.000000000000000000, 1.000000000000000000, -0.000000000000000000 ) ) ;
#7553 = AXIS2_PLACEMENT_3D ( 'NONE', #7713, #7621, #7660 ) ;
#7554 = CIRCLE ( 'NONE', #9375, 0.09999999999984522658 ) ;
#7555 = CARTESIAN_POINT ( 'NONE',  ( 0.000000000000000000, 0.000000000000000000, 0.000000000000000000 ) ) ;
#7556 = CARTESIAN_POINT ( 'NONE',  ( -2.375000000000000000, 2.419999999999999929, -2.250000000000000444 ) ) ;
#7557 = VERTEX_POINT ( 'NONE', #3876 ) ;
#7558 = LINE ( 'NONE', #5349, #8170 ) ;
#7559 = VERTEX_POINT ( 'NONE', #2356 ) ;
#7560 = ORIENTED_EDGE ( 'NONE', *, *, #2403, .F. ) ;
#7561 = CYLINDRICAL_SURFACE ( 'NONE', #1711, 0.2500000000000409672 ) ;
#7562 = ADVANCED_FACE ( 'NONE', ( #307 ), #8335, .F. ) ;
#7563 = EDGE_CURVE ( 'NONE', #9434, #1328, #2545, .T. ) ;
#7564 = CIRCLE ( 'NONE', #4186, 0.1000000000000263872 ) ;
#7565 = CYLINDRICAL_SURFACE ( 'NONE', #4712, 0.5999999999999999778 ) ;
#7566 = CARTESIAN_POINT ( 'NONE',  ( -0.4400000000000000022, 0.8500000000000000888, -2.649999999999999911 ) ) ;
#7567 = CIRCLE ( 'NONE', #3432, 0.2500000000000520139 ) ;
#7568 = DIRECTION ( 'NONE',  ( 0.000000000000000000, 1.000000000000000000, 0.000000000000000000 ) ) ;
#7569 = ADVANCED_FACE ( 'NONE', ( #5464 ), #1926, .F. ) ;
#7570 = CARTESIAN_POINT ( 'NONE',  ( -2.024999999999999911, 2.419999999999999929, -1.949999999999999956 ) ) ;
#7571 = ORIENTED_EDGE ( 'NONE', *, *, #3238, .T. ) ;
#7572 = LINE ( 'NONE', #4696, #1435 ) ;
#7573 = ORIENTED_EDGE ( 'NONE', *, *, #3028, .T. ) ;
#7574 = DIRECTION ( 'NONE',  ( 1.756407519426223096E-13, 0.000000000000000000, 1.000000000000000000 ) ) ;
#7575 = ORIENTED_EDGE ( 'NONE', *, *, #6934, .F. ) ;
#7576 = ADVANCED_FACE ( 'NONE', ( #3972 ), #2018, .F. ) ;
#7577 = AXIS2_PLACEMENT_3D ( 'NONE', #3714, #715, #8070 ) ;
#7578 = CARTESIAN_POINT ( 'NONE',  ( 3.250000000000000444, 0.6999999999999999556, 2.636782556885050699 ) ) ;
#7579 = DIRECTION ( 'NONE',  ( 0.000000000000000000, -1.000000000000000000, 0.000000000000000000 ) ) ;
#7580 = DIRECTION ( 'NONE',  ( -0.000000000000000000, 1.000000000000000000, -0.000000000000000000 ) ) ;
#7581 = LINE ( 'NONE', #1030, #47 ) ;
#7582 = CARTESIAN_POINT ( 'NONE',  ( 0.3207106781186499500, 0.6207106781186499944, 0.6207106781186499944 ) ) ;
#7583 = ORIENTED_EDGE ( 'NONE', *, *, #5150, .T. ) ;
#7584 = ORIENTED_EDGE ( 'NONE', *, *, #1654, .T. ) ;
#7585 = VECTOR ( 'NONE', #5139, 1000.000000000000000 ) ;
#7586 = CARTESIAN_POINT ( 'NONE',  ( -0.9499999999999999556, 2.399999999999999911, 1.850000000000000089 ) ) ;
#7587 = CARTESIAN_POINT ( 'NONE',  ( 1.949999999999999956, 2.419999999999999929, 2.149999999999999911 ) ) ;
#7588 = EDGE_LOOP ( 'NONE', ( #3965, #766, #4344, #8139 ) ) ;
#7589 = EDGE_CURVE ( 'NONE', #1328, #5525, #7766, .T. ) ;
#7590 = EDGE_LOOP ( 'NONE', ( #7506, #4363, #7190, #7346 ) ) ;
#7591 = CYLINDRICAL_SURFACE ( 'NONE', #857, 0.1000000000000262901 ) ;
#7592 = VECTOR ( 'NONE', #2778, 1000.000000000000000 ) ;
#7593 = LINE ( 'NONE', #3986, #2099 ) ;
#7594 = CARTESIAN_POINT ( 'NONE',  ( 3.070048994552400323, 0.07243626441829999207, 2.470048994552399790 ) ) ;
#7595 = FACE_OUTER_BOUND ( 'NONE', #6621, .T. ) ;
#7596 = VERTEX_POINT ( 'NONE', #4069 ) ;
#7597 = ORIENTED_EDGE ( 'NONE', *, *, #8489, .T. ) ;
#7598 = CARTESIAN_POINT ( 'NONE',  ( 2.390000000000000124, 1.750000000000000000, -0.6500000000000001332 ) ) ;
#7599 = ORIENTED_EDGE ( 'NONE', *, *, #6989, .T. ) ;
#7600 = AXIS2_PLACEMENT_3D ( 'NONE', #5555, #5648, #8467 ) ;
#7601 = DIRECTION ( 'NONE',  ( 0.000000000000000000, 0.000000000000000000, -1.000000000000000000 ) ) ;
#7602 = CARTESIAN_POINT ( 'NONE',  ( -2.375000000000000000, 2.399999999999999911, -2.149999999999999911 ) ) ;
#7603 = AXIS2_PLACEMENT_3D ( 'NONE', #4769, #1099, #4096 ) ;
#7604 = VECTOR ( 'NONE', #1893, 1000.000000000000000 ) ;
#7605 =( NAMED_UNIT ( * ) PLANE_ANGLE_UNIT ( ) SI_UNIT ( $, .RADIAN. ) );
#7606 = DIRECTION ( 'NONE',  ( 0.000000000000000000, 0.9828721869343113315, 0.1842885350502413977 ) ) ;
#7607 = EDGE_CURVE ( 'NONE', #4808, #3216, #1117, .T. ) ;
#7608 = ORIENTED_EDGE ( 'NONE', *, *, #1775, .T. ) ;
#7609 = CARTESIAN_POINT ( 'NONE',  ( 1.699999999999999956, 0.6999999999999999556, 3.160007371274399901 ) ) ;
#7610 = ORIENTED_EDGE ( 'NONE', *, *, #609, .F. ) ;
#7611 = EDGE_LOOP ( 'NONE', ( #3000, #6097, #1464, #5515 ) ) ;
#7612 = PLANE ( 'NONE',  #1405 ) ;
#7613 = AXIS2_PLACEMENT_3D ( 'NONE', #928, #357, #6201 ) ;
#7614 = APPLICATION_CONTEXT ( 'automotive_design' ) ;
#7615 = LINE ( 'NONE', #3006, #3017 ) ;
#7616 = ADVANCED_FACE ( 'NONE', ( #1836 ), #4022, .F. ) ;
#7617 = EDGE_CURVE ( 'NONE', #2786, #2797, #2700, .T. ) ;
#7618 = FACE_OUTER_BOUND ( 'NONE', #9151, .T. ) ;
#7619 = DIRECTION ( 'NONE',  ( 0.000000000000000000, -1.000000000000000000, 0.000000000000000000 ) ) ;
#7620 = CARTESIAN_POINT ( 'NONE',  ( 3.250000000000000444, 0.6999999999999999556, 2.636782556885050699 ) ) ;
#7621 = DIRECTION ( 'NONE',  ( 1.000000000000000000, -0.000000000000000000, -0.000000000000000000 ) ) ;
#7622 = ORIENTED_EDGE ( 'NONE', *, *, #4444, .F. ) ;
#7623 = LINE ( 'NONE', #1068, #1133 ) ;
#7624 = EDGE_LOOP ( 'NONE', ( #30, #2278, #3990, #1263 ) ) ;
#7625 = DIRECTION ( 'NONE',  ( 0.000000000000000000, 0.000000000000000000, 1.000000000000000000 ) ) ;
#7626 = ORIENTED_EDGE ( 'NONE', *, *, #2649, .T. ) ;
#7627 = FACE_OUTER_BOUND ( 'NONE', #1664, .T. ) ;
#7628 = EDGE_CURVE ( 'NONE', #6860, #3264, #7670, .T. ) ;
#7629 = DIRECTION ( 'NONE',  ( 0.000000000000000000, -0.1842885350503031539, 0.9828721869342997852 ) ) ;
#7630 = CYLINDRICAL_SURFACE ( 'NONE', #7531, 0.09999999999993564037 ) ;
#7631 = DIRECTION ( 'NONE',  ( 0.000000000000000000, -1.000000000000000000, 0.000000000000000000 ) ) ;
#7632 = LINE ( 'NONE', #5510, #5063 ) ;
#7633 = CARTESIAN_POINT ( 'NONE',  ( 2.100000000000000089, 0.1500000000000405176, -3.600481571814114989 ) ) ;
#7634 = VERTEX_POINT ( 'NONE', #8514 ) ;
#7635 = ORIENTED_EDGE ( 'NONE', *, *, #6745, .T. ) ;
#7636 = CARTESIAN_POINT ( 'NONE',  ( 1.649999999999999911, 2.399999999999999911, 2.250000000000000444 ) ) ;
#7637 = ORIENTED_EDGE ( 'NONE', *, *, #7442, .T. ) ;
#7638 = ORIENTED_EDGE ( 'NONE', *, *, #9096, .F. ) ;
#7639 = EDGE_CURVE ( 'NONE', #2232, #4659, #4787, .T. ) ;
#7640 = CARTESIAN_POINT ( 'NONE',  ( -1.709999999999999964, 0.5999999999999731104, 3.160007371274344834 ) ) ;
#7641 = DIRECTION ( 'NONE',  ( 0.000000000000000000, -0.9612616959383250004, -0.2756373558169777360 ) ) ;
#7642 = ADVANCED_FACE ( 'NONE', ( #401 ), #3305, .F. ) ;
#7643 = CARTESIAN_POINT ( 'NONE',  ( -2.374999999999969802, 2.419999999999999929, -2.049999999999969624 ) ) ;
#7644 = LINE ( 'NONE', #460, #7720 ) ;
#7645 = ORIENTED_EDGE ( 'NONE', *, *, #4237, .T. ) ;
#7646 = ORIENTED_EDGE ( 'NONE', *, *, #329, .F. ) ;
#7647 = CARTESIAN_POINT ( 'NONE',  ( -2.319999999999999840, 2.399999999999999911, 1.500000000000000000 ) ) ;
#7648 = VERTEX_POINT ( 'NONE', #1973 ) ;
#7649 = CARTESIAN_POINT ( 'NONE',  ( 0.3010495520010726400, 0.6403718041911765635, 0.04895044799891910825 ) ) ;
#7650 = PLANE ( 'NONE',  #3304 ) ;
#7651 = DIRECTION ( 'NONE',  ( 0.000000000000000000, 0.000000000000000000, -1.000000000000000000 ) ) ;
#7652 = AXIS2_PLACEMENT_3D ( 'NONE', #7106, #4306, #7911 ) ;
#7653 = ORIENTED_EDGE ( 'NONE', *, *, #6885, .F. ) ;
#7654 = ORIENTED_EDGE ( 'NONE', *, *, #1709, .F. ) ;
#7655 = LINE ( 'NONE', #8319, #7515 ) ;
#7656 = EDGE_CURVE ( 'NONE', #8328, #9168, #6198, .T. ) ;
#7657 = DIRECTION ( 'NONE',  ( 0.000000000000000000, 0.000000000000000000, 1.000000000000000000 ) ) ;
#7658 = LINE ( 'NONE', #5542, #977 ) ;
#7659 = DIRECTION ( 'NONE',  ( 0.000000000000000000, 0.000000000000000000, -1.000000000000000000 ) ) ;
#7660 = DIRECTION ( 'NONE',  ( 0.000000000000000000, 0.1842885350502921904, -0.9828721869343018946 ) ) ;
#7661 = VERTEX_POINT ( 'NONE', #1212 ) ;
#7662 = AXIS2_PLACEMENT_3D ( 'NONE', #4495, #6903, #4018 ) ;
#7663 = CARTESIAN_POINT ( 'NONE',  ( 0.2499999999999925338, 0.5500000000000000444, -2.710505431213760161E-17 ) ) ;
#7664 = ORIENTED_EDGE ( 'NONE', *, *, #8035, .T. ) ;
#7665 = CARTESIAN_POINT ( 'NONE',  ( -0.4400000000000000022, 0.5999999999999480194, 3.160007371274379917 ) ) ;
#7666 = ORIENTED_EDGE ( 'NONE', *, *, #9003, .F. ) ;
#7667 = ADVANCED_FACE ( 'NONE', ( #1073 ), #4875, .F. ) ;
#7668 = EDGE_CURVE ( 'NONE', #9181, #3323, #2636, .T. ) ;
#7669 = AXIS2_PLACEMENT_3D ( 'NONE', #1103, #4684, #1061 ) ;
#7670 = LINE ( 'NONE', #6953, #7285 ) ;
#7671 = CARTESIAN_POINT ( 'NONE',  ( -0.4400000000000000022, 0.05000000000000000278, 3.600481571814099890 ) ) ;
#7672 = CARTESIAN_POINT ( 'NONE',  ( -2.200000000000000178, 0.000000000000000000, 1.699999999999999956 ) ) ;
#7673 = CARTESIAN_POINT ( 'NONE',  ( -0.5500000000000000444, 2.419999999999999929, 2.250000000000000444 ) ) ;
#7674 = DIRECTION ( 'NONE',  ( 0.000000000000000000, -1.000000000000000000, 0.000000000000000000 ) ) ;
#7675 = ORIENTED_EDGE ( 'NONE', *, *, #5518, .T. ) ;
#7676 = ORIENTED_EDGE ( 'NONE', *, *, #613, .F. ) ;
#7677 = CARTESIAN_POINT ( 'NONE',  ( -1.419999999999999929, 2.399999999999999911, 1.500000000000000000 ) ) ;
#7678 = EDGE_CURVE ( 'NONE', #6788, #6344, #7435, .T. ) ;
#7679 = ORIENTED_EDGE ( 'NONE', *, *, #1027, .T. ) ;
#7680 = AXIS2_PLACEMENT_3D ( 'NONE', #9179, #7086, #2679 ) ;
#7681 = VECTOR ( 'NONE', #4993, 1000.000000000000000 ) ;
#7682 = ORIENTED_EDGE ( 'NONE', *, *, #8433, .T. ) ;
#7683 = CARTESIAN_POINT ( 'NONE',  ( 0.4299999999999999933, -0.1000000000000000056, 3.600481571814099890 ) ) ;
#7684 = EDGE_CURVE ( 'NONE', #1079, #4134, #7041, .T. ) ;
#7685 = EDGE_CURVE ( 'NONE', #5768, #1083, #3445, .T. ) ;
#7686 = DIRECTION ( 'NONE',  ( 0.000000000000000000, 0.000000000000000000, 1.000000000000000000 ) ) ;
#7687 = VECTOR ( 'NONE', #8282, 1000.000000000000000 ) ;
#7688 = LINE ( 'NONE', #1659, #6240 ) ;
#7689 = AXIS2_PLACEMENT_3D ( 'NONE', #6574, #6432, #4979 ) ;
#7690 = FACE_OUTER_BOUND ( 'NONE', #9039, .T. ) ;
#7691 = ORIENTED_EDGE ( 'NONE', *, *, #9316, .F. ) ;
#7692 = VERTEX_POINT ( 'NONE', #9283 ) ;
#7693 = PLANE ( 'NONE',  #3091 ) ;
#7694 = EDGE_CURVE ( 'NONE', #851, #3358, #2730, .T. ) ;
#7695 = VERTEX_POINT ( 'NONE', #8791 ) ;
#7696 = VECTOR ( 'NONE', #405, 1000.000000000000000 ) ;
#7697 = AXIS2_PLACEMENT_3D ( 'NONE', #40, #755, #9453 ) ;
#7698 = EDGE_CURVE ( 'NONE', #910, #1125, #3146, .T. ) ;
#7699 = DIRECTION ( 'NONE',  ( 0.000000000000000000, 0.000000000000000000, 1.000000000000000000 ) ) ;
#7700 = DIRECTION ( 'NONE',  ( 0.000000000000000000, -1.000000000000000000, 0.000000000000000000 ) ) ;
#7701 = DIRECTION ( 'NONE',  ( 0.000000000000000000, 0.000000000000000000, 1.000000000000000000 ) ) ;
#7702 = LINE ( 'NONE', #2716, #6504 ) ;
#7703 = AXIS2_PLACEMENT_3D ( 'NONE', #775, #5844, #3110 ) ;
#7704 = ADVANCED_FACE ( 'NONE', ( #1351 ), #6428, .F. ) ;
#7705 = VERTEX_POINT ( 'NONE', #2954 ) ;
#7706 = EDGE_LOOP ( 'NONE', ( #708, #9311, #2170, #2963 ) ) ;
#7707 = ADVANCED_FACE ( 'NONE', ( #4209 ), #3583, .F. ) ;
#7708 = AXIS2_PLACEMENT_3D ( 'NONE', #4077, #9243, #3407 ) ;
#7709 = DIRECTION ( 'NONE',  ( 0.000000000000000000, 0.000000000000000000, 1.000000000000000000 ) ) ;
#7710 = CARTESIAN_POINT ( 'NONE',  ( 3.299999999999999822, 0.09999999999993669508, -2.373922824958615063 ) ) ;
#7711 = AXIS2_PLACEMENT_3D ( 'NONE', #1749, #7775, #3359 ) ;
#7712 = DIRECTION ( 'NONE',  ( 0.000000000000000000, 0.000000000000000000, -1.000000000000000000 ) ) ;
#7713 = CARTESIAN_POINT ( 'NONE',  ( 1.699999999999999956, 0.5999999999999870992, -3.160007371274350163 ) ) ;
#7714 = ORIENTED_EDGE ( 'NONE', *, *, #2938, .T. ) ;
#7715 = AXIS2_PLACEMENT_3D ( 'NONE', #4724, #1954, #4002 ) ;
#7716 = LINE ( 'NONE', #1785, #5553 ) ;
#7717 = EDGE_LOOP ( 'NONE', ( #7951, #7925, #3857, #2871 ) ) ;
#7718 = VERTEX_POINT ( 'NONE', #8739 ) ;
#7719 = DIRECTION ( 'NONE',  ( 1.000000000000000000, 0.000000000000000000, 0.000000000000000000 ) ) ;
#7720 = VECTOR ( 'NONE', #6971, 1000.000000000000114 ) ;
#7721 = CARTESIAN_POINT ( 'NONE',  ( -2.575000000000000178, 2.419999999999999929, -1.949999999999999956 ) ) ;
#7722 = CARTESIAN_POINT ( 'NONE',  ( 0.3403732192047291827, 0.6010457456371596230, 0.04895425436283214887 ) ) ;
#7723 = CARTESIAN_POINT ( 'NONE',  ( -2.299999999999999822, 0.09999999999993669508, -2.373922824958615063 ) ) ;
#7724 = CARTESIAN_POINT ( 'NONE',  ( 0.4500000000000000666, 2.419999999999999929, 2.200000000000000178 ) ) ;
#7725 = ORIENTED_EDGE ( 'NONE', *, *, #2649, .F. ) ;
#7726 = EDGE_CURVE ( 'NONE', #7193, #4713, #3534, .T. ) ;
#7727 = ORIENTED_EDGE ( 'NONE', *, *, #5580, .F. ) ;
#7728 = DIRECTION ( 'NONE',  ( 0.000000000000000000, 0.000000000000000000, 1.000000000000000000 ) ) ;
#7729 = ORIENTED_EDGE ( 'NONE', *, *, #8620, .T. ) ;
#7730 = ORIENTED_EDGE ( 'NONE', *, *, #5984, .F. ) ;
#7731 = VECTOR ( 'NONE', #6317, 1000.000000000000000 ) ;
#7732 = DIRECTION ( 'NONE',  ( -1.000000000000000000, 0.000000000000000000, 0.000000000000000000 ) ) ;
#7733 = CARTESIAN_POINT ( 'NONE',  ( -0.3499999999999999778, 2.419999999999999929, 2.149999999999999911 ) ) ;
#7734 = LINE ( 'NONE', #2702, #7217 ) ;
#7735 = AXIS2_PLACEMENT_3D ( 'NONE', #1332, #9261, #2712 ) ;
#7736 = CARTESIAN_POINT ( 'NONE',  ( 0.2499999999999835132, 0.6500000000000001332, 0.5499999999999839462 ) ) ;
#7737 = VERTEX_POINT ( 'NONE', #2903 ) ;
#7738 = EDGE_CURVE ( 'NONE', #9292, #7411, #4300, .T. ) ;
#7739 = ORIENTED_EDGE ( 'NONE', *, *, #7331, .F. ) ;
#7740 = ADVANCED_FACE ( 'NONE', ( #2201 ), #5790, .F. ) ;
#7741 = DIRECTION ( 'NONE',  ( 0.000000000000000000, -1.000000000000000000, 0.000000000000000000 ) ) ;
#7742 = VERTEX_POINT ( 'NONE', #5064 ) ;
#7743 = VECTOR ( 'NONE', #4082, 1000.000000000000000 ) ;
#7744 = CARTESIAN_POINT ( 'NONE',  ( -1.709999999999999964, 0.6999999999999999556, 2.649999999999999911 ) ) ;
#7745 = EDGE_CURVE ( 'NONE', #1541, #1759, #3630, .T. ) ;
#7746 = DIRECTION ( 'NONE',  ( 0.000000000000000000, 1.000000000000000000, 0.000000000000000000 ) ) ;
#7747 = DIRECTION ( 'NONE',  ( 0.000000000000000000, 0.000000000000000000, -1.000000000000000000 ) ) ;
#7748 = EDGE_CURVE ( 'NONE', #6229, #6998, #9324, .T. ) ;
#7749 = VECTOR ( 'NONE', #8652, 1000.000000000000000 ) ;
#7750 = ORIENTED_EDGE ( 'NONE', *, *, #6968, .F. ) ;
#7751 = VERTEX_POINT ( 'NONE', #2768 ) ;
#7752 = DIRECTION ( 'NONE',  ( -1.000000000000000000, 0.000000000000000000, 0.000000000000000000 ) ) ;
#7753 = VECTOR ( 'NONE', #3842, 1000.000000000000000 ) ;
#7754 = EDGE_CURVE ( 'NONE', #2740, #4087, #864, .T. ) ;
#7755 = CARTESIAN_POINT ( 'NONE',  ( -2.299999999999999822, 0.07243626441829999207, -2.470048994552399790 ) ) ;
#7756 = CARTESIAN_POINT ( 'NONE',  ( -2.109999999999999876, 0.5999999999999480194, -3.160007371274379917 ) ) ;
#7757 = CARTESIAN_POINT ( 'NONE',  ( -2.225000000000000089, 2.419999999999999929, -1.750000000000000000 ) ) ;
#7758 = CARTESIAN_POINT ( 'NONE',  ( -2.375000000000000000, 2.399999999999999911, -1.750000000000000000 ) ) ;
#7759 = ORIENTED_EDGE ( 'NONE', *, *, #9298, .T. ) ;
#7760 = CARTESIAN_POINT ( 'NONE',  ( -0.2499999999999999445, 2.100000000000000089, -0.6500000000000001332 ) ) ;
#7761 = AXIS2_PLACEMENT_3D ( 'NONE', #2739, #2603, #1224 ) ;
#7762 = CARTESIAN_POINT ( 'NONE',  ( -0.9499999999999999556, 2.100000000000000089, 1.500000000000000000 ) ) ;
#7763 = ORIENTED_EDGE ( 'NONE', *, *, #7694, .T. ) ;
#7764 = DIRECTION ( 'NONE',  ( 0.000000000000000000, -0.9828721869343112205, -0.1842885350502417308 ) ) ;
#7765 = EDGE_LOOP ( 'NONE', ( #6343, #8366, #4747, #6438, #2836, #6181, #5715, #3529 ) ) ;
#7766 = LINE ( 'NONE', #5506, #3460 ) ;
#7767 = AXIS2_PLACEMENT_3D ( 'NONE', #3536, #5894, #6531 ) ;
#7768 = DIRECTION ( 'NONE',  ( -0.000000000000000000, 1.000000000000000000, -0.000000000000000000 ) ) ;
#7769 = DIRECTION ( 'NONE',  ( 0.000000000000000000, 0.000000000000000000, -1.000000000000000000 ) ) ;
#7770 = FACE_OUTER_BOUND ( 'NONE', #1636, .T. ) ;
#7771 = DIRECTION ( 'NONE',  ( 0.000000000000000000, 0.000000000000000000, 1.000000000000000000 ) ) ;
#7772 = DIRECTION ( 'NONE',  ( -1.000000000000000000, 0.000000000000000000, 0.000000000000000000 ) ) ;
#7773 = EDGE_LOOP ( 'NONE', ( #8808, #5643, #6712, #4440 ) ) ;
#7774 = ORIENTED_EDGE ( 'NONE', *, *, #4865, .T. ) ;
#7775 = DIRECTION ( 'NONE',  ( -0.000000000000000000, 1.000000000000000000, -0.000000000000000000 ) ) ;
#7776 = ORIENTED_EDGE ( 'NONE', *, *, #4978, .F. ) ;
#7777 = ORIENTED_EDGE ( 'NONE', *, *, #8591, .T. ) ;
#7778 = B_SPLINE_CURVE_WITH_KNOTS ( 'NONE', 3,
 ( #85, #4370, #2223, #9449 ),
 .UNSPECIFIED., .F., .F.,
 ( 4, 4 ),
 ( 0.7931984764828844403, 0.8388334724171468970 ),
 .UNSPECIFIED. ) ;
#7779 = EDGE_CURVE ( 'NONE', #6424, #6474, #5116, .T. ) ;
#7780 = CARTESIAN_POINT ( 'NONE',  ( 2.973922824958600053, 0.000000000000000000, -2.373922824958600408 ) ) ;
#7781 = CARTESIAN_POINT ( 'NONE',  ( -0.8400000000000001910, -0.1000000000000000056, 4.000000000000000000 ) ) ;
#7782 = CARTESIAN_POINT ( 'NONE',  ( 2.050000000000000266, 2.419999999999999929, 2.149999999999999911 ) ) ;
#7783 = DIRECTION ( 'NONE',  ( 0.000000000000000000, -1.000000000000000000, 0.000000000000000000 ) ) ;
#7784 = ORIENTED_EDGE ( 'NONE', *, *, #2463, .T. ) ;
#7785 = EDGE_LOOP ( 'NONE', ( #7227, #8118, #5385, #7237 ) ) ;
#7786 = DIRECTION ( 'NONE',  ( -1.000000000000000000, 0.000000000000000000, 0.000000000000000000 ) ) ;
#7787 = VERTEX_POINT ( 'NONE', #6569 ) ;
#7788 = VERTEX_POINT ( 'NONE', #5743 ) ;
#7789 = LINE ( 'NONE', #516, #6051 ) ;
#7790 = EDGE_CURVE ( 'NONE', #502, #6780, #3672, .T. ) ;
#7791 = ADVANCED_FACE ( 'NONE', ( #8607 ), #4347, .F. ) ;
#7792 = LINE ( 'NONE', #5670, #2380 ) ;
#7793 = DIRECTION ( 'NONE',  ( 0.000000000000000000, 0.000000000000000000, 1.000000000000000000 ) ) ;
#7794 = CARTESIAN_POINT ( 'NONE',  ( 2.100000000000000089, 0.8499999999999999778, -3.160007371274399901 ) ) ;
#7795 = ORIENTED_EDGE ( 'NONE', *, *, #4334, .T. ) ;
#7796 = DIRECTION ( 'NONE',  ( 0.000000000000000000, -1.000000000000000000, 0.000000000000000000 ) ) ;
#7797 = EDGE_CURVE ( 'NONE', #316, #8231, #4974, .T. ) ;
#7798 = EDGE_CURVE ( 'NONE', #789, #2326, #7231, .T. ) ;
#7799 = LINE ( 'NONE', #9223, #6711 ) ;
#7800 = CARTESIAN_POINT ( 'NONE',  ( 0.8299999999999999600, 0.05000000000000000278, 4.000000000000000000 ) ) ;
#7801 = PLANE ( 'NONE',  #1614 ) ;
#7802 = ORIENTED_EDGE ( 'NONE', *, *, #8038, .F. ) ;
#7803 = LINE ( 'NONE', #6778, #4764 ) ;
#7804 = DIRECTION ( 'NONE',  ( 0.000000000000000000, 0.1842885350502414255, -0.9828721869343114426 ) ) ;
#7805 = ORIENTED_EDGE ( 'NONE', *, *, #6410, .F. ) ;
#7806 = EDGE_CURVE ( 'NONE', #8702, #2927, #682, .T. ) ;
#7807 = CARTESIAN_POINT ( 'NONE',  ( 2.100000000000000089, 0.6999999999999999556, 3.160007371274399901 ) ) ;
#7808 = ORIENTED_EDGE ( 'NONE', *, *, #3400, .T. ) ;
#7809 = EDGE_CURVE ( 'NONE', #5315, #290, #7182, .T. ) ;
#7810 = CARTESIAN_POINT ( 'NONE',  ( -2.375000000000000000, 2.419999999999999929, -1.750000000000000000 ) ) ;
#7811 = DIRECTION ( 'NONE',  ( 1.000000000000000000, 0.000000000000000000, 0.000000000000000000 ) ) ;
#7812 = FACE_OUTER_BOUND ( 'NONE', #3855, .T. ) ;
#7813 = DIRECTION ( 'NONE',  ( -1.550409106656674325E-12, 0.000000000000000000, 1.000000000000000000 ) ) ;
#7814 = ORIENTED_EDGE ( 'NONE', *, *, #2806, .F. ) ;
#7815 = EDGE_LOOP ( 'NONE', ( #9353, #8955, #2415, #8876 ) ) ;
#7816 = CARTESIAN_POINT ( 'NONE',  ( -3.135292069141179638, 2.100000230693639836, 2.338816029967465848 ) ) ;
#7817 = ORIENTED_EDGE ( 'NONE', *, *, #4497, .F. ) ;
#7818 = ORIENTED_EDGE ( 'NONE', *, *, #1820, .F. ) ;
#7819 = AXIS2_PLACEMENT_3D ( 'NONE', #924, #4589, #166 ) ;
#7820 = FACE_OUTER_BOUND ( 'NONE', #2950, .T. ) ;
#7821 = LINE ( 'NONE', #458, #5608 ) ;
#7822 = B_SPLINE_CURVE_WITH_KNOTS ( 'NONE', 3,
 ( #8784, #1675, #859, #3719 ),
 .UNSPECIFIED., .F., .F.,
 ( 4, 4 ),
 ( 3.927051630884098365, 4.712388980384648818 ),
 .UNSPECIFIED. ) ;
#7823 = AXIS2_PLACEMENT_3D ( 'NONE', #3368, #1229, #6354 ) ;
#7824 = ORIENTED_EDGE ( 'NONE', *, *, #883, .F. ) ;
#7825 = ORIENTED_EDGE ( 'NONE', *, *, #392, .F. ) ;
#7826 = AXIS2_PLACEMENT_3D ( 'NONE', #5936, #1678, #7468 ) ;
#7827 = CARTESIAN_POINT ( 'NONE',  ( 1.050000000000000044, 2.419999999999999929, 2.200000000000000178 ) ) ;
#7828 = ORIENTED_EDGE ( 'NONE', *, *, #5577, .F. ) ;
#7829 = VERTEX_POINT ( 'NONE', #5392 ) ;
#7830 = VECTOR ( 'NONE', #3344, 1000.000000000000000 ) ;
#7831 = CIRCLE ( 'NONE', #2168, 0.2500000000000520139 ) ;
#7832 = CARTESIAN_POINT ( 'NONE',  ( 0.4300000000000001599, 0.6999999999999999556, -2.649999999999999911 ) ) ;
#7833 = CARTESIAN_POINT ( 'NONE',  ( -1.709999999999999964, 0.6999999999999999556, 3.160007371274399901 ) ) ;
#7834 = CARTESIAN_POINT ( 'NONE',  ( 2.100000000000000089, 0.05000000000000000278, 3.600481571814099890 ) ) ;
#7835 = ORIENTED_EDGE ( 'NONE', *, *, #5298, .T. ) ;
#7836 = VECTOR ( 'NONE', #8570, 1000.000000000000000 ) ;
#7837 = CARTESIAN_POINT ( 'NONE',  ( 3.299999999999999822, 0.6999999999999999556, 2.504661987654900113 ) ) ;
#7838 = EDGE_CURVE ( 'NONE', #7957, #1830, #2249, .T. ) ;
#7839 = AXIS2_PLACEMENT_3D ( 'NONE', #2956, #4583, #3865 ) ;
#7840 = CARTESIAN_POINT ( 'NONE',  ( 1.949999999999999956, 2.419999999999999929, 1.800000000000000266 ) ) ;
#7841 = VECTOR ( 'NONE', #3584, 1000.000000000000000 ) ;
#7842 = AXIS2_PLACEMENT_3D ( 'NONE', #4263, #3589, #3638 ) ;
#7843 = DIRECTION ( 'NONE',  ( 0.000000000000000000, 0.9429903335828897504, -0.3328201177351369777 ) ) ;
#7844 = CARTESIAN_POINT ( 'NONE',  ( 3.011075042537525004, 2.299999999999999822, 2.850000000000000089 ) ) ;
#7845 = ORIENTED_EDGE ( 'NONE', *, *, #1611, .T. ) ;
#7846 = EDGE_CURVE ( 'NONE', #9153, #477, #3725, .T. ) ;
#7847 = EDGE_CURVE ( 'NONE', #6700, #1758, #5913, .T. ) ;
#7848 = CARTESIAN_POINT ( 'NONE',  ( 1.649999999999999911, 2.419999999999999929, 2.250000000000000444 ) ) ;
#7849 = VERTEX_POINT ( 'NONE', #5439 ) ;
#7850 = CARTESIAN_POINT ( 'NONE',  ( 0.8299999999999999600, 0.8499999999999999778, -3.160007371274399901 ) ) ;
#7851 = VECTOR ( 'NONE', #1201, 1000.000000000000000 ) ;
#7852 = ORIENTED_EDGE ( 'NONE', *, *, #1469, .F. ) ;
#7853 = VECTOR ( 'NONE', #6566, 1000.000000000000000 ) ;
#7854 = DIRECTION ( 'NONE',  ( 1.000000000000000000, 0.000000000000000000, 0.000000000000000000 ) ) ;
#7855 = EDGE_CURVE ( 'NONE', #3496, #3266, #382, .T. ) ;
#7856 = AXIS2_PLACEMENT_3D ( 'NONE', #2889, #9225, #7932 ) ;
#7857 = LINE ( 'NONE', #6570, #2031 ) ;
#7858 = PLANE ( 'NONE',  #2105 ) ;
#7859 = LINE ( 'NONE', #1450, #3843 ) ;
#7860 = VECTOR ( 'NONE', #3755, 1000.000000000000000 ) ;
#7861 = DIRECTION ( 'NONE',  ( 0.000000000000000000, -1.000000000000000000, 0.000000000000000000 ) ) ;
#7862 = FACE_OUTER_BOUND ( 'NONE', #1832, .T. ) ;
#7863 = ORIENTED_EDGE ( 'NONE', *, *, #7326, .F. ) ;
#7864 = VERTEX_POINT ( 'NONE', #4050 ) ;
#7865 = EDGE_CURVE ( 'NONE', #823, #7648, #3951, .T. ) ;
#7866 = FACE_OUTER_BOUND ( 'NONE', #5159, .T. ) ;
#7867 = EDGE_LOOP ( 'NONE', ( #8605, #4267, #1338, #5704 ) ) ;
#7868 = ORIENTED_EDGE ( 'NONE', *, *, #2709, .F. ) ;
#7869 = CIRCLE ( 'NONE', #3889, 0.09999999999984543475 ) ;
#7870 = FACE_OUTER_BOUND ( 'NONE', #5214, .T. ) ;
#7871 = ADVANCED_FACE ( 'NONE', ( #3050 ), #5163, .T. ) ;
#7872 =( NAMED_UNIT ( * ) PLANE_ANGLE_UNIT ( ) SI_UNIT ( $, .RADIAN. ) );
#7873 = DIRECTION ( 'NONE',  ( -1.000000000000000000, 0.000000000000000000, 0.000000000000000000 ) ) ;
#7874 = ORIENTED_EDGE ( 'NONE', *, *, #1129, .T. ) ;
#7875 = VERTEX_POINT ( 'NONE', #111 ) ;
#7876 = ADVANCED_FACE ( 'NONE', ( #2570 ), #7650, .F. ) ;
#7877 = VECTOR ( 'NONE', #6987, 1000.000000000000000 ) ;
#7878 = DIRECTION ( 'NONE',  ( 0.000000000000000000, -1.000000000000000000, 0.000000000000000000 ) ) ;
#7879 = EDGE_LOOP ( 'NONE', ( #2179, #5889, #5189, #1590 ) ) ;
#7880 = ORIENTED_EDGE ( 'NONE', *, *, #6573, .F. ) ;
#7881 = CARTESIAN_POINT ( 'NONE',  ( 1.949999999999999956, 2.399999999999999911, 2.250000000000000444 ) ) ;
#7882 = AXIS2_PLACEMENT_3D ( 'NONE', #1951, #4896, #567 ) ;
#7883 = LINE ( 'NONE', #520, #8804 ) ;
#7884 = CARTESIAN_POINT ( 'NONE',  ( -3.107187002803428300, 2.328995305518207992, -2.335187649061083892 ) ) ;
#7885 = CYLINDRICAL_SURFACE ( 'NONE', #2930, 0.2000000000000000944 ) ;
#7886 = EDGE_LOOP ( 'NONE', ( #461, #270, #2648, #9257, #2523, #2536, #5007, #9258 ) ) ;
#7887 = CARTESIAN_POINT ( 'NONE',  ( 1.699999999999999956, 0.7000000000000099476, -3.160007371274399901 ) ) ;
#7888 = DIRECTION ( 'NONE',  ( 0.000000000000000000, -1.000000000000000000, 0.000000000000000000 ) ) ;
#7889 = CIRCLE ( 'NONE', #3291, 0.2500000000000520139 ) ;
#7890 = EDGE_CURVE ( 'NONE', #8846, #5513, #8358, .T. ) ;
#7891 = VECTOR ( 'NONE', #1041, 1000.000000000000000 ) ;
#7892 = DIRECTION ( 'NONE',  ( -0.000000000000000000, 1.000000000000000000, -0.000000000000000000 ) ) ;
#7893 = DIRECTION ( 'NONE',  ( -1.000000000000000000, 0.000000000000000000, 0.000000000000000000 ) ) ;
#7894 = CARTESIAN_POINT ( 'NONE',  ( -3.110390102969801784, 2.311684124756700154, 2.059609897030198145 ) ) ;
#7895 = ORIENTED_EDGE ( 'NONE', *, *, #4056, .F. ) ;
#7896 = CARTESIAN_POINT ( 'NONE',  ( 0.8299999999999999600, 0.6460721337625500160, 3.405725418007999661 ) ) ;
#7897 = ORIENTED_EDGE ( 'NONE', *, *, #4847, .T. ) ;
#7898 = CARTESIAN_POINT ( 'NONE',  ( 0.9499999999999999556, 2.419999999999999929, 1.850000000000000089 ) ) ;
#7899 = ORIENTED_EDGE ( 'NONE', *, *, #5802, .T. ) ;
#7900 = VECTOR ( 'NONE', #8126, 1000.000000000000000 ) ;
#7901 = ADVANCED_FACE ( 'NONE', ( #5487 ), #1580, .F. ) ;
#7902 = DIRECTION ( 'NONE',  ( 0.000000000000000000, -0.1842885350500574615, -0.9828721869343458595 ) ) ;
#7903 = EDGE_CURVE ( 'NONE', #3190, #6780, #5938, .T. ) ;
#7904 = LINE ( 'NONE', #4257, #3853 ) ;
#7905 = DIRECTION ( 'NONE',  ( 0.000000000000000000, 0.000000000000000000, -1.000000000000000000 ) ) ;
#7906 = CARTESIAN_POINT ( 'NONE',  ( -0.8400000000000001910, 0.05000000000000000278, 4.000000000000000000 ) ) ;
#7907 = AXIS2_PLACEMENT_3D ( 'NONE', #9213, #1234, #569 ) ;
#7908 = DIRECTION ( 'NONE',  ( 0.000000000000000000, 0.000000000000000000, 1.000000000000000000 ) ) ;
#7909 = ORIENTED_EDGE ( 'NONE', *, *, #260, .T. ) ;
#7910 = ORIENTED_EDGE ( 'NONE', *, *, #1798, .F. ) ;
#7911 = DIRECTION ( 'NONE',  ( 0.000000000000000000, 0.000000000000000000, -1.000000000000000000 ) ) ;
#7912 = ORIENTED_EDGE ( 'NONE', *, *, #5591, .T. ) ;
#7913 = EDGE_LOOP ( 'NONE', ( #511, #7483, #8459, #7971 ) ) ;
#7914 = EDGE_CURVE ( 'NONE', #7401, #1060, #8836, .T. ) ;
#7915 = VECTOR ( 'NONE', #2732, 1000.000000000000000 ) ;
#7916 = FACE_OUTER_BOUND ( 'NONE', #4467, .T. ) ;
#7917 = EDGE_CURVE ( 'NONE', #8148, #565, #7418, .T. ) ;
#7918 = CYLINDRICAL_SURFACE ( 'NONE', #5846, 0.1000000000000162009 ) ;
#7919 = DIRECTION ( 'NONE',  ( 0.000000000000000000, 0.000000000000000000, -1.000000000000000000 ) ) ;
#7920 = ORIENTED_EDGE ( 'NONE', *, *, #5317, .F. ) ;
#7921 = ORIENTED_EDGE ( 'NONE', *, *, #2530, .F. ) ;
#7922 = AXIS2_PLACEMENT_3D ( 'NONE', #3337, #9132, #2673 ) ;
#7923 = DIRECTION ( 'NONE',  ( 0.000000000000000000, -1.000000000000000000, 0.000000000000000000 ) ) ;
#7924 = EDGE_LOOP ( 'NONE', ( #6999, #7750, #8085, #5200 ) ) ;
#7925 = ORIENTED_EDGE ( 'NONE', *, *, #2016, .T. ) ;
#7926 = EDGE_CURVE ( 'NONE', #6633, #2610, #1531, .T. ) ;
#7927 = CARTESIAN_POINT ( 'NONE',  ( -3.011075042537524560, 2.399999999999999911, 2.158924957462475813 ) ) ;
#7928 = EDGE_CURVE ( 'NONE', #8426, #5445, #1796, .T. ) ;
#7929 = DIRECTION ( 'NONE',  ( 0.1160517706371316515, 0.9864400504156211058, 0.1160517706371316515 ) ) ;
#7930 = CYLINDRICAL_SURFACE ( 'NONE', #8012, 0.09999999999984500454 ) ;
#7931 = VERTEX_POINT ( 'NONE', #7602 ) ;
#7932 = DIRECTION ( 'NONE',  ( 0.1168412475673972217, 0.9931506043228762737, 0.000000000000000000 ) ) ;
#7933 = ORIENTED_EDGE ( 'NONE', *, *, #1609, .T. ) ;
#7934 = CARTESIAN_POINT ( 'NONE',  ( 1.699999999999999956, -0.1000000000000000056, 4.000000000000000000 ) ) ;
#7935 = CARTESIAN_POINT ( 'NONE',  ( 0.3499999999999999778, 2.399999999999999911, 1.850000000000000089 ) ) ;
#7936 = CARTESIAN_POINT ( 'NONE',  ( 2.050000000000000266, 2.399999999999999911, 1.949999999999999956 ) ) ;
#7937 = CARTESIAN_POINT ( 'NONE',  ( 0.2499999999999925338, 0.5500000000000000444, -2.710505431213760161E-17 ) ) ;
#7938 = DIRECTION ( 'NONE',  ( 0.9612616959383240012, 0.2756373558169815108, 0.000000000000000000 ) ) ;
#7939 = ORIENTED_EDGE ( 'NONE', *, *, #4847, .F. ) ;
#7940 = LINE ( 'NONE', #7896, #7101 ) ;
#7941 = EDGE_LOOP ( 'NONE', ( #7548, #3221, #1649, #6902 ) ) ;
#7942 = DIRECTION ( 'NONE',  ( 0.000000000000000000, 0.000000000000000000, 1.000000000000000000 ) ) ;
#7943 = CARTESIAN_POINT ( 'NONE',  ( -0.4400000000000000022, -0.1000000000000000056, -4.000000000000000000 ) ) ;
#7944 = FACE_OUTER_BOUND ( 'NONE', #874, .T. ) ;
#7945 = DIRECTION ( 'NONE',  ( 0.7071067811865474617, 0.000000000000000000, 0.7071067811865474617 ) ) ;
#7946 = CARTESIAN_POINT ( 'NONE',  ( -1.392537410341699866, 2.399999999999999911, -2.250000000000000444 ) ) ;
#7947 = CARTESIAN_POINT ( 'NONE',  ( 0.2500000000000000000, 0.6500000000000001332, 0.1000000000000000056 ) ) ;
#7948 = DIRECTION ( 'NONE',  ( 1.000000000000000000, 0.000000000000000000, 0.000000000000000000 ) ) ;
#7949 = ORIENTED_EDGE ( 'NONE', *, *, #3202, .T. ) ;
#7950 = CARTESIAN_POINT ( 'NONE',  ( -0.4400000000000000022, 0.1500000000000175360, 3.600481571814044823 ) ) ;
#7951 = ORIENTED_EDGE ( 'NONE', *, *, #1020, .F. ) ;
#7952 = ADVANCED_FACE ( 'NONE', ( #331 ), #3230, .F. ) ;
#7953 = ORIENTED_EDGE ( 'NONE', *, *, #33, .T. ) ;
#7954 = LINE ( 'NONE', #2917, #4677 ) ;
#7955 = CARTESIAN_POINT ( 'NONE',  ( 0.000000000000000000, 2.100000000000000089, 0.000000000000000000 ) ) ;
#7956 = CARTESIAN_POINT ( 'NONE',  ( -2.399999999999999911, 0.000000000000000000, 0.000000000000000000 ) ) ;
#7957 = VERTEX_POINT ( 'NONE', #1817 ) ;
#7958 = EDGE_LOOP ( 'NONE', ( #4318, #1109, #7939, #1067 ) ) ;
#7959 = LINE ( 'NONE', #8908, #6176 ) ;
#7960 = EDGE_LOOP ( 'NONE', ( #7725, #9208, #1770, #5897, #4871, #8511 ) ) ;
#7961 = ADVANCED_FACE ( 'NONE', ( #4723 ), #4431, .F. ) ;
#7962 = ADVANCED_FACE ( 'NONE', ( #7069 ), #5002, .F. ) ;
#7963 = EDGE_LOOP ( 'NONE', ( #7921, #7328, #6873, #7653 ) ) ;
#7964 = CARTESIAN_POINT ( 'NONE',  ( -0.3499999999999958700, 0.5758484445709354249, 0.5758484445709353139 ) ) ;
#7965 = DIRECTION ( 'NONE',  ( 1.000000000000000000, -0.000000000000000000, -0.000000000000000000 ) ) ;
#7966 = VECTOR ( 'NONE', #991, 999.9999999999998863 ) ;
#7967 = ADVANCED_FACE ( 'NONE', ( #1187 ), #7022, .T. ) ;
#7968 = LINE ( 'NONE', #6454, #4036 ) ;
#7969 = ORIENTED_EDGE ( 'NONE', *, *, #5744, .F. ) ;
#7970 = LINE ( 'NONE', #5147, #3868 ) ;
#7971 = ORIENTED_EDGE ( 'NONE', *, *, #5381, .T. ) ;
#7972 = VERTEX_POINT ( 'NONE', #7123 ) ;
#7973 = DIRECTION ( 'NONE',  ( 0.000000000000000000, 0.000000000000000000, 1.000000000000000000 ) ) ;
#7974 = EDGE_CURVE ( 'NONE', #1693, #6815, #1953, .T. ) ;
#7975 = COLOUR_RGB ( '',0.7568627450980391913, 0.7686274509803920907, 0.7529411764705882248 ) ;
#7976 = VECTOR ( 'NONE', #8657, 1000.000000000000000 ) ;
#7977 = LINE ( 'NONE', #2943, #5117 ) ;
#7978 = AXIS2_PLACEMENT_3D ( 'NONE', #9442, #4990, #558 ) ;
#7979 = DIRECTION ( 'NONE',  ( 0.000000000000000000, -1.000000000000000000, 0.000000000000000000 ) ) ;
#7980 = CARTESIAN_POINT ( 'NONE',  ( -0.4400000000000000022, 0.1315711464949800014, -3.502194353120600123 ) ) ;
#7981 = AXIS2_PLACEMENT_3D ( 'NONE', #2056, #6372, #7174 ) ;
#7982 = DIRECTION ( 'NONE',  ( -1.000000000000000000, 0.000000000000000000, 0.000000000000000000 ) ) ;
#7983 = DIRECTION ( 'NONE',  ( -0.1160517706371316515, -0.9864400504156211058, -0.1160517706371316515 ) ) ;
#7984 = ORIENTED_EDGE ( 'NONE', *, *, #1594, .T. ) ;
#7985 = EDGE_CURVE ( 'NONE', #8910, #7864, #8493, .T. ) ;
#7986 = DIRECTION ( 'NONE',  ( -0.000000000000000000, 1.000000000000000000, -0.000000000000000000 ) ) ;
#7987 = ORIENTED_EDGE ( 'NONE', *, *, #2986, .F. ) ;
#7988 = FACE_OUTER_BOUND ( 'NONE', #3796, .T. ) ;
#7989 = FACE_OUTER_BOUND ( 'NONE', #3348, .T. ) ;
#7990 = VECTOR ( 'NONE', #4996, 1000.000000000000000 ) ;
#7991 = DIRECTION ( 'NONE',  ( 0.000000000000000000, -0.9828721869343458595, 0.1842885350500573227 ) ) ;
#7992 = DIRECTION ( 'NONE',  ( 0.000000000000000000, 0.000000000000000000, 1.000000000000000000 ) ) ;
#7993 = CARTESIAN_POINT ( 'NONE',  ( 0.3499999999999999778, 0.05000000000000000278, 0.000000000000000000 ) ) ;
#7994 = DIRECTION ( 'NONE',  ( 0.000000000000000000, -0.9828721869343113315, 0.1842885350502413977 ) ) ;
#7995 = PLANE ( 'NONE',  #517 ) ;
#7996 = VECTOR ( 'NONE', #7423, 1000.000000000000000 ) ;
#7997 = CARTESIAN_POINT ( 'NONE',  ( 0.6500000000000001332, 2.399999999999999911, 1.850000000000000089 ) ) ;
#7998 = ORIENTED_EDGE ( 'NONE', *, *, #2806, .T. ) ;
#7999 = CYLINDRICAL_SURFACE ( 'NONE', #7652, 0.09999999999991351918 ) ;
#8000 = VERTEX_POINT ( 'NONE', #9351 ) ;
#8001 = ORIENTED_EDGE ( 'NONE', *, *, #8501, .T. ) ;
#8002 = LINE ( 'NONE', #9336, #2991 ) ;
#8003 = AXIS2_PLACEMENT_3D ( 'NONE', #5934, #5888, #8880 ) ;
#8004 = DIRECTION ( 'NONE',  ( -1.000000000000000000, 0.000000000000000000, 0.000000000000000000 ) ) ;
#8005 = FACE_OUTER_BOUND ( 'NONE', #3455, .T. ) ;
#8006 = ADVANCED_FACE ( 'NONE', ( #9164 ), #3372, .F. ) ;
#8007 = CARTESIAN_POINT ( 'NONE',  ( -1.709999999999999964, 0.04999999999999400063, -4.000000000000000000 ) ) ;
#8008 = ORIENTED_EDGE ( 'NONE', *, *, #7480, .F. ) ;
#8009 = DIRECTION ( 'NONE',  ( 0.000000000000000000, -1.000000000000000000, 0.000000000000000000 ) ) ;
#8010 = ORIENTED_EDGE ( 'NONE', *, *, #3984, .T. ) ;
#8011 = ORIENTED_EDGE ( 'NONE', *, *, #9259, .T. ) ;
#8012 = AXIS2_PLACEMENT_3D ( 'NONE', #5815, #8768, #5674 ) ;
#8013 = CARTESIAN_POINT ( 'NONE',  ( -2.399999999999999467, 0.6999999999999999556, 2.649999999999999911 ) ) ;
#8014 = CARTESIAN_POINT ( 'NONE',  ( -1.709999999999999964, 0.05000000000000000278, 3.600481571814099890 ) ) ;
#8015 = EDGE_CURVE ( 'NONE', #4193, #4830, #8583, .T. ) ;
#8016 = ADVANCED_FACE ( 'NONE', ( #2664 ), #2043, .T. ) ;
#8017 = AXIS2_PLACEMENT_3D ( 'NONE', #2691, #7187, #9384 ) ;
#8018 = CARTESIAN_POINT ( 'NONE',  ( 0.4299999999999999933, 0.05000000000000000278, 3.600481571814099890 ) ) ;
#8019 = VERTEX_POINT ( 'NONE', #9306 ) ;
#8020 = EDGE_LOOP ( 'NONE', ( #6390, #7051, #4986, #6426 ) ) ;
#8021 = CARTESIAN_POINT ( 'NONE',  ( -1.709999999999999964, 0.8500000000000000888, -2.649999999999999911 ) ) ;
#8022 = DIRECTION ( 'NONE',  ( -1.000000000000000000, 0.000000000000000000, 0.000000000000000000 ) ) ;
#8023 = EDGE_LOOP ( 'NONE', ( #8388, #1275, #3126, #18 ) ) ;
#8024 = AXIS2_PLACEMENT_3D ( 'NONE', #4201, #5642, #3436 ) ;
#8025 = EDGE_CURVE ( 'NONE', #3899, #4999, #4189, .T. ) ;
#8026 = LINE ( 'NONE', #1521, #2674 ) ;
#8027 = EDGE_CURVE ( 'NONE', #724, #8405, #4136, .T. ) ;
#8028 = CARTESIAN_POINT ( 'NONE',  ( -1.709999999999999964, -0.1000000000000000056, -3.600481571814099890 ) ) ;
#8029 = LINE ( 'NONE', #4339, #2200 ) ;
#8030 = AXIS2_PLACEMENT_3D ( 'NONE', #2883, #2175, #3173 ) ;
#8031 = CARTESIAN_POINT ( 'NONE',  ( 1.949999999999999956, 2.419999999999999929, 2.250000000000000444 ) ) ;
#8032 = EDGE_LOOP ( 'NONE', ( #1463, #1222, #5034, #553 ) ) ;
#8033 = VERTEX_POINT ( 'NONE', #4815 ) ;
#8034 = CARTESIAN_POINT ( 'NONE',  ( 0.4299999999999999933, 0.1500000000000405176, 3.600481571814114989 ) ) ;
#8035 = EDGE_CURVE ( 'NONE', #3937, #8033, #7883, .T. ) ;
#8036 = AXIS2_PLACEMENT_3D ( 'NONE', #9294, #6396, #2738 ) ;
#8037 = CARTESIAN_POINT ( 'NONE',  ( -2.375000000000000000, 2.399999999999999911, -1.850000000000000089 ) ) ;
#8038 = EDGE_CURVE ( 'NONE', #5432, #4180, #3426, .T. ) ;
#8039 = CARTESIAN_POINT ( 'NONE',  ( 1.649999999999999911, 2.419999999999999929, 2.250000000000000444 ) ) ;
#8040 = CARTESIAN_POINT ( 'NONE',  ( 1.699999999999999956, 0.04999999999999400063, -4.000000000000000000 ) ) ;
#8041 = CARTESIAN_POINT ( 'NONE',  ( -0.3499999999999999778, 0.05000000000000000278, 0.1000000000000000056 ) ) ;
#8042 = CARTESIAN_POINT ( 'NONE',  ( -1.419999999999999929, 2.399999999999999911, -1.500000000000000000 ) ) ;
#8043 = ORIENTED_EDGE ( 'NONE', *, *, #4056, .T. ) ;
#8044 = VECTOR ( 'NONE', #7854, 1000.000000000000000 ) ;
#8045 = DIRECTION ( 'NONE',  ( 1.000000000000000000, 0.000000000000000000, 0.000000000000000000 ) ) ;
#8046 = ORIENTED_EDGE ( 'NONE', *, *, #1726, .T. ) ;
#8047 = EDGE_LOOP ( 'NONE', ( #1843, #5754, #4759, #7909 ) ) ;
#8048 = CYLINDRICAL_SURFACE ( 'NONE', #1790, 0.1000000000000162009 ) ;
#8049 = AXIS2_PLACEMENT_3D ( 'NONE', #4846, #4038, #559 ) ;
#8050 = FACE_OUTER_BOUND ( 'NONE', #8171, .T. ) ;
#8051 = DIRECTION ( 'NONE',  ( 0.000000000000000000, 0.000000000000000000, -1.000000000000000000 ) ) ;
#8052 = DIRECTION ( 'NONE',  ( 0.000000000000000000, 0.000000000000000000, -1.000000000000000000 ) ) ;
#8053 = ORIENTED_EDGE ( 'NONE', *, *, #2635, .F. ) ;
#8054 = ORIENTED_EDGE ( 'NONE', *, *, #7503, .T. ) ;
#8055 = DIRECTION ( 'NONE',  ( 0.000000000000000000, -1.000000000000000000, 0.000000000000000000 ) ) ;
#8056 = EDGE_LOOP ( 'NONE', ( #6388, #7073, #2244, #648 ) ) ;
#8058 = ORIENTED_EDGE ( 'NONE', *, *, #1481, .F. ) ;
#8057 = CIRCLE ( 'NONE', #7761, 0.2500000000000405787 ) ;
#8059 = CARTESIAN_POINT ( 'NONE',  ( 2.299999999999999822, 0.07243626441830008922, 2.470048994552399790 ) ) ;
#8060 = DIRECTION ( 'NONE',  ( 1.000000000000000000, -0.000000000000000000, -0.000000000000000000 ) ) ;
#8061 = FACE_OUTER_BOUND ( 'NONE', #1991, .T. ) ;
#8062 = ORIENTED_EDGE ( 'NONE', *, *, #9376, .T. ) ;
#8063 = ORIENTED_EDGE ( 'NONE', *, *, #8936, .F. ) ;
#8064 = CARTESIAN_POINT ( 'NONE',  ( -0.5500000000000000444, 2.399999999999999911, 2.250000000000000444 ) ) ;
#8065 = DIRECTION ( 'NONE',  ( 0.000000000000000000, 0.9828721869343113315, 0.1842885350502413977 ) ) ;
#8066 = ORIENTED_EDGE ( 'NONE', *, *, #7501, .F. ) ;
#8067 = DIRECTION ( 'NONE',  ( 0.000000000000000000, 0.000000000000000000, 1.000000000000000000 ) ) ;
#8068 = ADVANCED_FACE ( 'NONE', ( #9262 ), #2713, .F. ) ;
#8069 = EDGE_CURVE ( 'NONE', #7648, #6817, #8538, .T. ) ;
#8070 = DIRECTION ( 'NONE',  ( -0.6018150231527196192, 0.000000000000000000, -0.7986355100467869006 ) ) ;
#8071 = DIRECTION ( 'NONE',  ( 0.000000000000000000, 0.000000000000000000, -1.000000000000000000 ) ) ;
#8072 = EDGE_CURVE ( 'NONE', #1152, #3107, #612, .T. ) ;
#8073 = ORIENTED_EDGE ( 'NONE', *, *, #4093, .F. ) ;
#8074 = ORIENTED_EDGE ( 'NONE', *, *, #2134, .F. ) ;
#8075 = VERTEX_POINT ( 'NONE', #1377 ) ;
#8076 = CARTESIAN_POINT ( 'NONE',  ( -0.9499999999999999556, 2.399999999999999911, 1.850000000000000089 ) ) ;
#8077 = EDGE_CURVE ( 'NONE', #5657, #789, #5758, .T. ) ;
#8078 = EDGE_CURVE ( 'NONE', #4261, #2301, #1341, .T. ) ;
#8079 = CARTESIAN_POINT ( 'NONE',  ( -1.550000000000000266, 2.419999999999999929, 2.000000000000000000 ) ) ;
#8080 = DIRECTION ( 'NONE',  ( 1.000000000000000000, 0.000000000000000000, 0.000000000000000000 ) ) ;
#8081 = CARTESIAN_POINT ( 'NONE',  ( -2.109999999999999876, -0.1000000000000000056, -4.000000000000000000 ) ) ;
#8082 = CARTESIAN_POINT ( 'NONE',  ( -0.3499999999999999778, 0.05000000000000000278, 0.6500000000000001332 ) ) ;
#8083 = ADVANCED_FACE ( 'NONE', ( #8766 ), #3606, .F. ) ;
#8084 = LINE ( 'NONE', #6576, #5550 ) ;
#8085 = ORIENTED_EDGE ( 'NONE', *, *, #9008, .F. ) ;
#8086 = CARTESIAN_POINT ( 'NONE',  ( 1.649999999999999911, 2.419999999999999929, 2.149999999999999911 ) ) ;
#8087 = ORIENTED_EDGE ( 'NONE', *, *, #8866, .F. ) ;
#8088 = DIRECTION ( 'NONE',  ( 0.000000000000000000, -1.000000000000000000, 0.000000000000000000 ) ) ;
#8089 =( REPRESENTATION_RELATIONSHIP ('NONE','NONE', #1807, #813 ) REPRESENTATION_RELATIONSHIP_WITH_TRANSFORMATION ( #1818 )SHAPE_REPRESENTATION_RELATIONSHIP( ) );
#8090 = ORIENTED_EDGE ( 'NONE', *, *, #4632, .T. ) ;
#8091 = ADVANCED_FACE ( 'NONE', ( #5093 ), #6691, .F. ) ;
#8092 = CARTESIAN_POINT ( 'NONE',  ( 0.3200000000000000067, 2.100000000000000089, -0.6500000000000001332 ) ) ;
#8093 = PLANE ( 'NONE',  #49 ) ;
#8094 = DIRECTION ( 'NONE',  ( 0.000000000000000000, 0.000000000000000000, -1.000000000000000000 ) ) ;
#8095 = CARTESIAN_POINT ( 'NONE',  ( -3.042795695566244962, 2.394835648210170032, -2.442795695566195135 ) ) ;
#8096 = ORIENTED_EDGE ( 'NONE', *, *, #5287, .F. ) ;
#8097 = VERTEX_POINT ( 'NONE', #7344 ) ;
#8098 = CYLINDRICAL_SURFACE ( 'NONE', #4624, 0.1000000000000176026 ) ;
#8099 = ORIENTED_EDGE ( 'NONE', *, *, #2414, .T. ) ;
#8100 = ORIENTED_EDGE ( 'NONE', *, *, #7353, .T. ) ;
#8101 = B_SPLINE_CURVE_WITH_KNOTS ( 'NONE', 3,
 ( #2381, #5344, #7649, #2430 ),
 .UNSPECIFIED., .F., .F.,
 ( 4, 4 ),
 ( 1.570796326794897002, 2.356194489046715912 ),
 .UNSPECIFIED. ) ;
#8102 = LINE ( 'NONE', #5769, #8782 ) ;
#8103 = LINE ( 'NONE', #8816, #2556 ) ;
#8104 = CARTESIAN_POINT ( 'NONE',  ( 2.712020672317072556, 2.391928108793947239, -2.457979327682926929 ) ) ;
#8105 = LINE ( 'NONE', #5919, #73 ) ;
#8106 = ORIENTED_EDGE ( 'NONE', *, *, #2427, .T. ) ;
#8107 = ORIENTED_EDGE ( 'NONE', *, *, #1592, .T. ) ;
#8108 = CARTESIAN_POINT ( 'NONE',  ( 0.4299999999999999933, 0.6999999999999999556, 2.649999999999999911 ) ) ;
#8109 = CYLINDRICAL_SURFACE ( 'NONE', #5719, 0.09999999999997943867 ) ;
#8110 = ORIENTED_EDGE ( 'NONE', *, *, #1781, .F. ) ;
#8111 = CARTESIAN_POINT ( 'NONE',  ( -2.399999999999999911, 0.6999999999999999556, 2.699999999999999734 ) ) ;
#8112 = CARTESIAN_POINT ( 'NONE',  ( -2.319999999999999840, 2.399999999999999911, -1.500000000000000000 ) ) ;
#8113 = DIRECTION ( 'NONE',  ( 0.000000000000000000, 0.000000000000000000, 1.000000000000000000 ) ) ;
#8114 = PLANE ( 'NONE',  #6494 ) ;
#8115 = ORIENTED_EDGE ( 'NONE', *, *, #7656, .F. ) ;
#8116 = VECTOR ( 'NONE', #4827, 1000.000000000000000 ) ;
#8117 = CARTESIAN_POINT ( 'NONE',  ( -0.3499999999999999778, 0.05000000000000000278, 0.5499999999999839462 ) ) ;
#8118 = ORIENTED_EDGE ( 'NONE', *, *, #5160, .F. ) ;
#8119 = AXIS2_PLACEMENT_3D ( 'NONE', #4537, #6713, #1576 ) ;
#8120 = CARTESIAN_POINT ( 'NONE',  ( -2.109999999999999876, 0.8499999999999999778, 3.160007371274399901 ) ) ;
#8121 = ORIENTED_EDGE ( 'NONE', *, *, #8580, .T. ) ;
#8122 = PLANE ( 'NONE',  #3685 ) ;
#8123 = DIRECTION ( 'NONE',  ( -1.000000000000000000, 0.000000000000000000, 0.000000000000000000 ) ) ;
#8124 = VECTOR ( 'NONE', #6583, 1000.000000000000000 ) ;
#8125 = AXIS2_PLACEMENT_3D ( 'NONE', #3975, #4026, #6909 ) ;
#8126 = DIRECTION ( 'NONE',  ( 0.000000000000000000, -1.000000000000000000, 0.000000000000000000 ) ) ;
#8127 = CARTESIAN_POINT ( 'NONE',  ( 0.3200000000000000067, 2.100000000000000089, -0.6500000000000001332 ) ) ;
#8128 = EDGE_CURVE ( 'NONE', #5545, #8019, #4371, .T. ) ;
#8129 = EDGE_CURVE ( 'NONE', #2644, #3772, #35, .T. ) ;
#8130 = LINE ( 'NONE', #3052, #8436 ) ;
#8131 = CARTESIAN_POINT ( 'NONE',  ( -1.709999999999999964, -0.1000000000000000056, -4.000000000000000000 ) ) ;
#8132 = DIRECTION ( 'NONE',  ( -1.000000000000000000, 0.000000000000000000, 0.000000000000000000 ) ) ;
#8133 = ORIENTED_EDGE ( 'NONE', *, *, #7152, .F. ) ;
#8134 = CARTESIAN_POINT ( 'NONE',  ( 0.4500000000000000666, 2.399999999999999911, 2.200000000000000178 ) ) ;
#8135 = ORIENTED_EDGE ( 'NONE', *, *, #7809, .F. ) ;
#8136 = PLANE ( 'NONE',  #7662 ) ;
#8137 = AXIS2_PLACEMENT_3D ( 'NONE', #9240, #9148, #7813 ) ;
#8138 = AXIS2_PLACEMENT_3D ( 'NONE', #622, #7224, #1439 ) ;
#8139 = ORIENTED_EDGE ( 'NONE', *, *, #4751, .T. ) ;
#8140 = EDGE_CURVE ( 'NONE', #7705, #3083, #3654, .T. ) ;
#8141 = CARTESIAN_POINT ( 'NONE',  ( -0.4400000000000000022, 0.1500000000000140388, -3.600481571814050152 ) ) ;
#8142 = VECTOR ( 'NONE', #966, 1000.000000000000114 ) ;
#8143 = CARTESIAN_POINT ( 'NONE',  ( -0.4400000000000000022, -0.1000000000000000056, 4.000000000000000000 ) ) ;
#8144 = DIRECTION ( 'NONE',  ( 0.000000000000000000, 0.000000000000000000, -1.000000000000000000 ) ) ;
#8145 = EDGE_CURVE ( 'NONE', #607, #7849, #893, .T. ) ;
#8146 = AXIS2_PLACEMENT_3D ( 'NONE', #9139, #3345, #440 ) ;
#8147 = CARTESIAN_POINT ( 'NONE',  ( 1.949999999999999956, 2.419999999999999929, 2.149999999999999911 ) ) ;
#8148 = VERTEX_POINT ( 'NONE', #6594 ) ;
#8149 = ORIENTED_EDGE ( 'NONE', *, *, #1000, .F. ) ;
#8150 = CARTESIAN_POINT ( 'NONE',  ( -2.225000000000000089, 2.419999999999999929, -2.149999999999999911 ) ) ;
#8151 = CARTESIAN_POINT ( 'NONE',  ( 0.4299999999999999933, 0.6999999999999999556, 3.160007371274399901 ) ) ;
#8152 = EDGE_LOOP ( 'NONE', ( #4995, #4819, #4851, #2268 ) ) ;
#8153 = ORIENTED_EDGE ( 'NONE', *, *, #5634, .T. ) ;
#8154 = VECTOR ( 'NONE', #6961, 1000.000000000000000 ) ;
#8155 = AXIS2_PLACEMENT_3D ( 'NONE', #1437, #3619, #2144 ) ;
#8156 = EDGE_CURVE ( 'NONE', #6637, #9004, #8963, .T. ) ;
#8157 = LINE ( 'NONE', #8205, #3900 ) ;
#8158 = B_SPLINE_CURVE_WITH_KNOTS ( 'NONE', 3,
 ( #7816, #690, #7148, #5656, #3541, #9387 ),
 .UNSPECIFIED., .F., .F.,
 ( 4, 2, 4 ),
 ( 2.359631110905390017, 3.064996632446915115, 3.770362153988440213 ),
 .UNSPECIFIED. ) ;
#8159 = DIRECTION ( 'NONE',  ( 0.000000000000000000, -1.000000000000000000, 5.507747036225403270E-13 ) ) ;
#8160 = CARTESIAN_POINT ( 'NONE',  ( 3.050005932074641102, 0.03417045046256659419, 2.450028469663821706 ) ) ;
#8161 = VECTOR ( 'NONE', #6913, 1000.000000000000000 ) ;
#8162 = DIRECTION ( 'NONE',  ( 0.000000000000000000, 0.000000000000000000, -1.000000000000000000 ) ) ;
#8163 = ORIENTED_EDGE ( 'NONE', *, *, #6305, .F. ) ;
#8164 = CIRCLE ( 'NONE', #7715, 0.05000000000000002359 ) ;
#8165 = CARTESIAN_POINT ( 'NONE',  ( 1.489999999999999991, 2.399999999999999911, -1.500000000000000000 ) ) ;
#8166 = CARTESIAN_POINT ( 'NONE',  ( 2.399999999999999911, 0.6999999999999999556, -2.649999999999999911 ) ) ;
#8167 = ORIENTED_EDGE ( 'NONE', *, *, #3506, .T. ) ;
#8168 = DIRECTION ( 'NONE',  ( -1.000000000000000000, 0.000000000000000000, 0.000000000000000000 ) ) ;
#8169 = CARTESIAN_POINT ( 'NONE',  ( -1.550000000000000266, 2.399999999999999911, 1.949999999999999956 ) ) ;
#8170 = VECTOR ( 'NONE', #3906, 1000.000000000000000 ) ;
#8171 = EDGE_LOOP ( 'NONE', ( #7441, #5849, #5665, #3437 ) ) ;
#8172 = CARTESIAN_POINT ( 'NONE',  ( 0.8299999999999999600, 0.6460721337625500160, 3.405725418007999661 ) ) ;
#8173 = VERTEX_POINT ( 'NONE', #8678 ) ;
#8174 = AXIS2_PLACEMENT_3D ( 'NONE', #5104, #3569, #801 ) ;
#8175 = VERTEX_POINT ( 'NONE', #2839 ) ;
#8176 = PLANE ( 'NONE',  #8119 ) ;
#8177 = VECTOR ( 'NONE', #890, 1000.000000000000000 ) ;
#8178 = LINE ( 'NONE', #159, #2416 ) ;
#8179 = DIRECTION ( 'NONE',  ( 0.000000000000000000, 0.1842885350502414255, 0.9828721869343114426 ) ) ;
#8180 = CARTESIAN_POINT ( 'NONE',  ( 0.7500000000000000000, 2.419999999999999929, 1.850000000000000089 ) ) ;
#8181 = DIRECTION ( 'NONE',  ( -0.1102635692839940978, 0.3307907078519820576, 0.9372403389139514207 ) ) ;
#8182 = ORIENTED_EDGE ( 'NONE', *, *, #3226, .T. ) ;
#8183 = DIRECTION ( 'NONE',  ( -1.000000000000000000, 0.000000000000000000, 0.000000000000000000 ) ) ;
#8184 = ORIENTED_EDGE ( 'NONE', *, *, #7206, .F. ) ;
#8185 = CARTESIAN_POINT ( 'NONE',  ( -1.709999999999999964, 0.6999999999999999556, 3.160007371274399901 ) ) ;
#8186 = EDGE_LOOP ( 'NONE', ( #3837, #8414, #2424, #410 ) ) ;
#8187 = VECTOR ( 'NONE', #600, 1000.000000000000000 ) ;
#8188 = ADVANCED_FACE ( 'NONE', ( #1472 ), #4516, .F. ) ;
#8189 = EDGE_CURVE ( 'NONE', #1684, #453, #5868, .T. ) ;
#8190 = DIRECTION ( 'NONE',  ( 0.000000000000000000, -1.000000000000000000, 5.507747036225403270E-13 ) ) ;
#8191 = CARTESIAN_POINT ( 'NONE',  ( 0.9499999999999999556, 2.419999999999999929, 2.200000000000000178 ) ) ;
#8192 = DIRECTION ( 'NONE',  ( 0.000000000000000000, 0.000000000000000000, 1.000000000000000000 ) ) ;
#8193 = LINE ( 'NONE', #4503, #6922 ) ;
#8194 = VECTOR ( 'NONE', #7367, 1000.000000000000114 ) ;
#8195 = DIRECTION ( 'NONE',  ( 0.000000000000000000, -1.000000000000000000, 0.000000000000000000 ) ) ;
#8196 = ORIENTED_EDGE ( 'NONE', *, *, #2827, .F. ) ;
#8197 = ORIENTED_EDGE ( 'NONE', *, *, #5623, .T. ) ;
#8198 = CARTESIAN_POINT ( 'NONE',  ( 2.100000000000000089, 0.6460721337625500160, 3.405725418007999661 ) ) ;
#8199 = CARTESIAN_POINT ( 'NONE',  ( -3.174902234796997291, 0.6999999999999999556, 2.693153278774999215 ) ) ;
#8200 = EDGE_CURVE ( 'NONE', #1814, #1033, #5915, .T. ) ;
#8201 = ORIENTED_EDGE ( 'NONE', *, *, #9390, .F. ) ;
#8202 = ORIENTED_EDGE ( 'NONE', *, *, #9427, .T. ) ;
#8203 = AXIS2_PLACEMENT_3D ( 'NONE', #4051, #7701, #4001 ) ;
#8204 = EDGE_CURVE ( 'NONE', #6365, #7692, #8103, .T. ) ;
#8205 = CARTESIAN_POINT ( 'NONE',  ( -2.149999999999999911, 2.399999999999999911, 2.050000000000000266 ) ) ;
#8206 = DIRECTION ( 'NONE',  ( 0.000000000000000000, 0.000000000000000000, 1.000000000000000000 ) ) ;
#8207 = DIRECTION ( 'NONE',  ( 0.000000000000000000, 0.000000000000000000, -1.000000000000000000 ) ) ;
#8208 = CARTESIAN_POINT ( 'NONE',  ( -3.238706497665363671, 0.6942386987154760547, -2.648347973440696723 ) ) ;
#8209 = ORIENTED_EDGE ( 'NONE', *, *, #4277, .F. ) ;
#8210 = VERTEX_POINT ( 'NONE', #1422 ) ;
#8211 = VECTOR ( 'NONE', #7113, 1000.000000000000000 ) ;
#8212 = DIRECTION ( 'NONE',  ( -0.1102635692839940978, 0.3307907078519820576, 0.9372403389139514207 ) ) ;
#8213 = EDGE_CURVE ( 'NONE', #6340, #453, #8858, .T. ) ;
#8214 = ORIENTED_EDGE ( 'NONE', *, *, #6475, .T. ) ;
#8215 = SURFACE_STYLE_FILL_AREA ( #3760 ) ;
#8216 = EDGE_CURVE ( 'NONE', #6217, #5424, #86, .T. ) ;
#8217 = AXIS2_PLACEMENT_3D ( 'NONE', #5209, #7469, #3051 ) ;
#8218 = DIRECTION ( 'NONE',  ( 0.000000000000000000, -1.000000000000000000, 0.000000000000000000 ) ) ;
#8219 = DIRECTION ( 'NONE',  ( 0.000000000000000000, 0.000000000000000000, 1.000000000000000000 ) ) ;
#8220 = CARTESIAN_POINT ( 'NONE',  ( -2.200000000000000178, 0.1499999999999999944, -1.699999999999999956 ) ) ;
#8221 = ORIENTED_EDGE ( 'NONE', *, *, #4497, .T. ) ;
#8222 = DIRECTION ( 'NONE',  ( -1.000000000000000000, 0.000000000000000000, 0.000000000000000000 ) ) ;
#8223 = EDGE_LOOP ( 'NONE', ( #3111, #4054, #8209, #3210 ) ) ;
#8224 = AXIS2_PLACEMENT_3D ( 'NONE', #3902, #5973, #6843 ) ;
#8225 = ORIENTED_EDGE ( 'NONE', *, *, #2942, .F. ) ;
#8226 = FACE_OUTER_BOUND ( 'NONE', #8245, .T. ) ;
#8227 = DIRECTION ( 'NONE',  ( 0.000000000000000000, 0.000000000000000000, 1.000000000000000000 ) ) ;
#8228 = CARTESIAN_POINT ( 'NONE',  ( -0.2500000000000000000, 2.100000000000000089, 0.6500000000000001332 ) ) ;
#8229 = CARTESIAN_POINT ( 'NONE',  ( 2.100000000000000089, -0.1000000000000000056, 3.600481571814099890 ) ) ;
#8230 = CARTESIAN_POINT ( 'NONE',  ( -1.709999999999999964, 0.1039278662374499979, 3.354763525080500131 ) ) ;
#8231 = VERTEX_POINT ( 'NONE', #8717 ) ;
#8232 = LINE ( 'NONE', #8134, #4786 ) ;
#8233 = VERTEX_POINT ( 'NONE', #3752 ) ;
#8234 = CARTESIAN_POINT ( 'NONE',  ( -0.4400000000000000022, 0.1039278662374499979, -3.354763525080500131 ) ) ;
#8235 = ORIENTED_EDGE ( 'NONE', *, *, #6802, .F. ) ;
#8236 = DIRECTION ( 'NONE',  ( 1.000000000000000000, 0.000000000000000000, 0.000000000000000000 ) ) ;
#8237 = DIRECTION ( 'NONE',  ( -1.000000000000000000, 0.000000000000000000, 0.000000000000000000 ) ) ;
#8238 = PLANE ( 'NONE',  #4381 ) ;
#8239 = DIRECTION ( 'NONE',  ( 0.000000000000000000, 0.000000000000000000, -1.000000000000000000 ) ) ;
#8240 = ORIENTED_EDGE ( 'NONE', *, *, #4729, .T. ) ;
#8241 = EDGE_CURVE ( 'NONE', #823, #25, #2272, .T. ) ;
#8242 = ORIENTED_EDGE ( 'NONE', *, *, #4763, .F. ) ;
#8243 = CARTESIAN_POINT ( 'NONE',  ( 2.250000000000000444, 2.399999999999999911, 1.949999999999999956 ) ) ;
#8244 = ORIENTED_EDGE ( 'NONE', *, *, #1899, .F. ) ;
#8245 = EDGE_LOOP ( 'NONE', ( #8555, #7240, #8522, #2048 ) ) ;
#8246 = DIRECTION ( 'NONE',  ( -1.000000000000000000, 0.000000000000000000, 0.000000000000000000 ) ) ;
#8247 = DIRECTION ( 'NONE',  ( 0.000000000000000000, 0.000000000000000000, -1.000000000000000000 ) ) ;
#8248 = CARTESIAN_POINT ( 'NONE',  ( 3.057979327682926574, 2.391928108793945906, -2.112020672317072911 ) ) ;
#8249 = LINE ( 'NONE', #1702, #4948 ) ;
#8250 = VERTEX_POINT ( 'NONE', #1556 ) ;
#8251 = EDGE_CURVE ( 'NONE', #6217, #9232, #1185, .T. ) ;
#8252 = ORIENTED_EDGE ( 'NONE', *, *, #1245, .F. ) ;
#8253 = EDGE_CURVE ( 'NONE', #4151, #2425, #3310, .T. ) ;
#8254 = DIRECTION ( 'NONE',  ( -1.000000000000000000, 0.000000000000000000, 0.000000000000000000 ) ) ;
#8255 = ORIENTED_EDGE ( 'NONE', *, *, #3568, .T. ) ;
#8256 = CARTESIAN_POINT ( 'NONE',  ( -2.024999999999999911, 2.399999999999999911, -2.050000000000000266 ) ) ;
#8257 = EDGE_CURVE ( 'NONE', #2698, #1328, #1638, .T. ) ;
#8258 =( NAMED_UNIT ( * ) PLANE_ANGLE_UNIT ( ) SI_UNIT ( $, .RADIAN. ) );
#8259 = DIRECTION ( 'NONE',  ( 0.000000000000000000, 1.000000000000000000, 0.000000000000000000 ) ) ;
#8260 = EDGE_CURVE ( 'NONE', #4678, #6567, #7688, .T. ) ;
#8261 = ORIENTED_EDGE ( 'NONE', *, *, #4812, .F. ) ;
#8262 = DIRECTION ( 'NONE',  ( 0.000000000000000000, 0.000000000000000000, 1.000000000000000000 ) ) ;
#8263 = ORIENTED_EDGE ( 'NONE', *, *, #2747, .F. ) ;
#8264 = ORIENTED_EDGE ( 'NONE', *, *, #4059, .T. ) ;
#8265 = PLANE ( 'NONE',  #947 ) ;
#8266 = ADVANCED_FACE ( 'NONE', ( #3799 ), #4715, .F. ) ;
#8267 = AXIS2_PLACEMENT_3D ( 'NONE', #3992, #997, #9012 ) ;
#8268 = CARTESIAN_POINT ( 'NONE',  ( -0.4400000000000000022, 0.7000000000000099476, -2.600000000000000533 ) ) ;
#8269 = VECTOR ( 'NONE', #5187, 1000.000000000000000 ) ;
#8270 = EDGE_CURVE ( 'NONE', #5817, #9345, #6386, .T. ) ;
#8271 = CARTESIAN_POINT ( 'NONE',  ( -0.3499999999999999778, 2.399999999999999911, 2.149999999999999911 ) ) ;
#8272 = CARTESIAN_POINT ( 'NONE',  ( -0.4400000000000000022, -0.1000000000000000056, 4.000000000000000000 ) ) ;
#8273 = DIRECTION ( 'NONE',  ( -0.1102635692839938758, 0.3307907078519821131, 0.9372403389139514207 ) ) ;
#8274 = ORIENTED_EDGE ( 'NONE', *, *, #6884, .F. ) ;
#8275 = DIRECTION ( 'NONE',  ( -1.000000000000000000, 0.000000000000000000, 0.000000000000000000 ) ) ;
#8276 = ORIENTED_EDGE ( 'NONE', *, *, #6333, .T. ) ;
#8277 = FACE_OUTER_BOUND ( 'NONE', #8796, .T. ) ;
#8278 = ORIENTED_EDGE ( 'NONE', *, *, #2748, .T. ) ;
#8279 = VECTOR ( 'NONE', #79, 1000.000000000000000 ) ;
#8280 = VECTOR ( 'NONE', #1225, 1000.000000000000000 ) ;
#8281 = CYLINDRICAL_SURFACE ( 'NONE', #6381, 0.04999999999999991257 ) ;
#8282 = DIRECTION ( 'NONE',  ( 0.000000000000000000, 1.000000000000000000, 0.000000000000000000 ) ) ;
#8283 = DIRECTION ( 'NONE',  ( 0.000000000000000000, -0.1842885350500574615, 0.9828721869343458595 ) ) ;
#8284 = DIRECTION ( 'NONE',  ( 0.000000000000000000, 0.000000000000000000, -1.000000000000000000 ) ) ;
#8285 = CARTESIAN_POINT ( 'NONE',  ( 0.9499999999999999556, 2.419999999999999929, 1.850000000000000089 ) ) ;
#8286 = VECTOR ( 'NONE', #9237, 1000.000000000000000 ) ;
#8287 = ORIENTED_EDGE ( 'NONE', *, *, #4042, .F. ) ;
#8288 = ORIENTED_EDGE ( 'NONE', *, *, #4235, .F. ) ;
#8289 = CIRCLE ( 'NONE', #8138, 0.09999999999984543475 ) ;
#8290 = FACE_OUTER_BOUND ( 'NONE', #6007, .T. ) ;
#8291 = ORIENTED_EDGE ( 'NONE', *, *, #2250, .F. ) ;
#8292 = ORIENTED_EDGE ( 'NONE', *, *, #1669, .F. ) ;
#8293 = AXIS2_PLACEMENT_3D ( 'NONE', #7482, #3209, #127 ) ;
#8294 = EDGE_CURVE ( 'NONE', #444, #2399, #5835, .T. ) ;
#8295 = VECTOR ( 'NONE', #1666, 1000.000000000000000 ) ;
#8296 = CARTESIAN_POINT ( 'NONE',  ( 3.110390102969800008, 2.311684124756699710, -2.059609897030199921 ) ) ;
#8297 = VECTOR ( 'NONE', #7473, 1000.000000000000000 ) ;
#8298 = CARTESIAN_POINT ( 'NONE',  ( -2.375000000000000000, 2.419999999999999929, -1.750000000000000000 ) ) ;
#8299 = DIRECTION ( 'NONE',  ( 0.000000000000000000, 0.000000000000000000, -1.000000000000000000 ) ) ;
#8300 = CARTESIAN_POINT ( 'NONE',  ( 0.3499999999999999778, 2.419999999999999929, 1.850000000000000089 ) ) ;
#8301 = ORIENTED_EDGE ( 'NONE', *, *, #5691, .F. ) ;
#8302 = ORIENTED_EDGE ( 'NONE', *, *, #1007, .F. ) ;
#8303 = CARTESIAN_POINT ( 'NONE',  ( -0.4399999999999999467, 0.6999999999999999556, 2.649999999999999911 ) ) ;
#8304 = CARTESIAN_POINT ( 'NONE',  ( 0.3499999999999999778, 0.05000000000000000278, 0.1000000000000075967 ) ) ;
#8305 = VERTEX_POINT ( 'NONE', #1849 ) ;
#8306 = AXIS2_PLACEMENT_3D ( 'NONE', #4925, #3635, #13 ) ;
#8307 = VECTOR ( 'NONE', #3001, 1000.000000000000000 ) ;
#8308 = ADVANCED_FACE ( 'NONE', ( #5289 ), #2510, .F. ) ;
#8309 = ADVANCED_FACE ( 'NONE', ( #6115 ), #1698, .F. ) ;
#8310 = LINE ( 'NONE', #905, #9097 ) ;
#8311 = AXIS2_PLACEMENT_3D ( 'NONE', #5006, #8022, #4330 ) ;
#8312 = CARTESIAN_POINT ( 'NONE',  ( -1.375000000000000000, 2.419999999999999929, -1.850000000000000089 ) ) ;
#8313 = VECTOR ( 'NONE', #6739, 1000.000000000000000 ) ;
#8314 = ORIENTED_EDGE ( 'NONE', *, *, #3766, .F. ) ;
#8315 = DIRECTION ( 'NONE',  ( -0.000000000000000000, 1.000000000000000000, -0.000000000000000000 ) ) ;
#8316 = ORIENTED_EDGE ( 'NONE', *, *, #4926, .T. ) ;
#8317 = ORIENTED_EDGE ( 'NONE', *, *, #1899, .T. ) ;
#8318 = EDGE_CURVE ( 'NONE', #6669, #6072, #7593, .T. ) ;
#8319 = CARTESIAN_POINT ( 'NONE',  ( 0.9499999999999999556, 2.419999999999999929, 1.750000000000000000 ) ) ;
#8320 = AXIS2_PLACEMENT_3D ( 'NONE', #4416, #2322, #896 ) ;
#8321 = DIRECTION ( 'NONE',  ( 0.000000000000000000, 0.000000000000000000, 1.000000000000000000 ) ) ;
#8322 = CARTESIAN_POINT ( 'NONE',  ( 1.699999999999999956, 0.1500000000000405176, 3.600481571814114989 ) ) ;
#8323 = VECTOR ( 'NONE', #7659, 1000.000000000000000 ) ;
#8324 = FACE_OUTER_BOUND ( 'NONE', #5132, .T. ) ;
#8325 = DIRECTION ( 'NONE',  ( 0.000000000000000000, 0.000000000000000000, 1.000000000000000000 ) ) ;
#8326 = EDGE_LOOP ( 'NONE', ( #3440, #6032, #3074, #7852, #1626, #5832, #8709 ) ) ;
#8327 = CARTESIAN_POINT ( 'NONE',  ( 0.6500000000000001332, 2.399999999999999911, 1.850000000000000089 ) ) ;
#8328 = VERTEX_POINT ( 'NONE', #8298 ) ;
#8329 = EDGE_CURVE ( 'NONE', #2476, #1363, #4374, .T. ) ;
#8330 = CARTESIAN_POINT ( 'NONE',  ( -0.8400000000000001910, 0.8499999999999999778, 2.649999999999999911 ) ) ;
#8331 = B_SPLINE_CURVE_WITH_KNOTS ( 'NONE', 3,
 ( #1384, #2720, #2002, #3479 ),
 .UNSPECIFIED., .F., .F.,
 ( 4, 4 ),
 ( 5.444351834762702680, 5.489986830696755860 ),
 .UNSPECIFIED. ) ;
#8332 = VERTEX_POINT ( 'NONE', #227 ) ;
#8333 = EDGE_CURVE ( 'NONE', #3430, #7474, #3942, .T. ) ;
#8334 = CIRCLE ( 'NONE', #8627, 0.1000000000000231676 ) ;
#8335 = PLANE ( 'NONE',  #7139 ) ;
#8336 = DIRECTION ( 'NONE',  ( 0.000000000000000000, 0.000000000000000000, -1.000000000000000000 ) ) ;
#8337 = LINE ( 'NONE', #1742, #5617 ) ;
#8338 = CARTESIAN_POINT ( 'NONE',  ( -1.709999999999999964, 0.8499999999999999778, -2.649999999999999911 ) ) ;
#8339 = CARTESIAN_POINT ( 'NONE',  ( -2.109999999999999876, 0.6999999999999999556, 3.160007371274399901 ) ) ;
#8340 = ORIENTED_EDGE ( 'NONE', *, *, #4510, .T. ) ;
#8341 = ORIENTED_EDGE ( 'NONE', *, *, #8745, .F. ) ;
#8342 = VECTOR ( 'NONE', #7699, 1000.000000000000000 ) ;
#8343 = LINE ( 'NONE', #1844, #8154 ) ;
#8344 = VERTEX_POINT ( 'NONE', #6921 ) ;
#8345 = VERTEX_POINT ( 'NONE', #1087 ) ;
#8346 = DIRECTION ( 'NONE',  ( 0.000000000000000000, 0.000000000000000000, 1.000000000000000000 ) ) ;
#8347 = CIRCLE ( 'NONE', #9411, 0.1000000000000174083 ) ;
#8348 = CARTESIAN_POINT ( 'NONE',  ( -3.105704898754719778, 2.335512703669984536, 2.064295101245279263 ) ) ;
#8349 = CYLINDRICAL_SURFACE ( 'NONE', #8727, 0.1000000000000075967 ) ;
#8350 = CYLINDRICAL_SURFACE ( 'NONE', #4196, 0.1000000000000162009 ) ;
#8351 = VERTEX_POINT ( 'NONE', #6213 ) ;
#8352 = ORIENTED_EDGE ( 'NONE', *, *, #8027, .T. ) ;
#8353 = DIRECTION ( 'NONE',  ( -0.000000000000000000, 1.000000000000000000, -0.000000000000000000 ) ) ;
#8354 = ORIENTED_EDGE ( 'NONE', *, *, #482, .F. ) ;
#8355 = EDGE_CURVE ( 'NONE', #5133, #9245, #2558, .T. ) ;
#8356 = AXIS2_PLACEMENT_3D ( 'NONE', #3284, #9122, #1766 ) ;
#8357 = CARTESIAN_POINT ( 'NONE',  ( -2.225000000000035172, 2.419999999999999929, -1.950000000000035039 ) ) ;
#8358 = LINE ( 'NONE', #4675, #5451 ) ;
#8359 = VECTOR ( 'NONE', #2319, 1000.000000000000000 ) ;
#8360 = DIRECTION ( 'NONE',  ( -0.000000000000000000, 1.000000000000000000, -0.000000000000000000 ) ) ;
#8361 = ORIENTED_EDGE ( 'NONE', *, *, #8433, .F. ) ;
#8362 = CARTESIAN_POINT ( 'NONE',  ( 0.8299999999999999600, 0.1500000000000405176, -3.600481571814114989 ) ) ;
#8363 = ORIENTED_EDGE ( 'NONE', *, *, #1433, .T. ) ;
#8364 = EDGE_CURVE ( 'NONE', #6669, #7559, #370, .T. ) ;
#8365 = ADVANCED_FACE ( 'NONE', ( #9006 ), #5479, .F. ) ;
#8366 = ORIENTED_EDGE ( 'NONE', *, *, #2789, .T. ) ;
#8367 = DIRECTION ( 'NONE',  ( -1.000000000000000000, 0.000000000000000000, 0.000000000000000000 ) ) ;
#8368 = AXIS2_PLACEMENT_3D ( 'NONE', #3490, #6384, #2688 ) ;
#8369 = EDGE_CURVE ( 'NONE', #4655, #1553, #8915, .T. ) ;
#8370 = DIRECTION ( 'NONE',  ( 0.000000000000000000, 0.000000000000000000, 1.000000000000000000 ) ) ;
#8371 = AXIS2_PLACEMENT_3D ( 'NONE', #6715, #1679, #4581 ) ;
#8372 = CARTESIAN_POINT ( 'NONE',  ( -2.634705882352939899, 2.100000000000000089, 2.535294117647060030 ) ) ;
#8373 = CARTESIAN_POINT ( 'NONE',  ( 2.100000000000000089, 0.1039278662374499979, 3.354763525080500131 ) ) ;
#8374 = ORIENTED_EDGE ( 'NONE', *, *, #7855, .T. ) ;
#8375 = EDGE_CURVE ( 'NONE', #7025, #3334, #990, .T. ) ;
#8376 = EDGE_CURVE ( 'NONE', #5873, #4830, #3320, .T. ) ;
#8377 = DIRECTION ( 'NONE',  ( 1.000000000000000000, 0.000000000000000000, 0.000000000000000000 ) ) ;
#8378 = ORIENTED_EDGE ( 'NONE', *, *, #8145, .F. ) ;
#8379 = DIRECTION ( 'NONE',  ( -1.000000000000000000, 0.000000000000000000, 0.000000000000000000 ) ) ;
#8380 = ORIENTED_EDGE ( 'NONE', *, *, #3688, .F. ) ;
#8381 = DIRECTION ( 'NONE',  ( 0.000000000000000000, 0.000000000000000000, 1.000000000000000000 ) ) ;
#8382 = EDGE_CURVE ( 'NONE', #418, #5946, #7821, .T. ) ;
#8383 = PLANE ( 'NONE',  #2929 ) ;
#8384 = CARTESIAN_POINT ( 'NONE',  ( 0.6500000000000001332, 2.419999999999999929, 1.850000000000000089 ) ) ;
#8385 = DIRECTION ( 'NONE',  ( 0.000000000000000000, -1.000000000000000000, 0.000000000000000000 ) ) ;
#8386 = CARTESIAN_POINT ( 'NONE',  ( 2.050000000000000266, 2.399999999999999911, 1.850000000000000089 ) ) ;
#8387 = VERTEX_POINT ( 'NONE', #6299 ) ;
#8388 = ORIENTED_EDGE ( 'NONE', *, *, #4904, .F. ) ;
#8389 = ADVANCED_FACE ( 'NONE', ( #2033 ), #1939, .F. ) ;
#8390 = DIRECTION ( 'NONE',  ( 0.000000000000000000, 0.000000000000000000, 1.000000000000000000 ) ) ;
#8391 = EDGE_LOOP ( 'NONE', ( #5025, #5750, #2129, #3721 ) ) ;
#8392 = ORIENTED_EDGE ( 'NONE', *, *, #8765, .F. ) ;
#8393 = CARTESIAN_POINT ( 'NONE',  ( -0.4400000000000000022, 0.6184288535050199709, -3.258294589967800636 ) ) ;
#8394 = CARTESIAN_POINT ( 'NONE',  ( 0.000000000000000000, 0.000000000000000000, 0.000000000000000000 ) ) ;
#8395 = CARTESIAN_POINT ( 'NONE',  ( -0.3207106781186490063, 0.6207106781186489952, 0.02928932188134280093 ) ) ;
#8396 = CARTESIAN_POINT ( 'NONE',  ( -0.8499999999999999778, 2.419999999999999929, 1.850000000000000089 ) ) ;
#8397 = EDGE_LOOP ( 'NONE', ( #7176, #6296, #2323, #5283 ) ) ;
#8398 = EDGE_LOOP ( 'NONE', ( #5911, #8710, #836, #176, #7426, #2939, #2286, #8221, #1516, #3072, #8121, #1643 ) ) ;
#8399 = DIRECTION ( 'NONE',  ( 1.000000000000000000, 0.000000000000000000, 0.000000000000000000 ) ) ;
#8400 = ORIENTED_EDGE ( 'NONE', *, *, #7847, .F. ) ;
#8401 = CARTESIAN_POINT ( 'NONE',  ( 1.649999999999999911, 2.419999999999999929, 2.149999999999999911 ) ) ;
#8402 = DIRECTION ( 'NONE',  ( 0.000000000000000000, 0.000000000000000000, 1.000000000000000000 ) ) ;
#8403 = APPLICATION_PROTOCOL_DEFINITION ( 'draft international standard', 'automotive_design', 1998, #1924 ) ;
#8404 = DIRECTION ( 'NONE',  ( 1.000000000000000000, 0.000000000000000000, 0.000000000000000000 ) ) ;
#8405 = VERTEX_POINT ( 'NONE', #4083 ) ;
#8406 = ORIENTED_EDGE ( 'NONE', *, *, #4368, .T. ) ;
#8407 = EDGE_CURVE ( 'NONE', #5235, #269, #9296, .T. ) ;
#8408 = CARTESIAN_POINT ( 'NONE',  ( -1.520000000000000018, 1.750000000000000000, -0.6500000000000001332 ) ) ;
#8409 = LINE ( 'NONE', #3962, #818 ) ;
#8410 = DIRECTION ( 'NONE',  ( 1.000000000000000000, -0.000000000000000000, -0.000000000000000000 ) ) ;
#8411 = EDGE_LOOP ( 'NONE', ( #748, #2384, #2606, #378, #3155, #1024, #8287 ) ) ;
#8412 = AXIS2_PLACEMENT_3D ( 'NONE', #9269, #527, #1239 ) ;
#8413 = DIRECTION ( 'NONE',  ( -0.000000000000000000, 1.000000000000000000, -0.000000000000000000 ) ) ;
#8414 = ORIENTED_EDGE ( 'NONE', *, *, #1655, .F. ) ;
#8415 = LINE ( 'NONE', #2630, #1859 ) ;
#8416 = EDGE_LOOP ( 'NONE', ( #4452, #42, #360, #4466 ) ) ;
#8417 = EDGE_CURVE ( 'NONE', #7718, #5375, #4940, .T. ) ;
#8418 = AXIS2_PLACEMENT_3D ( 'NONE', #3486, #725, #3530 ) ;
#8419 = DIRECTION ( 'NONE',  ( 0.000000000000000000, 1.000000000000000000, 0.000000000000000000 ) ) ;
#8420 = EDGE_CURVE ( 'NONE', #4453, #3602, #6967, .T. ) ;
#8421 = DIRECTION ( 'NONE',  ( 0.000000000000000000, 0.000000000000000000, -1.000000000000000000 ) ) ;
#8422 = PLANE ( 'NONE',  #131 ) ;
#8423 = DIRECTION ( 'NONE',  ( 0.000000000000000000, -0.1176388318060439808, 0.9930564461556601330 ) ) ;
#8424 = CARTESIAN_POINT ( 'NONE',  ( -2.475000000000000089, 2.399999999999999911, -2.050000000000000266 ) ) ;
#8425 = EDGE_LOOP ( 'NONE', ( #7296, #7845, #8488, #9150 ) ) ;
#8426 = VERTEX_POINT ( 'NONE', #9156 ) ;
#8427 = LINE ( 'NONE', #1885, #8917 ) ;
#8428 = ORIENTED_EDGE ( 'NONE', *, *, #2123, .F. ) ;
#8429 = VECTOR ( 'NONE', #6003, 1000.000000000000000 ) ;
#8430 = EDGE_LOOP ( 'NONE', ( #2037, #1102, #6549, #8750 ) ) ;
#8431 = EDGE_CURVE ( 'NONE', #7156, #269, #6398, .T. ) ;
#8432 = PLANE ( 'NONE',  #8789 ) ;
#8433 = EDGE_CURVE ( 'NONE', #8233, #3825, #8057, .T. ) ;
#8434 = AXIS2_PLACEMENT_3D ( 'NONE', #1075, #4703, #9043 ) ;
#8435 = CARTESIAN_POINT ( 'NONE',  ( 2.390000000000000124, 2.100000000000000089, 0.6500000000000001332 ) ) ;
#8436 = VECTOR ( 'NONE', #6665, 1000.000000000000000 ) ;
#8437 = DIRECTION ( 'NONE',  ( 0.000000000000000000, 0.000000000000000000, -1.000000000000000000 ) ) ;
#8438 = DIRECTION ( 'NONE',  ( 0.000000000000000000, 0.000000000000000000, 1.000000000000000000 ) ) ;
#8439 = ORIENTED_EDGE ( 'NONE', *, *, #2109, .F. ) ;
#8440 = VERTEX_POINT ( 'NONE', #3414 ) ;
#8441 = CARTESIAN_POINT ( 'NONE',  ( 0.2500000000000000000, 0.5500000000000000444, 0.6500000000000001332 ) ) ;
#8442 = ORIENTED_EDGE ( 'NONE', *, *, #8077, .T. ) ;
#8443 = AXIS2_PLACEMENT_3D ( 'NONE', #10, #1258, #7096 ) ;
#8444 = CIRCLE ( 'NONE', #5080, 0.04999999999999991257 ) ;
#8445 = CARTESIAN_POINT ( 'NONE',  ( -0.4400000000000000022, 0.6460721337625500160, -3.405725418007999661 ) ) ;
#8446 = CARTESIAN_POINT ( 'NONE',  ( -0.8400000000000001910, 0.5999999999999731104, 3.160007371274344834 ) ) ;
#8447 = VECTOR ( 'NONE', #7861, 1000.000000000000000 ) ;
#8448 = PRODUCT_CONTEXT ( 'NONE', #4477, 'mechanical' ) ;
#8449 = FACE_OUTER_BOUND ( 'NONE', #8630, .T. ) ;
#8450 = VERTEX_POINT ( 'NONE', #7013 ) ;
#8451 = ORIENTED_EDGE ( 'NONE', *, *, #8769, .F. ) ;
#8452 = CIRCLE ( 'NONE', #7553, 0.1000000000000231676 ) ;
#8453 = VECTOR ( 'NONE', #5974, 1000.000000000000000 ) ;
#8454 = CARTESIAN_POINT ( 'NONE',  ( -0.3499999999999999778, 0.5500000000000000444, 0.5500000000000000444 ) ) ;
#8455 = DIRECTION ( 'NONE',  ( 0.000000000000000000, 0.000000000000000000, 1.000000000000000000 ) ) ;
#8456 = LINE ( 'NONE', #8889, #2650 ) ;
#8457 = DIRECTION ( 'NONE',  ( -0.000000000000000000, 1.000000000000000000, -0.000000000000000000 ) ) ;
#8458 = FACE_OUTER_BOUND ( 'NONE', #1251, .T. ) ;
#8459 = ORIENTED_EDGE ( 'NONE', *, *, #3049, .F. ) ;
#8460 = FACE_OUTER_BOUND ( 'NONE', #6839, .T. ) ;
#8461 = AXIS2_PLACEMENT_3D ( 'NONE', #2522, #5488, #3374 ) ;
#8462 = CARTESIAN_POINT ( 'NONE',  ( -2.109999999999999876, 0.6999999999999999556, -2.649999999999999911 ) ) ;
#8463 = ORIENTED_EDGE ( 'NONE', *, *, #2248, .T. ) ;
#8464 = CARTESIAN_POINT ( 'NONE',  ( 2.299999999999999822, 0.1499999999999994116, -2.492290037832666894 ) ) ;
#8465 = ADVANCED_FACE ( 'NONE', ( #5520 ), #5570, .T. ) ;
#8466 = ORIENTED_EDGE ( 'NONE', *, *, #7167, .F. ) ;
#8467 = DIRECTION ( 'NONE',  ( 0.000000000000000000, 0.1842885350503717934, -0.9828721869342869066 ) ) ;
#8468 = AXIS2_PLACEMENT_3D ( 'NONE', #5110, #5932, #4479 ) ;
#8469 = CARTESIAN_POINT ( 'NONE',  ( 3.070048994552400323, 0.07243626441829999207, -2.470048994552399790 ) ) ;
#8470 = PLANE ( 'NONE',  #2563 ) ;
#8471 = DIRECTION ( 'NONE',  ( 0.000000000000000000, 0.000000000000000000, 1.000000000000000000 ) ) ;
#8472 = ORIENTED_EDGE ( 'NONE', *, *, #5098, .F. ) ;
#8473 = DIRECTION ( 'NONE',  ( 0.000000000000000000, 0.000000000000000000, 1.000000000000000000 ) ) ;
#8474 = EDGE_LOOP ( 'NONE', ( #1477, #3682, #5726, #5295 ) ) ;
#8475 = EDGE_CURVE ( 'NONE', #411, #8702, #8528, .T. ) ;
#8476 = ADVANCED_FACE ( 'NONE', ( #6349 ), #7055, .F. ) ;
#8477 = VERTEX_POINT ( 'NONE', #506 ) ;
#8478 = VECTOR ( 'NONE', #298, 1000.000000000000000 ) ;
#8479 = CYLINDRICAL_SURFACE ( 'NONE', #1025, 0.09999999999993174071 ) ;
#8480 = CARTESIAN_POINT ( 'NONE',  ( 0.8300000000000000711, 0.6999999999999999556, 2.649999999999999911 ) ) ;
#8481 = CARTESIAN_POINT ( 'NONE',  ( -0.3403718041911766301, 0.6010495520010727954, 0.04895044799891900417 ) ) ;
#8482 = VECTOR ( 'NONE', #4094, 1000.000000000000000 ) ;
#8483 = ADVANCED_FACE ( 'NONE', ( #4886 ), #9250, .T. ) ;
#8484 = PLANE ( 'NONE',  #6507 ) ;
#8485 = VERTEX_POINT ( 'NONE', #4177 ) ;
#8486 = EDGE_LOOP ( 'NONE', ( #8043, #2097, #6940 ) ) ;
#8487 = DIRECTION ( 'NONE',  ( -1.000000000000000000, 0.000000000000000000, 0.000000000000000000 ) ) ;
#8488 = ORIENTED_EDGE ( 'NONE', *, *, #4346, .F. ) ;
#8489 = EDGE_CURVE ( 'NONE', #4033, #9115, #4227, .T. ) ;
#8490 = DIRECTION ( 'NONE',  ( 0.000000000000000000, 0.000000000000000000, -1.000000000000000000 ) ) ;
#8491 = AXIS2_PLACEMENT_3D ( 'NONE', #641, #8803, #1366 ) ;
#8492 = LINE ( 'NONE', #425, #2526 ) ;
#8493 = LINE ( 'NONE', #1333, #422 ) ;
#8494 = PRODUCT_DEFINITION_SHAPE ( 'NONE', 'NONE',  #9462 ) ;
#8495 = EDGE_CURVE ( 'NONE', #1277, #7829, #1323, .T. ) ;
#8496 = CARTESIAN_POINT ( 'NONE',  ( -0.4400000000000000022, 0.6999999999999999556, 2.649999999999999911 ) ) ;
#8497 = PLANE ( 'NONE',  #3395 ) ;
#8498 = VECTOR ( 'NONE', #7094, 1000.000000000000000 ) ;
#8499 = ORIENTED_EDGE ( 'NONE', *, *, #6690, .T. ) ;
#8500 = PLANE ( 'NONE',  #2154 ) ;
#8501 = EDGE_CURVE ( 'NONE', #4738, #1512, #6442, .T. ) ;
#8502 = VECTOR ( 'NONE', #4198, 1000.000000000000000 ) ;
#8503 = VECTOR ( 'NONE', #8571, 1000.000000000000000 ) ;
#8504 = DIRECTION ( 'NONE',  ( -1.000000000000000000, 0.000000000000000000, 0.000000000000000000 ) ) ;
#8505 = LINE ( 'NONE', #6855, #6329 ) ;
#8506 = DIRECTION ( 'NONE',  ( 0.000000000000000000, 0.000000000000000000, -1.000000000000000000 ) ) ;
#8507 = FACE_OUTER_BOUND ( 'NONE', #281, .T. ) ;
#8508 = ORIENTED_EDGE ( 'NONE', *, *, #3458, .F. ) ;
#8509 = FACE_OUTER_BOUND ( 'NONE', #9193, .T. ) ;
#8510 = FACE_OUTER_BOUND ( 'NONE', #2120, .T. ) ;
#8511 = ORIENTED_EDGE ( 'NONE', *, *, #827, .F. ) ;
#8512 = LINE ( 'NONE', #7807, #1106 ) ;
#8513 = EDGE_LOOP ( 'NONE', ( #6911, #8691, #4565, #3250, #5307 ) ) ;
#8514 = CARTESIAN_POINT ( 'NONE',  ( 2.250000000000000444, 2.399999999999999911, 1.850000000000000089 ) ) ;
#8515 = AXIS2_PLACEMENT_3D ( 'NONE', #6088, #4634, #5405 ) ;
#8516 = LINE ( 'NONE', #3632, #2940 ) ;
#8517 = DIRECTION ( 'NONE',  ( 0.000000000000000000, 1.000000000000000000, 0.000000000000000000 ) ) ;
#8518 = DIRECTION ( 'NONE',  ( 0.000000000000000000, -1.000000000000000000, 0.000000000000000000 ) ) ;
#8519 = CARTESIAN_POINT ( 'NONE',  ( -2.399999999999999911, 0.6999999999999999556, -2.649999999999999911 ) ) ;
#8520 = LINE ( 'NONE', #9433, #5111 ) ;
#8521 = ORIENTED_EDGE ( 'NONE', *, *, #8253, .T. ) ;
#8522 = ORIENTED_EDGE ( 'NONE', *, *, #4977, .F. ) ;
#8523 = DIRECTION ( 'NONE',  ( 0.000000000000000000, -1.000000000000000000, 0.000000000000000000 ) ) ;
#8524 = ORIENTED_EDGE ( 'NONE', *, *, #5463, .T. ) ;
#8525 = ORIENTED_EDGE ( 'NONE', *, *, #1700, .T. ) ;
#8526 = B_SPLINE_CURVE_WITH_KNOTS ( 'NONE', 3,
 ( #9365, #1485, #5882, #2805 ),
 .UNSPECIFIED., .F., .F.,
 ( 4, 4 ),
 ( 3.927051630884067279, 4.712388980384516479 ),
 .UNSPECIFIED. ) ;
#8527 = CARTESIAN_POINT ( 'NONE',  ( -0.8499999999999999778, 2.419999999999999929, 1.850000000000000089 ) ) ;
#8528 = LINE ( 'NONE', #5619, #4538 ) ;
#8529 = EDGE_CURVE ( 'NONE', #6229, #7193, #9338, .T. ) ;
#8530 = CARTESIAN_POINT ( 'NONE',  ( -0.8400000000000001910, 0.8499999999999999778, 3.160007371274399901 ) ) ;
#8531 = ORIENTED_EDGE ( 'NONE', *, *, #5489, .F. ) ;
#8532 = ORIENTED_EDGE ( 'NONE', *, *, #9359, .T. ) ;
#8533 = FACE_OUTER_BOUND ( 'NONE', #7611, .T. ) ;
#8534 = ORIENTED_EDGE ( 'NONE', *, *, #1959, .T. ) ;
#8535 = ORIENTED_EDGE ( 'NONE', *, *, #4935, .T. ) ;
#8536 = DIRECTION ( 'NONE',  ( 0.000000000000000000, 1.000000000000000000, 0.000000000000000000 ) ) ;
#8537 = LINE ( 'NONE', #7744, #2978 ) ;
#8538 = LINE ( 'NONE', #4897, #3469 ) ;
#8539 = EDGE_CURVE ( 'NONE', #231, #6208, #3927, .T. ) ;
#8540 = ADVANCED_FACE ( 'NONE', ( #1505 ), #5033, .F. ) ;
#8541 = DIRECTION ( 'NONE',  ( -0.000000000000000000, 1.000000000000000000, -0.000000000000000000 ) ) ;
#8542 = DIRECTION ( 'NONE',  ( 0.000000000000000000, -1.000000000000000000, 0.000000000000000000 ) ) ;
#8543 = ORIENTED_EDGE ( 'NONE', *, *, #2195, .F. ) ;
#8544 = LINE ( 'NONE', #1289, #942 ) ;
#8545 = CARTESIAN_POINT ( 'NONE',  ( -0.3499999999999144906, 2.419999999999999929, 2.150000000000085620 ) ) ;
#8546 = EDGE_CURVE ( 'NONE', #1039, #1268, #1545, .T. ) ;
#8547 = EDGE_CURVE ( 'NONE', #3334, #2693, #696, .T. ) ;
#8548 = DIRECTION ( 'NONE',  ( 0.000000000000000000, -1.000000000000000000, 0.000000000000000000 ) ) ;
#8549 = LINE ( 'NONE', #9171, #8913 ) ;
#8550 = DIRECTION ( 'NONE',  ( 0.000000000000000000, 0.000000000000000000, -1.000000000000000000 ) ) ;
#8551 = EDGE_LOOP ( 'NONE', ( #4570, #7329, #8107, #2078 ) ) ;
#8552 = CARTESIAN_POINT ( 'NONE',  ( 0.4299999999999999933, 0.6999999999999999556, 2.649999999999999911 ) ) ;
#8553 = ORIENTED_EDGE ( 'NONE', *, *, #4987, .T. ) ;
#8554 = DIRECTION ( 'NONE',  ( -1.000000000000000000, 0.000000000000000000, 0.000000000000000000 ) ) ;
#8555 = ORIENTED_EDGE ( 'NONE', *, *, #2227, .T. ) ;
#8556 = ADVANCED_FACE ( 'NONE', ( #8005 ), #743, .T. ) ;
#8557 = DIRECTION ( 'NONE',  ( -1.000000000000000000, 0.000000000000000000, 0.000000000000000000 ) ) ;
#8558 = DIRECTION ( 'NONE',  ( -1.000000000000000000, 0.000000000000000000, 0.000000000000000000 ) ) ;
#8559 = CARTESIAN_POINT ( 'NONE',  ( -0.4400000000000000022, 0.8499999999999999778, 2.600000000000000533 ) ) ;
#8560 = DIRECTION ( 'NONE',  ( 0.000000000000000000, -1.000000000000000000, 0.000000000000000000 ) ) ;
#8561 = PLANE ( 'NONE',  #3100 ) ;
#8562 = CARTESIAN_POINT ( 'NONE',  ( 0.8299999999999999600, 0.6184288535050199709, -3.258294589967800636 ) ) ;
#8563 = ORIENTED_EDGE ( 'NONE', *, *, #7381, .F. ) ;
#8564 = ORIENTED_EDGE ( 'NONE', *, *, #3097, .T. ) ;
#8565 = CARTESIAN_POINT ( 'NONE',  ( 2.299999999999999822, 0.1499999999999999944, -1.800000000000000266 ) ) ;
#8566 = EDGE_LOOP ( 'NONE', ( #6455, #7210, #3290, #8897 ) ) ;
#8567 = EDGE_LOOP ( 'NONE', ( #8733, #3369, #2008, #6197, #882 ) ) ;
#8568 = VECTOR ( 'NONE', #3923, 1000.000000000000114 ) ;
#8569 = DIRECTION ( 'NONE',  ( -1.000000000000000000, 0.000000000000000000, 0.000000000000000000 ) ) ;
#8570 = DIRECTION ( 'NONE',  ( 0.000000000000000000, 0.000000000000000000, -1.000000000000000000 ) ) ;
#8571 = DIRECTION ( 'NONE',  ( -1.000000000000000000, 0.000000000000000000, 0.000000000000000000 ) ) ;
#8572 = DIRECTION ( 'NONE',  ( 1.000000000000000000, -0.000000000000000000, -0.000000000000000000 ) ) ;
#8573 = AXIS2_PLACEMENT_3D ( 'NONE', #27, #2220, #5956 ) ;
#8574 = VERTEX_POINT ( 'NONE', #3644 ) ;
#8575 = EDGE_LOOP ( 'NONE', ( #1704, #3098, #5859, #7608 ) ) ;
#8576 = VECTOR ( 'NONE', #7417, 1000.000000000000000 ) ;
#8577 = DIRECTION ( 'NONE',  ( 1.000000000000000000, 0.000000000000000000, 0.000000000000000000 ) ) ;
#8578 = ORIENTED_EDGE ( 'NONE', *, *, #8546, .F. ) ;
#8579 = EDGE_LOOP ( 'NONE', ( #6407, #484, #2229, #3550, #5148, #1416, #2911, #8660, #4357, #3804, #739, #5044 ) ) ;
#8580 = EDGE_CURVE ( 'NONE', #2354, #6619, #2263, .T. ) ;
#8581 = AXIS2_PLACEMENT_3D ( 'NONE', #4924, #7100, #7994 ) ;
#8582 = LINE ( 'NONE', #1186, #8342 ) ;
#8583 = LINE ( 'NONE', #1997, #7145 ) ;
#8584 = CARTESIAN_POINT ( 'NONE',  ( -3.100605245203380544, 2.345415630116292949, -2.357860207677410891 ) ) ;
#8585 = CARTESIAN_POINT ( 'NONE',  ( 2.299999999999999822, 0.1499999999999999944, -1.800000000000000266 ) ) ;
#8586 = ORIENTED_EDGE ( 'NONE', *, *, #198, .T. ) ;
#8587 = AXIS2_PLACEMENT_3D ( 'NONE', #7043, #448, #3973 ) ;
#8588 = CARTESIAN_POINT ( 'NONE',  ( 0.3499999999999999778, 0.5500000000000000444, 0.1000000000000000056 ) ) ;
#8589 = CIRCLE ( 'NONE', #3701, 0.2500000000000405787 ) ;
#8590 = CARTESIAN_POINT ( 'NONE',  ( -1.709999999999999964, 0.1500000000000140388, -3.600481571814050152 ) ) ;
#8591 = EDGE_CURVE ( 'NONE', #4544, #4811, #7384, .T. ) ;
#8592 = ADVANCED_FACE ( 'NONE', ( #7333 ), #3690, .F. ) ;
#8593 = AXIS2_PLACEMENT_3D ( 'NONE', #6387, #9287, #2205 ) ;
#8594 = VECTOR ( 'NONE', #7374, 1000.000000000000000 ) ;
#8595 = DIRECTION ( 'NONE',  ( -1.000000000000000000, 0.000000000000000000, 0.000000000000000000 ) ) ;
#8596 = DIRECTION ( 'NONE',  ( 1.000000000000000000, 0.000000000000000000, 0.000000000000000000 ) ) ;
#8597 = CARTESIAN_POINT ( 'NONE',  ( -2.375000000000000000, 2.419999999999999929, -1.850000000000000089 ) ) ;
#8598 = ADVANCED_FACE ( 'NONE', ( #6544 ), #2967, .T. ) ;
#8599 = DIRECTION ( 'NONE',  ( -1.000000000000000000, 0.000000000000000000, 1.756407519426227135E-13 ) ) ;
#8600 = VERTEX_POINT ( 'NONE', #832 ) ;
#8601 = CARTESIAN_POINT ( 'NONE',  ( 0.2499999999999925338, 0.6500000000000001332, 0.1000000000000075967 ) ) ;
#8602 = ORIENTED_EDGE ( 'NONE', *, *, #2172, .T. ) ;
#8603 = DIRECTION ( 'NONE',  ( -1.000000000000000000, 0.000000000000000000, 0.000000000000000000 ) ) ;
#8604 = CIRCLE ( 'NONE', #529, 0.1000000000000198508 ) ;
#8605 = ORIENTED_EDGE ( 'NONE', *, *, #9298, .F. ) ;
#8606 = ADVANCED_FACE ( 'NONE', ( #2830 ), #5904, .T. ) ;
#8607 = FACE_OUTER_BOUND ( 'NONE', #5047, .T. ) ;
#8608 = CIRCLE ( 'NONE', #2199, 0.05000000000000002359 ) ;
#8609 = DIRECTION ( 'NONE',  ( -1.000000000000000000, 0.000000000000000000, 0.000000000000000000 ) ) ;
#8610 = CARTESIAN_POINT ( 'NONE',  ( -2.109999999999999876, 0.8499999999999999778, 2.649999999999999911 ) ) ;
#8611 = CARTESIAN_POINT ( 'NONE',  ( -3.162040401150870039, 0.1609449709590229927, 2.565750885473869758 ) ) ;
#8612 = AXIS2_PLACEMENT_3D ( 'NONE', #1998, #9264, #7606 ) ;
#8613 = PLANE ( 'NONE',  #8737 ) ;
#8614 = ADVANCED_FACE ( 'NONE', ( #4313 ), #7196, .F. ) ;
#8615 = VERTEX_POINT ( 'NONE', #4447 ) ;
#8616 = VERTEX_POINT ( 'NONE', #3739 ) ;
#8617 = DIRECTION ( 'NONE',  ( -0.000000000000000000, 1.000000000000000000, -0.000000000000000000 ) ) ;
#8618 = ORIENTED_EDGE ( 'NONE', *, *, #1425, .F. ) ;
#8619 = VERTEX_POINT ( 'NONE', #5804 ) ;
#8620 = EDGE_CURVE ( 'NONE', #8574, #7705, #427, .T. ) ;
#8621 = VECTOR ( 'NONE', #8438, 1000.000000000000000 ) ;
#8622 = LINE ( 'NONE', #694, #712 ) ;
#8623 = DIRECTION ( 'NONE',  ( -1.000000000000000000, 0.000000000000000000, 0.000000000000000000 ) ) ;
#8624 = DIRECTION ( 'NONE',  ( 0.000000000000000000, -1.000000000000000000, 0.000000000000000000 ) ) ;
#8625 = ORIENTED_EDGE ( 'NONE', *, *, #6281, .T. ) ;
#8626 = VERTEX_POINT ( 'NONE', #3020 ) ;
#8627 = AXIS2_PLACEMENT_3D ( 'NONE', #2760, #3621, #7175 ) ;
#8628 = CARTESIAN_POINT ( 'NONE',  ( -0.4400000000000000022, 0.05000000000000000278, 4.000000000000000000 ) ) ;
#8629 = ORIENTED_EDGE ( 'NONE', *, *, #2280, .T. ) ;
#8630 = EDGE_LOOP ( 'NONE', ( #4982, #757, #8720, #7362 ) ) ;
#8631 = DIRECTION ( 'NONE',  ( 1.000000000000000000, -0.000000000000000000, -0.000000000000000000 ) ) ;
#8632 = VECTOR ( 'NONE', #5960, 1000.000000000000000 ) ;
#8633 = CARTESIAN_POINT ( 'NONE',  ( 2.634705882352940343, 2.100000000000000089, -2.535294117647059586 ) ) ;
#8634 = CARTESIAN_POINT ( 'NONE',  ( -2.399999999999999911, 0.6999999999999999556, 2.700000000000000178 ) ) ;
#8635 = ORIENTED_EDGE ( 'NONE', *, *, #2938, .F. ) ;
#8636 = EDGE_LOOP ( 'NONE', ( #6444, #7759, #7336, #6081, #8451, #3421, #9276, #5173, #4929, #1732, #5246, #1474, #2710, #2269, #8352, #7107, #4264, #3651, #3343, #2813 ) ) ;
#8637 = EDGE_LOOP ( 'NONE', ( #1526, #8182, #8999, #4800, #4725, #7523 ) ) ;
#8638 = LINE ( 'NONE', #8867, #9339 ) ;
#8639 = AXIS2_PLACEMENT_3D ( 'NONE', #72, #6627, #3687 ) ;
#8640 = AXIS2_PLACEMENT_3D ( 'NONE', #6615, #2110, #9426 ) ;
#8641 = LINE ( 'NONE', #2101, #5778 ) ;
#8642 = FACE_OUTER_BOUND ( 'NONE', #8852, .T. ) ;
#8643 = EDGE_CURVE ( 'NONE', #5203, #6272, #2875, .T. ) ;
#8644 = CARTESIAN_POINT ( 'NONE',  ( -0.8400000000000001910, 0.7000000000000099476, -2.649999999999999911 ) ) ;
#8645 = DIRECTION ( 'NONE',  ( 0.000000000000000000, -1.000000000000000000, 0.000000000000000000 ) ) ;
#8646 = ORIENTED_EDGE ( 'NONE', *, *, #8364, .T. ) ;
#8647 = DIRECTION ( 'NONE',  ( 0.000000000000000000, 0.000000000000000000, 1.000000000000000000 ) ) ;
#8648 = CARTESIAN_POINT ( 'NONE',  ( 2.299999999999999822, 0.1499999999999999944, -1.800000000000000266 ) ) ;
#8649 = EDGE_LOOP ( 'NONE', ( #3648, #5964, #8713, #1519 ) ) ;
#8650 = DIRECTION ( 'NONE',  ( 1.000000000000000000, 0.000000000000000000, 0.000000000000000000 ) ) ;
#8651 = AXIS2_PLACEMENT_3D ( 'NONE', #9058, #6160, #4562 ) ;
#8652 = DIRECTION ( 'NONE',  ( 0.000000000000000000, -1.000000000000000000, 0.000000000000000000 ) ) ;
#8653 = CARTESIAN_POINT ( 'NONE',  ( 0.8299999999999999600, 0.04999999999999400063, -3.600481571814099890 ) ) ;
#8654 = LINE ( 'NONE', #7993, #7302 ) ;
#8655 = ADVANCED_FACE ( 'NONE', ( #2308 ), #2165, .T. ) ;
#8656 = ADVANCED_FACE ( 'NONE', ( #643 ), #3547, .T. ) ;
#8657 = DIRECTION ( 'NONE',  ( -1.000000000000000000, 0.000000000000000000, 0.000000000000000000 ) ) ;
#8658 = AXIS2_PLACEMENT_3D ( 'NONE', #2082, #6584, #6496 ) ;
#8659 = LINE ( 'NONE', #2907, #8447 ) ;
#8660 = ORIENTED_EDGE ( 'NONE', *, *, #8407, .F. ) ;
#8661 = CARTESIAN_POINT ( 'NONE',  ( -2.225000000000000089, 2.419999999999999929, -2.149999999999999911 ) ) ;
#8662 = VERTEX_POINT ( 'NONE', #880 ) ;
#8663 = EDGE_LOOP ( 'NONE', ( #4785, #6890, #6753, #7729, #7413, #5512, #1051, #2324, #5978, #7682, #2554, #2658 ) ) ;
#8664 = CIRCLE ( 'NONE', #2112, 0.1000000000000174083 ) ;
#8665 = EDGE_CURVE ( 'NONE', #8440, #7751, #4242, .T. ) ;
#8666 = FACE_OUTER_BOUND ( 'NONE', #8566, .T. ) ;
#8667 = FACE_OUTER_BOUND ( 'NONE', #6154, .T. ) ;
#8668 = DIRECTION ( 'NONE',  ( 0.000000000000000000, 0.000000000000000000, -1.000000000000000000 ) ) ;
#8669 = ADVANCED_FACE ( 'NONE', ( #4704 ), #4502, .F. ) ;
#8670 = ORIENTED_EDGE ( 'NONE', *, *, #5174, .F. ) ;
#8671 = ORIENTED_EDGE ( 'NONE', *, *, #5208, .F. ) ;
#8672 = VECTOR ( 'NONE', #2621, 1000.000000000000000 ) ;
#8673 = CARTESIAN_POINT ( 'NONE',  ( -0.4400000000000000022, 0.1039278662374499979, 3.354763525080500131 ) ) ;
#8674 = ORIENTED_EDGE ( 'NONE', *, *, #7607, .F. ) ;
#8675 = ORIENTED_EDGE ( 'NONE', *, *, #7020, .T. ) ;
#8676 = B_SPLINE_CURVE_WITH_KNOTS ( 'NONE', 3,
 ( #6219, #1760, #4670, #943 ),
 .UNSPECIFIED., .F., .F.,
 ( 4, 4 ),
 ( 2.359631110905396234, 3.079772590534466392 ),
 .UNSPECIFIED. ) ;
#8677 = CARTESIAN_POINT ( 'NONE',  ( -1.550000000000000266, 2.419999999999999929, 2.050000000000000266 ) ) ;
#8678 = CARTESIAN_POINT ( 'NONE',  ( 0.8299999999999999600, 0.8499999999999999778, 2.649999999999999911 ) ) ;
#8679 = ADVANCED_FACE ( 'NONE', ( #6771 ), #5364, .T. ) ;
#8680 = ORIENTED_EDGE ( 'NONE', *, *, #5764, .T. ) ;
#8681 = PLANE ( 'NONE',  #8311 ) ;
#8682 = LINE ( 'NONE', #7127, #1248 ) ;
#8683 = CARTESIAN_POINT ( 'NONE',  ( -0.2758503961843454810, 0.5758503961843446373, 0.6500000000000001332 ) ) ;
#8684 = DIRECTION ( 'NONE',  ( 0.000000000000000000, 0.000000000000000000, -1.000000000000000000 ) ) ;
#8685 = CARTESIAN_POINT ( 'NONE',  ( 0.3499999999999999778, 2.419999999999999929, 1.850000000000000089 ) ) ;
#8686 = DIRECTION ( 'NONE',  ( 0.000000000000000000, -0.1842885350500574615, -0.9828721869343458595 ) ) ;
#8687 = LINE ( 'NONE', #8644, #2174 ) ;
#8688 = DIRECTION ( 'NONE',  ( -0.2756373558169814553, 0.9612616959383238902, 0.000000000000000000 ) ) ;
#8689 = ORIENTED_EDGE ( 'NONE', *, *, #7449, .T. ) ;
#8690 = FACE_OUTER_BOUND ( 'NONE', #5796, .T. ) ;
#8691 = ORIENTED_EDGE ( 'NONE', *, *, #1827, .T. ) ;
#8692 = PLANE ( 'NONE',  #5056 ) ;
#8693 = DIRECTION ( 'NONE',  ( -1.000000000000000000, 0.000000000000000000, 0.000000000000000000 ) ) ;
#8694 = LINE ( 'NONE', #5065, #8895 ) ;
#8695 = CARTESIAN_POINT ( 'NONE',  ( -0.1499999999999999944, 2.399999999999999911, 1.500000000000000000 ) ) ;
#8696 = CARTESIAN_POINT ( 'NONE',  ( 0.4299999999999999933, 0.8499999999999999778, 2.649999999999999911 ) ) ;
#8697 = CARTESIAN_POINT ( 'NONE',  ( -0.6500000000000001332, 2.419999999999999929, 1.750000000000000000 ) ) ;
#8698 = CARTESIAN_POINT ( 'NONE',  ( 2.100000000000000089, 0.8499999999999999778, -2.649999999999999911 ) ) ;
#8699 = CARTESIAN_POINT ( 'NONE',  ( -2.375000000000154987, 2.419999999999999929, -1.949999999999845413 ) ) ;
#8700 = ORIENTED_EDGE ( 'NONE', *, *, #7028, .F. ) ;
#8701 = CARTESIAN_POINT ( 'NONE',  ( 1.050000000000000044, 2.399999999999999911, 2.200000000000000178 ) ) ;
#8702 = VERTEX_POINT ( 'NONE', #5321 ) ;
#8703 = EDGE_CURVE ( 'NONE', #5564, #2312, #6726, .T. ) ;
#8704 = ADVANCED_FACE ( 'NONE', ( #6055 ), #8238, .F. ) ;
#8705 = CARTESIAN_POINT ( 'NONE',  ( 0.2500000000000000000, 0.6500000000000001332, 0.5500000000000000444 ) ) ;
#8706 = CARTESIAN_POINT ( 'NONE',  ( 2.399999999999999911, 0.6999999999999999556, 2.649999999999999911 ) ) ;
#8707 = DIRECTION ( 'NONE',  ( -1.000000000000000000, 0.000000000000000000, 0.000000000000000000 ) ) ;
#8708 = LINE ( 'NONE', #8007, #501 ) ;
#8709 = ORIENTED_EDGE ( 'NONE', *, *, #720, .F. ) ;
#8710 = ORIENTED_EDGE ( 'NONE', *, *, #3382, .T. ) ;
#8711 = DIRECTION ( 'NONE',  ( -1.000000000000000000, 0.000000000000000000, 0.000000000000000000 ) ) ;
#8712 = EDGE_CURVE ( 'NONE', #7472, #293, #4000, .T. ) ;
#8713 = ORIENTED_EDGE ( 'NONE', *, *, #4978, .T. ) ;
#8714 = ORIENTED_EDGE ( 'NONE', *, *, #5046, .F. ) ;
#8715 = DIRECTION ( 'NONE',  ( 0.000000000000000000, -1.000000000000000000, 0.000000000000000000 ) ) ;
#8716 = VECTOR ( 'NONE', #8972, 1000.000000000000000 ) ;
#8717 = CARTESIAN_POINT ( 'NONE',  ( -2.225000000000000089, 2.399999999999999911, -1.850000000000000089 ) ) ;
#8718 = AXIS2_PLACEMENT_3D ( 'NONE', #6378, #1349, #4253 ) ;
#8719 = PLANE ( 'NONE',  #6038 ) ;
#8720 = ORIENTED_EDGE ( 'NONE', *, *, #3748, .F. ) ;
#8721 = DIRECTION ( 'NONE',  ( -1.000000000000000000, 0.000000000000000000, 0.000000000000000000 ) ) ;
#8722 = PLANE ( 'NONE',  #5251 ) ;
#8723 = EDGE_CURVE ( 'NONE', #4125, #9448, #8337, .T. ) ;
#8724 = ORIENTED_EDGE ( 'NONE', *, *, #6222, .F. ) ;
#8725 = LINE ( 'NONE', #5103, #1717 ) ;
#8726 = CIRCLE ( 'NONE', #7680, 0.04999999999999991257 ) ;
#8727 = AXIS2_PLACEMENT_3D ( 'NONE', #371, #9112, #4716 ) ;
#8728 = LINE ( 'NONE', #1432, #5582 ) ;
#8729 = PRESENTATION_LAYER_ASSIGNMENT (  '', '', ( #1565 ) ) ;
#8730 = DIRECTION ( 'NONE',  ( -1.000000000000000000, 0.000000000000000000, 0.000000000000000000 ) ) ;
#8731 = VECTOR ( 'NONE', #719, 1000.000000000000000 ) ;
#8732 = DIRECTION ( 'NONE',  ( -1.000000000000000000, 0.000000000000000000, 0.000000000000000000 ) ) ;
#8733 = ORIENTED_EDGE ( 'NONE', *, *, #2389, .T. ) ;
#8734 = LINE ( 'NONE', #391, #4792 ) ;
#8735 = EDGE_LOOP ( 'NONE', ( #6377, #5088, #7805, #2194 ) ) ;
#8736 = DIRECTION ( 'NONE',  ( 0.7986355100473429003, 0.000000000000000000, -0.6018150231519819870 ) ) ;
#8737 = AXIS2_PLACEMENT_3D ( 'NONE', #8742, #634, #2866 ) ;
#8738 = AXIS2_PLACEMENT_3D ( 'NONE', #2169, #1415, #7250 ) ;
#8739 = CARTESIAN_POINT ( 'NONE',  ( -1.847784196209499852, 2.419999999999999929, -1.870508579173199903 ) ) ;
#8740 = DIRECTION ( 'NONE',  ( 1.000000000000000000, 0.000000000000000000, 0.000000000000000000 ) ) ;
#8741 = DIRECTION ( 'NONE',  ( 0.000000000000000000, 0.1176388318060439808, 0.9930564461556601330 ) ) ;
#8742 = CARTESIAN_POINT ( 'NONE',  ( -2.125000000000000000, 2.419999999999999929, -1.949999999999999956 ) ) ;
#8743 = VECTOR ( 'NONE', #8840, 1000.000000000000000 ) ;
#8744 = CYLINDRICAL_SURFACE ( 'NONE', #3862, 0.5999999999999999778 ) ;
#8745 = EDGE_CURVE ( 'NONE', #8351, #80, #4552, .T. ) ;
#8746 = ORIENTED_EDGE ( 'NONE', *, *, #8475, .T. ) ;
#8747 = AXIS2_PLACEMENT_3D ( 'NONE', #4296, #7986, #9369 ) ;
#8748 = DIRECTION ( 'NONE',  ( 0.000000000000000000, 0.000000000000000000, -1.000000000000000000 ) ) ;
#8749 = VERTEX_POINT ( 'NONE', #4651 ) ;
#8750 = ORIENTED_EDGE ( 'NONE', *, *, #2959, .T. ) ;
#8751 = AXIS2_PLACEMENT_3D ( 'NONE', #3342, #9137, #2535 ) ;
#8752 = DIRECTION ( 'NONE',  ( 0.000000000000000000, 0.9612616959383237791, -0.2756373558169822879 ) ) ;
#8753 = CIRCLE ( 'NONE', #3261, 0.2500000000000520139 ) ;
#8754 = CARTESIAN_POINT ( 'NONE',  ( 0.3499999999999999778, 0.000000000000000000, 0.6500000000000001332 ) ) ;
#8755 = DIRECTION ( 'NONE',  ( -1.000000000000000000, 0.000000000000000000, 0.000000000000000000 ) ) ;
#8756 = DIRECTION ( 'NONE',  ( 0.000000000000000000, 0.000000000000000000, 1.000000000000000000 ) ) ;
#8757 = VERTEX_POINT ( 'NONE', #3929 ) ;
#8758 = EDGE_CURVE ( 'NONE', #4413, #8033, #3163, .T. ) ;
#8759 = ORIENTED_EDGE ( 'NONE', *, *, #7917, .F. ) ;
#8760 = ADVANCED_FACE ( 'NONE', ( #6146 ), #6103, .T. ) ;
#8761 = LINE ( 'NONE', #3601, #7364 ) ;
#8762 = EDGE_LOOP ( 'NONE', ( #8010, #3636, #8115, #6075 ) ) ;
#8763 = ORIENTED_EDGE ( 'NONE', *, *, #3820, .T. ) ;
#8764 = DIRECTION ( 'NONE',  ( 1.000000000000000000, -0.000000000000000000, -0.000000000000000000 ) ) ;
#8765 = EDGE_CURVE ( 'NONE', #9095, #6860, #1048, .T. ) ;
#8766 = FACE_OUTER_BOUND ( 'NONE', #7785, .T. ) ;
#8767 = VECTOR ( 'NONE', #7313, 1000.000000000000000 ) ;
#8768 = DIRECTION ( 'NONE',  ( 0.000000000000000000, -1.000000000000000000, 0.000000000000000000 ) ) ;
#8769 = EDGE_CURVE ( 'NONE', #4808, #7249, #6867, .T. ) ;
#8770 = EDGE_LOOP ( 'NONE', ( #1389, #5861, #5035, #6661 ) ) ;
#8771 = EDGE_CURVE ( 'NONE', #1692, #5525, #309, .T. ) ;
#8772 = LINE ( 'NONE', #1475, #5074 ) ;
#8773 = CARTESIAN_POINT ( 'NONE',  ( 0.8299999999999999600, 0.6184288535050199709, -3.258294589967800636 ) ) ;
#8774 = ORIENTED_EDGE ( 'NONE', *, *, #3995, .T. ) ;
#8775 = DIRECTION ( 'NONE',  ( 0.000000000000000000, 1.000000000000000000, 5.507747036224909506E-13 ) ) ;
#8776 = VECTOR ( 'NONE', #8490, 1000.000000000000000 ) ;
#8777 = DIRECTION ( 'NONE',  ( 0.000000000000000000, 0.000000000000000000, -1.000000000000000000 ) ) ;
#8778 = ADVANCED_FACE ( 'NONE', ( #1076 ), #3974, .T. ) ;
#8779 = CARTESIAN_POINT ( 'NONE',  ( 0.9499999999999999556, 2.399999999999999911, 1.850000000000000089 ) ) ;
#8780 = DIRECTION ( 'NONE',  ( 0.000000000000000000, -1.000000000000000000, 0.000000000000000000 ) ) ;
#8781 = EDGE_CURVE ( 'NONE', #3839, #6880, #3473, .T. ) ;
#8782 = VECTOR ( 'NONE', #2977, 1000.000000000000114 ) ;
#8783 = ORIENTED_EDGE ( 'NONE', *, *, #5496, .F. ) ;
#8784 = CARTESIAN_POINT ( 'NONE',  ( -0.3207106781186490063, 0.6207106781186489952, 0.02928932188134280093 ) ) ;
#8785 = ORIENTED_EDGE ( 'NONE', *, *, #5937, .T. ) ;
#8786 = LINE ( 'NONE', #2899, #3561 ) ;
#8787 = ORIENTED_EDGE ( 'NONE', *, *, #8156, .F. ) ;
#8788 = LINE ( 'NONE', #2245, #5221 ) ;
#8789 = AXIS2_PLACEMENT_3D ( 'NONE', #413, #4937, #3319 ) ;
#8790 = EDGE_CURVE ( 'NONE', #1090, #6182, #2359, .T. ) ;
#8791 = CARTESIAN_POINT ( 'NONE',  ( -2.125000000000000000, 2.419999999999999929, -2.050000000000000266 ) ) ;
#8792 = CARTESIAN_POINT ( 'NONE',  ( 0.3499999999999999778, 0.05000000000000000278, 0.000000000000000000 ) ) ;
#8793 = DIRECTION ( 'NONE',  ( 0.000000000000000000, -0.9828721869343113315, 0.1842885350502413977 ) ) ;
#8794 = LINE ( 'NONE', #6091, #5247 ) ;
#8795 = CARTESIAN_POINT ( 'NONE',  ( 2.952731437993650232, 2.100000000000000089, -2.535294117647060030 ) ) ;
#8796 = EDGE_LOOP ( 'NONE', ( #7342, #6963, #4598, #6487 ) ) ;
#8797 = VECTOR ( 'NONE', #7991, 1000.000000000000114 ) ;
#8798 = CARTESIAN_POINT ( 'NONE',  ( -0.2500000000000000000, 1.750000000000000000, 0.6500000000000001332 ) ) ;
#8799 = ORIENTED_EDGE ( 'NONE', *, *, #7331, .T. ) ;
#8800 = DIRECTION ( 'NONE',  ( -1.548240702311693420E-12, 0.000000000000000000, 1.000000000000000000 ) ) ;
#8801 = ORIENTED_EDGE ( 'NONE', *, *, #4102, .T. ) ;
#8802 = VECTOR ( 'NONE', #6465, 1000.000000000000000 ) ;
#8803 = DIRECTION ( 'NONE',  ( 0.000000000000000000, 1.000000000000000000, 0.000000000000000000 ) ) ;
#8804 = VECTOR ( 'NONE', #2612, 1000.000000000000114 ) ;
#8805 = DIRECTION ( 'NONE',  ( -0.1160437261037696455, 0.9863474618335673627, -0.1168440763001396404 ) ) ;
#8806 = DIRECTION ( 'NONE',  ( 0.000000000000000000, 1.000000000000000000, 0.000000000000000000 ) ) ;
#8807 = CARTESIAN_POINT ( 'NONE',  ( 2.659609897030200010, 2.311684124756699710, -2.510390102969800807 ) ) ;
#8808 = ORIENTED_EDGE ( 'NONE', *, *, #1579, .F. ) ;
#8809 = EDGE_LOOP ( 'NONE', ( #6129, #3759, #8855 ) ) ;
#8810 = PLANE ( 'NONE',  #5529 ) ;
#8811 = ORIENTED_EDGE ( 'NONE', *, *, #145, .T. ) ;
#8813 = ORIENTED_EDGE ( 'NONE', *, *, #4556, .T. ) ;
#8812 = CIRCLE ( 'NONE', #8368, 0.2500000000000515143 ) ;
#8814 = EDGE_CURVE ( 'NONE', #6297, #8828, #4025, .T. ) ;
#8815 = DIRECTION ( 'NONE',  ( 0.000000000000000000, -1.000000000000000000, 0.000000000000000000 ) ) ;
#8816 = CARTESIAN_POINT ( 'NONE',  ( 3.011075042537500135, 2.399999999999999911, 2.411075042537500046 ) ) ;
#8817 = AXIS2_PLACEMENT_3D ( 'NONE', #9028, #5309, #8227 ) ;
#8818 = CARTESIAN_POINT ( 'NONE',  ( -1.476886553513899969, 2.399999999999999911, -2.149999999999999911 ) ) ;
#8819 = CARTESIAN_POINT ( 'NONE',  ( 2.290000000000000036, 2.100000000000000089, 0.6500000000000001332 ) ) ;
#8820 = EDGE_LOOP ( 'NONE', ( #1768, #2495, #4480, #4046, #3888 ) ) ;
#8821 = CARTESIAN_POINT ( 'NONE',  ( 1.699999999999999956, 0.5999999999999731104, 3.160007371274344834 ) ) ;
#8822 = EDGE_LOOP ( 'NONE', ( #9370, #7560, #5230, #243 ) ) ;
#8823 = FACE_OUTER_BOUND ( 'NONE', #986, .T. ) ;
#8824 = EDGE_CURVE ( 'NONE', #3539, #4625, #8812, .T. ) ;
#8825 = ADVANCED_FACE ( 'NONE', ( #7003 ), #8422, .F. ) ;
#8826 = DIRECTION ( 'NONE',  ( 0.000000000000000000, 0.000000000000000000, 1.000000000000000000 ) ) ;
#8827 = CARTESIAN_POINT ( 'NONE',  ( 0.000000000000000000, 0.000000000000000000, 0.000000000000000000 ) ) ;
#8828 = VERTEX_POINT ( 'NONE', #3399 ) ;
#8829 = DIRECTION ( 'NONE',  ( 0.000000000000000000, -1.000000000000000000, 0.000000000000000000 ) ) ;
#8830 = ORIENTED_EDGE ( 'NONE', *, *, #6150, .F. ) ;
#8831 = CARTESIAN_POINT ( 'NONE',  ( 0.4299999999999999378, 0.8499999999999999778, 2.649999999999999911 ) ) ;
#8832 = ORIENTED_EDGE ( 'NONE', *, *, #7099, .T. ) ;
#8833 = EDGE_CURVE ( 'NONE', #7596, #8210, #5465, .T. ) ;
#8834 = FACE_OUTER_BOUND ( 'NONE', #777, .T. ) ;
#8835 = EDGE_CURVE ( 'NONE', #1330, #3036, #6980, .T. ) ;
#8836 = LINE ( 'NONE', #1858, #7900 ) ;
#8837 = CARTESIAN_POINT ( 'NONE',  ( -0.9499999999999999556, 2.399999999999999911, 2.200000000000000178 ) ) ;
#8838 = CYLINDRICAL_SURFACE ( 'NONE', #4920, 0.04999999999999991257 ) ;
#8839 = DIRECTION ( 'NONE',  ( -1.000000000000000000, 0.000000000000000000, 0.000000000000000000 ) ) ;
#8840 = DIRECTION ( 'NONE',  ( 0.000000000000000000, 0.000000000000000000, 1.000000000000000000 ) ) ;
#8841 = ORIENTED_EDGE ( 'NONE', *, *, #603, .F. ) ;
#8842 = CYLINDRICAL_SURFACE ( 'NONE', #1892, 0.2500000000000405787 ) ;
#8843 = ORIENTED_EDGE ( 'NONE', *, *, #4763, .T. ) ;
#8844 = ADVANCED_FACE ( 'NONE', ( #1214 ), #8470, .F. ) ;
#8845 = CARTESIAN_POINT ( 'NONE',  ( 0.9499999999999999556, 2.399999999999999911, 2.200000000000000178 ) ) ;
#8846 = VERTEX_POINT ( 'NONE', #4834 ) ;
#8847 = EDGE_CURVE ( 'NONE', #1846, #7119, #5558, .T. ) ;
#8848 = DIRECTION ( 'NONE',  ( -1.000000000000000000, 0.000000000000000000, 0.000000000000000000 ) ) ;
#8849 = LINE ( 'NONE', #1645, #3543 ) ;
#8850 = DIRECTION ( 'NONE',  ( 0.000000000000000000, 0.000000000000000000, 1.000000000000000000 ) ) ;
#8851 = CARTESIAN_POINT ( 'NONE',  ( -1.709999999999999964, -0.1000000000000000056, -4.000000000000000000 ) ) ;
#8852 = EDGE_LOOP ( 'NONE', ( #7571, #2433, #3314, #2643 ) ) ;
#8853 = ORIENTED_EDGE ( 'NONE', *, *, #8847, .F. ) ;
#8854 = DIRECTION ( 'NONE',  ( 0.000000000000000000, 0.000000000000000000, -1.000000000000000000 ) ) ;
#8855 = ORIENTED_EDGE ( 'NONE', *, *, #21, .T. ) ;
#8856 = ORIENTED_EDGE ( 'NONE', *, *, #7480, .T. ) ;
#8857 = CARTESIAN_POINT ( 'NONE',  ( -0.8400000000000001910, -0.1000000000000000056, -4.000000000000000000 ) ) ;
#8858 = LINE ( 'NONE', #4415, #2247 ) ;
#8859 = CARTESIAN_POINT ( 'NONE',  ( -2.220000000000000195, 2.100000000000000089, 0.6500000000000001332 ) ) ;
#8860 = PLANE ( 'NONE',  #5410 ) ;
#8861 = ORIENTED_EDGE ( 'NONE', *, *, #9271, .T. ) ;
#8862 = AXIS2_PLACEMENT_3D ( 'NONE', #3377, #6316, #9219 ) ;
#8863 = LINE ( 'NONE', #7404, #1710 ) ;
#8864 = CARTESIAN_POINT ( 'NONE',  ( -0.3499999999999999778, 2.419999999999999929, 2.250000000000000444 ) ) ;
#8865 = ORIENTED_EDGE ( 'NONE', *, *, #3688, .T. ) ;
#8866 = EDGE_CURVE ( 'NONE', #941, #4534, #9285, .T. ) ;
#8867 = CARTESIAN_POINT ( 'NONE',  ( 2.100000000000000089, 0.6999999999999999556, 2.649999999999999911 ) ) ;
#8868 = B_SPLINE_CURVE_WITH_KNOTS ( 'NONE', 3,
 ( #750, #5867, #7964, #5812 ),
 .UNSPECIFIED., .F., .F.,
 ( 4, 4 ),
 ( 3.927051630884051736, 4.712388980384522696 ),
 .UNSPECIFIED. ) ;
#8869 = AXIS2_PLACEMENT_3D ( 'NONE', #8034, #8650, #7318 ) ;
#8870 = CARTESIAN_POINT ( 'NONE',  ( -2.925506546617245629, 2.311684124756529624, -2.510390102969819903 ) ) ;
#8871 = DIRECTION ( 'NONE',  ( 0.000000000000000000, 0.000000000000000000, 1.000000000000000000 ) ) ;
#8872 = CARTESIAN_POINT ( 'NONE',  ( 2.050000000000000266, 2.419999999999999929, 1.800000000000000266 ) ) ;
#8873 = ORIENTED_EDGE ( 'NONE', *, *, #8318, .T. ) ;
#8874 = VECTOR ( 'NONE', #6280, 1000.000000000000000 ) ;
#8875 = CARTESIAN_POINT ( 'NONE',  ( -2.109999999999999876, 0.8500000000000000888, -2.649999999999999911 ) ) ;
#8876 = ORIENTED_EDGE ( 'NONE', *, *, #4224, .T. ) ;
#8877 = EDGE_CURVE ( 'NONE', #7388, #1971, #3353, .T. ) ;
#8878 = AXIS2_PLACEMENT_3D ( 'NONE', #6727, #3067, #7334 ) ;
#8879 = ADVANCED_FACE ( 'NONE', ( #9238 ), #7858, .T. ) ;
#8880 = DIRECTION ( 'NONE',  ( 0.000000000000000000, -0.1842885350503307429, 0.9828721869342945672 ) ) ;
#8881 = ORIENTED_EDGE ( 'NONE', *, *, #5886, .F. ) ;
#8882 = FACE_OUTER_BOUND ( 'NONE', #6292, .T. ) ;
#8883 = VECTOR ( 'NONE', #8721, 1000.000000000000000 ) ;
#8884 = CARTESIAN_POINT ( 'NONE',  ( -2.475000000000000089, 2.399999999999999911, -2.050000000000000266 ) ) ;
#8885 = ADVANCED_FACE ( 'NONE', ( #7812 ), #4164, .T. ) ;
#8886 = CARTESIAN_POINT ( 'NONE',  ( 1.649999999999999911, 2.419999999999999929, 1.850000000000000089 ) ) ;
#8887 = CARTESIAN_POINT ( 'NONE',  ( -1.709999999999999964, 0.1039278662374499979, 3.354763525080500131 ) ) ;
#8888 = LINE ( 'NONE', #8082, #6935 ) ;
#8889 = CARTESIAN_POINT ( 'NONE',  ( -1.709999999999999964, 0.8499999999999999778, -3.160007371274399901 ) ) ;
#8890 = ORIENTED_EDGE ( 'NONE', *, *, #264, .T. ) ;
#8891 = ADVANCED_FACE ( 'NONE', ( #5650 ), #2592, .F. ) ;
#8892 = CARTESIAN_POINT ( 'NONE',  ( -2.200000000000000178, 0.1499999999999999944, -1.699999999999999956 ) ) ;
#8893 = VERTEX_POINT ( 'NONE', #7143 ) ;
#8894 = CARTESIAN_POINT ( 'NONE',  ( -2.024999999999999911, 2.419999999999999929, -2.050000000000000266 ) ) ;
#8895 = VECTOR ( 'NONE', #4349, 1000.000000000000000 ) ;
#8896 = VECTOR ( 'NONE', #1517, 1000.000000000000000 ) ;
#8897 = ORIENTED_EDGE ( 'NONE', *, *, #5990, .T. ) ;
#8898 = DIRECTION ( 'NONE',  ( 0.000000000000000000, 0.000000000000000000, -1.000000000000000000 ) ) ;
#8899 = EDGE_CURVE ( 'NONE', #3140, #1350, #589, .T. ) ;
#8900 = CIRCLE ( 'NONE', #1585, 0.2000000000000321798 ) ;
#8901 = DIRECTION ( 'NONE',  ( 0.000000000000000000, 0.000000000000000000, -1.000000000000000000 ) ) ;
#8902 = DIRECTION ( 'NONE',  ( -0.000000000000000000, 1.000000000000000000, -0.000000000000000000 ) ) ;
#8903 = VECTOR ( 'NONE', #8523, 1000.000000000000000 ) ;
#8904 = PLANE ( 'NONE',  #8293 ) ;
#8905 = ORIENTED_EDGE ( 'NONE', *, *, #2067, .T. ) ;
#8906 = EDGE_LOOP ( 'NONE', ( #7635, #1979, #4131, #4331, #5369, #8881, #8302, #7626 ) ) ;
#8907 = EDGE_CURVE ( 'NONE', #2275, #3070, #2547, .T. ) ;
#8908 = CARTESIAN_POINT ( 'NONE',  ( 1.590000000000000080, 1.750000000000000000, 0.6500000000000001332 ) ) ;
#8909 = CARTESIAN_POINT ( 'NONE',  ( -3.137602400615870035, 0.6999999999999999556, 2.700000000000000178 ) ) ;
#8910 = VERTEX_POINT ( 'NONE', #1838 ) ;
#8911 = ORIENTED_EDGE ( 'NONE', *, *, #135, .T. ) ;
#8912 = VECTOR ( 'NONE', #9192, 1000.000000000000000 ) ;
#8913 = VECTOR ( 'NONE', #2622, 1000.000000000000000 ) ;
#8914 = PLANE ( 'NONE',  #6215 ) ;
#8915 = LINE ( 'NONE', #938, #7753 ) ;
#8916 = LINE ( 'NONE', #3753, #4760 ) ;
#8917 = VECTOR ( 'NONE', #6295, 1000.000000000000000 ) ;
#8918 = LINE ( 'NONE', #4518, #9074 ) ;
#8919 = ORIENTED_EDGE ( 'NONE', *, *, #2822, .T. ) ;
#8920 = ORIENTED_EDGE ( 'NONE', *, *, #6533, .F. ) ;
#8921 = AXIS2_PLACEMENT_3D ( 'NONE', #333, #8360, #6982 ) ;
#8922 = LINE ( 'NONE', #8021, #9211 ) ;
#8923 = DIRECTION ( 'NONE',  ( 0.000000000000000000, 0.000000000000000000, -1.000000000000000000 ) ) ;
#8924 = VERTEX_POINT ( 'NONE', #3307 ) ;
#8925 = CARTESIAN_POINT ( 'NONE',  ( 2.200000000000155609, 0.1499999999999999944, -1.799999999999844835 ) ) ;
#8926 = AXIS2_PLACEMENT_3D ( 'NONE', #9078, #5398, #1005 ) ;
#8927 = PLANE ( 'NONE',  #2396 ) ;
#8928 = LINE ( 'NONE', #2333, #1143 ) ;
#8929 = ORIENTED_EDGE ( 'NONE', *, *, #3882, .F. ) ;
#8930 = CARTESIAN_POINT ( 'NONE',  ( -2.375000000000000000, 2.419999999999999929, -2.250000000000000444 ) ) ;
#8931 = VERTEX_POINT ( 'NONE', #7672 ) ;
#8932 = AXIS2_PLACEMENT_3D ( 'NONE', #7084, #579, #5735 ) ;
#8933 = CARTESIAN_POINT ( 'NONE',  ( 2.399999999999999911, 1.125000000000000222, 2.649999999999999911 ) ) ;
#8934 = VERTEX_POINT ( 'NONE', #4743 ) ;
#8935 = DIRECTION ( 'NONE',  ( 1.000000000000000000, 0.000000000000000000, 0.000000000000000000 ) ) ;
#8936 = EDGE_CURVE ( 'NONE', #6880, #3575, #6251, .T. ) ;
#8937 = AXIS2_PLACEMENT_3D ( 'NONE', #2791, #8631, #4767 ) ;
#8938 = CARTESIAN_POINT ( 'NONE',  ( 0.000000000000000000, 0.2000000000000000111, 0.000000000000000000 ) ) ;
#8939 = CARTESIAN_POINT ( 'NONE',  ( 0.9499999999999999556, 2.419999999999999929, 2.200000000000000178 ) ) ;
#8940 = CARTESIAN_POINT ( 'NONE',  ( -2.375000000000000000, 2.419999999999999929, -2.149999999999999911 ) ) ;
#8941 = DIRECTION ( 'NONE',  ( -1.000000000000000000, 0.000000000000000000, 0.000000000000000000 ) ) ;
#8942 = ORIENTED_EDGE ( 'NONE', *, *, #1153, .F. ) ;
#8943 = CARTESIAN_POINT ( 'NONE',  ( -0.4400000000000000022, 0.6460721337625500160, 3.405725418007999661 ) ) ;
#8944 = ORIENTED_EDGE ( 'NONE', *, *, #6418, .F. ) ;
#8945 = CARTESIAN_POINT ( 'NONE',  ( 2.299999999999999822, 0.09999999999993669508, 2.373922824958615063 ) ) ;
#8946 = EDGE_LOOP ( 'NONE', ( #130, #6683, #8149, #6580 ) ) ;
#8947 = EDGE_CURVE ( 'NONE', #1653, #9206, #7233, .T. ) ;
#8948 = CYLINDRICAL_SURFACE ( 'NONE', #5130, 0.1000000000000202116 ) ;
#8949 = EDGE_CURVE ( 'NONE', #9104, #6307, #815, .T. ) ;
#8950 = FACE_OUTER_BOUND ( 'NONE', #1823, .T. ) ;
#8951 = DIRECTION ( 'NONE',  ( 0.000000000000000000, 0.9931506043228762737, -0.1168412475673972217 ) ) ;
#8952 = FACE_OUTER_BOUND ( 'NONE', #7963, .T. ) ;
#8953 = AXIS2_PLACEMENT_3D ( 'NONE', #8079, #7700, #6933 ) ;
#8954 = FACE_OUTER_BOUND ( 'NONE', #3982, .T. ) ;
#8955 = ORIENTED_EDGE ( 'NONE', *, *, #1889, .T. ) ;
#8956 = ORIENTED_EDGE ( 'NONE', *, *, #2970, .T. ) ;
#8957 = DIRECTION ( 'NONE',  ( 0.000000000000000000, 0.000000000000000000, 1.000000000000000000 ) ) ;
#8958 = PLANE ( 'NONE',  #6943 ) ;
#8959 = ORIENTED_EDGE ( 'NONE', *, *, #1827, .F. ) ;
#8960 = ORIENTED_EDGE ( 'NONE', *, *, #2801, .F. ) ;
#8961 = EDGE_CURVE ( 'NONE', #3786, #7695, #1395, .T. ) ;
#8962 = CIRCLE ( 'NONE', #3919, 0.1000000000000263872 ) ;
#8963 = CIRCLE ( 'NONE', #5301, 0.2500000000000412448 ) ;
#8964 = CARTESIAN_POINT ( 'NONE',  ( 2.100000000000000089, 0.6999999999999999556, 2.649999999999999911 ) ) ;
#8965 = ADVANCED_FACE ( 'NONE', ( #2862 ), #3585, .F. ) ;
#8966 = DIRECTION ( 'NONE',  ( 0.000000000000000000, -0.9828721869343458595, -0.1842885350500574615 ) ) ;
#8967 = CARTESIAN_POINT ( 'NONE',  ( 3.105704898754721999, 2.335512703669984980, -2.064295101245278374 ) ) ;
#8968 = CARTESIAN_POINT ( 'NONE',  ( 1.489999999999998215, 2.399999999999999911, -1.500000000000000000 ) ) ;
#8969 = EDGE_LOOP ( 'NONE', ( #1983, #3509, #8724, #3836 ) ) ;
#8970 = ORIENTED_EDGE ( 'NONE', *, *, #7790, .F. ) ;
#8971 = VECTOR ( 'NONE', #8707, 1000.000000000000000 ) ;
#8972 = DIRECTION ( 'NONE',  ( -1.000000000000000000, 0.000000000000000000, 0.000000000000000000 ) ) ;
#8973 = ORIENTED_EDGE ( 'NONE', *, *, #9248, .F. ) ;
#8974 = ADVANCED_FACE ( 'NONE', ( #2202 ), #5066, .F. ) ;
#8975 = CIRCLE ( 'NONE', #3329, 0.05000000000000012768 ) ;
#8976 = CARTESIAN_POINT ( 'NONE',  ( 0.8299999999999999600, 0.6460721337625500160, 3.405725418007999661 ) ) ;
#8977 = LINE ( 'NONE', #8220, #2953 ) ;
#8978 = ORIENTED_EDGE ( 'NONE', *, *, #7748, .F. ) ;
#8979 = LINE ( 'NONE', #4638, #9391 ) ;
#8980 = ORIENTED_EDGE ( 'NONE', *, *, #1188, .F. ) ;
#8981 = ORIENTED_EDGE ( 'NONE', *, *, #8200, .T. ) ;
#8982 = DIRECTION ( 'NONE',  ( 0.000000000000000000, -1.000000000000000000, 0.000000000000000000 ) ) ;
#8983 = DIRECTION ( 'NONE',  ( 1.000000000000000000, 0.000000000000000000, 0.000000000000000000 ) ) ;
#8984 = DIRECTION ( 'NONE',  ( 0.000000000000000000, -1.000000000000000000, 0.000000000000000000 ) ) ;
#8985 = LINE ( 'NONE', #7372, #64 ) ;
#8986 = CARTESIAN_POINT ( 'NONE',  ( 1.489999999999999991, 2.399999999999999911, -1.500000000000000000 ) ) ;
#8987 = ORIENTED_EDGE ( 'NONE', *, *, #2683, .T. ) ;
#8988 = LINE ( 'NONE', #2585, #3101 ) ;
#8989 = VERTEX_POINT ( 'NONE', #8792 ) ;
#8990 = DIRECTION ( 'NONE',  ( -0.000000000000000000, 1.000000000000000000, -0.000000000000000000 ) ) ;
#8991 = ADVANCED_FACE ( 'NONE', ( #1449 ), #2069, .T. ) ;
#8992 = VERTEX_POINT ( 'NONE', #3726 ) ;
#8993 = DIRECTION ( 'NONE',  ( 0.000000000000000000, 0.9828721869343112205, -0.1842885350502417308 ) ) ;
#8994 = CARTESIAN_POINT ( 'NONE',  ( -1.709999999999999964, 0.05000000000000000278, 4.000000000000000000 ) ) ;
#8995 = CARTESIAN_POINT ( 'NONE',  ( -0.2499999999999925338, 0.6500000000000001332, 0.1000000000000075967 ) ) ;
#8996 = CARTESIAN_POINT ( 'NONE',  ( 2.100000000000000089, 0.8499999999999999778, 3.160007371274399901 ) ) ;
#8997 = CARTESIAN_POINT ( 'NONE',  ( -2.962981647241871297, 2.348512459879765313, -2.498957268738545956 ) ) ;
#8998 = ORIENTED_EDGE ( 'NONE', *, *, #8318, .F. ) ;
#8999 = ORIENTED_EDGE ( 'NONE', *, *, #4754, .F. ) ;
#9000 = CARTESIAN_POINT ( 'NONE',  ( -0.6500000000000001332, 2.419999999999999929, 1.850000000000000089 ) ) ;
#9001 = ORIENTED_EDGE ( 'NONE', *, *, #2721, .F. ) ;
#9002 = EDGE_CURVE ( 'NONE', #8989, #8175, #8654, .T. ) ;
#9003 = EDGE_CURVE ( 'NONE', #1971, #7136, #1533, .T. ) ;
#9004 = VERTEX_POINT ( 'NONE', #11 ) ;
#9005 = CARTESIAN_POINT ( 'NONE',  ( 1.050000000000000044, 2.399999999999999911, 2.200000000000000178 ) ) ;
#9006 = FACE_OUTER_BOUND ( 'NONE', #2363, .T. ) ;
#9007 = LINE ( 'NONE', #5382, #9342 ) ;
#9008 = EDGE_CURVE ( 'NONE', #3026, #3639, #4976, .T. ) ;
#9009 = CARTESIAN_POINT ( 'NONE',  ( 2.290000000000000036, 2.100000000000000089, 0.6500000000000001332 ) ) ;
#9010 = ORIENTED_EDGE ( 'NONE', *, *, #4266, .T. ) ;
#9011 = ORIENTED_EDGE ( 'NONE', *, *, #8949, .F. ) ;
#9012 = DIRECTION ( 'NONE',  ( 0.000000000000000000, -0.2756373558165392534, -0.9612616959384507886 ) ) ;
#9013 = CARTESIAN_POINT ( 'NONE',  ( -0.4400000000000000022, 0.04999999999999400063, -3.600481571814099890 ) ) ;
#9014 = ORIENTED_EDGE ( 'NONE', *, *, #3122, .F. ) ;
#9015 = EDGE_CURVE ( 'NONE', #4797, #1363, #9326, .T. ) ;
#9016 = CARTESIAN_POINT ( 'NONE',  ( 1.649999999999999911, 2.419999999999999929, 1.949999999999999956 ) ) ;
#9017 = EDGE_CURVE ( 'NONE', #2927, #7161, #5164, .T. ) ;
#9018 = CARTESIAN_POINT ( 'NONE',  ( 1.649999999999999911, 2.419999999999999929, 1.899999999999999911 ) ) ;
#9019 = CARTESIAN_POINT ( 'NONE',  ( 3.299999999999999822, 0.6999999999999999556, -2.649999999999999911 ) ) ;
#9020 = ORIENTED_EDGE ( 'NONE', *, *, #9045, .F. ) ;
#9021 = DIRECTION ( 'NONE',  ( -1.000000000000000000, 0.000000000000000000, 0.000000000000000000 ) ) ;
#9022 = ORIENTED_EDGE ( 'NONE', *, *, #8547, .F. ) ;
#9023 = EDGE_CURVE ( 'NONE', #5773, #6273, #8975, .T. ) ;
#9024 = EDGE_LOOP ( 'NONE', ( #3387, #5180, #4, #6511 ) ) ;
#9025 = DIRECTION ( 'NONE',  ( -1.000000000000000000, 0.000000000000000000, 0.000000000000000000 ) ) ;
#9026 = VECTOR ( 'NONE', #4955, 1000.000000000000000 ) ;
#9027 = AXIS2_PLACEMENT_3D ( 'NONE', #6306, #9301, #7786 ) ;
#9028 = CARTESIAN_POINT ( 'NONE',  ( 2.250000000000000444, 2.419999999999999929, 1.899999999999999911 ) ) ;
#9029 = AXIS2_PLACEMENT_3D ( 'NONE', #7056, #6969, #1987 ) ;
#9030 = B_SPLINE_CURVE_WITH_KNOTS ( 'NONE', 3,
 ( #3260, #4836, #6252, #1929 ),
 .UNSPECIFIED., .F., .F.,
 ( 4, 4 ),
 ( 3.183260998671876951, 3.783565028940544472 ),
 .UNSPECIFIED. ) ;
#9031 = CARTESIAN_POINT ( 'NONE',  ( -0.8400000000000001910, 0.6184288535050199709, -3.258294589967800636 ) ) ;
#9032 = FACE_OUTER_BOUND ( 'NONE', #8047, .T. ) ;
#9033 = CARTESIAN_POINT ( 'NONE',  ( 3.245484997693949936, 0.6842543157438950585, 2.645484997693944962 ) ) ;
#9034 = CARTESIAN_POINT ( 'NONE',  ( -2.109999999999999876, 0.5999999999999731104, 3.160007371274344834 ) ) ;
#9035 = ORIENTED_EDGE ( 'NONE', *, *, #5862, .F. ) ;
#9036 = DIRECTION ( 'NONE',  ( 0.000000000000000000, -1.000000000000000000, 0.000000000000000000 ) ) ;
#9037 = VERTEX_POINT ( 'NONE', #2114 ) ;
#9038 = CARTESIAN_POINT ( 'NONE',  ( -0.4400000000000000022, 0.8499999999999999778, -2.649999999999999911 ) ) ;
#9039 = EDGE_LOOP ( 'NONE', ( #8629, #3267, #7818, #7835 ) ) ;
#9040 = VECTOR ( 'NONE', #9358, 1000.000000000000000 ) ;
#9041 = AXIS2_PLACEMENT_3D ( 'NONE', #126, #3834, #8052 ) ;
#9042 = DIRECTION ( 'NONE',  ( -1.000000000000000000, 0.000000000000000000, -6.982261990811422615E-13 ) ) ;
#9043 = DIRECTION ( 'NONE',  ( 0.000000000000000000, 1.000000000000000000, 5.507747036224909506E-13 ) ) ;
#9044 = DIRECTION ( 'NONE',  ( 0.000000000000000000, -0.1168412475673972217, -0.9931506043228762737 ) ) ;
#9045 = EDGE_CURVE ( 'NONE', #4534, #7737, #730, .T. ) ;
#9046 = DIRECTION ( 'NONE',  ( -1.000000000000000000, 0.000000000000000000, 0.000000000000000000 ) ) ;
#9047 = CARTESIAN_POINT ( 'NONE',  ( 1.649999999999999911, 2.399999999999999911, 1.949999999999999956 ) ) ;
#9048 = AXIS2_PLACEMENT_3D ( 'NONE', #308, #3205, #6145 ) ;
#9049 = VERTEX_POINT ( 'NONE', #4258 ) ;
#9050 = ORIENTED_EDGE ( 'NONE', *, *, #5926, .F. ) ;
#9051 = VECTOR ( 'NONE', #7132, 1000.000000000000000 ) ;
#9052 = LINE ( 'NONE', #7049, #5260 ) ;
#9053 = ORIENTED_EDGE ( 'NONE', *, *, #7368, .T. ) ;
#9054 = ORIENTED_EDGE ( 'NONE', *, *, #670, .F. ) ;
#9055 = VECTOR ( 'NONE', #6868, 1000.000000000000000 ) ;
#9056 = VECTOR ( 'NONE', #3806, 1000.000000000000000 ) ;
#9057 = DIRECTION ( 'NONE',  ( 0.000000000000000000, 0.000000000000000000, 1.000000000000000000 ) ) ;
#9058 = CARTESIAN_POINT ( 'NONE',  ( 0.4499999999999305667, 2.399999999999999911, 1.849999999999930367 ) ) ;
#9059 = EDGE_CURVE ( 'NONE', #9329, #3679, #1353, .T. ) ;
#9060 = EDGE_CURVE ( 'NONE', #9138, #7737, #2905, .T. ) ;
#9061 = DIRECTION ( 'NONE',  ( 1.000000000000000000, 0.000000000000000000, 0.000000000000000000 ) ) ;
#9062 = DIRECTION ( 'NONE',  ( 6.906367838737452451E-13, 0.000000000000000000, -1.000000000000000000 ) ) ;
#9063 = ORIENTED_EDGE ( 'NONE', *, *, #4977, .T. ) ;
#9064 = ORIENTED_EDGE ( 'NONE', *, *, #6360, .F. ) ;
#9065 = DIRECTION ( 'NONE',  ( 0.000000000000000000, 0.9828721869343112205, -0.1842885350502417308 ) ) ;
#9066 = ORIENTED_EDGE ( 'NONE', *, *, #8420, .F. ) ;
#9067 = AXIS2_PLACEMENT_3D ( 'NONE', #9034, #1829, #395 ) ;
#9068 = ADVANCED_FACE ( 'NONE', ( #2819 ), #5746, .T. ) ;
#9069 = DIRECTION ( 'NONE',  ( -1.000000000000000000, 0.000000000000000000, 0.000000000000000000 ) ) ;
#9070 = VECTOR ( 'NONE', #5340, 1000.000000000000000 ) ;
#9071 = DIRECTION ( 'NONE',  ( 0.000000000000000000, -1.000000000000000000, 0.000000000000000000 ) ) ;
#9072 = EDGE_CURVE ( 'NONE', #407, #5474, #1494, .T. ) ;
#9073 = EDGE_CURVE ( 'NONE', #7252, #1668, #3864, .T. ) ;
#9074 = VECTOR ( 'NONE', #5336, 1000.000000000000000 ) ;
#9075 = ITEM_DEFINED_TRANSFORMATION ( 'NONE', 'NONE', #5756,  #4988 ) ;
#9076 = CARTESIAN_POINT ( 'NONE',  ( 2.100000000000000089, 0.6460721337625500160, 3.405725418007999661 ) ) ;
#9077 = ORIENTED_EDGE ( 'NONE', *, *, #5019, .T. ) ;
#9078 = CARTESIAN_POINT ( 'NONE',  ( 0.4499999999999305667, 2.419999999999999929, 1.849999999999930367 ) ) ;
#9079 = ORIENTED_EDGE ( 'NONE', *, *, #4276, .T. ) ;
#9080 = ORIENTED_EDGE ( 'NONE', *, *, #8703, .F. ) ;
#9081 = CARTESIAN_POINT ( 'NONE',  ( 3.034556701629033348, 2.399999999999979039, -2.135443298370966581 ) ) ;
#9082 = AXIS2_PLACEMENT_3D ( 'NONE', #1058, #8315, #9021 ) ;
#9083 = ADVANCED_FACE ( 'NONE', ( #5940 ), #3103, .T. ) ;
#9084 = ADVANCED_FACE ( 'NONE', ( #2438 ), #3821, .F. ) ;
#9085 = CARTESIAN_POINT ( 'NONE',  ( 3.299999999999999822, 0.6999999999999999556, -2.649999999999999911 ) ) ;
#9086 = CARTESIAN_POINT ( 'NONE',  ( -0.3499999999999999778, 2.419999999999999929, 2.149999999999999911 ) ) ;
#9087 = VECTOR ( 'NONE', #5879, 1000.000000000000000 ) ;
#9088 = DIRECTION ( 'NONE',  ( 0.000000000000000000, 0.9828721869343112205, -0.1842885350502417308 ) ) ;
#9089 = CARTESIAN_POINT ( 'NONE',  ( 2.000000000000000000, 2.419999999999999929, 1.800000000000000266 ) ) ;
#9090 = DIRECTION ( 'NONE',  ( 0.000000000000000000, 0.000000000000000000, -1.000000000000000000 ) ) ;
#9091 = ORIENTED_EDGE ( 'NONE', *, *, #4568, .T. ) ;
#9092 = PLANE ( 'NONE',  #8146 ) ;
#9093 = ORIENTED_EDGE ( 'NONE', *, *, #883, .T. ) ;
#9094 = DIRECTION ( 'NONE',  ( -0.000000000000000000, 1.000000000000000000, -0.000000000000000000 ) ) ;
#9095 = VERTEX_POINT ( 'NONE', #8837 ) ;
#9096 = EDGE_CURVE ( 'NONE', #7401, #1193, #916, .T. ) ;
#9097 = VECTOR ( 'NONE', #9069, 1000.000000000000000 ) ;
#9098 = CARTESIAN_POINT ( 'NONE',  ( -0.2500000000000000000, 2.419999999999999929, 2.149999999999999911 ) ) ;
#9099 = CARTESIAN_POINT ( 'NONE',  ( -2.024999999999999911, 2.419999999999999929, -1.949999999999999956 ) ) ;
#9100 = DIRECTION ( 'NONE',  ( -1.000000000000000000, 0.000000000000000000, 0.000000000000000000 ) ) ;
#9101 = CARTESIAN_POINT ( 'NONE',  ( 1.590000000000000080, 2.100000000000000089, -0.6500000000000001332 ) ) ;
#9102 = CARTESIAN_POINT ( 'NONE',  ( 0.3499999999999999778, 0.5500000000000000444, 0.5500000000000000444 ) ) ;
#9103 = ORIENTED_EDGE ( 'NONE', *, *, #6585, .T. ) ;
#9104 = VERTEX_POINT ( 'NONE', #6852 ) ;
#9105 = CIRCLE ( 'NONE', #4972, 0.1000000000000198508 ) ;
#9106 = CARTESIAN_POINT ( 'NONE',  ( 0.3200000000000000067, 1.750000000000000000, 1.500000000000000000 ) ) ;
#9107 = EDGE_LOOP ( 'NONE', ( #8074, #1047, #6872, #4967 ) ) ;
#9108 = ORIENTED_EDGE ( 'NONE', *, *, #8213, .T. ) ;
#9109 = DIRECTION ( 'NONE',  ( 0.000000000000000000, 0.000000000000000000, -1.000000000000000000 ) ) ;
#9110 = VECTOR ( 'NONE', #7732, 1000.000000000000000 ) ;
#9111 = CARTESIAN_POINT ( 'NONE',  ( -3.094450760470816686, 2.356437731128811830, 2.075549239529183243 ) ) ;
#9112 = DIRECTION ( 'NONE',  ( 0.000000000000000000, -1.000000000000000000, 0.000000000000000000 ) ) ;
#9113 = CARTESIAN_POINT ( 'NONE',  ( -1.709999999999999964, 0.1315711464949800014, -3.502194353120600123 ) ) ;
#9114 = EDGE_LOOP ( 'NONE', ( #7610, #3152, #2582, #3545, #9091 ) ) ;
#9115 = VERTEX_POINT ( 'NONE', #5986 ) ;
#9116 = CARTESIAN_POINT ( 'NONE',  ( -1.375000000000000000, 2.419999999999999929, -1.800000000000000266 ) ) ;
#9117 = ORIENTED_EDGE ( 'NONE', *, *, #9059, .F. ) ;
#9118 = VECTOR ( 'NONE', #717, 1000.000000000000000 ) ;
#9119 = AXIS2_PLACEMENT_3D ( 'NONE', #3737, #6675, #9042 ) ;
#9120 = EDGE_CURVE ( 'NONE', #952, #4883, #8664, .T. ) ;
#9121 = CARTESIAN_POINT ( 'NONE',  ( 2.100000000000000089, 0.8500000000000000888, -2.649999999999999911 ) ) ;
#9122 = DIRECTION ( 'NONE',  ( -0.000000000000000000, 1.000000000000000000, -0.000000000000000000 ) ) ;
#9123 = VECTOR ( 'NONE', #6409, 1000.000000000000000 ) ;
#9124 = SHAPE_DEFINITION_REPRESENTATION ( #3776, #6391 ) ;
#9125 = CARTESIAN_POINT ( 'NONE',  ( -1.419999999999999929, 1.750000000000000000, -0.6500000000000001332 ) ) ;
#9126 = EDGE_LOOP ( 'NONE', ( #6503, #8276, #2681, #1082 ) ) ;
#9127 = ORIENTED_EDGE ( 'NONE', *, *, #4620, .T. ) ;
#9128 = DIRECTION ( 'NONE',  ( 1.000000000000000000, 0.000000000000000000, 0.000000000000000000 ) ) ;
#9129 = ADVANCED_FACE ( 'NONE', ( #5353 ), #7565, .F. ) ;
#9130 = EDGE_CURVE ( 'NONE', #6652, #7437, #8178, .T. ) ;
#9131 = AXIS2_PLACEMENT_3D ( 'NONE', #3065, #8902, #7479 ) ;
#9132 = DIRECTION ( 'NONE',  ( 0.000000000000000000, -1.000000000000000000, 0.000000000000000000 ) ) ;
#9133 = PLANE ( 'NONE',  #4938 ) ;
#9134 = VECTOR ( 'NONE', #4790, 1000.000000000000000 ) ;
#9135 = CARTESIAN_POINT ( 'NONE',  ( -0.8400000000000001910, -0.1000000000000000056, 3.600481571814099890 ) ) ;
#9136 = ADVANCED_FACE ( 'NONE', ( #1778 ), #1063, .F. ) ;
#9137 = DIRECTION ( 'NONE',  ( 1.000000000000000000, -0.000000000000000000, -0.000000000000000000 ) ) ;
#9138 = VERTEX_POINT ( 'NONE', #1014 ) ;
#9139 = CARTESIAN_POINT ( 'NONE',  ( 0.8299999999999999600, 0.05000000000000000278, 3.600481571814099890 ) ) ;
#9140 = VERTEX_POINT ( 'NONE', #8127 ) ;
#9141 = CARTESIAN_POINT ( 'NONE',  ( 0.4299999999999999933, -0.1000000000000000056, -4.000000000000000000 ) ) ;
#9142 = ORIENTED_EDGE ( 'NONE', *, *, #3614, .F. ) ;
#9143 = ADVANCED_FACE ( 'NONE', ( #1727 ), #3912, .F. ) ;
#9144 = DIRECTION ( 'NONE',  ( 0.000000000000000000, 1.000000000000000000, 0.000000000000000000 ) ) ;
#9145 = CARTESIAN_POINT ( 'NONE',  ( -1.709999999999999964, 0.1039278662374499979, 3.354763525080500131 ) ) ;
#9146 = CARTESIAN_POINT ( 'NONE',  ( 2.050000000000000266, 2.419999999999999929, 2.149999999999999911 ) ) ;
#9147 = CYLINDRICAL_SURFACE ( 'NONE', #1566, 0.2000000000000000944 ) ;
#9148 = DIRECTION ( 'NONE',  ( -0.000000000000000000, 1.000000000000000000, -0.000000000000000000 ) ) ;
#9149 = EDGE_CURVE ( 'NONE', #5564, #1942, #4388, .T. ) ;
#9150 = ORIENTED_EDGE ( 'NONE', *, *, #6851, .F. ) ;
#9151 = EDGE_LOOP ( 'NONE', ( #628, #8783, #1004, #661, #2833, #2912, #6721, #2846 ) ) ;
#9152 = DIRECTION ( 'NONE',  ( -1.000000000000000000, 0.000000000000000000, 0.000000000000000000 ) ) ;
#9153 = VERTEX_POINT ( 'NONE', #8886 ) ;
#9154 = PRODUCT_DEFINITION ( 'UNKNOWN', '', #1637, #6679 ) ;
#9155 = CARTESIAN_POINT ( 'NONE',  ( 1.699999999999999956, 0.8499999999999999778, 2.649999999999999911 ) ) ;
#9156 = CARTESIAN_POINT ( 'NONE',  ( 3.235470540548374796, 0.6999999999999999556, -2.649999999999999911 ) ) ;
#9157 = CARTESIAN_POINT ( 'NONE',  ( 1.699999999999999956, 0.6999999999999999556, -2.649999999999999911 ) ) ;
#9158 = CARTESIAN_POINT ( 'NONE',  ( 0.3499999999999999778, 0.05000000000000000278, 0.6500000000000001332 ) ) ;
#9159 = ORIENTED_EDGE ( 'NONE', *, *, #1820, .T. ) ;
#9160 = ORIENTED_EDGE ( 'NONE', *, *, #5298, .F. ) ;
#9161 = LINE ( 'NONE', #6120, #4601 ) ;
#9162 = VERTEX_POINT ( 'NONE', #7514 ) ;
#9163 = LINE ( 'NONE', #5581, #6368 ) ;
#9164 = FACE_OUTER_BOUND ( 'NONE', #8575, .T. ) ;
#9165 = CARTESIAN_POINT ( 'NONE',  ( 0.8299999999999999600, -0.1000000000000000056, 3.600481571814099890 ) ) ;
#9166 = EDGE_CURVE ( 'NONE', #9206, #5357, #2343, .T. ) ;
#9167 = B_SPLINE_CURVE_WITH_KNOTS ( 'NONE', 3,
 ( #8909, #8199, #6732, #7440 ),
 .UNSPECIFIED., .F., .F.,
 ( 4, 4 ),
 ( 2.547561443232159384, 3.111058520025675733 ),
 .UNSPECIFIED. ) ;
#9168 = VERTEX_POINT ( 'NONE', #112 ) ;
#9169 = ORIENTED_EDGE ( 'NONE', *, *, #6651, .F. ) ;
#9170 = CARTESIAN_POINT ( 'NONE',  ( -0.8499999999999999778, 2.399999999999999911, 1.750000000000000000 ) ) ;
#9171 = CARTESIAN_POINT ( 'NONE',  ( -0.1499999999999999944, 2.399999999999999911, -1.500000000000000000 ) ) ;
#9172 = EDGE_CURVE ( 'NONE', #6870, #2610, #7615, .T. ) ;
#9173 = EDGE_CURVE ( 'NONE', #8615, #1173, #5624, .T. ) ;
#9174 = LINE ( 'NONE', #5453, #5702 ) ;
#9175 = DIRECTION ( 'NONE',  ( 0.000000000000000000, 0.000000000000000000, 1.000000000000000000 ) ) ;
#9176 = CARTESIAN_POINT ( 'NONE',  ( 2.000000000000000000, 2.399999999999999911, 1.800000000000000266 ) ) ;
#9177 = ORIENTED_EDGE ( 'NONE', *, *, #6463, .T. ) ;
#9178 = AXIS2_PLACEMENT_3D ( 'NONE', #6244, #9094, #6196 ) ;
#9179 = CARTESIAN_POINT ( 'NONE',  ( -1.375000000000000000, 2.399999999999999911, -1.800000000000000266 ) ) ;
#9180 = CARTESIAN_POINT ( 'NONE',  ( 3.070048994552400323, 0.07243626441829999207, 2.470048994552399790 ) ) ;
#9181 = VERTEX_POINT ( 'NONE', #2391 ) ;
#9182 = ORIENTED_EDGE ( 'NONE', *, *, #2171, .F. ) ;
#9183 = ADVANCED_FACE ( 'NONE', ( #3777 ), #1632, .T. ) ;
#9184 = DIRECTION ( 'NONE',  ( 0.000000000000000000, 0.000000000000000000, 1.000000000000000000 ) ) ;
#9185 = CARTESIAN_POINT ( 'NONE',  ( 3.050005932074643322, 0.03417045046257158325, -2.450028469663825703 ) ) ;
#9186 = DIRECTION ( 'NONE',  ( -1.000000000000000000, 0.000000000000000000, 0.000000000000000000 ) ) ;
#9187 = ADVANCED_FACE ( 'NONE', ( #9274 ), #6320, .F. ) ;
#9188 = CARTESIAN_POINT ( 'NONE',  ( 2.290000000000000036, 2.100000000000000089, 0.6500000000000001332 ) ) ;
#9189 = CARTESIAN_POINT ( 'NONE',  ( 3.299999999999999822, 0.000000000000000000, 2.373922824958600408 ) ) ;
#9190 = ORIENTED_EDGE ( 'NONE', *, *, #9149, .T. ) ;
#9191 = EDGE_LOOP ( 'NONE', ( #6830, #4603, #3870, #4426 ) ) ;
#9192 = DIRECTION ( 'NONE',  ( -1.000000000000000000, 0.000000000000000000, 0.000000000000000000 ) ) ;
#9193 = EDGE_LOOP ( 'NONE', ( #6218, #912, #5666, #7953 ) ) ;
#9194 = CIRCLE ( 'NONE', #2318, 0.1000000000000198508 ) ;
#9195 = VECTOR ( 'NONE', #24, 1000.000000000000000 ) ;
#9196 = ORIENTED_EDGE ( 'NONE', *, *, #4102, .F. ) ;
#9197 = ADVANCED_FACE ( 'NONE', ( #2578 ), #3296, .T. ) ;
#9198 = LINE ( 'NONE', #4885, #6067 ) ;
#9199 = VECTOR ( 'NONE', #5128, 1000.000000000000000 ) ;
#9200 = CARTESIAN_POINT ( 'NONE',  ( -1.847784196209499852, 2.419999999999999929, -1.870508579173199903 ) ) ;
#9201 = AXIS2_PLACEMENT_3D ( 'NONE', #674, #9416, #5783 ) ;
#9202 = ADVANCED_FACE ( 'NONE', ( #3243 ), #7029, .T. ) ;
#9203 = CARTESIAN_POINT ( 'NONE',  ( -0.4400000000000000022, 0.6999999999999999556, 3.160007371274399901 ) ) ;
#9204 = FACE_OUTER_BOUND ( 'NONE', #7248, .T. ) ;
#9205 = ORIENTED_EDGE ( 'NONE', *, *, #8814, .F. ) ;
#9206 = VERTEX_POINT ( 'NONE', #1155 ) ;
#9207 = CARTESIAN_POINT ( 'NONE',  ( -1.709999999999999964, 0.6184288535050199709, -3.258294589967800636 ) ) ;
#9208 = ORIENTED_EDGE ( 'NONE', *, *, #6929, .F. ) ;
#9209 = LINE ( 'NONE', #5579, #8776 ) ;
#9210 = AXIS2_PLACEMENT_3D ( 'NONE', #7387, #4450, #5323 ) ;
#9211 = VECTOR ( 'NONE', #2325, 1000.000000000000000 ) ;
#9212 = DIRECTION ( 'NONE',  ( 0.000000000000000000, -0.1842885350500574615, -0.9828721869343458595 ) ) ;
#9213 = CARTESIAN_POINT ( 'NONE',  ( 2.100000000000000089, 0.5999999999999870992, -3.160007371274350163 ) ) ;
#9214 = VECTOR ( 'NONE', #4437, 1000.000000000000000 ) ;
#9215 =( LENGTH_UNIT ( ) NAMED_UNIT ( * ) SI_UNIT ( .MILLI., .METRE. ) );
#9216 = DIRECTION ( 'NONE',  ( 0.000000000000000000, 0.000000000000000000, -1.000000000000000000 ) ) ;
#9217 = CIRCLE ( 'NONE', #7842, 0.2500000000000412448 ) ;
#9218 = VERTEX_POINT ( 'NONE', #1105 ) ;
#9219 = DIRECTION ( 'NONE',  ( 0.1168412475673972217, -0.9931506043228762737, 0.000000000000000000 ) ) ;
#9220 = FACE_OUTER_BOUND ( 'NONE', #4356, .T. ) ;
#9221 = VECTOR ( 'NONE', #3612, 1000.000000000000000 ) ;
#9222 = CIRCLE ( 'NONE', #8003, 0.2500000000000412448 ) ;
#9223 = CARTESIAN_POINT ( 'NONE',  ( -2.299999999999999822, 0.1499999999999999944, 1.800000000000000266 ) ) ;
#9224 = CARTESIAN_POINT ( 'NONE',  ( -0.4400000000000000022, 0.8499999999999999778, -3.160007371274399901 ) ) ;
#9225 = DIRECTION ( 'NONE',  ( 0.9931506043228762737, -0.1168412475673972217, 0.000000000000000000 ) ) ;
#9226 = ORIENTED_EDGE ( 'NONE', *, *, #7160, .T. ) ;
#9227 = CARTESIAN_POINT ( 'NONE',  ( -0.8400000000000001910, 0.6184288535050199709, 3.258294589967800636 ) ) ;
#9228 = VECTOR ( 'NONE', #180, 1000.000000000000000 ) ;
#9229 = LINE ( 'NONE', #2809, #6794 ) ;
#9230 = VERTEX_POINT ( 'NONE', #1825 ) ;
#9231 = CARTESIAN_POINT ( 'NONE',  ( -2.149999999999999911, 2.419999999999999929, 2.000000000000000000 ) ) ;
#9232 = VERTEX_POINT ( 'NONE', #3960 ) ;
#9233 = CARTESIAN_POINT ( 'NONE',  ( 1.020000000000000018, 2.100000000000000089, 0.6500000000000001332 ) ) ;
#9234 = EDGE_CURVE ( 'NONE', #3357, #7557, #5476, .T. ) ;
#9235 = CARTESIAN_POINT ( 'NONE',  ( -2.399999999999999467, 1.125000000000000222, -2.649999999999999911 ) ) ;
#9236 = VECTOR ( 'NONE', #2461, 999.9999999999998863 ) ;
#9237 = DIRECTION ( 'NONE',  ( -1.000000000000000000, 0.000000000000000000, 0.000000000000000000 ) ) ;
#9238 = FACE_OUTER_BOUND ( 'NONE', #9191, .T. ) ;
#9239 = FACE_OUTER_BOUND ( 'NONE', #1811, .T. ) ;
#9240 = CARTESIAN_POINT ( 'NONE',  ( 1.950000000000154943, 2.399999999999999911, 2.150000000000154898 ) ) ;
#9241 = VERTEX_POINT ( 'NONE', #9170 ) ;
#9242 = VERTEX_POINT ( 'NONE', #2006 ) ;
#9243 = DIRECTION ( 'NONE',  ( 1.000000000000000000, 0.000000000000000000, 0.000000000000000000 ) ) ;
#9244 = ORIENTED_EDGE ( 'NONE', *, *, #3340, .F. ) ;
#9245 = VERTEX_POINT ( 'NONE', #6370 ) ;
#9246 = AXIS2_PLACEMENT_3D ( 'NONE', #1, #2897, #8506 ) ;
#9247 = ADVANCED_FACE ( 'NONE', ( #6991 ), #1960, .T. ) ;
#9248 = EDGE_CURVE ( 'NONE', #2773, #8148, #7799, .T. ) ;
#9249 = DIRECTION ( 'NONE',  ( 0.000000000000000000, 0.000000000000000000, -1.000000000000000000 ) ) ;
#9250 = CYLINDRICAL_SURFACE ( 'NONE', #3616, 0.05000000000000012768 ) ;
#9251 = CARTESIAN_POINT ( 'NONE',  ( -0.3500000000000001443, 0.5758503961844771979, 0.07414960381551423396 ) ) ;
#9252 = CIRCLE ( 'NONE', #1925, 0.05000000000000012768 ) ;
#9253 = ORIENTED_EDGE ( 'NONE', *, *, #1421, .F. ) ;
#9254 = ORIENTED_EDGE ( 'NONE', *, *, #8128, .F. ) ;
#9255 = CARTESIAN_POINT ( 'NONE',  ( 1.699999999999999956, 0.05000000000000000278, 4.000000000000000000 ) ) ;
#9256 = ADVANCED_FACE ( 'NONE', ( #6186 ), #4908, .F. ) ;
#9257 = ORIENTED_EDGE ( 'NONE', *, *, #9002, .F. ) ;
#9258 = ORIENTED_EDGE ( 'NONE', *, *, #240, .F. ) ;
#9259 = EDGE_CURVE ( 'NONE', #837, #2349, #3381, .T. ) ;
#9260 = CIRCLE ( 'NONE', #5288, 0.09999999999984587884 ) ;
#9261 = DIRECTION ( 'NONE',  ( 1.000000000000000000, 0.000000000000000000, 0.000000000000000000 ) ) ;
#9262 = FACE_OUTER_BOUND ( 'NONE', #805, .T. ) ;
#9263 = CONTEXT_DEPENDENT_SHAPE_REPRESENTATION ( #5343, #7052 ) ;
#9264 = DIRECTION ( 'NONE',  ( 0.000000000000000000, 0.1842885350502414255, -0.9828721869343114426 ) ) ;
#9265 = CARTESIAN_POINT ( 'NONE',  ( 1.699999999999999956, 0.6999999999999999556, 2.649999999999999911 ) ) ;
#9266 = AXIS2_PLACEMENT_3D ( 'NONE', #1257, #6286, #9184 ) ;
#9267 = EDGE_CURVE ( 'NONE', #6619, #2085, #6945, .T. ) ;
#9268 = ORIENTED_EDGE ( 'NONE', *, *, #8431, .T. ) ;
#9269 = CARTESIAN_POINT ( 'NONE',  ( 0.8299999999999999600, 0.1039278662374499979, 3.354763525080500131 ) ) ;
#9270 = DIRECTION ( 'NONE',  ( -0.000000000000000000, 1.000000000000000000, -0.000000000000000000 ) ) ;
#9271 = EDGE_CURVE ( 'NONE', #8019, #4811, #2532, .T. ) ;
#9272 = VECTOR ( 'NONE', #5781, 1000.000000000000000 ) ;
#9273 = VECTOR ( 'NONE', #9403, 1000.000000000000000 ) ;
#9274 = FACE_OUTER_BOUND ( 'NONE', #7416, .T. ) ;
#9275 = LINE ( 'NONE', #5688, #4957 ) ;
#9276 = ORIENTED_EDGE ( 'NONE', *, *, #917, .T. ) ;
#9277 = LINE ( 'NONE', #3576, #4146 ) ;
#9278 = AXIS2_PLACEMENT_3D ( 'NONE', #8995, #7433, #8192 ) ;
#9279 = FACE_OUTER_BOUND ( 'NONE', #1468, .T. ) ;
#9280 = EDGE_LOOP ( 'NONE', ( #9368, #2289, #615, #2167 ) ) ;
#9281 = PLANE ( 'NONE',  #8869 ) ;
#9282 = VERTEX_POINT ( 'NONE', #6234 ) ;
#9283 = CARTESIAN_POINT ( 'NONE',  ( 3.011075042537525004, 2.399999999999999911, -2.158924957462475813 ) ) ;
#9284 = VECTOR ( 'NONE', #4487, 1000.000000000000114 ) ;
#9285 = LINE ( 'NONE', #6336, #7915 ) ;
#9286 = CYLINDRICAL_SURFACE ( 'NONE', #6768, 0.09999999999984522658 ) ;
#9287 = DIRECTION ( 'NONE',  ( 1.000000000000000000, 0.000000000000000000, 0.000000000000000000 ) ) ;
#9288 = ORIENTED_EDGE ( 'NONE', *, *, #7779, .T. ) ;
#9289 = ADVANCED_FACE ( 'NONE', ( #434 ), #4822, .F. ) ;
#9290 = VERTEX_POINT ( 'NONE', #8454 ) ;
#9291 = DIRECTION ( 'NONE',  ( 0.000000000000000000, 0.000000000000000000, 1.000000000000000000 ) ) ;
#9292 = VERTEX_POINT ( 'NONE', #7755 ) ;
#9293 = ORIENTED_EDGE ( 'NONE', *, *, #306, .F. ) ;
#9294 = CARTESIAN_POINT ( 'NONE',  ( 0.6999999999999999556, 2.419999999999999929, 2.200000000000000178 ) ) ;
#9295 = FILL_AREA_STYLE_COLOUR ( '', #653 ) ;
#9296 = LINE ( 'NONE', #5714, #7604 ) ;
#9297 = ORIENTED_EDGE ( 'NONE', *, *, #1700, .F. ) ;
#9298 = EDGE_CURVE ( 'NONE', #1111, #3376, #1199, .T. ) ;
#9299 = ORIENTED_EDGE ( 'NONE', *, *, #8329, .F. ) ;
#9300 = EDGE_CURVE ( 'NONE', #7849, #4079, #4866, .T. ) ;
#9301 = DIRECTION ( 'NONE',  ( 0.000000000000000000, 0.000000000000000000, -1.000000000000000000 ) ) ;
#9302 = ORIENTED_EDGE ( 'NONE', *, *, #4582, .T. ) ;
#9303 = VERTEX_POINT ( 'NONE', #7080 ) ;
#9304 = DIRECTION ( 'NONE',  ( 0.000000000000000000, 0.000000000000000000, 1.000000000000000000 ) ) ;
#9305 = EDGE_CURVE ( 'NONE', #5055, #4125, #532, .T. ) ;
#9306 = CARTESIAN_POINT ( 'NONE',  ( -1.520000000000000018, 1.750000000000000000, -0.6500000000000001332 ) ) ;
#9307 = DIRECTION ( 'NONE',  ( 0.000000000000000000, 1.000000000000000000, 7.979727989491668017E-14 ) ) ;
#9308 = DIRECTION ( 'NONE',  ( 1.000000000000000000, 0.000000000000000000, 0.000000000000000000 ) ) ;
#9309 = EDGE_CURVE ( 'NONE', #2898, #5124, #8962, .T. ) ;
#9310 = ORIENTED_EDGE ( 'NONE', *, *, #7914, .F. ) ;
#9311 = ORIENTED_EDGE ( 'NONE', *, *, #156, .F. ) ;
#9312 = PLANE ( 'NONE',  #5377 ) ;
#9313 = EDGE_CURVE ( 'NONE', #5424, #6351, #2143, .T. ) ;
#9314 = CARTESIAN_POINT ( 'NONE',  ( -1.723113446486100209, 2.399999999999999911, -1.850000000000000089 ) ) ;
#9315 = CARTESIAN_POINT ( 'NONE',  ( 2.100000000000000089, 0.05000000000000000278, 3.600481571814099890 ) ) ;
#9316 = EDGE_CURVE ( 'NONE', #1193, #3095, #2946, .T. ) ;
#9317 = CARTESIAN_POINT ( 'NONE',  ( 0.8299999999999999600, 0.5999999999999480194, -3.160007371274379917 ) ) ;
#9318 = CARTESIAN_POINT ( 'NONE',  ( 0.000000000000000000, 0.05000000000000000278, 0.000000000000000000 ) ) ;
#9319 = ORIENTED_EDGE ( 'NONE', *, *, #7099, .F. ) ;
#9320 = CARTESIAN_POINT ( 'NONE',  ( -0.8400000000000001910, 0.6999999999999999556, 3.160007371274399901 ) ) ;
#9321 = ORIENTED_EDGE ( 'NONE', *, *, #1320, .T. ) ;
#9322 = FACE_BOUND ( 'NONE', #4294, .T. ) ;
#9323 = ORIENTED_EDGE ( 'NONE', *, *, #1320, .F. ) ;
#9324 = LINE ( 'NONE', #7943, #4685 ) ;
#9325 = LINE ( 'NONE', #5698, #6628 ) ;
#9326 = LINE ( 'NONE', #8039, #1503 ) ;
#9327 = FACE_OUTER_BOUND ( 'NONE', #4252, .T. ) ;
#9328 = CARTESIAN_POINT ( 'NONE',  ( 3.008074663377998892, 2.377211683686717425, 2.476906551582125804 ) ) ;
#9329 = VERTEX_POINT ( 'NONE', #7172 ) ;
#9330 = ORIENTED_EDGE ( 'NONE', *, *, #3686, .F. ) ;
#9331 = DIRECTION ( 'NONE',  ( 0.000000000000000000, 1.000000000000000000, 0.000000000000000000 ) ) ;
#9332 = EDGE_LOOP ( 'NONE', ( #9385, #1746, #8578, #6881 ) ) ;
#9333 = EDGE_LOOP ( 'NONE', ( #3872, #7337, #5293 ) ) ;
#9334 = EDGE_CURVE ( 'NONE', #1668, #2586, #6604, .T. ) ;
#9335 = B_SPLINE_CURVE_WITH_KNOTS ( 'NONE', 3,
 ( #2156, #4260, #5795, #5024, #5068, #2022, #7186, #9328, #1452, #5841 ),
 .UNSPECIFIED., .F., .F.,
 ( 4, 2, 2, 2, 4 ),
 ( 0.000000000000000000, 0.01949605918320674106, 0.03899211836641348211, 0.07798423673282613156, 0.1559684734656510141 ),
 .UNSPECIFIED. ) ;
#9336 = CARTESIAN_POINT ( 'NONE',  ( 0.6500000000000001332, 2.419999999999999929, 1.850000000000000089 ) ) ;
#9337 = LINE ( 'NONE', #4226, #7836 ) ;
#9338 = LINE ( 'NONE', #2781, #2405 ) ;
#9339 = VECTOR ( 'NONE', #2990, 1000.000000000000000 ) ;
#9340 = ORIENTED_EDGE ( 'NONE', *, *, #6031, .T. ) ;
#9341 = ORIENTED_EDGE ( 'NONE', *, *, #3202, .F. ) ;
#9342 = VECTOR ( 'NONE', #2371, 1000.000000000000000 ) ;
#9343 = LINE ( 'NONE', #2742, #791 ) ;
#9344 = ORIENTED_EDGE ( 'NONE', *, *, #8382, .T. ) ;
#9345 = VERTEX_POINT ( 'NONE', #7935 ) ;
#9346 = VECTOR ( 'NONE', #3689, 1000.000000000000000 ) ;
#9347 = ADVANCED_FACE ( 'NONE', ( #4338 ), #2054, .F. ) ;
#9348 = CIRCLE ( 'NONE', #4765, 0.2500000000000405787 ) ;
#9349 = EDGE_CURVE ( 'NONE', #738, #8426, #7032, .T. ) ;
#9350 = DIRECTION ( 'NONE',  ( 1.548240702311693420E-12, 0.000000000000000000, -1.000000000000000000 ) ) ;
#9351 = CARTESIAN_POINT ( 'NONE',  ( -2.399999999999999911, 1.124999999999955813, 2.649999999999999911 ) ) ;
#9352 = CARTESIAN_POINT ( 'NONE',  ( 1.699999999999999956, -0.1000000000000000056, -3.600481571814099890 ) ) ;
#9353 = ORIENTED_EDGE ( 'NONE', *, *, #334, .T. ) ;
#9354 = ORIENTED_EDGE ( 'NONE', *, *, #6124, .F. ) ;
#9355 = AXIS2_PLACEMENT_3D ( 'NONE', #171, #4596, #3791 ) ;
#9356 = ORIENTED_EDGE ( 'NONE', *, *, #3754, .F. ) ;
#9357 = AXIS2_PLACEMENT_3D ( 'NONE', #9317, #7982, #9366 ) ;
#9358 = DIRECTION ( 'NONE',  ( 0.000000000000000000, 0.000000000000000000, 1.000000000000000000 ) ) ;
#9359 = EDGE_CURVE ( 'NONE', #3465, #223, #3664, .T. ) ;
#9360 = EDGE_CURVE ( 'NONE', #9004, #3140, #6560, .T. ) ;
#9361 = EDGE_CURVE ( 'NONE', #9115, #1192, #3480, .T. ) ;
#9362 = CIRCLE ( 'NONE', #6792, 0.05000000000000012768 ) ;
#9363 = AXIS2_PLACEMENT_3D ( 'NONE', #1733, #8413, #2537 ) ;
#9364 = DIRECTION ( 'NONE',  ( 0.000000000000000000, 0.000000000000000000, 1.000000000000000000 ) ) ;
#9365 = CARTESIAN_POINT ( 'NONE',  ( 0.3207106781186499500, 0.6207106781186499944, 0.6207106781186499944 ) ) ;
#9366 = DIRECTION ( 'NONE',  ( 0.000000000000000000, 0.000000000000000000, 1.000000000000000000 ) ) ;
#9367 = FACE_OUTER_BOUND ( 'NONE', #3390, .T. ) ;
#9368 = ORIENTED_EDGE ( 'NONE', *, *, #3614, .T. ) ;
#9369 = DIRECTION ( 'NONE',  ( 1.000000000000000000, 0.000000000000000000, 0.000000000000000000 ) ) ;
#9370 = ORIENTED_EDGE ( 'NONE', *, *, #2517, .T. ) ;
#9371 = EDGE_CURVE ( 'NONE', #9282, #4079, #4290, .T. ) ;
#9372 = CARTESIAN_POINT ( 'NONE',  ( -3.070048994552400323, 0.07243626441829999207, 2.470048994552399790 ) ) ;
#9373 = AXIS2_PLACEMENT_3D ( 'NONE', #5456, #3197, #5312 ) ;
#9374 = VERTEX_POINT ( 'NONE', #2894 ) ;
#9375 = AXIS2_PLACEMENT_3D ( 'NONE', #51, #6519, #5733 ) ;
#9376 = EDGE_CURVE ( 'NONE', #4114, #3016, #8641, .T. ) ;
#9377 = DIRECTION ( 'NONE',  ( -1.000000000000000000, 0.000000000000000000, 0.000000000000000000 ) ) ;
#9378 = AXIS2_PLACEMENT_3D ( 'NONE', #1934, #4841, #1220 ) ;
#9379 = CARTESIAN_POINT ( 'NONE',  ( 0.3499999999999999778, 0.000000000000000000, 0.000000000000000000 ) ) ;
#9380 = CARTESIAN_POINT ( 'NONE',  ( -0.4399999999999999467, 0.6999999999999999556, -2.649999999999999911 ) ) ;
#9381 = DIRECTION ( 'NONE',  ( 0.000000000000000000, 0.000000000000000000, -1.000000000000000000 ) ) ;
#9382 = CIRCLE ( 'NONE', #5721, 0.1000000000000174083 ) ;
#9383 = DIRECTION ( 'NONE',  ( 0.000000000000000000, 0.000000000000000000, 1.000000000000000000 ) ) ;
#9384 = DIRECTION ( 'NONE',  ( 0.000000000000000000, 0.1842885350503717934, -0.9828721869342869066 ) ) ;
#9385 = ORIENTED_EDGE ( 'NONE', *, *, #9, .F. ) ;
#9386 = ORIENTED_EDGE ( 'NONE', *, *, #274, .F. ) ;
#9387 = CARTESIAN_POINT ( 'NONE',  ( -2.966007063479920269, 2.100000000000000089, 2.535294117647060030 ) ) ;
#9388 = VERTEX_POINT ( 'NONE', #1436 ) ;
#9389 = ORIENTED_EDGE ( 'NONE', *, *, #7443, .F. ) ;
#9390 = EDGE_CURVE ( 'NONE', #116, #2516, #6540, .T. ) ;
#9391 = VECTOR ( 'NONE', #1782, 1000.000000000000000 ) ;
#9392 = LINE ( 'NONE', #2829, #7130 ) ;
#9393 = LINE ( 'NONE', #2081, #5683 ) ;
#9394 = CARTESIAN_POINT ( 'NONE',  ( -0.9000000000000001332, 2.419999999999999929, 2.200000000000000178 ) ) ;
#9395 = PLANE ( 'NONE',  #3695 ) ;
#9396 = EDGE_LOOP ( 'NONE', ( #4512, #26, #6327, #8054 ) ) ;
#9397 = ORIENTED_EDGE ( 'NONE', *, *, #619, .F. ) ;
#9398 = CARTESIAN_POINT ( 'NONE',  ( 1.949999999999999956, 2.419999999999999929, 1.850000000000000089 ) ) ;
#9399 = ORIENTED_EDGE ( 'NONE', *, *, #3971, .F. ) ;
#9400 = ORIENTED_EDGE ( 'NONE', *, *, #5342, .F. ) ;
#9401 = CARTESIAN_POINT ( 'NONE',  ( -3.050005932074640658, 0.03417045046256707297, -2.450028469663821706 ) ) ;
#9402 = VECTOR ( 'NONE', #4621, 1000.000000000000000 ) ;
#9403 = DIRECTION ( 'NONE',  ( -1.000000000000000000, 0.000000000000000000, 0.000000000000000000 ) ) ;
#9404 = CARTESIAN_POINT ( 'NONE',  ( 2.100000000000000089, 0.5999999999999731104, 3.160007371274344834 ) ) ;
#9405 = ORIENTED_EDGE ( 'NONE', *, *, #4681, .T. ) ;
#9406 = DIRECTION ( 'NONE',  ( 1.000000000000000000, 0.000000000000000000, 0.000000000000000000 ) ) ;
#9407 = ORIENTED_EDGE ( 'NONE', *, *, #6056, .F. ) ;
#9408 = DIRECTION ( 'NONE',  ( 0.000000000000000000, 0.9828721869343458595, 0.1842885350500573227 ) ) ;
#9409 = ADVANCED_FACE ( 'NONE', ( #6419 ), #7311, .F. ) ;
#9410 = DIRECTION ( 'NONE',  ( 1.000000000000000000, -0.000000000000000000, -0.000000000000000000 ) ) ;
#9411 = AXIS2_PLACEMENT_3D ( 'NONE', #6144, #4700, #8190 ) ;
#9412 = DIRECTION ( 'NONE',  ( -0.1102635692839943476, -0.3307907078519820576, -0.9372403389139514207 ) ) ;
#9413 = AXIS2_PLACEMENT_3D ( 'NONE', #4921, #768, #8 ) ;
#9414 = LINE ( 'NONE', #4958, #9272 ) ;
#9415 = CARTESIAN_POINT ( 'NONE',  ( 1.590000000000000080, 1.750000000000000000, 1.500000000000000000 ) ) ;
#9416 = DIRECTION ( 'NONE',  ( -1.000000000000000000, 0.000000000000000000, 0.000000000000000000 ) ) ;
#9417 = FACE_OUTER_BOUND ( 'NONE', #3884, .T. ) ;
#9418 = VERTEX_POINT ( 'NONE', #9314 ) ;
#9419 = EDGE_CURVE ( 'NONE', #4134, #2698, #5824, .T. ) ;
#9420 = EDGE_CURVE ( 'NONE', #1762, #2349, #9414, .T. ) ;
#9421 = DIRECTION ( 'NONE',  ( 0.000000000000000000, 0.000000000000000000, -1.000000000000000000 ) ) ;
#9422 = ORIENTED_EDGE ( 'NONE', *, *, #5802, .F. ) ;
#9423 = FACE_BOUND ( 'NONE', #1412, .T. ) ;
#9424 = VECTOR ( 'NONE', #7979, 1000.000000000000000 ) ;
#9425 = VECTOR ( 'NONE', #5240, 1000.000000000000000 ) ;
#9426 = DIRECTION ( 'NONE',  ( 0.000000000000000000, -0.1842885350503307429, 0.9828721869342945672 ) ) ;
#9427 = EDGE_CURVE ( 'NONE', #9447, #9345, #760, .T. ) ;
#9428 = CARTESIAN_POINT ( 'NONE',  ( 0.4299999999999999933, 0.7000000000000099476, -3.160007371274399901 ) ) ;
#9429 = CARTESIAN_POINT ( 'NONE',  ( 0.8299999999999999600, 0.05000000000000000278, 4.000000000000000000 ) ) ;
#9430 = PLANE ( 'NONE',  #8581 ) ;
#9431 = VECTOR ( 'NONE', #8094, 1000.000000000000000 ) ;
#9432 = DIRECTION ( 'NONE',  ( 1.000000000000000000, 0.000000000000000000, 0.000000000000000000 ) ) ;
#9433 = CARTESIAN_POINT ( 'NONE',  ( -0.4400000000000000022, 0.6184288535050199709, 3.258294589967800636 ) ) ;
#9434 = VERTEX_POINT ( 'NONE', #5881 ) ;
#9435 = EDGE_CURVE ( 'NONE', #2693, #3731, #7369, .T. ) ;
#9436 = LINE ( 'NONE', #1455, #4169 ) ;
#9437 = VERTEX_POINT ( 'NONE', #189 ) ;
#9438 = ORIENTED_EDGE ( 'NONE', *, *, #3943, .F. ) ;
#9439 = AXIS2_PLACEMENT_3D ( 'NONE', #4730, #1914, #4103 ) ;
#9440 = LINE ( 'NONE', #20, #4515 ) ;
#9441 = EDGE_CURVE ( 'NONE', #3735, #5954, #2708, .T. ) ;
#9442 = CARTESIAN_POINT ( 'NONE',  ( -1.550000000000000266, 2.419999999999999929, 1.949999999999999956 ) ) ;
#9443 = CARTESIAN_POINT ( 'NONE',  ( 2.399999999999999911, 2.000000000000000000, -2.649999999999999911 ) ) ;
#9444 = VERTEX_POINT ( 'NONE', #2431 ) ;
#9445 = AXIS2_PLACEMENT_3D ( 'NONE', #288, #6126, #5533 ) ;
#9446 = CARTESIAN_POINT ( 'NONE',  ( 2.100000000000000089, 0.1500000000000175360, 3.600481571814044823 ) ) ;
#9447 = VERTEX_POINT ( 'NONE', #100 ) ;
#9448 = VERTEX_POINT ( 'NONE', #6748 ) ;
#9449 = CARTESIAN_POINT ( 'NONE',  ( -3.245484997693949936, 0.6842543157438939483, 2.645484997693944962 ) ) ;
#9450 = CARTESIAN_POINT ( 'NONE',  ( 2.973922824958600053, -3.388131789017199877E-16, 2.373922824958600408 ) ) ;
#9451 = CARTESIAN_POINT ( 'NONE',  ( -1.709999999999999964, 0.7000000000000099476, -2.649999999999999911 ) ) ;
#9452 = VERTEX_POINT ( 'NONE', #6029 ) ;
#9453 = DIRECTION ( 'NONE',  ( -1.000000000000000000, 0.000000000000000000, 0.000000000000000000 ) ) ;
#9454 = LINE ( 'NONE', #5774, #6190 ) ;
#9455 = VERTEX_POINT ( 'NONE', #6705 ) ;
#9456 = CARTESIAN_POINT ( 'NONE',  ( -0.2499999999999669986, 0.5500000000000000444, 0.6500000000000001332 ) ) ;
#9457 = DIRECTION ( 'NONE',  ( -1.000000000000000000, 0.000000000000000000, 0.000000000000000000 ) ) ;
#9458 = NEXT_ASSEMBLY_USAGE_OCCURRENCE ( 'NAUO1', ' ', ' ', #9154, #2086, $ ) ;
#9459 = NEXT_ASSEMBLY_USAGE_OCCURRENCE ( 'NAUO2', ' ', ' ', #9154, #7465, $ ) ;
#9460 = NEXT_ASSEMBLY_USAGE_OCCURRENCE ( 'NAUO3', ' ', ' ', #9154, #7465, $ ) ;
#9461 = NEXT_ASSEMBLY_USAGE_OCCURRENCE ( 'NAUO4', ' ', ' ', #9154, #7465, $ ) ;
#9462 = NEXT_ASSEMBLY_USAGE_OCCURRENCE ( 'NAUO5', ' ', ' ', #9154, #7465, $ ) ;
ENDSEC;
END-ISO-10303-21;
