ISO-10303-21;
HEADER;
FILE_DESCRIPTION (( 'STEP AP214' ),
    '1' );
FILE_NAME ('CUI_DEVICES_RCJ-012.step',
    '2021-12-15T21:40:01',
    ( '' ),
    ( '' ),
    'SwSTEP 2.0',
    'SolidWorks 2021',
    '' );
FILE_SCHEMA (( 'AUTOMOTIVE_DESIGN' ));
ENDSEC;

DATA;
#1 = EDGE_LOOP ( 'NONE', ( #885, #1164, #445, #234, #52, #1949, #1396 ) ) ;
#2 = PLANE ( 'NONE',  #1826 ) ;
#3 = LINE ( 'NONE', #1685, #1224 ) ;
#4 = EDGE_CURVE ( 'NONE', #820, #512, #242, .T. ) ;
#5 = ADVANCED_FACE ( 'NONE', ( #1779 ), #1467, .T. ) ;
#6 = ADVANCED_FACE ( 'NONE', ( #747 ), #1014, .F. ) ;
#7 = PLANE ( 'NONE',  #1219 ) ;
#8 = LINE ( 'NONE', #47, #120 ) ;
#9 = PRODUCT ( 'CUI_DEVICES_RCJ-012', 'CUI_DEVICES_RCJ-012', '', ( #1404 ) ) ;
#10 = FACE_OUTER_BOUND ( 'NONE', #1960, .T. ) ;
#11 = CARTESIAN_POINT ( 'NONE',  ( 0.0000000000000000000, -0.2970618216019972890, 0.2182393582901964724 ) ) ;
#12 = ORIENTED_EDGE ( 'NONE', *, *, #406, .T. ) ;
#13 = CARTESIAN_POINT ( 'NONE',  ( 0.2559055118110236116, -0.2598425196850393526, 0.04921259842519685318 ) ) ;
#14 = CARTESIAN_POINT ( 'NONE',  ( 0.05659448818897638150, -0.4566929133858267376, 0.06397637795275590289 ) ) ;
#15 = CARTESIAN_POINT ( 'NONE',  ( 0.0000000000000000000, -0.2598425196850393526, -0.2086614173228346636 ) ) ;
#16 = ORIENTED_EDGE ( 'NONE', *, *, #1889, .T. ) ;
#17 = EDGE_CURVE ( 'NONE', #1533, #103, #410, .T. ) ;
#18 = ORIENTED_EDGE ( 'NONE', *, *, #1425, .T. ) ;
#19 =( GEOMETRIC_REPRESENTATION_CONTEXT ( 3 ) GLOBAL_UNCERTAINTY_ASSIGNED_CONTEXT ( ( #1615 ) ) GLOBAL_UNIT_ASSIGNED_CONTEXT ( ( #1637, #1934, #1788 ) ) REPRESENTATION_CONTEXT ( 'NONE', 'WORKASPACE' ) );
#20 = DIRECTION ( 'NONE',  ( -1.000000000000000000, 0.0000000000000000000, 0.0000000000000000000 ) ) ;
#21 = APPLICATION_PROTOCOL_DEFINITION ( 'draft international standard', 'automotive_design', 1998, #672 ) ;
#22 = AXIS2_PLACEMENT_3D ( 'NONE', #884, #425, #1044 ) ;
#23 = VECTOR ( 'NONE', #631, 39.37007874015748143 ) ;
#24 = DIRECTION ( 'NONE',  ( 0.0000000000000000000, 0.0000000000000000000, 1.000000000000000000 ) ) ;
#25 = ORIENTED_EDGE ( 'NONE', *, *, #1733, .T. ) ;
#26 = AXIS2_PLACEMENT_3D ( 'NONE', #223, #841, #1718 ) ;
#27 = CARTESIAN_POINT ( 'NONE',  ( 0.2559055118110236116, 0.2125984251968504046, 0.2086614173228346636 ) ) ;
#28 = MECHANICAL_DESIGN_GEOMETRIC_PRESENTATION_REPRESENTATION (  '', ( #1223 ), #1923 ) ;
#29 = VECTOR ( 'NONE', #189, 39.37007874015748143 ) ;
#30 = LINE ( 'NONE', #333, #1598 ) ;
#31 = CARTESIAN_POINT ( 'NONE',  ( 0.2238648412774316698, -0.4744094488188972947, 0.04921259842519666583 ) ) ;
#32 = ORIENTED_EDGE ( 'NONE', *, *, #671, .T. ) ;
#33 = DIRECTION ( 'NONE',  ( 0.0000000000000000000, 0.0000000000000000000, -1.000000000000000000 ) ) ;
#34 = EDGE_CURVE ( 'NONE', #952, #1109, #434, .T. ) ;
#35 = DIRECTION ( 'NONE',  ( -1.000000000000000000, 0.0000000000000000000, 0.0000000000000000000 ) ) ;
#36 = ORIENTED_EDGE ( 'NONE', *, *, #1985, .T. ) ;
#37 = CARTESIAN_POINT ( 'NONE',  ( 0.2952755905511810774, 0.0000000000000000000, 0.0000000000000000000 ) ) ;
#38 = DIRECTION ( 'NONE',  ( 1.713307136767214878E-16, 1.000000000000000000, 0.0000000000000000000 ) ) ;
#39 = ORIENTED_EDGE ( 'NONE', *, *, #1794, .F. ) ;
#40 = CARTESIAN_POINT ( 'NONE',  ( 0.04921259842519685318, -0.3651601021255233004, 0.2080550758371539632 ) ) ;
#41 = VERTEX_POINT ( 'NONE', #1321 ) ;
#42 = DIRECTION ( 'NONE',  ( -1.000000000000000000, 0.0000000000000000000, 0.0000000000000000000 ) ) ;
#43 = CARTESIAN_POINT ( 'NONE',  ( 0.05659448818897638150, -0.4409448818897637734, -0.02559055118110236185 ) ) ;
#44 = VERTEX_POINT ( 'NONE', #734 ) ;
#45 = PLANE ( 'NONE',  #258 ) ;
#46 = DIRECTION ( 'NONE',  ( 0.0000000000000000000, 0.0000000000000000000, -1.000000000000000000 ) ) ;
#47 = CARTESIAN_POINT ( 'NONE',  ( 0.2559055118110236116, 0.2125984251968504046, -0.1968503937007874127 ) ) ;
#48 = VERTEX_POINT ( 'NONE', #890 ) ;
#49 = ORIENTED_EDGE ( 'NONE', *, *, #1089, .T. ) ;
#50 = CARTESIAN_POINT ( 'NONE',  ( 0.2406209225333157398, -0.2598425196850393526, 0.04921259842519685318 ) ) ;
#51 = VECTOR ( 'NONE', #73, 39.37007874015748854 ) ;
#52 = ORIENTED_EDGE ( 'NONE', *, *, #1584, .F. ) ;
#53 = CARTESIAN_POINT ( 'NONE',  ( 0.2377825551673378168, -0.4744094488188975722, 0.04921259842519686706 ) ) ;
#54 = AXIS2_PLACEMENT_3D ( 'NONE', #1790, #413, #1036 ) ;
#55 = EDGE_CURVE ( 'NONE', #1082, #1436, #1927, .T. ) ;
#56 = TOROIDAL_SURFACE ( 'NONE', #1194, 0.2027559055118110243, 0.03937007874015747977 ) ;
#57 = CARTESIAN_POINT ( 'NONE',  ( 0.2952755905511810774, 2.241971502376059658E-17, -0.1633858267716535584 ) ) ;
#58 = DIRECTION ( 'NONE',  ( -1.000000000000000000, -0.0000000000000000000, -0.0000000000000000000 ) ) ;
#59 = ORIENTED_EDGE ( 'NONE', *, *, #1330, .T. ) ;
#60 = PRESENTATION_LAYER_ASSIGNMENT (  '', '', ( #1165 ) ) ;
#61 = ORIENTED_EDGE ( 'NONE', *, *, #538, .T. ) ;
#62 = DIRECTION ( 'NONE',  ( 0.7682212795973758501, 0.6401843996644798196, 0.0000000000000000000 ) ) ;
#63 = ORIENTED_EDGE ( 'NONE', *, *, #815, .F. ) ;
#64 = CARTESIAN_POINT ( 'NONE',  ( 0.2559055118110236116, -0.2598425196850393526, 0.1968503937007874127 ) ) ;
#65 = CARTESIAN_POINT ( 'NONE',  ( 0.05659448818897638150, -0.2147637795275590400, -0.02559055118110236185 ) ) ;
#66 = EDGE_CURVE ( 'NONE', #48, #1618, #1345, .T. ) ;
#67 = ADVANCED_FACE ( 'NONE', ( #899, #1955 ), #1803, .F. ) ;
#68 =( BOUNDED_CURVE ( )  B_SPLINE_CURVE ( 3, ( #806, #53, #1726, #1741 ),
 .UNSPECIFIED., .F., .T. ) 
 B_SPLINE_CURVE_WITH_KNOTS ( ( 4, 4 ),
 ( 4.712388980384689674, 7.853981633974482790 ),
 .UNSPECIFIED. ) 
 CURVE ( )  GEOMETRIC_REPRESENTATION_ITEM ( )  RATIONAL_B_SPLINE_CURVE ( ( 1.000000000000000000, 0.3333333333333333703, 0.3333333333333333703, 1.000000000000000000 ) ) 
 REPRESENTATION_ITEM ( '' )  );
#69 = LINE ( 'NONE', #356, #225 ) ;
#70 = ORIENTED_EDGE ( 'NONE', *, *, #929, .F. ) ;
#71 = CARTESIAN_POINT ( 'NONE',  ( 0.0000000000000000000, -0.4121843195036795637, -0.1949533305431350172 ) ) ;
#72 = EDGE_LOOP ( 'NONE', ( #721, #541, #1897, #143 ) ) ;
#73 = DIRECTION ( 'NONE',  ( 0.0000000000000000000, 0.7071067811865469066, -0.7071067811865479058 ) ) ;
#74 = DIRECTION ( 'NONE',  ( 0.0000000000000000000, 1.000000000000000000, -1.445602896647339903E-16 ) ) ;
#75 = EDGE_LOOP ( 'NONE', ( #694, #691, #1720, #491 ) ) ;
#76 = DIRECTION ( 'NONE',  ( 1.000000000000000000, 0.0000000000000000000, 0.0000000000000000000 ) ) ;
#77 = EDGE_CURVE ( 'NONE', #1567, #593, #598, .T. ) ;
#78 = ORIENTED_EDGE ( 'NONE', *, *, #1075, .F. ) ;
#79 = ADVANCED_FACE ( 'NONE', ( #1665, #440 ), #605, .F. ) ;
#80 = DIRECTION ( 'NONE',  ( 0.0000000000000000000, -0.7071067811865469066, -0.7071067811865479058 ) ) ;
#81 = DIRECTION ( 'NONE',  ( 0.0000000000000000000, 0.0000000000000000000, 1.000000000000000000 ) ) ;
#82 = PRESENTATION_LAYER_ASSIGNMENT (  '', '', ( #1373 ) ) ;
#83 = DIRECTION ( 'NONE',  ( -0.9659258262890679791, 0.2588190451025220162, 0.0000000000000000000 ) ) ;
#84 = CARTESIAN_POINT ( 'NONE',  ( 0.2641555071782751840, -0.3759842519685039353, 0.04921259842519685318 ) ) ;
#85 = VECTOR ( 'NONE', #124, 39.37007874015748143 ) ;
#86 = VERTEX_POINT ( 'NONE', #132 ) ;
#87 = PRESENTATION_LAYER_ASSIGNMENT (  '', '', ( #1854 ) ) ;
#88 = DIRECTION ( 'NONE',  ( 0.0000000000000000000, -0.2683942820217221081, -0.9633091452789412923 ) ) ;
#89 = DIMENSIONAL_EXPONENTS ( 1.000000000000000000, 0.0000000000000000000, 0.0000000000000000000, 0.0000000000000000000, 0.0000000000000000000, 0.0000000000000000000, 0.0000000000000000000 ) ;
#90 = ORIENTED_EDGE ( 'NONE', *, *, #1209, .F. ) ;
#91 =( GEOMETRIC_REPRESENTATION_CONTEXT ( 3 ) GLOBAL_UNCERTAINTY_ASSIGNED_CONTEXT ( ( #1123 ) ) GLOBAL_UNIT_ASSIGNED_CONTEXT ( ( #1628, #1024, #1659 ) ) REPRESENTATION_CONTEXT ( 'NONE', 'WORKASPACE' ) );
#92 = EDGE_CURVE ( 'NONE', #1695, #336, #1218, .T. ) ;
#93 = EDGE_CURVE ( 'NONE', #1354, #1958, #762, .T. ) ;
#94 = DIRECTION ( 'NONE',  ( 0.0000000000000000000, -0.9633091452789411813, 0.2683942820217221081 ) ) ;
#95 =( LENGTH_UNIT ( ) NAMED_UNIT ( * ) SI_UNIT ( $, .METRE. ) );
#96 = LINE ( 'NONE', #1178, #1727 ) ;
#97 = PLANE ( 'NONE',  #188 ) ;
#98 = EDGE_LOOP ( 'NONE', ( #642, #1886, #483, #1904, #588, #1023 ) ) ;
#99 = CARTESIAN_POINT ( 'NONE',  ( 0.04183070866141732486, -0.4566929133858267376, -0.06397637795275590289 ) ) ;
#100 = ORIENTED_EDGE ( 'NONE', *, *, #17, .F. ) ;
#101 = CYLINDRICAL_SURFACE ( 'NONE', #1291, 0.07086614173228346358 ) ;
#102 = PLANE ( 'NONE',  #1167 ) ;
#103 = VERTEX_POINT ( 'NONE', #154 ) ;
#104 = ADVANCED_FACE ( 'NONE', ( #1693 ), #1389, .T. ) ;
#105 = DIRECTION ( 'NONE',  ( -0.2588190451025215721, 0.9659258262890679791, 0.0000000000000000000 ) ) ;
#106 = CYLINDRICAL_SURFACE ( 'NONE', #771, 0.1181102362204724532 ) ;
#107 = ORIENTED_EDGE ( 'NONE', *, *, #1375, .F. ) ;
#108 = FACE_OUTER_BOUND ( 'NONE', #211, .T. ) ;
#109 = VERTEX_POINT ( 'NONE', #1251 ) ;
#110 = FACE_OUTER_BOUND ( 'NONE', #795, .T. ) ;
#111 = CARTESIAN_POINT ( 'NONE',  ( 0.0000000000000000000, -0.2598425196850393526, 0.1964655825825909752 ) ) ;
#112 = CARTESIAN_POINT ( 'NONE',  ( 0.2406209225333157398, -0.2598425196850393526, 0.04921259842519685318 ) ) ;
#113 = ADVANCED_FACE ( 'NONE', ( #1711 ), #7, .F. ) ;
#114 = DIRECTION ( 'NONE',  ( 0.0000000000000000000, -0.2492183061781764741, 0.9684473325202980210 ) ) ;
#115 = DIRECTION ( 'NONE',  ( 0.0000000000000000000, 0.9633091452789411813, 0.2683942820217221081 ) ) ;
#116 = ORIENTED_EDGE ( 'NONE', *, *, #968, .F. ) ;
#117 = AXIS2_PLACEMENT_3D ( 'NONE', #1323, #1956, #280 ) ;
#118 = FACE_OUTER_BOUND ( 'NONE', #1073, .T. ) ;
#119 = ORIENTED_EDGE ( 'NONE', *, *, #137, .T. ) ;
#120 = VECTOR ( 'NONE', #1731, 39.37007874015748143 ) ;
#121 = AXIS2_PLACEMENT_3D ( 'NONE', #13, #628, #301 ) ;
#122 = AXIS2_PLACEMENT_3D ( 'NONE', #1874, #532, #517 ) ;
#123 = CARTESIAN_POINT ( 'NONE',  ( 0.04921259842519685318, -0.2633519482465716544, -0.1573503454587515948 ) ) ;
#124 = DIRECTION ( 'NONE',  ( -1.000000000000000000, 0.0000000000000000000, 0.0000000000000000000 ) ) ;
#125 = DIRECTION ( 'NONE',  ( 0.0000000000000000000, 0.0000000000000000000, 1.000000000000000000 ) ) ;
#126 = VERTEX_POINT ( 'NONE', #619 ) ;
#127 = EDGE_CURVE ( 'NONE', #849, #1966, #30, .T. ) ;
#128 = ORIENTED_EDGE ( 'NONE', *, *, #271, .T. ) ;
#129 = EDGE_CURVE ( 'NONE', #86, #1862, #220, .T. ) ;
#130 = DIRECTION ( 'NONE',  ( 0.0000000000000000000, 1.000000000000000000, 1.445602896647339903E-16 ) ) ;
#131 = CARTESIAN_POINT ( 'NONE',  ( 0.05545335911458228184, -0.4153543307086614567, 0.2063309976133586576 ) ) ;
#132 = CARTESIAN_POINT ( 'NONE',  ( 0.5708661417322835607, 0.0000000000000000000, -0.1240157480314960647 ) ) ;
#133 = ORIENTED_EDGE ( 'NONE', *, *, #4, .F. ) ;
#134 = PLANE ( 'NONE',  #1951 ) ;
#135 = CARTESIAN_POINT ( 'NONE',  ( 0.5561023622047244208, 0.0000000000000000000, 0.0000000000000000000 ) ) ;
#136 = ORIENTED_EDGE ( 'NONE', *, *, #55, .T. ) ;
#137 = EDGE_CURVE ( 'NONE', #992, #512, #1831, .T. ) ;
#138 = LENGTH_MEASURE_WITH_UNIT ( LENGTH_MEASURE( 0.02539999999999999897 ), #261 );
#139 = LINE ( 'NONE', #1962, #1070 ) ;
#140 = EDGE_CURVE ( 'NONE', #1216, #1109, #1098, .T. ) ;
#141 = EDGE_CURVE ( 'NONE', #937, #661, #777, .T. ) ;
#142 = DIRECTION ( 'NONE',  ( 0.0000000000000000000, -0.9633091452789412923, -0.2683942820217222192 ) ) ;
#143 = ORIENTED_EDGE ( 'NONE', *, *, #695, .F. ) ;
#144 = DIRECTION ( 'NONE',  ( 1.000000000000000000, 0.0000000000000000000, 0.0000000000000000000 ) ) ;
#145 = CARTESIAN_POINT ( 'NONE',  ( 0.05659448818897638150, -0.2147637795275590400, -0.02559055118110236185 ) ) ;
#146 = DIRECTION ( 'NONE',  ( 0.0000000000000000000, 0.0000000000000000000, -1.000000000000000000 ) ) ;
#147 = ORIENTED_EDGE ( 'NONE', *, *, #1873, .T. ) ;
#148 = VECTOR ( 'NONE', #1392, 39.37007874015748143 ) ;
#149 = VERTEX_POINT ( 'NONE', #1987 ) ;
#150 = CIRCLE ( 'NONE', #972, 0.1500984251968504046 ) ;
#151 = CARTESIAN_POINT ( 'NONE',  ( 0.2559055118110236116, -0.2598425196850393526, -0.2086614173228346636 ) ) ;
#152 = DIRECTION ( 'NONE',  ( -0.2588190451025215721, -0.9659258262890679791, 0.0000000000000000000 ) ) ;
#153 = AXIS2_PLACEMENT_3D ( 'NONE', #40, #1278, #847 ) ;
#154 = CARTESIAN_POINT ( 'NONE',  ( 0.2559055118110236116, 0.0000000000000000000, 0.07086614173228346358 ) ) ;
#155 = ADVANCED_FACE ( 'NONE', ( #458 ), #502, .F. ) ;
#156 = ADVANCED_FACE ( 'NONE', ( #767 ), #955, .F. ) ;
#157 = PRODUCT_DEFINITION_SHAPE ( 'NONE', 'NONE',  #562 ) ;
#158 = VECTOR ( 'NONE', #1593, 39.37007874015748143 ) ;
#159 = ORIENTED_EDGE ( 'NONE', *, *, #1839, .T. ) ;
#160 = PLANE ( 'NONE',  #121 ) ;
#161 = ORIENTED_EDGE ( 'NONE', *, *, #430, .T. ) ;
#162 = FACE_OUTER_BOUND ( 'NONE', #916, .T. ) ;
#163 = LINE ( 'NONE', #1361, #414 ) ;
#164 = ORIENTED_EDGE ( 'NONE', *, *, #246, .T. ) ;
#165 = ORIENTED_EDGE ( 'NONE', *, *, #839, .F. ) ;
#166 = CARTESIAN_POINT ( 'NONE',  ( 0.2440944881889763884, -0.2598425196850393526, -0.04921259842519685318 ) ) ;
#167 = SURFACE_SIDE_STYLE ('',( #1250 ) ) ;
#168 = DIRECTION ( 'NONE',  ( 0.0000000000000000000, 0.2683942820217221636, -0.9633091452789412923 ) ) ;
#169 = EDGE_CURVE ( 'NONE', #627, #1966, #640, .T. ) ;
#170 = CARTESIAN_POINT ( 'NONE',  ( 0.2559055118110236116, 0.2125984251968504046, -0.2086614173228346636 ) ) ;
#171 = LINE ( 'NONE', #787, #513 ) ;
#172 = DIRECTION ( 'NONE',  ( 0.0000000000000000000, -1.000000000000000000, 1.445602896647339903E-16 ) ) ;
#173 = ORIENTED_EDGE ( 'NONE', *, *, #538, .F. ) ;
#174 = VERTEX_POINT ( 'NONE', #1679 ) ;
#175 = DIRECTION ( 'NONE',  ( 1.000000000000000000, 0.0000000000000000000, 0.0000000000000000000 ) ) ;
#176 = CARTESIAN_POINT ( 'NONE',  ( 0.0000000000000000000, 0.2125984251968504046, -0.2086614173228346636 ) ) ;
#177 = VERTEX_POINT ( 'NONE', #302 ) ;
#178 = FACE_OUTER_BOUND ( 'NONE', #1114, .T. ) ;
#179 = LINE ( 'NONE', #535, #1096 ) ;
#180 = CARTESIAN_POINT ( 'NONE',  ( 0.2755905511811023723, -0.3333080867631669220, 0.04921259842519685318 ) ) ;
#181 = ORIENTED_EDGE ( 'NONE', *, *, #1911, .F. ) ;
#182 = ADVANCED_FACE ( 'NONE', ( #793 ), #515, .T. ) ;
#183 = ORIENTED_EDGE ( 'NONE', *, *, #1523, .F. ) ;
#184 = COLOUR_RGB ( '',1.000000000000000000, 0.0000000000000000000, 0.0000000000000000000 ) ;
#185 = PLANE ( 'NONE',  #1229 ) ;
#186 =( CONVERSION_BASED_UNIT ( 'INCH', #823 ) LENGTH_UNIT ( ) NAMED_UNIT ( #1172 ) );
#187 = AXIS2_PLACEMENT_3D ( 'NONE', #1914, #552, #1578 ) ;
#188 = AXIS2_PLACEMENT_3D ( 'NONE', #1915, #1462, #115 ) ;
#189 = DIRECTION ( 'NONE',  ( -1.000000000000000000, 0.0000000000000000000, 0.0000000000000000000 ) ) ;
#190 = EDGE_LOOP ( 'NONE', ( #1341, #1599, #164, #365, #1576, #744, #1900, #1518 ) ) ;
#191 = VECTOR ( 'NONE', #866, 39.37007874015748143 ) ;
#192 = CARTESIAN_POINT ( 'NONE',  ( 0.0000000000000000000, -0.2993342023719873790, 0.2263952890380453165 ) ) ;
#193 = AXIS2_PLACEMENT_3D ( 'NONE', #486, #1556, #175 ) ;
#194 = VECTOR ( 'NONE', #1299, 39.37007874015748143 ) ;
#195 = DIRECTION ( 'NONE',  ( -1.000000000000000000, 0.0000000000000000000, 0.0000000000000000000 ) ) ;
#196 = ORIENTED_EDGE ( 'NONE', *, *, #1850, .F. ) ;
#197 = DIRECTION ( 'NONE',  ( 0.0000000000000000000, 0.0000000000000000000, -1.000000000000000000 ) ) ;
#198 = ADVANCED_FACE ( 'NONE', ( #1244 ), #1257, .F. ) ;
#199 = ORIENTED_EDGE ( 'NONE', *, *, #1971, .T. ) ;
#200 = DIRECTION ( 'NONE',  ( 0.0000000000000000000, -0.9684473325202980210, -0.2492183061781760300 ) ) ;
#201 = ORIENTED_EDGE ( 'NONE', *, *, #93, .F. ) ;
#202 = CARTESIAN_POINT ( 'NONE',  ( 0.2609893995972952796, -0.3358587109606122612, 0.04921259842519685318 ) ) ;
#203 = CARTESIAN_POINT ( 'NONE',  ( 0.2559055118110236116, -0.07775590551181103816, -0.06397637795275590289 ) ) ;
#204 = EDGE_LOOP ( 'NONE', ( #731, #998, #1684, #1253 ) ) ;
#205 = LINE ( 'NONE', #1753, #1034 ) ;
#206 = ORIENTED_EDGE ( 'NONE', *, *, #1728, .T. ) ;
#207 = DIRECTION ( 'NONE',  ( 0.0000000000000000000, 0.0000000000000000000, 1.000000000000000000 ) ) ;
#208 = ADVANCED_FACE ( 'NONE', ( #162 ), #1837, .F. ) ;
#209 = DIMENSIONAL_EXPONENTS ( 1.000000000000000000, 0.0000000000000000000, 0.0000000000000000000, 0.0000000000000000000, 0.0000000000000000000, 0.0000000000000000000, 0.0000000000000000000 ) ;
#210 = CARTESIAN_POINT ( 'NONE',  ( 0.05659448818897638150, -0.1763779527559055094, -0.06397637795275590289 ) ) ;
#211 = EDGE_LOOP ( 'NONE', ( #1189, #986, #1362, #853 ) ) ;
#212 = FACE_OUTER_BOUND ( 'NONE', #254, .T. ) ;
#213 = LINE ( 'NONE', #1016, #1885 ) ;
#214 = CARTESIAN_POINT ( 'NONE',  ( 0.2502377932883684819, -0.3759842519685039353, -0.04921259842519685318 ) ) ;
#215 = ORIENTED_EDGE ( 'NONE', *, *, #891, .F. ) ;
#216 = DIRECTION ( 'NONE',  ( 1.000000000000000000, 0.0000000000000000000, 0.0000000000000000000 ) ) ;
#217 = ORIENTED_EDGE ( 'NONE', *, *, #1592, .F. ) ;
#218 = DIRECTION ( 'NONE',  ( 0.0000000000000000000, 0.0000000000000000000, -1.000000000000000000 ) ) ;
#219 = LINE ( 'NONE', #1585, #909 ) ;
#220 = CIRCLE ( 'NONE', #1376, 0.1240157480314960647 ) ;
#221 = EDGE_LOOP ( 'NONE', ( #961, #1650 ) ) ;
#222 = EDGE_CURVE ( 'NONE', #1470, #336, #1127, .T. ) ;
#223 = CARTESIAN_POINT ( 'NONE',  ( 0.2406209225333157398, -0.2598425196850393526, 0.04921259842519685318 ) ) ;
#224 = EDGE_CURVE ( 'NONE', #327, #1377, #325, .T. ) ;
#225 = VECTOR ( 'NONE', #696, 39.37007874015748143 ) ;
#226 = CIRCLE ( 'NONE', #153, 0.04921259842519685318 ) ;
#227 = CARTESIAN_POINT ( 'NONE',  ( 0.5708661417322835607, 0.0000000000000000000, 0.0000000000000000000 ) ) ;
#228 = FACE_OUTER_BOUND ( 'NONE', #1447, .T. ) ;
#229 = ORIENTED_EDGE ( 'NONE', *, *, #629, .F. ) ;
#230 = VECTOR ( 'NONE', #200, 39.37007874015748854 ) ;
#231 = EDGE_LOOP ( 'NONE', ( #1384, #349, #39, #217 ) ) ;
#232 = DIRECTION ( 'NONE',  ( 0.2588190451025210725, -0.9659258262890682012, 0.0000000000000000000 ) ) ;
#233 = CARTESIAN_POINT ( 'NONE',  ( 0.2952755905511810774, 0.0000000000000000000, 0.1633858267716535584 ) ) ;
#234 = ORIENTED_EDGE ( 'NONE', *, *, #528, .F. ) ;
#235 = CARTESIAN_POINT ( 'NONE',  ( 0.05659448818897638150, -0.1763779527559055094, -0.06397637795275590289 ) ) ;
#236 = EDGE_CURVE ( 'NONE', #126, #1641, #171, .T. ) ;
#237 = FACE_OUTER_BOUND ( 'NONE', #1121, .T. ) ;
#238 = FACE_OUTER_BOUND ( 'NONE', #730, .T. ) ;
#239 = VERTEX_POINT ( 'NONE', #1409 ) ;
#240 = ORIENTED_EDGE ( 'NONE', *, *, #278, .F. ) ;
#241 = DIRECTION ( 'NONE',  ( 0.0000000000000000000, 0.0000000000000000000, -1.000000000000000000 ) ) ;
#242 = LINE ( 'NONE', #861, #315 ) ;
#243 = DIRECTION ( 'NONE',  ( 0.0000000000000000000, -0.2683942820217221081, -0.9633091452789411813 ) ) ;
#244 = ORIENTED_EDGE ( 'NONE', *, *, #169, .T. ) ;
#245 = LINE ( 'NONE', #1181, #286 ) ;
#246 = EDGE_CURVE ( 'NONE', #385, #632, #179, .T. ) ;
#247 = ORIENTED_EDGE ( 'NONE', *, *, #1363, .T. ) ;
#248 = EDGE_CURVE ( 'NONE', #554, #1228, #411, .T. ) ;
#249 = CARTESIAN_POINT ( 'NONE',  ( 0.05659448818897638150, -0.4566929133858267376, 0.06397637795275590289 ) ) ;
#250 = DIRECTION ( 'NONE',  ( 0.0000000000000000000, 0.0000000000000000000, 1.000000000000000000 ) ) ;
#251 = DIRECTION ( 'NONE',  ( 0.0000000000000000000, 1.445602896647339903E-16, 1.000000000000000000 ) ) ;
#252 = DIRECTION ( 'NONE',  ( 0.0000000000000000000, 0.2683942820217221081, -0.9633091452789412923 ) ) ;
#253 = DIRECTION ( 'NONE',  ( 0.0000000000000000000, 0.0000000000000000000, 1.000000000000000000 ) ) ;
#254 = EDGE_LOOP ( 'NONE', ( #1747, #1660, #1490, #1282 ) ) ;
#255 = APPLICATION_CONTEXT ( 'automotive_design' ) ;
#256 = AXIS2_PLACEMENT_3D ( 'NONE', #1988, #303, #1975 ) ;
#257 = ORIENTED_EDGE ( 'NONE', *, *, #1936, .T. ) ;
#258 = AXIS2_PLACEMENT_3D ( 'NONE', #27, #792, #1451 ) ;
#259 = VECTOR ( 'NONE', #1340, 39.37007874015748143 ) ;
#260 = ADVANCED_FACE ( 'NONE', ( #1142 ), #1774, .F. ) ;
#261 =( LENGTH_UNIT ( ) NAMED_UNIT ( * ) SI_UNIT ( $, .METRE. ) );
#262 = CARTESIAN_POINT ( 'NONE',  ( 0.2559055118110236116, -0.2598425196850393526, 0.04921259842519685318 ) ) ;
#263 = DIRECTION ( 'NONE',  ( 0.2588190451025219607, 0.9659258262890678681, 0.0000000000000000000 ) ) ;
#264 = CARTESIAN_POINT ( 'NONE',  ( 0.0000000000000000000, 0.1141732283464566844, 0.2086614173228346636 ) ) ;
#265 = VERTEX_POINT ( 'NONE', #372 ) ;
#266 = DIRECTION ( 'NONE',  ( 1.000000000000000000, 0.0000000000000000000, 0.0000000000000000000 ) ) ;
#267 = ORIENTED_EDGE ( 'NONE', *, *, #1582, .T. ) ;
#268 = EDGE_CURVE ( 'NONE', #460, #603, #1153, .T. ) ;
#269 = DIRECTION ( 'NONE',  ( -1.000000000000000000, 0.0000000000000000000, 0.0000000000000000000 ) ) ;
#270 = DIRECTION ( 'NONE',  ( 0.0000000000000000000, -1.000000000000000000, -1.445602896647339903E-16 ) ) ;
#271 = EDGE_CURVE ( 'NONE', #468, #48, #994, .T. ) ;
#272 = CARTESIAN_POINT ( 'NONE',  ( 0.0000000000000000000, -0.3363373974524866417, -0.2283464566929133688 ) ) ;
#273 = CARTESIAN_POINT ( 'NONE',  ( 0.04297183773581472743, -0.4121843195036803964, 0.1949533305431350172 ) ) ;
#274 = ORIENTED_EDGE ( 'NONE', *, *, #547, .F. ) ;
#275 = CARTESIAN_POINT ( 'NONE',  ( 0.05659448818897638150, -0.4409448818897637734, 0.02559055118110236185 ) ) ;
#276 = ORIENTED_EDGE ( 'NONE', *, *, #1148, .T. ) ;
#277 = LINE ( 'NONE', #1504, #908 ) ;
#278 = EDGE_CURVE ( 'NONE', #1673, #1958, #525, .T. ) ;
#279 = ADVANCED_FACE ( 'NONE', ( #237 ), #851, .T. ) ;
#280 = DIRECTION ( 'NONE',  ( 0.0000000000000000000, 0.9684473325202980210, -0.2492183061781764741 ) ) ;
#281 = EDGE_CURVE ( 'NONE', #1862, #86, #1627, .T. ) ;
#282 = ORIENTED_EDGE ( 'NONE', *, *, #1935, .T. ) ;
#283 = VECTOR ( 'NONE', #1562, 39.37007874015748143 ) ;
#284 = CARTESIAN_POINT ( 'NONE',  ( 0.2952755905511810774, 0.0000000000000000000, 0.0000000000000000000 ) ) ;
#285 = VERTEX_POINT ( 'NONE', #362 ) ;
#286 = VECTOR ( 'NONE', #742, 39.37007874015748143 ) ;
#287 = AXIS2_PLACEMENT_3D ( 'NONE', #1222, #1965, #749 ) ;
#288 = AXIS2_PLACEMENT_3D ( 'NONE', #11, #1855, #1715 ) ;
#289 = DIRECTION ( 'NONE',  ( 0.0000000000000000000, 0.0000000000000000000, 1.000000000000000000 ) ) ;
#290 = DIRECTION ( 'NONE',  ( -1.000000000000000000, 0.0000000000000000000, 0.0000000000000000000 ) ) ;
#291 = CARTESIAN_POINT ( 'NONE',  ( 0.04183070866141732486, -0.4409448818897637734, -0.02559055118110236185 ) ) ;
#292 = LINE ( 'NONE', #1519, #975 ) ;
#293 = ORIENTED_EDGE ( 'NONE', *, *, #1592, .T. ) ;
#294 = EDGE_CURVE ( 'NONE', #992, #1676, #842, .T. ) ;
#295 = DIRECTION ( 'NONE',  ( 0.0000000000000000000, 0.0000000000000000000, 1.000000000000000000 ) ) ;
#296 = ORIENTED_EDGE ( 'NONE', *, *, #966, .T. ) ;
#297 = CARTESIAN_POINT ( 'NONE',  ( 0.09842519685039370636, -0.3651601021255233004, 0.2080550758371539632 ) ) ;
#298 = DIRECTION ( 'NONE',  ( 0.0000000000000000000, 0.0000000000000000000, 1.000000000000000000 ) ) ;
#299 = ORIENTED_EDGE ( 'NONE', *, *, #444, .T. ) ;
#300 = LINE ( 'NONE', #1835, #583 ) ;
#301 = DIRECTION ( 'NONE',  ( 0.2588190451025215721, -0.9659258262890679791, 0.0000000000000000000 ) ) ;
#302 = CARTESIAN_POINT ( 'NONE',  ( 0.2609893995972952796, -0.3358587109606122612, 0.04921259842519685318 ) ) ;
#303 = DIRECTION ( 'NONE',  ( 0.0000000000000000000, 1.000000000000000000, 0.0000000000000000000 ) ) ;
#304 = ADVANCED_FACE ( 'NONE', ( #395 ), #1906, .F. ) ;
#305 = EDGE_LOOP ( 'NONE', ( #1989, #1502, #1480, #1103 ) ) ;
#306 = EDGE_CURVE ( 'NONE', #689, #933, #213, .T. ) ;
#307 = EDGE_CURVE ( 'NONE', #385, #750, #352, .T. ) ;
#308 = EDGE_CURVE ( 'NONE', #1186, #1558, #1853, .T. ) ;
#309 = CARTESIAN_POINT ( 'NONE',  ( 0.09842519685039370636, -0.3363449897488004492, -0.2283443413502653785 ) ) ;
#310 = CARTESIAN_POINT ( 'NONE',  ( 0.04183070866141732486, -0.06299212598425196763, 0.06397637795275590289 ) ) ;
#311 = DIRECTION ( 'NONE',  ( -1.000000000000000000, 0.0000000000000000000, 0.0000000000000000000 ) ) ;
#312 = CARTESIAN_POINT ( 'NONE',  ( 0.04183070866141732486, -0.06299212598425196763, -0.06397637795275590289 ) ) ;
#313 = DIRECTION ( 'NONE',  ( 0.0000000000000000000, 0.0000000000000000000, 1.000000000000000000 ) ) ;
#314 = CARTESIAN_POINT ( 'NONE',  ( 0.2440944881889763884, 1.838175559743812807E-17, 0.1500984251968504046 ) ) ;
#315 = VECTOR ( 'NONE', #883, 39.37007874015748143 ) ;
#316 = VERTEX_POINT ( 'NONE', #510 ) ;
#317 = AXIS2_PLACEMENT_3D ( 'NONE', #1035, #1669, #290 ) ;
#318 = ORIENTED_EDGE ( 'NONE', *, *, #824, .F. ) ;
#319 = VECTOR ( 'NONE', #564, 39.37007874015748143 ) ;
#320 = LINE ( 'NONE', #1565, #1859 ) ;
#321 = VECTOR ( 'NONE', #35, 39.37007874015748143 ) ;
#322 = VECTOR ( 'NONE', #1778, 39.37007874015748143 ) ;
#323 = ORIENTED_EDGE ( 'NONE', *, *, #367, .F. ) ;
#324 = CARTESIAN_POINT ( 'NONE',  ( 0.5561023622047244208, 0.0000000000000000000, 0.0000000000000000000 ) ) ;
#325 = LINE ( 'NONE', #945, #1631 ) ;
#326 = CARTESIAN_POINT ( 'NONE',  ( 0.09842519685039370636, -0.2633519482465716544, -0.1573503454587515948 ) ) ;
#327 = VERTEX_POINT ( 'NONE', #828 ) ;
#328 = ORIENTED_EDGE ( 'NONE', *, *, #1061, .F. ) ;
#329 = CARTESIAN_POINT ( 'NONE',  ( 0.2559055118110236116, 0.2125984251968504046, -0.1968503937007874127 ) ) ;
#330 = EDGE_CURVE ( 'NONE', #1180, #1806, #707, .T. ) ;
#331 = DIRECTION ( 'NONE',  ( 0.0000000000000000000, -1.000000000000000000, -1.445602896647339903E-16 ) ) ;
#332 = ORIENTED_EDGE ( 'NONE', *, *, #1728, .F. ) ;
#333 = CARTESIAN_POINT ( 'NONE',  ( 0.2559055118110236116, 0.2125984251968504046, 0.2086614173228346636 ) ) ;
#334 = FILL_AREA_STYLE_COLOUR ( '', #612 ) ;
#335 = ORIENTED_EDGE ( 'NONE', *, *, #1889, .F. ) ;
#336 = VERTEX_POINT ( 'NONE', #57 ) ;
#337 = CARTESIAN_POINT ( 'NONE',  ( 0.2440944881889763884, -0.2598425196850393526, 0.1968503937007874127 ) ) ;
#338 = ORIENTED_EDGE ( 'NONE', *, *, #882, .F. ) ;
#339 = ADVANCED_FACE ( 'NONE', ( #435 ), #1053, .F. ) ;
#340 = DIRECTION ( 'NONE',  ( 0.7682212795973758501, 0.6401843996644798196, 0.0000000000000000000 ) ) ;
#341 = CARTESIAN_POINT ( 'NONE',  ( 0.1181102362204724532, 0.2125984251968504046, 0.1968503937007874127 ) ) ;
#342 = ORIENTED_EDGE ( 'NONE', *, *, #1911, .T. ) ;
#343 = CARTESIAN_POINT ( 'NONE',  ( 0.05659448818897638150, -0.07775590551181103816, 0.06397637795275590289 ) ) ;
#344 = ORIENTED_EDGE ( 'NONE', *, *, #839, .T. ) ;
#345 = DIRECTION ( 'NONE',  ( 0.0000000000000000000, 0.0000000000000000000, 1.000000000000000000 ) ) ;
#346 = AXIS2_PLACEMENT_3D ( 'NONE', #1624, #251, #172 ) ;
#347 = AXIS2_PLACEMENT_3D ( 'NONE', #893, #1205, #1499 ) ;
#348 = CARTESIAN_POINT ( 'NONE',  ( 0.0000000000000000000, -0.3683301133305039166, 0.2194327429073775759 ) ) ;
#349 = ORIENTED_EDGE ( 'NONE', *, *, #367, .T. ) ;
#350 = CIRCLE ( 'NONE', #1697, 0.1633858267716535584 ) ;
#351 = CIRCLE ( 'NONE', #1261, 0.07086614173228346358 ) ;
#352 = LINE ( 'NONE', #863, #1029 ) ;
#353 = LENGTH_MEASURE_WITH_UNIT ( LENGTH_MEASURE( 0.02539999999999999897 ), #936 );
#354 = ORIENTED_EDGE ( 'NONE', *, *, #644, .F. ) ;
#355 = ADVANCED_FACE ( 'NONE', ( #1479 ), #1639, .F. ) ;
#356 = CARTESIAN_POINT ( 'NONE',  ( 0.2559055118110236116, -0.3362160229507220044, 0.2161193876803172986 ) ) ;
#357 = ORIENTED_EDGE ( 'NONE', *, *, #1283, .T. ) ;
#358 =( NAMED_UNIT ( * ) PLANE_ANGLE_UNIT ( ) SI_UNIT ( $, .RADIAN. ) );
#359 = DIRECTION ( 'NONE',  ( 0.0000000000000000000, 0.0000000000000000000, -1.000000000000000000 ) ) ;
#360 = ORIENTED_EDGE ( 'NONE', *, *, #1353, .T. ) ;
#361 = DIRECTION ( 'NONE',  ( -1.000000000000000000, 0.0000000000000000000, 0.0000000000000000000 ) ) ;
#362 = CARTESIAN_POINT ( 'NONE',  ( 0.09842519685039370636, -0.2598425196850393526, -0.2086614173228346636 ) ) ;
#363 = ORIENTED_EDGE ( 'NONE', *, *, #1079, .F. ) ;
#364 = DIRECTION ( 'NONE',  ( 0.0000000000000000000, 0.0000000000000000000, 1.000000000000000000 ) ) ;
#365 = ORIENTED_EDGE ( 'NONE', *, *, #1524, .T. ) ;
#366 = EDGE_CURVE ( 'NONE', #593, #1833, #736, .T. ) ;
#367 = EDGE_CURVE ( 'NONE', #537, #174, #912, .T. ) ;
#368 = CARTESIAN_POINT ( 'NONE',  ( 0.5314960629921260393, 0.0000000000000000000, -0.1633858267716535584 ) ) ;
#369 = ORIENTED_EDGE ( 'NONE', *, *, #1176, .T. ) ;
#370 = DIRECTION ( 'NONE',  ( 0.0000000000000000000, -1.000000000000000000, 0.0000000000000000000 ) ) ;
#371 = UNCERTAINTY_MEASURE_WITH_UNIT (LENGTH_MEASURE( 1.000000000000000082E-05 ), #186, 'distance_accuracy_value', 'NONE');
#372 = CARTESIAN_POINT ( 'NONE',  ( 0.2502377932883684819, -0.3759842519685039353, -0.04921259842519685318 ) ) ;
#373 = CARTESIAN_POINT ( 'NONE',  ( 0.05659448818897638150, -0.4409448818897637734, 0.02559055118110236185 ) ) ;
#374 = CARTESIAN_POINT ( 'NONE',  ( 0.2559055118110236116, -0.06299212598425196763, 0.06397637795275590289 ) ) ;
#375 = ORIENTED_EDGE ( 'NONE', *, *, #248, .T. ) ;
#376 = LINE ( 'NONE', #1000, #938 ) ;
#377 = EDGE_CURVE ( 'NONE', #1429, #1200, #727, .T. ) ;
#378 = CARTESIAN_POINT ( 'NONE',  ( 0.04183070866141732486, -0.2147637795275590400, 0.02559055118110236185 ) ) ;
#379 = VECTOR ( 'NONE', #874, 39.37007874015748143 ) ;
#380 = ORIENTED_EDGE ( 'NONE', *, *, #430, .F. ) ;
#381 = DIRECTION ( 'NONE',  ( 0.2588190451025210725, -0.9659258262890682012, 0.0000000000000000000 ) ) ;
#382 =( GEOMETRIC_REPRESENTATION_CONTEXT ( 3 ) GLOBAL_UNCERTAINTY_ASSIGNED_CONTEXT ( ( #862 ) ) GLOBAL_UNIT_ASSIGNED_CONTEXT ( ( #1431, #1881, #1410 ) ) REPRESENTATION_CONTEXT ( 'NONE', 'WORKASPACE' ) );
#383 = VECTOR ( 'NONE', #455, 39.37007874015748143 ) ;
#384 = LINE ( 'NONE', #674, #709 ) ;
#385 = VERTEX_POINT ( 'NONE', #441 ) ;
#386 = VECTOR ( 'NONE', #1119, 39.37007874015748143 ) ;
#387 = VECTOR ( 'NONE', #1118, 39.37007874015748854 ) ;
#388 = LINE ( 'NONE', #558, #1033 ) ;
#389 = CARTESIAN_POINT ( 'NONE',  ( 0.5314960629921260393, 1.518754888706363392E-17, 0.1240157480314960647 ) ) ;
#390 = DIMENSIONAL_EXPONENTS ( 1.000000000000000000, 0.0000000000000000000, 0.0000000000000000000, 0.0000000000000000000, 0.0000000000000000000, 0.0000000000000000000, 0.0000000000000000000 ) ;
#391 = DIRECTION ( 'NONE',  ( -1.000000000000000000, 0.0000000000000000000, 0.0000000000000000000 ) ) ;
#392 = DIRECTION ( 'NONE',  ( 0.0000000000000000000, -0.7071067811865469066, -0.7071067811865479058 ) ) ;
#393 = ADVANCED_FACE ( 'NONE', ( #1331 ), #1338, .F. ) ;
#394 = EDGE_CURVE ( 'NONE', #149, #1867, #1358, .T. ) ;
#395 = FACE_OUTER_BOUND ( 'NONE', #894, .T. ) ;
#396 = DIRECTION ( 'NONE',  ( 0.0000000000000000000, 0.0000000000000000000, 1.000000000000000000 ) ) ;
#397 = DIRECTION ( 'NONE',  ( -1.000000000000000000, 0.0000000000000000000, 0.0000000000000000000 ) ) ;
#398 = ORIENTED_EDGE ( 'NONE', *, *, #529, .F. ) ;
#399 = CARTESIAN_POINT ( 'NONE',  ( 0.5561023622047244208, 0.0000000000000000000, 0.0000000000000000000 ) ) ;
#400 = ORIENTED_EDGE ( 'NONE', *, *, #1815, .F. ) ;
#401 = DIRECTION ( 'NONE',  ( 0.0000000000000000000, -1.000000000000000000, -1.445602896647339903E-16 ) ) ;
#402 = SURFACE_STYLE_FILL_AREA ( #1623 ) ;
#403 = FACE_OUTER_BOUND ( 'NONE', #623, .T. ) ;
#404 = DIRECTION ( 'NONE',  ( 0.2588190451025215721, 0.9659258262890679791, 0.0000000000000000000 ) ) ;
#405 = ORIENTED_EDGE ( 'NONE', *, *, #1935, .F. ) ;
#406 = EDGE_CURVE ( 'NONE', #1867, #1038, #96, .T. ) ;
#407 = ORIENTED_EDGE ( 'NONE', *, *, #1815, .T. ) ;
#408 = FILL_AREA_STYLE ('',( #1800 ) ) ;
#409 = CARTESIAN_POINT ( 'NONE',  ( 0.04183070866141732486, -0.2147637795275590400, 0.02559055118110236185 ) ) ;
#410 = LINE ( 'NONE', #1043, #1759 ) ;
#411 = CIRCLE ( 'NONE', #1190, 0.1500984251968504046 ) ;
#412 = CARTESIAN_POINT ( 'NONE',  ( 0.2755905511811023723, -0.3333080867631669220, 0.04921259842519685318 ) ) ;
#413 = DIRECTION ( 'NONE',  ( 0.0000000000000000000, 0.0000000000000000000, 1.000000000000000000 ) ) ;
#414 = VECTOR ( 'NONE', #924, 39.37007874015748143 ) ;
#415 = ORIENTED_EDGE ( 'NONE', *, *, #394, .T. ) ;
#416 = VECTOR ( 'NONE', #381, 39.37007874015748143 ) ;
#417 =( LENGTH_UNIT ( ) NAMED_UNIT ( * ) SI_UNIT ( $, .METRE. ) );
#418 = ORIENTED_EDGE ( 'NONE', *, *, #617, .T. ) ;
#419 = VECTOR ( 'NONE', #669, 39.37007874015748143 ) ;
#420 = VECTOR ( 'NONE', #461, 39.37007874015748143 ) ;
#421 = VECTOR ( 'NONE', #1003, 39.37007874015748143 ) ;
#422 = SURFACE_SIDE_STYLE ('',( #1030 ) ) ;
#423 = CARTESIAN_POINT ( 'NONE',  ( 0.2609893995972952796, -0.3358587109606122612, -0.04921259842519685318 ) ) ;
#424 = DIRECTION ( 'NONE',  ( 1.000000000000000000, 0.0000000000000000000, 0.0000000000000000000 ) ) ;
#425 = DIRECTION ( 'NONE',  ( 0.0000000000000000000, 0.2683942820217221081, 0.9633091452789412923 ) ) ;
#426 = DIRECTION ( 'NONE',  ( 0.0000000000000000000, 0.0000000000000000000, -1.000000000000000000 ) ) ;
#427 = ORIENTED_EDGE ( 'NONE', *, *, #1318, .F. ) ;
#428 = CARTESIAN_POINT ( 'NONE',  ( 1.515479310735081020, -0.3759842519685039353, -0.04921259842519685318 ) ) ;
#429 = ORIENTED_EDGE ( 'NONE', *, *, #92, .F. ) ;
#430 = EDGE_CURVE ( 'NONE', #316, #327, #1937, .T. ) ;
#431 = CARTESIAN_POINT ( 'NONE',  ( 0.0000000000000000000, -0.3362160229507220044, -0.2161193876803172986 ) ) ;
#432 = DIRECTION ( 'NONE',  ( -1.000000000000000000, 0.0000000000000000000, 0.0000000000000000000 ) ) ;
#433 = ADVANCED_FACE ( 'NONE', ( #1060 ), #1805, .F. ) ;
#434 = LINE ( 'NONE', #708, #1312 ) ;
#435 = FACE_OUTER_BOUND ( 'NONE', #1459, .T. ) ;
#436 = CARTESIAN_POINT ( 'NONE',  ( 0.0000000000000000000, -0.2970618216019972890, -0.1968503937007874127 ) ) ;
#437 = ORIENTED_EDGE ( 'NONE', *, *, #1524, .F. ) ;
#438 = EDGE_LOOP ( 'NONE', ( #418, #1500, #1782, #656, #1295, #100 ) ) ;
#439 = CYLINDRICAL_SURFACE ( 'NONE', #519, 0.07086614173228346358 ) ;
#440 = FACE_OUTER_BOUND ( 'NONE', #830, .T. ) ;
#441 = CARTESIAN_POINT ( 'NONE',  ( 0.2559055118110236116, -0.07775590551181103816, 0.06397637795275590289 ) ) ;
#442 = DIRECTION ( 'NONE',  ( 0.0000000000000000000, 0.9633091452789411813, -0.2683942820217221081 ) ) ;
#443 = LINE ( 'NONE', #783, #383 ) ;
#444 = EDGE_CURVE ( 'NONE', #769, #1128, #1213, .T. ) ;
#445 = ORIENTED_EDGE ( 'NONE', *, *, #867, .F. ) ;
#446 = AXIS2_PLACEMENT_3D ( 'NONE', #123, #718, #1485 ) ;
#447 = SURFACE_STYLE_USAGE ( .BOTH. , #602 ) ;
#448 = ORIENTED_EDGE ( 'NONE', *, *, #1629, .T. ) ;
#449 = CIRCLE ( 'NONE', #287, 0.2027559055118110243 ) ;
#450 = CARTESIAN_POINT ( 'NONE',  ( 0.5561023622047244208, 8.678599364036359818E-18, -0.07086614173228346358 ) ) ;
#451 = AXIS2_PLACEMENT_3D ( 'NONE', #1403, #345, #1080 ) ;
#452 = DIRECTION ( 'NONE',  ( 0.0000000000000000000, -1.000000000000000000, 0.0000000000000000000 ) ) ;
#453 = ORIENTED_EDGE ( 'NONE', *, *, #1783, .F. ) ;
#454 = LINE ( 'NONE', #1670, #1129 ) ;
#455 = DIRECTION ( 'NONE',  ( -1.000000000000000000, 0.0000000000000000000, 0.0000000000000000000 ) ) ;
#456 = EDGE_CURVE ( 'NONE', #1704, #316, #1503, .T. ) ;
#457 = ADVANCED_FACE ( 'NONE', ( #403 ), #571, .T. ) ;
#458 = FACE_OUTER_BOUND ( 'NONE', #1445, .T. ) ;
#459 = PLANE ( 'NONE',  #256 ) ;
#460 = VERTEX_POINT ( 'NONE', #272 ) ;
#461 = DIRECTION ( 'NONE',  ( 0.0000000000000000000, 0.0000000000000000000, -1.000000000000000000 ) ) ;
#462 = CARTESIAN_POINT ( 'NONE',  ( 0.1181102362204724532, 0.2125984251968504046, 0.2086614173228346636 ) ) ;
#463 = DIRECTION ( 'NONE',  ( 0.0000000000000000000, 0.2683942820217221081, -0.9633091452789412923 ) ) ;
#464 = FACE_OUTER_BOUND ( 'NONE', #1626, .T. ) ;
#465 = CARTESIAN_POINT ( 'NONE',  ( 0.09842519685039370636, -0.3363373974524866417, 0.2283464566929133688 ) ) ;
#466 = DIRECTION ( 'NONE',  ( -1.000000000000000000, 0.0000000000000000000, 0.0000000000000000000 ) ) ;
#467 = SURFACE_STYLE_FILL_AREA ( #620 ) ;
#468 = VERTEX_POINT ( 'NONE', #1818 ) ;
#469 = EDGE_CURVE ( 'NONE', #965, #1533, #1444, .T. ) ;
#470 = ORIENTED_EDGE ( 'NONE', *, *, #809, .F. ) ;
#471 = DIRECTION ( 'NONE',  ( 0.0000000000000000000, -0.2683942820217225522, 0.9633091452789411813 ) ) ;
#472 = PLANE ( 'NONE',  #1703 ) ;
#473 = CARTESIAN_POINT ( 'NONE',  ( 0.5708661417322835607, 2.000899297819494236E-17, -0.1633858267716535584 ) ) ;
#474 = ORIENTED_EDGE ( 'NONE', *, *, #1717, .T. ) ;
#475 = CARTESIAN_POINT ( 'NONE',  ( 0.2559055118110236116, -0.2613378725210984133, -0.1968503937007874127 ) ) ;
#476 = FACE_OUTER_BOUND ( 'NONE', #1246, .T. ) ;
#477 = DIRECTION ( 'NONE',  ( 0.0000000000000000000, 1.000000000000000000, 1.224646799147353207E-16 ) ) ;
#478 = CARTESIAN_POINT ( 'NONE',  ( 0.2559055118110236116, 0.0000000000000000000, -0.1500984251968504046 ) ) ;
#479 = AXIS2_PLACEMENT_3D ( 'NONE', #1517, #782, #298 ) ;
#480 = ORIENTED_EDGE ( 'NONE', *, *, #1746, .F. ) ;
#481 = AXIS2_PLACEMENT_3D ( 'NONE', #1135, #1302, #1309 ) ;
#482 = EDGE_CURVE ( 'NONE', #817, #1289, #900, .T. ) ;
#483 = ORIENTED_EDGE ( 'NONE', *, *, #904, .F. ) ;
#484 = AXIS2_PLACEMENT_3D ( 'NONE', #1433, #970, #676 ) ;
#485 = DIRECTION ( 'NONE',  ( 0.0000000000000000000, 0.0000000000000000000, -1.000000000000000000 ) ) ;
#486 = CARTESIAN_POINT ( 'NONE',  ( 0.0000000000000000000, 0.0000000000000000000, 0.0000000000000000000 ) ) ;
#487 = TOROIDAL_SURFACE ( 'NONE', #741, 0.1240157480314960647, 0.03937007874015747977 ) ;
#488 = VECTOR ( 'NONE', #1241, 39.37007874015748143 ) ;
#489 = CIRCLE ( 'NONE', #1131, 0.03937007874015747977 ) ;
#490 = LINE ( 'NONE', #176, #1414 ) ;
#491 = ORIENTED_EDGE ( 'NONE', *, *, #268, .T. ) ;
#492 = CARTESIAN_POINT ( 'NONE',  ( 0.09842519685039370636, -0.3683301133305039166, 0.2194327429073775759 ) ) ;
#493 = DIRECTION ( 'NONE',  ( 0.0000000000000000000, 0.0000000000000000000, -1.000000000000000000 ) ) ;
#494 = CARTESIAN_POINT ( 'NONE',  ( 0.0000000000000000000, -0.1946591098855633972, -0.1796914138326318744 ) ) ;
#495 = ORIENTED_EDGE ( 'NONE', *, *, #129, .F. ) ;
#496 = EDGE_LOOP ( 'NONE', ( #1542, #276 ) ) ;
#497 = LINE ( 'NONE', #1690, #420 ) ;
#498 = DIRECTION ( 'NONE',  ( 0.0000000000000000000, 0.0000000000000000000, 1.000000000000000000 ) ) ;
#499 = ADVANCED_FACE ( 'NONE', ( #1780 ), #1021, .F. ) ;
#500 = EDGE_CURVE ( 'NONE', #1377, #1844, #1701, .T. ) ;
#501 = CARTESIAN_POINT ( 'NONE',  ( 0.05545335911457889566, -0.4121843195036803964, 0.1949533305431350172 ) ) ;
#502 = PLANE ( 'NONE',  #833 ) ;
#503 = ORIENTED_EDGE ( 'NONE', *, *, #966, .F. ) ;
#504 = DIRECTION ( 'NONE',  ( -1.000000000000000000, 1.196361017915039732E-16, 0.0000000000000000000 ) ) ;
#505 = ORIENTED_EDGE ( 'NONE', *, *, #1796, .T. ) ;
#506 = DIRECTION ( 'NONE',  ( 0.0000000000000000000, 0.0000000000000000000, 1.000000000000000000 ) ) ;
#507 = CARTESIAN_POINT ( 'NONE',  ( 0.09842519685039370636, -0.3331673862475055259, 0.2169687896226897561 ) ) ;
#508 = ORIENTED_EDGE ( 'NONE', *, *, #1936, .F. ) ;
#509 = EDGE_CURVE ( 'NONE', #750, #1239, #1687, .T. ) ;
#510 = CARTESIAN_POINT ( 'NONE',  ( 0.09842519685039370636, -0.3647773733777484595, -0.2081617105638889631 ) ) ;
#511 = EDGE_LOOP ( 'NONE', ( #1495, #1642 ) ) ;
#512 = VERTEX_POINT ( 'NONE', #788 ) ;
#513 = VECTOR ( 'NONE', #1400, 39.37007874015748854 ) ;
#514 = SURFACE_STYLE_USAGE ( .BOTH. , #167 ) ;
#515 = TOROIDAL_SURFACE ( 'NONE', #581, 0.1240157480314960647, 0.03937007874015747977 ) ;
#516 = AXIS2_PLACEMENT_3D ( 'NONE', #987, #216, #1156 ) ;
#517 = DIRECTION ( 'NONE',  ( 0.0000000000000000000, 0.0000000000000000000, -1.000000000000000000 ) ) ;
#518 = EDGE_LOOP ( 'NONE', ( #453, #183, #363, #1465 ) ) ;
#519 = AXIS2_PLACEMENT_3D ( 'NONE', #814, #648, #498 ) ;
#520 = VECTOR ( 'NONE', #850, 39.37007874015748143 ) ;
#521 = DIRECTION ( 'NONE',  ( 0.0000000000000000000, -1.000000000000000000, 0.0000000000000000000 ) ) ;
#522 = UNCERTAINTY_MEASURE_WITH_UNIT (LENGTH_MEASURE( 1.000000000000000082E-05 ), #1344, 'distance_accuracy_value', 'NONE');
#523 = EDGE_CURVE ( 'NONE', #1673, #780, #1086, .T. ) ;
#524 = VECTOR ( 'NONE', #1566, 39.37007874015748143 ) ;
#525 = LINE ( 'NONE', #1616, #1916 ) ;
#526 = DIRECTION ( 'NONE',  ( 1.000000000000000000, -1.713307136767214878E-16, 0.0000000000000000000 ) ) ;
#527 = ORIENTED_EDGE ( 'NONE', *, *, #137, .F. ) ;
#528 = EDGE_CURVE ( 'NONE', #896, #698, #1832, .T. ) ;
#529 = EDGE_CURVE ( 'NONE', #1589, #1082, #1237, .T. ) ;
#530 = ORIENTED_EDGE ( 'NONE', *, *, #1005, .T. ) ;
#531 = CARTESIAN_POINT ( 'NONE',  ( 0.2559055118110236116, 0.0000000000000000000, 0.0000000000000000000 ) ) ;
#532 = DIRECTION ( 'NONE',  ( 1.000000000000000000, 0.0000000000000000000, 0.0000000000000000000 ) ) ;
#533 = ORIENTED_EDGE ( 'NONE', *, *, #1619, .T. ) ;
#534 = DIRECTION ( 'NONE',  ( 1.000000000000000000, 0.0000000000000000000, 0.0000000000000000000 ) ) ;
#535 = CARTESIAN_POINT ( 'NONE',  ( 0.2559055118110236116, -0.07775590551181103816, 0.06397637795275590289 ) ) ;
#536 = DIRECTION ( 'NONE',  ( -1.000000000000000000, 0.0000000000000000000, 0.0000000000000000000 ) ) ;
#537 = VERTEX_POINT ( 'NONE', #1383 ) ;
#538 = EDGE_CURVE ( 'NONE', #1558, #817, #946, .T. ) ;
#539 = ORIENTED_EDGE ( 'NONE', *, *, #855, .T. ) ;
#540 = LINE ( 'NONE', #1787, #1386 ) ;
#541 = ORIENTED_EDGE ( 'NONE', *, *, #1201, .T. ) ;
#542 = PLANE ( 'NONE',  #26 ) ;
#543 = CARTESIAN_POINT ( 'NONE',  ( 0.2559055118110236116, 0.0000000000000000000, 0.0000000000000000000 ) ) ;
#544 = ORIENTED_EDGE ( 'NONE', *, *, #1177, .T. ) ;
#545 = ORIENTED_EDGE ( 'NONE', *, *, #1608, .T. ) ;
#546 = FACE_OUTER_BOUND ( 'NONE', #1822, .T. ) ;
#547 = EDGE_CURVE ( 'NONE', #285, #896, #1847, .T. ) ;
#548 = AXIS2_PLACEMENT_3D ( 'NONE', #663, #1276, #1588 ) ;
#549 = VERTEX_POINT ( 'NONE', #1077 ) ;
#550 = VECTOR ( 'NONE', #592, 39.37007874015748143 ) ;
#551 = AXIS2_PLACEMENT_3D ( 'NONE', #1634, #1515, #130 ) ;
#552 = DIRECTION ( 'NONE',  ( -1.000000000000000000, 5.013579659978760090E-16, -1.396868409059965782E-16 ) ) ;
#553 = LINE ( 'NONE', #1775, #934 ) ;
#554 = VERTEX_POINT ( 'NONE', #478 ) ;
#555 = CIRCLE ( 'NONE', #877, 0.07086614173228346358 ) ;
#556 = DIRECTION ( 'NONE',  ( 0.0000000000000000000, 0.0000000000000000000, 1.000000000000000000 ) ) ;
#557 = VECTOR ( 'NONE', #432, 39.37007874015748143 ) ;
#558 = CARTESIAN_POINT ( 'NONE',  ( 0.04183070866141732486, -0.4409448818897637734, 0.02559055118110236185 ) ) ;
#559 = ORIENTED_EDGE ( 'NONE', *, *, #1873, .F. ) ;
#560 = LINE ( 'NONE', #848, #322 ) ;
#561 = CARTESIAN_POINT ( 'NONE',  ( 0.1181102362204724532, 0.2125984251968504046, -0.2283464566929133688 ) ) ;
#562 = PRODUCT_DEFINITION ( 'UNKNOWN', '', #1474, #1879 ) ;
#563 = DIRECTION ( 'NONE',  ( -1.000000000000000000, 0.0000000000000000000, 0.0000000000000000000 ) ) ;
#564 = DIRECTION ( 'NONE',  ( 0.0000000000000000000, 0.0000000000000000000, -1.000000000000000000 ) ) ;
#565 = ORIENTED_EDGE ( 'NONE', *, *, #268, .F. ) ;
#566 = SURFACE_STYLE_FILL_AREA ( #1959 ) ;
#567 = ORIENTED_EDGE ( 'NONE', *, *, #1865, .F. ) ;
#568 = LINE ( 'NONE', #249, #1069 ) ;
#569 = LENGTH_MEASURE_WITH_UNIT ( LENGTH_MEASURE( 0.02539999999999999897 ), #95 );
#570 = ADVANCED_FACE ( 'NONE', ( #768 ), #459, .F. ) ;
#571 = PLANE ( 'NONE',  #643 ) ;
#572 = PLANE ( 'NONE',  #54 ) ;
#573 = ORIENTED_EDGE ( 'NONE', *, *, #92, .T. ) ;
#574 = EDGE_CURVE ( 'NONE', #1406, #1354, #1099, .T. ) ;
#575 = EDGE_CURVE ( 'NONE', #1688, #149, #163, .T. ) ;
#576 = CARTESIAN_POINT ( 'NONE',  ( 0.2559055118110236116, -0.07775590551181103816, 0.06397637795275590289 ) ) ;
#577 = ORIENTED_EDGE ( 'NONE', *, *, #547, .T. ) ;
#578 = CARTESIAN_POINT ( 'NONE',  ( 0.2559055118110236116, -0.2598425196850393526, 0.1964655825825909752 ) ) ;
#579 = CARTESIAN_POINT ( 'NONE',  ( 0.1181102362204724532, 0.2125984251968504046, -0.2283464566929133688 ) ) ;
#580 = ORIENTED_EDGE ( 'NONE', *, *, #1297, .T. ) ;
#581 = AXIS2_PLACEMENT_3D ( 'NONE', #1116, #1530, #493 ) ;
#582 = CARTESIAN_POINT ( 'NONE',  ( 0.2559055118110236116, -0.2598425196850393526, 0.2086614173228346636 ) ) ;
#583 = VECTOR ( 'NONE', #921, 39.37007874015748143 ) ;
#584 = ORIENTED_EDGE ( 'NONE', *, *, #140, .T. ) ;
#585 = COLOUR_RGB ( '',1.000000000000000000, 0.0000000000000000000, 0.0000000000000000000 ) ;
#586 = CARTESIAN_POINT ( 'NONE',  ( 0.2440944881889763884, 0.2125984251968504046, -0.1968503937007874127 ) ) ;
#587 = EDGE_CURVE ( 'NONE', #712, #1470, #1763, .T. ) ;
#588 = ORIENTED_EDGE ( 'NONE', *, *, #1707, .T. ) ;
#589 = AXIS2_PLACEMENT_3D ( 'NONE', #951, #1120, #636 ) ;
#590 = LINE ( 'NONE', #1071, #1798 ) ;
#591 = FILL_AREA_STYLE_COLOUR ( '', #184 ) ;
#592 = DIRECTION ( 'NONE',  ( -1.000000000000000000, 0.0000000000000000000, 0.0000000000000000000 ) ) ;
#593 = VERTEX_POINT ( 'NONE', #1553 ) ;
#594 = CYLINDRICAL_SURFACE ( 'NONE', #1664, 0.04921259842519681849 ) ;
#595 = ORIENTED_EDGE ( 'NONE', *, *, #1850, .T. ) ;
#596 = PLANE ( 'NONE',  #715 ) ;
#597 = EDGE_CURVE ( 'NONE', #1454, #1871, #1967, .T. ) ;
#598 = LINE ( 'NONE', #1212, #1342 ) ;
#599 = CARTESIAN_POINT ( 'NONE',  ( 0.2755905511811023723, -0.3333080867631669220, 0.04921259842519685318 ) ) ;
#600 = LINE ( 'NONE', #1577, #1766 ) ;
#601 = ORIENTED_EDGE ( 'NONE', *, *, #528, .T. ) ;
#602 = SURFACE_SIDE_STYLE ('',( #467 ) ) ;
#603 = VERTEX_POINT ( 'NONE', #15 ) ;
#604 = FILL_AREA_STYLE ('',( #1058 ) ) ;
#605 = PLANE ( 'NONE',  #479 ) ;
#606 = EDGE_CURVE ( 'NONE', #1481, #1777, #641, .T. ) ;
#607 = ORIENTED_EDGE ( 'NONE', *, *, #224, .T. ) ;
#608 = DIRECTION ( 'NONE',  ( 0.0000000000000000000, 0.0000000000000000000, 1.000000000000000000 ) ) ;
#609 = VECTOR ( 'NONE', #1545, 39.37007874015748143 ) ;
#610 = CARTESIAN_POINT ( 'NONE',  ( 0.2559055118110236116, -0.06299212598425196763, 0.06397637795275590289 ) ) ;
#611 = ORIENTED_EDGE ( 'NONE', *, *, #671, .F. ) ;
#612 = COLOUR_RGB ( '',0.7411764705882353255, 0.7411764705882353255, 0.7411764705882353255 ) ;
#613 = VECTOR ( 'NONE', #1830, 39.37007874015748143 ) ;
#614 = AXIS2_PLACEMENT_3D ( 'NONE', #1050, #918, #1493 ) ;
#615 = DIRECTION ( 'NONE',  ( -1.000000000000000000, 0.0000000000000000000, 0.0000000000000000000 ) ) ;
#616 = VERTEX_POINT ( 'NONE', #314 ) ;
#617 = EDGE_CURVE ( 'NONE', #1533, #965, #1378, .T. ) ;
#618 = DIRECTION ( 'NONE',  ( -1.000000000000000000, 0.0000000000000000000, 0.0000000000000000000 ) ) ;
#619 = CARTESIAN_POINT ( 'NONE',  ( 0.0000000000000000000, -0.3651601021255228563, 0.2080550758371539632 ) ) ;
#620 = FILL_AREA_STYLE ('',( #334 ) ) ;
#621 = ORIENTED_EDGE ( 'NONE', *, *, #1655, .T. ) ;
#622 = MANIFOLD_SOLID_BREP ( 'Imported1', #1689 ) ;
#623 = EDGE_LOOP ( 'NONE', ( #1390, #920, #1394, #958 ) ) ;
#624 = LINE ( 'NONE', #1111, #1006 ) ;
#625 = CARTESIAN_POINT ( 'NONE',  ( 0.5708661417322835607, 0.0000000000000000000, 0.0000000000000000000 ) ) ;
#626 = CARTESIAN_POINT ( 'NONE',  ( 0.04921259842519685318, -0.3683301133305039166, 0.2194327429073775759 ) ) ;
#627 = VERTEX_POINT ( 'NONE', #341 ) ;
#628 = DIRECTION ( 'NONE',  ( -0.9659258262890680902, -0.2588190451025216277, 0.0000000000000000000 ) ) ;
#629 = EDGE_CURVE ( 'NONE', #937, #1618, #8, .T. ) ;
#630 =( BOUNDED_CURVE ( )  B_SPLINE_CURVE ( 3, ( #214, #1009, #31, #829 ),
 .UNSPECIFIED., .F., .T. ) 
 B_SPLINE_CURVE_WITH_KNOTS ( ( 4, 4 ),
 ( 4.712388980384691450, 7.853981633974481014 ),
 .UNSPECIFIED. ) 
 CURVE ( )  GEOMETRIC_REPRESENTATION_ITEM ( )  RATIONAL_B_SPLINE_CURVE ( ( 1.000000000000000000, 0.3333333333333345916, 0.3333333333333345916, 1.000000000000000000 ) ) 
 REPRESENTATION_ITEM ( '' )  );
#631 = DIRECTION ( 'NONE',  ( -1.000000000000000000, 0.0000000000000000000, 0.0000000000000000000 ) ) ;
#632 = VERTEX_POINT ( 'NONE', #203 ) ;
#633 = CYLINDRICAL_SURFACE ( 'NONE', #1736, 0.1500984251968504046 ) ;
#634 = PRESENTATION_STYLE_ASSIGNMENT (( #514 ) ) ;
#635 = DIRECTION ( 'NONE',  ( 0.0000000000000000000, 0.9633091452789411813, 0.2683942820217221081 ) ) ;
#636 = DIRECTION ( 'NONE',  ( 0.0000000000000000000, 0.9633091452789412923, 0.2683942820217222192 ) ) ;
#637 = ORIENTED_EDGE ( 'NONE', *, *, #917, .F. ) ;
#638 = CARTESIAN_POINT ( 'NONE',  ( 0.04297183773581150085, -0.4153543307086614567, 0.2063309976133586576 ) ) ;
#639 = FACE_OUTER_BOUND ( 'NONE', #1304, .T. ) ;
#640 = LINE ( 'NONE', #1076, #148 ) ;
#641 = LINE ( 'NONE', #1258, #1950 ) ;
#642 = ORIENTED_EDGE ( 'NONE', *, *, #1355, .F. ) ;
#643 = AXIS2_PLACEMENT_3D ( 'NONE', #1488, #114, #1184 ) ;
#644 = EDGE_CURVE ( 'NONE', #1366, #632, #384, .T. ) ;
#645 = EDGE_CURVE ( 'NONE', #265, #751, #630, .T. ) ;
#646 = VECTOR ( 'NONE', #1696, 39.37007874015748143 ) ;
#647 = CARTESIAN_POINT ( 'NONE',  ( 0.04921259842519685318, -0.2633519482465716544, -0.1573503454587515948 ) ) ;
#648 = DIRECTION ( 'NONE',  ( -1.000000000000000000, 0.0000000000000000000, 0.0000000000000000000 ) ) ;
#649 = AXIS2_PLACEMENT_3D ( 'NONE', #1134, #1868, #1115 ) ;
#650 = COLOUR_RGB ( '',0.7921568627450980005, 0.8196078431372548767, 0.9333333333333333481 ) ;
#651 = VECTOR ( 'NONE', #790, 39.37007874015748143 ) ;
#652 = DIRECTION ( 'NONE',  ( -1.000000000000000000, 0.0000000000000000000, 0.0000000000000000000 ) ) ;
#653 = VECTOR ( 'NONE', #241, 39.37007874015748143 ) ;
#654 = LINE ( 'NONE', #192, #1448 ) ;
#655 = CARTESIAN_POINT ( 'NONE',  ( 0.09842519685039370636, -0.3362160229507220044, 0.2161193876803172986 ) ) ;
#656 = ORIENTED_EDGE ( 'NONE', *, *, #1632, .F. ) ;
#657 = ORIENTED_EDGE ( 'NONE', *, *, #1746, .T. ) ;
#658 = DIRECTION ( 'NONE',  ( 0.0000000000000000000, -1.000000000000000000, 0.0000000000000000000 ) ) ;
#659 =( CONVERSION_BASED_UNIT ( 'INCH', #1714 ) LENGTH_UNIT ( ) NAMED_UNIT ( #1152 ) );
#660 = DIRECTION ( 'NONE',  ( -0.2588190451025215721, 0.9659258262890679791, 0.0000000000000000000 ) ) ;
#661 = VERTEX_POINT ( 'NONE', #794 ) ;
#662 = LINE ( 'NONE', #1877, #416 ) ;
#663 = CARTESIAN_POINT ( 'NONE',  ( 0.5708661417322835607, 0.0000000000000000000, 0.0000000000000000000 ) ) ;
#664 = ORIENTED_EDGE ( 'NONE', *, *, #482, .F. ) ;
#665 = CARTESIAN_POINT ( 'NONE',  ( 0.09842519685039370636, -0.3679473845827291312, -0.2195393776341126313 ) ) ;
#666 = ORIENTED_EDGE ( 'NONE', *, *, #855, .F. ) ;
#667 = CARTESIAN_POINT ( 'NONE',  ( 0.05659448818897638150, -0.1763779527559055094, 0.06397637795275590289 ) ) ;
#668 = EDGE_CURVE ( 'NONE', #1186, #1289, #1294, .T. ) ;
#669 = DIRECTION ( 'NONE',  ( -1.000000000000000000, 0.0000000000000000000, 0.0000000000000000000 ) ) ;
#670 = ORIENTED_EDGE ( 'NONE', *, *, #1849, .T. ) ;
#671 = EDGE_CURVE ( 'NONE', #1228, #554, #150, .T. ) ;
#672 = APPLICATION_CONTEXT ( 'automotive_design' ) ;
#673 = DIRECTION ( 'NONE',  ( 0.0000000000000000000, 0.9684473325202980210, 0.2492183061781764741 ) ) ;
#674 = CARTESIAN_POINT ( 'NONE',  ( 0.05659448818897638150, -0.07775590551181103816, -0.06397637795275590289 ) ) ;
#675 = ORIENTED_EDGE ( 'NONE', *, *, #1784, .T. ) ;
#676 = DIRECTION ( 'NONE',  ( 0.0000000000000000000, 0.0000000000000000000, 1.000000000000000000 ) ) ;
#677 = VERTEX_POINT ( 'NONE', #1899 ) ;
#678 = VECTOR ( 'NONE', #105, 39.37007874015748143 ) ;
#679 = AXIS2_PLACEMENT_3D ( 'NONE', #1169, #1349, #426 ) ;
#680 = VECTOR ( 'NONE', #1952, 39.37007874015748143 ) ;
#681 = LINE ( 'NONE', #1739, #230 ) ;
#682 = ORIENTED_EDGE ( 'NONE', *, *, #1297, .F. ) ;
#683 =( GEOMETRIC_REPRESENTATION_CONTEXT ( 3 ) GLOBAL_UNCERTAINTY_ASSIGNED_CONTEXT ( ( #1301 ) ) GLOBAL_UNIT_ASSIGNED_CONTEXT ( ( #1417, #759, #1705 ) ) REPRESENTATION_CONTEXT ( 'NONE', 'WORKASPACE' ) );
#684 = DIRECTION ( 'NONE',  ( 0.0000000000000000000, -0.9633091452789411813, -0.2683942820217221081 ) ) ;
#685 = ADVANCED_FACE ( 'NONE', ( #228 ), #1143, .F. ) ;
#686 = DIRECTION ( 'NONE',  ( 0.0000000000000000000, 0.0000000000000000000, -1.000000000000000000 ) ) ;
#687 = ORIENTED_EDGE ( 'NONE', *, *, #529, .T. ) ;
#688 = VECTOR ( 'NONE', #1013, 39.37007874015748143 ) ;
#689 = VERTEX_POINT ( 'NONE', #1453 ) ;
#690 = DIRECTION ( 'NONE',  ( 0.0000000000000000000, 0.2683942820217221636, 0.9633091452789412923 ) ) ;
#691 = ORIENTED_EDGE ( 'NONE', *, *, #1901, .F. ) ;
#692 = CARTESIAN_POINT ( 'NONE',  ( 0.04183070866141732486, -0.1763779527559055094, 0.06397637795275590289 ) ) ;
#693 = DIMENSIONAL_EXPONENTS ( 1.000000000000000000, 0.0000000000000000000, 0.0000000000000000000, 0.0000000000000000000, 0.0000000000000000000, 0.0000000000000000000, 0.0000000000000000000 ) ;
#694 = ORIENTED_EDGE ( 'NONE', *, *, #1629, .F. ) ;
#695 = EDGE_CURVE ( 'NONE', #1128, #537, #1303, .T. ) ;
#696 = DIRECTION ( 'NONE',  ( -1.000000000000000000, 0.0000000000000000000, 0.0000000000000000000 ) ) ;
#697 = CARTESIAN_POINT ( 'NONE',  ( 0.0000000000000000000, -0.3363373974524866417, 0.2283464566929133688 ) ) ;
#698 = VERTEX_POINT ( 'NONE', #1017 ) ;
#699 = DIRECTION ( 'NONE',  ( -0.2588190451025215721, -0.9659258262890679791, 0.0000000000000000000 ) ) ;
#700 = ORIENTED_EDGE ( 'NONE', *, *, #575, .F. ) ;
#701 = CARTESIAN_POINT ( 'NONE',  ( 0.0000000000000000000, -0.2598425196850393526, -0.2086614173228346636 ) ) ;
#702 = ORIENTED_EDGE ( 'NONE', *, *, #1829, .T. ) ;
#703 = ORIENTED_EDGE ( 'NONE', *, *, #308, .F. ) ;
#704 = EDGE_CURVE ( 'NONE', #865, #1641, #766, .T. ) ;
#705 = VECTOR ( 'NONE', #1337, 39.37007874015748143 ) ;
#706 = FACE_OUTER_BOUND ( 'NONE', #518, .T. ) ;
#707 = CIRCLE ( 'NONE', #1059, 0.07086614173228346358 ) ;
#708 = CARTESIAN_POINT ( 'NONE',  ( 0.09842519685039370636, 0.2125984251968504046, 0.1968503937007874127 ) ) ;
#709 = VECTOR ( 'NONE', #526, 39.37007874015748143 ) ;
#710 = AXIS2_PLACEMENT_3D ( 'NONE', #1698, #144, #756 ) ;
#711 = DIRECTION ( 'NONE',  ( 0.0000000000000000000, 0.0000000000000000000, -1.000000000000000000 ) ) ;
#712 = VERTEX_POINT ( 'NONE', #875 ) ;
#713 = MECHANICAL_DESIGN_GEOMETRIC_PRESENTATION_REPRESENTATION (  '', ( #1347 ), #683 ) ;
#714 = DIRECTION ( 'NONE',  ( 0.0000000000000000000, 0.9633091452789412923, -0.2683942820217220526 ) ) ;
#715 = AXIS2_PLACEMENT_3D ( 'NONE', #1954, #911, #1825 ) ;
#716 = EDGE_LOOP ( 'NONE', ( #398, #1776, #1308, #637, #1150, #559 ) ) ;
#717 = DIRECTION ( 'NONE',  ( 0.0000000000000000000, -1.000000000000000000, -1.445602896647339903E-16 ) ) ;
#718 = DIRECTION ( 'NONE',  ( 0.0000000000000000000, -0.2683942820217225522, 0.9633091452789411813 ) ) ;
#719 = CARTESIAN_POINT ( 'NONE',  ( 0.2559055118110236116, -0.2598425196850393526, -0.2086614173228346636 ) ) ;
#720 = PLANE ( 'NONE',  #347 ) ;
#721 = ORIENTED_EDGE ( 'NONE', *, *, #444, .F. ) ;
#722 = FILL_AREA_STYLE_COLOUR ( '', #585 ) ;
#723 = VERTEX_POINT ( 'NONE', #264 ) ;
#724 = CARTESIAN_POINT ( 'NONE',  ( 0.09842519685039370636, -0.2633519482465716544, -0.1573503454587515948 ) ) ;
#725 = ADVANCED_FACE ( 'NONE', ( #1197 ), #1310, .T. ) ;
#726 = EDGE_CURVE ( 'NONE', #1695, #1454, #1256, .T. ) ;
#727 = LINE ( 'NONE', #892, #85 ) ;
#728 = EDGE_CURVE ( 'NONE', #1704, #109, #1617, .T. ) ;
#729 = FACE_OUTER_BOUND ( 'NONE', #1208, .T. ) ;
#730 = EDGE_LOOP ( 'NONE', ( #407, #1325, #826, #1133 ) ) ;
#731 = ORIENTED_EDGE ( 'NONE', *, *, #644, .T. ) ;
#732 = SURFACE_STYLE_USAGE ( .BOTH. , #422 ) ;
#733 = LENGTH_MEASURE_WITH_UNIT ( LENGTH_MEASURE( 0.02539999999999999897 ), #1675 );
#734 = CARTESIAN_POINT ( 'NONE',  ( 0.0000000000000000000, -0.3363373974524866417, 0.2283464566929133688 ) ) ;
#735 = AXIS2_PLACEMENT_3D ( 'NONE', #1008, #819, #1609 ) ;
#736 = LINE ( 'NONE', #1656, #1661 ) ;
#737 = CARTESIAN_POINT ( 'NONE',  ( 0.0000000000000000000, 0.0000000000000000000, -0.1500984251968504046 ) ) ;
#738 = VECTOR ( 'NONE', #1108, 39.37007874015748143 ) ;
#739 = ORIENTED_EDGE ( 'NONE', *, *, #1425, .F. ) ;
#740 = ADVANCED_FACE ( 'NONE', ( #238 ), #1324, .F. ) ;
#741 = AXIS2_PLACEMENT_3D ( 'NONE', #922, #534, #1905 ) ;
#742 = DIRECTION ( 'NONE',  ( 0.0000000000000000000, 1.000000000000000000, 0.0000000000000000000 ) ) ;
#743 = PRESENTATION_LAYER_ASSIGNMENT (  '', '', ( #1223 ) ) ;
#744 = ORIENTED_EDGE ( 'NONE', *, *, #330, .T. ) ;
#745 = CIRCLE ( 'NONE', #1508, 0.1500984251968504046 ) ;
#746 = DIRECTION ( 'NONE',  ( 0.0000000000000000000, -0.2683942820217221081, -0.9633091452789411813 ) ) ;
#747 = FACE_OUTER_BOUND ( 'NONE', #1335, .T. ) ;
#748 = DIRECTION ( 'NONE',  ( 0.0000000000000000000, -0.9684473325202980210, 0.2492183061781764741 ) ) ;
#749 = DIRECTION ( 'NONE',  ( 0.0000000000000000000, 0.0000000000000000000, 1.000000000000000000 ) ) ;
#750 = VERTEX_POINT ( 'NONE', #1045 ) ;
#751 = VERTEX_POINT ( 'NONE', #1185 ) ;
#752 = ADVANCED_FACE ( 'NONE', ( #852 ), #97, .F. ) ;
#753 = EDGE_CURVE ( 'NONE', #1844, #1274, #1649, .T. ) ;
#754 = DIRECTION ( 'NONE',  ( 0.0000000000000000000, 0.7071067811865469066, 0.7071067811865479058 ) ) ;
#755 = ORIENTED_EDGE ( 'NONE', *, *, #482, .T. ) ;
#756 = DIRECTION ( 'NONE',  ( 0.0000000000000000000, 0.0000000000000000000, -1.000000000000000000 ) ) ;
#757 = CARTESIAN_POINT ( 'NONE',  ( 0.5708661417322835607, 1.446433227339393765E-17, -0.1181102362204724532 ) ) ;
#758 = ORIENTED_EDGE ( 'NONE', *, *, #809, .T. ) ;
#759 =( NAMED_UNIT ( * ) PLANE_ANGLE_UNIT ( ) SI_UNIT ( $, .RADIAN. ) );
#760 = LINE ( 'NONE', #1494, #804 ) ;
#761 = PRODUCT_RELATED_PRODUCT_CATEGORY ( 'part', '', ( #9 ) ) ;
#762 = CIRCLE ( 'NONE', #797, 0.04921259842519685318 ) ;
#763 = VERTEX_POINT ( 'NONE', #864 ) ;
#764 = DIRECTION ( 'NONE',  ( -1.000000000000000000, 0.0000000000000000000, 0.0000000000000000000 ) ) ;
#765 = VECTOR ( 'NONE', #964, 39.37007874015748854 ) ;
#766 = CIRCLE ( 'NONE', #1797, 0.04921259842519685318 ) ;
#767 = FACE_OUTER_BOUND ( 'NONE', #1976, .T. ) ;
#768 = FACE_OUTER_BOUND ( 'NONE', #1055, .T. ) ;
#769 = VERTEX_POINT ( 'NONE', #84 ) ;
#770 = VECTOR ( 'NONE', #504, 39.37007874015748143 ) ;
#771 = AXIS2_PLACEMENT_3D ( 'NONE', #1819, #764, #125 ) ;
#772 = ORIENTED_EDGE ( 'NONE', *, *, #1370, .F. ) ;
#773 = AXIS2_PLACEMENT_3D ( 'NONE', #1910, #1159, #207 ) ;
#774 = EDGE_LOOP ( 'NONE', ( #1262, #664 ) ) ;
#775 = LINE ( 'NONE', #475, #646 ) ;
#776 = DIRECTION ( 'NONE',  ( 0.0000000000000000000, 0.2683942820217224967, -0.9633091452789410702 ) ) ;
#777 = LINE ( 'NONE', #923, #283 ) ;
#778 = DIRECTION ( 'NONE',  ( -1.000000000000000000, 0.0000000000000000000, 0.0000000000000000000 ) ) ;
#779 = ORIENTED_EDGE ( 'NONE', *, *, #1849, .F. ) ;
#780 = VERTEX_POINT ( 'NONE', #273 ) ;
#781 = DIRECTION ( 'NONE',  ( 0.0000000000000000000, 1.445602896647339903E-16, 1.000000000000000000 ) ) ;
#782 = DIRECTION ( 'NONE',  ( -1.000000000000000000, 0.0000000000000000000, 0.0000000000000000000 ) ) ;
#783 = CARTESIAN_POINT ( 'NONE',  ( 0.2559055118110236116, 0.2125984251968504046, 0.1968503937007874127 ) ) ;
#784 = ORIENTED_EDGE ( 'NONE', *, *, #824, .T. ) ;
#785 = EDGE_CURVE ( 'NONE', #769, #751, #1945, .T. ) ;
#786 = ADVANCED_FACE ( 'NONE', ( #729 ), #720, .T. ) ;
#787 = CARTESIAN_POINT ( 'NONE',  ( 0.0000000000000000000, -0.2633519482465716544, -0.1573503454587515948 ) ) ;
#788 = CARTESIAN_POINT ( 'NONE',  ( 0.04183070866141732486, -0.2147637795275590400, -0.02559055118110236185 ) ) ;
#789 = ORIENTED_EDGE ( 'NONE', *, *, #1646, .T. ) ;
#790 = DIRECTION ( 'NONE',  ( 5.142261974317641925E-16, 0.9633091452789411813, 0.2683942820217221081 ) ) ;
#791 = ORIENTED_EDGE ( 'NONE', *, *, #1985, .F. ) ;
#792 = DIRECTION ( 'NONE',  ( 0.0000000000000000000, 1.445602896647339903E-16, -1.000000000000000000 ) ) ;
#793 = FACE_OUTER_BOUND ( 'NONE', #1894, .T. ) ;
#794 = CARTESIAN_POINT ( 'NONE',  ( 0.2440944881889763884, 0.2125984251968504046, 0.1968503937007874127 ) ) ;
#795 = EDGE_LOOP ( 'NONE', ( #567, #1601, #505, #1814, #798, #1411, #1946 ) ) ;
#796 = EDGE_CURVE ( 'NONE', #468, #1274, #553, .T. ) ;
#797 = AXIS2_PLACEMENT_3D ( 'NONE', #626, #463, #142 ) ;
#798 = ORIENTED_EDGE ( 'NONE', *, *, #34, .T. ) ;
#799 = AXIS2_PLACEMENT_3D ( 'NONE', #576, #1919, #556 ) ;
#800 = FACE_OUTER_BOUND ( 'NONE', #1173, .T. ) ;
#801 = AXIS2_PLACEMENT_3D ( 'NONE', #399, #266, #1491 ) ;
#802 = AXIS2_PLACEMENT_3D ( 'NONE', #1933, #690, #94 ) ;
#803 = CARTESIAN_POINT ( 'NONE',  ( 0.2559055118110236116, -0.2598425196850393526, -0.2086614173228346636 ) ) ;
#804 = VECTOR ( 'NONE', #746, 39.37007874015748143 ) ;
#805 = ORIENTED_EDGE ( 'NONE', *, *, #1015, .F. ) ;
#806 = CARTESIAN_POINT ( 'NONE',  ( 0.2641555071782751840, -0.3759842519685039353, 0.04921259842519685318 ) ) ;
#807 = CARTESIAN_POINT ( 'NONE',  ( 0.5708661417322835607, 0.0000000000000000000, 0.0000000000000000000 ) ) ;
#808 = ORIENTED_EDGE ( 'NONE', *, *, #1560, .T. ) ;
#809 = EDGE_CURVE ( 'NONE', #763, #554, #1625, .T. ) ;
#810 = DIRECTION ( 'NONE',  ( 0.0000000000000000000, 0.0000000000000000000, -1.000000000000000000 ) ) ;
#811 = ORIENTED_EDGE ( 'NONE', *, *, #271, .F. ) ;
#812 = LINE ( 'NONE', #1426, #259 ) ;
#813 = ADVANCED_FACE ( 'NONE', ( #1939 ), #572, .F. ) ;
#814 = CARTESIAN_POINT ( 'NONE',  ( 0.5561023622047244208, 0.0000000000000000000, 0.0000000000000000000 ) ) ;
#815 = EDGE_CURVE ( 'NONE', #109, #460, #1054, .T. ) ;
#816 = CARTESIAN_POINT ( 'NONE',  ( 0.2559055118110236116, -0.2598425196850393526, 0.2086614173228346636 ) ) ;
#817 = VERTEX_POINT ( 'NONE', #1973 ) ;
#818 = LINE ( 'NONE', #1122, #1857 ) ;
#819 = DIRECTION ( 'NONE',  ( 0.0000000000000000000, 0.7071067811865480168, 0.7071067811865470176 ) ) ;
#820 = VERTEX_POINT ( 'NONE', #291 ) ;
#821 = DIRECTION ( 'NONE',  ( 0.0000000000000000000, 0.0000000000000000000, -1.000000000000000000 ) ) ;
#822 = ORIENTED_EDGE ( 'NONE', *, *, #1608, .F. ) ;
#823 = LENGTH_MEASURE_WITH_UNIT ( LENGTH_MEASURE( 0.02539999999999999897 ), #950 );
#824 = EDGE_CURVE ( 'NONE', #41, #820, #454, .T. ) ;
#825 = CARTESIAN_POINT ( 'NONE',  ( 0.2440944881889763884, -0.2598425196850393526, -0.1968503937007874127 ) ) ;
#826 = ORIENTED_EDGE ( 'NONE', *, *, #1947, .F. ) ;
#827 = DIRECTION ( 'NONE',  ( 0.0000000000000000000, 0.0000000000000000000, 1.000000000000000000 ) ) ;
#828 = CARTESIAN_POINT ( 'NONE',  ( 0.09842519685039370636, -0.3362160229507224485, -0.2161193876803172986 ) ) ;
#829 = CARTESIAN_POINT ( 'NONE',  ( 0.2502377932883684819, -0.3759842519685039353, 0.04921259842519685318 ) ) ;
#830 = EDGE_LOOP ( 'NONE', ( #159, #700, #1117, #772, #858, #49 ) ) ;
#831 = DIRECTION ( 'NONE',  ( 0.0000000000000000000, 1.000000000000000000, -1.445602896647339903E-16 ) ) ;
#832 = ORIENTED_EDGE ( 'NONE', *, *, #942, .F. ) ;
#833 = AXIS2_PLACEMENT_3D ( 'NONE', #1544, #1085, #340 ) ;
#834 = CARTESIAN_POINT ( 'NONE',  ( 0.2406209225333157398, -0.2598425196850393526, -0.04921259842519685318 ) ) ;
#835 = AXIS2_PLACEMENT_3D ( 'NONE', #324, #1752, #810 ) ;
#836 = VECTOR ( 'NONE', #1379, 39.37007874015748854 ) ;
#837 = CARTESIAN_POINT ( 'NONE',  ( 0.2440944881889763884, 0.0000000000000000000, 0.0000000000000000000 ) ) ;
#838 = EDGE_LOOP ( 'NONE', ( #1647, #1621, #1586, #119 ) ) ;
#839 = EDGE_CURVE ( 'NONE', #616, #1228, #300, .T. ) ;
#840 = VECTOR ( 'NONE', #1713, 39.37007874015748854 ) ;
#841 = DIRECTION ( 'NONE',  ( 0.0000000000000000000, -1.000000000000000000, 0.0000000000000000000 ) ) ;
#842 = LINE ( 'NONE', #65, #51 ) ;
#843 = DIRECTION ( 'NONE',  ( 0.0000000000000000000, 0.0000000000000000000, 1.000000000000000000 ) ) ;
#844 = ORIENTED_EDGE ( 'NONE', *, *, #728, .T. ) ;
#845 = ORIENTED_EDGE ( 'NONE', *, *, #726, .F. ) ;
#846 = FACE_OUTER_BOUND ( 'NONE', #305, .T. ) ;
#847 = DIRECTION ( 'NONE',  ( 1.734723475976807094E-15, 0.9633091452789412923, 0.2683942820217222192 ) ) ;
#848 = CARTESIAN_POINT ( 'NONE',  ( 0.2440944881889763884, -0.2598425196850393526, 0.04921259842519685318 ) ) ;
#849 = VERTEX_POINT ( 'NONE', #1528 ) ;
#850 = DIRECTION ( 'NONE',  ( -1.000000000000000000, 0.0000000000000000000, 0.0000000000000000000 ) ) ;
#851 = PLANE ( 'NONE',  #481 ) ;
#852 = FACE_OUTER_BOUND ( 'NONE', #1672, .T. ) ;
#853 = ORIENTED_EDGE ( 'NONE', *, *, #1496, .F. ) ;
#854 = ADVANCED_FACE ( 'NONE', ( #464 ), #2, .T. ) ;
#855 = EDGE_CURVE ( 'NONE', #1695, #86, #1633, .T. ) ;
#856 = LINE ( 'NONE', #1424, #1097 ) ;
#857 = DIRECTION ( 'NONE',  ( 0.0000000000000000000, -1.000000000000000000, 0.0000000000000000000 ) ) ;
#858 = ORIENTED_EDGE ( 'NONE', *, *, #606, .T. ) ;
#859 = CARTESIAN_POINT ( 'NONE',  ( 0.5708661417322835607, 1.446433227339393765E-17, -0.1181102362204724532 ) ) ;
#860 = CARTESIAN_POINT ( 'NONE',  ( 0.09842519685039370636, -0.2598425196850393526, 0.2086614173228346636 ) ) ;
#861 = CARTESIAN_POINT ( 'NONE',  ( 0.04183070866141732486, -0.4409448818897637734, -0.02559055118110236185 ) ) ;
#862 = UNCERTAINTY_MEASURE_WITH_UNIT (LENGTH_MEASURE( 1.000000000000000082E-05 ), #1431, 'distance_accuracy_value', 'NONE');
#863 = CARTESIAN_POINT ( 'NONE',  ( 0.2559055118110236116, -0.07775590551181103816, 0.06397637795275590289 ) ) ;
#864 = CARTESIAN_POINT ( 'NONE',  ( 0.2440944881889763884, 0.0000000000000000000, -0.1500984251968504046 ) ) ;
#865 = VERTEX_POINT ( 'NONE', #638 ) ;
#866 = DIRECTION ( 'NONE',  ( 1.000000000000000000, 0.0000000000000000000, 0.0000000000000000000 ) ) ;
#867 = EDGE_CURVE ( 'NONE', #698, #1844, #775, .T. ) ;
#868 = ORIENTED_EDGE ( 'NONE', *, *, #509, .T. ) ;
#869 = AXIS2_PLACEMENT_3D ( 'NONE', #1506, #424, #1175 ) ;
#870 = LINE ( 'NONE', #262, #653 ) ;
#871 = VECTOR ( 'NONE', #1680, 39.37007874015748143 ) ;
#872 = VECTOR ( 'NONE', #295, 39.37007874015748143 ) ;
#873 = MECHANICAL_DESIGN_GEOMETRIC_PRESENTATION_REPRESENTATION (  '', ( #1002 ), #91 ) ;
#874 = DIRECTION ( 'NONE',  ( -1.000000000000000000, 0.0000000000000000000, 0.0000000000000000000 ) ) ;
#875 = CARTESIAN_POINT ( 'NONE',  ( 0.2559055118110235560, 0.0000000000000000000, 0.2027559055118110243 ) ) ;
#876 = ORIENTED_EDGE ( 'NONE', *, *, #1561, .T. ) ;
#877 = AXIS2_PLACEMENT_3D ( 'NONE', #531, #1581, #218 ) ;
#878 = CARTESIAN_POINT ( 'NONE',  ( 0.2609893995972952796, -0.3358587109606122612, 0.04921259842519685318 ) ) ;
#879 = ORIENTED_EDGE ( 'NONE', *, *, #1865, .T. ) ;
#880 = EDGE_CURVE ( 'NONE', #1289, #817, #1160, .T. ) ;
#881 = LINE ( 'NONE', #1605, #1804 ) ;
#882 = EDGE_CURVE ( 'NONE', #1239, #1180, #1455, .T. ) ;
#883 = DIRECTION ( 'NONE',  ( 0.0000000000000000000, 1.000000000000000000, 0.0000000000000000000 ) ) ;
#884 = CARTESIAN_POINT ( 'NONE',  ( 0.04921259842519685318, -0.3647773733777484595, -0.2081617105638889631 ) ) ;
#885 = ORIENTED_EDGE ( 'NONE', *, *, #1733, .F. ) ;
#886 = DIRECTION ( 'NONE',  ( -0.2588190451025210725, 0.9659258262890682012, 0.0000000000000000000 ) ) ;
#887 = ORIENTED_EDGE ( 'NONE', *, *, #1773, .T. ) ;
#888 = CYLINDRICAL_SURFACE ( 'NONE', #614, 0.1181102362204724532 ) ;
#889 = DIRECTION ( 'NONE',  ( 0.0000000000000000000, 0.0000000000000000000, 1.000000000000000000 ) ) ;
#890 = CARTESIAN_POINT ( 'NONE',  ( 0.1181102362204724532, 0.2125984251968504046, -0.2086614173228346636 ) ) ;
#891 = EDGE_CURVE ( 'NONE', #952, #1867, #856, .T. ) ;
#892 = CARTESIAN_POINT ( 'NONE',  ( 0.2406209225333157398, -0.2598425196850393526, -0.04921259842519685318 ) ) ;
#893 = CARTESIAN_POINT ( 'NONE',  ( 0.2559055118110236116, -0.2627860429863562719, 0.1972230630017287323 ) ) ;
#894 = EDGE_LOOP ( 'NONE', ( #914, #1136, #577, #601, #1863, #380, #16 ) ) ;
#895 = DIRECTION ( 'NONE',  ( 1.000000000000000000, 0.0000000000000000000, 0.0000000000000000000 ) ) ;
#896 = VERTEX_POINT ( 'NONE', #996 ) ;
#897 = CARTESIAN_POINT ( 'NONE',  ( 0.05659448818897638150, -0.4409448818897637734, 0.02559055118110236185 ) ) ;
#898 = VECTOR ( 'NONE', #250, 39.37007874015748143 ) ;
#899 = FACE_OUTER_BOUND ( 'NONE', #1579, .T. ) ;
#900 = CIRCLE ( 'NONE', #1158, 0.1181102362204724532 ) ;
#901 = CARTESIAN_POINT ( 'NONE',  ( 0.5561023622047244208, 0.0000000000000000000, 0.0000000000000000000 ) ) ;
#902 = CARTESIAN_POINT ( 'NONE',  ( 0.0000000000000000000, -0.2970618216019972890, 0.2182393582901964724 ) ) ;
#903 = ORIENTED_EDGE ( 'NONE', *, *, #1646, .F. ) ;
#904 = EDGE_CURVE ( 'NONE', #1216, #1851, #69, .T. ) ;
#905 = AXIS2_PLACEMENT_3D ( 'NONE', #1657, #397, #253 ) ;
#906 = ADVANCED_FACE ( 'NONE', ( #1611, #1870 ), #1735, .T. ) ;
#907 = FACE_OUTER_BOUND ( 'NONE', #774, .T. ) ;
#908 = VECTOR ( 'NONE', #152, 39.37007874015748143 ) ;
#909 = VECTOR ( 'NONE', #1435, 39.37007874015748143 ) ;
#910 = PLANE ( 'NONE',  #551 ) ;
#911 = DIRECTION ( 'NONE',  ( 0.0000000000000000000, 0.9633091452789408482, 0.2683942820217234404 ) ) ;
#912 = LINE ( 'NONE', #1944, #678 ) ;
#913 = DIRECTION ( 'NONE',  ( 0.0000000000000000000, 0.0000000000000000000, -1.000000000000000000 ) ) ;
#914 = ORIENTED_EDGE ( 'NONE', *, *, #1523, .T. ) ;
#915 = DIRECTION ( 'NONE',  ( 0.0000000000000000000, 1.000000000000000000, -1.445602896647339903E-16 ) ) ;
#916 = EDGE_LOOP ( 'NONE', ( #1463, #1398, #369, #206, #789, #1758, #1527, #107 ) ) ;
#917 = EDGE_CURVE ( 'NONE', #1612, #937, #1137, .T. ) ;
#918 = DIRECTION ( 'NONE',  ( -1.000000000000000000, 0.0000000000000000000, 0.0000000000000000000 ) ) ;
#919 = DIRECTION ( 'NONE',  ( -1.000000000000000000, 0.0000000000000000000, 0.0000000000000000000 ) ) ;
#920 = ORIENTED_EDGE ( 'NONE', *, *, #867, .T. ) ;
#921 = DIRECTION ( 'NONE',  ( 1.000000000000000000, 0.0000000000000000000, 0.0000000000000000000 ) ) ;
#922 = CARTESIAN_POINT ( 'NONE',  ( 0.5314960629921260393, 0.0000000000000000000, 0.0000000000000000000 ) ) ;
#923 = CARTESIAN_POINT ( 'NONE',  ( 0.2440944881889763884, 0.2125984251968504046, 0.2182393582901964724 ) ) ;
#924 = DIRECTION ( 'NONE',  ( 0.0000000000000000000, 0.0000000000000000000, 1.000000000000000000 ) ) ;
#925 = ORIENTED_EDGE ( 'NONE', *, *, #169, .F. ) ;
#926 = ADVANCED_FACE ( 'NONE', ( #1744 ), #1908, .F. ) ;
#927 = LINE ( 'NONE', #1240, #1893 ) ;
#928 = DIRECTION ( 'NONE',  ( 0.0000000000000000000, 0.7071067811865480168, -0.7071067811865470176 ) ) ;
#929 = EDGE_CURVE ( 'NONE', #750, #1920, #1764, .T. ) ;
#930 = VERTEX_POINT ( 'NONE', #343 ) ;
#931 = DIRECTION ( 'NONE',  ( 0.0000000000000000000, 0.0000000000000000000, 1.000000000000000000 ) ) ;
#932 = CARTESIAN_POINT ( 'NONE',  ( 0.2440944881889763884, -0.2598425196850393526, 0.04921259842519685318 ) ) ;
#933 = VERTEX_POINT ( 'NONE', #1651 ) ;
#934 = VECTOR ( 'NONE', #396, 39.37007874015748143 ) ;
#935 = CARTESIAN_POINT ( 'NONE',  ( 0.2952755905511810774, 2.483043706932625697E-17, -0.2027559055118110243 ) ) ;
#936 =( LENGTH_UNIT ( ) NAMED_UNIT ( * ) SI_UNIT ( $, .METRE. ) );
#937 = VERTEX_POINT ( 'NONE', #586 ) ;
#938 = VECTOR ( 'NONE', #1316, 39.37007874015748143 ) ;
#939 = CARTESIAN_POINT ( 'NONE',  ( 0.0000000000000000000, 0.0000000000000000000, 0.0000000000000000000 ) ) ;
#940 =( NAMED_UNIT ( * ) SI_UNIT ( $, .STERADIAN. ) SOLID_ANGLE_UNIT ( ) );
#941 = ADVANCED_FACE ( 'NONE', ( #118 ), #594, .T. ) ;
#942 = EDGE_CURVE ( 'NONE', #1676, #1366, #245, .T. ) ;
#943 = ORIENTED_EDGE ( 'NONE', *, *, #1667, .T. ) ;
#944 = FACE_OUTER_BOUND ( 'NONE', #231, .T. ) ;
#945 = CARTESIAN_POINT ( 'NONE',  ( 0.2559055118110236116, -0.3362160229507220044, -0.2161193876803172986 ) ) ;
#946 = LINE ( 'NONE', #757, #23 ) ;
#947 = ORIENTED_EDGE ( 'NONE', *, *, #1584, .T. ) ;
#948 = EDGE_LOOP ( 'NONE', ( #1182, #147, #1011, #1339 ) ) ;
#949 = CARTESIAN_POINT ( 'NONE',  ( 0.2952755905511810774, 0.0000000000000000000, 0.2027559055118110243 ) ) ;
#950 =( LENGTH_UNIT ( ) NAMED_UNIT ( * ) SI_UNIT ( $, .METRE. ) );
#951 = CARTESIAN_POINT ( 'NONE',  ( 0.04921259842519685318, -0.3651601021255233004, 0.2080550758371539632 ) ) ;
#952 = VERTEX_POINT ( 'NONE', #1199 ) ;
#953 = CARTESIAN_POINT ( 'NONE',  ( 0.2559055118110236116, -0.06299212598425196763, 0.03246539862691066869 ) ) ;
#954 = ADVANCED_FACE ( 'NONE', ( #1948 ), #1620, .F. ) ;
#955 = CYLINDRICAL_SURFACE ( 'NONE', #1568, 0.1500984251968504046 ) ;
#956 = PRESENTATION_STYLE_ASSIGNMENT (( #447 ) ) ;
#957 = VERTEX_POINT ( 'NONE', #275 ) ;
#958 = ORIENTED_EDGE ( 'NONE', *, *, #224, .F. ) ;
#959 = CARTESIAN_POINT ( 'NONE',  ( 0.2406209225333157398, -0.2598425196850393526, 0.04921259842519685318 ) ) ;
#960 = CARTESIAN_POINT ( 'NONE',  ( 0.05659448818897638150, -0.4409448818897637734, -0.02559055118110236185 ) ) ;
#961 = ORIENTED_EDGE ( 'NONE', *, *, #129, .T. ) ;
#962 = DIRECTION ( 'NONE',  ( 1.000000000000000000, 0.0000000000000000000, 0.0000000000000000000 ) ) ;
#963 = EDGE_CURVE ( 'NONE', #1871, #336, #1890, .T. ) ;
#964 = DIRECTION ( 'NONE',  ( 0.0000000000000000000, 0.9684473325202980210, -0.2492183061781760300 ) ) ;
#965 = VERTEX_POINT ( 'NONE', #1501 ) ;
#966 = EDGE_CURVE ( 'NONE', #995, #1004, #1807, .T. ) ;
#967 = ADVANCED_FACE ( 'NONE', ( #1326 ), #1941, .F. ) ;
#968 = EDGE_CURVE ( 'NONE', #265, #1514, #1047, .T. ) ;
#969 = VECTOR ( 'NONE', #263, 39.37007874015748854 ) ;
#970 = DIRECTION ( 'NONE',  ( -1.000000000000000000, 0.0000000000000000000, 0.0000000000000000000 ) ) ;
#971 = ORIENTED_EDGE ( 'NONE', *, *, #308, .T. ) ;
#972 = AXIS2_PLACEMENT_3D ( 'NONE', #543, #58, #686 ) ;
#973 = DIRECTION ( 'NONE',  ( 0.0000000000000000000, 1.224646799147352961E-16, 1.000000000000000000 ) ) ;
#974 =( NAMED_UNIT ( * ) SI_UNIT ( $, .STERADIAN. ) SOLID_ANGLE_UNIT ( ) );
#975 = VECTOR ( 'NONE', #1845, 39.37007874015748143 ) ;
#976 = CARTESIAN_POINT ( 'NONE',  ( 0.2559055118110236116, -0.2598425196850393526, 0.04921259842519685318 ) ) ;
#977 = EDGE_LOOP ( 'NONE', ( #1841, #480, #565, #63, #1126, #1709, #1554, #1812 ) ) ;
#978 = CARTESIAN_POINT ( 'NONE',  ( 0.2559055118110236116, -0.06299212598425196763, -0.03246539862691063399 ) ) ;
#979 = ORIENTED_EDGE ( 'NONE', *, *, #1561, .F. ) ;
#980 = ADVANCED_FACE ( 'NONE', ( #907, #1188 ), #1793, .T. ) ;
#981 = EDGE_LOOP ( 'NONE', ( #165, #1220, #758, #611 ) ) ;
#982 = LINE ( 'NONE', #1273, #419 ) ;
#983 = EDGE_LOOP ( 'NONE', ( #1369, #357, #90, #979 ) ) ;
#984 = CARTESIAN_POINT ( 'NONE',  ( 0.2406209225333157398, -0.2598425196850393526, -0.04921259842519685318 ) ) ;
#985 = DIRECTION ( 'NONE',  ( 0.0000000000000000000, -1.000000000000000000, -1.445602896647339903E-16 ) ) ;
#986 = ORIENTED_EDGE ( 'NONE', *, *, #222, .T. ) ;
#987 = CARTESIAN_POINT ( 'NONE',  ( 0.04183070866141732486, -0.4566929133858267376, 0.06397637795275590289 ) ) ;
#988 = ORIENTED_EDGE ( 'NONE', *, *, #1644, .T. ) ;
#989 = ADVANCED_FACE ( 'NONE', ( #108 ), #1130, .F. ) ;
#990 = ADVANCED_FACE ( 'NONE', ( #1037 ), #106, .F. ) ;
#991 = CARTESIAN_POINT ( 'NONE',  ( 0.2440944881889763884, 0.0000000000000000000, 0.0000000000000000000 ) ) ;
#992 = VERTEX_POINT ( 'NONE', #1063 ) ;
#993 = CYLINDRICAL_SURFACE ( 'NONE', #649, 0.1633858267716535584 ) ;
#994 = LINE ( 'NONE', #1596, #1343 ) ;
#995 = VERTEX_POINT ( 'NONE', #312 ) ;
#996 = CARTESIAN_POINT ( 'NONE',  ( 0.09842519685039370636, -0.2598425196850393526, -0.1968503937007874127 ) ) ;
#997 = CARTESIAN_POINT ( 'NONE',  ( 0.5708661417322835607, 0.0000000000000000000, 0.0000000000000000000 ) ) ;
#998 = ORIENTED_EDGE ( 'NONE', *, *, #246, .F. ) ;
#999 = AXIS2_PLACEMENT_3D ( 'NONE', #14, #466, #313 ) ;
#1000 = CARTESIAN_POINT ( 'NONE',  ( 0.2559055118110236116, -0.06299212598425196763, 0.06397637795275590289 ) ) ;
#1001 = AXIS2_PLACEMENT_3D ( 'NONE', #1957, #1489, #1811 ) ;
#1002 = STYLED_ITEM ( 'NONE', ( #1813 ), #980 ) ;
#1003 = DIRECTION ( 'NONE',  ( 0.0000000000000000000, 0.9633091452789411813, -0.2683942820217221081 ) ) ;
#1004 = VERTEX_POINT ( 'NONE', #1214 ) ;
#1005 = EDGE_CURVE ( 'NONE', #1429, #1612, #1359, .T. ) ;
#1006 = VECTOR ( 'NONE', #1525, 39.37007874015748854 ) ;
#1007 = LINE ( 'NONE', #235, #520 ) ;
#1008 = CARTESIAN_POINT ( 'NONE',  ( 0.05659448818897638150, -0.2147637795275590400, -0.02559055118110236185 ) ) ;
#1009 = CARTESIAN_POINT ( 'NONE',  ( 0.2238648412774316698, -0.4744094488188972947, -0.04921259842519669359 ) ) ;
#1010 = EDGE_LOOP ( 'NONE', ( #1984, #545, #595, #739 ) ) ;
#1011 = ORIENTED_EDGE ( 'NONE', *, *, #377, .T. ) ;
#1012 = DIRECTION ( 'NONE',  ( 0.0000000000000000000, 1.000000000000000000, -1.224646799147353207E-16 ) ) ;
#1013 = DIRECTION ( 'NONE',  ( 0.0000000000000000000, -0.9684473325202980210, 0.2492183061781764741 ) ) ;
#1014 = PLANE ( 'NONE',  #1155 ) ;
#1015 = EDGE_CURVE ( 'NONE', #1454, #1695, #350, .T. ) ;
#1016 = CARTESIAN_POINT ( 'NONE',  ( 0.0000000000000000000, -0.2970618216019972890, 0.1968503937007874127 ) ) ;
#1017 = CARTESIAN_POINT ( 'NONE',  ( 0.09842519685039370636, -0.2613378725210980247, -0.1968503937007874127 ) ) ;
#1018 = ORIENTED_EDGE ( 'NONE', *, *, #606, .F. ) ;
#1019 = ORIENTED_EDGE ( 'NONE', *, *, #1619, .F. ) ;
#1020 = LINE ( 'NONE', #1912, #1351 ) ;
#1021 = PLANE ( 'NONE',  #346 ) ;
#1022 = CARTESIAN_POINT ( 'NONE',  ( 1.515479310735081020, -0.3759842519685039353, 0.04921259842519685318 ) ) ;
#1023 = ORIENTED_EDGE ( 'NONE', *, *, #523, .T. ) ;
#1024 =( NAMED_UNIT ( * ) PLANE_ANGLE_UNIT ( ) SI_UNIT ( $, .RADIAN. ) );
#1025 = EDGE_CURVE ( 'NONE', #865, #780, #1399, .T. ) ;
#1026 = EDGE_CURVE ( 'NONE', #661, #627, #443, .T. ) ;
#1027 = ORIENTED_EDGE ( 'NONE', *, *, #1682, .F. ) ;
#1028 = EDGE_CURVE ( 'NONE', #1966, #723, #292, .T. ) ;
#1029 = VECTOR ( 'NONE', #1468, 39.37007874015748143 ) ;
#1030 = SURFACE_STYLE_FILL_AREA ( #408 ) ;
#1031 = LINE ( 'NONE', #1926, #1895 ) ;
#1032 = AXIS2_PLACEMENT_3D ( 'NONE', #135, #1712, #146 ) ;
#1033 = VECTOR ( 'NONE', #857, 39.37007874015748143 ) ;
#1034 = VECTOR ( 'NONE', #1745, 39.37007874015748143 ) ;
#1035 = CARTESIAN_POINT ( 'NONE',  ( 0.05659448818897638150, -0.4409448818897637734, 0.02559055118110236185 ) ) ;
#1036 = DIRECTION ( 'NONE',  ( 1.000000000000000000, 0.0000000000000000000, 0.0000000000000000000 ) ) ;
#1037 = FACE_OUTER_BOUND ( 'NONE', #1972, .T. ) ;
#1038 = VERTEX_POINT ( 'NONE', #465 ) ;
#1039 = CIRCLE ( 'NONE', #1166, 0.1500984251968504046 ) ;
#1040 = EDGE_LOOP ( 'NONE', ( #429, #1590, #1522, #1907 ) ) ;
#1041 = ADVANCED_FACE ( 'NONE', ( #476 ), #134, .F. ) ;
#1042 = CARTESIAN_POINT ( 'NONE',  ( 0.0000000000000000000, -0.3362160229507220044, 0.2161193876803172986 ) ) ;
#1043 = CARTESIAN_POINT ( 'NONE',  ( 0.5561023622047244208, 0.0000000000000000000, 0.07086614173228346358 ) ) ;
#1044 = DIRECTION ( 'NONE',  ( 0.0000000000000000000, -0.9633091452789412923, 0.2683942820217222192 ) ) ;
#1045 = CARTESIAN_POINT ( 'NONE',  ( 0.2559055118110236116, -0.06299212598425196763, 0.06397637795275590289 ) ) ;
#1046 = EDGE_LOOP ( 'NONE', ( #988, #584, #1248, #1917, #12, #1652, #1795 ) ) ;
#1047 = LINE ( 'NONE', #428, #191 ) ;
#1048 = ORIENTED_EDGE ( 'NONE', *, *, #929, .T. ) ;
#1049 = ADVANCED_FACE ( 'NONE', ( #1511, #1254 ), #1233, .T. ) ;
#1050 = CARTESIAN_POINT ( 'NONE',  ( 0.5708661417322835607, 0.0000000000000000000, 0.0000000000000000000 ) ) ;
#1051 = FACE_OUTER_BOUND ( 'NONE', #1875, .T. ) ;
#1052 = PRESENTATION_STYLE_ASSIGNMENT (( #1809 ) ) ;
#1053 = PLANE ( 'NONE',  #317 ) ;
#1054 = LINE ( 'NONE', #1083, #1446 ) ;
#1055 = EDGE_LOOP ( 'NONE', ( #1019, #1402, #415, #215, #1416, #687 ) ) ;
#1056 = ORIENTED_EDGE ( 'NONE', *, *, #1330, .F. ) ;
#1057 = CARTESIAN_POINT ( 'NONE',  ( 0.2952755905511810774, 0.0000000000000000000, 0.0000000000000000000 ) ) ;
#1058 = FILL_AREA_STYLE_COLOUR ( '', #1227 ) ;
#1059 = AXIS2_PLACEMENT_3D ( 'NONE', #1124, #1730, #1442 ) ;
#1060 = FACE_OUTER_BOUND ( 'NONE', #72, .T. ) ;
#1061 = EDGE_CURVE ( 'NONE', #1038, #1354, #1367, .T. ) ;
#1062 = VECTOR ( 'NONE', #197, 39.37007874015748143 ) ;
#1063 = CARTESIAN_POINT ( 'NONE',  ( 0.05659448818897638150, -0.2147637795275590400, -0.02559055118110236185 ) ) ;
#1064 = EDGE_LOOP ( 'NONE', ( #1891, #1580, #405, #199, #296, #1740, #133, #318 ) ) ;
#1065 = PRESENTATION_LAYER_ASSIGNMENT (  '', '', ( #1002 ) ) ;
#1066 = DIRECTION ( 'NONE',  ( 0.0000000000000000000, -0.2683942820217224967, 0.9633091452789410702 ) ) ;
#1067 = MECHANICAL_DESIGN_GEOMETRIC_PRESENTATION_REPRESENTATION (  '', ( #1165 ), #1768 ) ;
#1068 = ORIENTED_EDGE ( 'NONE', *, *, #617, .F. ) ;
#1069 = VECTOR ( 'NONE', #1802, 39.37007874015748143 ) ;
#1070 = VECTOR ( 'NONE', #452, 39.37007874015748143 ) ;
#1071 = CARTESIAN_POINT ( 'NONE',  ( 0.05659448818897638150, -0.07775590551181103816, 0.06397637795275590289 ) ) ;
#1072 = SURFACE_STYLE_USAGE ( .BOTH. , #1388 ) ;
#1073 = EDGE_LOOP ( 'NONE', ( #1259, #335, #1333, #844 ) ) ;
#1074 = CARTESIAN_POINT ( 'NONE',  ( 0.09842519685039370636, -0.2613378725210980247, 0.1968503937007874127 ) ) ;
#1075 = EDGE_CURVE ( 'NONE', #1109, #933, #1710, .T. ) ;
#1076 = CARTESIAN_POINT ( 'NONE',  ( 0.1181102362204724532, 0.2125984251968504046, -0.2283464566929133688 ) ) ;
#1077 = CARTESIAN_POINT ( 'NONE',  ( 0.2559055118110236116, -0.06299212598425196763, -0.06397637795275590289 ) ) ;
#1078 = ORIENTED_EDGE ( 'NONE', *, *, #1947, .T. ) ;
#1079 = EDGE_CURVE ( 'NONE', #109, #1300, #1507, .T. ) ;
#1080 = DIRECTION ( 'NONE',  ( 1.000000000000000000, 0.0000000000000000000, 0.0000000000000000000 ) ) ;
#1081 = LINE ( 'NONE', #897, #1574 ) ;
#1082 = VERTEX_POINT ( 'NONE', #932 ) ;
#1083 = CARTESIAN_POINT ( 'NONE',  ( 0.0000000000000000000, -0.3363373974524866417, -0.2283464566929133688 ) ) ;
#1084 = DIRECTION ( 'NONE',  ( 1.000000000000000000, 0.0000000000000000000, 0.0000000000000000000 ) ) ;
#1085 = DIRECTION ( 'NONE',  ( 0.6401843996644798196, -0.7682212795973758501, 0.0000000000000000000 ) ) ;
#1086 = LINE ( 'NONE', #1226, #1288 ) ;
#1087 = ORIENTED_EDGE ( 'NONE', *, *, #248, .F. ) ;
#1088 = EDGE_CURVE ( 'NONE', #930, #385, #3, .T. ) ;
#1089 = EDGE_CURVE ( 'NONE', #1777, #849, #1974, .T. ) ;
#1090 = ORIENTED_EDGE ( 'NONE', *, *, #1025, .T. ) ;
#1091 = FACE_OUTER_BOUND ( 'NONE', #1, .T. ) ;
#1092 = CARTESIAN_POINT ( 'NONE',  ( 0.05659448818897638150, -0.2147637795275590400, 0.02559055118110236185 ) ) ;
#1093 = ORIENTED_EDGE ( 'NONE', *, *, #1655, .F. ) ;
#1094 = DIRECTION ( 'NONE',  ( 0.0000000000000000000, -1.000000000000000000, 0.0000000000000000000 ) ) ;
#1095 = CARTESIAN_POINT ( 'NONE',  ( 0.2440944881889763884, -0.2598425196850393526, 0.2182393582901964724 ) ) ;
#1096 = VECTOR ( 'NONE', #46, 39.37007874015748143 ) ;
#1097 = VECTOR ( 'NONE', #364, 39.37007874015748143 ) ;
#1098 = LINE ( 'NONE', #655, #765 ) ;
#1099 = LINE ( 'NONE', #326, #1918 ) ;
#1100 = EDGE_LOOP ( 'NONE', ( #1681, #573, #247, #1743 ) ) ;
#1101 = AXIS2_PLACEMENT_3D ( 'NONE', #1284, #521, #1422 ) ;
#1102 = CIRCLE ( 'NONE', #1477, 0.03937007874015747977 ) ;
#1103 = ORIENTED_EDGE ( 'NONE', *, *, #785, .T. ) ;
#1104 = DIRECTION ( 'NONE',  ( 0.0000000000000000000, 0.0000000000000000000, -1.000000000000000000 ) ) ;
#1105 = LINE ( 'NONE', #803, #1953 ) ;
#1106 = DIRECTION ( 'NONE',  ( 1.000000000000000000, -1.713307136767214878E-16, 0.0000000000000000000 ) ) ;
#1107 = CARTESIAN_POINT ( 'NONE',  ( 0.0000000000000000000, 0.0000000000000000000, 0.0000000000000000000 ) ) ;
#1108 = DIRECTION ( 'NONE',  ( -1.000000000000000000, 0.0000000000000000000, 0.0000000000000000000 ) ) ;
#1109 = VERTEX_POINT ( 'NONE', #1074 ) ;
#1110 = EDGE_LOOP ( 'NONE', ( #887, #1314, #70, #868, #1702, #808 ) ) ;
#1111 = CARTESIAN_POINT ( 'NONE',  ( 0.04183070866141732486, -0.2147637795275590400, -0.02559055118110236185 ) ) ;
#1112 = SHAPE_DEFINITION_REPRESENTATION ( #157, #1395 ) ;
#1113 = LINE ( 'NONE', #50, #29 ) ;
#1114 = EDGE_LOOP ( 'NONE', ( #1360, #1154, #943, #822, #1423, #1658 ) ) ;
#1115 = DIRECTION ( 'NONE',  ( 0.0000000000000000000, 0.0000000000000000000, 1.000000000000000000 ) ) ;
#1116 = CARTESIAN_POINT ( 'NONE',  ( 0.5314960629921260393, 0.0000000000000000000, 0.0000000000000000000 ) ) ;
#1117 = ORIENTED_EDGE ( 'NONE', *, *, #1794, .T. ) ;
#1118 = DIRECTION ( 'NONE',  ( 0.2588190451025219607, 0.9659258262890678681, 0.0000000000000000000 ) ) ;
#1119 = DIRECTION ( 'NONE',  ( -1.000000000000000000, 0.0000000000000000000, 0.0000000000000000000 ) ) ;
#1120 = DIRECTION ( 'NONE',  ( 0.0000000000000000000, 0.2683942820217221081, -0.9633091452789412923 ) ) ;
#1121 = EDGE_LOOP ( 'NONE', ( #1078, #1725, #299, #293, #533, #136, #876 ) ) ;
#1122 = CARTESIAN_POINT ( 'NONE',  ( 0.0000000000000000000, 0.1141732283464566844, -0.2283464566929133688 ) ) ;
#1123 = UNCERTAINTY_MEASURE_WITH_UNIT (LENGTH_MEASURE( 1.000000000000000082E-05 ), #1628, 'distance_accuracy_value', 'NONE');
#1124 = CARTESIAN_POINT ( 'NONE',  ( 0.2559055118110236116, 0.0000000000000000000, 0.0000000000000000000 ) ) ;
#1125 = VECTOR ( 'NONE', #919, 39.37007874015748143 ) ;
#1126 = ORIENTED_EDGE ( 'NONE', *, *, #728, .F. ) ;
#1127 = CIRCLE ( 'NONE', #1286, 0.03937007874015747977 ) ;
#1128 = VERTEX_POINT ( 'NONE', #1678 ) ;
#1129 = VECTOR ( 'NONE', #1677, 39.37007874015748143 ) ;
#1130 = TOROIDAL_SURFACE ( 'NONE', #905, 0.2027559055118110243, 0.03937007874015747977 ) ;
#1131 = AXIS2_PLACEMENT_3D ( 'NONE', #389, #1012, #973 ) ;
#1132 = DIRECTION ( 'NONE',  ( -1.000000000000000000, 0.0000000000000000000, 0.0000000000000000000 ) ) ;
#1133 = ORIENTED_EDGE ( 'NONE', *, *, #1209, .T. ) ;
#1134 = CARTESIAN_POINT ( 'NONE',  ( 0.5708661417322835607, 0.0000000000000000000, 0.0000000000000000000 ) ) ;
#1135 = CARTESIAN_POINT ( 'NONE',  ( 0.2308340371397492041, -0.4484000557728283765, 0.04921259842519685318 ) ) ;
#1136 = ORIENTED_EDGE ( 'NONE', *, *, #1901, .T. ) ;
#1137 = LINE ( 'NONE', #1305, #1221 ) ;
#1138 = ORIENTED_EDGE ( 'NONE', *, *, #1187, .T. ) ;
#1139 = LINE ( 'NONE', #960, #321 ) ;
#1140 = ORIENTED_EDGE ( 'NONE', *, *, #1296, .T. ) ;
#1141 = CARTESIAN_POINT ( 'NONE',  ( 0.09842519685039370636, -0.3362160229507220044, 0.2161193876803172986 ) ) ;
#1142 = FACE_OUTER_BOUND ( 'NONE', #838, .T. ) ;
#1143 = PLANE ( 'NONE',  #1600 ) ;
#1144 = ORIENTED_EDGE ( 'NONE', *, *, #796, .T. ) ;
#1145 = DIRECTION ( 'NONE',  ( 0.0000000000000000000, -0.9633091452789411813, -0.2683942820217221081 ) ) ;
#1146 = ORIENTED_EDGE ( 'NONE', *, *, #1632, .T. ) ;
#1147 = ADVANCED_FACE ( 'NONE', ( #944 ), #160, .F. ) ;
#1148 = EDGE_CURVE ( 'NONE', #1470, #712, #449, .T. ) ;
#1149 = LINE ( 'NONE', #1645, #1924 ) ;
#1150 = ORIENTED_EDGE ( 'NONE', *, *, #1005, .F. ) ;
#1151 = CARTESIAN_POINT ( 'NONE',  ( 0.0000000000000000000, 0.1141732283464566844, -0.1968503937007874127 ) ) ;
#1152 = DIMENSIONAL_EXPONENTS ( 1.000000000000000000, 0.0000000000000000000, 0.0000000000000000000, 0.0000000000000000000, 0.0000000000000000000, 0.0000000000000000000, 0.0000000000000000000 ) ;
#1153 = LINE ( 'NONE', #701, #1692 ) ;
#1154 = ORIENTED_EDGE ( 'NONE', *, *, #1028, .T. ) ;
#1155 = AXIS2_PLACEMENT_3D ( 'NONE', #1614, #81, #1357 ) ;
#1156 = DIRECTION ( 'NONE',  ( 0.0000000000000000000, 0.0000000000000000000, -1.000000000000000000 ) ) ;
#1157 = ORIENTED_EDGE ( 'NONE', *, *, #1667, .F. ) ;
#1158 = AXIS2_PLACEMENT_3D ( 'NONE', #1204, #1810, #1789 ) ;
#1159 = DIRECTION ( 'NONE',  ( -1.000000000000000000, 0.0000000000000000000, 0.0000000000000000000 ) ) ;
#1160 = CIRCLE ( 'NONE', #835, 0.1181102362204724532 ) ;
#1161 = ADVANCED_FACE ( 'NONE', ( #639 ), #487, .T. ) ;
#1162 = AXIS2_PLACEMENT_3D ( 'NONE', #997, #76, #821 ) ;
#1163 = CARTESIAN_POINT ( 'NONE',  ( 0.0000000000000000000, -0.2598425196850393526, 0.2086614173228346636 ) ) ;
#1164 = ORIENTED_EDGE ( 'NONE', *, *, #753, .F. ) ;
#1165 = STYLED_ITEM ( 'NONE', ( #1834 ), #1981 ) ;
#1166 = AXIS2_PLACEMENT_3D ( 'NONE', #991, #1132, #24 ) ;
#1167 = AXIS2_PLACEMENT_3D ( 'NONE', #724, #1336, #1449 ) ;
#1168 = DIRECTION ( 'NONE',  ( -1.000000000000000000, -0.0000000000000000000, -0.0000000000000000000 ) ) ;
#1169 = CARTESIAN_POINT ( 'NONE',  ( 0.5314960629921260393, 0.0000000000000000000, 0.0000000000000000000 ) ) ;
#1170 = ORIENTED_EDGE ( 'NONE', *, *, #704, .F. ) ;
#1171 = CARTESIAN_POINT ( 'NONE',  ( 0.09842519685039370636, -0.3683301133305039166, 0.2194327429073775759 ) ) ;
#1172 = DIMENSIONAL_EXPONENTS ( 1.000000000000000000, 0.0000000000000000000, 0.0000000000000000000, 0.0000000000000000000, 0.0000000000000000000, 0.0000000000000000000, 0.0000000000000000000 ) ;
#1173 = EDGE_LOOP ( 'NONE', ( #1968, #1563, #1350, #1721 ) ) ;
#1174 = LINE ( 'NONE', #409, #1478 ) ;
#1175 = DIRECTION ( 'NONE',  ( 0.0000000000000000000, 0.0000000000000000000, -1.000000000000000000 ) ) ;
#1176 = EDGE_CURVE ( 'NONE', #593, #957, #600, .T. ) ;
#1177 = EDGE_CURVE ( 'NONE', #1851, #126, #654, .T. ) ;
#1178 = CARTESIAN_POINT ( 'NONE',  ( 0.09842519685039370636, -0.2598425196850393526, 0.2086614173228346636 ) ) ;
#1179 = DIRECTION ( 'NONE',  ( 0.0000000000000000000, -0.9633091452789412923, -0.2683942820217222192 ) ) ;
#1180 = VERTEX_POINT ( 'NONE', #978 ) ;
#1181 = CARTESIAN_POINT ( 'NONE',  ( 0.05659448818897638150, -0.4566929133858267376, -0.06397637795275590289 ) ) ;
#1182 = ORIENTED_EDGE ( 'NONE', *, *, #55, .F. ) ;
#1183 = CARTESIAN_POINT ( 'NONE',  ( 0.2559055118110236116, 0.2125984251968504046, -0.2086614173228346636 ) ) ;
#1184 = DIRECTION ( 'NONE',  ( 0.0000000000000000000, -0.9684473325202980210, -0.2492183061781764741 ) ) ;
#1185 = CARTESIAN_POINT ( 'NONE',  ( 0.2502377932883684819, -0.3759842519685039353, 0.04921259842519685318 ) ) ;
#1186 = VERTEX_POINT ( 'NONE', #1887 ) ;
#1187 = EDGE_CURVE ( 'NONE', #689, #723, #818, .T. ) ;
#1188 = FACE_BOUND ( 'NONE', #1791, .T. ) ;
#1189 = ORIENTED_EDGE ( 'NONE', *, *, #1148, .F. ) ;
#1190 = AXIS2_PLACEMENT_3D ( 'NONE', #1880, #1168, #1760 ) ;
#1191 = DIRECTION ( 'NONE',  ( 0.0000000000000000000, 0.0000000000000000000, 1.000000000000000000 ) ) ;
#1192 = DIRECTION ( 'NONE',  ( 0.6401843996644798196, -0.7682212795973758501, 0.0000000000000000000 ) ) ;
#1193 = MECHANICAL_DESIGN_GEOMETRIC_PRESENTATION_REPRESENTATION (  '', ( #1854 ), #382 ) ;
#1194 = AXIS2_PLACEMENT_3D ( 'NONE', #37, #361, #827 ) ;
#1195 = VECTOR ( 'NONE', #331, 39.37007874015748143 ) ;
#1196 = CARTESIAN_POINT ( 'NONE',  ( 0.09842519685039370636, -0.3331749785438196665, -0.2169666742800417381 ) ) ;
#1197 = FACE_OUTER_BOUND ( 'NONE', #1765, .T. ) ;
#1198 = ORIENTED_EDGE ( 'NONE', *, *, #236, .T. ) ;
#1199 = CARTESIAN_POINT ( 'NONE',  ( 0.09842519685039370636, -0.2598425196850393526, 0.1968503937007874127 ) ) ;
#1200 = VERTEX_POINT ( 'NONE', #984 ) ;
#1201 = EDGE_CURVE ( 'NONE', #769, #1514, #68, .T. ) ;
#1202 =( NAMED_UNIT ( * ) PLANE_ANGLE_UNIT ( ) SI_UNIT ( $, .RADIAN. ) );
#1203 = SURFACE_SIDE_STYLE ('',( #402 ) ) ;
#1204 = CARTESIAN_POINT ( 'NONE',  ( 0.5561023622047244208, 0.0000000000000000000, 0.0000000000000000000 ) ) ;
#1205 = DIRECTION ( 'NONE',  ( 0.0000000000000000000, -0.2492183061781764741, -0.9684473325202980210 ) ) ;
#1206 = ORIENTED_EDGE ( 'NONE', *, *, #127, .F. ) ;
#1207 = SURFACE_STYLE_USAGE ( .BOTH. , #1471 ) ;
#1208 = EDGE_LOOP ( 'NONE', ( #78, #1306, #1434, #1056 ) ) ;
#1209 = EDGE_CURVE ( 'NONE', #177, #1848, #1430, .T. ) ;
#1210 = FACE_OUTER_BOUND ( 'NONE', #1492, .T. ) ;
#1211 = ADVANCED_FACE ( 'NONE', ( #178 ), #45, .F. ) ;
#1212 = CARTESIAN_POINT ( 'NONE',  ( 0.05659448818897638150, -0.2147637795275590400, 0.02559055118110236185 ) ) ;
#1213 = LINE ( 'NONE', #412, #969 ) ;
#1214 = CARTESIAN_POINT ( 'NONE',  ( 0.04183070866141732486, -0.1763779527559055094, -0.06397637795275590289 ) ) ;
#1215 = ORIENTED_EDGE ( 'NONE', *, *, #17, .T. ) ;
#1216 = VERTEX_POINT ( 'NONE', #1141 ) ;
#1217 = SURFACE_STYLE_FILL_AREA ( #604 ) ;
#1218 = LINE ( 'NONE', #473, #1125 ) ;
#1219 = AXIS2_PLACEMENT_3D ( 'NONE', #1570, #38, #1869 ) ;
#1220 = ORIENTED_EDGE ( 'NONE', *, *, #1643, .T. ) ;
#1221 = VECTOR ( 'NONE', #831, 39.37007874015748143 ) ;
#1222 = CARTESIAN_POINT ( 'NONE',  ( 0.2559055118110236116, 0.0000000000000000000, 0.0000000000000000000 ) ) ;
#1223 = STYLED_ITEM ( 'NONE', ( #634 ), #1395 ) ;
#1224 = VECTOR ( 'NONE', #1106, 39.37007874015748143 ) ;
#1225 = DIRECTION ( 'NONE',  ( 1.000000000000000000, 0.0000000000000000000, 0.0000000000000000000 ) ) ;
#1226 = CARTESIAN_POINT ( 'NONE',  ( 0.2559055118110236116, -0.4121843195036803964, 0.1949533305431350172 ) ) ;
#1227 = COLOUR_RGB ( '',1.000000000000000000, 0.0000000000000000000, 0.0000000000000000000 ) ;
#1228 = VERTEX_POINT ( 'NONE', #1587 ) ;
#1229 = AXIS2_PLACEMENT_3D ( 'NONE', #329, #781, #1371 ) ;
#1230 = PLANE ( 'NONE',  #451 ) ;
#1231 = PLANE ( 'NONE',  #1799 ) ;
#1232 = ADVANCED_FACE ( 'NONE', ( #1268 ), #1275, .F. ) ;
#1233 = PLANE ( 'NONE',  #710 ) ;
#1234 = ADVANCED_FACE ( 'NONE', ( #212 ), #56, .F. ) ;
#1235 = ADVANCED_FACE ( 'NONE', ( #1750 ), #993, .T. ) ;
#1236 = DIRECTION ( 'NONE',  ( 1.000000000000000000, -1.196361017915039732E-16, 0.0000000000000000000 ) ) ;
#1237 = LINE ( 'NONE', #1861, #1569 ) ;
#1238 = EDGE_LOOP ( 'NONE', ( #1327, #1716, #1215, #1883 ) ) ;
#1239 = VERTEX_POINT ( 'NONE', #953 ) ;
#1240 = CARTESIAN_POINT ( 'NONE',  ( 0.2559055118110236116, -0.07775590551181103816, -0.06397637795275590289 ) ) ;
#1241 = DIRECTION ( 'NONE',  ( 0.0000000000000000000, 0.0000000000000000000, -1.000000000000000000 ) ) ;
#1242 = CARTESIAN_POINT ( 'NONE',  ( 0.2559055118110236116, -0.3331673862475055259, 0.2169687896226897561 ) ) ;
#1243 = CARTESIAN_POINT ( 'NONE',  ( 0.05659448818897638150, -0.4566929133858267376, -0.06397637795275590289 ) ) ;
#1244 = FACE_OUTER_BOUND ( 'NONE', #1110, .T. ) ;
#1245 = CARTESIAN_POINT ( 'NONE',  ( 0.09842519685039370636, 0.2125984251968504046, -0.1968503937007874127 ) ) ;
#1246 = EDGE_LOOP ( 'NONE', ( #832, #1140, #503, #1630, #437, #354 ) ) ;
#1247 = ADVANCED_FACE ( 'NONE', ( #1595 ), #542, .F. ) ;
#1248 = ORIENTED_EDGE ( 'NONE', *, *, #34, .F. ) ;
#1249 = CYLINDRICAL_SURFACE ( 'NONE', #1699, 0.04921259842519685318 ) ;
#1250 = SURFACE_STYLE_FILL_AREA ( #1583 ) ;
#1251 = CARTESIAN_POINT ( 'NONE',  ( 0.0000000000000000000, -0.3679473845827291312, -0.2195393776341126313 ) ) ;
#1252 = LINE ( 'NONE', #1557, #1195 ) ;
#1253 = ORIENTED_EDGE ( 'NONE', *, *, #1375, .T. ) ;
#1254 = FACE_BOUND ( 'NONE', #1771, .T. ) ;
#1255 = AXIS2_PLACEMENT_3D ( 'NONE', #227, #1742, #1461 ) ;
#1256 = CIRCLE ( 'NONE', #679, 0.1633858267716535584 ) ;
#1257 = PLANE ( 'NONE',  #1407 ) ;
#1258 = CARTESIAN_POINT ( 'NONE',  ( 0.2559055118110236116, 0.2125984251968504046, -0.2086614173228346636 ) ) ;
#1259 = ORIENTED_EDGE ( 'NONE', *, *, #1079, .T. ) ;
#1260 = VECTOR ( 'NONE', #1898, 39.37007874015748143 ) ;
#1261 = AXIS2_PLACEMENT_3D ( 'NONE', #1555, #1271, #33 ) ;
#1262 = ORIENTED_EDGE ( 'NONE', *, *, #880, .F. ) ;
#1263 = CARTESIAN_POINT ( 'NONE',  ( 0.2755905511811023723, -0.3333080867631669220, -0.04921259842519685318 ) ) ;
#1264 =( NAMED_UNIT ( * ) SI_UNIT ( $, .STERADIAN. ) SOLID_ANGLE_UNIT ( ) );
#1265 = EDGE_CURVE ( 'NONE', #952, #1589, #1559, .T. ) ;
#1266 = LINE ( 'NONE', #1748, #1385 ) ;
#1267 = ORIENTED_EDGE ( 'NONE', *, *, #1582, .F. ) ;
#1268 = FACE_OUTER_BOUND ( 'NONE', #1311, .T. ) ;
#1269 = DIRECTION ( 'NONE',  ( 0.0000000000000000000, 0.0000000000000000000, -1.000000000000000000 ) ) ;
#1270 = VERTEX_POINT ( 'NONE', #692 ) ;
#1271 = DIRECTION ( 'NONE',  ( 1.000000000000000000, 0.0000000000000000000, 0.0000000000000000000 ) ) ;
#1272 = APPLICATION_PROTOCOL_DEFINITION ( 'draft international standard', 'automotive_design', 1998, #255 ) ;
#1273 = CARTESIAN_POINT ( 'NONE',  ( 0.2559055118110236116, 0.2125984251968504046, -0.2086614173228346636 ) ) ;
#1274 = VERTEX_POINT ( 'NONE', #1151 ) ;
#1275 = PLANE ( 'NONE',  #1101 ) ;
#1276 = DIRECTION ( 'NONE',  ( 1.000000000000000000, 0.0000000000000000000, 0.0000000000000000000 ) ) ;
#1277 = ORIENTED_EDGE ( 'NONE', *, *, #1283, .F. ) ;
#1278 = DIRECTION ( 'NONE',  ( 0.0000000000000000000, -0.2683942820217221081, 0.9633091452789412923 ) ) ;
#1279 = ORIENTED_EDGE ( 'NONE', *, *, #306, .T. ) ;
#1280 = DIMENSIONAL_EXPONENTS ( 1.000000000000000000, 0.0000000000000000000, 0.0000000000000000000, 0.0000000000000000000, 0.0000000000000000000, 0.0000000000000000000, 0.0000000000000000000 ) ;
#1281 = CARTESIAN_POINT ( 'NONE',  ( 0.05659448818897638150, -0.4409448818897637734, 0.02559055118110236185 ) ) ;
#1282 = ORIENTED_EDGE ( 'NONE', *, *, #1363, .F. ) ;
#1283 = EDGE_CURVE ( 'NONE', #1200, #1848, #662, .T. ) ;
#1284 = CARTESIAN_POINT ( 'NONE',  ( 0.2559055118110236116, 0.2125984251968504046, -0.2086614173228346636 ) ) ;
#1285 = DIRECTION ( 'NONE',  ( 0.7682212795973758501, 0.6401843996644799306, -9.254524225434098698E-17 ) ) ;
#1286 = AXIS2_PLACEMENT_3D ( 'NONE', #935, #477, #1700 ) ;
#1287 = ORIENTED_EDGE ( 'NONE', *, *, #1498, .F. ) ;
#1288 = VECTOR ( 'NONE', #778, 39.37007874015748143 ) ;
#1289 = VERTEX_POINT ( 'NONE', #1607 ) ;
#1290 = FILL_AREA_STYLE_COLOUR ( '', #650 ) ;
#1291 = AXIS2_PLACEMENT_3D ( 'NONE', #1548, #20, #506 ) ;
#1292 = PLANE ( 'NONE',  #288 ) ;
#1293 = EDGE_LOOP ( 'NONE', ( #702, #1882, #1931, #36 ) ) ;
#1294 = LINE ( 'NONE', #1443, #1408 ) ;
#1295 = ORIENTED_EDGE ( 'NONE', *, *, #1487, .F. ) ;
#1296 = EDGE_CURVE ( 'NONE', #1676, #1004, #1007, .T. ) ;
#1297 = EDGE_CURVE ( 'NONE', #44, #1641, #1460, .T. ) ;
#1298 = EDGE_LOOP ( 'NONE', ( #173, #1546, #1432, #1808 ) ) ;
#1299 = DIRECTION ( 'NONE',  ( -1.000000000000000000, 1.196361017915039732E-16, 0.0000000000000000000 ) ) ;
#1300 = VERTEX_POINT ( 'NONE', #665 ) ;
#1301 = UNCERTAINTY_MEASURE_WITH_UNIT (LENGTH_MEASURE( 1.000000000000000082E-05 ), #1417, 'distance_accuracy_value', 'NONE');
#1302 = DIRECTION ( 'NONE',  ( 0.0000000000000000000, 0.0000000000000000000, 1.000000000000000000 ) ) ;
#1303 = LINE ( 'NONE', #180, #319 ) ;
#1304 = EDGE_LOOP ( 'NONE', ( #1267, #845, #539, #1913 ) ) ;
#1305 = CARTESIAN_POINT ( 'NONE',  ( 0.2440944881889763884, -0.2970618216019972890, -0.1968503937007874127 ) ) ;
#1306 = ORIENTED_EDGE ( 'NONE', *, *, #140, .F. ) ;
#1307 = PLANE ( 'NONE',  #1668 ) ;
#1308 = ORIENTED_EDGE ( 'NONE', *, *, #141, .F. ) ;
#1309 = DIRECTION ( 'NONE',  ( 1.000000000000000000, 0.0000000000000000000, 0.0000000000000000000 ) ) ;
#1310 = PLANE ( 'NONE',  #1001 ) ;
#1311 = EDGE_LOOP ( 'NONE', ( #621, #1547, #229, #1942, #1786, #244, #1206, #1737 ) ) ;
#1312 = VECTOR ( 'NONE', #270, 39.37007874015748143 ) ;
#1313 = LENGTH_MEASURE_WITH_UNIT ( LENGTH_MEASURE( 0.02539999999999999897 ), #417 );
#1314 = ORIENTED_EDGE ( 'NONE', *, *, #1971, .F. ) ;
#1315 = AXIS2_PLACEMENT_3D ( 'NONE', #1242, #168, #635 ) ;
#1316 = DIRECTION ( 'NONE',  ( 0.0000000000000000000, 0.0000000000000000000, -1.000000000000000000 ) ) ;
#1317 = AXIS2_PLACEMENT_3D ( 'NONE', #1401, #1531, #1821 ) ;
#1318 = EDGE_CURVE ( 'NONE', #1558, #1186, #1892, .T. ) ;
#1319 = VECTOR ( 'NONE', #1541, 39.37007874015748143 ) ;
#1320 = LINE ( 'NONE', #1770, #194 ) ;
#1321 = CARTESIAN_POINT ( 'NONE',  ( 0.04183070866141732486, -0.4409448818897637734, 0.02559055118110236185 ) ) ;
#1322 = AXIS2_PLACEMENT_3D ( 'NONE', #625, #1979, #289 ) ;
#1323 = CARTESIAN_POINT ( 'NONE',  ( 0.2559055118110236116, -0.2598425196850393526, 0.2086614173228346636 ) ) ;
#1324 = PLANE ( 'NONE',  #1980 ) ;
#1325 = ORIENTED_EDGE ( 'NONE', *, *, #645, .T. ) ;
#1326 = FACE_OUTER_BOUND ( 'NONE', #983, .T. ) ;
#1327 = ORIENTED_EDGE ( 'NONE', *, *, #1374, .F. ) ;
#1328 = FACE_OUTER_BOUND ( 'NONE', #438, .T. ) ;
#1329 = DIRECTION ( 'NONE',  ( 0.0000000000000000000, 1.000000000000000000, -1.445602896647339903E-16 ) ) ;
#1330 = EDGE_CURVE ( 'NONE', #933, #1851, #205, .T. ) ;
#1331 = FACE_OUTER_BOUND ( 'NONE', #1010, .T. ) ;
#1332 = DIRECTION ( 'NONE',  ( 1.000000000000000000, 0.0000000000000000000, 0.0000000000000000000 ) ) ;
#1333 = ORIENTED_EDGE ( 'NONE', *, *, #456, .F. ) ;
#1334 = CARTESIAN_POINT ( 'NONE',  ( 0.04921259842519685318, -0.2767803777256799269, 0.1076732991471153617 ) ) ;
#1335 = EDGE_LOOP ( 'NONE', ( #1594, #527, #903, #1421 ) ) ;
#1336 = DIRECTION ( 'NONE',  ( -1.000000000000000000, 4.953587987280330304E-16, 1.380153710564587874E-16 ) ) ;
#1337 = DIRECTION ( 'NONE',  ( -1.000000000000000000, 0.0000000000000000000, 0.0000000000000000000 ) ) ;
#1338 = PLANE ( 'NONE',  #117 ) ;
#1339 = ORIENTED_EDGE ( 'NONE', *, *, #1439, .F. ) ;
#1340 = DIRECTION ( 'NONE',  ( -1.000000000000000000, 0.0000000000000000000, 0.0000000000000000000 ) ) ;
#1341 = ORIENTED_EDGE ( 'NONE', *, *, #509, .F. ) ;
#1342 = VECTOR ( 'NONE', #392, 39.37007874015748854 ) ;
#1343 = VECTOR ( 'NONE', #1285, 39.37007874015748143 ) ;
#1344 =( CONVERSION_BASED_UNIT ( 'INCH', #733 ) LENGTH_UNIT ( ) NAMED_UNIT ( #693 ) );
#1345 = LINE ( 'NONE', #561, #898 ) ;
#1346 = CIRCLE ( 'NONE', #1666, 0.1633858267716535584 ) ;
#1347 = STYLED_ITEM ( 'NONE', ( #1653 ), #1415 ) ;
#1348 = DIRECTION ( 'NONE',  ( -0.2588190451025219607, -0.9659258262890678681, 0.0000000000000000000 ) ) ;
#1349 = DIRECTION ( 'NONE',  ( -1.000000000000000000, -0.0000000000000000000, -0.0000000000000000000 ) ) ;
#1350 = ORIENTED_EDGE ( 'NONE', *, *, #1355, .T. ) ;
#1351 = VECTOR ( 'NONE', #391, 39.37007874015748143 ) ;
#1352 = DIRECTION ( 'NONE',  ( 0.0000000000000000000, 0.0000000000000000000, 1.000000000000000000 ) ) ;
#1353 = EDGE_CURVE ( 'NONE', #1833, #41, #388, .T. ) ;
#1354 = VERTEX_POINT ( 'NONE', #1171 ) ;
#1355 = EDGE_CURVE ( 'NONE', #126, #780, #226, .T. ) ;
#1356 = DIRECTION ( 'NONE',  ( 0.0000000000000000000, 0.9684473325202980210, 0.2492183061781764741 ) ) ;
#1357 = DIRECTION ( 'NONE',  ( 1.000000000000000000, 0.0000000000000000000, 0.0000000000000000000 ) ) ;
#1358 = LINE ( 'NONE', #582, #379 ) ;
#1359 = LINE ( 'NONE', #1095, #613 ) ;
#1360 = ORIENTED_EDGE ( 'NONE', *, *, #127, .T. ) ;
#1361 = CARTESIAN_POINT ( 'NONE',  ( 0.2559055118110236116, -0.2598425196850393526, 0.1964655825825909752 ) ) ;
#1362 = ORIENTED_EDGE ( 'NONE', *, *, #963, .F. ) ;
#1363 = EDGE_CURVE ( 'NONE', #336, #1871, #1346, .T. ) ;
#1364 = FACE_OUTER_BOUND ( 'NONE', #1293, .T. ) ;
#1365 = ADVANCED_FACE ( 'NONE', ( #110 ), #910, .T. ) ;
#1366 = VERTEX_POINT ( 'NONE', #1969 ) ;
#1367 = LINE ( 'NONE', #492, #836 ) ;
#1368 = DIRECTION ( 'NONE',  ( 0.0000000000000000000, 0.0000000000000000000, -1.000000000000000000 ) ) ;
#1369 = ORIENTED_EDGE ( 'NONE', *, *, #1439, .T. ) ;
#1370 = EDGE_CURVE ( 'NONE', #1481, #174, #1824, .T. ) ;
#1371 = DIRECTION ( 'NONE',  ( 0.0000000000000000000, -1.000000000000000000, 1.445602896647339903E-16 ) ) ;
#1372 = LINE ( 'NONE', #1516, #1418 ) ;
#1373 = STYLED_ITEM ( 'NONE', ( #1052 ), #67 ) ;
#1374 = EDGE_CURVE ( 'NONE', #965, #1806, #1932, .T. ) ;
#1375 = EDGE_CURVE ( 'NONE', #930, #1366, #590, .T. ) ;
#1376 = AXIS2_PLACEMENT_3D ( 'NONE', #807, #1225, #1269 ) ;
#1377 = VERTEX_POINT ( 'NONE', #431 ) ;
#1378 = CIRCLE ( 'NONE', #1032, 0.07086614173228346358 ) ;
#1379 = DIRECTION ( 'NONE',  ( -5.142261974317639953E-16, -0.9633091452789410702, -0.2683942820217224967 ) ) ;
#1380 =( GEOMETRIC_REPRESENTATION_CONTEXT ( 3 ) GLOBAL_UNCERTAINTY_ASSIGNED_CONTEXT ( ( #1440 ) ) GLOBAL_UNIT_ASSIGNED_CONTEXT ( ( #659, #358, #974 ) ) REPRESENTATION_CONTEXT ( 'NONE', 'WORKASPACE' ) );
#1381 = VECTOR ( 'NONE', #962, 39.37007874015748143 ) ;
#1382 = CARTESIAN_POINT ( 'NONE',  ( 0.04183070866141732486, -0.06299212598425196763, 0.06397637795275590289 ) ) ;
#1383 = CARTESIAN_POINT ( 'NONE',  ( 0.2755905511811023723, -0.3333080867631669220, -0.04921259842519685318 ) ) ;
#1384 = ORIENTED_EDGE ( 'NONE', *, *, #695, .T. ) ;
#1385 = VECTOR ( 'NONE', #660, 39.37007874015748143 ) ;
#1386 = VECTOR ( 'NONE', #401, 39.37007874015748143 ) ;
#1387 = ORIENTED_EDGE ( 'NONE', *, *, #668, .F. ) ;
#1388 = SURFACE_SIDE_STYLE ('',( #1217 ) ) ;
#1389 = PLANE ( 'NONE',  #1315 ) ;
#1390 = ORIENTED_EDGE ( 'NONE', *, *, #1706, .F. ) ;
#1391 = DIRECTION ( 'NONE',  ( -1.000000000000000000, -0.0000000000000000000, -0.0000000000000000000 ) ) ;
#1392 = DIRECTION ( 'NONE',  ( 0.0000000000000000000, 0.0000000000000000000, 1.000000000000000000 ) ) ;
#1393 = DIRECTION ( 'NONE',  ( 0.0000000000000000000, -1.000000000000000000, 1.445602896647339903E-16 ) ) ;
#1394 = ORIENTED_EDGE ( 'NONE', *, *, #500, .F. ) ;
#1395 = ADVANCED_BREP_SHAPE_REPRESENTATION ( 'CUI_DEVICES_RCJ-012', ( #622, #193 ), #1380 ) ;
#1396 = ORIENTED_EDGE ( 'NONE', *, *, #629, .T. ) ;
#1397 = CARTESIAN_POINT ( 'NONE',  ( 0.2559055118110235560, 2.483043706932625697E-17, -0.2027559055118110243 ) ) ;
#1398 = ORIENTED_EDGE ( 'NONE', *, *, #77, .T. ) ;
#1399 = LINE ( 'NONE', #1671, #1982 ) ;
#1400 = DIRECTION ( 'NONE',  ( 0.0000000000000000000, -0.2683942820217224967, 0.9633091452789410702 ) ) ;
#1401 = CARTESIAN_POINT ( 'NONE',  ( 0.2559055118110236116, 0.0000000000000000000, 0.0000000000000000000 ) ) ;
#1402 = ORIENTED_EDGE ( 'NONE', *, *, #575, .T. ) ;
#1403 = CARTESIAN_POINT ( 'NONE',  ( 0.05659448818897638150, -0.4566929133858267376, 0.06397637795275590289 ) ) ;
#1404 = PRODUCT_CONTEXT ( 'NONE', #255, 'mechanical' ) ;
#1405 = LINE ( 'NONE', #816, #524 ) ;
#1406 = VERTEX_POINT ( 'NONE', #297 ) ;
#1407 = AXIS2_PLACEMENT_3D ( 'NONE', #1382, #1719, #1236 ) ;
#1408 = VECTOR ( 'NONE', #536, 39.37007874015748143 ) ;
#1409 = CARTESIAN_POINT ( 'NONE',  ( 0.09842519685039370636, -0.3363373974524866417, -0.2283464566929133688 ) ) ;
#1410 =( NAMED_UNIT ( * ) SI_UNIT ( $, .STERADIAN. ) SOLID_ANGLE_UNIT ( ) );
#1411 = ORIENTED_EDGE ( 'NONE', *, *, #1075, .T. ) ;
#1412 = VECTOR ( 'NONE', #1785, 39.37007874015748143 ) ;
#1413 = ADVANCED_FACE ( 'NONE', ( #1483 ), #888, .F. ) ;
#1414 = VECTOR ( 'NONE', #1329, 39.37007874015748143 ) ;
#1415 = ADVANCED_FACE ( 'NONE', ( #1328 ), #101, .F. ) ;
#1416 = ORIENTED_EDGE ( 'NONE', *, *, #1265, .T. ) ;
#1417 =( CONVERSION_BASED_UNIT ( 'INCH', #138 ) LENGTH_UNIT ( ) NAMED_UNIT ( #209 ) );
#1418 = VECTOR ( 'NONE', #1356, 39.37007874015748143 ) ;
#1419 =( NAMED_UNIT ( * ) PLANE_ANGLE_UNIT ( ) SI_UNIT ( $, .RADIAN. ) );
#1420 = LINE ( 'NONE', #43, #158 ) ;
#1421 = ORIENTED_EDGE ( 'NONE', *, *, #1682, .T. ) ;
#1422 = DIRECTION ( 'NONE',  ( 0.0000000000000000000, 0.0000000000000000000, -1.000000000000000000 ) ) ;
#1423 = ORIENTED_EDGE ( 'NONE', *, *, #394, .F. ) ;
#1424 = CARTESIAN_POINT ( 'NONE',  ( 0.09842519685039370636, -0.2598425196850393526, 0.2086614173228346636 ) ) ;
#1425 = EDGE_CURVE ( 'NONE', #1038, #44, #320, .T. ) ;
#1426 = CARTESIAN_POINT ( 'NONE',  ( 0.2559055118110236116, -0.2598425196850393526, -0.1968503937007874127 ) ) ;
#1427 = LINE ( 'NONE', #667, #386 ) ;
#1428 = DIRECTION ( 'NONE',  ( -1.000000000000000000, 0.0000000000000000000, 0.0000000000000000000 ) ) ;
#1429 = VERTEX_POINT ( 'NONE', #166 ) ;
#1430 = LINE ( 'NONE', #202, #1260 ) ;
#1431 =( CONVERSION_BASED_UNIT ( 'INCH', #353 ) LENGTH_UNIT ( ) NAMED_UNIT ( #1280 ) );
#1432 = ORIENTED_EDGE ( 'NONE', *, *, #668, .T. ) ;
#1433 = CARTESIAN_POINT ( 'NONE',  ( 0.2440944881889763884, -0.2970618216019972890, 0.2182393582901964724 ) ) ;
#1434 = ORIENTED_EDGE ( 'NONE', *, *, #904, .T. ) ;
#1435 = DIRECTION ( 'NONE',  ( 0.7682212795973758501, 0.6401843996644799306, -9.254524225434098698E-17 ) ) ;
#1436 = VERTEX_POINT ( 'NONE', #959 ) ;
#1437 = ADVANCED_FACE ( 'NONE', ( #1091 ), #185, .T. ) ;
#1438 = DIRECTION ( 'NONE',  ( 0.0000000000000000000, 0.0000000000000000000, 1.000000000000000000 ) ) ;
#1439 = EDGE_CURVE ( 'NONE', #1436, #1200, #497, .T. ) ;
#1440 = UNCERTAINTY_MEASURE_WITH_UNIT (LENGTH_MEASURE( 1.000000000000000082E-05 ), #659, 'distance_accuracy_value', 'NONE');
#1441 = MECHANICAL_DESIGN_GEOMETRIC_PRESENTATION_REPRESENTATION (  '', ( #1373 ), #19 ) ;
#1442 = DIRECTION ( 'NONE',  ( 0.0000000000000000000, 0.0000000000000000000, -1.000000000000000000 ) ) ;
#1443 = CARTESIAN_POINT ( 'NONE',  ( 0.5708661417322835607, 0.0000000000000000000, 0.1181102362204724532 ) ) ;
#1444 = CIRCLE ( 'NONE', #1761, 0.07086614173228346358 ) ;
#1445 = EDGE_LOOP ( 'NONE', ( #1144, #25, #1571, #811 ) ) ;
#1446 = VECTOR ( 'NONE', #442, 39.37007874015748143 ) ;
#1447 = EDGE_LOOP ( 'NONE', ( #784, #1027, #332, #257 ) ) ;
#1448 = VECTOR ( 'NONE', #684, 39.37007874015748143 ) ;
#1449 = DIRECTION ( 'NONE',  ( -4.953587987280330304E-16, -1.000000000000000000, 0.0000000000000000000 ) ) ;
#1450 = ORIENTED_EDGE ( 'NONE', *, *, #1707, .F. ) ;
#1451 = DIRECTION ( 'NONE',  ( 0.0000000000000000000, 1.000000000000000000, 1.445602896647339903E-16 ) ) ;
#1452 = DIRECTION ( 'NONE',  ( 0.0000000000000000000, -0.2683942820217224967, 0.9633091452789410702 ) ) ;
#1453 = CARTESIAN_POINT ( 'NONE',  ( 0.0000000000000000000, 0.1141732283464566844, 0.1968503937007874127 ) ) ;
#1454 = VERTEX_POINT ( 'NONE', #1978 ) ;
#1455 = LINE ( 'NONE', #374, #1062 ) ;
#1456 = ORIENTED_EDGE ( 'NONE', *, *, #366, .T. ) ;
#1457 = CYLINDRICAL_SURFACE ( 'NONE', #773, 0.04921259842519685318 ) ;
#1458 = LINE ( 'NONE', #71, #421 ) ;
#1459 = EDGE_LOOP ( 'NONE', ( #360, #508, #1512, #1456 ) ) ;
#1460 = LINE ( 'NONE', #697, #1635 ) ;
#1461 = DIRECTION ( 'NONE',  ( 0.0000000000000000000, 0.0000000000000000000, -1.000000000000000000 ) ) ;
#1462 = DIRECTION ( 'NONE',  ( 0.0000000000000000000, 0.2683942820217221636, -0.9633091452789412923 ) ) ;
#1463 = ORIENTED_EDGE ( 'NONE', *, *, #1784, .F. ) ;
#1464 = CARTESIAN_POINT ( 'NONE',  ( 0.04183070866141732486, -0.06299212598425196763, 0.06397637795275590289 ) ) ;
#1465 = ORIENTED_EDGE ( 'NONE', *, *, #815, .T. ) ;
#1466 = CARTESIAN_POINT ( 'NONE',  ( 0.2559055118110236116, 8.678599364036359818E-18, -0.07086614173228346358 ) ) ;
#1467 = CYLINDRICAL_SURFACE ( 'NONE', #446, 0.04921259842519685318 ) ;
#1468 = DIRECTION ( 'NONE',  ( 0.0000000000000000000, 1.000000000000000000, 0.0000000000000000000 ) ) ;
#1469 = CARTESIAN_POINT ( 'NONE',  ( 0.04921259842519685318, -0.3683301133305039166, 0.2194327429073775759 ) ) ;
#1470 = VERTEX_POINT ( 'NONE', #1397 ) ;
#1471 = SURFACE_SIDE_STYLE ('',( #566 ) ) ;
#1472 = ORIENTED_EDGE ( 'NONE', *, *, #1088, .T. ) ;
#1473 = ADVANCED_FACE ( 'NONE', ( #10 ), #1230, .T. ) ;
#1474 = PRODUCT_DEFINITION_FORMATION_WITH_SPECIFIED_SOURCE ( 'ANY', '', #9, .NOT_KNOWN. ) ;
#1475 = AXIS2_PLACEMENT_3D ( 'NONE', #878, #1930, #886 ) ;
#1476 = CARTESIAN_POINT ( 'NONE',  ( 0.2308340371397492041, -0.4484000557728283765, -0.04921259842519685318 ) ) ;
#1477 = AXIS2_PLACEMENT_3D ( 'NONE', #949, #658, #485 ) ;
#1478 = VECTOR ( 'NONE', #80, 39.37007874015748854 ) ;
#1479 = FACE_OUTER_BOUND ( 'NONE', #75, .T. ) ;
#1480 = ORIENTED_EDGE ( 'NONE', *, *, #1201, .F. ) ;
#1481 = VERTEX_POINT ( 'NONE', #151 ) ;
#1482 = ADVANCED_FACE ( 'NONE', ( #1842 ), #633, .F. ) ;
#1483 = FACE_OUTER_BOUND ( 'NONE', #1298, .T. ) ;
#1484 = FACE_OUTER_BOUND ( 'NONE', #1046, .T. ) ;
#1485 = DIRECTION ( 'NONE',  ( 0.0000000000000000000, -0.9633091452789412923, -0.2683942820217222192 ) ) ;
#1486 = ADVANCED_FACE ( 'NONE', ( #800 ), #1249, .T. ) ;
#1487 = EDGE_CURVE ( 'NONE', #103, #1239, #351, .T. ) ;
#1488 = CARTESIAN_POINT ( 'NONE',  ( 0.2559055118110236116, -0.2627860429863562719, -0.1972230630017287323 ) ) ;
#1489 = DIRECTION ( 'NONE',  ( 0.0000000000000000000, 0.2683942820217221636, 0.9633091452789412923 ) ) ;
#1490 = ORIENTED_EDGE ( 'NONE', *, *, #1496, .T. ) ;
#1491 = DIRECTION ( 'NONE',  ( 0.0000000000000000000, 0.0000000000000000000, -1.000000000000000000 ) ) ;
#1492 = EDGE_LOOP ( 'NONE', ( #1940, #1606, #530, #947, #274, #779 ) ) ;
#1493 = DIRECTION ( 'NONE',  ( 0.0000000000000000000, 0.0000000000000000000, 1.000000000000000000 ) ) ;
#1494 = CARTESIAN_POINT ( 'NONE',  ( 0.09842519685039370636, -0.2767803777256799269, 0.1076732991471153617 ) ) ;
#1495 = ORIENTED_EDGE ( 'NONE', *, *, #1717, .F. ) ;
#1496 = EDGE_CURVE ( 'NONE', #712, #1871, #1102, .T. ) ;
#1497 = DIRECTION ( 'NONE',  ( 5.204538630770501756E-16, 0.9633091452789411813, -0.2683942820217221081 ) ) ;
#1498 = EDGE_CURVE ( 'NONE', #1514, #537, #1872, .T. ) ;
#1499 = DIRECTION ( 'NONE',  ( 0.0000000000000000000, 0.9684473325202980210, -0.2492183061781764741 ) ) ;
#1500 = ORIENTED_EDGE ( 'NONE', *, *, #1374, .T. ) ;
#1501 = CARTESIAN_POINT ( 'NONE',  ( 0.5561023622047244208, 8.678599364036359818E-18, -0.07086614173228346358 ) ) ;
#1502 = ORIENTED_EDGE ( 'NONE', *, *, #968, .T. ) ;
#1503 = CIRCLE ( 'NONE', #22, 0.04921259842519685318 ) ;
#1504 = CARTESIAN_POINT ( 'NONE',  ( 0.2308340371397492041, -0.4484000557728283765, 0.04921259842519685318 ) ) ;
#1505 = VECTOR ( 'NONE', #1332, 39.37007874015748143 ) ;
#1506 = CARTESIAN_POINT ( 'NONE',  ( 0.2559055118110236116, 0.0000000000000000000, 0.0000000000000000000 ) ) ;
#1507 = CIRCLE ( 'NONE', #1921, 0.04921259842519685318 ) ;
#1508 = AXIS2_PLACEMENT_3D ( 'NONE', #837, #652, #1896 ) ;
#1509 = DIRECTION ( 'NONE',  ( 1.000000000000000000, 0.0000000000000000000, 0.0000000000000000000 ) ) ;
#1510 = CARTESIAN_POINT ( 'NONE',  ( 0.5314960629921260393, 0.0000000000000000000, -0.1240157480314960647 ) ) ;
#1511 = FACE_OUTER_BOUND ( 'NONE', #221, .T. ) ;
#1512 = ORIENTED_EDGE ( 'NONE', *, *, #1176, .F. ) ;
#1513 = EDGE_CURVE ( 'NONE', #512, #1004, #624, .T. ) ;
#1514 = VERTEX_POINT ( 'NONE', #1864 ) ;
#1515 = DIRECTION ( 'NONE',  ( 0.0000000000000000000, 1.445602896647339903E-16, -1.000000000000000000 ) ) ;
#1516 = CARTESIAN_POINT ( 'NONE',  ( 0.09842519685039370636, -0.2598425196850393526, -0.2086614173228346636 ) ) ;
#1517 = CARTESIAN_POINT ( 'NONE',  ( 0.2559055118110236116, -0.2970618216019972890, 0.2182393582901964724 ) ) ;
#1518 = ORIENTED_EDGE ( 'NONE', *, *, #1487, .T. ) ;
#1519 = CARTESIAN_POINT ( 'NONE',  ( 0.1994320382083389631, 0.2803665935200724268, 0.2086614173228346636 ) ) ;
#1520 = EDGE_LOOP ( 'NONE', ( #116, #400, #1277, #1610, #1820, #323, #1287 ) ) ;
#1521 = CARTESIAN_POINT ( 'NONE',  ( 0.5708661417322835607, 0.0000000000000000000, 0.1633858267716535584 ) ) ;
#1522 = ORIENTED_EDGE ( 'NONE', *, *, #597, .T. ) ;
#1523 = EDGE_CURVE ( 'NONE', #1300, #239, #1683, .T. ) ;
#1524 = EDGE_CURVE ( 'NONE', #632, #549, #927, .T. ) ;
#1525 = DIRECTION ( 'NONE',  ( 0.0000000000000000000, 0.7071067811865469066, -0.7071067811865479058 ) ) ;
#1526 = DIRECTION ( 'NONE',  ( 0.0000000000000000000, 1.000000000000000000, 0.0000000000000000000 ) ) ;
#1527 = ORIENTED_EDGE ( 'NONE', *, *, #942, .T. ) ;
#1528 = CARTESIAN_POINT ( 'NONE',  ( 0.2559055118110236116, 0.2125984251968504046, 0.2086614173228346636 ) ) ;
#1529 = CARTESIAN_POINT ( 'NONE',  ( 0.2559055118110236116, -0.2613378725210984133, 0.1968503937007874127 ) ) ;
#1530 = DIRECTION ( 'NONE',  ( 1.000000000000000000, 0.0000000000000000000, 0.0000000000000000000 ) ) ;
#1531 = DIRECTION ( 'NONE',  ( -1.000000000000000000, 0.0000000000000000000, 0.0000000000000000000 ) ) ;
#1532 = EDGE_LOOP ( 'NONE', ( #657, #128, #1093, #1018, #670, #448 ) ) ;
#1533 = VERTEX_POINT ( 'NONE', #1591 ) ;
#1534 = CYLINDRICAL_SURFACE ( 'NONE', #1322, 0.1633858267716535584 ) ;
#1535 = EDGE_CURVE ( 'NONE', #1806, #103, #555, .T. ) ;
#1536 = AXIS2_PLACEMENT_3D ( 'NONE', #719, #1648, #1964 ) ;
#1537 = VECTOR ( 'NONE', #74, 39.37007874015748143 ) ;
#1538 = ORIENTED_EDGE ( 'NONE', *, *, #456, .T. ) ;
#1539 = DIRECTION ( 'NONE',  ( 0.0000000000000000000, 0.0000000000000000000, -1.000000000000000000 ) ) ;
#1540 = VECTOR ( 'NONE', #1191, 39.37007874015748143 ) ;
#1541 = DIRECTION ( 'NONE',  ( 0.0000000000000000000, 0.0000000000000000000, 1.000000000000000000 ) ) ;
#1542 = ORIENTED_EDGE ( 'NONE', *, *, #587, .T. ) ;
#1543 = PRESENTATION_LAYER_ASSIGNMENT (  '', '', ( #1347 ) ) ;
#1544 = CARTESIAN_POINT ( 'NONE',  ( 0.1181102362204724532, 0.2125984251968504046, -0.2283464566929133688 ) ) ;
#1545 = DIRECTION ( 'NONE',  ( 0.0000000000000000000, 0.9684473325202980210, 0.2492183061781764741 ) ) ;
#1546 = ORIENTED_EDGE ( 'NONE', *, *, #1318, .T. ) ;
#1547 = ORIENTED_EDGE ( 'NONE', *, *, #66, .T. ) ;
#1548 = CARTESIAN_POINT ( 'NONE',  ( 0.5561023622047244208, 0.0000000000000000000, 0.0000000000000000000 ) ) ;
#1549 = ORIENTED_EDGE ( 'NONE', *, *, #93, .T. ) ;
#1550 = EDGE_CURVE ( 'NONE', #174, #1429, #1767, .T. ) ;
#1551 = DIRECTION ( 'NONE',  ( 0.0000000000000000000, 0.2683942820217221081, 0.9633091452789412923 ) ) ;
#1552 = DIRECTION ( 'NONE',  ( -1.000000000000000000, 0.0000000000000000000, 0.0000000000000000000 ) ) ;
#1553 = CARTESIAN_POINT ( 'NONE',  ( 0.05659448818897638150, -0.2147637795275590400, 0.02559055118110236185 ) ) ;
#1554 = ORIENTED_EDGE ( 'NONE', *, *, #500, .T. ) ;
#1555 = CARTESIAN_POINT ( 'NONE',  ( 0.2559055118110236116, 0.0000000000000000000, 0.0000000000000000000 ) ) ;
#1556 = DIRECTION ( 'NONE',  ( 0.0000000000000000000, 0.0000000000000000000, 1.000000000000000000 ) ) ;
#1557 = CARTESIAN_POINT ( 'NONE',  ( 0.0000000000000000000, 0.2125984251968504046, 0.2086614173228346636 ) ) ;
#1558 = VERTEX_POINT ( 'NONE', #859 ) ;
#1559 = LINE ( 'NONE', #64, #1381 ) ;
#1560 = EDGE_CURVE ( 'NONE', #1180, #549, #376, .T. ) ;
#1561 = EDGE_CURVE ( 'NONE', #1436, #177, #1738, .T. ) ;
#1562 = DIRECTION ( 'NONE',  ( 0.0000000000000000000, 0.0000000000000000000, 1.000000000000000000 ) ) ;
#1563 = ORIENTED_EDGE ( 'NONE', *, *, #236, .F. ) ;
#1564 = ORIENTED_EDGE ( 'NONE', *, *, #278, .T. ) ;
#1565 = CARTESIAN_POINT ( 'NONE',  ( 0.2559055118110236116, -0.3363373974524866417, 0.2283464566929133688 ) ) ;
#1566 = DIRECTION ( 'NONE',  ( -1.000000000000000000, 0.0000000000000000000, 0.0000000000000000000 ) ) ;
#1567 = VERTEX_POINT ( 'NONE', #1602 ) ;
#1568 = AXIS2_PLACEMENT_3D ( 'NONE', #1107, #1860, #1686 ) ;
#1569 = VECTOR ( 'NONE', #1368, 39.37007874015748143 ) ;
#1570 = CARTESIAN_POINT ( 'NONE',  ( 0.05659448818897638150, -0.07775590551181103816, 0.06397637795275590289 ) ) ;
#1571 = ORIENTED_EDGE ( 'NONE', *, *, #66, .F. ) ;
#1572 = ADVANCED_FACE ( 'NONE', ( #846 ), #1457, .T. ) ;
#1573 = AXIS2_PLACEMENT_3D ( 'NONE', #284, #895, #1352 ) ;
#1574 = VECTOR ( 'NONE', #615, 39.37007874015748143 ) ;
#1575 = CARTESIAN_POINT ( 'NONE',  ( 0.0000000000000000000, -0.3647773733777484595, -0.2081617105638889631 ) ) ;
#1576 = ORIENTED_EDGE ( 'NONE', *, *, #1560, .F. ) ;
#1577 = CARTESIAN_POINT ( 'NONE',  ( 0.05659448818897638150, -0.4409448818897637734, 0.02559055118110236185 ) ) ;
#1578 = DIRECTION ( 'NONE',  ( -5.013579659978760090E-16, -1.000000000000000000, 0.0000000000000000000 ) ) ;
#1579 = EDGE_LOOP ( 'NONE', ( #375, #32 ) ) ;
#1580 = ORIENTED_EDGE ( 'NONE', *, *, #1829, .F. ) ;
#1581 = DIRECTION ( 'NONE',  ( 1.000000000000000000, 0.0000000000000000000, 0.0000000000000000000 ) ) ;
#1582 = EDGE_CURVE ( 'NONE', #1454, #1862, #489, .T. ) ;
#1583 = FILL_AREA_STYLE ('',( #1290 ) ) ;
#1584 = EDGE_CURVE ( 'NONE', #1612, #896, #812, .T. ) ;
#1585 = CARTESIAN_POINT ( 'NONE',  ( 0.1994320382083389631, 0.2803665935200724268, -0.1968503937007874127 ) ) ;
#1586 = ORIENTED_EDGE ( 'NONE', *, *, #294, .F. ) ;
#1587 = CARTESIAN_POINT ( 'NONE',  ( 0.2559055118110236116, 1.838175559743812807E-17, 0.1500984251968504046 ) ) ;
#1588 = DIRECTION ( 'NONE',  ( 0.0000000000000000000, 0.0000000000000000000, -1.000000000000000000 ) ) ;
#1589 = VERTEX_POINT ( 'NONE', #337 ) ;
#1590 = ORIENTED_EDGE ( 'NONE', *, *, #726, .T. ) ;
#1591 = CARTESIAN_POINT ( 'NONE',  ( 0.5561023622047244208, 0.0000000000000000000, 0.07086614173228346358 ) ) ;
#1592 = EDGE_CURVE ( 'NONE', #1128, #1688, #1266, .T. ) ;
#1593 = DIRECTION ( 'NONE',  ( 0.0000000000000000000, 1.000000000000000000, 0.0000000000000000000 ) ) ;
#1594 = ORIENTED_EDGE ( 'NONE', *, *, #4, .T. ) ;
#1595 = FACE_OUTER_BOUND ( 'NONE', #948, .T. ) ;
#1596 = CARTESIAN_POINT ( 'NONE',  ( 0.1994320382083389631, 0.2803665935200724268, -0.2086614173228346636 ) ) ;
#1597 = DIRECTION ( 'NONE',  ( 0.0000000000000000000, 1.000000000000000000, 0.0000000000000000000 ) ) ;
#1598 = VECTOR ( 'NONE', #195, 39.37007874015748143 ) ;
#1599 = ORIENTED_EDGE ( 'NONE', *, *, #307, .F. ) ;
#1600 = AXIS2_PLACEMENT_3D ( 'NONE', #373, #1597, #843 ) ;
#1601 = ORIENTED_EDGE ( 'NONE', *, *, #1026, .F. ) ;
#1602 = CARTESIAN_POINT ( 'NONE',  ( 0.05659448818897638150, -0.1763779527559055094, 0.06397637795275590289 ) ) ;
#1603 = CIRCLE ( 'NONE', #589, 0.04921259842519685318 ) ;
#1604 = VECTOR ( 'NONE', #699, 39.37007874015748143 ) ;
#1605 = CARTESIAN_POINT ( 'NONE',  ( 0.1994320382083389631, 0.2803665935200724268, 0.1968503937007874127 ) ) ;
#1606 = ORIENTED_EDGE ( 'NONE', *, *, #1550, .T. ) ;
#1607 = CARTESIAN_POINT ( 'NONE',  ( 0.5561023622047244208, 0.0000000000000000000, 0.1181102362204724532 ) ) ;
#1608 = EDGE_CURVE ( 'NONE', #1867, #677, #1405, .T. ) ;
#1609 = DIRECTION ( 'NONE',  ( 0.0000000000000000000, -0.7071067811865469066, 0.7071067811865479058 ) ) ;
#1610 = ORIENTED_EDGE ( 'NONE', *, *, #377, .F. ) ;
#1611 = FACE_BOUND ( 'NONE', #511, .T. ) ;
#1612 = VERTEX_POINT ( 'NONE', #825 ) ;
#1613 = DIRECTION ( 'NONE',  ( -0.7682212795973758501, -0.6401843996644799306, -9.254524225434098698E-17 ) ) ;
#1614 = CARTESIAN_POINT ( 'NONE',  ( 0.05659448818897638150, -0.4409448818897637734, -0.02559055118110236185 ) ) ;
#1615 = UNCERTAINTY_MEASURE_WITH_UNIT (LENGTH_MEASURE( 1.000000000000000082E-05 ), #1637, 'distance_accuracy_value', 'NONE');
#1616 = CARTESIAN_POINT ( 'NONE',  ( 0.05545335911458228184, -0.3103761656247287504, -0.1704520907527706519 ) ) ;
#1617 = LINE ( 'NONE', #1640, #1729 ) ;
#1618 = VERTEX_POINT ( 'NONE', #1884 ) ;
#1619 = EDGE_CURVE ( 'NONE', #1688, #1082, #1113, .T. ) ;
#1620 = PLANE ( 'NONE',  #799 ) ;
#1621 = ORIENTED_EDGE ( 'NONE', *, *, #1296, .F. ) ;
#1622 = LINE ( 'NONE', #1163, #688 ) ;
#1623 = FILL_AREA_STYLE ('',( #591 ) ) ;
#1624 = CARTESIAN_POINT ( 'NONE',  ( 0.2559055118110236116, 0.2125984251968504046, -0.2086614173228346636 ) ) ;
#1625 = LINE ( 'NONE', #737, #1505 ) ;
#1626 = EDGE_LOOP ( 'NONE', ( #1856, #1279, #59, #544, #1198, #682, #196, #1157 ) ) ;
#1627 = CIRCLE ( 'NONE', #1255, 0.1240157480314960647 ) ;
#1628 =( CONVERSION_BASED_UNIT ( 'INCH', #1313 ) LENGTH_UNIT ( ) NAMED_UNIT ( #390 ) );
#1629 = EDGE_CURVE ( 'NONE', #285, #603, #1105, .T. ) ;
#1630 = ORIENTED_EDGE ( 'NONE', *, *, #1773, .F. ) ;
#1631 = VECTOR ( 'NONE', #1552, 39.37007874015748143 ) ;
#1632 = EDGE_CURVE ( 'NONE', #1239, #1180, #1638, .T. ) ;
#1633 = CIRCLE ( 'NONE', #1694, 0.03937007874015747977 ) ;
#1634 = CARTESIAN_POINT ( 'NONE',  ( 0.2559055118110236116, 0.2125984251968504046, 0.1968503937007874127 ) ) ;
#1635 = VECTOR ( 'NONE', #1145, 39.37007874015748143 ) ;
#1636 = CARTESIAN_POINT ( 'NONE',  ( 0.0000000000000000000, -0.2613378725210984133, -0.1968503937007874127 ) ) ;
#1637 =( CONVERSION_BASED_UNIT ( 'INCH', #569 ) LENGTH_UNIT ( ) NAMED_UNIT ( #89 ) );
#1638 = CIRCLE ( 'NONE', #122, 0.07086614173228346358 ) ;
#1639 = PLANE ( 'NONE',  #1536 ) ;
#1640 = CARTESIAN_POINT ( 'NONE',  ( 0.0000000000000000000, -0.2767803777256799269, 0.1076732991471153617 ) ) ;
#1641 = VERTEX_POINT ( 'NONE', #348 ) ;
#1642 = ORIENTED_EDGE ( 'NONE', *, *, #1643, .F. ) ;
#1643 = EDGE_CURVE ( 'NONE', #616, #763, #1039, .T. ) ;
#1644 = EDGE_CURVE ( 'NONE', #1406, #1216, #1708, .T. ) ;
#1645 = CARTESIAN_POINT ( 'NONE',  ( 0.2559055118110236116, -0.3363373974524866417, -0.2283464566929133688 ) ) ;
#1646 = EDGE_CURVE ( 'NONE', #1902, #992, #1420, .T. ) ;
#1647 = ORIENTED_EDGE ( 'NONE', *, *, #1513, .T. ) ;
#1648 = DIRECTION ( 'NONE',  ( 0.0000000000000000000, -0.2492183061781764741, 0.9684473325202980210 ) ) ;
#1649 = LINE ( 'NONE', #436, #1537 ) ;
#1650 = ORIENTED_EDGE ( 'NONE', *, *, #281, .T. ) ;
#1651 = CARTESIAN_POINT ( 'NONE',  ( 0.0000000000000000000, -0.2613378725210984133, 0.1968503937007874127 ) ) ;
#1652 = ORIENTED_EDGE ( 'NONE', *, *, #1061, .T. ) ;
#1653 = PRESENTATION_STYLE_ASSIGNMENT (( #732 ) ) ;
#1654 = LINE ( 'NONE', #1817, #488 ) ;
#1655 = EDGE_CURVE ( 'NONE', #1777, #48, #982, .T. ) ;
#1656 = CARTESIAN_POINT ( 'NONE',  ( 0.05659448818897638150, -0.2147637795275590400, 0.02559055118110236185 ) ) ;
#1657 = CARTESIAN_POINT ( 'NONE',  ( 0.2952755905511810774, 0.0000000000000000000, 0.0000000000000000000 ) ) ;
#1658 = ORIENTED_EDGE ( 'NONE', *, *, #1839, .F. ) ;
#1659 =( NAMED_UNIT ( * ) SI_UNIT ( $, .STERADIAN. ) SOLID_ANGLE_UNIT ( ) );
#1660 = ORIENTED_EDGE ( 'NONE', *, *, #587, .F. ) ;
#1661 = VECTOR ( 'NONE', #563, 39.37007874015748143 ) ;
#1662 = DIRECTION ( 'NONE',  ( 1.000000000000000000, 0.0000000000000000000, 0.0000000000000000000 ) ) ;
#1663 = CARTESIAN_POINT ( 'NONE',  ( 0.2559055118110236116, -0.4153543307086614567, 0.2063309976133586576 ) ) ;
#1664 = AXIS2_PLACEMENT_3D ( 'NONE', #1334, #88, #714 ) ;
#1665 = FACE_BOUND ( 'NONE', #496, .T. ) ;
#1666 = AXIS2_PLACEMENT_3D ( 'NONE', #1057, #1662, #1816 ) ;
#1667 = EDGE_CURVE ( 'NONE', #723, #677, #1252, .T. ) ;
#1668 = AXIS2_PLACEMENT_3D ( 'NONE', #579, #1192, #62 ) ;
#1669 = DIRECTION ( 'NONE',  ( 0.0000000000000000000, 0.0000000000000000000, -1.000000000000000000 ) ) ;
#1670 = CARTESIAN_POINT ( 'NONE',  ( 0.04183070866141732486, -0.4409448818897637734, 0.02559055118110236185 ) ) ;
#1671 = CARTESIAN_POINT ( 'NONE',  ( 0.04297183773581150085, -0.3103761656247287504, -0.1704520907527706519 ) ) ;
#1672 = EDGE_LOOP ( 'NONE', ( #328, #18, #580, #1170, #181, #201 ) ) ;
#1673 = VERTEX_POINT ( 'NONE', #501 ) ;
#1674 = DIRECTION ( 'NONE',  ( 0.0000000000000000000, 0.0000000000000000000, -1.000000000000000000 ) ) ;
#1675 =( LENGTH_UNIT ( ) NAMED_UNIT ( * ) SI_UNIT ( $, .METRE. ) );
#1676 = VERTEX_POINT ( 'NONE', #210 ) ;
#1677 = DIRECTION ( 'NONE',  ( 0.0000000000000000000, 0.0000000000000000000, -1.000000000000000000 ) ) ;
#1678 = CARTESIAN_POINT ( 'NONE',  ( 0.2755905511811023723, -0.3333080867631669220, 0.04921259842519685318 ) ) ;
#1679 = CARTESIAN_POINT ( 'NONE',  ( 0.2559055118110236116, -0.2598425196850393526, -0.04921259842519685318 ) ) ;
#1680 = DIRECTION ( 'NONE',  ( 0.0000000000000000000, 0.0000000000000000000, -1.000000000000000000 ) ) ;
#1681 = ORIENTED_EDGE ( 'NONE', *, *, #1015, .T. ) ;
#1682 = EDGE_CURVE ( 'NONE', #1902, #820, #1139, .T. ) ;
#1683 = LINE ( 'NONE', #309, #840 ) ;
#1684 = ORIENTED_EDGE ( 'NONE', *, *, #1088, .F. ) ;
#1685 = CARTESIAN_POINT ( 'NONE',  ( 0.05659448818897638150, -0.07775590551181103816, 0.06397637795275590289 ) ) ;
#1686 = DIRECTION ( 'NONE',  ( 0.0000000000000000000, 0.0000000000000000000, -1.000000000000000000 ) ) ;
#1687 = LINE ( 'NONE', #610, #871 ) ;
#1688 = VERTEX_POINT ( 'NONE', #976 ) ;
#1689 = CLOSED_SHELL ( 'NONE', ( #156, #1235, #1415, #990, #182, #989, #1234, #1161, #1413, #1981, #1925, #1482, #67, #279, #813, #740, #433, #1147, #1247, #967, #1572, #1961, #79, #393, #752, #786, #1734, #854, #1938, #1772, #355, #499, #1232, #1211, #104, #725, #457, #1437, #1365, #906, #570, #5, #1876, #1486, #941, #304, #1049, #980, #208, #113, #954, #198, #926, #1473, #1041, #685, #339, #1878, #260, #6, #1756, #155 ) ) ;
#1690 = CARTESIAN_POINT ( 'NONE',  ( 0.2406209225333157398, -0.2598425196850393526, 0.04921259842519685318 ) ) ;
#1691 = FACE_OUTER_BOUND ( 'NONE', #1040, .T. ) ;
#1692 = VECTOR ( 'NONE', #673, 39.37007874015748143 ) ;
#1693 = FACE_OUTER_BOUND ( 'NONE', #98, .T. ) ;
#1694 = AXIS2_PLACEMENT_3D ( 'NONE', #1510, #1094, #1539 ) ;
#1695 = VERTEX_POINT ( 'NONE', #368 ) ;
#1696 = DIRECTION ( 'NONE',  ( -1.000000000000000000, 0.0000000000000000000, 0.0000000000000000000 ) ) ;
#1697 = AXIS2_PLACEMENT_3D ( 'NONE', #1986, #1391, #913 ) ;
#1698 = CARTESIAN_POINT ( 'NONE',  ( 0.5708661417322835607, 0.0000000000000000000, 0.0000000000000000000 ) ) ;
#1699 = AXIS2_PLACEMENT_3D ( 'NONE', #647, #471, #1852 ) ;
#1700 = DIRECTION ( 'NONE',  ( 0.0000000000000000000, -1.224646799147353454E-16, 1.000000000000000000 ) ) ;
#1701 = LINE ( 'NONE', #494, #609 ) ;
#1702 = ORIENTED_EDGE ( 'NONE', *, *, #882, .T. ) ;
#1703 = AXIS2_PLACEMENT_3D ( 'NONE', #1092, #928, #754 ) ;
#1704 = VERTEX_POINT ( 'NONE', #1575 ) ;
#1705 =( NAMED_UNIT ( * ) SI_UNIT ( $, .STERADIAN. ) SOLID_ANGLE_UNIT ( ) );
#1706 = EDGE_CURVE ( 'NONE', #698, #327, #681, .T. ) ;
#1707 = EDGE_CURVE ( 'NONE', #1406, #1673, #1603, .T. ) ;
#1708 = LINE ( 'NONE', #507, #651 ) ;
#1709 = ORIENTED_EDGE ( 'NONE', *, *, #1840, .T. ) ;
#1710 = LINE ( 'NONE', #1529, #1827 ) ;
#1711 = FACE_OUTER_BOUND ( 'NONE', #204, .T. ) ;
#1712 = DIRECTION ( 'NONE',  ( 1.000000000000000000, 0.0000000000000000000, 0.0000000000000000000 ) ) ;
#1713 = DIRECTION ( 'NONE',  ( 5.204538630770499784E-16, 0.9633091452789410702, -0.2683942820217224967 ) ) ;
#1714 = LENGTH_MEASURE_WITH_UNIT ( LENGTH_MEASURE( 0.02539999999999999897 ), #1723 );
#1715 = DIRECTION ( 'NONE',  ( 0.0000000000000000000, 0.0000000000000000000, 1.000000000000000000 ) ) ;
#1716 = ORIENTED_EDGE ( 'NONE', *, *, #469, .T. ) ;
#1717 = EDGE_CURVE ( 'NONE', #763, #616, #745, .T. ) ;
#1718 = DIRECTION ( 'NONE',  ( 0.0000000000000000000, 0.0000000000000000000, -1.000000000000000000 ) ) ;
#1719 = DIRECTION ( 'NONE',  ( -1.196361017915039732E-16, -1.000000000000000000, 0.0000000000000000000 ) ) ;
#1720 = ORIENTED_EDGE ( 'NONE', *, *, #1783, .T. ) ;
#1721 = ORIENTED_EDGE ( 'NONE', *, *, #1025, .F. ) ;
#1722 = DIRECTION ( 'NONE',  ( -1.000000000000000000, 0.0000000000000000000, 0.0000000000000000000 ) ) ;
#1723 =( LENGTH_UNIT ( ) NAMED_UNIT ( * ) SI_UNIT ( $, .METRE. ) );
#1724 = LINE ( 'NONE', #1281, #1769 ) ;
#1725 = ORIENTED_EDGE ( 'NONE', *, *, #785, .F. ) ;
#1726 = CARTESIAN_POINT ( 'NONE',  ( 0.2377825551673378168, -0.4744094488188975722, -0.04921259842519684624 ) ) ;
#1727 = VECTOR ( 'NONE', #748, 39.37007874015748143 ) ;
#1728 = EDGE_CURVE ( 'NONE', #957, #1902, #1724, .T. ) ;
#1729 = VECTOR ( 'NONE', #243, 39.37007874015748143 ) ;
#1730 = DIRECTION ( 'NONE',  ( 1.000000000000000000, 0.0000000000000000000, 0.0000000000000000000 ) ) ;
#1731 = DIRECTION ( 'NONE',  ( -1.000000000000000000, 0.0000000000000000000, 0.0000000000000000000 ) ) ;
#1732 = EDGE_LOOP ( 'NONE', ( #1450, #1990, #1549, #240 ) ) ;
#1733 = EDGE_CURVE ( 'NONE', #1274, #1618, #219, .T. ) ;
#1734 = ADVANCED_FACE ( 'NONE', ( #1866 ), #1292, .T. ) ;
#1735 = PLANE ( 'NONE',  #484 ) ;
#1736 = AXIS2_PLACEMENT_3D ( 'NONE', #939, #1991, #1104 ) ;
#1737 = ORIENTED_EDGE ( 'NONE', *, *, #1089, .F. ) ;
#1738 = LINE ( 'NONE', #1922, #1983 ) ;
#1739 = CARTESIAN_POINT ( 'NONE',  ( 0.09842519685039370636, -0.3362160229507220044, -0.2161193876803172986 ) ) ;
#1740 = ORIENTED_EDGE ( 'NONE', *, *, #1513, .F. ) ;
#1741 = CARTESIAN_POINT ( 'NONE',  ( 0.2641555071782751840, -0.3759842519685039353, -0.04921259842519685318 ) ) ;
#1742 = DIRECTION ( 'NONE',  ( 1.000000000000000000, 0.0000000000000000000, 0.0000000000000000000 ) ) ;
#1743 = ORIENTED_EDGE ( 'NONE', *, *, #597, .F. ) ;
#1744 = FACE_OUTER_BOUND ( 'NONE', #1064, .T. ) ;
#1745 = DIRECTION ( 'NONE',  ( 0.0000000000000000000, -0.9684473325202980210, 0.2492183061781764741 ) ) ;
#1746 = EDGE_CURVE ( 'NONE', #603, #468, #490, .T. ) ;
#1747 = ORIENTED_EDGE ( 'NONE', *, *, #222, .F. ) ;
#1748 = CARTESIAN_POINT ( 'NONE',  ( 0.2559055118110236116, -0.2598425196850393526, 0.04921259842519685318 ) ) ;
#1749 = ORIENTED_EDGE ( 'NONE', *, *, #523, .F. ) ;
#1750 = FACE_OUTER_BOUND ( 'NONE', #1100, .T. ) ;
#1751 = ORIENTED_EDGE ( 'NONE', *, *, #1028, .F. ) ;
#1752 = DIRECTION ( 'NONE',  ( -1.000000000000000000, -0.0000000000000000000, -0.0000000000000000000 ) ) ;
#1753 = CARTESIAN_POINT ( 'NONE',  ( 0.0000000000000000000, -0.3000053449033141528, 0.2068010039690905688 ) ) ;
#1754 = ORIENTED_EDGE ( 'NONE', *, *, #1840, .F. ) ;
#1755 = DIRECTION ( 'NONE',  ( 0.0000000000000000000, 1.000000000000000000, 0.0000000000000000000 ) ) ;
#1756 = ADVANCED_FACE ( 'NONE', ( #546 ), #1307, .F. ) ;
#1757 = PLANE ( 'NONE',  #802 ) ;
#1758 = ORIENTED_EDGE ( 'NONE', *, *, #294, .T. ) ;
#1759 = VECTOR ( 'NONE', #1963, 39.37007874015748143 ) ;
#1760 = DIRECTION ( 'NONE',  ( 0.0000000000000000000, 0.0000000000000000000, -1.000000000000000000 ) ) ;
#1761 = AXIS2_PLACEMENT_3D ( 'NONE', #901, #1509, #711 ) ;
#1762 = ORIENTED_EDGE ( 'NONE', *, *, #307, .T. ) ;
#1763 = CIRCLE ( 'NONE', #1317, 0.2027559055118110243 ) ;
#1764 = LINE ( 'NONE', #1464, #770 ) ;
#1765 = EDGE_LOOP ( 'NONE', ( #1754, #1538, #161, #607 ) ) ;
#1766 = VECTOR ( 'NONE', #370, 39.37007874015748143 ) ;
#1767 = LINE ( 'NONE', #834, #1801 ) ;
#1768 =( GEOMETRIC_REPRESENTATION_CONTEXT ( 3 ) GLOBAL_UNCERTAINTY_ASSIGNED_CONTEXT ( ( #522 ) ) GLOBAL_UNIT_ASSIGNED_CONTEXT ( ( #1344, #1202, #940 ) ) REPRESENTATION_CONTEXT ( 'NONE', 'WORKASPACE' ) );
#1769 = VECTOR ( 'NONE', #359, 39.37007874015748143 ) ;
#1770 = CARTESIAN_POINT ( 'NONE',  ( 0.04183070866141732486, -0.06299212598425196763, -0.06397637795275590289 ) ) ;
#1771 = EDGE_LOOP ( 'NONE', ( #703, #427 ) ) ;
#1772 = ADVANCED_FACE ( 'NONE', ( #706 ), #1757, .F. ) ;
#1773 = EDGE_CURVE ( 'NONE', #549, #995, #1320, .T. ) ;
#1774 = PLANE ( 'NONE',  #735 ) ;
#1775 = CARTESIAN_POINT ( 'NONE',  ( 0.0000000000000000000, 0.1141732283464566844, -0.2283464566929133688 ) ) ;
#1776 = ORIENTED_EDGE ( 'NONE', *, *, #1796, .F. ) ;
#1777 = VERTEX_POINT ( 'NONE', #1183 ) ;
#1778 = DIRECTION ( 'NONE',  ( 0.0000000000000000000, 0.0000000000000000000, -1.000000000000000000 ) ) ;
#1779 = FACE_OUTER_BOUND ( 'NONE', #1732, .T. ) ;
#1780 = FACE_OUTER_BOUND ( 'NONE', #1532, .T. ) ;
#1781 = DIRECTION ( 'NONE',  ( 0.9659258262890680902, -0.2588190451025216277, 0.0000000000000000000 ) ) ;
#1782 = ORIENTED_EDGE ( 'NONE', *, *, #330, .F. ) ;
#1783 = EDGE_CURVE ( 'NONE', #239, #460, #1149, .T. ) ;
#1784 = EDGE_CURVE ( 'NONE', #1567, #930, #568, .T. ) ;
#1785 = DIRECTION ( 'NONE',  ( 0.0000000000000000000, -1.000000000000000000, 0.0000000000000000000 ) ) ;
#1786 = ORIENTED_EDGE ( 'NONE', *, *, #1026, .T. ) ;
#1787 = CARTESIAN_POINT ( 'NONE',  ( 0.2440944881889763884, -0.2970618216019972890, 0.1968503937007874127 ) ) ;
#1788 =( NAMED_UNIT ( * ) SI_UNIT ( $, .STERADIAN. ) SOLID_ANGLE_UNIT ( ) );
#1789 = DIRECTION ( 'NONE',  ( 0.0000000000000000000, 0.0000000000000000000, -1.000000000000000000 ) ) ;
#1790 = CARTESIAN_POINT ( 'NONE',  ( 0.2308340371397492041, -0.4484000557728283765, -0.04921259842519685318 ) ) ;
#1791 = EDGE_LOOP ( 'NONE', ( #1068, #1929 ) ) ;
#1792 = VECTOR ( 'NONE', #1497, 39.37007874015748143 ) ;
#1793 = PLANE ( 'NONE',  #801 ) ;
#1794 = EDGE_CURVE ( 'NONE', #1688, #174, #870, .T. ) ;
#1795 = ORIENTED_EDGE ( 'NONE', *, *, #574, .F. ) ;
#1796 = EDGE_CURVE ( 'NONE', #661, #1589, #540, .T. ) ;
#1797 = AXIS2_PLACEMENT_3D ( 'NONE', #1469, #252, #1179 ) ;
#1798 = VECTOR ( 'NONE', #1674, 39.37007874015748143 ) ;
#1799 = AXIS2_PLACEMENT_3D ( 'NONE', #111, #1526, #889 ) ;
#1800 = FILL_AREA_STYLE_COLOUR ( '', #1828 ) ;
#1801 = VECTOR ( 'NONE', #42, 39.37007874015748143 ) ;
#1802 = DIRECTION ( 'NONE',  ( 0.0000000000000000000, 1.000000000000000000, 0.0000000000000000000 ) ) ;
#1803 = PLANE ( 'NONE',  #869 ) ;
#1804 = VECTOR ( 'NONE', #1613, 39.37007874015748143 ) ;
#1805 = PLANE ( 'NONE',  #1823 ) ;
#1806 = VERTEX_POINT ( 'NONE', #1466 ) ;
#1807 = LINE ( 'NONE', #99, #1412 ) ;
#1808 = ORIENTED_EDGE ( 'NONE', *, *, #880, .T. ) ;
#1809 = SURFACE_STYLE_USAGE ( .BOTH. , #1203 ) ;
#1810 = DIRECTION ( 'NONE',  ( -1.000000000000000000, -0.0000000000000000000, -0.0000000000000000000 ) ) ;
#1811 = DIRECTION ( 'NONE',  ( 0.0000000000000000000, -0.9633091452789411813, 0.2683942820217221081 ) ) ;
#1812 = ORIENTED_EDGE ( 'NONE', *, *, #753, .T. ) ;
#1813 = PRESENTATION_STYLE_ASSIGNMENT (( #1207 ) ) ;
#1814 = ORIENTED_EDGE ( 'NONE', *, *, #1265, .F. ) ;
#1815 = EDGE_CURVE ( 'NONE', #1848, #265, #1903, .T. ) ;
#1816 = DIRECTION ( 'NONE',  ( 0.0000000000000000000, 0.0000000000000000000, 1.000000000000000000 ) ) ;
#1817 = CARTESIAN_POINT ( 'NONE',  ( 0.04183070866141732486, -0.06299212598425196763, 0.06397637795275590289 ) ) ;
#1818 = CARTESIAN_POINT ( 'NONE',  ( 0.0000000000000000000, 0.1141732283464566844, -0.2086614173228346636 ) ) ;
#1819 = CARTESIAN_POINT ( 'NONE',  ( 0.5708661417322835607, 0.0000000000000000000, 0.0000000000000000000 ) ) ;
#1820 = ORIENTED_EDGE ( 'NONE', *, *, #1550, .F. ) ;
#1821 = DIRECTION ( 'NONE',  ( 0.0000000000000000000, 0.0000000000000000000, 1.000000000000000000 ) ) ;
#1822 = EDGE_LOOP ( 'NONE', ( #925, #879, #1138, #1751 ) ) ;
#1823 = AXIS2_PLACEMENT_3D ( 'NONE', #599, #83, #1348 ) ;
#1824 = LINE ( 'NONE', #578, #1540 ) ;
#1825 = DIRECTION ( 'NONE',  ( 0.0000000000000000000, -0.2683942820217234404, 0.9633091452789408482 ) ) ;
#1826 = AXIS2_PLACEMENT_3D ( 'NONE', #902, #311, #931 ) ;
#1827 = VECTOR ( 'NONE', #618, 39.37007874015748143 ) ;
#1828 = COLOUR_RGB ( '',1.000000000000000000, 0.0000000000000000000, 0.0000000000000000000 ) ;
#1829 = EDGE_CURVE ( 'NONE', #1270, #1833, #1174, .T. ) ;
#1830 = DIRECTION ( 'NONE',  ( 0.0000000000000000000, 0.0000000000000000000, -1.000000000000000000 ) ) ;
#1831 = LINE ( 'NONE', #145, #1977 ) ;
#1832 = LINE ( 'NONE', #1245, #1888 ) ;
#1833 = VERTEX_POINT ( 'NONE', #378 ) ;
#1834 = PRESENTATION_STYLE_ASSIGNMENT (( #1072 ) ) ;
#1835 = CARTESIAN_POINT ( 'NONE',  ( 0.0000000000000000000, 1.838175559743812807E-17, 0.1500984251968504046 ) ) ;
#1836 = CARTESIAN_POINT ( 'NONE',  ( 0.04921259842519685318, -0.3679473845827291312, -0.2195393776341126313 ) ) ;
#1837 = PLANE ( 'NONE',  #999 ) ;
#1838 = CARTESIAN_POINT ( 'NONE',  ( 0.09842519685039370636, -0.2598425196850393526, -0.1964655825825909752 ) ) ;
#1839 = EDGE_CURVE ( 'NONE', #849, #149, #1031, .T. ) ;
#1840 = EDGE_CURVE ( 'NONE', #1704, #1377, #1458, .T. ) ;
#1841 = ORIENTED_EDGE ( 'NONE', *, *, #796, .F. ) ;
#1842 = FACE_OUTER_BOUND ( 'NONE', #981, .T. ) ;
#1843 = CARTESIAN_POINT ( 'NONE',  ( 0.05659448818897638150, -0.4409448818897637734, -0.02559055118110236185 ) ) ;
#1844 = VERTEX_POINT ( 'NONE', #1636 ) ;
#1845 = DIRECTION ( 'NONE',  ( -0.7682212795973758501, -0.6401843996644799306, -9.254524225434098698E-17 ) ) ;
#1846 = DIRECTION ( 'NONE',  ( -1.000000000000000000, 0.0000000000000000000, 0.0000000000000000000 ) ) ;
#1847 = LINE ( 'NONE', #1838, #872 ) ;
#1848 = VERTEX_POINT ( 'NONE', #423 ) ;
#1849 = EDGE_CURVE ( 'NONE', #1481, #285, #1020, .T. ) ;
#1850 = EDGE_CURVE ( 'NONE', #677, #44, #1622, .T. ) ;
#1851 = VERTEX_POINT ( 'NONE', #1042 ) ;
#1852 = DIRECTION ( 'NONE',  ( 0.0000000000000000000, -0.9633091452789412923, -0.2683942820217222192 ) ) ;
#1853 = CIRCLE ( 'NONE', #548, 0.1181102362204724532 ) ;
#1854 = STYLED_ITEM ( 'NONE', ( #956 ), #622 ) ;
#1855 = DIRECTION ( 'NONE',  ( -1.000000000000000000, 0.0000000000000000000, 0.0000000000000000000 ) ) ;
#1856 = ORIENTED_EDGE ( 'NONE', *, *, #1187, .F. ) ;
#1857 = VECTOR ( 'NONE', #1438, 39.37007874015748143 ) ;
#1858 = DIRECTION ( 'NONE',  ( 0.0000000000000000000, 0.9633091452789412923, -0.2683942820217222192 ) ) ;
#1859 = VECTOR ( 'NONE', #1722, 39.37007874015748143 ) ;
#1860 = DIRECTION ( 'NONE',  ( 1.000000000000000000, 0.0000000000000000000, 0.0000000000000000000 ) ) ;
#1861 = CARTESIAN_POINT ( 'NONE',  ( 0.2440944881889763884, -0.2598425196850393526, 0.2182393582901964724 ) ) ;
#1862 = VERTEX_POINT ( 'NONE', #1943 ) ;
#1863 = ORIENTED_EDGE ( 'NONE', *, *, #1706, .T. ) ;
#1864 = CARTESIAN_POINT ( 'NONE',  ( 0.2641555071782751840, -0.3759842519685039353, -0.04921259842519685318 ) ) ;
#1865 = EDGE_CURVE ( 'NONE', #627, #689, #881, .T. ) ;
#1866 = FACE_OUTER_BOUND ( 'NONE', #977, .T. ) ;
#1867 = VERTEX_POINT ( 'NONE', #860 ) ;
#1868 = DIRECTION ( 'NONE',  ( -1.000000000000000000, 0.0000000000000000000, 0.0000000000000000000 ) ) ;
#1869 = DIRECTION ( 'NONE',  ( -1.000000000000000000, 1.713307136767214878E-16, 0.0000000000000000000 ) ) ;
#1870 = FACE_OUTER_BOUND ( 'NONE', #716, .T. ) ;
#1871 = VERTEX_POINT ( 'NONE', #233 ) ;
#1872 = LINE ( 'NONE', #1263, #387 ) ;
#1873 = EDGE_CURVE ( 'NONE', #1082, #1429, #560, .T. ) ;
#1874 = CARTESIAN_POINT ( 'NONE',  ( 0.2559055118110236116, 0.0000000000000000000, 0.0000000000000000000 ) ) ;
#1875 = EDGE_LOOP ( 'NONE', ( #342, #1090, #1749, #1564 ) ) ;
#1876 = ADVANCED_FACE ( 'NONE', ( #1484 ), #102, .F. ) ;
#1877 = CARTESIAN_POINT ( 'NONE',  ( 0.2609893995972952796, -0.3358587109606122612, -0.04921259842519685318 ) ) ;
#1878 = ADVANCED_FACE ( 'NONE', ( #1364 ), #472, .F. ) ;
#1879 = PRODUCT_DEFINITION_CONTEXT ( 'detailed design', #672, 'design' ) ;
#1880 = CARTESIAN_POINT ( 'NONE',  ( 0.2559055118110236116, 0.0000000000000000000, 0.0000000000000000000 ) ) ;
#1881 =( NAMED_UNIT ( * ) PLANE_ANGLE_UNIT ( ) SI_UNIT ( $, .RADIAN. ) );
#1882 = ORIENTED_EDGE ( 'NONE', *, *, #366, .F. ) ;
#1883 = ORIENTED_EDGE ( 'NONE', *, *, #1535, .F. ) ;
#1884 = CARTESIAN_POINT ( 'NONE',  ( 0.1181102362204724532, 0.2125984251968504046, -0.1968503937007874127 ) ) ;
#1885 = VECTOR ( 'NONE', #985, 39.37007874015748143 ) ;
#1886 = ORIENTED_EDGE ( 'NONE', *, *, #1177, .F. ) ;
#1887 = CARTESIAN_POINT ( 'NONE',  ( 0.5708661417322835607, 0.0000000000000000000, 0.1181102362204724532 ) ) ;
#1888 = VECTOR ( 'NONE', #1393, 39.37007874015748143 ) ;
#1889 = EDGE_CURVE ( 'NONE', #316, #1300, #760, .T. ) ;
#1890 = CIRCLE ( 'NONE', #1573, 0.1633858267716535584 ) ;
#1891 = ORIENTED_EDGE ( 'NONE', *, *, #1353, .F. ) ;
#1892 = CIRCLE ( 'NONE', #1162, 0.1181102362204724532 ) ;
#1893 = VECTOR ( 'NONE', #1755, 39.37007874015748143 ) ;
#1894 = EDGE_LOOP ( 'NONE', ( #805, #267, #495, #666 ) ) ;
#1895 = VECTOR ( 'NONE', #717, 39.37007874015748143 ) ;
#1896 = DIRECTION ( 'NONE',  ( 0.0000000000000000000, 0.0000000000000000000, 1.000000000000000000 ) ) ;
#1897 = ORIENTED_EDGE ( 'NONE', *, *, #1498, .T. ) ;
#1898 = DIRECTION ( 'NONE',  ( 0.0000000000000000000, 0.0000000000000000000, -1.000000000000000000 ) ) ;
#1899 = CARTESIAN_POINT ( 'NONE',  ( 0.0000000000000000000, -0.2598425196850393526, 0.2086614173228346636 ) ) ;
#1900 = ORIENTED_EDGE ( 'NONE', *, *, #1535, .T. ) ;
#1901 = EDGE_CURVE ( 'NONE', #239, #285, #1372, .T. ) ;
#1902 = VERTEX_POINT ( 'NONE', #1843 ) ;
#1903 = LINE ( 'NONE', #1476, #1604 ) ;
#1904 = ORIENTED_EDGE ( 'NONE', *, *, #1644, .F. ) ;
#1905 = DIRECTION ( 'NONE',  ( 0.0000000000000000000, 0.0000000000000000000, -1.000000000000000000 ) ) ;
#1906 = PLANE ( 'NONE',  #187 ) ;
#1907 = ORIENTED_EDGE ( 'NONE', *, *, #963, .T. ) ;
#1908 = PLANE ( 'NONE',  #516 ) ;
#1909 = EDGE_LOOP ( 'NONE', ( #1146, #338 ) ) ;
#1910 = CARTESIAN_POINT ( 'NONE',  ( 1.515479310735081020, -0.3759842519685039353, 0.0000000000000000000 ) ) ;
#1911 = EDGE_CURVE ( 'NONE', #1958, #865, #1992, .T. ) ;
#1912 = CARTESIAN_POINT ( 'NONE',  ( 0.2559055118110236116, -0.2598425196850393526, -0.2086614173228346636 ) ) ;
#1913 = ORIENTED_EDGE ( 'NONE', *, *, #281, .F. ) ;
#1914 = CARTESIAN_POINT ( 'NONE',  ( 0.09842519685039370636, -0.2451779828917511894, 0.09886833543096260057 ) ) ;
#1915 = CARTESIAN_POINT ( 'NONE',  ( 0.2559055118110236116, -0.3363373974524866417, 0.2283464566929133688 ) ) ;
#1916 = VECTOR ( 'NONE', #1452, 39.37007874015748854 ) ;
#1917 = ORIENTED_EDGE ( 'NONE', *, *, #891, .T. ) ;
#1918 = VECTOR ( 'NONE', #1066, 39.37007874015748854 ) ;
#1919 = DIRECTION ( 'NONE',  ( -1.000000000000000000, 0.0000000000000000000, 0.0000000000000000000 ) ) ;
#1920 = VERTEX_POINT ( 'NONE', #310 ) ;
#1921 = AXIS2_PLACEMENT_3D ( 'NONE', #1836, #1551, #1858 ) ;
#1922 = CARTESIAN_POINT ( 'NONE',  ( 0.2609893995972952796, -0.3358587109606122612, 0.04921259842519685318 ) ) ;
#1923 =( GEOMETRIC_REPRESENTATION_CONTEXT ( 3 ) GLOBAL_UNCERTAINTY_ASSIGNED_CONTEXT ( ( #371 ) ) GLOBAL_UNIT_ASSIGNED_CONTEXT ( ( #186, #1419, #1264 ) ) REPRESENTATION_CONTEXT ( 'NONE', 'WORKASPACE' ) );
#1924 = VECTOR ( 'NONE', #269, 39.37007874015748143 ) ;
#1925 = ADVANCED_FACE ( 'NONE', ( #1691 ), #1534, .T. ) ;
#1926 = CARTESIAN_POINT ( 'NONE',  ( 0.2559055118110236116, 0.2125984251968504046, 0.2086614173228346636 ) ) ;
#1927 = LINE ( 'NONE', #112, #705 ) ;
#1928 = CARTESIAN_POINT ( 'NONE',  ( 0.2308340371397492041, -0.4484000557728283765, 0.04921259842519685318 ) ) ;
#1929 = ORIENTED_EDGE ( 'NONE', *, *, #469, .F. ) ;
#1930 = DIRECTION ( 'NONE',  ( 0.9659258262890682012, 0.2588190451025210725, 0.0000000000000000000 ) ) ;
#1931 = ORIENTED_EDGE ( 'NONE', *, *, #77, .F. ) ;
#1932 = LINE ( 'NONE', #450, #680 ) ;
#1933 = CARTESIAN_POINT ( 'NONE',  ( 0.2559055118110236116, -0.3363373974524866417, -0.2283464566929133688 ) ) ;
#1934 =( NAMED_UNIT ( * ) PLANE_ANGLE_UNIT ( ) SI_UNIT ( $, .RADIAN. ) );
#1935 = EDGE_CURVE ( 'NONE', #1920, #1270, #139, .T. ) ;
#1936 = EDGE_CURVE ( 'NONE', #957, #41, #1081, .T. ) ;
#1937 = LINE ( 'NONE', #1196, #1792 ) ;
#1938 = ADVANCED_FACE ( 'NONE', ( #1051 ), #596, .F. ) ;
#1939 = FACE_OUTER_BOUND ( 'NONE', #1520, .T. ) ;
#1940 = ORIENTED_EDGE ( 'NONE', *, *, #1370, .T. ) ;
#1941 = PLANE ( 'NONE',  #1475 ) ;
#1942 = ORIENTED_EDGE ( 'NONE', *, *, #141, .T. ) ;
#1943 = CARTESIAN_POINT ( 'NONE',  ( 0.5708661417322835607, 1.759827093262928814E-17, 0.1240157480314960647 ) ) ;
#1944 = CARTESIAN_POINT ( 'NONE',  ( 0.2559055118110236116, -0.2598425196850393526, -0.04921259842519685318 ) ) ;
#1945 = LINE ( 'NONE', #1022, #550 ) ;
#1946 = ORIENTED_EDGE ( 'NONE', *, *, #306, .F. ) ;
#1947 = EDGE_CURVE ( 'NONE', #177, #751, #277, .T. ) ;
#1948 = FACE_OUTER_BOUND ( 'NONE', #1909, .T. ) ;
#1949 = ORIENTED_EDGE ( 'NONE', *, *, #917, .T. ) ;
#1950 = VECTOR ( 'NONE', #915, 39.37007874015748143 ) ;
#1951 = AXIS2_PLACEMENT_3D ( 'NONE', #1243, #608, #1084 ) ;
#1952 = DIRECTION ( 'NONE',  ( -1.000000000000000000, 0.0000000000000000000, 0.0000000000000000000 ) ) ;
#1953 = VECTOR ( 'NONE', #1428, 39.37007874015748143 ) ;
#1954 = CARTESIAN_POINT ( 'NONE',  ( 0.2559055118110236116, -0.4153543307086614567, 0.2063309976133586576 ) ) ;
#1955 = FACE_BOUND ( 'NONE', #190, .T. ) ;
#1956 = DIRECTION ( 'NONE',  ( 0.0000000000000000000, -0.2492183061781764741, -0.9684473325202980210 ) ) ;
#1957 = CARTESIAN_POINT ( 'NONE',  ( 0.2559055118110236116, -0.3331673862475055259, -0.2169687896226897561 ) ) ;
#1958 = VERTEX_POINT ( 'NONE', #131 ) ;
#1959 = FILL_AREA_STYLE ('',( #722 ) ) ;
#1960 = EDGE_LOOP ( 'NONE', ( #791, #675, #1472, #1762, #1048, #282 ) ) ;
#1961 = ADVANCED_FACE ( 'NONE', ( #1210 ), #1231, .F. ) ;
#1962 = CARTESIAN_POINT ( 'NONE',  ( 0.04183070866141732486, -0.4566929133858267376, 0.06397637795275590289 ) ) ;
#1963 = DIRECTION ( 'NONE',  ( -1.000000000000000000, 0.0000000000000000000, 0.0000000000000000000 ) ) ;
#1964 = DIRECTION ( 'NONE',  ( 0.0000000000000000000, -0.9684473325202980210, -0.2492183061781764741 ) ) ;
#1965 = DIRECTION ( 'NONE',  ( -1.000000000000000000, 0.0000000000000000000, 0.0000000000000000000 ) ) ;
#1966 = VERTEX_POINT ( 'NONE', #462 ) ;
#1967 = LINE ( 'NONE', #1521, #738 ) ;
#1968 = ORIENTED_EDGE ( 'NONE', *, *, #704, .T. ) ;
#1969 = CARTESIAN_POINT ( 'NONE',  ( 0.05659448818897638150, -0.07775590551181103816, -0.06397637795275590289 ) ) ;
#1970 = FACE_OUTER_BOUND ( 'NONE', #1238, .T. ) ;
#1971 = EDGE_CURVE ( 'NONE', #1920, #995, #1654, .T. ) ;
#1972 = EDGE_LOOP ( 'NONE', ( #971, #61, #755, #1387 ) ) ;
#1973 = CARTESIAN_POINT ( 'NONE',  ( 0.5561023622047244208, 1.446433227339393765E-17, -0.1181102362204724532 ) ) ;
#1974 = LINE ( 'NONE', #170, #1319 ) ;
#1975 = DIRECTION ( 'NONE',  ( 0.0000000000000000000, 0.0000000000000000000, 1.000000000000000000 ) ) ;
#1976 = EDGE_LOOP ( 'NONE', ( #474, #344, #1087, #470 ) ) ;
#1977 = VECTOR ( 'NONE', #1846, 39.37007874015748143 ) ;
#1978 = CARTESIAN_POINT ( 'NONE',  ( 0.5314960629921260393, 2.000899297819494236E-17, 0.1633858267716535584 ) ) ;
#1979 = DIRECTION ( 'NONE',  ( -1.000000000000000000, 0.0000000000000000000, 0.0000000000000000000 ) ) ;
#1980 = AXIS2_PLACEMENT_3D ( 'NONE', #1928, #1781, #404 ) ;
#1981 = ADVANCED_FACE ( 'NONE', ( #1970 ), #439, .F. ) ;
#1982 = VECTOR ( 'NONE', #776, 39.37007874015748854 ) ;
#1983 = VECTOR ( 'NONE', #232, 39.37007874015748143 ) ;
#1984 = ORIENTED_EDGE ( 'NONE', *, *, #406, .F. ) ;
#1985 = EDGE_CURVE ( 'NONE', #1567, #1270, #1427, .T. ) ;
#1986 = CARTESIAN_POINT ( 'NONE',  ( 0.5314960629921260393, 0.0000000000000000000, 0.0000000000000000000 ) ) ;
#1987 = CARTESIAN_POINT ( 'NONE',  ( 0.2559055118110236116, -0.2598425196850393526, 0.2086614173228346636 ) ) ;
#1988 = CARTESIAN_POINT ( 'NONE',  ( 0.0000000000000000000, -0.2598425196850393526, 0.1964655825825909752 ) ) ;
#1989 = ORIENTED_EDGE ( 'NONE', *, *, #645, .F. ) ;
#1990 = ORIENTED_EDGE ( 'NONE', *, *, #574, .T. ) ;
#1991 = DIRECTION ( 'NONE',  ( 1.000000000000000000, 0.0000000000000000000, 0.0000000000000000000 ) ) ;
#1992 = LINE ( 'NONE', #1663, #557 ) ;
ENDSEC;
END-ISO-10303-21;
