ISO-10303-21;
HEADER;
FILE_DESCRIPTION (( 'STEP AP214' ),
    '1' );
FILE_NAME ('A6S_5102_H.step',
    '2024-03-15T01:30:57',
    ( 'OSMC1.0    ' ),
    ( ' ' ),
    'SwSTEP 2.0',
    'SolidWorks 2002025',
    '' );
FILE_SCHEMA (( 'AUTOMOTIVE_DESIGN' ));
ENDSEC;

DATA;
#1 = VERTEX_POINT ( 'NONE', #761 ) ;
#2 = EDGE_LOOP ( 'NONE', ( #6067, #290, #6409, #6457, #2373, #5562, #427, #5962 ) ) ;
#3 = ORIENTED_EDGE ( 'NONE', *, *, #325, .T. ) ;
#4 = VERTEX_POINT ( 'NONE', #769 ) ;
#5 = ORIENTED_EDGE ( 'NONE', *, *, #5695, .T. ) ;
#6 = EDGE_LOOP ( 'NONE', ( #6146, #165, #685, #272 ) ) ;
#7 = ADVANCED_FACE ( 'NONE', ( #774 ), #775, .T. ) ;
#8 = ORIENTED_EDGE ( 'NONE', *, *, #29, .F. ) ;
#9 = EDGE_LOOP ( 'NONE', ( #3473, #6100, #686, #220 ) ) ;
#10 = VERTEX_POINT ( 'NONE', #781 ) ;
#11 = VERTEX_POINT ( 'NONE', #782 ) ;
#12 = EDGE_LOOP ( 'NONE', ( #3808, #5821, #6382, #267 ) ) ;
#13 = ORIENTED_EDGE ( 'NONE', *, *, #312, .F. ) ;
#14 = ORIENTED_EDGE ( 'NONE', *, *, #5742, .F. ) ;
#15 = EDGE_LOOP ( 'NONE', ( #5857, #4898, #5913, #5720, #683, #549, #301, #4669 ) ) ;
#16 = EDGE_LOOP ( 'NONE', ( #5995, #6000, #107, #118 ) ) ;
#17 = ORIENTED_EDGE ( 'NONE', *, *, #1444, .T. ) ;
#18 = EDGE_LOOP ( 'NONE', ( #5605, #5590, #5988, #3352 ) ) ;
#19 = EDGE_LOOP ( 'NONE', ( #6435, #5888, #2180, #2424, #3788, #755 ) ) ;
#20 = EDGE_LOOP ( 'NONE', ( #644, #6131, #3282, #283 ) ) ;
#21 = EDGE_LOOP ( 'NONE', ( #6203, #630, #551, #5648 ) ) ;
#22 = EDGE_LOOP ( 'NONE', ( #6375, #341, #204, #2669 ) ) ;
#23 = EDGE_LOOP ( 'NONE', ( #2792, #655, #101, #6133 ) ) ;
#24 = ORIENTED_EDGE ( 'NONE', *, *, #42, .F. ) ;
#25 = ADVANCED_FACE ( 'NONE', ( #819 ), #822, .T. ) ;
#26 = VERTEX_POINT ( 'NONE', #827 ) ;
#27 = EDGE_CURVE ( 'NONE', #3128, #159, #828, .T. ) ;
#28 = EDGE_LOOP ( 'NONE', ( #6426, #5683, #5712, #6303, #742, #2722 ) ) ;
#29 = EDGE_CURVE ( 'NONE', #6069, #503, #832, .T. ) ;
#30 = ORIENTED_EDGE ( 'NONE', *, *, #44, .T. ) ;
#31 = ADVANCED_FACE ( 'NONE', ( #840 ), #841, .T. ) ;
#32 = EDGE_CURVE ( 'NONE', #66, #2634, #846, .T. ) ;
#33 = ORIENTED_EDGE ( 'NONE', *, *, #94, .F. ) ;
#34 = EDGE_CURVE ( 'NONE', #5658, #6123, #850, .T. ) ;
#35 = EDGE_LOOP ( 'NONE', ( #5500, #5320, #5793, #5816 ) ) ;
#36 = EDGE_CURVE ( 'NONE', #371, #544, #858, .T. ) ;
#37 = EDGE_CURVE ( 'NONE', #72, #6349, #862, .T. ) ;
#38 = ORIENTED_EDGE ( 'NONE', *, *, #696, .F. ) ;
#39 = EDGE_CURVE ( 'NONE', #5866, #6262, #866, .T. ) ;
#40 = EDGE_CURVE ( 'NONE', #3077, #6147, #870, .T. ) ;
#41 = EDGE_LOOP ( 'NONE', ( #75, #5586, #581, #299, #446, #5656 ) ) ;
#42 = EDGE_CURVE ( 'NONE', #3951, #161, #878, .T. ) ;
#43 = EDGE_LOOP ( 'NONE', ( #320, #6323, #4881, #1376, #1632, #6383 ) ) ;
#44 = EDGE_CURVE ( 'NONE', #26, #6489, #882, .T. ) ;
#45 = ORIENTED_EDGE ( 'NONE', *, *, #59, .F. ) ;
#46 = EDGE_LOOP ( 'NONE', ( #6216, #5657, #5969, #275, #539, #6458, #6348, #5560 ) ) ;
#47 = EDGE_LOOP ( 'NONE', ( #752, #6109, #6490, #5612, #535, #3491 ) ) ;
#48 = ORIENTED_EDGE ( 'NONE', *, *, #5528, .F. ) ;
#49 = VERTEX_POINT ( 'NONE', #913 ) ;
#50 = EDGE_LOOP ( 'NONE', ( #145, #6221, #5538, #5848 ) ) ;
#51 = ORIENTED_EDGE ( 'NONE', *, *, #6266, .F. ) ;
#52 = ADVANCED_FACE ( 'NONE', ( #939 ), #940, .F. ) ;
#53 = VERTEX_POINT ( 'NONE', #945 ) ;
#54 = EDGE_LOOP ( 'NONE', ( #5283, #5843, #5213, #3470, #560, #6097, #5717, #5931 ) ) ;
#55 = ORIENTED_EDGE ( 'NONE', *, *, #71, .F. ) ;
#56 = EDGE_LOOP ( 'NONE', ( #5846, #237, #6126, #6163 ) ) ;
#57 = EDGE_CURVE ( 'NONE', #6194, #621, #971, .T. ) ;
#58 = ORIENTED_EDGE ( 'NONE', *, *, #36, .T. ) ;
#59 = EDGE_CURVE ( 'NONE', #5490, #259, #976, .T. ) ;
#60 = ORIENTED_EDGE ( 'NONE', *, *, #126, .T. ) ;
#61 = EDGE_CURVE ( 'NONE', #93, #6017, #980, .T. ) ;
#62 = EDGE_CURVE ( 'NONE', #6150, #378, #984, .T. ) ;
#63 = ADVANCED_FACE ( 'NONE', ( #988 ), #989, .T. ) ;
#64 = VERTEX_POINT ( 'NONE', #996 ) ;
#65 = EDGE_CURVE ( 'NONE', #6246, #421, #997, .T. ) ;
#66 = VERTEX_POINT ( 'NONE', #1001 ) ;
#67 = ORIENTED_EDGE ( 'NONE', *, *, #352, .T. ) ;
#68 = ORIENTED_EDGE ( 'NONE', *, *, #83, .F. ) ;
#69 = ORIENTED_EDGE ( 'NONE', *, *, #312, .T. ) ;
#70 = ORIENTED_EDGE ( 'NONE', *, *, #5817, .T. ) ;
#71 = EDGE_CURVE ( 'NONE', #6147, #389, #1006, .T. ) ;
#72 = VERTEX_POINT ( 'NONE', #1011 ) ;
#73 = ADVANCED_FACE ( 'NONE', ( #1012 ), #1013, .T. ) ;
#74 = ORIENTED_EDGE ( 'NONE', *, *, #5469, .T. ) ;
#75 = ORIENTED_EDGE ( 'NONE', *, *, #322, .F. ) ;
#76 = ORIENTED_EDGE ( 'NONE', *, *, #140, .F. ) ;
#77 = VERTEX_POINT ( 'NONE', #1019 ) ;
#78 = EDGE_LOOP ( 'NONE', ( #192, #664, #6152, #6236 ) ) ;
#79 = ORIENTED_EDGE ( 'NONE', *, *, #150, .T. ) ;
#80 = EDGE_CURVE ( 'NONE', #66, #250, #1020, .T. ) ;
#81 = EDGE_CURVE ( 'NONE', #5620, #10, #1024, .T. ) ;
#82 = ORIENTED_EDGE ( 'NONE', *, *, #4511, .T. ) ;
#83 = EDGE_CURVE ( 'NONE', #1937, #691, #1031, .T. ) ;
#84 = EDGE_CURVE ( 'NONE', #391, #5569, #1035, .T. ) ;
#85 = ORIENTED_EDGE ( 'NONE', *, *, #147, .F. ) ;
#86 = ORIENTED_EDGE ( 'NONE', *, *, #115, .F. ) ;
#87 = EDGE_LOOP ( 'NONE', ( #5588, #6010, #6038, #160 ) ) ;
#88 = ORIENTED_EDGE ( 'NONE', *, *, #3247, .F. ) ;
#89 = ORIENTED_EDGE ( 'NONE', *, *, #4968, .T. ) ;
#90 = ORIENTED_EDGE ( 'NONE', *, *, #105, .F. ) ;
#91 = ORIENTED_EDGE ( 'NONE', *, *, #5782, .F. ) ;
#92 = ORIENTED_EDGE ( 'NONE', *, *, #157, .F. ) ;
#93 = VERTEX_POINT ( 'NONE', #1039 ) ;
#94 = EDGE_CURVE ( 'NONE', #6013, #148, #1040, .T. ) ;
#95 = ORIENTED_EDGE ( 'NONE', *, *, #116, .F. ) ;
#96 = ADVANCED_FACE ( 'NONE', ( #1044 ), #1045, .T. ) ;
#97 = ORIENTED_EDGE ( 'NONE', *, *, #3897, .T. ) ;
#98 = ORIENTED_EDGE ( 'NONE', *, *, #172, .F. ) ;
#99 = ORIENTED_EDGE ( 'NONE', *, *, #164, .F. ) ;
#100 = ORIENTED_EDGE ( 'NONE', *, *, #120, .T. ) ;
#101 = ORIENTED_EDGE ( 'NONE', *, *, #6090, .T. ) ;
#102 = ORIENTED_EDGE ( 'NONE', *, *, #559, .F. ) ;
#103 = EDGE_CURVE ( 'NONE', #6180, #5858, #1064, .T. ) ;
#104 = ORIENTED_EDGE ( 'NONE', *, *, #126, .F. ) ;
#105 = EDGE_CURVE ( 'NONE', #154, #5812, #1075, .T. ) ;
#106 = ADVANCED_FACE ( 'NONE', ( #1082 ), #1083, .F. ) ;
#107 = ORIENTED_EDGE ( 'NONE', *, *, #5774, .T. ) ;
#108 = ORIENTED_EDGE ( 'NONE', *, *, #135, .F. ) ;
#109 = EDGE_LOOP ( 'NONE', ( #184, #153, #5707, #5641 ) ) ;
#110 = ORIENTED_EDGE ( 'NONE', *, *, #40, .T. ) ;
#111 = ADVANCED_FACE ( 'NONE', ( #1088 ), #1105, .T. ) ;
#112 = EDGE_LOOP ( 'NONE', ( #6355, #6441, #583, #5635 ) ) ;
#113 = ORIENTED_EDGE ( 'NONE', *, *, #577, .T. ) ;
#114 = ORIENTED_EDGE ( 'NONE', *, *, #5681, .F. ) ;
#115 = EDGE_CURVE ( 'NONE', #5643, #616, #1110, .T. ) ;
#116 = EDGE_CURVE ( 'NONE', #133, #6379, #1115, .T. ) ;
#117 = VERTEX_POINT ( 'NONE', #1119 ) ;
#118 = ORIENTED_EDGE ( 'NONE', *, *, #84, .F. ) ;
#119 = ORIENTED_EDGE ( 'NONE', *, *, #576, .T. ) ;
#120 = EDGE_CURVE ( 'NONE', #6489, #6500, #1132, .T. ) ;
#121 = VERTEX_POINT ( 'NONE', #1140 ) ;
#122 = ORIENTED_EDGE ( 'NONE', *, *, #5967, .F. ) ;
#123 = ADVANCED_FACE ( 'NONE', ( #1145 ), #1164, .F. ) ;
#124 = EDGE_CURVE ( 'NONE', #161, #6497, #1170, .T. ) ;
#125 = ORIENTED_EDGE ( 'NONE', *, *, #194, .F. ) ;
#126 = EDGE_CURVE ( 'NONE', #381, #5715, #1178, .T. ) ;
#127 = ORIENTED_EDGE ( 'NONE', *, *, #151, .T. ) ;
#128 = EDGE_LOOP ( 'NONE', ( #6137, #431, #5700, #1851 ) ) ;
#129 = ORIENTED_EDGE ( 'NONE', *, *, #105, .T. ) ;
#130 = ORIENTED_EDGE ( 'NONE', *, *, #6302, .T. ) ;
#131 = ORIENTED_EDGE ( 'NONE', *, *, #5303, .F. ) ;
#132 = ORIENTED_EDGE ( 'NONE', *, *, #628, .T. ) ;
#133 = VERTEX_POINT ( 'NONE', #1194 ) ;
#134 = ADVANCED_FACE ( 'NONE', ( #1195 ), #1196, .F. ) ;
#135 = EDGE_CURVE ( 'NONE', #5900, #640, #1201, .T. ) ;
#136 = ORIENTED_EDGE ( 'NONE', *, *, #65, .F. ) ;
#137 = EDGE_CURVE ( 'NONE', #2199, #2356, #1207, .T. ) ;
#138 = ORIENTED_EDGE ( 'NONE', *, *, #6461, .F. ) ;
#139 = EDGE_CURVE ( 'NONE', #426, #1131, #1211, .T. ) ;
#140 = EDGE_CURVE ( 'NONE', #6167, #6431, #1215, .T. ) ;
#141 = ORIENTED_EDGE ( 'NONE', *, *, #1254, .T. ) ;
#142 = ORIENTED_EDGE ( 'NONE', *, *, #6211, .T. ) ;
#143 = VERTEX_POINT ( 'NONE', #1219 ) ;
#144 = ORIENTED_EDGE ( 'NONE', *, *, #169, .T. ) ;
#145 = ORIENTED_EDGE ( 'NONE', *, *, #4041, .F. ) ;
#146 = ORIENTED_EDGE ( 'NONE', *, *, #177, .F. ) ;
#147 = EDGE_CURVE ( 'NONE', #190, #5970, #1220, .T. ) ;
#148 = VERTEX_POINT ( 'NONE', #1224 ) ;
#149 = EDGE_CURVE ( 'NONE', #1633, #183, #1225, .T. ) ;
#150 = EDGE_CURVE ( 'NONE', #6113, #53, #1229, .T. ) ;
#151 = EDGE_CURVE ( 'NONE', #613, #5919, #1233, .T. ) ;
#152 = VERTEX_POINT ( 'NONE', #1237 ) ;
#153 = ORIENTED_EDGE ( 'NONE', *, *, #251, .F. ) ;
#154 = VERTEX_POINT ( 'NONE', #1238 ) ;
#155 = EDGE_LOOP ( 'NONE', ( #95, #3895, #6268, #6473 ) ) ;
#156 = ORIENTED_EDGE ( 'NONE', *, *, #176, .T. ) ;
#157 = EDGE_CURVE ( 'NONE', #382, #5647, #1239, .T. ) ;
#158 = ORIENTED_EDGE ( 'NONE', *, *, #232, .F. ) ;
#159 = VERTEX_POINT ( 'NONE', #1243 ) ;
#160 = ORIENTED_EDGE ( 'NONE', *, *, #5991, .F. ) ;
#161 = VERTEX_POINT ( 'NONE', #1244 ) ;
#162 = ORIENTED_EDGE ( 'NONE', *, *, #6312, .T. ) ;
#163 = ADVANCED_FACE ( 'NONE', ( #1245 ), #1246, .T. ) ;
#164 = EDGE_CURVE ( 'NONE', #2912, #423, #1251, .T. ) ;
#165 = ORIENTED_EDGE ( 'NONE', *, *, #5972, .F. ) ;
#166 = EDGE_CURVE ( 'NONE', #544, #6082, #1282, .T. ) ;
#167 = EDGE_LOOP ( 'NONE', ( #657, #5589, #6296, #6357, #5852, #174 ) ) ;
#168 = ADVANCED_FACE ( 'NONE', ( #1286, #1287 ), #1306, .F. ) ;
#169 = EDGE_CURVE ( 'NONE', #208, #2757, #1312, .T. ) ;
#170 = EDGE_LOOP ( 'NONE', ( #719, #5838, #3987, #6172 ) ) ;
#171 = ORIENTED_EDGE ( 'NONE', *, *, #214, .F. ) ;
#172 = EDGE_CURVE ( 'NONE', #6307, #6013, #1316, .T. ) ;
#173 = ORIENTED_EDGE ( 'NONE', *, *, #6264, .T. ) ;
#174 = ORIENTED_EDGE ( 'NONE', *, *, #232, .T. ) ;
#175 = ORIENTED_EDGE ( 'NONE', *, *, #481, .T. ) ;
#176 = EDGE_CURVE ( 'NONE', #5722, #6498, #1320, .T. ) ;
#177 = EDGE_CURVE ( 'NONE', #640, #5870, #1326, .T. ) ;
#178 = ORIENTED_EDGE ( 'NONE', *, *, #169, .F. ) ;
#179 = ORIENTED_EDGE ( 'NONE', *, *, #6055, .F. ) ;
#180 = ADVANCED_FACE ( 'NONE', ( #1330 ), #1331, .T. ) ;
#181 = VERTEX_POINT ( 'NONE', #1336 ) ;
#182 = EDGE_CURVE ( 'NONE', #4476, #241, #1337, .T. ) ;
#183 = VERTEX_POINT ( 'NONE', #1341 ) ;
#184 = ORIENTED_EDGE ( 'NONE', *, *, #5493, .F. ) ;
#185 = EDGE_LOOP ( 'NONE', ( #5459, #2253, #5454, #670 ) ) ;
#186 = ORIENTED_EDGE ( 'NONE', *, *, #5745, .T. ) ;
#187 = ORIENTED_EDGE ( 'NONE', *, *, #479, .T. ) ;
#188 = VERTEX_POINT ( 'NONE', #1343 ) ;
#189 = EDGE_CURVE ( 'NONE', #1547, #6401, #1344, .T. ) ;
#190 = VERTEX_POINT ( 'NONE', #1348 ) ;
#191 = ORIENTED_EDGE ( 'NONE', *, *, #36, .F. ) ;
#192 = ORIENTED_EDGE ( 'NONE', *, *, #6229, .F. ) ;
#193 = ORIENTED_EDGE ( 'NONE', *, *, #956, .T. ) ;
#194 = EDGE_CURVE ( 'NONE', #1148, #93, #1349, .T. ) ;
#195 = ADVANCED_FACE ( 'NONE', ( #1353 ), #1354, .T. ) ;
#196 = ADVANCED_FACE ( 'NONE', ( #1360 ), #1361, .T. ) ;
#197 = ORIENTED_EDGE ( 'NONE', *, *, #5631, .T. ) ;
#198 = EDGE_LOOP ( 'NONE', ( #680, #4987, #5450, #5836 ) ) ;
#199 = ORIENTED_EDGE ( 'NONE', *, *, #239, .F. ) ;
#200 = ORIENTED_EDGE ( 'NONE', *, *, #264, .T. ) ;
#201 = ORIENTED_EDGE ( 'NONE', *, *, #226, .F. ) ;
#202 = ORIENTED_EDGE ( 'NONE', *, *, #264, .F. ) ;
#203 = ORIENTED_EDGE ( 'NONE', *, *, #538, .F. ) ;
#204 = ORIENTED_EDGE ( 'NONE', *, *, #6332, .F. ) ;
#205 = ADVANCED_FACE ( 'NONE', ( #1372 ), #1373, .T. ) ;
#206 = VERTEX_POINT ( 'NONE', #1387 ) ;
#207 = ADVANCED_FACE ( 'NONE', ( #1388 ), #1389, .F. ) ;
#208 = VERTEX_POINT ( 'NONE', #1394 ) ;
#209 = EDGE_CURVE ( 'NONE', #233, #5738, #1396, .T. ) ;
#210 = ORIENTED_EDGE ( 'NONE', *, *, #5714, .T. ) ;
#211 = ORIENTED_EDGE ( 'NONE', *, *, #240, .F. ) ;
#212 = EDGE_CURVE ( 'NONE', #319, #5611, #1400, .T. ) ;
#213 = ADVANCED_FACE ( 'NONE', ( #1404 ), #1405, .T. ) ;
#214 = EDGE_CURVE ( 'NONE', #6052, #6316, #1410, .T. ) ;
#215 = ORIENTED_EDGE ( 'NONE', *, *, #6250, .T. ) ;
#216 = EDGE_LOOP ( 'NONE', ( #5628, #292, #511, #6145 ) ) ;
#217 = VERTEX_POINT ( 'NONE', #1414 ) ;
#218 = EDGE_CURVE ( 'NONE', #4477, #286, #1415, .T. ) ;
#219 = ORIENTED_EDGE ( 'NONE', *, *, #5826, .F. ) ;
#220 = ORIENTED_EDGE ( 'NONE', *, *, #61, .T. ) ;
#221 = ORIENTED_EDGE ( 'NONE', *, *, #6076, .T. ) ;
#222 = ORIENTED_EDGE ( 'NONE', *, *, #6352, .T. ) ;
#223 = ADVANCED_FACE ( 'NONE', ( #1436 ), #1437, .F. ) ;
#224 = EDGE_LOOP ( 'NONE', ( #5862, #5923, #113, #136 ) ) ;
#225 = ORIENTED_EDGE ( 'NONE', *, *, #245, .F. ) ;
#226 = EDGE_CURVE ( 'NONE', #1598, #5620, #1442, .T. ) ;
#227 = ADVANCED_FACE ( 'NONE', ( #1447 ), #1448, .F. ) ;
#228 = ORIENTED_EDGE ( 'NONE', *, *, #248, .T. ) ;
#229 = ADVANCED_FACE ( 'NONE', ( #1453, #1454 ), #1472, .F. ) ;
#230 = ORIENTED_EDGE ( 'NONE', *, *, #231, .F. ) ;
#231 = EDGE_CURVE ( 'NONE', #77, #258, #1477, .T. ) ;
#232 = EDGE_CURVE ( 'NONE', #2704, #5858, #1483, .T. ) ;
#233 = VERTEX_POINT ( 'NONE', #1488 ) ;
#234 = ORIENTED_EDGE ( 'NONE', *, *, #5823, .T. ) ;
#235 = ORIENTED_EDGE ( 'NONE', *, *, #5356, .T. ) ;
#236 = EDGE_LOOP ( 'NONE', ( #674, #361, #528, #665, #191, #48, #5539, #5650 ) ) ;
#237 = ORIENTED_EDGE ( 'NONE', *, *, #251, .T. ) ;
#238 = ORIENTED_EDGE ( 'NONE', *, *, #5395, .T. ) ;
#239 = EDGE_CURVE ( 'NONE', #6313, #5792, #1489, .T. ) ;
#240 = EDGE_CURVE ( 'NONE', #537, #473, #1493, .T. ) ;
#241 = VERTEX_POINT ( 'NONE', #1497 ) ;
#242 = EDGE_LOOP ( 'NONE', ( #6202, #6156, #6245, #6234 ) ) ;
#243 = EDGE_CURVE ( 'NONE', #6484, #5920, #1502, .T. ) ;
#244 = ORIENTED_EDGE ( 'NONE', *, *, #80, .T. ) ;
#245 = EDGE_CURVE ( 'NONE', #5740, #49, #1506, .T. ) ;
#246 = EDGE_LOOP ( 'NONE', ( #5895, #6330, #5886, #85, #5897, #6342, #6083, #6128 ) ) ;
#247 = ADVANCED_FACE ( 'NONE', ( #1510 ), #1511, .T. ) ;
#248 = EDGE_CURVE ( 'NONE', #3630, #259, #1517, .T. ) ;
#249 = ADVANCED_FACE ( 'NONE', ( #1525 ), #1526, .F. ) ;
#250 = VERTEX_POINT ( 'NONE', #1531 ) ;
#251 = EDGE_CURVE ( 'NONE', #6136, #271, #1532, .T. ) ;
#252 = ORIENTED_EDGE ( 'NONE', *, *, #276, .T. ) ;
#253 = ORIENTED_EDGE ( 'NONE', *, *, #954, .T. ) ;
#254 = VERTEX_POINT ( 'NONE', #1544 ) ;
#255 = ORIENTED_EDGE ( 'NONE', *, *, #3576, .T. ) ;
#256 = EDGE_LOOP ( 'NONE', ( #5659, #5495, #5523, #6057 ) ) ;
#257 = ADVANCED_FACE ( 'NONE', ( #1548 ), #1549, .F. ) ;
#258 = VERTEX_POINT ( 'NONE', #1554 ) ;
#259 = VERTEX_POINT ( 'NONE', #1555 ) ;
#260 = ORIENTED_EDGE ( 'NONE', *, *, #6209, .F. ) ;
#261 = VERTEX_POINT ( 'NONE', #1560 ) ;
#262 = ORIENTED_EDGE ( 'NONE', *, *, #682, .T. ) ;
#263 = ORIENTED_EDGE ( 'NONE', *, *, #182, .F. ) ;
#264 = EDGE_CURVE ( 'NONE', #6284, #6313, #1561, .T. ) ;
#265 = ADVANCED_FACE ( 'NONE', ( #1567 ), #1568, .T. ) ;
#266 = VERTEX_POINT ( 'NONE', #1573 ) ;
#267 = ORIENTED_EDGE ( 'NONE', *, *, #5903, .T. ) ;
#268 = ADVANCED_FACE ( 'NONE', ( #1574 ), #1590, .F. ) ;
#269 = EDGE_LOOP ( 'NONE', ( #6065, #6016, #533, #744 ) ) ;
#270 = ORIENTED_EDGE ( 'NONE', *, *, #562, .T. ) ;
#271 = VERTEX_POINT ( 'NONE', #1600 ) ;
#272 = ORIENTED_EDGE ( 'NONE', *, *, #4841, .T. ) ;
#273 = VERTEX_POINT ( 'NONE', #1601 ) ;
#274 = ORIENTED_EDGE ( 'NONE', *, *, #1461, .F. ) ;
#275 = ORIENTED_EDGE ( 'NONE', *, *, #325, .F. ) ;
#276 = EDGE_CURVE ( 'NONE', #5802, #4286, #1602, .T. ) ;
#277 = ORIENTED_EDGE ( 'NONE', *, *, #956, .F. ) ;
#278 = EDGE_CURVE ( 'NONE', #697, #3369, #1606, .T. ) ;
#279 = ORIENTED_EDGE ( 'NONE', *, *, #6507, .T. ) ;
#280 = ADVANCED_FACE ( 'NONE', ( #1611 ), #1612, .F. ) ;
#281 = ORIENTED_EDGE ( 'NONE', *, *, #329, .F. ) ;
#282 = ORIENTED_EDGE ( 'NONE', *, *, #5956, .F. ) ;
#283 = ORIENTED_EDGE ( 'NONE', *, *, #662, .T. ) ;
#284 = ORIENTED_EDGE ( 'NONE', *, *, #6461, .T. ) ;
#285 = EDGE_LOOP ( 'NONE', ( #104, #6187, #127, #6139 ) ) ;
#286 = VERTEX_POINT ( 'NONE', #1627 ) ;
#287 = ORIENTED_EDGE ( 'NONE', *, *, #5604, .T. ) ;
#288 = ORIENTED_EDGE ( 'NONE', *, *, #6290, .T. ) ;
#289 = ORIENTED_EDGE ( 'NONE', *, *, #5302, .T. ) ;
#290 = ORIENTED_EDGE ( 'NONE', *, *, #352, .F. ) ;
#291 = EDGE_CURVE ( 'NONE', #397, #473, #1628, .T. ) ;
#292 = ORIENTED_EDGE ( 'NONE', *, *, #6023, .T. ) ;
#293 = ORIENTED_EDGE ( 'NONE', *, *, #366, .T. ) ;
#294 = VERTEX_POINT ( 'NONE', #1640 ) ;
#295 = EDGE_LOOP ( 'NONE', ( #390, #5893, #4339, #6225 ) ) ;
#296 = ORIENTED_EDGE ( 'NONE', *, *, #459, .F. ) ;
#297 = ORIENTED_EDGE ( 'NONE', *, *, #314, .F. ) ;
#298 = EDGE_LOOP ( 'NONE', ( #420, #5736, #6178, #6419 ) ) ;
#299 = ORIENTED_EDGE ( 'NONE', *, *, #4041, .T. ) ;
#300 = EDGE_LOOP ( 'NONE', ( #222, #5458, #498, #5678, #403, #543 ) ) ;
#301 = ORIENTED_EDGE ( 'NONE', *, *, #4967, .T. ) ;
#302 = ORIENTED_EDGE ( 'NONE', *, *, #139, .T. ) ;
#303 = ORIENTED_EDGE ( 'NONE', *, *, #331, .F. ) ;
#304 = ORIENTED_EDGE ( 'NONE', *, *, #321, .F. ) ;
#305 = ORIENTED_EDGE ( 'NONE', *, *, #366, .F. ) ;
#306 = ORIENTED_EDGE ( 'NONE', *, *, #2703, .F. ) ;
#307 = ORIENTED_EDGE ( 'NONE', *, *, #647, .T. ) ;
#308 = EDGE_CURVE ( 'NONE', #332, #6162, #1654, .T. ) ;
#309 = EDGE_CURVE ( 'NONE', #5738, #327, #1658, .T. ) ;
#310 = ORIENTED_EDGE ( 'NONE', *, *, #6370, .T. ) ;
#311 = ORIENTED_EDGE ( 'NONE', *, *, #5958, .T. ) ;
#312 = EDGE_CURVE ( 'NONE', #5849, #6316, #1662, .T. ) ;
#313 = EDGE_LOOP ( 'NONE', ( #5800, #6305, #725, #787 ) ) ;
#314 = EDGE_CURVE ( 'NONE', #383, #734, #1666, .T. ) ;
#315 = ORIENTED_EDGE ( 'NONE', *, *, #3044, .T. ) ;
#316 = ADVANCED_FACE ( 'NONE', ( #1701 ), #1702, .F. ) ;
#317 = EDGE_LOOP ( 'NONE', ( #1718, #6381, #3283, #3700 ) ) ;
#318 = VERTEX_POINT ( 'NONE', #1711 ) ;
#319 = VERTEX_POINT ( 'NONE', #1712 ) ;
#320 = ORIENTED_EDGE ( 'NONE', *, *, #137, .T. ) ;
#321 = EDGE_CURVE ( 'NONE', #4805, #338, #1721, .T. ) ;
#322 = EDGE_CURVE ( 'NONE', #558, #5936, #1726, .T. ) ;
#323 = EDGE_LOOP ( 'NONE', ( #476, #38, #91, #178 ) ) ;
#324 = EDGE_CURVE ( 'NONE', #117, #6123, #1734, .T. ) ;
#325 = EDGE_CURVE ( 'NONE', #294, #2181, #1738, .T. ) ;
#326 = EDGE_LOOP ( 'NONE', ( #417, #676, #633, #6366, #6021, #6037 ) ) ;
#327 = VERTEX_POINT ( 'NONE', #1742 ) ;
#328 = EDGE_CURVE ( 'NONE', #377, #382, #1743, .T. ) ;
#329 = EDGE_CURVE ( 'NONE', #5989, #523, #1747, .T. ) ;
#330 = EDGE_CURVE ( 'NONE', #380, #6069, #1751, .T. ) ;
#331 = EDGE_CURVE ( 'NONE', #6069, #5706, #1755, .T. ) ;
#332 = VERTEX_POINT ( 'NONE', #1759 ) ;
#333 = EDGE_CURVE ( 'NONE', #217, #335, #1761, .T. ) ;
#334 = ADVANCED_FACE ( 'NONE', ( #1765, #1766, #1767, #1769, #1770, #1771 ), #1787, .F. ) ;
#335 = VERTEX_POINT ( 'NONE', #1792 ) ;
#336 = ORIENTED_EDGE ( 'NONE', *, *, #6321, .T. ) ;
#337 = ORIENTED_EDGE ( 'NONE', *, *, #700, .F. ) ;
#338 = VERTEX_POINT ( 'NONE', #1794 ) ;
#339 = ORIENTED_EDGE ( 'NONE', *, *, #5604, .F. ) ;
#340 = ADVANCED_FACE ( 'NONE', ( #1799 ), #1800, .T. ) ;
#341 = ORIENTED_EDGE ( 'NONE', *, *, #5672, .F. ) ;
#342 = ORIENTED_EDGE ( 'NONE', *, *, #365, .T. ) ;
#343 = ORIENTED_EDGE ( 'NONE', *, *, #5896, .T. ) ;
#344 = EDGE_CURVE ( 'NONE', #2634, #6502, #1810, .T. ) ;
#345 = VERTEX_POINT ( 'NONE', #1814 ) ;
#346 = ORIENTED_EDGE ( 'NONE', *, *, #2826, .T. ) ;
#347 = ORIENTED_EDGE ( 'NONE', *, *, #474, .F. ) ;
#348 = ORIENTED_EDGE ( 'NONE', *, *, #5669, .T. ) ;
#349 = ORIENTED_EDGE ( 'NONE', *, *, #408, .T. ) ;
#350 = ORIENTED_EDGE ( 'NONE', *, *, #4932, .F. ) ;
#351 = EDGE_LOOP ( 'NONE', ( #624, #58, #74, #5477, #4822, #413 ) ) ;
#352 = EDGE_CURVE ( 'NONE', #5998, #5779, #1821, .T. ) ;
#353 = ADVANCED_FACE ( 'NONE', ( #1825 ), #1826, .F. ) ;
#354 = ORIENTED_EDGE ( 'NONE', *, *, #6033, .F. ) ;
#355 = ADVANCED_FACE ( 'NONE', ( #1836 ), #1854, .F. ) ;
#356 = EDGE_CURVE ( 'NONE', #5668, #5866, #1859, .T. ) ;
#357 = ADVANCED_FACE ( 'NONE', ( #1863 ), #1864, .T. ) ;
#358 = EDGE_LOOP ( 'NONE', ( #193, #282, #5751, #197 ) ) ;
#359 = ORIENTED_EDGE ( 'NONE', *, *, #459, .T. ) ;
#360 = ORIENTED_EDGE ( 'NONE', *, *, #6466, .T. ) ;
#361 = ORIENTED_EDGE ( 'NONE', *, *, #508, .F. ) ;
#362 = ORIENTED_EDGE ( 'NONE', *, *, #5882, .T. ) ;
#363 = ORIENTED_EDGE ( 'NONE', *, *, #3789, .F. ) ;
#364 = EDGE_LOOP ( 'NONE', ( #4842, #2721, #5, #5899 ) ) ;
#365 = EDGE_CURVE ( 'NONE', #327, #4042, #1870, .T. ) ;
#366 = EDGE_CURVE ( 'NONE', #3369, #6167, #1874, .T. ) ;
#367 = EDGE_CURVE ( 'NONE', #4, #133, #1878, .T. ) ;
#368 = EDGE_LOOP ( 'NONE', ( #5607, #6161, #5925, #6446 ) ) ;
#369 = EDGE_CURVE ( 'NONE', #412, #5796, #1883, .T. ) ;
#370 = ORIENTED_EDGE ( 'NONE', *, *, #5513, .T. ) ;
#371 = VERTEX_POINT ( 'NONE', #1890 ) ;
#372 = ADVANCED_FACE ( 'NONE', ( #1891 ), #1892, .T. ) ;
#373 = ADVANCED_FACE ( 'NONE', ( #1897 ), #1913, .F. ) ;
#374 = ADVANCED_FACE ( 'NONE', ( #1918 ), #1935, .F. ) ;
#375 = ORIENTED_EDGE ( 'NONE', *, *, #5302, .F. ) ;
#376 = ADVANCED_FACE ( 'NONE', ( #1942 ), #1943, .F. ) ;
#377 = VERTEX_POINT ( 'NONE', #1949 ) ;
#378 = VERTEX_POINT ( 'NONE', #1950 ) ;
#379 = ORIENTED_EDGE ( 'NONE', *, *, #577, .F. ) ;
#380 = VERTEX_POINT ( 'NONE', #1951 ) ;
#381 = VERTEX_POINT ( 'NONE', #1952 ) ;
#382 = VERTEX_POINT ( 'NONE', #1953 ) ;
#383 = VERTEX_POINT ( 'NONE', #1955 ) ;
#384 = ORIENTED_EDGE ( 'NONE', *, *, #437, .T. ) ;
#385 = ADVANCED_FACE ( 'NONE', ( #1956 ), #1957, .T. ) ;
#386 = ADVANCED_FACE ( 'NONE', ( #1962 ), #1963, .F. ) ;
#387 = ORIENTED_EDGE ( 'NONE', *, *, #647, .F. ) ;
#388 = ORIENTED_EDGE ( 'NONE', *, *, #731, .F. ) ;
#389 = VERTEX_POINT ( 'NONE', #1973 ) ;
#390 = ORIENTED_EDGE ( 'NONE', *, *, #5468, .T. ) ;
#391 = VERTEX_POINT ( 'NONE', #1979 ) ;
#392 = ADVANCED_FACE ( 'NONE', ( #1980 ), #1981, .F. ) ;
#393 = ORIENTED_EDGE ( 'NONE', *, *, #643, .T. ) ;
#394 = ADVANCED_FACE ( 'NONE', ( #1986 ), #1987, .T. ) ;
#395 = VERTEX_POINT ( 'NONE', #2002 ) ;
#396 = EDGE_CURVE ( 'NONE', #391, #534, #2008, .T. ) ;
#397 = VERTEX_POINT ( 'NONE', #2016 ) ;
#398 = ORIENTED_EDGE ( 'NONE', *, *, #470, .T. ) ;
#399 = ORIENTED_EDGE ( 'NONE', *, *, #6476, .T. ) ;
#400 = ORIENTED_EDGE ( 'NONE', *, *, #2945, .F. ) ;
#401 = EDGE_CURVE ( 'NONE', #6331, #206, #2017, .T. ) ;
#402 = EDGE_LOOP ( 'NONE', ( #5916, #529, #603, #235, #302, #5776 ) ) ;
#403 = ORIENTED_EDGE ( 'NONE', *, *, #5548, .F. ) ;
#404 = EDGE_CURVE ( 'NONE', #6489, #1, #2021, .T. ) ;
#405 = EDGE_CURVE ( 'NONE', #623, #5616, #2026, .T. ) ;
#406 = ORIENTED_EDGE ( 'NONE', *, *, #166, .T. ) ;
#407 = ADVANCED_FACE ( 'NONE', ( #2036 ), #2037, .T. ) ;
#408 = EDGE_CURVE ( 'NONE', #632, #499, #2044, .T. ) ;
#409 = VERTEX_POINT ( 'NONE', #2048 ) ;
#410 = VERTEX_POINT ( 'NONE', #2049 ) ;
#411 = ORIENTED_EDGE ( 'NONE', *, *, #6416, .F. ) ;
#412 = VERTEX_POINT ( 'NONE', #2050 ) ;
#413 = ORIENTED_EDGE ( 'NONE', *, *, #515, .T. ) ;
#414 = ADVANCED_FACE ( 'NONE', ( #2056 ), #2059, .F. ) ;
#415 = EDGE_LOOP ( 'NONE', ( #6186, #203, #6226, #6469 ) ) ;
#416 = ORIENTED_EDGE ( 'NONE', *, *, #34, .F. ) ;
#417 = ORIENTED_EDGE ( 'NONE', *, *, #578, .T. ) ;
#418 = EDGE_LOOP ( 'NONE', ( #5552, #6392, #6171, #244 ) ) ;
#419 = EDGE_LOOP ( 'NONE', ( #743, #611, #6081, #5680, #433, #215 ) ) ;
#420 = ORIENTED_EDGE ( 'NONE', *, *, #5999, .F. ) ;
#421 = VERTEX_POINT ( 'NONE', #2079 ) ;
#422 = EDGE_LOOP ( 'NONE', ( #202, #6448, #82, #199 ) ) ;
#423 = VERTEX_POINT ( 'NONE', #2080 ) ;
#424 = EDGE_LOOP ( 'NONE', ( #463, #6118, #5054, #6014 ) ) ;
#425 = EDGE_LOOP ( 'NONE', ( #14, #3300, #618, #5975 ) ) ;
#426 = VERTEX_POINT ( 'NONE', #2081 ) ;
#427 = ORIENTED_EDGE ( 'NONE', *, *, #164, .T. ) ;
#428 = ORIENTED_EDGE ( 'NONE', *, *, #439, .T. ) ;
#429 = EDGE_LOOP ( 'NONE', ( #469, #2161, #5531, #5559, #6165, #5840 ) ) ;
#430 = ORIENTED_EDGE ( 'NONE', *, *, #5831, .T. ) ;
#431 = ORIENTED_EDGE ( 'NONE', *, *, #231, .T. ) ;
#432 = ADVANCED_FACE ( 'NONE', ( #2084 ), #2085, .T. ) ;
#433 = ORIENTED_EDGE ( 'NONE', *, *, #451, .T. ) ;
#434 = ORIENTED_EDGE ( 'NONE', *, *, #6210, .F. ) ;
#435 = EDGE_LOOP ( 'NONE', ( #6224, #5811, #6105, #6182 ) ) ;
#436 = ORIENTED_EDGE ( 'NONE', *, *, #449, .F. ) ;
#437 = EDGE_CURVE ( 'NONE', #6502, #5820, #2094, .T. ) ;
#438 = EDGE_LOOP ( 'NONE', ( #505, #5898, #5926, #5957 ) ) ;
#439 = EDGE_CURVE ( 'NONE', #2862, #5820, #2102, .T. ) ;
#440 = EDGE_CURVE ( 'NONE', #380, #517, #2111, .T. ) ;
#441 = EDGE_CURVE ( 'NONE', #11, #497, #2116, .T. ) ;
#442 = VERTEX_POINT ( 'NONE', #2128 ) ;
#443 = ORIENTED_EDGE ( 'NONE', *, *, #314, .T. ) ;
#444 = ORIENTED_EDGE ( 'NONE', *, *, #5610, .F. ) ;
#445 = ORIENTED_EDGE ( 'NONE', *, *, #6335, .F. ) ;
#446 = ORIENTED_EDGE ( 'NONE', *, *, #5799, .T. ) ;
#447 = ADVANCED_FACE ( 'NONE', ( #2134 ), #2152, .F. ) ;
#448 = ORIENTED_EDGE ( 'NONE', *, *, #5834, .T. ) ;
#449 = EDGE_CURVE ( 'NONE', #5837, #4042, #2157, .T. ) ;
#450 = ADVANCED_FACE ( 'NONE', ( #2165 ), #2166, .T. ) ;
#451 = EDGE_CURVE ( 'NONE', #3932, #1633, #2175, .T. ) ;
#452 = ORIENTED_EDGE ( 'NONE', *, *, #6386, .F. ) ;
#453 = VERTEX_POINT ( 'NONE', #2183 ) ;
#454 = EDGE_CURVE ( 'NONE', #668, #6050, #2190, .T. ) ;
#455 = ORIENTED_EDGE ( 'NONE', *, *, #1564, .F. ) ;
#456 = ORIENTED_EDGE ( 'NONE', *, *, #4200, .F. ) ;
#457 = EDGE_LOOP ( 'NONE', ( #492, #3807, #5961, #5992 ) ) ;
#458 = ADVANCED_FACE ( 'NONE', ( #2194 ), #2195, .F. ) ;
#459 = EDGE_CURVE ( 'NONE', #473, #4860, #2202, .T. ) ;
#460 = EDGE_LOOP ( 'NONE', ( #284, #5940, #359, #565, #642, #5905 ) ) ;
#461 = ADVANCED_FACE ( 'NONE', ( #2206 ), #2207, .F. ) ;
#462 = ORIENTED_EDGE ( 'NONE', *, *, #5984, .T. ) ;
#463 = ORIENTED_EDGE ( 'NONE', *, *, #6318, .T. ) ;
#464 = ORIENTED_EDGE ( 'NONE', *, *, #6115, .F. ) ;
#465 = ADVANCED_FACE ( 'NONE', ( #2212 ), #2213, .F. ) ;
#466 = ORIENTED_EDGE ( 'NONE', *, *, #324, .F. ) ;
#467 = EDGE_LOOP ( 'NONE', ( #4113, #6295, #2476, #142 ) ) ;
#468 = ORIENTED_EDGE ( 'NONE', *, *, #6318, .F. ) ;
#469 = ORIENTED_EDGE ( 'NONE', *, *, #5246, .T. ) ;
#470 = EDGE_CURVE ( 'NONE', #233, #6260, #2219, .T. ) ;
#471 = ORIENTED_EDGE ( 'NONE', *, *, #5947, .F. ) ;
#472 = ORIENTED_EDGE ( 'NONE', *, *, #737, .F. ) ;
#473 = VERTEX_POINT ( 'NONE', #2236 ) ;
#474 = EDGE_CURVE ( 'NONE', #5847, #5159, #2237, .T. ) ;
#475 = EDGE_CURVE ( 'NONE', #6043, #3951, #2241, .T. ) ;
#476 = ORIENTED_EDGE ( 'NONE', *, *, #6486, .F. ) ;
#477 = ADVANCED_FACE ( 'NONE', ( #2245 ), #2263, .F. ) ;
#478 = ADVANCED_FACE ( 'NONE', ( #2274 ), #2275, .T. ) ;
#479 = EDGE_CURVE ( 'NONE', #523, #6401, #2280, .T. ) ;
#480 = ADVANCED_FACE ( 'NONE', ( #2311 ), #2312, .F. ) ;
#481 = EDGE_CURVE ( 'NONE', #491, #1060, #2324, .T. ) ;
#482 = ADVANCED_FACE ( 'NONE', ( #2328 ), #2329, .F. ) ;
#483 = EDGE_LOOP ( 'NONE', ( #5506, #5264, #5758, #370 ) ) ;
#484 = ADVANCED_FACE ( 'NONE', ( #2347 ), #2348, .T. ) ;
#485 = ORIENTED_EDGE ( 'NONE', *, *, #6391, .T. ) ;
#486 = ORIENTED_EDGE ( 'NONE', *, *, #278, .F. ) ;
#487 = ADVANCED_FACE ( 'NONE', ( #2353 ), #2354, .F. ) ;
#488 = EDGE_LOOP ( 'NONE', ( #5828, #5460, #693, #6343, #6444, #430 ) ) ;
#489 = ADVANCED_FACE ( 'NONE', ( #2364 ), #2365, .F. ) ;
#490 = ORIENTED_EDGE ( 'NONE', *, *, #3988, .F. ) ;
#491 = VERTEX_POINT ( 'NONE', #2371 ) ;
#492 = ORIENTED_EDGE ( 'NONE', *, *, #328, .T. ) ;
#493 = ORIENTED_EDGE ( 'NONE', *, *, #507, .F. ) ;
#494 = ORIENTED_EDGE ( 'NONE', *, *, #515, .F. ) ;
#495 = ORIENTED_EDGE ( 'NONE', *, *, #6417, .T. ) ;
#496 = EDGE_LOOP ( 'NONE', ( #6138, #6235, #519, #1150 ) ) ;
#497 = VERTEX_POINT ( 'NONE', #2377 ) ;
#498 = ORIENTED_EDGE ( 'NONE', *, *, #6410, .T. ) ;
#499 = VERTEX_POINT ( 'NONE', #2378 ) ;
#500 = ORIENTED_EDGE ( 'NONE', *, *, #608, .T. ) ;
#501 = ORIENTED_EDGE ( 'NONE', *, *, #567, .T. ) ;
#502 = EDGE_LOOP ( 'NONE', ( #4442, #6432, #3611, #6299 ) ) ;
#503 = VERTEX_POINT ( 'NONE', #2408 ) ;
#504 = EDGE_CURVE ( 'NONE', #555, #5072, #2409, .T. ) ;
#505 = ORIENTED_EDGE ( 'NONE', *, *, #574, .F. ) ;
#506 = EDGE_CURVE ( 'NONE', #5847, #751, #2413, .T. ) ;
#507 = EDGE_CURVE ( 'NONE', #254, #5375, #2418, .T. ) ;
#508 = EDGE_CURVE ( 'NONE', #6031, #217, #2422, .T. ) ;
#509 = EDGE_LOOP ( 'NONE', ( #6259, #6044, #5985, #3213, #6429, #187 ) ) ;
#510 = ADVANCED_FACE ( 'NONE', ( #2432 ), #2433, .T. ) ;
#511 = ORIENTED_EDGE ( 'NONE', *, *, #405, .T. ) ;
#512 = ADVANCED_FACE ( 'NONE', ( #2445 ), #2446, .T. ) ;
#513 = ORIENTED_EDGE ( 'NONE', *, *, #3754, .T. ) ;
#514 = ORIENTED_EDGE ( 'NONE', *, *, #538, .T. ) ;
#515 = EDGE_CURVE ( 'NONE', #534, #716, #2451, .T. ) ;
#516 = ADVANCED_FACE ( 'NONE', ( #2455 ), #2456, .F. ) ;
#517 = VERTEX_POINT ( 'NONE', #2461 ) ;
#518 = ADVANCED_FACE ( 'NONE', ( #2462 ), #2463, .T. ) ;
#519 = ORIENTED_EDGE ( 'NONE', *, *, #5799, .F. ) ;
#520 = ORIENTED_EDGE ( 'NONE', *, *, #5823, .F. ) ;
#521 = ORIENTED_EDGE ( 'NONE', *, *, #44, .F. ) ;
#522 = EDGE_CURVE ( 'NONE', #5535, #6402, #2481, .T. ) ;
#523 = VERTEX_POINT ( 'NONE', #2485 ) ;
#524 = ORIENTED_EDGE ( 'NONE', *, *, #4967, .F. ) ;
#525 = ADVANCED_FACE ( 'NONE', ( #2492 ), #2493, .F. ) ;
#526 = ADVANCED_FACE ( 'NONE', ( #2501 ), #2502, .F. ) ;
#527 = EDGE_LOOP ( 'NONE', ( #592, #6117, #238, #303 ) ) ;
#528 = ORIENTED_EDGE ( 'NONE', *, *, #658, .T. ) ;
#529 = ORIENTED_EDGE ( 'NONE', *, *, #3949, .T. ) ;
#530 = ADVANCED_FACE ( 'NONE', ( #2507 ), #2508, .F. ) ;
#531 = ORIENTED_EDGE ( 'NONE', *, *, #594, .F. ) ;
#532 = ADVANCED_FACE ( 'NONE', ( #2513, #2514, #2515, #2516, #2517, #2518 ), #2535, .F. ) ;
#533 = ORIENTED_EDGE ( 'NONE', *, *, #542, .F. ) ;
#534 = VERTEX_POINT ( 'NONE', #2562 ) ;
#535 = ORIENTED_EDGE ( 'NONE', *, *, #564, .F. ) ;
#536 = EDGE_CURVE ( 'NONE', #93, #785, #2563, .T. ) ;
#537 = VERTEX_POINT ( 'NONE', #2567 ) ;
#538 = EDGE_CURVE ( 'NONE', #2843, #10, #2568, .T. ) ;
#539 = ORIENTED_EDGE ( 'NONE', *, *, #609, .F. ) ;
#540 = ORIENTED_EDGE ( 'NONE', *, *, #5461, .T. ) ;
#541 = EDGE_LOOP ( 'NONE', ( #6436, #5321, #6025, #225 ) ) ;
#542 = EDGE_CURVE ( 'NONE', #579, #5954, #2573, .T. ) ;
#543 = ORIENTED_EDGE ( 'NONE', *, *, #5687, .T. ) ;
#544 = VERTEX_POINT ( 'NONE', #2584 ) ;
#545 = ORIENTED_EDGE ( 'NONE', *, *, #6073, .F. ) ;
#546 = EDGE_LOOP ( 'NONE', ( #520, #6345, #548, #2723, #4252, #436 ) ) ;
#547 = EDGE_CURVE ( 'NONE', #586, #617, #2585, .T. ) ;
#548 = ORIENTED_EDGE ( 'NONE', *, *, #3492, .F. ) ;
#549 = ORIENTED_EDGE ( 'NONE', *, *, #6062, .T. ) ;
#550 = ADVANCED_FACE ( 'NONE', ( #2612 ), #2613, .F. ) ;
#551 = ORIENTED_EDGE ( 'NONE', *, *, #120, .F. ) ;
#552 = ORIENTED_EDGE ( 'NONE', *, *, #576, .F. ) ;
#553 = ORIENTED_EDGE ( 'NONE', *, *, #6104, .T. ) ;
#554 = ORIENTED_EDGE ( 'NONE', *, *, #593, .F. ) ;
#555 = VERTEX_POINT ( 'NONE', #2621 ) ;
#556 = ADVANCED_FACE ( 'NONE', ( #2622, #2623 ), #2640, .F. ) ;
#557 = EDGE_LOOP ( 'NONE', ( #3699, #919, #4636, #5911, #6177, #2845, #346, #102 ) ) ;
#558 = VERTEX_POINT ( 'NONE', #2649 ) ;
#559 = EDGE_CURVE ( 'NONE', #4443, #6334, #2650, .T. ) ;
#560 = ORIENTED_EDGE ( 'NONE', *, *, #602, .F. ) ;
#561 = ADVANCED_FACE ( 'NONE', ( #2654, #2655 ), #2675, .F. ) ;
#562 = EDGE_CURVE ( 'NONE', #3386, #625, #2680, .T. ) ;
#563 = ORIENTED_EDGE ( 'NONE', *, *, #396, .F. ) ;
#564 = EDGE_CURVE ( 'NONE', #5578, #378, #2684, .T. ) ;
#565 = ORIENTED_EDGE ( 'NONE', *, *, #4737, .F. ) ;
#566 = EDGE_LOOP ( 'NONE', ( #747, #5451, #6439, #6396 ) ) ;
#567 = EDGE_CURVE ( 'NONE', #319, #5486, #2690, .T. ) ;
#568 = ORIENTED_EDGE ( 'NONE', *, *, #103, .T. ) ;
#569 = ORIENTED_EDGE ( 'NONE', *, *, #322, .T. ) ;
#570 = EDGE_LOOP ( 'NONE', ( #5904, #3594, #720, #6072 ) ) ;
#571 = ORIENTED_EDGE ( 'NONE', *, *, #599, .F. ) ;
#572 = ORIENTED_EDGE ( 'NONE', *, *, #600, .F. ) ;
#573 = EDGE_LOOP ( 'NONE', ( #279, #694, #6483, #5533 ) ) ;
#574 = EDGE_CURVE ( 'NONE', #5679, #6284, #2731, .T. ) ;
#575 = ORIENTED_EDGE ( 'NONE', *, *, #5952, .T. ) ;
#576 = EDGE_CURVE ( 'NONE', #5498, #6032, #2739, .T. ) ;
#577 = EDGE_CURVE ( 'NONE', #616, #421, #2748, .T. ) ;
#578 = EDGE_CURVE ( 'NONE', #631, #5732, #2752, .T. ) ;
#579 = VERTEX_POINT ( 'NONE', #2756 ) ;
#580 = ADVANCED_FACE ( 'NONE', ( #2759 ), #2760, .F. ) ;
#581 = ORIENTED_EDGE ( 'NONE', *, *, #589, .T. ) ;
#582 = EDGE_LOOP ( 'NONE', ( #1183, #3542, #1377, #393 ) ) ;
#583 = ORIENTED_EDGE ( 'NONE', *, *, #451, .F. ) ;
#584 = EDGE_CURVE ( 'NONE', #286, #5759, #2765, .T. ) ;
#585 = ADVANCED_FACE ( 'NONE', ( #2769 ), #2770, .T. ) ;
#586 = VERTEX_POINT ( 'NONE', #2776 ) ;
#587 = ORIENTED_EDGE ( 'NONE', *, *, #607, .F. ) ;
#588 = ORIENTED_EDGE ( 'NONE', *, *, #6447, .F. ) ;
#589 = EDGE_CURVE ( 'NONE', #637, #6190, #2777, .T. ) ;
#590 = ORIENTED_EDGE ( 'NONE', *, *, #5775, .F. ) ;
#591 = ORIENTED_EDGE ( 'NONE', *, *, #5960, .F. ) ;
#592 = ORIENTED_EDGE ( 'NONE', *, *, #330, .F. ) ;
#593 = EDGE_CURVE ( 'NONE', #734, #614, #2791, .T. ) ;
#594 = EDGE_CURVE ( 'NONE', #6188, #380, #2796, .T. ) ;
#595 = EDGE_CURVE ( 'NONE', #5867, #183, #2800, .T. ) ;
#596 = ORIENTED_EDGE ( 'NONE', *, *, #636, .T. ) ;
#597 = VERTEX_POINT ( 'NONE', #2808 ) ;
#598 = ORIENTED_EDGE ( 'NONE', *, *, #479, .F. ) ;
#599 = EDGE_CURVE ( 'NONE', #5535, #5900, #2809, .T. ) ;
#600 = EDGE_CURVE ( 'NONE', #2862, #1937, #2813, .T. ) ;
#601 = ORIENTED_EDGE ( 'NONE', *, *, #3665, .F. ) ;
#602 = EDGE_CURVE ( 'NONE', #558, #637, #2817, .T. ) ;
#603 = ORIENTED_EDGE ( 'NONE', *, *, #5979, .T. ) ;
#604 = ORIENTED_EDGE ( 'NONE', *, *, #627, .F. ) ;
#605 = ORIENTED_EDGE ( 'NONE', *, *, #5627, .F. ) ;
#606 = ORIENTED_EDGE ( 'NONE', *, *, #5790, .F. ) ;
#607 = EDGE_CURVE ( 'NONE', #6082, #6480, #2827, .T. ) ;
#608 = EDGE_CURVE ( 'NONE', #121, #558, #2831, .T. ) ;
#609 = EDGE_CURVE ( 'NONE', #5483, #294, #2835, .T. ) ;
#610 = ORIENTED_EDGE ( 'NONE', *, *, #5356, .F. ) ;
#611 = ORIENTED_EDGE ( 'NONE', *, *, #209, .T. ) ;
#612 = ORIENTED_EDGE ( 'NONE', *, *, #736, .F. ) ;
#613 = VERTEX_POINT ( 'NONE', #2839 ) ;
#614 = VERTEX_POINT ( 'NONE', #2840 ) ;
#615 = EDGE_LOOP ( 'NONE', ( #645, #490, #588, #5558 ) ) ;
#616 = VERTEX_POINT ( 'NONE', #2846 ) ;
#617 = VERTEX_POINT ( 'NONE', #2847 ) ;
#618 = ORIENTED_EDGE ( 'NONE', *, *, #5708, .F. ) ;
#619 = ORIENTED_EDGE ( 'NONE', *, *, #5881, .F. ) ;
#620 = EDGE_LOOP ( 'NONE', ( #650, #3265, #4007, #5677, #5718, #5993 ) ) ;
#621 = VERTEX_POINT ( 'NONE', #2848 ) ;
#622 = EDGE_LOOP ( 'NONE', ( #653, #5966, #5452, #1719, #6181, #336 ) ) ;
#623 = VERTEX_POINT ( 'NONE', #2855 ) ;
#624 = ORIENTED_EDGE ( 'NONE', *, *, #629, .F. ) ;
#625 = VERTEX_POINT ( 'NONE', #2860 ) ;
#626 = ADVANCED_FACE ( 'NONE', ( #2884 ), #2885, .T. ) ;
#627 = EDGE_CURVE ( 'NONE', #634, #6449, #2890, .T. ) ;
#628 = EDGE_CURVE ( 'NONE', #555, #6247, #2900, .T. ) ;
#629 = EDGE_CURVE ( 'NONE', #371, #716, #2917, .T. ) ;
#630 = ORIENTED_EDGE ( 'NONE', *, *, #5747, .F. ) ;
#631 = VERTEX_POINT ( 'NONE', #2921 ) ;
#632 = VERTEX_POINT ( 'NONE', #2922 ) ;
#633 = ORIENTED_EDGE ( 'NONE', *, *, #567, .F. ) ;
#634 = VERTEX_POINT ( 'NONE', #2932 ) ;
#635 = ORIENTED_EDGE ( 'NONE', *, *, #29, .T. ) ;
#636 = EDGE_CURVE ( 'NONE', #3195, #6456, #2933, .T. ) ;
#637 = VERTEX_POINT ( 'NONE', #2937 ) ;
#638 = ORIENTED_EDGE ( 'NONE', *, *, #5789, .F. ) ;
#639 = ORIENTED_EDGE ( 'NONE', *, *, #84, .T. ) ;
#640 = VERTEX_POINT ( 'NONE', #2938 ) ;
#641 = ORIENTED_EDGE ( 'NONE', *, *, #6201, .T. ) ;
#642 = ORIENTED_EDGE ( 'NONE', *, *, #5825, .T. ) ;
#643 = EDGE_CURVE ( 'NONE', #161, #6032, #2939, .T. ) ;
#644 = ORIENTED_EDGE ( 'NONE', *, *, #5681, .T. ) ;
#645 = ORIENTED_EDGE ( 'NONE', *, *, #6399, .T. ) ;
#646 = ADVANCED_FACE ( 'NONE', ( #2948 ), #2949, .F. ) ;
#647 = EDGE_CURVE ( 'NONE', #5874, #6140, #2954, .T. ) ;
#648 = ORIENTED_EDGE ( 'NONE', *, *, #6338, .F. ) ;
#649 = EDGE_CURVE ( 'NONE', #261, #6140, #2985, .T. ) ;
#650 = ORIENTED_EDGE ( 'NONE', *, *, #3648, .F. ) ;
#651 = ORIENTED_EDGE ( 'NONE', *, *, #667, .F. ) ;
#652 = ORIENTED_EDGE ( 'NONE', *, *, #1444, .F. ) ;
#653 = ORIENTED_EDGE ( 'NONE', *, *, #5780, .T. ) ;
#654 = ORIENTED_EDGE ( 'NONE', *, *, #5691, .T. ) ;
#655 = ORIENTED_EDGE ( 'NONE', *, *, #820, .F. ) ;
#656 = EDGE_CURVE ( 'NONE', #668, #6087, #3021, .T. ) ;
#657 = ORIENTED_EDGE ( 'NONE', *, *, #103, .F. ) ;
#658 = EDGE_CURVE ( 'NONE', #6031, #6082, #3074, .T. ) ;
#659 = ADVANCED_FACE ( 'NONE', ( #3088 ), #3089, .T. ) ;
#660 = ORIENTED_EDGE ( 'NONE', *, *, #5713, .T. ) ;
#661 = ORIENTED_EDGE ( 'NONE', *, *, #5785, .T. ) ;
#662 = EDGE_CURVE ( 'NONE', #266, #258, #3175, .T. ) ;
#663 = ORIENTED_EDGE ( 'NONE', *, *, #218, .T. ) ;
#664 = ORIENTED_EDGE ( 'NONE', *, *, #6086, .T. ) ;
#665 = ORIENTED_EDGE ( 'NONE', *, *, #166, .F. ) ;
#666 = ADVANCED_FACE ( 'NONE', ( #3210 ), #3211, .F. ) ;
#667 = EDGE_CURVE ( 'NONE', #1988, #2704, #3222, .T. ) ;
#668 = VERTEX_POINT ( 'NONE', #3232 ) ;
#669 = EDGE_CURVE ( 'NONE', #681, #5878, #3239, .T. ) ;
#670 = ORIENTED_EDGE ( 'NONE', *, *, #731, .T. ) ;
#671 = ORIENTED_EDGE ( 'NONE', *, *, #6266, .T. ) ;
#672 = ORIENTED_EDGE ( 'NONE', *, *, #757, .T. ) ;
#673 = ORIENTED_EDGE ( 'NONE', *, *, #124, .T. ) ;
#674 = ORIENTED_EDGE ( 'NONE', *, *, #333, .F. ) ;
#675 = EDGE_CURVE ( 'NONE', #497, #338, #3340, .T. ) ;
#676 = ORIENTED_EDGE ( 'NONE', *, *, #1254, .F. ) ;
#677 = VERTEX_POINT ( 'NONE', #3362 ) ;
#678 = ORIENTED_EDGE ( 'NONE', *, *, #27, .F. ) ;
#679 = ORIENTED_EDGE ( 'NONE', *, *, #5453, .T. ) ;
#680 = ORIENTED_EDGE ( 'NONE', *, *, #5339, .T. ) ;
#681 = VERTEX_POINT ( 'NONE', #3452 ) ;
#682 = EDGE_CURVE ( 'NONE', #697, #5877, #3500, .T. ) ;
#683 = ORIENTED_EDGE ( 'NONE', *, *, #6007, .F. ) ;
#684 = ORIENTED_EDGE ( 'NONE', *, *, #71, .T. ) ;
#685 = ORIENTED_EDGE ( 'NONE', *, *, #700, .T. ) ;
#686 = ORIENTED_EDGE ( 'NONE', *, *, #536, .F. ) ;
#687 = VERTEX_POINT ( 'NONE', #3518 ) ;
#688 = ORIENTED_EDGE ( 'NONE', *, *, #707, .F. ) ;
#689 = ORIENTED_EDGE ( 'NONE', *, *, #1886, .F. ) ;
#690 = ORIENTED_EDGE ( 'NONE', *, *, #706, .F. ) ;
#691 = VERTEX_POINT ( 'NONE', #3538 ) ;
#692 = EDGE_LOOP ( 'NONE', ( #4568, #660, #5125, #5456 ) ) ;
#693 = ORIENTED_EDGE ( 'NONE', *, *, #454, .F. ) ;
#694 = ORIENTED_EDGE ( 'NONE', *, *, #5785, .F. ) ;
#695 = EDGE_CURVE ( 'NONE', #11, #5375, #3554, .T. ) ;
#696 = EDGE_CURVE ( 'NONE', #1, #735, #3558, .T. ) ;
#697 = VERTEX_POINT ( 'NONE', #3563 ) ;
#698 = ORIENTED_EDGE ( 'NONE', *, *, #714, .T. ) ;
#699 = EDGE_CURVE ( 'NONE', #6468, #616, #3573, .T. ) ;
#700 = EDGE_CURVE ( 'NONE', #6079, #64, #3579, .T. ) ;
#701 = ORIENTED_EDGE ( 'NONE', *, *, #820, .T. ) ;
#702 = EDGE_CURVE ( 'NONE', #6316, #152, #3588, .T. ) ;
#703 = ADVANCED_FACE ( 'NONE', ( #3592 ), #3593, .F. ) ;
#704 = EDGE_LOOP ( 'NONE', ( #6276, #51, #6277, #70 ) ) ;
#705 = ADVANCED_FACE ( 'NONE', ( #3609 ), #3610, .F. ) ;
#706 = EDGE_CURVE ( 'NONE', #5551, #5772, #3622, .T. ) ;
#707 = EDGE_CURVE ( 'NONE', #716, #154, #3634, .T. ) ;
#708 = ORIENTED_EDGE ( 'NONE', *, *, #6424, .F. ) ;
#709 = ADVANCED_FACE ( 'NONE', ( #3673 ), #3674, .T. ) ;
#710 = ADVANCED_FACE ( 'NONE', ( #3684 ), #3685, .F. ) ;
#711 = EDGE_LOOP ( 'NONE', ( #5853, #5071, #3826, #6347, #6009, #6285 ) ) ;
#712 = ORIENTED_EDGE ( 'NONE', *, *, #726, .F. ) ;
#713 = ORIENTED_EDGE ( 'NONE', *, *, #5595, .T. ) ;
#714 = EDGE_CURVE ( 'NONE', #5483, #6243, #3703, .T. ) ;
#715 = VERTEX_POINT ( 'NONE', #3717 ) ;
#716 = VERTEX_POINT ( 'NONE', #3719 ) ;
#717 = ORIENTED_EDGE ( 'NONE', *, *, #6090, .F. ) ;
#718 = ORIENTED_EDGE ( 'NONE', *, *, #5979, .F. ) ;
#719 = ORIENTED_EDGE ( 'NONE', *, *, #6321, .F. ) ;
#720 = ORIENTED_EDGE ( 'NONE', *, *, #6374, .F. ) ;
#721 = EDGE_LOOP ( 'NONE', ( #3474, #179, #5872, #5990 ) ) ;
#722 = ADVANCED_FACE ( 'NONE', ( #3775 ), #3776, .T. ) ;
#723 = VERTEX_POINT ( 'NONE', #3781 ) ;
#724 = EDGE_CURVE ( 'NONE', #5760, #5994, #3782, .T. ) ;
#725 = ORIENTED_EDGE ( 'NONE', *, *, #5528, .T. ) ;
#726 = EDGE_CURVE ( 'NONE', #5569, #3630, #3791, .T. ) ;
#727 = ORIENTED_EDGE ( 'NONE', *, *, #991, .T. ) ;
#728 = ORIENTED_EDGE ( 'NONE', *, *, #94, .T. ) ;
#729 = ORIENTED_EDGE ( 'NONE', *, *, #6450, .T. ) ;
#730 = ORIENTED_EDGE ( 'NONE', *, *, #6350, .F. ) ;
#731 = EDGE_CURVE ( 'NONE', #395, #4, #3903, .T. ) ;
#732 = EDGE_LOOP ( 'NONE', ( #6256, #5515, #175, #277, #5850, #1079 ) ) ;
#733 = EDGE_LOOP ( 'NONE', ( #5928, #5516, #521, #5832 ) ) ;
#734 = VERTEX_POINT ( 'NONE', #3936 ) ;
#735 = VERTEX_POINT ( 'NONE', #3967 ) ;
#736 = EDGE_CURVE ( 'NONE', #26, #2757, #3971, .T. ) ;
#737 = EDGE_CURVE ( 'NONE', #1205, #1988, #3983, .T. ) ;
#738 = ORIENTED_EDGE ( 'NONE', *, *, #2531, .F. ) ;
#739 = ADVANCED_FACE ( 'NONE', ( #4020, #4021 ), #4037, .F. ) ;
#740 = ORIENTED_EDGE ( 'NONE', *, *, #724, .T. ) ;
#741 = EDGE_LOOP ( 'NONE', ( #375, #122, #5519, #6002 ) ) ;
#742 = ORIENTED_EDGE ( 'NONE', *, *, #749, .T. ) ;
#743 = ORIENTED_EDGE ( 'NONE', *, *, #470, .F. ) ;
#744 = ORIENTED_EDGE ( 'NONE', *, *, #4389, .F. ) ;
#745 = ORIENTED_EDGE ( 'NONE', *, *, #308, .F. ) ;
#746 = ORIENTED_EDGE ( 'NONE', *, *, #5778, .T. ) ;
#747 = ORIENTED_EDGE ( 'NONE', *, *, #757, .F. ) ;
#748 = ORIENTED_EDGE ( 'NONE', *, *, #754, .T. ) ;
#749 = EDGE_CURVE ( 'NONE', #266, #6020, #4140, .T. ) ;
#750 = VERTEX_POINT ( 'NONE', #4144 ) ;
#751 = VERTEX_POINT ( 'NONE', #4155 ) ;
#752 = ORIENTED_EDGE ( 'NONE', *, *, #5282, .F. ) ;
#753 = ADVANCED_FACE ( 'NONE', ( #4174 ), #4175, .T. ) ;
#754 = EDGE_CURVE ( 'NONE', #5820, #691, #4191, .T. ) ;
#755 = ORIENTED_EDGE ( 'NONE', *, *, #5625, .F. ) ;
#756 = ORIENTED_EDGE ( 'NONE', *, *, #6229, .T. ) ;
#757 = EDGE_CURVE ( 'NONE', #188, #1971, #4211, .T. ) ;
#758 = ORIENTED_EDGE ( 'NONE', *, *, #6481, .T. ) ;
#759 = ORIENTED_EDGE ( 'NONE', *, *, #667, .T. ) ;
#760 = CARTESIAN_POINT ( 'NONE',  ( 6.819999999999999400, 0.5999999999999999800, 4.298049529643849500 ) ) ;
#761 = CARTESIAN_POINT ( 'NONE',  ( 11.90000000000000000, 0.6999999999999999600, -3.100000000000000100 ) ) ;
#762 = CARTESIAN_POINT ( 'NONE',  ( 1.740000000000000000, 1.629999999999999900, 3.763242816337275100 ) ) ;
#763 = LINE ( 'NONE', #764, #765 ) ;
#764 = CARTESIAN_POINT ( 'NONE',  ( 3.340000000000000300, 0.5999999999999999800, -3.100000000000000100 ) ) ;
#765 = VECTOR ( 'NONE', #766, 1000.000000000000000 ) ;
#766 = DIRECTION ( 'NONE',  ( 0.0000000000000000000, 0.0000000000000000000, -1.000000000000000000 ) ) ;
#767 = EDGE_LOOP ( 'NONE', ( #689, #698, #434, #472, #5584, #337 ) ) ;
#768 = ORIENTED_EDGE ( 'NONE', *, *, #214, .T. ) ;
#769 = CARTESIAN_POINT ( 'NONE',  ( 9.910000000000000100, -1.696505349396695000E-016, 4.899999999999999500 ) ) ;
#770 = LINE ( 'NONE', #771, #772 ) ;
#771 = CARTESIAN_POINT ( 'NONE',  ( 1.990000000000000000, 3.250000000000000000, -0.9499999999999999600 ) ) ;
#772 = VECTOR ( 'NONE', #773, 1000.000000000000000 ) ;
#773 = DIRECTION ( 'NONE',  ( 0.0000000000000000000, 0.0000000000000000000, 1.000000000000000000 ) ) ;
#774 = FACE_OUTER_BOUND ( 'NONE', #557, .T. ) ;
#775 = PLANE ( 'NONE',  #776 ) ;
#776 = AXIS2_PLACEMENT_3D ( 'NONE', #777, #778, #779 ) ;
#777 = CARTESIAN_POINT ( 'NONE',  ( 3.340000000000000300, 1.629999999999999900, -3.763242816337275100 ) ) ;
#778 = DIRECTION ( 'NONE',  ( 0.0000000000000000000, -0.2588190451025175800, 0.9659258262890692000 ) ) ;
#779 = DIRECTION ( 'NONE',  ( 0.0000000000000000000, -0.9659258262890692000, -0.2588190451025175800 ) ) ;
#780 = CARTESIAN_POINT ( 'NONE',  ( 7.370000000000000100, -1.696505349396695000E-016, -4.200000000000000200 ) ) ;
#781 = CARTESIAN_POINT ( 'NONE',  ( 0.7249999999999999800, 3.700000000000000200, -1.899999999999999900 ) ) ;
#782 = CARTESIAN_POINT ( 'NONE',  ( 6.819999999999999400, 0.5999999999999999800, 4.039230484541330500 ) ) ;
#783 = FACE_OUTER_BOUND ( 'NONE', #5474, .T. ) ;
#784 = COLOUR_RGB ( '',1.000000000000000000, 1.000000000000000000, 1.000000000000000000 ) ;
#785 = VERTEX_POINT ( 'NONE', #4249 ) ;
#786 = EDGE_CURVE ( 'NONE', #453, #992, #4258, .T. ) ;
#787 = ORIENTED_EDGE ( 'NONE', *, *, #629, .T. ) ;
#788 = FILL_AREA_STYLE_COLOUR ( '', #784 ) ;
#789 = FILL_AREA_STYLE ('',( #788 ) ) ;
#790 = SURFACE_STYLE_FILL_AREA ( #789 ) ;
#791 = SURFACE_SIDE_STYLE ('',( #790 ) ) ;
#792 = SURFACE_STYLE_USAGE ( .BOTH. , #791 ) ;
#793 = PRESENTATION_STYLE_ASSIGNMENT (( #792 ) ) ;
#794 = STYLED_ITEM ( 'NONE', ( #793 ), #5446 ) ;
#795 = PRESENTATION_LAYER_ASSIGNMENT (  '', '', ( #794 ) ) ;
#796 = MECHANICAL_DESIGN_GEOMETRIC_PRESENTATION_REPRESENTATION (  '', ( #794 ), #801 ) ;
#797 =( LENGTH_UNIT ( ) NAMED_UNIT ( * ) SI_UNIT ( .MILLI., .METRE. ) );
#798 =( NAMED_UNIT ( * ) PLANE_ANGLE_UNIT ( ) SI_UNIT ( $, .RADIAN. ) );
#799 =( NAMED_UNIT ( * ) SI_UNIT ( $, .STERADIAN. ) SOLID_ANGLE_UNIT ( ) );
#800 = UNCERTAINTY_MEASURE_WITH_UNIT (LENGTH_MEASURE( 1.000000000000000100E-005 ), #797, 'distance_accuracy_value', 'NONE');
#801 =( GEOMETRIC_REPRESENTATION_CONTEXT ( 3 ) GLOBAL_UNCERTAINTY_ASSIGNED_CONTEXT ( ( #800 ) ) GLOBAL_UNIT_ASSIGNED_CONTEXT ( ( #797, #798, #799 ) ) REPRESENTATION_CONTEXT ( 'NONE', 'WORKASPACE' ) );
#802 = PLANE ( 'NONE',  #803 ) ;
#803 = AXIS2_PLACEMENT_3D ( 'NONE', #804, #805, #806 ) ;
#804 = CARTESIAN_POINT ( 'NONE',  ( -1.740000000000000000, 3.600000000000000100, -3.100000000000000100 ) ) ;
#805 = DIRECTION ( 'NONE',  ( 0.0000000000000000000, 1.000000000000000000, 0.0000000000000000000 ) ) ;
#806 = DIRECTION ( 'NONE',  ( 0.0000000000000000000, 0.0000000000000000000, 1.000000000000000000 ) ) ;
#807 = LINE ( 'NONE', #808, #809 ) ;
#808 = CARTESIAN_POINT ( 'NONE',  ( 0.2500000000000000000, 1.879999999999999900, -3.955074563332020300 ) ) ;
#809 = VECTOR ( 'NONE', #810, 999.9999999999998900 ) ;
#810 = DIRECTION ( 'NONE',  ( -2.618147198306160800E-016, 0.9659258262890692000, 0.2588190451025176300 ) ) ;
#811 = LINE ( 'NONE', #812, #813 ) ;
#812 = CARTESIAN_POINT ( 'NONE',  ( 10.41000000000000000, 0.2500000000000000000, -4.391831746994745000 ) ) ;
#813 = VECTOR ( 'NONE', #814, 1000.000000000000000 ) ;
#814 = DIRECTION ( 'NONE',  ( 2.891498888091015800E-032, -1.066774799560611900E-016, 1.000000000000000000 ) ) ;
#815 = LINE ( 'NONE', #816, #817 ) ;
#816 = CARTESIAN_POINT ( 'NONE',  ( 3.089999999999999900, 3.600000000000000100, -0.9499999999999999600 ) ) ;
#817 = VECTOR ( 'NONE', #818, 1000.000000000000000 ) ;
#818 = DIRECTION ( 'NONE',  ( 0.0000000000000000000, 0.0000000000000000000, -1.000000000000000000 ) ) ;
#819 = FACE_OUTER_BOUND ( 'NONE', #6094, .T. ) ;
#820 = EDGE_CURVE ( 'NONE', #53, #1204, #4294, .T. ) ;
#821 = EDGE_CURVE ( 'NONE', #1077, #1184, #4308, .T. ) ;
#822 = PLANE ( 'NONE',  #823 ) ;
#823 = AXIS2_PLACEMENT_3D ( 'NONE', #824, #825, #826 ) ;
#824 = CARTESIAN_POINT ( 'NONE',  ( 3.340000000000000300, 1.879999999999999900, -3.100000000000000100 ) ) ;
#825 = DIRECTION ( 'NONE',  ( 0.0000000000000000000, 1.000000000000000000, 0.0000000000000000000 ) ) ;
#826 = DIRECTION ( 'NONE',  ( 0.0000000000000000000, 0.0000000000000000000, 1.000000000000000000 ) ) ;
#827 = CARTESIAN_POINT ( 'NONE',  ( 11.90000000000000000, 3.700000000000000200, 3.100000000000000100 ) ) ;
#828 = LINE ( 'NONE', #829, #830 ) ;
#829 = CARTESIAN_POINT ( 'NONE',  ( 6.895000000000000500, 3.250000000000000000, 1.450000000000000000 ) ) ;
#830 = VECTOR ( 'NONE', #831, 1000.000000000000000 ) ;
#831 = DIRECTION ( 'NONE',  ( 1.000000000000000000, 0.0000000000000000000, 0.0000000000000000000 ) ) ;
#832 = LINE ( 'NONE', #833, #834 ) ;
#833 = CARTESIAN_POINT ( 'NONE',  ( 1.990000000000000000, 3.600000000000000100, 0.04999999999999939900 ) ) ;
#834 = VECTOR ( 'NONE', #835, 1000.000000000000000 ) ;
#835 = DIRECTION ( 'NONE',  ( 1.000000000000000000, 0.0000000000000000000, 0.0000000000000000000 ) ) ;
#836 = LINE ( 'NONE', #837, #838 ) ;
#837 = CARTESIAN_POINT ( 'NONE',  ( -0.5500000000000000400, 3.250000000000000000, -0.9499999999999999600 ) ) ;
#838 = VECTOR ( 'NONE', #839, 1000.000000000000000 ) ;
#839 = DIRECTION ( 'NONE',  ( 0.0000000000000000000, 0.0000000000000000000, 1.000000000000000000 ) ) ;
#840 = FACE_OUTER_BOUND ( 'NONE', #3453, .T. ) ;
#841 = PLANE ( 'NONE',  #842 ) ;
#842 = AXIS2_PLACEMENT_3D ( 'NONE', #843, #844, #845 ) ;
#843 = CARTESIAN_POINT ( 'NONE',  ( 0.8000000000000000400, 1.879999999999999900, -3.955074563332020300 ) ) ;
#844 = DIRECTION ( 'NONE',  ( 0.0000000000000000000, 0.2588190451025175800, -0.9659258262890692000 ) ) ;
#845 = DIRECTION ( 'NONE',  ( 0.0000000000000000000, 0.9659258262890692000, 0.2588190451025175800 ) ) ;
#846 = LINE ( 'NONE', #847, #848 ) ;
#847 = CARTESIAN_POINT ( 'NONE',  ( 9.435000000000000500, 3.250000000000000000, -1.450000000000000000 ) ) ;
#848 = VECTOR ( 'NONE', #849, 1000.000000000000000 ) ;
#849 = DIRECTION ( 'NONE',  ( 0.0000000000000000000, 0.0000000000000000000, -1.000000000000000000 ) ) ;
#850 = LINE ( 'NONE', #851, #852 ) ;
#851 = CARTESIAN_POINT ( 'NONE',  ( 4.355000000000000400, 3.250000000000000000, 1.450000000000000000 ) ) ;
#852 = VECTOR ( 'NONE', #853, 1000.000000000000000 ) ;
#853 = DIRECTION ( 'NONE',  ( 1.000000000000000000, 0.0000000000000000000, 0.0000000000000000000 ) ) ;
#854 = LINE ( 'NONE', #855, #856 ) ;
#855 = CARTESIAN_POINT ( 'NONE',  ( 10.41000000000000000, -1.084202172485503900E-016, 4.899999999999999500 ) ) ;
#856 = VECTOR ( 'NONE', #857, 1000.000000000000000 ) ;
#857 = DIRECTION ( 'NONE',  ( 0.0000000000000000000, 0.0000000000000000000, -1.000000000000000000 ) ) ;
#858 = LINE ( 'NONE', #859, #860 ) ;
#859 = CARTESIAN_POINT ( 'NONE',  ( 10.95999999999999900, 1.629999999999999900, 3.763242816337275100 ) ) ;
#860 = VECTOR ( 'NONE', #861, 999.9999999999998900 ) ;
#861 = DIRECTION ( 'NONE',  ( 0.0000000000000000000, 0.9659258262890692000, -0.2588190451025176300 ) ) ;
#862 = LINE ( 'NONE', #863, #864 ) ;
#863 = CARTESIAN_POINT ( 'NONE',  ( -0.8000000000000000400, 1.629999999999999900, -3.100000000000000100 ) ) ;
#864 = VECTOR ( 'NONE', #865, 1000.000000000000000 ) ;
#865 = DIRECTION ( 'NONE',  ( 0.0000000000000000000, -3.269397408547745100E-016, 1.000000000000000000 ) ) ;
#866 = LINE ( 'NONE', #867, #868 ) ;
#867 = CARTESIAN_POINT ( 'NONE',  ( 7.070000000000000300, 3.250000000000000000, -0.9499999999999999600 ) ) ;
#868 = VECTOR ( 'NONE', #869, 1000.000000000000000 ) ;
#869 = DIRECTION ( 'NONE',  ( -1.000000000000000000, 0.0000000000000000000, 0.0000000000000000000 ) ) ;
#870 = LINE ( 'NONE', #871, #872 ) ;
#871 = CARTESIAN_POINT ( 'NONE',  ( 7.370000000000000100, 0.4000000000000000200, 4.899999999999999500 ) ) ;
#872 = VECTOR ( 'NONE', #873, 1000.000000000000000 ) ;
#873 = DIRECTION ( 'NONE',  ( 0.0000000000000000000, 1.000000000000000000, 0.0000000000000000000 ) ) ;
#874 = LINE ( 'NONE', #875, #876 ) ;
#875 = CARTESIAN_POINT ( 'NONE',  ( 9.910000000000000100, -1.696505349396695000E-016, 4.899999999999999500 ) ) ;
#876 = VECTOR ( 'NONE', #877, 1000.000000000000000 ) ;
#877 = DIRECTION ( 'NONE',  ( 0.0000000000000000000, 0.0000000000000000000, -1.000000000000000000 ) ) ;
#878 = LINE ( 'NONE', #879, #880 ) ;
#879 = CARTESIAN_POINT ( 'NONE',  ( 8.771605281959921300, 0.7278564661672440900, 4.004971447684720700 ) ) ;
#880 = VECTOR ( 'NONE', #881, 1000.000000000000000 ) ;
#881 = DIRECTION ( 'NONE',  ( 0.9358779346557388700, 0.3403192489657229600, -0.09118826792913038700 ) ) ;
#882 = LINE ( 'NONE', #883, #884 ) ;
#883 = CARTESIAN_POINT ( 'NONE',  ( 11.90000000000000000, 3.700000000000000200, -3.100000000000000100 ) ) ;
#884 = VECTOR ( 'NONE', #885, 1000.000000000000000 ) ;
#885 = DIRECTION ( 'NONE',  ( 0.0000000000000000000, 0.0000000000000000000, -1.000000000000000000 ) ) ;
#886 = LINE ( 'NONE', #887, #888 ) ;
#887 = CARTESIAN_POINT ( 'NONE',  ( 1.236946369814270200, 0.7588895890233710000, -4.255475192579324600 ) ) ;
#888 = VECTOR ( 'NONE', #889, 1000.000000000000000 ) ;
#889 = DIRECTION ( 'NONE',  ( 0.9358779346557388700, 0.3403192489657229600, 0.09118826792913038700 ) ) ;
#890 = LINE ( 'NONE', #891, #892 ) ;
#891 = CARTESIAN_POINT ( 'NONE',  ( 4.530000000000000200, 5.186606874731849900, 0.04999999999999939900 ) ) ;
#892 = VECTOR ( 'NONE', #893, 1000.000000000000000 ) ;
#893 = DIRECTION ( 'NONE',  ( 0.0000000000000000000, -1.000000000000000000, 0.0000000000000000000 ) ) ;
#894 = FACE_OUTER_BOUND ( 'NONE', #6267, .T. ) ;
#895 = PLANE ( 'NONE',  #896 ) ;
#896 = AXIS2_PLACEMENT_3D ( 'NONE', #897, #898, #899 ) ;
#897 = CARTESIAN_POINT ( 'NONE',  ( 8.419999999999999900, 1.629999999999999900, -3.763242816337275100 ) ) ;
#898 = DIRECTION ( 'NONE',  ( 0.0000000000000000000, -0.2588190451025175800, 0.9659258262890692000 ) ) ;
#899 = DIRECTION ( 'NONE',  ( 0.0000000000000000000, -0.9659258262890692000, -0.2588190451025175800 ) ) ;
#900 = LINE ( 'NONE', #901, #903 ) ;
#901 = CARTESIAN_POINT ( 'NONE',  ( 8.345000000000000600, 3.700000000000000200, 1.899999999999999900 ) ) ;
#902 = ORIENTED_EDGE ( 'NONE', *, *, #991, .F. ) ;
#903 = VECTOR ( 'NONE', #904, 1000.000000000000100 ) ;
#904 = DIRECTION ( 'NONE',  ( 0.0000000000000000000, -0.7071067811865474600, -0.7071067811865474600 ) ) ;
#905 = LINE ( 'NONE', #906, #907 ) ;
#906 = CARTESIAN_POINT ( 'NONE',  ( 9.435000000000000500, 3.700000000000000200, -1.899999999999999900 ) ) ;
#907 = VECTOR ( 'NONE', #908, 1000.000000000000100 ) ;
#908 = DIRECTION ( 'NONE',  ( 0.0000000000000000000, 0.7071067811865474600, -0.7071067811865474600 ) ) ;
#909 = LINE ( 'NONE', #910, #911 ) ;
#910 = CARTESIAN_POINT ( 'NONE',  ( 10.95999999999999900, 1.629999999999999900, 3.100000000000000100 ) ) ;
#911 = VECTOR ( 'NONE', #912, 1000.000000000000000 ) ;
#912 = DIRECTION ( 'NONE',  ( 0.0000000000000000000, -3.269397408547745100E-016, -1.000000000000000000 ) ) ;
#913 = CARTESIAN_POINT ( 'NONE',  ( 3.089999999999999900, 3.250000000000000000, -0.9499999999999999600 ) ) ;
#914 = FACE_OUTER_BOUND ( 'NONE', #323, .T. ) ;
#915 = COLOUR_RGB ( '',0.0000000000000000000, 0.0000000000000000000, 0.0000000000000000000 ) ;
#916 = FILL_AREA_STYLE_COLOUR ( '', #915 ) ;
#917 = FILL_AREA_STYLE ('',( #916 ) ) ;
#918 = SURFACE_STYLE_FILL_AREA ( #917 ) ;
#919 = ORIENTED_EDGE ( 'NONE', *, *, #5780, .F. ) ;
#920 = SURFACE_SIDE_STYLE ('',( #918 ) ) ;
#921 = SURFACE_STYLE_USAGE ( .BOTH. , #920 ) ;
#922 = PRESENTATION_STYLE_ASSIGNMENT (( #921 ) ) ;
#923 = STYLED_ITEM ( 'NONE', ( #922 ), #5470 ) ;
#924 = PRESENTATION_LAYER_ASSIGNMENT (  '', '', ( #923 ) ) ;
#925 = MECHANICAL_DESIGN_GEOMETRIC_PRESENTATION_REPRESENTATION (  '', ( #923 ), #930 ) ;
#926 =( LENGTH_UNIT ( ) NAMED_UNIT ( * ) SI_UNIT ( .MILLI., .METRE. ) );
#927 =( NAMED_UNIT ( * ) PLANE_ANGLE_UNIT ( ) SI_UNIT ( $, .RADIAN. ) );
#928 =( NAMED_UNIT ( * ) SI_UNIT ( $, .STERADIAN. ) SOLID_ANGLE_UNIT ( ) );
#929 = UNCERTAINTY_MEASURE_WITH_UNIT (LENGTH_MEASURE( 1.000000000000000100E-005 ), #926, 'distance_accuracy_value', 'NONE');
#930 =( GEOMETRIC_REPRESENTATION_CONTEXT ( 3 ) GLOBAL_UNCERTAINTY_ASSIGNED_CONTEXT ( ( #929 ) ) GLOBAL_UNIT_ASSIGNED_CONTEXT ( ( #926, #927, #928 ) ) REPRESENTATION_CONTEXT ( 'NONE', 'WORKASPACE' ) );
#931 = PLANE ( 'NONE',  #932 ) ;
#932 = AXIS2_PLACEMENT_3D ( 'NONE', #933, #934, #935 ) ;
#933 = CARTESIAN_POINT ( 'NONE',  ( -1.740000000000000000, 0.6999999999999999600, -3.100000000000000100 ) ) ;
#934 = DIRECTION ( 'NONE',  ( 0.0000000000000000000, 1.000000000000000000, 0.0000000000000000000 ) ) ;
#935 = DIRECTION ( 'NONE',  ( 0.0000000000000000000, 0.0000000000000000000, 1.000000000000000000 ) ) ;
#936 = ORIENTED_EDGE ( 'NONE', *, *, #5822, .T. ) ;
#937 = ORIENTED_EDGE ( 'NONE', *, *, #6213, .F. ) ;
#938 = CARTESIAN_POINT ( 'NONE',  ( 3.340000000000000300, 0.5999999999999999800, -4.039230484541330500 ) ) ;
#939 = FACE_OUTER_BOUND ( 'NONE', #5567, .T. ) ;
#940 = PLANE ( 'NONE',  #941 ) ;
#941 = AXIS2_PLACEMENT_3D ( 'NONE', #942, #943, #944 ) ;
#942 = CARTESIAN_POINT ( 'NONE',  ( 8.419999999999999900, -1.224606353822382200E-017, 4.200000000000000200 ) ) ;
#943 = DIRECTION ( 'NONE',  ( 0.0000000000000000000, 1.000000000000000000, 1.373916481576093900E-016 ) ) ;
#944 = DIRECTION ( 'NONE',  ( 0.0000000000000000000, -1.373916481576093900E-016, 1.000000000000000000 ) ) ;
#945 = CARTESIAN_POINT ( 'NONE',  ( 0.2500000000000000000, -1.084202172485503900E-016, -4.899999999999999500 ) ) ;
#946 = FACE_OUTER_BOUND ( 'NONE', #22, .T. ) ;
#947 = COLOUR_RGB ( '',0.0000000000000000000, 0.0000000000000000000, 0.0000000000000000000 ) ;
#948 = FILL_AREA_STYLE_COLOUR ( '', #947 ) ;
#949 = FILL_AREA_STYLE ('',( #948 ) ) ;
#950 = SURFACE_STYLE_FILL_AREA ( #949 ) ;
#951 = SURFACE_SIDE_STYLE ('',( #950 ) ) ;
#952 = SURFACE_STYLE_USAGE ( .BOTH. , #951 ) ;
#953 = PRESENTATION_STYLE_ASSIGNMENT (( #952 ) ) ;
#954 = EDGE_CURVE ( 'NONE', #1148, #2199, #4374, .T. ) ;
#955 = ORIENTED_EDGE ( 'NONE', *, *, #212, .T. ) ;
#956 = EDGE_CURVE ( 'NONE', #5300, #1060, #4378, .T. ) ;
#957 = ORIENTED_EDGE ( 'NONE', *, *, #506, .T. ) ;
#958 = STYLED_ITEM ( 'NONE', ( #953 ), #5475 ) ;
#959 = PRESENTATION_LAYER_ASSIGNMENT (  '', '', ( #958 ) ) ;
#960 = MECHANICAL_DESIGN_GEOMETRIC_PRESENTATION_REPRESENTATION (  '', ( #958 ), #965 ) ;
#961 =( LENGTH_UNIT ( ) NAMED_UNIT ( * ) SI_UNIT ( .MILLI., .METRE. ) );
#962 =( NAMED_UNIT ( * ) PLANE_ANGLE_UNIT ( ) SI_UNIT ( $, .RADIAN. ) );
#963 =( NAMED_UNIT ( * ) SI_UNIT ( $, .STERADIAN. ) SOLID_ANGLE_UNIT ( ) );
#964 = UNCERTAINTY_MEASURE_WITH_UNIT (LENGTH_MEASURE( 1.000000000000000100E-005 ), #961, 'distance_accuracy_value', 'NONE');
#965 =( GEOMETRIC_REPRESENTATION_CONTEXT ( 3 ) GLOBAL_UNCERTAINTY_ASSIGNED_CONTEXT ( ( #964 ) ) GLOBAL_UNIT_ASSIGNED_CONTEXT ( ( #961, #962, #963 ) ) REPRESENTATION_CONTEXT ( 'NONE', 'WORKASPACE' ) );
#966 = PLANE ( 'NONE',  #967 ) ;
#967 = AXIS2_PLACEMENT_3D ( 'NONE', #968, #969, #970 ) ;
#968 = CARTESIAN_POINT ( 'NONE',  ( -1.740000000000000000, 3.700000000000000200, -3.100000000000000100 ) ) ;
#969 = DIRECTION ( 'NONE',  ( 1.000000000000000000, 0.0000000000000000000, 0.0000000000000000000 ) ) ;
#970 = DIRECTION ( 'NONE',  ( 0.0000000000000000000, 0.0000000000000000000, -1.000000000000000000 ) ) ;
#971 = LINE ( 'NONE', #972, #973 ) ;
#972 = CARTESIAN_POINT ( 'NONE',  ( 7.870000000000000100, 0.4000000000000000200, 4.899999999999999500 ) ) ;
#973 = VECTOR ( 'NONE', #975, 1000.000000000000000 ) ;
#974 = ORIENTED_EDGE ( 'NONE', *, *, #5610, .T. ) ;
#975 = DIRECTION ( 'NONE',  ( 2.710505431213760100E-016, -1.000000000000000000, 0.0000000000000000000 ) ) ;
#976 = LINE ( 'NONE', #977, #978 ) ;
#977 = CARTESIAN_POINT ( 'NONE',  ( 10.32444164390651900, 0.2492939476703585100, 4.392020933146285200 ) ) ;
#978 = VECTOR ( 'NONE', #979, 1000.000000000000000 ) ;
#979 = DIRECTION ( 'NONE',  ( -0.9358779346557388700, 0.3403192489657229600, -0.09118826792913038700 ) ) ;
#980 = LINE ( 'NONE', #981, #982 ) ;
#981 = CARTESIAN_POINT ( 'NONE',  ( 0.8000000000000000400, 0.2500000000000000000, 4.899999999999999500 ) ) ;
#982 = VECTOR ( 'NONE', #983, 1000.000000000000000 ) ;
#983 = DIRECTION ( 'NONE',  ( -1.000000000000000000, 0.0000000000000000000, 0.0000000000000000000 ) ) ;
#984 = LINE ( 'NONE', #985, #986 ) ;
#985 = CARTESIAN_POINT ( 'NONE',  ( 3.340000000000000300, 1.879999999999999900, 3.100000000000000100 ) ) ;
#986 = VECTOR ( 'NONE', #987, 1000.000000000000000 ) ;
#987 = DIRECTION ( 'NONE',  ( -1.000000000000000000, 0.0000000000000000000, 0.0000000000000000000 ) ) ;
#988 = FACE_OUTER_BOUND ( 'NONE', #2498, .T. ) ;
#989 = PLANE ( 'NONE',  #990 ) ;
#990 = AXIS2_PLACEMENT_3D ( 'NONE', #993, #994, #995 ) ;
#991 = EDGE_CURVE ( 'NONE', #734, #5697, #4382, .T. ) ;
#992 = VERTEX_POINT ( 'NONE', #4386 ) ;
#993 = CARTESIAN_POINT ( 'NONE',  ( 5.879999999999999900, 1.879999999999999900, -3.955074563332020300 ) ) ;
#994 = DIRECTION ( 'NONE',  ( 0.0000000000000000000, 0.2588190451025175800, -0.9659258262890692000 ) ) ;
#995 = DIRECTION ( 'NONE',  ( 0.0000000000000000000, 0.9659258262890692000, 0.2588190451025175800 ) ) ;
#996 = CARTESIAN_POINT ( 'NONE',  ( 0.8000000000000000400, 1.629999999999999900, -3.100000000000000100 ) ) ;
#997 = LINE ( 'NONE', #998, #999 ) ;
#998 = CARTESIAN_POINT ( 'NONE',  ( 8.419999999999999900, 1.879999999999999900, 3.100000000000000100 ) ) ;
#999 = VECTOR ( 'NONE', #1000, 1000.000000000000000 ) ;
#1000 = DIRECTION ( 'NONE',  ( -1.000000000000000000, 0.0000000000000000000, 0.0000000000000000000 ) ) ;
#1001 = CARTESIAN_POINT ( 'NONE',  ( 9.435000000000000500, 3.250000000000000000, 1.450000000000000000 ) ) ;
#1002 = LINE ( 'NONE', #1003, #1004 ) ;
#1003 = CARTESIAN_POINT ( 'NONE',  ( 10.95999999999999900, -1.084202172485503900E-016, -4.899999999999999500 ) ) ;
#1004 = VECTOR ( 'NONE', #1005, 1000.000000000000000 ) ;
#1005 = DIRECTION ( 'NONE',  ( -1.000000000000000000, 0.0000000000000000000, 0.0000000000000000000 ) ) ;
#1006 = LINE ( 'NONE', #1007, #1008 ) ;
#1007 = CARTESIAN_POINT ( 'NONE',  ( 7.370000000000000100, 0.2500000000000000000, 4.391831746994739700 ) ) ;
#1008 = VECTOR ( 'NONE', #1010, 1000.000000000000000 ) ;
#1009 = EDGE_CURVE ( 'NONE', #1131, #233, #4393, .T. ) ;
#1010 = DIRECTION ( 'NONE',  ( 0.0000000000000000000, -1.066774799560611900E-016, -1.000000000000000000 ) ) ;
#1011 = CARTESIAN_POINT ( 'NONE',  ( -0.8000000000000000400, 1.629999999999999900, -3.763242816337275100 ) ) ;
#1012 = FACE_OUTER_BOUND ( 'NONE', #364, .T. ) ;
#1013 = PLANE ( 'NONE',  #1014 ) ;
#1014 = AXIS2_PLACEMENT_3D ( 'NONE', #1015, #1016, #1017 ) ;
#1015 = CARTESIAN_POINT ( 'NONE',  ( 3.340000000000000300, 1.629999999999999900, -3.100000000000000100 ) ) ;
#1016 = DIRECTION ( 'NONE',  ( 0.0000000000000000000, -1.000000000000000000, -3.269397408547745100E-016 ) ) ;
#1017 = DIRECTION ( 'NONE',  ( 0.0000000000000000000, 3.269397408547745100E-016, -1.000000000000000000 ) ) ;
#1018 = CARTESIAN_POINT ( 'NONE',  ( 0.2500000000000000000, 0.4000000000000000200, -4.351639368130075300 ) ) ;
#1019 = CARTESIAN_POINT ( 'NONE',  ( -0.8000000000000000400, 1.629999999999999900, 3.100000000000000100 ) ) ;
#1020 = LINE ( 'NONE', #1021, #1022 ) ;
#1021 = CARTESIAN_POINT ( 'NONE',  ( 9.435000000000000500, 3.250000000000000000, 1.450000000000000000 ) ) ;
#1022 = VECTOR ( 'NONE', #1023, 1000.000000000000000 ) ;
#1023 = DIRECTION ( 'NONE',  ( 1.000000000000000000, 0.0000000000000000000, 0.0000000000000000000 ) ) ;
#1024 = LINE ( 'NONE', #1025, #1028 ) ;
#1025 = CARTESIAN_POINT ( 'NONE',  ( 0.7249999999999999800, 3.700000000000000200, -1.899999999999999900 ) ) ;
#1026 = ORIENTED_EDGE ( 'NONE', *, *, #4986, .F. ) ;
#1027 = ORIENTED_EDGE ( 'NONE', *, *, #172, .T. ) ;
#1028 = VECTOR ( 'NONE', #1029, 1000.000000000000100 ) ;
#1029 = DIRECTION ( 'NONE',  ( 0.0000000000000000000, 0.7071067811865474600, -0.7071067811865474600 ) ) ;
#1030 = CARTESIAN_POINT ( 'NONE',  ( 0.8000000000000000400, 0.5999999999999999800, -4.039230484541330500 ) ) ;
#1031 = LINE ( 'NONE', #1032, #1033 ) ;
#1032 = CARTESIAN_POINT ( 'NONE',  ( 9.435000000000000500, 3.700000000000000200, 1.899999999999999900 ) ) ;
#1033 = VECTOR ( 'NONE', #1034, 1000.000000000000000 ) ;
#1034 = DIRECTION ( 'NONE',  ( 1.000000000000000000, 0.0000000000000000000, 0.0000000000000000000 ) ) ;
#1035 = LINE ( 'NONE', #1036, #1037 ) ;
#1036 = CARTESIAN_POINT ( 'NONE',  ( 10.95999999999999900, 1.879999999999999900, 3.100000000000000100 ) ) ;
#1037 = VECTOR ( 'NONE', #1038, 1000.000000000000000 ) ;
#1038 = DIRECTION ( 'NONE',  ( -1.000000000000000000, 0.0000000000000000000, 0.0000000000000000000 ) ) ;
#1039 = CARTESIAN_POINT ( 'NONE',  ( 0.2500000000000000000, 0.2500000000000000000, 4.899999999999999500 ) ) ;
#1040 = LINE ( 'NONE', #1041, #1042 ) ;
#1041 = CARTESIAN_POINT ( 'NONE',  ( 8.169999999999999900, 3.600000000000000100, -0.9499999999999999600 ) ) ;
#1042 = VECTOR ( 'NONE', #1043, 1000.000000000000000 ) ;
#1043 = DIRECTION ( 'NONE',  ( 0.0000000000000000000, 0.0000000000000000000, -1.000000000000000000 ) ) ;
#1044 = FACE_OUTER_BOUND ( 'NONE', #5830, .T. ) ;
#1045 = PLANE ( 'NONE',  #1046 ) ;
#1046 = AXIS2_PLACEMENT_3D ( 'NONE', #1047, #1048, #1049 ) ;
#1047 = CARTESIAN_POINT ( 'NONE',  ( 10.95999999999999900, 1.629999999999999900, -3.763242816337275100 ) ) ;
#1048 = DIRECTION ( 'NONE',  ( 0.0000000000000000000, -0.2588190451025175800, 0.9659258262890692000 ) ) ;
#1049 = DIRECTION ( 'NONE',  ( 0.0000000000000000000, -0.9659258262890692000, -0.2588190451025175800 ) ) ;
#1050 = CARTESIAN_POINT ( 'NONE',  ( 10.41000000000000000, -1.084202172485503900E-016, -4.899999999999999500 ) ) ;
#1051 = FACE_OUTER_BOUND ( 'NONE', #5511, .T. ) ;
#1052 = PLANE ( 'NONE',  #1053 ) ;
#1053 = AXIS2_PLACEMENT_3D ( 'NONE', #1054, #1055, #1056 ) ;
#1054 = CARTESIAN_POINT ( 'NONE',  ( 1.740000000000000000, 0.5999999999999999800, 4.899999999999999500 ) ) ;
#1055 = DIRECTION ( 'NONE',  ( -0.3417430630867041000, -0.9397934234884372000, 0.0000000000000000000 ) ) ;
#1056 = DIRECTION ( 'NONE',  ( 0.9397934234884372000, -0.3417430630867041000, 0.0000000000000000000 ) ) ;
#1057 = FACE_OUTER_BOUND ( 'NONE', #429, .T. ) ;
#1058 = PLANE ( 'NONE',  #1059 ) ;
#1059 = AXIS2_PLACEMENT_3D ( 'NONE', #1061, #1062, #1063 ) ;
#1060 = VERTEX_POINT ( 'NONE', #4397 ) ;
#1061 = CARTESIAN_POINT ( 'NONE',  ( 7.370000000000000100, 0.4000000000000000200, -4.899999999999999500 ) ) ;
#1062 = DIRECTION ( 'NONE',  ( 1.000000000000000000, 0.0000000000000000000, 0.0000000000000000000 ) ) ;
#1063 = DIRECTION ( 'NONE',  ( 0.0000000000000000000, 0.0000000000000000000, -1.000000000000000000 ) ) ;
#1064 = LINE ( 'NONE', #1065, #1066 ) ;
#1065 = CARTESIAN_POINT ( 'NONE',  ( -0.8000000000000000400, 0.5999999999999999800, -3.100000000000000100 ) ) ;
#1066 = VECTOR ( 'NONE', #1067, 1000.000000000000000 ) ;
#1067 = DIRECTION ( 'NONE',  ( 0.0000000000000000000, 0.0000000000000000000, -1.000000000000000000 ) ) ;
#1068 = FACE_OUTER_BOUND ( 'NONE', #509, .T. ) ;
#1069 = PLANE ( 'NONE',  #1070 ) ;
#1070 = AXIS2_PLACEMENT_3D ( 'NONE', #1071, #1072, #1073 ) ;
#1071 = CARTESIAN_POINT ( 'NONE',  ( 4.280000000000000200, 1.879999999999999900, -3.100000000000000100 ) ) ;
#1072 = DIRECTION ( 'NONE',  ( -1.000000000000000000, 0.0000000000000000000, 0.0000000000000000000 ) ) ;
#1073 = DIRECTION ( 'NONE',  ( 0.0000000000000000000, 0.0000000000000000000, -1.000000000000000000 ) ) ;
#1074 = CARTESIAN_POINT ( 'NONE',  ( 9.910000000000000100, 0.4000000000000000200, 4.351639368130075300 ) ) ;
#1075 = LINE ( 'NONE', #1076, #1080 ) ;
#1076 = CARTESIAN_POINT ( 'NONE',  ( 10.41000000000000000, 1.879999999999999900, 3.955074563332015000 ) ) ;
#1077 = VERTEX_POINT ( 'NONE', #4398 ) ;
#1078 = VERTEX_POINT ( 'NONE', #4399 ) ;
#1079 = ORIENTED_EDGE ( 'NONE', *, *, #6346, .T. ) ;
#1080 = VECTOR ( 'NONE', #1081, 999.9999999999998900 ) ;
#1081 = DIRECTION ( 'NONE',  ( 2.618147198306160800E-016, -0.9659258262890692000, 0.2588190451025176300 ) ) ;
#1082 = FACE_OUTER_BOUND ( 'NONE', #5861, .T. ) ;
#1083 = PLANE ( 'NONE',  #1084 ) ;
#1084 = AXIS2_PLACEMENT_3D ( 'NONE', #1085, #1086, #1087 ) ;
#1085 = CARTESIAN_POINT ( 'NONE',  ( 3.340000000000000300, 0.5999999999999999800, -4.899999999999999500 ) ) ;
#1086 = DIRECTION ( 'NONE',  ( -0.3417430630867041000, 0.9397934234884372000, 0.0000000000000000000 ) ) ;
#1087 = DIRECTION ( 'NONE',  ( -0.9397934234884372000, -0.3417430630867041000, 0.0000000000000000000 ) ) ;
#1088 = FACE_OUTER_BOUND ( 'NONE', #198, .T. ) ;
#1089 = COLOUR_RGB ( '',0.0000000000000000000, 0.0000000000000000000, 0.0000000000000000000 ) ;
#1090 = FILL_AREA_STYLE_COLOUR ( '', #1089 ) ;
#1091 = FILL_AREA_STYLE ('',( #1090 ) ) ;
#1092 = SURFACE_STYLE_FILL_AREA ( #1091 ) ;
#1093 = SURFACE_SIDE_STYLE ('',( #1092 ) ) ;
#1094 = SURFACE_STYLE_USAGE ( .BOTH. , #1093 ) ;
#1095 = PRESENTATION_STYLE_ASSIGNMENT (( #1094 ) ) ;
#1096 = EDGE_CURVE ( 'NONE', #1205, #1307, #4401, .T. ) ;
#1097 = STYLED_ITEM ( 'NONE', ( #1095 ), #111 ) ;
#1098 = PRESENTATION_LAYER_ASSIGNMENT (  '', '', ( #1097 ) ) ;
#1099 = MECHANICAL_DESIGN_GEOMETRIC_PRESENTATION_REPRESENTATION (  '', ( #1097 ), #1104 ) ;
#1100 =( LENGTH_UNIT ( ) NAMED_UNIT ( * ) SI_UNIT ( .MILLI., .METRE. ) );
#1101 =( NAMED_UNIT ( * ) PLANE_ANGLE_UNIT ( ) SI_UNIT ( $, .RADIAN. ) );
#1102 =( NAMED_UNIT ( * ) SI_UNIT ( $, .STERADIAN. ) SOLID_ANGLE_UNIT ( ) );
#1103 = UNCERTAINTY_MEASURE_WITH_UNIT (LENGTH_MEASURE( 1.000000000000000100E-005 ), #1100, 'distance_accuracy_value', 'NONE');
#1104 =( GEOMETRIC_REPRESENTATION_CONTEXT ( 3 ) GLOBAL_UNCERTAINTY_ASSIGNED_CONTEXT ( ( #1103 ) ) GLOBAL_UNIT_ASSIGNED_CONTEXT ( ( #1100, #1101, #1102 ) ) REPRESENTATION_CONTEXT ( 'NONE', 'WORKASPACE' ) );
#1105 = PLANE ( 'NONE',  #1106 ) ;
#1106 = AXIS2_PLACEMENT_3D ( 'NONE', #1107, #1108, #1109 ) ;
#1107 = CARTESIAN_POINT ( 'NONE',  ( 6.895000000000000500, 1.800000000000000000, -9.182333941754069600E-016 ) ) ;
#1108 = DIRECTION ( 'NONE',  ( 1.000000000000000000, 0.0000000000000000000, 0.0000000000000000000 ) ) ;
#1109 = DIRECTION ( 'NONE',  ( 0.0000000000000000000, 0.0000000000000000000, -1.000000000000000000 ) ) ;
#1110 = LINE ( 'NONE', #1111, #1112 ) ;
#1111 = CARTESIAN_POINT ( 'NONE',  ( 6.819999999999999400, 1.629999999999999900, 3.100000000000000100 ) ) ;
#1112 = VECTOR ( 'NONE', #1114, 1000.000000000000000 ) ;
#1113 = EDGE_LOOP ( 'NONE', ( #146, #108, #571, #6337 ) ) ;
#1114 = DIRECTION ( 'NONE',  ( 0.0000000000000000000, -3.269397408547745100E-016, -1.000000000000000000 ) ) ;
#1115 = LINE ( 'NONE', #1116, #1117 ) ;
#1116 = CARTESIAN_POINT ( 'NONE',  ( 9.910000000000000100, 0.2500000000000000000, 4.391831746994739700 ) ) ;
#1117 = VECTOR ( 'NONE', #1118, 1000.000000000000000 ) ;
#1118 = DIRECTION ( 'NONE',  ( 0.0000000000000000000, -1.066774799560611900E-016, -1.000000000000000000 ) ) ;
#1119 = CARTESIAN_POINT ( 'NONE',  ( 5.805000000000000600, 3.700000000000000200, 1.899999999999999900 ) ) ;
#1120 = LINE ( 'NONE', #1121, #1122 ) ;
#1121 = CARTESIAN_POINT ( 'NONE',  ( 6.819999999999999400, 1.879999999999999900, -3.100000000000000100 ) ) ;
#1122 = VECTOR ( 'NONE', #1123, 1000.000000000000000 ) ;
#1123 = DIRECTION ( 'NONE',  ( 0.0000000000000000000, 0.0000000000000000000, -1.000000000000000000 ) ) ;
#1124 = FACE_OUTER_BOUND ( 'NONE', #6491, .T. ) ;
#1125 = PLANE ( 'NONE',  #1126 ) ;
#1126 = AXIS2_PLACEMENT_3D ( 'NONE', #1127, #1128, #1129 ) ;
#1127 = CARTESIAN_POINT ( 'NONE',  ( 10.95999999999999900, 0.2500000000000000000, 4.899999999999999500 ) ) ;
#1128 = DIRECTION ( 'NONE',  ( 0.0000000000000000000, 0.0000000000000000000, -1.000000000000000000 ) ) ;
#1129 = DIRECTION ( 'NONE',  ( -1.000000000000000000, 0.0000000000000000000, 0.0000000000000000000 ) ) ;
#1130 = EDGE_LOOP ( 'NONE', ( #5698, #6297, #5587, #1480, #552, #3915, #5537, #493 ) ) ;
#1131 = VERTEX_POINT ( 'NONE', #4412 ) ;
#1132 = LINE ( 'NONE', #1133, #1134 ) ;
#1133 = CARTESIAN_POINT ( 'NONE',  ( -1.740000000000000000, 3.700000000000000200, -3.100000000000000100 ) ) ;
#1134 = VECTOR ( 'NONE', #1135, 1000.000000000000000 ) ;
#1135 = DIRECTION ( 'NONE',  ( -1.000000000000000000, 0.0000000000000000000, 0.0000000000000000000 ) ) ;
#1136 = LINE ( 'NONE', #1137, #1138 ) ;
#1137 = CARTESIAN_POINT ( 'NONE',  ( 8.419999999999999900, 1.629999999999999900, 3.763242816337275100 ) ) ;
#1138 = VECTOR ( 'NONE', #1139, 1000.000000000000000 ) ;
#1139 = DIRECTION ( 'NONE',  ( -1.000000000000000000, 0.0000000000000000000, 0.0000000000000000000 ) ) ;
#1140 = CARTESIAN_POINT ( 'NONE',  ( 2.790000000000000000, 0.4000000000000000200, 4.092820323027554600 ) ) ;
#1141 = LINE ( 'NONE', #1142, #1143 ) ;
#1142 = CARTESIAN_POINT ( 'NONE',  ( 5.330000000000000100, 1.879999999999999900, -3.955074563332020300 ) ) ;
#1143 = VECTOR ( 'NONE', #1144, 999.9999999999998900 ) ;
#1144 = DIRECTION ( 'NONE',  ( -2.618147198306160800E-016, 0.9659258262890692000, 0.2588190451025176300 ) ) ;
#1145 = FACE_OUTER_BOUND ( 'NONE', #216, .T. ) ;
#1146 = COLOUR_RGB ( '',1.000000000000000000, 1.000000000000000000, 1.000000000000000000 ) ;
#1147 = FILL_AREA_STYLE_COLOUR ( '', #1146 ) ;
#1148 = VERTEX_POINT ( 'NONE', #4417 ) ;
#1149 = EDGE_LOOP ( 'NONE', ( #638, #99, #4567, #5927 ) ) ;
#1150 = ORIENTED_EDGE ( 'NONE', *, *, #62, .T. ) ;
#1151 = FILL_AREA_STYLE ('',( #1147 ) ) ;
#1152 = SURFACE_STYLE_FILL_AREA ( #1151 ) ;
#1153 = SURFACE_SIDE_STYLE ('',( #1152 ) ) ;
#1154 = SURFACE_STYLE_USAGE ( .BOTH. , #1153 ) ;
#1155 = PRESENTATION_STYLE_ASSIGNMENT (( #1154 ) ) ;
#1156 = STYLED_ITEM ( 'NONE', ( #1155 ), #123 ) ;
#1157 = PRESENTATION_LAYER_ASSIGNMENT (  '', '', ( #1156 ) ) ;
#1158 = MECHANICAL_DESIGN_GEOMETRIC_PRESENTATION_REPRESENTATION (  '', ( #1156 ), #1163 ) ;
#1159 =( LENGTH_UNIT ( ) NAMED_UNIT ( * ) SI_UNIT ( .MILLI., .METRE. ) );
#1160 =( NAMED_UNIT ( * ) PLANE_ANGLE_UNIT ( ) SI_UNIT ( $, .RADIAN. ) );
#1161 =( NAMED_UNIT ( * ) SI_UNIT ( $, .STERADIAN. ) SOLID_ANGLE_UNIT ( ) );
#1162 = UNCERTAINTY_MEASURE_WITH_UNIT (LENGTH_MEASURE( 1.000000000000000100E-005 ), #1159, 'distance_accuracy_value', 'NONE');
#1163 =( GEOMETRIC_REPRESENTATION_CONTEXT ( 3 ) GLOBAL_UNCERTAINTY_ASSIGNED_CONTEXT ( ( #1162 ) ) GLOBAL_UNIT_ASSIGNED_CONTEXT ( ( #1159, #1160, #1161 ) ) REPRESENTATION_CONTEXT ( 'NONE', 'WORKASPACE' ) );
#1164 = PLANE ( 'NONE',  #1165 ) ;
#1165 = AXIS2_PLACEMENT_3D ( 'NONE', #1166, #1167, #1168 ) ;
#1166 = CARTESIAN_POINT ( 'NONE',  ( 10.71000000000000100, 5.186606874731849900, -0.9499999999999999600 ) ) ;
#1167 = DIRECTION ( 'NONE',  ( -1.000000000000000000, 0.0000000000000000000, 0.0000000000000000000 ) ) ;
#1168 = DIRECTION ( 'NONE',  ( 0.0000000000000000000, 0.0000000000000000000, 1.000000000000000000 ) ) ;
#1169 = CARTESIAN_POINT ( 'NONE',  ( 8.419999999999999900, 1.879999999999999900, 3.955074563332015000 ) ) ;
#1170 = LINE ( 'NONE', #1171, #1172 ) ;
#1171 = CARTESIAN_POINT ( 'NONE',  ( 8.419999999999999900, 1.629999999999999900, 3.763242816337275100 ) ) ;
#1172 = VECTOR ( 'NONE', #1173, 999.9999999999998900 ) ;
#1173 = DIRECTION ( 'NONE',  ( 0.0000000000000000000, 0.9659258262890692000, -0.2588190451025176300 ) ) ;
#1174 = LINE ( 'NONE', #1175, #1176 ) ;
#1175 = CARTESIAN_POINT ( 'NONE',  ( 7.870000000000000100, 1.629999999999999900, 3.763242816337275100 ) ) ;
#1176 = VECTOR ( 'NONE', #1177, 999.9999999999998900 ) ;
#1177 = DIRECTION ( 'NONE',  ( -2.618147198306160800E-016, 0.9659258262890692000, -0.2588190451025176300 ) ) ;
#1178 = LINE ( 'NONE', #1179, #1180 ) ;
#1179 = CARTESIAN_POINT ( 'NONE',  ( 6.895000000000000500, 3.700000000000000200, 1.899999999999999900 ) ) ;
#1180 = VECTOR ( 'NONE', #1181, 1000.000000000000000 ) ;
#1181 = DIRECTION ( 'NONE',  ( 1.000000000000000000, 0.0000000000000000000, 0.0000000000000000000 ) ) ;
#1182 = CARTESIAN_POINT ( 'NONE',  ( 6.819999999999999400, 1.629999999999999900, -3.100000000000000100 ) ) ;
#1183 = ORIENTED_EDGE ( 'NONE', *, *, #1565, .T. ) ;
#1184 = VERTEX_POINT ( 'NONE', #4418 ) ;
#1185 = ADVANCED_FACE ( 'NONE', ( #4419 ), #4437, .T. ) ;
#1186 = ORIENTED_EDGE ( 'NONE', *, *, #702, .T. ) ;
#1187 = ORIENTED_EDGE ( 'NONE', *, *, #636, .F. ) ;
#1188 = FACE_OUTER_BOUND ( 'NONE', #5522, .T. ) ;
#1189 = PLANE ( 'NONE',  #1190 ) ;
#1190 = AXIS2_PLACEMENT_3D ( 'NONE', #1191, #1192, #1193 ) ;
#1191 = CARTESIAN_POINT ( 'NONE',  ( 4.280000000000000200, 0.5999999999999999800, 4.899999999999999500 ) ) ;
#1192 = DIRECTION ( 'NONE',  ( -0.3417430630867041000, -0.9397934234884372000, 0.0000000000000000000 ) ) ;
#1193 = DIRECTION ( 'NONE',  ( 0.9397934234884372000, -0.3417430630867041000, 0.0000000000000000000 ) ) ;
#1194 = CARTESIAN_POINT ( 'NONE',  ( 9.910000000000000100, 0.2500000000000000000, 4.899999999999999500 ) ) ;
#1195 = FACE_OUTER_BOUND ( 'NONE', #5582, .T. ) ;
#1196 = PLANE ( 'NONE',  #1197 ) ;
#1197 = AXIS2_PLACEMENT_3D ( 'NONE', #1198, #1199, #1200 ) ;
#1198 = CARTESIAN_POINT ( 'NONE',  ( -0.2500000000000000000, 0.4000000000000000200, -4.899999999999999500 ) ) ;
#1199 = DIRECTION ( 'NONE',  ( 1.000000000000000000, 0.0000000000000000000, 0.0000000000000000000 ) ) ;
#1200 = DIRECTION ( 'NONE',  ( 0.0000000000000000000, 0.0000000000000000000, -1.000000000000000000 ) ) ;
#1201 = LINE ( 'NONE', #1202, #1203 ) ;
#1202 = CARTESIAN_POINT ( 'NONE',  ( 8.419999999999999900, 0.2500000000000000000, -4.391831746994745000 ) ) ;
#1203 = VECTOR ( 'NONE', #1206, 1000.000000000000000 ) ;
#1204 = VERTEX_POINT ( 'NONE', #4453 ) ;
#1205 = VERTEX_POINT ( 'NONE', #4454 ) ;
#1206 = DIRECTION ( 'NONE',  ( -1.000000000000000000, 0.0000000000000000000, 0.0000000000000000000 ) ) ;
#1207 = LINE ( 'NONE', #1208, #1209 ) ;
#1208 = CARTESIAN_POINT ( 'NONE',  ( -0.2500000000000000000, 1.879999999999999900, 3.955074563332020300 ) ) ;
#1209 = VECTOR ( 'NONE', #1210, 999.9999999999998900 ) ;
#1210 = DIRECTION ( 'NONE',  ( 0.0000000000000000000, 0.9659258262890692000, -0.2588190451025176300 ) ) ;
#1211 = LINE ( 'NONE', #1212, #1213 ) ;
#1212 = CARTESIAN_POINT ( 'NONE',  ( 5.330000000000000100, 1.629999999999999900, 3.763242816337275100 ) ) ;
#1213 = VECTOR ( 'NONE', #1214, 999.9999999999998900 ) ;
#1214 = DIRECTION ( 'NONE',  ( -2.618147198306160800E-016, 0.9659258262890692000, -0.2588190451025176300 ) ) ;
#1215 = LINE ( 'NONE', #1216, #1217 ) ;
#1216 = CARTESIAN_POINT ( 'NONE',  ( 0.8000000000000000400, 1.629999999999999900, 3.763242816337275100 ) ) ;
#1217 = VECTOR ( 'NONE', #1218, 999.9999999999998900 ) ;
#1218 = DIRECTION ( 'NONE',  ( 0.0000000000000000000, 0.9659258262890692000, -0.2588190451025176300 ) ) ;
#1219 = CARTESIAN_POINT ( 'NONE',  ( -0.7249999999999999800, 3.700000000000000200, 1.899999999999999900 ) ) ;
#1220 = LINE ( 'NONE', #1221, #1222 ) ;
#1221 = CARTESIAN_POINT ( 'NONE',  ( 5.330000000000000100, 1.629999999999999900, -3.763242816337275100 ) ) ;
#1222 = VECTOR ( 'NONE', #1223, 999.9999999999998900 ) ;
#1223 = DIRECTION ( 'NONE',  ( 2.618147198306160800E-016, -0.9659258262890692000, -0.2588190451025176300 ) ) ;
#1224 = CARTESIAN_POINT ( 'NONE',  ( 8.169999999999999900, 3.600000000000000100, -0.9499999999999999600 ) ) ;
#1225 = LINE ( 'NONE', #1226, #1227 ) ;
#1226 = CARTESIAN_POINT ( 'NONE',  ( 5.879999999999999900, 1.879999999999999900, 3.955074563332020300 ) ) ;
#1227 = VECTOR ( 'NONE', #1228, 1000.000000000000000 ) ;
#1228 = DIRECTION ( 'NONE',  ( -1.000000000000000000, 0.0000000000000000000, 0.0000000000000000000 ) ) ;
#1229 = LINE ( 'NONE', #1230, #1231 ) ;
#1230 = CARTESIAN_POINT ( 'NONE',  ( 0.2500000000000000000, 0.4000000000000000200, -4.899999999999999500 ) ) ;
#1231 = VECTOR ( 'NONE', #1232, 1000.000000000000000 ) ;
#1232 = DIRECTION ( 'NONE',  ( 2.710505431213760100E-016, -1.000000000000000000, 0.0000000000000000000 ) ) ;
#1233 = LINE ( 'NONE', #1234, #1235 ) ;
#1234 = CARTESIAN_POINT ( 'NONE',  ( 6.895000000000000500, 3.700000000000000200, -1.899999999999999900 ) ) ;
#1235 = VECTOR ( 'NONE', #1236, 1000.000000000000000 ) ;
#1236 = DIRECTION ( 'NONE',  ( 1.000000000000000000, 0.0000000000000000000, 0.0000000000000000000 ) ) ;
#1237 = CARTESIAN_POINT ( 'NONE',  ( 5.629999999999999900, 3.250000000000000000, -0.9499999999999999600 ) ) ;
#1238 = CARTESIAN_POINT ( 'NONE',  ( 10.41000000000000000, 0.4000000000000000200, 4.351639368130075300 ) ) ;
#1239 = LINE ( 'NONE', #1240, #1241 ) ;
#1240 = CARTESIAN_POINT ( 'NONE',  ( 6.819999999999999400, 1.629999999999999900, -3.763242816337275100 ) ) ;
#1241 = VECTOR ( 'NONE', #1242, 999.9999999999998900 ) ;
#1242 = DIRECTION ( 'NONE',  ( 0.0000000000000000000, 0.9659258262890692000, 0.2588190451025176300 ) ) ;
#1243 = CARTESIAN_POINT ( 'NONE',  ( 8.345000000000000600, 3.250000000000000000, 1.450000000000000000 ) ) ;
#1244 = CARTESIAN_POINT ( 'NONE',  ( 8.419999999999999900, 0.5999999999999999800, 4.039230484541330500 ) ) ;
#1245 = FACE_OUTER_BOUND ( 'NONE', #23, .T. ) ;
#1246 = PLANE ( 'NONE',  #1247 ) ;
#1247 = AXIS2_PLACEMENT_3D ( 'NONE', #1248, #1249, #1250 ) ;
#1248 = CARTESIAN_POINT ( 'NONE',  ( 0.8000000000000000400, -1.224606353822382200E-017, -4.200000000000000200 ) ) ;
#1249 = DIRECTION ( 'NONE',  ( 0.0000000000000000000, -1.000000000000000000, 1.373916481576093900E-016 ) ) ;
#1250 = DIRECTION ( 'NONE',  ( 0.0000000000000000000, -1.373916481576093900E-016, -1.000000000000000000 ) ) ;
#1251 = LINE ( 'NONE', #1252, #1253 ) ;
#1252 = CARTESIAN_POINT ( 'NONE',  ( 3.340000000000000300, 0.2500000000000000000, -4.391831746994739700 ) ) ;
#1253 = VECTOR ( 'NONE', #1256, 1000.000000000000000 ) ;
#1254 = EDGE_CURVE ( 'NONE', #5486, #5732, #4455, .T. ) ;
#1255 = ORIENTED_EDGE ( 'NONE', *, *, #1342, .T. ) ;
#1256 = DIRECTION ( 'NONE',  ( -1.000000000000000000, 0.0000000000000000000, 0.0000000000000000000 ) ) ;
#1257 = FACE_OUTER_BOUND ( 'NONE', #5545, .T. ) ;
#1258 = COLOUR_RGB ( '',0.0000000000000000000, 0.0000000000000000000, 0.0000000000000000000 ) ;
#1259 = FILL_AREA_STYLE_COLOUR ( '', #1258 ) ;
#1260 = FILL_AREA_STYLE ('',( #1259 ) ) ;
#1261 = SURFACE_STYLE_FILL_AREA ( #1260 ) ;
#1262 = SURFACE_SIDE_STYLE ('',( #1261 ) ) ;
#1263 = SURFACE_STYLE_USAGE ( .BOTH. , #1262 ) ;
#1264 = PRESENTATION_STYLE_ASSIGNMENT (( #1263 ) ) ;
#1265 = STYLED_ITEM ( 'NONE', ( #1264 ), #5512 ) ;
#1266 = PRESENTATION_LAYER_ASSIGNMENT (  '', '', ( #1265 ) ) ;
#1267 = MECHANICAL_DESIGN_GEOMETRIC_PRESENTATION_REPRESENTATION (  '', ( #1265 ), #1272 ) ;
#1268 =( LENGTH_UNIT ( ) NAMED_UNIT ( * ) SI_UNIT ( .MILLI., .METRE. ) );
#1269 =( NAMED_UNIT ( * ) PLANE_ANGLE_UNIT ( ) SI_UNIT ( $, .RADIAN. ) );
#1270 =( NAMED_UNIT ( * ) SI_UNIT ( $, .STERADIAN. ) SOLID_ANGLE_UNIT ( ) );
#1271 = UNCERTAINTY_MEASURE_WITH_UNIT (LENGTH_MEASURE( 1.000000000000000100E-005 ), #1268, 'distance_accuracy_value', 'NONE');
#1272 =( GEOMETRIC_REPRESENTATION_CONTEXT ( 3 ) GLOBAL_UNCERTAINTY_ASSIGNED_CONTEXT ( ( #1271 ) ) GLOBAL_UNIT_ASSIGNED_CONTEXT ( ( #1268, #1269, #1270 ) ) REPRESENTATION_CONTEXT ( 'NONE', 'WORKASPACE' ) );
#1273 = PLANE ( 'NONE',  #1274 ) ;
#1274 = AXIS2_PLACEMENT_3D ( 'NONE', #1275, #1276, #1277 ) ;
#1275 = CARTESIAN_POINT ( 'NONE',  ( 9.435000000000000500, 3.700000000000000200, 1.899999999999999900 ) ) ;
#1276 = DIRECTION ( 'NONE',  ( 0.0000000000000000000, -0.7071067811865475700, 0.7071067811865475700 ) ) ;
#1277 = DIRECTION ( 'NONE',  ( 0.0000000000000000000, -0.7071067811865475700, -0.7071067811865475700 ) ) ;
#1278 = LINE ( 'NONE', #1279, #1280 ) ;
#1279 = CARTESIAN_POINT ( 'NONE',  ( 4.355000000000000400, 3.250000000000000000, -1.450000000000000000 ) ) ;
#1280 = VECTOR ( 'NONE', #1281, 1000.000000000000000 ) ;
#1281 = DIRECTION ( 'NONE',  ( 1.000000000000000000, 0.0000000000000000000, 0.0000000000000000000 ) ) ;
#1282 = LINE ( 'NONE', #1283, #1284 ) ;
#1283 = CARTESIAN_POINT ( 'NONE',  ( 10.95999999999999900, 1.629999999999999900, 3.763242816337275100 ) ) ;
#1284 = VECTOR ( 'NONE', #1285, 1000.000000000000000 ) ;
#1285 = DIRECTION ( 'NONE',  ( -1.000000000000000000, 0.0000000000000000000, 0.0000000000000000000 ) ) ;
#1286 = FACE_OUTER_BOUND ( 'NONE', #418, .T. ) ;
#1287 = FACE_BOUND ( 'NONE', #425, .T. ) ;
#1288 = VERTEX_POINT ( 'NONE', #4463 ) ;
#1289 = EDGE_LOOP ( 'NONE', ( #68, #572, #428, #748 ) ) ;
#1290 = ORIENTED_EDGE ( 'NONE', *, *, #5737, .F. ) ;
#1291 = COLOUR_RGB ( '',0.0000000000000000000, 0.0000000000000000000, 0.0000000000000000000 ) ;
#1292 = FILL_AREA_STYLE_COLOUR ( '', #1291 ) ;
#1293 = FILL_AREA_STYLE ('',( #1292 ) ) ;
#1294 = SURFACE_STYLE_FILL_AREA ( #1293 ) ;
#1295 = SURFACE_SIDE_STYLE ('',( #1294 ) ) ;
#1296 = SURFACE_STYLE_USAGE ( .BOTH. , #1295 ) ;
#1297 = PRESENTATION_STYLE_ASSIGNMENT (( #1296 ) ) ;
#1298 = STYLED_ITEM ( 'NONE', ( #1297 ), #168 ) ;
#1299 = PRESENTATION_LAYER_ASSIGNMENT (  '', '', ( #1298 ) ) ;
#1300 = MECHANICAL_DESIGN_GEOMETRIC_PRESENTATION_REPRESENTATION (  '', ( #1298 ), #1305 ) ;
#1301 =( LENGTH_UNIT ( ) NAMED_UNIT ( * ) SI_UNIT ( .MILLI., .METRE. ) );
#1302 =( NAMED_UNIT ( * ) PLANE_ANGLE_UNIT ( ) SI_UNIT ( $, .RADIAN. ) );
#1303 =( NAMED_UNIT ( * ) SI_UNIT ( $, .STERADIAN. ) SOLID_ANGLE_UNIT ( ) );
#1304 = UNCERTAINTY_MEASURE_WITH_UNIT (LENGTH_MEASURE( 1.000000000000000100E-005 ), #1301, 'distance_accuracy_value', 'NONE');
#1305 =( GEOMETRIC_REPRESENTATION_CONTEXT ( 3 ) GLOBAL_UNCERTAINTY_ASSIGNED_CONTEXT ( ( #1304 ) ) GLOBAL_UNIT_ASSIGNED_CONTEXT ( ( #1301, #1302, #1303 ) ) REPRESENTATION_CONTEXT ( 'NONE', 'WORKASPACE' ) );
#1306 = PLANE ( 'NONE',  #1308 ) ;
#1307 = VERTEX_POINT ( 'NONE', #4472 ) ;
#1308 = AXIS2_PLACEMENT_3D ( 'NONE', #1309, #1310, #1311 ) ;
#1309 = CARTESIAN_POINT ( 'NONE',  ( 9.435000000000000500, 3.250000000000000000, -1.450000000000000000 ) ) ;
#1310 = DIRECTION ( 'NONE',  ( 0.0000000000000000000, -1.000000000000000000, 0.0000000000000000000 ) ) ;
#1311 = DIRECTION ( 'NONE',  ( 0.0000000000000000000, 0.0000000000000000000, -1.000000000000000000 ) ) ;
#1312 = LINE ( 'NONE', #1313, #1314 ) ;
#1313 = CARTESIAN_POINT ( 'NONE',  ( -1.740000000000000000, 0.6999999999999999600, 3.100000000000000100 ) ) ;
#1314 = VECTOR ( 'NONE', #1315, 1000.000000000000000 ) ;
#1315 = DIRECTION ( 'NONE',  ( 1.000000000000000000, 0.0000000000000000000, -6.358957023375390000E-017 ) ) ;
#1316 = LINE ( 'NONE', #1317, #1318 ) ;
#1317 = CARTESIAN_POINT ( 'NONE',  ( 7.070000000000000300, 3.600000000000000100, 0.04999999999999939900 ) ) ;
#1318 = VECTOR ( 'NONE', #1319, 1000.000000000000000 ) ;
#1319 = DIRECTION ( 'NONE',  ( 1.000000000000000000, 0.0000000000000000000, 0.0000000000000000000 ) ) ;
#1320 = LINE ( 'NONE', #1321, #1322 ) ;
#1321 = CARTESIAN_POINT ( 'NONE',  ( 3.265000000000000100, 3.700000000000000200, 1.899999999999999900 ) ) ;
#1322 = VECTOR ( 'NONE', #1323, 1000.000000000000000 ) ;
#1323 = DIRECTION ( 'NONE',  ( 0.0000000000000000000, 0.0000000000000000000, 1.000000000000000000 ) ) ;
#1324 = ORIENTED_EDGE ( 'NONE', *, *, #5497, .F. ) ;
#1325 = ORIENTED_EDGE ( 'NONE', *, *, #6459, .F. ) ;
#1326 = LINE ( 'NONE', #1327, #1328 ) ;
#1327 = CARTESIAN_POINT ( 'NONE',  ( 7.370000000000000100, 0.2500000000000000000, -4.391831746994745000 ) ) ;
#1328 = VECTOR ( 'NONE', #1329, 1000.000000000000000 ) ;
#1329 = DIRECTION ( 'NONE',  ( 0.0000000000000000000, 1.066774799560611900E-016, -1.000000000000000000 ) ) ;
#1330 = FACE_OUTER_BOUND ( 'NONE', #2302, .T. ) ;
#1331 = PLANE ( 'NONE',  #1332 ) ;
#1332 = AXIS2_PLACEMENT_3D ( 'NONE', #1333, #1334, #1335 ) ;
#1333 = CARTESIAN_POINT ( 'NONE',  ( 9.359999999999999400, 1.879999999999999900, -3.100000000000000100 ) ) ;
#1334 = DIRECTION ( 'NONE',  ( -1.000000000000000000, 0.0000000000000000000, 0.0000000000000000000 ) ) ;
#1335 = DIRECTION ( 'NONE',  ( 0.0000000000000000000, 0.0000000000000000000, -1.000000000000000000 ) ) ;
#1336 = CARTESIAN_POINT ( 'NONE',  ( 10.95999999999999900, 1.629999999999999900, 3.100000000000000100 ) ) ;
#1337 = LINE ( 'NONE', #1338, #1339 ) ;
#1338 = CARTESIAN_POINT ( 'NONE',  ( 2.790000000000000000, 0.4000000000000000200, 4.899999999999999500 ) ) ;
#1339 = VECTOR ( 'NONE', #1340, 1000.000000000000000 ) ;
#1340 = DIRECTION ( 'NONE',  ( 2.710505431213760100E-016, -1.000000000000000000, 0.0000000000000000000 ) ) ;
#1341 = CARTESIAN_POINT ( 'NONE',  ( 4.280000000000000200, 1.879999999999999900, 3.955074563332020300 ) ) ;
#1342 = EDGE_CURVE ( 'NONE', #5883, #4477, #4475, .T. ) ;
#1343 = CARTESIAN_POINT ( 'NONE',  ( -0.5500000000000000400, 3.250000000000000000, 0.05000000000000000300 ) ) ;
#1344 = LINE ( 'NONE', #1345, #1346 ) ;
#1345 = CARTESIAN_POINT ( 'NONE',  ( 4.280000000000000200, 0.5999999999999999800, -3.100000000000000100 ) ) ;
#1346 = VECTOR ( 'NONE', #1347, 1000.000000000000000 ) ;
#1347 = DIRECTION ( 'NONE',  ( 0.0000000000000000000, 0.0000000000000000000, -1.000000000000000000 ) ) ;
#1348 = CARTESIAN_POINT ( 'NONE',  ( 5.330000000000000100, 0.4000000000000000200, -4.092820323027554600 ) ) ;
#1349 = LINE ( 'NONE', #1350, #1351 ) ;
#1350 = CARTESIAN_POINT ( 'NONE',  ( 0.2500000000000000000, 0.2500000000000000000, 4.391831746994739700 ) ) ;
#1351 = VECTOR ( 'NONE', #1352, 1000.000000000000000 ) ;
#1352 = DIRECTION ( 'NONE',  ( -2.891498888091015800E-032, 1.066774799560611900E-016, 1.000000000000000000 ) ) ;
#1353 = FACE_OUTER_BOUND ( 'NONE', #6, .T. ) ;
#1354 = PLANE ( 'NONE',  #1355 ) ;
#1355 = AXIS2_PLACEMENT_3D ( 'NONE', #1356, #1357, #1358 ) ;
#1356 = CARTESIAN_POINT ( 'NONE',  ( 0.8000000000000000400, 1.629999999999999900, -3.100000000000000100 ) ) ;
#1357 = DIRECTION ( 'NONE',  ( 0.0000000000000000000, -1.000000000000000000, -3.269397408547745100E-016 ) ) ;
#1358 = DIRECTION ( 'NONE',  ( 0.0000000000000000000, 3.269397408547745100E-016, -1.000000000000000000 ) ) ;
#1359 = ORIENTED_EDGE ( 'NONE', *, *, #4737, .T. ) ;
#1360 = FACE_OUTER_BOUND ( 'NONE', #460, .T. ) ;
#1361 = PLANE ( 'NONE',  #1362 ) ;
#1362 = AXIS2_PLACEMENT_3D ( 'NONE', #1363, #1364, #1365 ) ;
#1363 = CARTESIAN_POINT ( 'NONE',  ( 4.830000000000000100, 0.4000000000000000200, 4.899999999999999500 ) ) ;
#1364 = DIRECTION ( 'NONE',  ( -1.000000000000000000, 0.0000000000000000000, 0.0000000000000000000 ) ) ;
#1365 = DIRECTION ( 'NONE',  ( 0.0000000000000000000, 0.0000000000000000000, 1.000000000000000000 ) ) ;
#1366 = FACE_OUTER_BOUND ( 'NONE', #419, .T. ) ;
#1367 = PLANE ( 'NONE',  #1368 ) ;
#1368 = AXIS2_PLACEMENT_3D ( 'NONE', #1369, #1370, #1371 ) ;
#1369 = CARTESIAN_POINT ( 'NONE',  ( 5.879999999999999900, 1.879999999999999900, 3.100000000000000100 ) ) ;
#1370 = DIRECTION ( 'NONE',  ( -1.000000000000000000, 0.0000000000000000000, 0.0000000000000000000 ) ) ;
#1371 = DIRECTION ( 'NONE',  ( 0.0000000000000000000, 0.0000000000000000000, 1.000000000000000000 ) ) ;
#1372 = FACE_OUTER_BOUND ( 'NONE', #1149, .T. ) ;
#1373 = PLANE ( 'NONE',  #1374 ) ;
#1374 = AXIS2_PLACEMENT_3D ( 'NONE', #1375, #1379, #1380 ) ;
#1375 = CARTESIAN_POINT ( 'NONE',  ( 3.340000000000000300, 0.2500000000000000000, -4.391831746994739700 ) ) ;
#1376 = ORIENTED_EDGE ( 'NONE', *, *, #5869, .F. ) ;
#1377 = ORIENTED_EDGE ( 'NONE', *, *, #42, .T. ) ;
#1378 = ORIENTED_EDGE ( 'NONE', *, *, #1513, .F. ) ;
#1379 = DIRECTION ( 'NONE',  ( 0.0000000000000000000, 1.000000000000000000, 1.066774799560611900E-016 ) ) ;
#1380 = DIRECTION ( 'NONE',  ( 0.0000000000000000000, -1.066774799560611900E-016, 1.000000000000000000 ) ) ;
#1381 = FACE_OUTER_BOUND ( 'NONE', #6393, .T. ) ;
#1382 = PLANE ( 'NONE',  #1383 ) ;
#1383 = AXIS2_PLACEMENT_3D ( 'NONE', #1384, #1385, #1386 ) ;
#1384 = CARTESIAN_POINT ( 'NONE',  ( 10.95999999999999900, 1.879999999999999900, 3.100000000000000100 ) ) ;
#1385 = DIRECTION ( 'NONE',  ( 0.0000000000000000000, -1.000000000000000000, 0.0000000000000000000 ) ) ;
#1386 = DIRECTION ( 'NONE',  ( 0.0000000000000000000, 0.0000000000000000000, -1.000000000000000000 ) ) ;
#1387 = CARTESIAN_POINT ( 'NONE',  ( 5.879999999999999900, 0.5999999999999999800, -4.298049529643849500 ) ) ;
#1388 = FACE_OUTER_BOUND ( 'NONE', #6333, .T. ) ;
#1389 = PLANE ( 'NONE',  #1390 ) ;
#1390 = AXIS2_PLACEMENT_3D ( 'NONE', #1391, #1392, #1393 ) ;
#1391 = CARTESIAN_POINT ( 'NONE',  ( 3.340000000000000300, 1.629999999999999900, 3.100000000000000100 ) ) ;
#1392 = DIRECTION ( 'NONE',  ( 0.0000000000000000000, 1.000000000000000000, -3.269397408547745100E-016 ) ) ;
#1393 = DIRECTION ( 'NONE',  ( 0.0000000000000000000, 3.269397408547745100E-016, 1.000000000000000000 ) ) ;
#1394 = CARTESIAN_POINT ( 'NONE',  ( -1.740000000000000000, 0.6999999999999999600, 3.100000000000000100 ) ) ;
#1395 = ADVANCED_FACE ( 'NONE', ( #4481 ), #4482, .T. ) ;
#1396 = LINE ( 'NONE', #1397, #1398 ) ;
#1397 = CARTESIAN_POINT ( 'NONE',  ( 5.879999999999999900, 1.629999999999999900, 3.763242816337275100 ) ) ;
#1398 = VECTOR ( 'NONE', #1399, 999.9999999999998900 ) ;
#1399 = DIRECTION ( 'NONE',  ( 0.0000000000000000000, 0.9659258262890692000, -0.2588190451025176300 ) ) ;
#1400 = LINE ( 'NONE', #1401, #1402 ) ;
#1401 = CARTESIAN_POINT ( 'NONE',  ( 10.95999999999999900, 0.2500000000000000000, -4.899999999999999500 ) ) ;
#1402 = VECTOR ( 'NONE', #1403, 1000.000000000000000 ) ;
#1403 = DIRECTION ( 'NONE',  ( -1.000000000000000000, 0.0000000000000000000, 0.0000000000000000000 ) ) ;
#1404 = FACE_OUTER_BOUND ( 'NONE', #6026, .T. ) ;
#1405 = PLANE ( 'NONE',  #1406 ) ;
#1406 = AXIS2_PLACEMENT_3D ( 'NONE', #1407, #1408, #1409 ) ;
#1407 = CARTESIAN_POINT ( 'NONE',  ( 0.8000000000000000400, 0.5999999999999999800, 4.899999999999999500 ) ) ;
#1408 = DIRECTION ( 'NONE',  ( 0.3417430630867041000, -0.9397934234884372000, 0.0000000000000000000 ) ) ;
#1409 = DIRECTION ( 'NONE',  ( 0.9397934234884372000, 0.3417430630867041000, 0.0000000000000000000 ) ) ;
#1410 = LINE ( 'NONE', #1411, #1412 ) ;
#1411 = CARTESIAN_POINT ( 'NONE',  ( 5.629999999999999900, 5.186606874731849900, 0.04999999999999939900 ) ) ;
#1412 = VECTOR ( 'NONE', #1413, 1000.000000000000000 ) ;
#1413 = DIRECTION ( 'NONE',  ( 0.0000000000000000000, -1.000000000000000000, 0.0000000000000000000 ) ) ;
#1414 = CARTESIAN_POINT ( 'NONE',  ( 9.910000000000000100, 0.4000000000000000200, 4.092820323027554600 ) ) ;
#1415 = LINE ( 'NONE', #1416, #1417 ) ;
#1416 = CARTESIAN_POINT ( 'NONE',  ( 10.95999999999999900, 1.879999999999999900, -3.100000000000000100 ) ) ;
#1417 = VECTOR ( 'NONE', #1418, 1000.000000000000000 ) ;
#1418 = DIRECTION ( 'NONE',  ( -1.000000000000000000, 0.0000000000000000000, 0.0000000000000000000 ) ) ;
#1419 = LINE ( 'NONE', #1420, #1421 ) ;
#1420 = CARTESIAN_POINT ( 'NONE',  ( 2.290000000000000000, 0.4000000000000000200, 4.899999999999999500 ) ) ;
#1421 = VECTOR ( 'NONE', #1422, 1000.000000000000000 ) ;
#1422 = DIRECTION ( 'NONE',  ( 0.0000000000000000000, 0.0000000000000000000, -1.000000000000000000 ) ) ;
#1423 = LINE ( 'NONE', #1424, #1425 ) ;
#1424 = CARTESIAN_POINT ( 'NONE',  ( 11.31160528195992000, 0.7278564661672440900, 4.004971447684720700 ) ) ;
#1425 = VECTOR ( 'NONE', #1426, 1000.000000000000000 ) ;
#1426 = DIRECTION ( 'NONE',  ( 0.9358779346557388700, 0.3403192489657229600, -0.09118826792913038700 ) ) ;
#1427 = LINE ( 'NONE', #1428, #1429 ) ;
#1428 = CARTESIAN_POINT ( 'NONE',  ( 10.95999999999999900, 1.879999999999999900, -3.100000000000000100 ) ) ;
#1429 = VECTOR ( 'NONE', #1430, 1000.000000000000000 ) ;
#1430 = DIRECTION ( 'NONE',  ( 0.0000000000000000000, 0.0000000000000000000, -1.000000000000000000 ) ) ;
#1431 = LINE ( 'NONE', #1432, #1433 ) ;
#1432 = CARTESIAN_POINT ( 'NONE',  ( 10.95999999999999900, 0.2500000000000000000, 4.391831746994739700 ) ) ;
#1433 = VECTOR ( 'NONE', #1434, 1000.000000000000000 ) ;
#1434 = DIRECTION ( 'NONE',  ( -1.000000000000000000, 0.0000000000000000000, 0.0000000000000000000 ) ) ;
#1435 = CARTESIAN_POINT ( 'NONE',  ( 2.790000000000000000, 0.4000000000000000200, -4.351639368130075300 ) ) ;
#1436 = FACE_OUTER_BOUND ( 'NONE', #1919, .T. ) ;
#1437 = PLANE ( 'NONE',  #1438 ) ;
#1438 = AXIS2_PLACEMENT_3D ( 'NONE', #1439, #1440, #1441 ) ;
#1439 = CARTESIAN_POINT ( 'NONE',  ( 10.95999999999999900, 1.879999999999999900, 3.955074563332015000 ) ) ;
#1440 = DIRECTION ( 'NONE',  ( 0.0000000000000000000, -0.2588190451025175800, -0.9659258262890692000 ) ) ;
#1441 = DIRECTION ( 'NONE',  ( 0.0000000000000000000, 0.9659258262890692000, -0.2588190451025175800 ) ) ;
#1442 = LINE ( 'NONE', #1443, #1445 ) ;
#1443 = CARTESIAN_POINT ( 'NONE',  ( -0.7249999999999999800, 3.250000000000000000, -1.450000000000000000 ) ) ;
#1444 = EDGE_CURVE ( 'NONE', #6123, #6127, #4487, .T. ) ;
#1445 = VECTOR ( 'NONE', #1446, 1000.000000000000000 ) ;
#1446 = DIRECTION ( 'NONE',  ( 1.000000000000000000, 0.0000000000000000000, 0.0000000000000000000 ) ) ;
#1447 = FACE_OUTER_BOUND ( 'NONE', #6359, .T. ) ;
#1448 = PLANE ( 'NONE',  #1449 ) ;
#1449 = AXIS2_PLACEMENT_3D ( 'NONE', #1450, #1451, #1452 ) ;
#1450 = CARTESIAN_POINT ( 'NONE',  ( 3.340000000000000300, 0.2500000000000000000, 4.391831746994739700 ) ) ;
#1451 = DIRECTION ( 'NONE',  ( 0.0000000000000000000, -1.000000000000000000, 1.066774799560611900E-016 ) ) ;
#1452 = DIRECTION ( 'NONE',  ( 0.0000000000000000000, -1.066774799560611900E-016, -1.000000000000000000 ) ) ;
#1453 = FACE_OUTER_BOUND ( 'NONE', #2091, .T. ) ;
#1454 = FACE_BOUND ( 'NONE', #566, .T. ) ;
#1455 = COLOUR_RGB ( '',0.0000000000000000000, 0.0000000000000000000, 0.0000000000000000000 ) ;
#1456 = FILL_AREA_STYLE_COLOUR ( '', #1455 ) ;
#1457 = FILL_AREA_STYLE ('',( #1456 ) ) ;
#1458 = SURFACE_STYLE_FILL_AREA ( #1457 ) ;
#1459 = SURFACE_SIDE_STYLE ('',( #1458 ) ) ;
#1460 = SURFACE_STYLE_USAGE ( .BOTH. , #1459 ) ;
#1461 = EDGE_CURVE ( 'NONE', #751, #77, #4491, .T. ) ;
#1462 = ORIENTED_EDGE ( 'NONE', *, *, #6336, .T. ) ;
#1463 = PRESENTATION_STYLE_ASSIGNMENT (( #1460 ) ) ;
#1464 = STYLED_ITEM ( 'NONE', ( #1463 ), #229 ) ;
#1465 = PRESENTATION_LAYER_ASSIGNMENT (  '', '', ( #1464 ) ) ;
#1466 = MECHANICAL_DESIGN_GEOMETRIC_PRESENTATION_REPRESENTATION (  '', ( #1464 ), #1471 ) ;
#1467 =( LENGTH_UNIT ( ) NAMED_UNIT ( * ) SI_UNIT ( .MILLI., .METRE. ) );
#1468 =( NAMED_UNIT ( * ) PLANE_ANGLE_UNIT ( ) SI_UNIT ( $, .RADIAN. ) );
#1469 =( NAMED_UNIT ( * ) SI_UNIT ( $, .STERADIAN. ) SOLID_ANGLE_UNIT ( ) );
#1470 = UNCERTAINTY_MEASURE_WITH_UNIT (LENGTH_MEASURE( 1.000000000000000100E-005 ), #1467, 'distance_accuracy_value', 'NONE');
#1471 =( GEOMETRIC_REPRESENTATION_CONTEXT ( 3 ) GLOBAL_UNCERTAINTY_ASSIGNED_CONTEXT ( ( #1470 ) ) GLOBAL_UNIT_ASSIGNED_CONTEXT ( ( #1467, #1468, #1469 ) ) REPRESENTATION_CONTEXT ( 'NONE', 'WORKASPACE' ) );
#1472 = PLANE ( 'NONE',  #1473 ) ;
#1473 = AXIS2_PLACEMENT_3D ( 'NONE', #1474, #1475, #1476 ) ;
#1474 = CARTESIAN_POINT ( 'NONE',  ( -0.7249999999999999800, 3.250000000000000000, -1.450000000000000000 ) ) ;
#1475 = DIRECTION ( 'NONE',  ( 0.0000000000000000000, -1.000000000000000000, 0.0000000000000000000 ) ) ;
#1476 = DIRECTION ( 'NONE',  ( 0.0000000000000000000, 0.0000000000000000000, -1.000000000000000000 ) ) ;
#1477 = LINE ( 'NONE', #1478, #1481 ) ;
#1478 = CARTESIAN_POINT ( 'NONE',  ( -0.8000000000000000400, 1.879999999999999900, 3.100000000000000100 ) ) ;
#1479 = EDGE_LOOP ( 'NONE', ( #5902, #756, #1027, #728 ) ) ;
#1480 = ORIENTED_EDGE ( 'NONE', *, *, #1565, .F. ) ;
#1481 = VECTOR ( 'NONE', #1482, 1000.000000000000000 ) ;
#1482 = DIRECTION ( 'NONE',  ( 0.0000000000000000000, 1.000000000000000000, 0.0000000000000000000 ) ) ;
#1483 = LINE ( 'NONE', #1484, #1485 ) ;
#1484 = CARTESIAN_POINT ( 'NONE',  ( -0.8000000000000000400, 1.879999999999999900, -3.955074563332020300 ) ) ;
#1485 = VECTOR ( 'NONE', #1486, 999.9999999999998900 ) ;
#1486 = DIRECTION ( 'NONE',  ( 0.0000000000000000000, -0.9659258262890692000, -0.2588190451025176300 ) ) ;
#1487 = CARTESIAN_POINT ( 'NONE',  ( 7.870000000000000100, 0.2500000000000000000, -4.899999999999999500 ) ) ;
#1488 = CARTESIAN_POINT ( 'NONE',  ( 5.879999999999999900, 0.5999999999999999800, 4.039230484541330500 ) ) ;
#1489 = LINE ( 'NONE', #1490, #1491 ) ;
#1490 = CARTESIAN_POINT ( 'NONE',  ( 9.610000000000001200, 5.186606874731849900, 0.04999999999999939900 ) ) ;
#1491 = VECTOR ( 'NONE', #1492, 1000.000000000000000 ) ;
#1492 = DIRECTION ( 'NONE',  ( 0.0000000000000000000, -1.000000000000000000, 0.0000000000000000000 ) ) ;
#1493 = LINE ( 'NONE', #1494, #1495 ) ;
#1494 = CARTESIAN_POINT ( 'NONE',  ( 5.329782731760869500, 0.2182608248142310100, 4.141517188251675900 ) ) ;
#1495 = VECTOR ( 'NONE', #1496, 1000.000000000000000 ) ;
#1496 = DIRECTION ( 'NONE',  ( 0.9358779346557388700, -0.3403192489657229600, 0.09118826792913038700 ) ) ;
#1497 = CARTESIAN_POINT ( 'NONE',  ( 2.790000000000000000, -1.084202172485503900E-016, 4.899999999999999500 ) ) ;
#1498 = LINE ( 'NONE', #1499, #1500 ) ;
#1499 = CARTESIAN_POINT ( 'NONE',  ( 5.805000000000000600, 3.700000000000000200, -1.899999999999999900 ) ) ;
#1500 = VECTOR ( 'NONE', #1501, 1000.000000000000100 ) ;
#1501 = DIRECTION ( 'NONE',  ( 0.0000000000000000000, 0.7071067811865474600, -0.7071067811865474600 ) ) ;
#1502 = LINE ( 'NONE', #1503, #1504 ) ;
#1503 = CARTESIAN_POINT ( 'NONE',  ( 4.830000000000000100, 0.4000000000000000200, -4.899999999999999500 ) ) ;
#1504 = VECTOR ( 'NONE', #1505, 1000.000000000000000 ) ;
#1505 = DIRECTION ( 'NONE',  ( 0.0000000000000000000, 0.0000000000000000000, 1.000000000000000000 ) ) ;
#1506 = LINE ( 'NONE', #1507, #1508 ) ;
#1507 = CARTESIAN_POINT ( 'NONE',  ( 3.089999999999999900, 3.250000000000000000, -0.9499999999999999600 ) ) ;
#1508 = VECTOR ( 'NONE', #1509, 1000.000000000000000 ) ;
#1509 = DIRECTION ( 'NONE',  ( 0.0000000000000000000, 0.0000000000000000000, -1.000000000000000000 ) ) ;
#1510 = FACE_OUTER_BOUND ( 'NONE', #5161, .T. ) ;
#1511 = PLANE ( 'NONE',  #1512 ) ;
#1512 = AXIS2_PLACEMENT_3D ( 'NONE', #1514, #1515, #1516 ) ;
#1513 = EDGE_CURVE ( 'NONE', #453, #2443, #4500, .T. ) ;
#1514 = CARTESIAN_POINT ( 'NONE',  ( 5.879999999999999900, 0.2500000000000000000, -4.899999999999999500 ) ) ;
#1515 = DIRECTION ( 'NONE',  ( 0.0000000000000000000, 0.0000000000000000000, -1.000000000000000000 ) ) ;
#1516 = DIRECTION ( 'NONE',  ( -1.000000000000000000, 0.0000000000000000000, 0.0000000000000000000 ) ) ;
#1517 = LINE ( 'NONE', #1518, #1519 ) ;
#1518 = CARTESIAN_POINT ( 'NONE',  ( 9.359999999999999400, 1.879999999999999900, 3.955074563332015000 ) ) ;
#1519 = VECTOR ( 'NONE', #1520, 999.9999999999998900 ) ;
#1520 = DIRECTION ( 'NONE',  ( 0.0000000000000000000, -0.9659258262890692000, 0.2588190451025176300 ) ) ;
#1521 = LINE ( 'NONE', #1522, #1523 ) ;
#1522 = CARTESIAN_POINT ( 'NONE',  ( 7.870000000000000100, 0.4000000000000000200, -4.899999999999999500 ) ) ;
#1523 = VECTOR ( 'NONE', #1524, 1000.000000000000000 ) ;
#1524 = DIRECTION ( 'NONE',  ( 0.0000000000000000000, 0.0000000000000000000, 1.000000000000000000 ) ) ;
#1525 = FACE_OUTER_BOUND ( 'NONE', #20, .T. ) ;
#1526 = PLANE ( 'NONE',  #1527 ) ;
#1527 = AXIS2_PLACEMENT_3D ( 'NONE', #1528, #1529, #1530 ) ;
#1528 = CARTESIAN_POINT ( 'NONE',  ( 0.8000000000000000400, 1.879999999999999900, 3.100000000000000100 ) ) ;
#1529 = DIRECTION ( 'NONE',  ( 0.0000000000000000000, -1.000000000000000000, 0.0000000000000000000 ) ) ;
#1530 = DIRECTION ( 'NONE',  ( 0.0000000000000000000, 0.0000000000000000000, -1.000000000000000000 ) ) ;
#1531 = CARTESIAN_POINT ( 'NONE',  ( 10.88500000000000000, 3.250000000000000000, 1.450000000000000000 ) ) ;
#1532 = LINE ( 'NONE', #1533, #1534 ) ;
#1533 = CARTESIAN_POINT ( 'NONE',  ( 8.419999999999999900, 1.879999999999999900, -3.100000000000000100 ) ) ;
#1534 = VECTOR ( 'NONE', #1535, 1000.000000000000000 ) ;
#1535 = DIRECTION ( 'NONE',  ( -1.000000000000000000, 0.0000000000000000000, 0.0000000000000000000 ) ) ;
#1536 = LINE ( 'NONE', #1537, #1538 ) ;
#1537 = CARTESIAN_POINT ( 'NONE',  ( 4.830000000000000100, 0.4000000000000000200, -4.899999999999999500 ) ) ;
#1538 = VECTOR ( 'NONE', #1539, 1000.000000000000000 ) ;
#1539 = DIRECTION ( 'NONE',  ( 0.0000000000000000000, 1.000000000000000000, 0.0000000000000000000 ) ) ;
#1540 = LINE ( 'NONE', #1541, #1542 ) ;
#1541 = CARTESIAN_POINT ( 'NONE',  ( 6.819999999999999400, 1.879999999999999900, 3.955074563332015000 ) ) ;
#1542 = VECTOR ( 'NONE', #1543, 999.9999999999998900 ) ;
#1543 = DIRECTION ( 'NONE',  ( 0.0000000000000000000, -0.9659258262890692000, 0.2588190451025176300 ) ) ;
#1544 = CARTESIAN_POINT ( 'NONE',  ( 7.370000000000000100, 0.4000000000000000200, 4.351639368130075300 ) ) ;
#1545 = CARTESIAN_POINT ( 'NONE',  ( 5.330000000000000100, 0.4000000000000000200, 4.351639368130075300 ) ) ;
#1546 = ORIENTED_EDGE ( 'NONE', *, *, #6336, .F. ) ;
#1547 = VERTEX_POINT ( 'NONE', #4504 ) ;
#1548 = FACE_OUTER_BOUND ( 'NONE', #35, .T. ) ;
#1549 = PLANE ( 'NONE',  #1550 ) ;
#1550 = AXIS2_PLACEMENT_3D ( 'NONE', #1551, #1552, #1553 ) ;
#1551 = CARTESIAN_POINT ( 'NONE',  ( 0.8000000000000000400, 1.629999999999999900, 3.100000000000000100 ) ) ;
#1552 = DIRECTION ( 'NONE',  ( 0.0000000000000000000, 1.000000000000000000, -3.269397408547745100E-016 ) ) ;
#1553 = DIRECTION ( 'NONE',  ( 0.0000000000000000000, 3.269397408547745100E-016, 1.000000000000000000 ) ) ;
#1554 = CARTESIAN_POINT ( 'NONE',  ( -0.8000000000000000400, 1.879999999999999900, 3.100000000000000100 ) ) ;
#1555 = CARTESIAN_POINT ( 'NONE',  ( 9.359999999999999400, 0.5999999999999999800, 4.298049529643849500 ) ) ;
#1556 = LINE ( 'NONE', #1557, #1558 ) ;
#1557 = CARTESIAN_POINT ( 'NONE',  ( 4.355000000000000400, 3.700000000000000200, 1.899999999999999900 ) ) ;
#1558 = VECTOR ( 'NONE', #1559, 1000.000000000000100 ) ;
#1559 = DIRECTION ( 'NONE',  ( 0.0000000000000000000, -0.7071067811865474600, -0.7071067811865474600 ) ) ;
#1560 = CARTESIAN_POINT ( 'NONE',  ( -0.2500000000000000000, -1.696505349396695000E-016, -4.200000000000000200 ) ) ;
#1561 = LINE ( 'NONE', #1562, #1563 ) ;
#1562 = CARTESIAN_POINT ( 'NONE',  ( 9.610000000000001200, 3.600000000000000100, -0.9499999999999999600 ) ) ;
#1563 = VECTOR ( 'NONE', #1566, 1000.000000000000000 ) ;
#1564 = EDGE_CURVE ( 'NONE', #2356, #5655, #4505, .T. ) ;
#1565 = EDGE_CURVE ( 'NONE', #6032, #6043, #4509, .T. ) ;
#1566 = DIRECTION ( 'NONE',  ( 0.0000000000000000000, 0.0000000000000000000, 1.000000000000000000 ) ) ;
#1567 = FACE_OUTER_BOUND ( 'NONE', #313, .T. ) ;
#1568 = PLANE ( 'NONE',  #1569 ) ;
#1569 = AXIS2_PLACEMENT_3D ( 'NONE', #1570, #1571, #1572 ) ;
#1570 = CARTESIAN_POINT ( 'NONE',  ( 10.95999999999999900, 0.5999999999999999800, 4.899999999999999500 ) ) ;
#1571 = DIRECTION ( 'NONE',  ( 0.3417430630867041000, -0.9397934234884372000, 0.0000000000000000000 ) ) ;
#1572 = DIRECTION ( 'NONE',  ( 0.9397934234884372000, 0.3417430630867041000, 0.0000000000000000000 ) ) ;
#1573 = CARTESIAN_POINT ( 'NONE',  ( 0.8000000000000000400, 1.879999999999999900, 3.100000000000000100 ) ) ;
#1574 = FACE_OUTER_BOUND ( 'NONE', #317, .T. ) ;
#1575 = COLOUR_RGB ( '',0.0000000000000000000, 0.0000000000000000000, 0.0000000000000000000 ) ;
#1576 = FILL_AREA_STYLE_COLOUR ( '', #1575 ) ;
#1577 = FILL_AREA_STYLE ('',( #1576 ) ) ;
#1578 = SURFACE_STYLE_FILL_AREA ( #1577 ) ;
#1579 = SURFACE_SIDE_STYLE ('',( #1578 ) ) ;
#1580 = SURFACE_STYLE_USAGE ( .BOTH. , #1579 ) ;
#1581 = PRESENTATION_STYLE_ASSIGNMENT (( #1580 ) ) ;
#1582 = STYLED_ITEM ( 'NONE', ( #1581 ), #268 ) ;
#1583 = PRESENTATION_LAYER_ASSIGNMENT (  '', '', ( #1582 ) ) ;
#1584 = MECHANICAL_DESIGN_GEOMETRIC_PRESENTATION_REPRESENTATION (  '', ( #1582 ), #1589 ) ;
#1585 =( LENGTH_UNIT ( ) NAMED_UNIT ( * ) SI_UNIT ( .MILLI., .METRE. ) );
#1586 =( NAMED_UNIT ( * ) PLANE_ANGLE_UNIT ( ) SI_UNIT ( $, .RADIAN. ) );
#1587 =( NAMED_UNIT ( * ) SI_UNIT ( $, .STERADIAN. ) SOLID_ANGLE_UNIT ( ) );
#1588 = UNCERTAINTY_MEASURE_WITH_UNIT (LENGTH_MEASURE( 1.000000000000000100E-005 ), #1585, 'distance_accuracy_value', 'NONE');
#1589 =( GEOMETRIC_REPRESENTATION_CONTEXT ( 3 ) GLOBAL_UNCERTAINTY_ASSIGNED_CONTEXT ( ( #1588 ) ) GLOBAL_UNIT_ASSIGNED_CONTEXT ( ( #1585, #1586, #1587 ) ) REPRESENTATION_CONTEXT ( 'NONE', 'WORKASPACE' ) );
#1590 = PLANE ( 'NONE',  #1591 ) ;
#1591 = AXIS2_PLACEMENT_3D ( 'NONE', #1592, #1593, #1594 ) ;
#1592 = CARTESIAN_POINT ( 'NONE',  ( 3.265000000000000100, 1.800000000000000000, -5.951983773879369700E-016 ) ) ;
#1593 = DIRECTION ( 'NONE',  ( 1.000000000000000000, 0.0000000000000000000, 0.0000000000000000000 ) ) ;
#1594 = DIRECTION ( 'NONE',  ( 0.0000000000000000000, 0.0000000000000000000, -1.000000000000000000 ) ) ;
#1595 = LINE ( 'NONE', #1596, #1597 ) ;
#1596 = CARTESIAN_POINT ( 'NONE',  ( 10.95999999999999900, 1.629999999999999900, 3.100000000000000100 ) ) ;
#1597 = VECTOR ( 'NONE', #1599, 1000.000000000000000 ) ;
#1598 = VERTEX_POINT ( 'NONE', #4516 ) ;
#1599 = DIRECTION ( 'NONE',  ( -1.000000000000000000, 0.0000000000000000000, 0.0000000000000000000 ) ) ;
#1600 = CARTESIAN_POINT ( 'NONE',  ( 6.819999999999999400, 1.879999999999999900, -3.100000000000000100 ) ) ;
#1601 = CARTESIAN_POINT ( 'NONE',  ( 5.330000000000000100, 0.2500000000000000000, -4.391831746994739700 ) ) ;
#1602 = LINE ( 'NONE', #1603, #1604 ) ;
#1603 = CARTESIAN_POINT ( 'NONE',  ( 2.290000000000000000, 0.4000000000000000200, -4.899999999999999500 ) ) ;
#1604 = VECTOR ( 'NONE', #1605, 1000.000000000000000 ) ;
#1605 = DIRECTION ( 'NONE',  ( 0.0000000000000000000, 0.0000000000000000000, 1.000000000000000000 ) ) ;
#1606 = LINE ( 'NONE', #1607, #1608 ) ;
#1607 = CARTESIAN_POINT ( 'NONE',  ( 0.2500000000000000000, 1.629999999999999900, 3.763242816337275100 ) ) ;
#1608 = VECTOR ( 'NONE', #1609, 999.9999999999998900 ) ;
#1609 = DIRECTION ( 'NONE',  ( -2.618147198306160800E-016, 0.9659258262890692000, -0.2588190451025176300 ) ) ;
#1610 = CARTESIAN_POINT ( 'NONE',  ( 9.359999999999999400, 1.879999999999999900, 3.100000000000000100 ) ) ;
#1611 = FACE_OUTER_BOUND ( 'NONE', #12, .T. ) ;
#1612 = PLANE ( 'NONE',  #1613 ) ;
#1613 = AXIS2_PLACEMENT_3D ( 'NONE', #1614, #1615, #1616 ) ;
#1614 = CARTESIAN_POINT ( 'NONE',  ( 0.8000000000000000400, -1.224606353822382200E-017, 4.200000000000000200 ) ) ;
#1615 = DIRECTION ( 'NONE',  ( 0.0000000000000000000, 1.000000000000000000, 1.373916481576093900E-016 ) ) ;
#1616 = DIRECTION ( 'NONE',  ( 0.0000000000000000000, -1.373916481576093900E-016, 1.000000000000000000 ) ) ;
#1617 = FACE_OUTER_BOUND ( 'NONE', #3735, .T. ) ;
#1618 = PLANE ( 'NONE',  #1619 ) ;
#1619 = AXIS2_PLACEMENT_3D ( 'NONE', #1620, #1621, #1622 ) ;
#1620 = CARTESIAN_POINT ( 'NONE',  ( 0.8000000000000000400, 1.879999999999999900, -3.100000000000000100 ) ) ;
#1621 = DIRECTION ( 'NONE',  ( 0.0000000000000000000, 1.000000000000000000, 0.0000000000000000000 ) ) ;
#1622 = DIRECTION ( 'NONE',  ( 0.0000000000000000000, 0.0000000000000000000, 1.000000000000000000 ) ) ;
#1623 = LINE ( 'NONE', #1624, #1625 ) ;
#1624 = CARTESIAN_POINT ( 'NONE',  ( 3.265000000000000100, 3.250000000000000000, -1.450000000000000000 ) ) ;
#1625 = VECTOR ( 'NONE', #1626, 1000.000000000000000 ) ;
#1626 = DIRECTION ( 'NONE',  ( 0.0000000000000000000, 0.0000000000000000000, -1.000000000000000000 ) ) ;
#1627 = CARTESIAN_POINT ( 'NONE',  ( 9.359999999999999400, 1.879999999999999900, -3.100000000000000100 ) ) ;
#1628 = LINE ( 'NONE', #1629, #1630 ) ;
#1629 = CARTESIAN_POINT ( 'NONE',  ( 4.830000000000000100, 0.4000000000000000200, 4.899999999999999500 ) ) ;
#1630 = VECTOR ( 'NONE', #1634, 1000.000000000000000 ) ;
#1631 = ADVANCED_FACE ( 'NONE', ( #4518 ), #4519, .T. ) ;
#1632 = ORIENTED_EDGE ( 'NONE', *, *, #5091, .T. ) ;
#1633 = VERTEX_POINT ( 'NONE', #4524 ) ;
#1634 = DIRECTION ( 'NONE',  ( 0.0000000000000000000, 0.0000000000000000000, -1.000000000000000000 ) ) ;
#1635 = LINE ( 'NONE', #1636, #1637 ) ;
#1636 = CARTESIAN_POINT ( 'NONE',  ( 5.629999999999999900, 3.600000000000000100, -0.9499999999999999600 ) ) ;
#1637 = VECTOR ( 'NONE', #1638, 1000.000000000000000 ) ;
#1638 = DIRECTION ( 'NONE',  ( 0.0000000000000000000, 0.0000000000000000000, -1.000000000000000000 ) ) ;
#1639 = CARTESIAN_POINT ( 'NONE',  ( 1.740000000000000000, 1.629999999999999900, 3.100000000000000100 ) ) ;
#1640 = CARTESIAN_POINT ( 'NONE',  ( 0.2500000000000000000, 0.4000000000000000200, -4.092820323027554600 ) ) ;
#1641 = LINE ( 'NONE', #1642, #1643 ) ;
#1642 = CARTESIAN_POINT ( 'NONE',  ( 9.359999999999999400, 1.629999999999999900, -3.763242816337275100 ) ) ;
#1643 = VECTOR ( 'NONE', #1644, 999.9999999999998900 ) ;
#1644 = DIRECTION ( 'NONE',  ( 0.0000000000000000000, 0.9659258262890692000, 0.2588190451025176300 ) ) ;
#1645 = LINE ( 'NONE', #1646, #1647 ) ;
#1646 = CARTESIAN_POINT ( 'NONE',  ( 0.8000000000000000400, 0.2500000000000000000, -4.899999999999999500 ) ) ;
#1647 = VECTOR ( 'NONE', #1648, 1000.000000000000000 ) ;
#1648 = DIRECTION ( 'NONE',  ( -1.000000000000000000, 0.0000000000000000000, 0.0000000000000000000 ) ) ;
#1649 = LINE ( 'NONE', #1651, #1652 ) ;
#1650 = EDGE_CURVE ( 'NONE', #5965, #121, #4525, .T. ) ;
#1651 = CARTESIAN_POINT ( 'NONE',  ( 5.629999999999999900, 5.186606874731849900, -0.9499999999999999600 ) ) ;
#1652 = VECTOR ( 'NONE', #1653, 1000.000000000000000 ) ;
#1653 = DIRECTION ( 'NONE',  ( 0.0000000000000000000, -1.000000000000000000, 0.0000000000000000000 ) ) ;
#1654 = LINE ( 'NONE', #1655, #1656 ) ;
#1655 = CARTESIAN_POINT ( 'NONE',  ( 2.290000000000000000, 1.879999999999999900, 3.955074563332020300 ) ) ;
#1656 = VECTOR ( 'NONE', #1657, 999.9999999999998900 ) ;
#1657 = DIRECTION ( 'NONE',  ( 0.0000000000000000000, 0.9659258262890692000, -0.2588190451025176300 ) ) ;
#1658 = LINE ( 'NONE', #1659, #1660 ) ;
#1659 = CARTESIAN_POINT ( 'NONE',  ( 5.879999999999999900, 1.629999999999999900, 3.100000000000000100 ) ) ;
#1660 = VECTOR ( 'NONE', #1661, 1000.000000000000000 ) ;
#1661 = DIRECTION ( 'NONE',  ( 0.0000000000000000000, -3.269397408547745100E-016, -1.000000000000000000 ) ) ;
#1662 = LINE ( 'NONE', #1663, #1664 ) ;
#1663 = CARTESIAN_POINT ( 'NONE',  ( 4.530000000000000200, 3.250000000000000000, 0.04999999999999939900 ) ) ;
#1664 = VECTOR ( 'NONE', #1665, 1000.000000000000000 ) ;
#1665 = DIRECTION ( 'NONE',  ( 1.000000000000000000, 0.0000000000000000000, 0.0000000000000000000 ) ) ;
#1666 = LINE ( 'NONE', #1668, #1669 ) ;
#1667 = ORIENTED_EDGE ( 'NONE', *, *, #5942, .F. ) ;
#1668 = CARTESIAN_POINT ( 'NONE',  ( 1.814999999999999900, 3.250000000000000000, -1.450000000000000000 ) ) ;
#1669 = VECTOR ( 'NONE', #1670, 1000.000000000000000 ) ;
#1670 = DIRECTION ( 'NONE',  ( 0.0000000000000000000, 0.0000000000000000000, -1.000000000000000000 ) ) ;
#1671 = FACE_BOUND ( 'NONE', #285, .T. ) ;
#1672 = FACE_BOUND ( 'NONE', #2597, .T. ) ;
#1673 = FACE_OUTER_BOUND ( 'NONE', #6404, .T. ) ;
#1674 = FACE_BOUND ( 'NONE', #6353, .T. ) ;
#1675 = FACE_BOUND ( 'NONE', #435, .T. ) ;
#1676 = FACE_BOUND ( 'NONE', #1289, .T. ) ;
#1677 = COLOUR_RGB ( '',0.0000000000000000000, 0.0000000000000000000, 0.0000000000000000000 ) ;
#1678 = FILL_AREA_STYLE_COLOUR ( '', #1677 ) ;
#1679 = FILL_AREA_STYLE ('',( #1678 ) ) ;
#1680 = SURFACE_STYLE_FILL_AREA ( #1679 ) ;
#1681 = SURFACE_SIDE_STYLE ('',( #1680 ) ) ;
#1682 = SURFACE_STYLE_USAGE ( .BOTH. , #1681 ) ;
#1683 = PRESENTATION_STYLE_ASSIGNMENT (( #1682 ) ) ;
#1684 = STYLED_ITEM ( 'NONE', ( #1683 ), #5591 ) ;
#1685 = PRESENTATION_LAYER_ASSIGNMENT (  '', '', ( #1684 ) ) ;
#1686 = MECHANICAL_DESIGN_GEOMETRIC_PRESENTATION_REPRESENTATION (  '', ( #1684 ), #1691 ) ;
#1687 =( LENGTH_UNIT ( ) NAMED_UNIT ( * ) SI_UNIT ( .MILLI., .METRE. ) );
#1688 =( NAMED_UNIT ( * ) PLANE_ANGLE_UNIT ( ) SI_UNIT ( $, .RADIAN. ) );
#1689 =( NAMED_UNIT ( * ) SI_UNIT ( $, .STERADIAN. ) SOLID_ANGLE_UNIT ( ) );
#1690 = UNCERTAINTY_MEASURE_WITH_UNIT (LENGTH_MEASURE( 1.000000000000000100E-005 ), #1687, 'distance_accuracy_value', 'NONE');
#1691 =( GEOMETRIC_REPRESENTATION_CONTEXT ( 3 ) GLOBAL_UNCERTAINTY_ASSIGNED_CONTEXT ( ( #1690 ) ) GLOBAL_UNIT_ASSIGNED_CONTEXT ( ( #1687, #1688, #1689 ) ) REPRESENTATION_CONTEXT ( 'NONE', 'WORKASPACE' ) );
#1692 = PLANE ( 'NONE',  #1693 ) ;
#1693 = AXIS2_PLACEMENT_3D ( 'NONE', #1694, #1695, #1696 ) ;
#1694 = CARTESIAN_POINT ( 'NONE',  ( -1.740000000000000000, 3.700000000000000200, -3.100000000000000100 ) ) ;
#1695 = DIRECTION ( 'NONE',  ( 0.0000000000000000000, 1.000000000000000000, 0.0000000000000000000 ) ) ;
#1696 = DIRECTION ( 'NONE',  ( 0.0000000000000000000, 0.0000000000000000000, 1.000000000000000000 ) ) ;
#1697 = LINE ( 'NONE', #1698, #1699 ) ;
#1698 = CARTESIAN_POINT ( 'NONE',  ( -0.8000000000000000400, 1.629999999999999900, -3.763242816337275100 ) ) ;
#1699 = VECTOR ( 'NONE', #1700, 999.9999999999998900 ) ;
#1700 = DIRECTION ( 'NONE',  ( 0.0000000000000000000, 0.9659258262890692000, 0.2588190451025176300 ) ) ;
#1701 = FACE_OUTER_BOUND ( 'NONE', #15, .T. ) ;
#1702 = PLANE ( 'NONE',  #1703 ) ;
#1703 = AXIS2_PLACEMENT_3D ( 'NONE', #1704, #1705, #1706 ) ;
#1704 = CARTESIAN_POINT ( 'NONE',  ( 0.8000000000000000400, 1.879999999999999900, 3.955074563332020300 ) ) ;
#1705 = DIRECTION ( 'NONE',  ( 0.0000000000000000000, -0.2588190451025175800, -0.9659258262890692000 ) ) ;
#1706 = DIRECTION ( 'NONE',  ( 0.0000000000000000000, 0.9659258262890692000, -0.2588190451025175800 ) ) ;
#1707 = LINE ( 'NONE', #1708, #1709 ) ;
#1708 = CARTESIAN_POINT ( 'NONE',  ( 10.41000000000000000, 1.879999999999999900, -3.955074563332020300 ) ) ;
#1709 = VECTOR ( 'NONE', #1710, 999.9999999999998900 ) ;
#1710 = DIRECTION ( 'NONE',  ( -2.618147198306160800E-016, 0.9659258262890692000, 0.2588190451025176300 ) ) ;
#1711 = CARTESIAN_POINT ( 'NONE',  ( 7.070000000000000300, 3.250000000000000000, 0.05000000000000000300 ) ) ;
#1712 = CARTESIAN_POINT ( 'NONE',  ( 10.41000000000000000, 0.2500000000000000000, -4.899999999999999500 ) ) ;
#1713 = LINE ( 'NONE', #1714, #1715 ) ;
#1714 = CARTESIAN_POINT ( 'NONE',  ( 7.870000000000000100, 1.879999999999999900, 3.955074563332015000 ) ) ;
#1715 = VECTOR ( 'NONE', #1720, 999.9999999999998900 ) ;
#1716 = ORIENTED_EDGE ( 'NONE', *, *, #5713, .F. ) ;
#1717 = EDGE_CURVE ( 'NONE', #1852, #491, #4540, .T. ) ;
#1718 = ORIENTED_EDGE ( 'NONE', *, *, #6239, .F. ) ;
#1719 = ORIENTED_EDGE ( 'NONE', *, *, #5789, .T. ) ;
#1720 = DIRECTION ( 'NONE',  ( 2.618147198306160800E-016, -0.9659258262890692000, 0.2588190451025176300 ) ) ;
#1721 = LINE ( 'NONE', #1722, #1723 ) ;
#1722 = CARTESIAN_POINT ( 'NONE',  ( 8.419999999999999900, -1.224606353822382200E-017, 4.200000000000000200 ) ) ;
#1723 = VECTOR ( 'NONE', #1724, 1000.000000000000000 ) ;
#1724 = DIRECTION ( 'NONE',  ( -1.000000000000000000, 0.0000000000000000000, 0.0000000000000000000 ) ) ;
#1725 = CARTESIAN_POINT ( 'NONE',  ( 0.2500000000000000000, 0.2500000000000000000, -4.391831746994739700 ) ) ;
#1726 = LINE ( 'NONE', #1727, #1728 ) ;
#1727 = CARTESIAN_POINT ( 'NONE',  ( 3.340000000000000300, 0.5999999999999999800, 3.100000000000000100 ) ) ;
#1728 = VECTOR ( 'NONE', #1729, 1000.000000000000000 ) ;
#1729 = DIRECTION ( 'NONE',  ( 0.0000000000000000000, 0.0000000000000000000, 1.000000000000000000 ) ) ;
#1730 = LINE ( 'NONE', #1731, #1732 ) ;
#1731 = CARTESIAN_POINT ( 'NONE',  ( 1.740000000000000000, 1.629999999999999900, 3.100000000000000100 ) ) ;
#1732 = VECTOR ( 'NONE', #1733, 1000.000000000000000 ) ;
#1733 = DIRECTION ( 'NONE',  ( 0.0000000000000000000, -3.269397408547745100E-016, -1.000000000000000000 ) ) ;
#1734 = LINE ( 'NONE', #1735, #1736 ) ;
#1735 = CARTESIAN_POINT ( 'NONE',  ( 5.805000000000000600, 3.700000000000000200, 1.899999999999999900 ) ) ;
#1736 = VECTOR ( 'NONE', #1737, 1000.000000000000100 ) ;
#1737 = DIRECTION ( 'NONE',  ( 0.0000000000000000000, -0.7071067811865474600, -0.7071067811865474600 ) ) ;
#1738 = LINE ( 'NONE', #1739, #1740 ) ;
#1739 = CARTESIAN_POINT ( 'NONE',  ( 0.2500000000000000000, 1.629999999999999900, -3.763242816337275100 ) ) ;
#1740 = VECTOR ( 'NONE', #1741, 999.9999999999998900 ) ;
#1741 = DIRECTION ( 'NONE',  ( 2.618147198306160800E-016, -0.9659258262890692000, -0.2588190451025176300 ) ) ;
#1742 = CARTESIAN_POINT ( 'NONE',  ( 5.879999999999999900, 1.629999999999999900, 3.100000000000000100 ) ) ;
#1743 = LINE ( 'NONE', #1744, #1745 ) ;
#1744 = CARTESIAN_POINT ( 'NONE',  ( 7.869782731760869500, 0.2182608248142310100, -4.141517188251679500 ) ) ;
#1745 = VECTOR ( 'NONE', #1746, 1000.000000000000000 ) ;
#1746 = DIRECTION ( 'NONE',  ( -0.9358779346557388700, 0.3403192489657229600, 0.09118826792913038700 ) ) ;
#1747 = LINE ( 'NONE', #1748, #1749 ) ;
#1748 = CARTESIAN_POINT ( 'NONE',  ( 4.280000000000000200, 1.879999999999999900, -3.100000000000000100 ) ) ;
#1749 = VECTOR ( 'NONE', #1750, 1000.000000000000000 ) ;
#1750 = DIRECTION ( 'NONE',  ( 0.0000000000000000000, 0.0000000000000000000, -1.000000000000000000 ) ) ;
#1751 = LINE ( 'NONE', #1752, #1753 ) ;
#1752 = CARTESIAN_POINT ( 'NONE',  ( 1.990000000000000000, 3.600000000000000100, -0.9499999999999999600 ) ) ;
#1753 = VECTOR ( 'NONE', #1754, 1000.000000000000000 ) ;
#1754 = DIRECTION ( 'NONE',  ( 0.0000000000000000000, 0.0000000000000000000, 1.000000000000000000 ) ) ;
#1755 = LINE ( 'NONE', #1756, #1757 ) ;
#1756 = CARTESIAN_POINT ( 'NONE',  ( 1.990000000000000000, 5.186606874731849900, 0.04999999999999939900 ) ) ;
#1757 = VECTOR ( 'NONE', #1758, 1000.000000000000000 ) ;
#1758 = DIRECTION ( 'NONE',  ( 0.0000000000000000000, -1.000000000000000000, 0.0000000000000000000 ) ) ;
#1759 = CARTESIAN_POINT ( 'NONE',  ( 2.290000000000000000, 0.2500000000000000000, 4.391831746994739700 ) ) ;
#1760 = CARTESIAN_POINT ( 'NONE',  ( 9.910000000000000100, 0.4000000000000000200, -4.092820323027554600 ) ) ;
#1761 = LINE ( 'NONE', #1762, #1763 ) ;
#1762 = CARTESIAN_POINT ( 'NONE',  ( 9.910000000000000100, 1.629999999999999900, 3.763242816337275100 ) ) ;
#1763 = VECTOR ( 'NONE', #1764, 999.9999999999998900 ) ;
#1764 = DIRECTION ( 'NONE',  ( 0.0000000000000000000, -0.9659258262890692000, 0.2588190451025176300 ) ) ;
#1765 = FACE_BOUND ( 'NONE', #56, .T. ) ;
#1766 = FACE_BOUND ( 'NONE', #269, .T. ) ;
#1767 = FACE_BOUND ( 'NONE', #18, .T. ) ;
#1768 = ADVANCED_FACE ( 'NONE', ( #4550 ), #4569, .F. ) ;
#1769 = FACE_OUTER_BOUND ( 'NONE', #21, .T. ) ;
#1770 = FACE_BOUND ( 'NONE', #570, .T. ) ;
#1771 = FACE_BOUND ( 'NONE', #5968, .T. ) ;
#1772 = COLOUR_RGB ( '',0.0000000000000000000, 0.0000000000000000000, 0.0000000000000000000 ) ;
#1773 = FILL_AREA_STYLE_COLOUR ( '', #1772 ) ;
#1774 = FILL_AREA_STYLE ('',( #1773 ) ) ;
#1775 = SURFACE_STYLE_FILL_AREA ( #1774 ) ;
#1776 = SURFACE_SIDE_STYLE ('',( #1775 ) ) ;
#1777 = SURFACE_STYLE_USAGE ( .BOTH. , #1776 ) ;
#1778 = PRESENTATION_STYLE_ASSIGNMENT (( #1777 ) ) ;
#1779 = STYLED_ITEM ( 'NONE', ( #1778 ), #334 ) ;
#1780 = PRESENTATION_LAYER_ASSIGNMENT (  '', '', ( #1779 ) ) ;
#1781 = MECHANICAL_DESIGN_GEOMETRIC_PRESENTATION_REPRESENTATION (  '', ( #1779 ), #1786 ) ;
#1782 =( LENGTH_UNIT ( ) NAMED_UNIT ( * ) SI_UNIT ( .MILLI., .METRE. ) );
#1783 =( NAMED_UNIT ( * ) PLANE_ANGLE_UNIT ( ) SI_UNIT ( $, .RADIAN. ) );
#1784 =( NAMED_UNIT ( * ) SI_UNIT ( $, .STERADIAN. ) SOLID_ANGLE_UNIT ( ) );
#1785 = UNCERTAINTY_MEASURE_WITH_UNIT (LENGTH_MEASURE( 1.000000000000000100E-005 ), #1782, 'distance_accuracy_value', 'NONE');
#1786 =( GEOMETRIC_REPRESENTATION_CONTEXT ( 3 ) GLOBAL_UNCERTAINTY_ASSIGNED_CONTEXT ( ( #1785 ) ) GLOBAL_UNIT_ASSIGNED_CONTEXT ( ( #1782, #1783, #1784 ) ) REPRESENTATION_CONTEXT ( 'NONE', 'WORKASPACE' ) );
#1787 = PLANE ( 'NONE',  #1788 ) ;
#1788 = AXIS2_PLACEMENT_3D ( 'NONE', #1789, #1790, #1791 ) ;
#1789 = CARTESIAN_POINT ( 'NONE',  ( -1.740000000000000000, 3.700000000000000200, -3.100000000000000100 ) ) ;
#1790 = DIRECTION ( 'NONE',  ( 0.0000000000000000000, 0.0000000000000000000, 1.000000000000000000 ) ) ;
#1791 = DIRECTION ( 'NONE',  ( 1.000000000000000000, 0.0000000000000000000, 0.0000000000000000000 ) ) ;
#1792 = CARTESIAN_POINT ( 'NONE',  ( 9.910000000000000100, -1.696505349396695000E-016, 4.200000000000000200 ) ) ;
#1793 = CARTESIAN_POINT ( 'NONE',  ( 6.895000000000000500, 3.250000000000000000, -1.450000000000000000 ) ) ;
#1794 = CARTESIAN_POINT ( 'NONE',  ( 7.370000000000000100, -1.696505349396695000E-016, 4.200000000000000200 ) ) ;
#1795 = LINE ( 'NONE', #1796, #1797 ) ;
#1796 = CARTESIAN_POINT ( 'NONE',  ( 5.879999999999999900, 1.879999999999999900, -3.955074563332020300 ) ) ;
#1797 = VECTOR ( 'NONE', #1798, 999.9999999999998900 ) ;
#1798 = DIRECTION ( 'NONE',  ( 0.0000000000000000000, -0.9659258262890692000, -0.2588190451025176300 ) ) ;
#1799 = FACE_OUTER_BOUND ( 'NONE', #402, .T. ) ;
#1800 = PLANE ( 'NONE',  #1802 ) ;
#1801 = ADVANCED_FACE ( 'NONE', ( #4582 ), #4598, .F. ) ;
#1802 = AXIS2_PLACEMENT_3D ( 'NONE', #1803, #1804, #1805 ) ;
#1803 = CARTESIAN_POINT ( 'NONE',  ( 5.330000000000000100, 0.4000000000000000200, 4.899999999999999500 ) ) ;
#1804 = DIRECTION ( 'NONE',  ( 1.000000000000000000, 2.710505431213760100E-016, 0.0000000000000000000 ) ) ;
#1805 = DIRECTION ( 'NONE',  ( -2.710505431213760100E-016, 1.000000000000000000, 0.0000000000000000000 ) ) ;
#1806 = LINE ( 'NONE', #1807, #1808 ) ;
#1807 = CARTESIAN_POINT ( 'NONE',  ( 9.610000000000001200, 3.600000000000000100, 0.04999999999999939900 ) ) ;
#1808 = VECTOR ( 'NONE', #1809, 1000.000000000000000 ) ;
#1809 = DIRECTION ( 'NONE',  ( 1.000000000000000000, 0.0000000000000000000, 0.0000000000000000000 ) ) ;
#1810 = LINE ( 'NONE', #1811, #1812 ) ;
#1811 = CARTESIAN_POINT ( 'NONE',  ( 9.435000000000000500, 3.250000000000000000, -1.450000000000000000 ) ) ;
#1812 = VECTOR ( 'NONE', #1813, 1000.000000000000000 ) ;
#1813 = DIRECTION ( 'NONE',  ( 1.000000000000000000, 0.0000000000000000000, 0.0000000000000000000 ) ) ;
#1814 = CARTESIAN_POINT ( 'NONE',  ( 10.95999999999999900, 1.629999999999999900, -3.763242816337275100 ) ) ;
#1815 = FACE_OUTER_BOUND ( 'NONE', #47, .T. ) ;
#1816 = PLANE ( 'NONE',  #1817 ) ;
#1817 = AXIS2_PLACEMENT_3D ( 'NONE', #1818, #1819, #1820 ) ;
#1818 = CARTESIAN_POINT ( 'NONE',  ( 1.740000000000000000, 1.879999999999999900, 3.100000000000000100 ) ) ;
#1819 = DIRECTION ( 'NONE',  ( -1.000000000000000000, 0.0000000000000000000, 0.0000000000000000000 ) ) ;
#1820 = DIRECTION ( 'NONE',  ( 0.0000000000000000000, 0.0000000000000000000, 1.000000000000000000 ) ) ;
#1821 = LINE ( 'NONE', #1822, #1823 ) ;
#1822 = CARTESIAN_POINT ( 'NONE',  ( 1.740000000000000000, 1.879999999999999900, -3.955074563332020300 ) ) ;
#1823 = VECTOR ( 'NONE', #1824, 999.9999999999998900 ) ;
#1824 = DIRECTION ( 'NONE',  ( 0.0000000000000000000, -0.9659258262890692000, -0.2588190451025176300 ) ) ;
#1825 = FACE_OUTER_BOUND ( 'NONE', #6274, .T. ) ;
#1826 = PLANE ( 'NONE',  #1827 ) ;
#1827 = AXIS2_PLACEMENT_3D ( 'NONE', #1828, #1829, #1830 ) ;
#1828 = CARTESIAN_POINT ( 'NONE',  ( 8.419999999999999900, 1.879999999999999900, -3.100000000000000100 ) ) ;
#1829 = DIRECTION ( 'NONE',  ( -1.000000000000000000, 0.0000000000000000000, 0.0000000000000000000 ) ) ;
#1830 = DIRECTION ( 'NONE',  ( 0.0000000000000000000, 0.0000000000000000000, -1.000000000000000000 ) ) ;
#1831 = LINE ( 'NONE', #1832, #1833 ) ;
#1832 = CARTESIAN_POINT ( 'NONE',  ( 8.419999999999999900, -1.224606353822382200E-017, -4.200000000000000200 ) ) ;
#1833 = VECTOR ( 'NONE', #1835, 1000.000000000000000 ) ;
#1834 = ADVANCED_FACE ( 'NONE', ( #4605 ), #4622, .F. ) ;
#1835 = DIRECTION ( 'NONE',  ( -1.000000000000000000, 0.0000000000000000000, 0.0000000000000000000 ) ) ;
#1836 = FACE_OUTER_BOUND ( 'NONE', #415, .T. ) ;
#1837 = COLOUR_RGB ( '',0.0000000000000000000, 0.0000000000000000000, 0.0000000000000000000 ) ;
#1838 = FILL_AREA_STYLE_COLOUR ( '', #1837 ) ;
#1839 = FILL_AREA_STYLE ('',( #1838 ) ) ;
#1840 = SURFACE_STYLE_FILL_AREA ( #1839 ) ;
#1841 = SURFACE_SIDE_STYLE ('',( #1840 ) ) ;
#1842 = SURFACE_STYLE_USAGE ( .BOTH. , #1841 ) ;
#1843 = PRESENTATION_STYLE_ASSIGNMENT (( #1842 ) ) ;
#1844 = STYLED_ITEM ( 'NONE', ( #1843 ), #355 ) ;
#1845 = PRESENTATION_LAYER_ASSIGNMENT (  '', '', ( #1844 ) ) ;
#1846 = MECHANICAL_DESIGN_GEOMETRIC_PRESENTATION_REPRESENTATION (  '', ( #1844 ), #1853 ) ;
#1847 =( LENGTH_UNIT ( ) NAMED_UNIT ( * ) SI_UNIT ( .MILLI., .METRE. ) );
#1848 =( NAMED_UNIT ( * ) PLANE_ANGLE_UNIT ( ) SI_UNIT ( $, .RADIAN. ) );
#1849 =( NAMED_UNIT ( * ) SI_UNIT ( $, .STERADIAN. ) SOLID_ANGLE_UNIT ( ) );
#1850 = UNCERTAINTY_MEASURE_WITH_UNIT (LENGTH_MEASURE( 1.000000000000000100E-005 ), #1847, 'distance_accuracy_value', 'NONE');
#1851 = ORIENTED_EDGE ( 'NONE', *, *, #6006, .F. ) ;
#1852 = VERTEX_POINT ( 'NONE', #4628 ) ;
#1853 =( GEOMETRIC_REPRESENTATION_CONTEXT ( 3 ) GLOBAL_UNCERTAINTY_ASSIGNED_CONTEXT ( ( #1850 ) ) GLOBAL_UNIT_ASSIGNED_CONTEXT ( ( #1847, #1848, #1849 ) ) REPRESENTATION_CONTEXT ( 'NONE', 'WORKASPACE' ) );
#1854 = PLANE ( 'NONE',  #1855 ) ;
#1855 = AXIS2_PLACEMENT_3D ( 'NONE', #1856, #1857, #1858 ) ;
#1856 = CARTESIAN_POINT ( 'NONE',  ( -0.7249999999999999800, 3.700000000000000200, -1.899999999999999900 ) ) ;
#1857 = DIRECTION ( 'NONE',  ( 0.0000000000000000000, -0.7071067811865475700, -0.7071067811865475700 ) ) ;
#1858 = DIRECTION ( 'NONE',  ( 0.0000000000000000000, 0.7071067811865475700, -0.7071067811865475700 ) ) ;
#1859 = LINE ( 'NONE', #1860, #1861 ) ;
#1860 = CARTESIAN_POINT ( 'NONE',  ( 8.169999999999999900, 3.250000000000000000, -0.9499999999999999600 ) ) ;
#1861 = VECTOR ( 'NONE', #1862, 1000.000000000000000 ) ;
#1862 = DIRECTION ( 'NONE',  ( 0.0000000000000000000, 0.0000000000000000000, -1.000000000000000000 ) ) ;
#1863 = FACE_OUTER_BOUND ( 'NONE', #6130, .T. ) ;
#1864 = PLANE ( 'NONE',  #1865 ) ;
#1865 = AXIS2_PLACEMENT_3D ( 'NONE', #1866, #1867, #1868 ) ;
#1866 = CARTESIAN_POINT ( 'NONE',  ( 3.340000000000000300, 0.5999999999999999800, 4.899999999999999500 ) ) ;
#1867 = DIRECTION ( 'NONE',  ( 0.3417430630867041000, -0.9397934234884372000, 0.0000000000000000000 ) ) ;
#1868 = DIRECTION ( 'NONE',  ( 0.9397934234884372000, 0.3417430630867041000, 0.0000000000000000000 ) ) ;
#1869 = CARTESIAN_POINT ( 'NONE',  ( 9.910000000000000100, 0.2500000000000000000, -4.899999999999999500 ) ) ;
#1870 = LINE ( 'NONE', #1871, #1872 ) ;
#1871 = CARTESIAN_POINT ( 'NONE',  ( 5.879999999999999900, 1.629999999999999900, 3.100000000000000100 ) ) ;
#1872 = VECTOR ( 'NONE', #1873, 1000.000000000000000 ) ;
#1873 = DIRECTION ( 'NONE',  ( -1.000000000000000000, 0.0000000000000000000, 0.0000000000000000000 ) ) ;
#1874 = LINE ( 'NONE', #1875, #1876 ) ;
#1875 = CARTESIAN_POINT ( 'NONE',  ( 1.151605281959920100, 0.7278564661672440900, 4.004971447684720700 ) ) ;
#1876 = VECTOR ( 'NONE', #1877, 1000.000000000000000 ) ;
#1877 = DIRECTION ( 'NONE',  ( 0.9358779346557388700, 0.3403192489657229600, -0.09118826792913038700 ) ) ;
#1878 = LINE ( 'NONE', #1879, #1880 ) ;
#1879 = CARTESIAN_POINT ( 'NONE',  ( 9.910000000000000100, 0.4000000000000000200, 4.899999999999999500 ) ) ;
#1880 = VECTOR ( 'NONE', #1881, 1000.000000000000000 ) ;
#1881 = DIRECTION ( 'NONE',  ( 0.0000000000000000000, 1.000000000000000000, 0.0000000000000000000 ) ) ;
#1882 = CARTESIAN_POINT ( 'NONE',  ( 10.71000000000000100, 3.250000000000000000, -0.9499999999999999600 ) ) ;
#1883 = LINE ( 'NONE', #1884, #1887 ) ;
#1884 = CARTESIAN_POINT ( 'NONE',  ( 10.32444164390651900, 0.2492939476703585100, -4.392020933146285200 ) ) ;
#1885 = ORIENTED_EDGE ( 'NONE', *, *, #5757, .T. ) ;
#1886 = EDGE_CURVE ( 'NONE', #5483, #6079, #4647, .T. ) ;
#1887 = VECTOR ( 'NONE', #1888, 1000.000000000000000 ) ;
#1888 = DIRECTION ( 'NONE',  ( 0.9358779346557388700, -0.3403192489657229600, -0.09118826792913038700 ) ) ;
#1889 = CARTESIAN_POINT ( 'NONE',  ( 9.359999999999999400, 0.5999999999999999800, -4.039230484541330500 ) ) ;
#1890 = CARTESIAN_POINT ( 'NONE',  ( 10.95999999999999900, 0.5999999999999999800, 4.039230484541330500 ) ) ;
#1891 = FACE_OUTER_BOUND ( 'NONE', #5594, .T. ) ;
#1892 = PLANE ( 'NONE',  #1893 ) ;
#1893 = AXIS2_PLACEMENT_3D ( 'NONE', #1894, #1895, #1896 ) ;
#1894 = CARTESIAN_POINT ( 'NONE',  ( 8.419999999999999900, 1.879999999999999900, -3.955074563332020300 ) ) ;
#1895 = DIRECTION ( 'NONE',  ( 0.0000000000000000000, 0.2588190451025175800, -0.9659258262890692000 ) ) ;
#1896 = DIRECTION ( 'NONE',  ( 0.0000000000000000000, 0.9659258262890692000, 0.2588190451025175800 ) ) ;
#1897 = FACE_OUTER_BOUND ( 'NONE', #422, .T. ) ;
#1898 = COLOUR_RGB ( '',1.000000000000000000, 1.000000000000000000, 1.000000000000000000 ) ;
#1899 = FILL_AREA_STYLE_COLOUR ( '', #1898 ) ;
#1900 = FILL_AREA_STYLE ('',( #1899 ) ) ;
#1901 = SURFACE_STYLE_FILL_AREA ( #1900 ) ;
#1902 = SURFACE_SIDE_STYLE ('',( #1901 ) ) ;
#1903 = SURFACE_STYLE_USAGE ( .BOTH. , #1902 ) ;
#1904 = PRESENTATION_STYLE_ASSIGNMENT (( #1903 ) ) ;
#1905 = STYLED_ITEM ( 'NONE', ( #1904 ), #373 ) ;
#1906 = PRESENTATION_LAYER_ASSIGNMENT (  '', '', ( #1905 ) ) ;
#1907 = MECHANICAL_DESIGN_GEOMETRIC_PRESENTATION_REPRESENTATION (  '', ( #1905 ), #1912 ) ;
#1908 =( LENGTH_UNIT ( ) NAMED_UNIT ( * ) SI_UNIT ( .MILLI., .METRE. ) );
#1909 =( NAMED_UNIT ( * ) PLANE_ANGLE_UNIT ( ) SI_UNIT ( $, .RADIAN. ) );
#1910 =( NAMED_UNIT ( * ) SI_UNIT ( $, .STERADIAN. ) SOLID_ANGLE_UNIT ( ) );
#1911 = UNCERTAINTY_MEASURE_WITH_UNIT (LENGTH_MEASURE( 1.000000000000000100E-005 ), #1908, 'distance_accuracy_value', 'NONE');
#1912 =( GEOMETRIC_REPRESENTATION_CONTEXT ( 3 ) GLOBAL_UNCERTAINTY_ASSIGNED_CONTEXT ( ( #1911 ) ) GLOBAL_UNIT_ASSIGNED_CONTEXT ( ( #1908, #1909, #1910 ) ) REPRESENTATION_CONTEXT ( 'NONE', 'WORKASPACE' ) );
#1913 = PLANE ( 'NONE',  #1914 ) ;
#1914 = AXIS2_PLACEMENT_3D ( 'NONE', #1915, #1916, #1917 ) ;
#1915 = CARTESIAN_POINT ( 'NONE',  ( 9.610000000000001200, 5.186606874731849900, -0.9499999999999999600 ) ) ;
#1916 = DIRECTION ( 'NONE',  ( 1.000000000000000000, 0.0000000000000000000, 0.0000000000000000000 ) ) ;
#1917 = DIRECTION ( 'NONE',  ( 0.0000000000000000000, 0.0000000000000000000, -1.000000000000000000 ) ) ;
#1918 = FACE_OUTER_BOUND ( 'NONE', #424, .T. ) ;
#1919 = EDGE_LOOP ( 'NONE', ( #2040, #5518, #90, #688, #494, #3472, #228, #45 ) ) ;
#1920 = COLOUR_RGB ( '',0.0000000000000000000, 0.0000000000000000000, 0.0000000000000000000 ) ;
#1921 = FILL_AREA_STYLE_COLOUR ( '', #1920 ) ;
#1922 = FILL_AREA_STYLE ('',( #1921 ) ) ;
#1923 = SURFACE_STYLE_FILL_AREA ( #1922 ) ;
#1924 = SURFACE_SIDE_STYLE ('',( #1923 ) ) ;
#1925 = SURFACE_STYLE_USAGE ( .BOTH. , #1924 ) ;
#1926 = PRESENTATION_STYLE_ASSIGNMENT (( #1925 ) ) ;
#1927 = STYLED_ITEM ( 'NONE', ( #1926 ), #374 ) ;
#1928 = PRESENTATION_LAYER_ASSIGNMENT (  '', '', ( #1927 ) ) ;
#1929 = MECHANICAL_DESIGN_GEOMETRIC_PRESENTATION_REPRESENTATION (  '', ( #1927 ), #1934 ) ;
#1930 =( LENGTH_UNIT ( ) NAMED_UNIT ( * ) SI_UNIT ( .MILLI., .METRE. ) );
#1931 =( NAMED_UNIT ( * ) PLANE_ANGLE_UNIT ( ) SI_UNIT ( $, .RADIAN. ) );
#1932 =( NAMED_UNIT ( * ) SI_UNIT ( $, .STERADIAN. ) SOLID_ANGLE_UNIT ( ) );
#1933 = UNCERTAINTY_MEASURE_WITH_UNIT (LENGTH_MEASURE( 1.000000000000000100E-005 ), #1930, 'distance_accuracy_value', 'NONE');
#1934 =( GEOMETRIC_REPRESENTATION_CONTEXT ( 3 ) GLOBAL_UNCERTAINTY_ASSIGNED_CONTEXT ( ( #1933 ) ) GLOBAL_UNIT_ASSIGNED_CONTEXT ( ( #1930, #1931, #1932 ) ) REPRESENTATION_CONTEXT ( 'NONE', 'WORKASPACE' ) );
#1935 = PLANE ( 'NONE',  #1938 ) ;
#1936 = EDGE_CURVE ( 'NONE', #6168, #2005, #4655, .T. ) ;
#1937 = VERTEX_POINT ( 'NONE', #4659 ) ;
#1938 = AXIS2_PLACEMENT_3D ( 'NONE', #1939, #1940, #1941 ) ;
#1939 = CARTESIAN_POINT ( 'NONE',  ( 6.895000000000000500, 3.700000000000000200, -1.899999999999999900 ) ) ;
#1940 = DIRECTION ( 'NONE',  ( 0.0000000000000000000, -0.7071067811865475700, -0.7071067811865475700 ) ) ;
#1941 = DIRECTION ( 'NONE',  ( 0.0000000000000000000, 0.7071067811865475700, -0.7071067811865475700 ) ) ;
#1942 = FACE_OUTER_BOUND ( 'NONE', #358, .T. ) ;
#1943 = PLANE ( 'NONE',  #1944 ) ;
#1944 = AXIS2_PLACEMENT_3D ( 'NONE', #1945, #1946, #1947 ) ;
#1945 = CARTESIAN_POINT ( 'NONE',  ( 3.340000000000000300, -1.224606353822382200E-017, 4.200000000000000200 ) ) ;
#1946 = DIRECTION ( 'NONE',  ( 0.0000000000000000000, 1.000000000000000000, 1.373916481576093900E-016 ) ) ;
#1947 = DIRECTION ( 'NONE',  ( 0.0000000000000000000, -1.373916481576093900E-016, 1.000000000000000000 ) ) ;
#1948 = CARTESIAN_POINT ( 'NONE',  ( 0.7249999999999999800, 3.250000000000000000, -1.450000000000000000 ) ) ;
#1949 = CARTESIAN_POINT ( 'NONE',  ( 7.370000000000000100, 0.4000000000000000200, -4.092820323027554600 ) ) ;
#1950 = CARTESIAN_POINT ( 'NONE',  ( 1.740000000000000000, 1.879999999999999900, 3.100000000000000100 ) ) ;
#1951 = CARTESIAN_POINT ( 'NONE',  ( 1.990000000000000000, 3.600000000000000100, -0.9499999999999999600 ) ) ;
#1952 = CARTESIAN_POINT ( 'NONE',  ( 6.895000000000000500, 3.700000000000000200, 1.899999999999999900 ) ) ;
#1953 = CARTESIAN_POINT ( 'NONE',  ( 6.819999999999999400, 0.5999999999999999800, -4.039230484541330500 ) ) ;
#1954 = VERTEX_POINT ( 'NONE', #4660 ) ;
#1955 = CARTESIAN_POINT ( 'NONE',  ( 1.814999999999999900, 3.250000000000000000, 1.450000000000000000 ) ) ;
#1956 = FACE_OUTER_BOUND ( 'NONE', #170, .T. ) ;
#1957 = PLANE ( 'NONE',  #1958 ) ;
#1958 = AXIS2_PLACEMENT_3D ( 'NONE', #1959, #1960, #1961 ) ;
#1959 = CARTESIAN_POINT ( 'NONE',  ( 3.340000000000000300, -1.224606353822382200E-017, -4.200000000000000200 ) ) ;
#1960 = DIRECTION ( 'NONE',  ( 0.0000000000000000000, -1.000000000000000000, 1.373916481576093900E-016 ) ) ;
#1961 = DIRECTION ( 'NONE',  ( 0.0000000000000000000, -1.373916481576093900E-016, -1.000000000000000000 ) ) ;
#1962 = FACE_OUTER_BOUND ( 'NONE', #488, .T. ) ;
#1963 = PLANE ( 'NONE',  #1964 ) ;
#1964 = AXIS2_PLACEMENT_3D ( 'NONE', #1965, #1966, #1967 ) ;
#1965 = CARTESIAN_POINT ( 'NONE',  ( 2.790000000000000000, 0.4000000000000000200, -4.899999999999999500 ) ) ;
#1966 = DIRECTION ( 'NONE',  ( -1.000000000000000000, -2.710505431213760100E-016, 0.0000000000000000000 ) ) ;
#1967 = DIRECTION ( 'NONE',  ( 2.710505431213760100E-016, -1.000000000000000000, 0.0000000000000000000 ) ) ;
#1968 = LINE ( 'NONE', #1969, #1970 ) ;
#1969 = CARTESIAN_POINT ( 'NONE',  ( 1.740000000000000000, 1.879999999999999900, 3.100000000000000100 ) ) ;
#1970 = VECTOR ( 'NONE', #1972, 1000.000000000000000 ) ;
#1971 = VERTEX_POINT ( 'NONE', #4665 ) ;
#1972 = DIRECTION ( 'NONE',  ( 0.0000000000000000000, 0.0000000000000000000, 1.000000000000000000 ) ) ;
#1973 = CARTESIAN_POINT ( 'NONE',  ( 7.370000000000000100, 0.2500000000000000000, 4.391831746994739700 ) ) ;
#1974 = LINE ( 'NONE', #1975, #1976 ) ;
#1975 = CARTESIAN_POINT ( 'NONE',  ( 0.2500000000000000000, 0.4000000000000000200, 4.899999999999999500 ) ) ;
#1976 = VECTOR ( 'NONE', #1977, 1000.000000000000000 ) ;
#1977 = DIRECTION ( 'NONE',  ( 0.0000000000000000000, 0.0000000000000000000, -1.000000000000000000 ) ) ;
#1978 = CARTESIAN_POINT ( 'NONE',  ( 10.71000000000000100, 3.600000000000000100, 0.04999999999999939900 ) ) ;
#1979 = CARTESIAN_POINT ( 'NONE',  ( 10.95999999999999900, 1.879999999999999900, 3.100000000000000100 ) ) ;
#1980 = FACE_OUTER_BOUND ( 'NONE', #457, .T. ) ;
#1981 = PLANE ( 'NONE',  #1982 ) ;
#1982 = AXIS2_PLACEMENT_3D ( 'NONE', #1983, #1984, #1985 ) ;
#1983 = CARTESIAN_POINT ( 'NONE',  ( 6.819999999999999400, 0.5999999999999999800, -4.899999999999999500 ) ) ;
#1984 = DIRECTION ( 'NONE',  ( 0.3417430630867041000, 0.9397934234884372000, 0.0000000000000000000 ) ) ;
#1985 = DIRECTION ( 'NONE',  ( -0.9397934234884372000, 0.3417430630867041000, 0.0000000000000000000 ) ) ;
#1986 = FACE_OUTER_BOUND ( 'NONE', #46, .T. ) ;
#1987 = PLANE ( 'NONE',  #1989 ) ;
#1988 = VERTEX_POINT ( 'NONE', #4666 ) ;
#1989 = AXIS2_PLACEMENT_3D ( 'NONE', #1990, #1991, #1992 ) ;
#1990 = CARTESIAN_POINT ( 'NONE',  ( 0.8000000000000000400, 1.629999999999999900, -3.763242816337275100 ) ) ;
#1991 = DIRECTION ( 'NONE',  ( 0.0000000000000000000, -0.2588190451025175800, 0.9659258262890692000 ) ) ;
#1992 = DIRECTION ( 'NONE',  ( 0.0000000000000000000, -0.9659258262890692000, -0.2588190451025175800 ) ) ;
#1993 = LINE ( 'NONE', #1994, #1995 ) ;
#1994 = CARTESIAN_POINT ( 'NONE',  ( 11.39694636981426100, 0.7588895890233710000, -4.255475192579324600 ) ) ;
#1995 = VECTOR ( 'NONE', #1996, 1000.000000000000000 ) ;
#1996 = DIRECTION ( 'NONE',  ( 0.9358779346557388700, 0.3403192489657229600, 0.09118826792913038700 ) ) ;
#1997 = CARTESIAN_POINT ( 'NONE',  ( 7.870000000000000100, -1.084202172485503900E-016, -4.200000000000000200 ) ) ;
#1998 = LINE ( 'NONE', #1999, #2000 ) ;
#1999 = CARTESIAN_POINT ( 'NONE',  ( 3.340000000000000300, -1.084202172485503900E-016, 4.899999999999999500 ) ) ;
#2000 = VECTOR ( 'NONE', #2001, 1000.000000000000000 ) ;
#2001 = DIRECTION ( 'NONE',  ( -1.000000000000000000, 0.0000000000000000000, 0.0000000000000000000 ) ) ;
#2002 = CARTESIAN_POINT ( 'NONE',  ( 10.41000000000000000, -1.084202172485503900E-016, 4.899999999999999500 ) ) ;
#2003 = LINE ( 'NONE', #2004, #2006 ) ;
#2004 = CARTESIAN_POINT ( 'NONE',  ( 6.819999999999999400, 1.629999999999999900, 3.763242816337275100 ) ) ;
#2005 = VERTEX_POINT ( 'NONE', #4667 ) ;
#2006 = VECTOR ( 'NONE', #2007, 999.9999999999998900 ) ;
#2007 = DIRECTION ( 'NONE',  ( 0.0000000000000000000, 0.9659258262890692000, -0.2588190451025176300 ) ) ;
#2008 = LINE ( 'NONE', #2009, #2010 ) ;
#2009 = CARTESIAN_POINT ( 'NONE',  ( 10.95999999999999900, 1.879999999999999900, 3.100000000000000100 ) ) ;
#2010 = VECTOR ( 'NONE', #2011, 1000.000000000000000 ) ;
#2011 = DIRECTION ( 'NONE',  ( 0.0000000000000000000, 0.0000000000000000000, 1.000000000000000000 ) ) ;
#2012 = LINE ( 'NONE', #2013, #2014 ) ;
#2013 = CARTESIAN_POINT ( 'NONE',  ( 6.819999999999999400, 1.629999999999999900, -3.100000000000000100 ) ) ;
#2014 = VECTOR ( 'NONE', #2015, 1000.000000000000000 ) ;
#2015 = DIRECTION ( 'NONE',  ( 0.0000000000000000000, -3.269397408547745100E-016, 1.000000000000000000 ) ) ;
#2016 = CARTESIAN_POINT ( 'NONE',  ( 4.830000000000000100, 0.4000000000000000200, 4.351639368130075300 ) ) ;
#2017 = LINE ( 'NONE', #2018, #2019 ) ;
#2018 = CARTESIAN_POINT ( 'NONE',  ( 5.879999999999999900, 0.5999999999999999800, -3.100000000000000100 ) ) ;
#2019 = VECTOR ( 'NONE', #2020, 1000.000000000000000 ) ;
#2020 = DIRECTION ( 'NONE',  ( 0.0000000000000000000, 0.0000000000000000000, -1.000000000000000000 ) ) ;
#2021 = LINE ( 'NONE', #2023, #2024 ) ;
#2022 = ORIENTED_EDGE ( 'NONE', *, *, #2303, .T. ) ;
#2023 = CARTESIAN_POINT ( 'NONE',  ( 11.90000000000000000, 3.700000000000000200, -3.100000000000000100 ) ) ;
#2024 = VECTOR ( 'NONE', #2025, 1000.000000000000000 ) ;
#2025 = DIRECTION ( 'NONE',  ( 0.0000000000000000000, -1.000000000000000000, 0.0000000000000000000 ) ) ;
#2026 = LINE ( 'NONE', #2027, #2028 ) ;
#2027 = CARTESIAN_POINT ( 'NONE',  ( 10.71000000000000100, 3.250000000000000000, -0.9499999999999999600 ) ) ;
#2028 = VECTOR ( 'NONE', #2029, 1000.000000000000000 ) ;
#2029 = DIRECTION ( 'NONE',  ( 0.0000000000000000000, 0.0000000000000000000, -1.000000000000000000 ) ) ;
#2030 = FACE_OUTER_BOUND ( 'NONE', #6384, .T. ) ;
#2031 = PLANE ( 'NONE',  #2032 ) ;
#2032 = AXIS2_PLACEMENT_3D ( 'NONE', #2033, #2034, #2035 ) ;
#2033 = CARTESIAN_POINT ( 'NONE',  ( 3.340000000000000300, 0.2500000000000000000, -4.899999999999999500 ) ) ;
#2034 = DIRECTION ( 'NONE',  ( 0.0000000000000000000, 0.0000000000000000000, -1.000000000000000000 ) ) ;
#2035 = DIRECTION ( 'NONE',  ( -1.000000000000000000, 0.0000000000000000000, 0.0000000000000000000 ) ) ;
#2036 = FACE_OUTER_BOUND ( 'NONE', #1113, .T. ) ;
#2037 = PLANE ( 'NONE',  #2038 ) ;
#2038 = AXIS2_PLACEMENT_3D ( 'NONE', #2041, #2042, #2043 ) ;
#2039 = ORIENTED_EDGE ( 'NONE', *, *, #2125, .F. ) ;
#2040 = ORIENTED_EDGE ( 'NONE', *, *, #2108, .F. ) ;
#2041 = CARTESIAN_POINT ( 'NONE',  ( 8.419999999999999900, 0.2500000000000000000, -4.391831746994745000 ) ) ;
#2042 = DIRECTION ( 'NONE',  ( 0.0000000000000000000, 1.000000000000000000, 1.066774799560611900E-016 ) ) ;
#2043 = DIRECTION ( 'NONE',  ( 0.0000000000000000000, -1.066774799560611900E-016, 1.000000000000000000 ) ) ;
#2044 = LINE ( 'NONE', #2045, #2046 ) ;
#2045 = CARTESIAN_POINT ( 'NONE',  ( 10.95999999999999900, 1.879999999999999900, -3.955074563332020300 ) ) ;
#2046 = VECTOR ( 'NONE', #2047, 999.9999999999998900 ) ;
#2047 = DIRECTION ( 'NONE',  ( 0.0000000000000000000, -0.9659258262890692000, -0.2588190451025176300 ) ) ;
#2048 = CARTESIAN_POINT ( 'NONE',  ( 1.814999999999999900, 3.700000000000000200, 1.899999999999999900 ) ) ;
#2049 = CARTESIAN_POINT ( 'NONE',  ( 7.870000000000000100, 0.2500000000000000000, 4.391831746994739700 ) ) ;
#2050 = CARTESIAN_POINT ( 'NONE',  ( 9.359999999999999400, 0.5999999999999999800, -4.298049529643849500 ) ) ;
#2051 = LINE ( 'NONE', #2052, #2053 ) ;
#2052 = CARTESIAN_POINT ( 'NONE',  ( 10.41000000000000000, 1.629999999999999900, 3.763242816337275100 ) ) ;
#2053 = VECTOR ( 'NONE', #2054, 999.9999999999998900 ) ;
#2054 = DIRECTION ( 'NONE',  ( -2.618147198306160800E-016, 0.9659258262890692000, -0.2588190451025176300 ) ) ;
#2055 = CARTESIAN_POINT ( 'NONE',  ( 9.910000000000000100, -1.696505349396695000E-016, -4.899999999999999500 ) ) ;
#2056 = FACE_OUTER_BOUND ( 'NONE', #4217, .T. ) ;
#2057 = EDGE_LOOP ( 'NONE', ( #2337, #740, #758, #1187 ) ) ;
#2058 = ORIENTED_EDGE ( 'NONE', *, *, #506, .F. ) ;
#2059 = PLANE ( 'NONE',  #2060 ) ;
#2060 = AXIS2_PLACEMENT_3D ( 'NONE', #2061, #2062, #2063 ) ;
#2061 = CARTESIAN_POINT ( 'NONE',  ( 8.419999999999999900, 1.629999999999999900, 3.100000000000000100 ) ) ;
#2062 = DIRECTION ( 'NONE',  ( 0.0000000000000000000, 1.000000000000000000, -3.269397408547745100E-016 ) ) ;
#2063 = DIRECTION ( 'NONE',  ( 0.0000000000000000000, 3.269397408547745100E-016, 1.000000000000000000 ) ) ;
#2064 = LINE ( 'NONE', #2065, #2066 ) ;
#2065 = CARTESIAN_POINT ( 'NONE',  ( 4.830000000000000100, 0.2500000000000000000, -4.391831746994739700 ) ) ;
#2066 = VECTOR ( 'NONE', #2067, 1000.000000000000000 ) ;
#2067 = DIRECTION ( 'NONE',  ( 0.0000000000000000000, 1.066774799560611900E-016, -1.000000000000000000 ) ) ;
#2068 = CARTESIAN_POINT ( 'NONE',  ( 6.819999999999999400, 1.629999999999999900, 3.763242816337275100 ) ) ;
#2069 = FACE_OUTER_BOUND ( 'NONE', #300, .T. ) ;
#2070 = PLANE ( 'NONE',  #2071 ) ;
#2071 = AXIS2_PLACEMENT_3D ( 'NONE', #2072, #2073, #2074 ) ;
#2072 = CARTESIAN_POINT ( 'NONE',  ( 4.830000000000000100, 0.4000000000000000200, -4.899999999999999500 ) ) ;
#2073 = DIRECTION ( 'NONE',  ( 1.000000000000000000, 0.0000000000000000000, 0.0000000000000000000 ) ) ;
#2074 = DIRECTION ( 'NONE',  ( 0.0000000000000000000, 0.0000000000000000000, -1.000000000000000000 ) ) ;
#2075 = LINE ( 'NONE', #2076, #2077 ) ;
#2076 = CARTESIAN_POINT ( 'NONE',  ( -0.2500000000000000000, 1.629999999999999900, 3.763242816337275100 ) ) ;
#2077 = VECTOR ( 'NONE', #2078, 999.9999999999998900 ) ;
#2078 = DIRECTION ( 'NONE',  ( 0.0000000000000000000, -0.9659258262890692000, 0.2588190451025176300 ) ) ;
#2079 = CARTESIAN_POINT ( 'NONE',  ( 6.819999999999999400, 1.879999999999999900, 3.100000000000000100 ) ) ;
#2080 = CARTESIAN_POINT ( 'NONE',  ( 2.290000000000000000, 0.2500000000000000000, -4.391831746994739700 ) ) ;
#2081 = CARTESIAN_POINT ( 'NONE',  ( 5.330000000000000100, -1.084202172485503900E-016, 4.200000000000000200 ) ) ;
#2082 = CARTESIAN_POINT ( 'NONE',  ( 6.819999999999999400, 1.629999999999999900, -3.763242816337275100 ) ) ;
#2083 = CARTESIAN_POINT ( 'NONE',  ( 10.41000000000000000, 0.4000000000000000200, -4.351639368130075300 ) ) ;
#2084 = FACE_OUTER_BOUND ( 'NONE', #6311, .T. ) ;
#2085 = PLANE ( 'NONE',  #2086 ) ;
#2086 = AXIS2_PLACEMENT_3D ( 'NONE', #2087, #2088, #2089 ) ;
#2087 = CARTESIAN_POINT ( 'NONE',  ( 7.370000000000000100, 0.4000000000000000200, 4.899999999999999500 ) ) ;
#2088 = DIRECTION ( 'NONE',  ( -1.000000000000000000, 0.0000000000000000000, 0.0000000000000000000 ) ) ;
#2089 = DIRECTION ( 'NONE',  ( 0.0000000000000000000, 0.0000000000000000000, 1.000000000000000000 ) ) ;
#2090 = CARTESIAN_POINT ( 'NONE',  ( -0.2500000000000000000, 0.4000000000000000200, 4.092820323027554600 ) ) ;
#2091 = EDGE_LOOP ( 'NONE', ( #6411, #201, #5950, #5689 ) ) ;
#2092 = CARTESIAN_POINT ( 'NONE',  ( 4.355000000000000400, 3.250000000000000000, 1.450000000000000000 ) ) ;
#2093 = CARTESIAN_POINT ( 'NONE',  ( 0.7249999999999999800, 3.700000000000000200, 1.899999999999999900 ) ) ;
#2094 = LINE ( 'NONE', #2095, #2096 ) ;
#2095 = CARTESIAN_POINT ( 'NONE',  ( 10.88500000000000000, 3.700000000000000200, -1.899999999999999900 ) ) ;
#2096 = VECTOR ( 'NONE', #2097, 1000.000000000000100 ) ;
#2097 = DIRECTION ( 'NONE',  ( 0.0000000000000000000, 0.7071067811865474600, -0.7071067811865474600 ) ) ;
#2098 = LINE ( 'NONE', #2099, #2100 ) ;
#2099 = CARTESIAN_POINT ( 'NONE',  ( 3.340000000000000300, 1.879999999999999900, 3.955074563332020300 ) ) ;
#2100 = VECTOR ( 'NONE', #2101, 999.9999999999998900 ) ;
#2101 = DIRECTION ( 'NONE',  ( 0.0000000000000000000, -0.9659258262890692000, 0.2588190451025176300 ) ) ;
#2102 = LINE ( 'NONE', #2103, #2104 ) ;
#2103 = CARTESIAN_POINT ( 'NONE',  ( 9.435000000000000500, 3.700000000000000200, -1.899999999999999900 ) ) ;
#2104 = VECTOR ( 'NONE', #2105, 1000.000000000000000 ) ;
#2105 = DIRECTION ( 'NONE',  ( 1.000000000000000000, 0.0000000000000000000, 0.0000000000000000000 ) ) ;
#2106 = LINE ( 'NONE', #2107, #2109 ) ;
#2107 = CARTESIAN_POINT ( 'NONE',  ( 5.879999999999999900, 1.629999999999999900, 3.763242816337275100 ) ) ;
#2108 = EDGE_CURVE ( 'NONE', #6379, #5490, #4685, .T. ) ;
#2109 = VECTOR ( 'NONE', #2110, 1000.000000000000000 ) ;
#2110 = DIRECTION ( 'NONE',  ( -1.000000000000000000, 0.0000000000000000000, 0.0000000000000000000 ) ) ;
#2111 = LINE ( 'NONE', #2112, #2113 ) ;
#2112 = CARTESIAN_POINT ( 'NONE',  ( 1.990000000000000000, 5.186606874731849900, -0.9499999999999999600 ) ) ;
#2113 = VECTOR ( 'NONE', #2114, 1000.000000000000000 ) ;
#2114 = DIRECTION ( 'NONE',  ( 0.0000000000000000000, -1.000000000000000000, 0.0000000000000000000 ) ) ;
#2115 = CARTESIAN_POINT ( 'NONE',  ( 4.830000000000000100, 0.2500000000000000000, -4.391831746994739700 ) ) ;
#2116 = LINE ( 'NONE', #2117, #2118 ) ;
#2117 = CARTESIAN_POINT ( 'NONE',  ( 7.869782731760869500, 0.2182608248142310100, 4.141517188251675900 ) ) ;
#2118 = VECTOR ( 'NONE', #2119, 1000.000000000000000 ) ;
#2119 = DIRECTION ( 'NONE',  ( 0.9358779346557388700, -0.3403192489657229600, 0.09118826792913038700 ) ) ;
#2120 = FACE_OUTER_BOUND ( 'NONE', #6039, .T. ) ;
#2121 = PLANE ( 'NONE',  #2122 ) ;
#2122 = AXIS2_PLACEMENT_3D ( 'NONE', #2123, #2124, #2127 ) ;
#2123 = CARTESIAN_POINT ( 'NONE',  ( 5.879999999999999900, 1.629999999999999900, 3.763242816337275100 ) ) ;
#2124 = DIRECTION ( 'NONE',  ( 0.0000000000000000000, 0.2588190451025175800, 0.9659258262890692000 ) ) ;
#2125 = EDGE_CURVE ( 'NONE', #409, #6498, #4690, .T. ) ;
#2126 = EDGE_LOOP ( 'NONE', ( #5357, #5504, #5557, #5806 ) ) ;
#2127 = DIRECTION ( 'NONE',  ( 0.0000000000000000000, -0.9659258262890692000, 0.2588190451025175800 ) ) ;
#2128 = CARTESIAN_POINT ( 'NONE',  ( 9.359999999999999400, 1.629999999999999900, -3.763242816337275100 ) ) ;
#2129 = CARTESIAN_POINT ( 'NONE',  ( 8.169999999999999900, 3.250000000000000000, 0.05000000000000000300 ) ) ;
#2130 = LINE ( 'NONE', #2131, #2132 ) ;
#2131 = CARTESIAN_POINT ( 'NONE',  ( 10.71000000000000100, 3.600000000000000100, -0.9499999999999999600 ) ) ;
#2132 = VECTOR ( 'NONE', #2133, 1000.000000000000000 ) ;
#2133 = DIRECTION ( 'NONE',  ( 0.0000000000000000000, 0.0000000000000000000, -1.000000000000000000 ) ) ;
#2134 = FACE_OUTER_BOUND ( 'NONE', #483, .T. ) ;
#2135 = COLOUR_RGB ( '',0.0000000000000000000, 0.0000000000000000000, 0.0000000000000000000 ) ;
#2136 = FILL_AREA_STYLE_COLOUR ( '', #2135 ) ;
#2137 = FILL_AREA_STYLE ('',( #2136 ) ) ;
#2138 = SURFACE_STYLE_FILL_AREA ( #2137 ) ;
#2139 = SURFACE_SIDE_STYLE ('',( #2138 ) ) ;
#2140 = SURFACE_STYLE_USAGE ( .BOTH. , #2139 ) ;
#2141 = PRESENTATION_STYLE_ASSIGNMENT (( #2140 ) ) ;
#2142 = STYLED_ITEM ( 'NONE', ( #2141 ), #447 ) ;
#2143 = ORIENTED_EDGE ( 'NONE', *, *, #6237, .F. ) ;
#2144 = ORIENTED_EDGE ( 'NONE', *, *, #2235, .F. ) ;
#2145 = PRESENTATION_LAYER_ASSIGNMENT (  '', '', ( #2142 ) ) ;
#2146 = MECHANICAL_DESIGN_GEOMETRIC_PRESENTATION_REPRESENTATION (  '', ( #2142 ), #2151 ) ;
#2147 =( LENGTH_UNIT ( ) NAMED_UNIT ( * ) SI_UNIT ( .MILLI., .METRE. ) );
#2148 =( NAMED_UNIT ( * ) PLANE_ANGLE_UNIT ( ) SI_UNIT ( $, .RADIAN. ) );
#2149 =( NAMED_UNIT ( * ) SI_UNIT ( $, .STERADIAN. ) SOLID_ANGLE_UNIT ( ) );
#2150 = UNCERTAINTY_MEASURE_WITH_UNIT (LENGTH_MEASURE( 1.000000000000000100E-005 ), #2147, 'distance_accuracy_value', 'NONE');
#2151 =( GEOMETRIC_REPRESENTATION_CONTEXT ( 3 ) GLOBAL_UNCERTAINTY_ASSIGNED_CONTEXT ( ( #2150 ) ) GLOBAL_UNIT_ASSIGNED_CONTEXT ( ( #2147, #2148, #2149 ) ) REPRESENTATION_CONTEXT ( 'NONE', 'WORKASPACE' ) );
#2152 = PLANE ( 'NONE',  #2153 ) ;
#2153 = AXIS2_PLACEMENT_3D ( 'NONE', #2154, #2155, #2156 ) ;
#2154 = CARTESIAN_POINT ( 'NONE',  ( 4.355000000000000400, 3.700000000000000200, -1.899999999999999900 ) ) ;
#2155 = DIRECTION ( 'NONE',  ( 0.0000000000000000000, -0.7071067811865475700, -0.7071067811865475700 ) ) ;
#2156 = DIRECTION ( 'NONE',  ( 0.0000000000000000000, 0.7071067811865475700, -0.7071067811865475700 ) ) ;
#2157 = LINE ( 'NONE', #2158, #2159 ) ;
#2158 = CARTESIAN_POINT ( 'NONE',  ( 4.280000000000000200, 1.629999999999999900, 3.100000000000000100 ) ) ;
#2159 = VECTOR ( 'NONE', #2160, 1000.000000000000000 ) ;
#2160 = DIRECTION ( 'NONE',  ( 0.0000000000000000000, -3.269397408547745100E-016, -1.000000000000000000 ) ) ;
#2161 = ORIENTED_EDGE ( 'NONE', *, *, #6329, .F. ) ;
#2162 = ORIENTED_EDGE ( 'NONE', *, *, #2252, .F. ) ;
#2163 = ORIENTED_EDGE ( 'NONE', *, *, #139, .F. ) ;
#2164 = CARTESIAN_POINT ( 'NONE',  ( 3.340000000000000300, 1.879999999999999900, 3.955074563332020300 ) ) ;
#2165 = FACE_OUTER_BOUND ( 'NONE', #5520, .T. ) ;
#2166 = PLANE ( 'NONE',  #2167 ) ;
#2167 = AXIS2_PLACEMENT_3D ( 'NONE', #2168, #2169, #2170 ) ;
#2168 = CARTESIAN_POINT ( 'NONE',  ( 2.790000000000000000, 0.4000000000000000200, 4.899999999999999500 ) ) ;
#2169 = DIRECTION ( 'NONE',  ( 1.000000000000000000, 2.710505431213760100E-016, 0.0000000000000000000 ) ) ;
#2170 = DIRECTION ( 'NONE',  ( -2.710505431213760100E-016, 1.000000000000000000, 0.0000000000000000000 ) ) ;
#2171 = LINE ( 'NONE', #2172, #2173 ) ;
#2172 = CARTESIAN_POINT ( 'NONE',  ( -1.740000000000000000, 3.700000000000000200, 3.100000000000000100 ) ) ;
#2173 = VECTOR ( 'NONE', #2174, 1000.000000000000000 ) ;
#2174 = DIRECTION ( 'NONE',  ( 0.0000000000000000000, -1.000000000000000000, 0.0000000000000000000 ) ) ;
#2175 = LINE ( 'NONE', #2176, #2177 ) ;
#2176 = CARTESIAN_POINT ( 'NONE',  ( 5.879999999999999900, 1.879999999999999900, 3.100000000000000100 ) ) ;
#2177 = VECTOR ( 'NONE', #2178, 1000.000000000000000 ) ;
#2178 = DIRECTION ( 'NONE',  ( 0.0000000000000000000, 0.0000000000000000000, 1.000000000000000000 ) ) ;
#2179 = CARTESIAN_POINT ( 'NONE',  ( 6.819999999999999400, 1.879999999999999900, 3.955074563332015000 ) ) ;
#2180 = ORIENTED_EDGE ( 'NONE', *, *, #536, .T. ) ;
#2181 = VERTEX_POINT ( 'NONE', #4707 ) ;
#2182 = EDGE_CURVE ( 'NONE', #5551, #1131, #4708, .T. ) ;
#2183 = CARTESIAN_POINT ( 'NONE',  ( 8.419999999999999900, 1.879999999999999900, -3.955074563332020300 ) ) ;
#2184 = FACE_OUTER_BOUND ( 'NONE', #298, .T. ) ;
#2185 = PLANE ( 'NONE',  #2186 ) ;
#2186 = AXIS2_PLACEMENT_3D ( 'NONE', #2187, #2188, #2189 ) ;
#2187 = CARTESIAN_POINT ( 'NONE',  ( 5.879999999999999900, 0.2500000000000000000, 4.391831746994739700 ) ) ;
#2188 = DIRECTION ( 'NONE',  ( 0.0000000000000000000, -1.000000000000000000, 1.066774799560611900E-016 ) ) ;
#2189 = DIRECTION ( 'NONE',  ( 0.0000000000000000000, -1.066774799560611900E-016, -1.000000000000000000 ) ) ;
#2190 = LINE ( 'NONE', #2191, #2192 ) ;
#2191 = CARTESIAN_POINT ( 'NONE',  ( 2.790000000000000000, 0.4000000000000000200, -4.899999999999999500 ) ) ;
#2192 = VECTOR ( 'NONE', #2193, 1000.000000000000000 ) ;
#2193 = DIRECTION ( 'NONE',  ( 2.710505431213760100E-016, -1.000000000000000000, 0.0000000000000000000 ) ) ;
#2194 = FACE_OUTER_BOUND ( 'NONE', #41, .T. ) ;
#2195 = PLANE ( 'NONE',  #2196 ) ;
#2196 = AXIS2_PLACEMENT_3D ( 'NONE', #2197, #2198, #2201 ) ;
#2197 = CARTESIAN_POINT ( 'NONE',  ( 3.340000000000000300, 1.879999999999999900, 3.100000000000000100 ) ) ;
#2198 = DIRECTION ( 'NONE',  ( -1.000000000000000000, 0.0000000000000000000, 0.0000000000000000000 ) ) ;
#2199 = VERTEX_POINT ( 'NONE', #4713 ) ;
#2200 = EDGE_LOOP ( 'NONE', ( #5959, #5619, #5413, #6169, #5178, #67 ) ) ;
#2201 = DIRECTION ( 'NONE',  ( 0.0000000000000000000, 0.0000000000000000000, 1.000000000000000000 ) ) ;
#2202 = LINE ( 'NONE', #2203, #2204 ) ;
#2203 = CARTESIAN_POINT ( 'NONE',  ( 4.830000000000000100, 1.629999999999999900, 3.763242816337275100 ) ) ;
#2204 = VECTOR ( 'NONE', #2205, 999.9999999999998900 ) ;
#2205 = DIRECTION ( 'NONE',  ( 0.0000000000000000000, -0.9659258262890692000, 0.2588190451025176300 ) ) ;
#2206 = FACE_OUTER_BOUND ( 'NONE', #5564, .T. ) ;
#2207 = PLANE ( 'NONE',  #2208 ) ;
#2208 = AXIS2_PLACEMENT_3D ( 'NONE', #2209, #2210, #2211 ) ;
#2209 = CARTESIAN_POINT ( 'NONE',  ( 1.740000000000000000, 0.5999999999999999800, -4.899999999999999500 ) ) ;
#2210 = DIRECTION ( 'NONE',  ( 0.3417430630867041000, 0.9397934234884372000, 0.0000000000000000000 ) ) ;
#2211 = DIRECTION ( 'NONE',  ( -0.9397934234884372000, 0.3417430630867041000, 0.0000000000000000000 ) ) ;
#2212 = FACE_OUTER_BOUND ( 'NONE', #326, .T. ) ;
#2213 = PLANE ( 'NONE',  #2214 ) ;
#2214 = AXIS2_PLACEMENT_3D ( 'NONE', #2215, #2216, #2217 ) ;
#2215 = CARTESIAN_POINT ( 'NONE',  ( 10.41000000000000000, 0.4000000000000000200, -4.899999999999999500 ) ) ;
#2216 = DIRECTION ( 'NONE',  ( -1.000000000000000000, -2.710505431213760100E-016, 0.0000000000000000000 ) ) ;
#2217 = DIRECTION ( 'NONE',  ( 2.710505431213760100E-016, -1.000000000000000000, 0.0000000000000000000 ) ) ;
#2218 = CARTESIAN_POINT ( 'NONE',  ( 10.71000000000000100, 3.600000000000000100, -0.9499999999999999600 ) ) ;
#2219 = LINE ( 'NONE', #2220, #2221 ) ;
#2220 = CARTESIAN_POINT ( 'NONE',  ( 5.879999999999999900, 0.5999999999999999800, 3.100000000000000100 ) ) ;
#2221 = VECTOR ( 'NONE', #2222, 1000.000000000000000 ) ;
#2222 = DIRECTION ( 'NONE',  ( 0.0000000000000000000, 0.0000000000000000000, 1.000000000000000000 ) ) ;
#2223 = LINE ( 'NONE', #2224, #2225 ) ;
#2224 = CARTESIAN_POINT ( 'NONE',  ( -0.8000000000000000400, 1.879999999999999900, 3.100000000000000100 ) ) ;
#2225 = VECTOR ( 'NONE', #2226, 1000.000000000000000 ) ;
#2226 = DIRECTION ( 'NONE',  ( 0.0000000000000000000, 0.0000000000000000000, 1.000000000000000000 ) ) ;
#2227 = FACE_OUTER_BOUND ( 'NONE', #6294, .T. ) ;
#2228 = PLANE ( 'NONE',  #2229 ) ;
#2229 = AXIS2_PLACEMENT_3D ( 'NONE', #2230, #2231, #2232 ) ;
#2230 = CARTESIAN_POINT ( 'NONE',  ( 5.879999999999999900, 0.2500000000000000000, 4.899999999999999500 ) ) ;
#2231 = DIRECTION ( 'NONE',  ( 0.0000000000000000000, 0.0000000000000000000, -1.000000000000000000 ) ) ;
#2232 = DIRECTION ( 'NONE',  ( -1.000000000000000000, 0.0000000000000000000, 0.0000000000000000000 ) ) ;
#2233 = ADVANCED_FACE ( 'NONE', ( #4718 ), #4734, .F. ) ;
#2234 = VERTEX_POINT ( 'NONE', #4746 ) ;
#2235 = EDGE_CURVE ( 'NONE', #143, #5661, #4747, .T. ) ;
#2236 = CARTESIAN_POINT ( 'NONE',  ( 4.830000000000000100, 0.4000000000000000200, 4.092820323027554600 ) ) ;
#2237 = LINE ( 'NONE', #2238, #2239 ) ;
#2238 = CARTESIAN_POINT ( 'NONE',  ( -0.8000000000000000400, 0.5999999999999999800, 3.100000000000000100 ) ) ;
#2239 = VECTOR ( 'NONE', #2240, 1000.000000000000000 ) ;
#2240 = DIRECTION ( 'NONE',  ( 0.0000000000000000000, 0.0000000000000000000, 1.000000000000000000 ) ) ;
#2241 = LINE ( 'NONE', #2242, #2243 ) ;
#2242 = CARTESIAN_POINT ( 'NONE',  ( 7.870000000000000100, 0.4000000000000000200, 4.899999999999999500 ) ) ;
#2243 = VECTOR ( 'NONE', #2244, 1000.000000000000000 ) ;
#2244 = DIRECTION ( 'NONE',  ( 0.0000000000000000000, 0.0000000000000000000, -1.000000000000000000 ) ) ;
#2245 = FACE_OUTER_BOUND ( 'NONE', #527, .T. ) ;
#2246 = COLOUR_RGB ( '',1.000000000000000000, 1.000000000000000000, 1.000000000000000000 ) ;
#2247 = FILL_AREA_STYLE_COLOUR ( '', #2246 ) ;
#2248 = FILL_AREA_STYLE ('',( #2247 ) ) ;
#2249 = SURFACE_STYLE_FILL_AREA ( #2248 ) ;
#2250 = SURFACE_SIDE_STYLE ('',( #2249 ) ) ;
#2251 = SURFACE_STYLE_USAGE ( .BOTH. , #2250 ) ;
#2252 = EDGE_CURVE ( 'NONE', #5600, #5618, #4751, .T. ) ;
#2253 = ORIENTED_EDGE ( 'NONE', *, *, #2339, .F. ) ;
#2254 = PRESENTATION_STYLE_ASSIGNMENT (( #2251 ) ) ;
#2255 = STYLED_ITEM ( 'NONE', ( #2254 ), #477 ) ;
#2256 = PRESENTATION_LAYER_ASSIGNMENT (  '', '', ( #2255 ) ) ;
#2257 = MECHANICAL_DESIGN_GEOMETRIC_PRESENTATION_REPRESENTATION (  '', ( #2255 ), #2262 ) ;
#2258 =( LENGTH_UNIT ( ) NAMED_UNIT ( * ) SI_UNIT ( .MILLI., .METRE. ) );
#2259 =( NAMED_UNIT ( * ) PLANE_ANGLE_UNIT ( ) SI_UNIT ( $, .RADIAN. ) );
#2260 =( NAMED_UNIT ( * ) SI_UNIT ( $, .STERADIAN. ) SOLID_ANGLE_UNIT ( ) );
#2261 = UNCERTAINTY_MEASURE_WITH_UNIT (LENGTH_MEASURE( 1.000000000000000100E-005 ), #2258, 'distance_accuracy_value', 'NONE');
#2262 =( GEOMETRIC_REPRESENTATION_CONTEXT ( 3 ) GLOBAL_UNCERTAINTY_ASSIGNED_CONTEXT ( ( #2261 ) ) GLOBAL_UNIT_ASSIGNED_CONTEXT ( ( #2258, #2259, #2260 ) ) REPRESENTATION_CONTEXT ( 'NONE', 'WORKASPACE' ) );
#2263 = PLANE ( 'NONE',  #2264 ) ;
#2264 = AXIS2_PLACEMENT_3D ( 'NONE', #2265, #2266, #2267 ) ;
#2265 = CARTESIAN_POINT ( 'NONE',  ( 1.990000000000000000, 5.186606874731849900, -0.9499999999999999600 ) ) ;
#2266 = DIRECTION ( 'NONE',  ( 1.000000000000000000, 0.0000000000000000000, 0.0000000000000000000 ) ) ;
#2267 = DIRECTION ( 'NONE',  ( 0.0000000000000000000, 0.0000000000000000000, -1.000000000000000000 ) ) ;
#2268 = FACE_OUTER_BOUND ( 'NONE', #5598, .T. ) ;
#2269 = PLANE ( 'NONE',  #2270 ) ;
#2270 = AXIS2_PLACEMENT_3D ( 'NONE', #2271, #2272, #2273 ) ;
#2271 = CARTESIAN_POINT ( 'NONE',  ( 6.819999999999999400, 1.879999999999999900, 3.100000000000000100 ) ) ;
#2272 = DIRECTION ( 'NONE',  ( -1.000000000000000000, 0.0000000000000000000, 0.0000000000000000000 ) ) ;
#2273 = DIRECTION ( 'NONE',  ( 0.0000000000000000000, 0.0000000000000000000, 1.000000000000000000 ) ) ;
#2274 = FACE_OUTER_BOUND ( 'NONE', #109, .T. ) ;
#2275 = PLANE ( 'NONE',  #2276 ) ;
#2276 = AXIS2_PLACEMENT_3D ( 'NONE', #2277, #2278, #2279 ) ;
#2277 = CARTESIAN_POINT ( 'NONE',  ( 8.419999999999999900, 1.879999999999999900, -3.100000000000000100 ) ) ;
#2278 = DIRECTION ( 'NONE',  ( 0.0000000000000000000, 1.000000000000000000, 0.0000000000000000000 ) ) ;
#2279 = DIRECTION ( 'NONE',  ( 0.0000000000000000000, 0.0000000000000000000, 1.000000000000000000 ) ) ;
#2280 = LINE ( 'NONE', #2281, #2282 ) ;
#2281 = CARTESIAN_POINT ( 'NONE',  ( 4.280000000000000200, 1.879999999999999900, -3.955074563332020300 ) ) ;
#2282 = VECTOR ( 'NONE', #2283, 999.9999999999998900 ) ;
#2283 = DIRECTION ( 'NONE',  ( 0.0000000000000000000, -0.9659258262890692000, -0.2588190451025176300 ) ) ;
#2284 = FACE_OUTER_BOUND ( 'NONE', #5719, .T. ) ;
#2285 = COLOUR_RGB ( '',0.0000000000000000000, 0.0000000000000000000, 0.0000000000000000000 ) ;
#2286 = FILL_AREA_STYLE_COLOUR ( '', #2285 ) ;
#2287 = FILL_AREA_STYLE ('',( #2286 ) ) ;
#2288 = SURFACE_STYLE_FILL_AREA ( #2287 ) ;
#2289 = SURFACE_SIDE_STYLE ('',( #2288 ) ) ;
#2290 = SURFACE_STYLE_USAGE ( .BOTH. , #2289 ) ;
#2291 = PRESENTATION_STYLE_ASSIGNMENT (( #2290 ) ) ;
#2292 = STYLED_ITEM ( 'NONE', ( #2291 ), #5686 ) ;
#2293 = PRESENTATION_LAYER_ASSIGNMENT (  '', '', ( #2292 ) ) ;
#2294 = MECHANICAL_DESIGN_GEOMETRIC_PRESENTATION_REPRESENTATION (  '', ( #2292 ), #2299 ) ;
#2295 =( LENGTH_UNIT ( ) NAMED_UNIT ( * ) SI_UNIT ( .MILLI., .METRE. ) );
#2296 =( NAMED_UNIT ( * ) PLANE_ANGLE_UNIT ( ) SI_UNIT ( $, .RADIAN. ) );
#2297 =( NAMED_UNIT ( * ) SI_UNIT ( $, .STERADIAN. ) SOLID_ANGLE_UNIT ( ) );
#2298 = UNCERTAINTY_MEASURE_WITH_UNIT (LENGTH_MEASURE( 1.000000000000000100E-005 ), #2295, 'distance_accuracy_value', 'NONE');
#2299 =( GEOMETRIC_REPRESENTATION_CONTEXT ( 3 ) GLOBAL_UNCERTAINTY_ASSIGNED_CONTEXT ( ( #2298 ) ) GLOBAL_UNIT_ASSIGNED_CONTEXT ( ( #2295, #2296, #2297 ) ) REPRESENTATION_CONTEXT ( 'NONE', 'WORKASPACE' ) );
#2300 = PLANE ( 'NONE',  #2301 ) ;
#2301 = AXIS2_PLACEMENT_3D ( 'NONE', #2304, #2305, #2306 ) ;
#2302 = EDGE_LOOP ( 'NONE', ( #306, #6398, #641, #6363, #6470, #6148 ) ) ;
#2303 = EDGE_CURVE ( 'NONE', #5480, #294, #4760, .T. ) ;
#2304 = CARTESIAN_POINT ( 'NONE',  ( 9.435000000000000500, 3.700000000000000200, -1.899999999999999900 ) ) ;
#2305 = DIRECTION ( 'NONE',  ( 0.0000000000000000000, -0.7071067811865475700, -0.7071067811865475700 ) ) ;
#2306 = DIRECTION ( 'NONE',  ( 0.0000000000000000000, 0.7071067811865475700, -0.7071067811865475700 ) ) ;
#2307 = LINE ( 'NONE', #2308, #2309 ) ;
#2308 = CARTESIAN_POINT ( 'NONE',  ( 4.830000000000000100, -1.696505349396695000E-016, -4.899999999999999500 ) ) ;
#2309 = VECTOR ( 'NONE', #2310, 1000.000000000000000 ) ;
#2310 = DIRECTION ( 'NONE',  ( 0.0000000000000000000, 0.0000000000000000000, 1.000000000000000000 ) ) ;
#2311 = FACE_OUTER_BOUND ( 'NONE', #6360, .T. ) ;
#2312 = PLANE ( 'NONE',  #2313 ) ;
#2313 = AXIS2_PLACEMENT_3D ( 'NONE', #2314, #2315, #2316 ) ;
#2314 = CARTESIAN_POINT ( 'NONE',  ( 8.419999999999999900, 1.879999999999999900, 3.100000000000000100 ) ) ;
#2315 = DIRECTION ( 'NONE',  ( -1.000000000000000000, 0.0000000000000000000, 0.0000000000000000000 ) ) ;
#2316 = DIRECTION ( 'NONE',  ( 0.0000000000000000000, 0.0000000000000000000, 1.000000000000000000 ) ) ;
#2317 = FACE_OUTER_BOUND ( 'NONE', #704, .T. ) ;
#2318 = PLANE ( 'NONE',  #2319 ) ;
#2319 = AXIS2_PLACEMENT_3D ( 'NONE', #2321, #2322, #2323 ) ;
#2320 = ORIENTED_EDGE ( 'NONE', *, *, #5585, .T. ) ;
#2321 = CARTESIAN_POINT ( 'NONE',  ( 8.419999999999999900, 0.2500000000000000000, 4.899999999999999500 ) ) ;
#2322 = DIRECTION ( 'NONE',  ( 0.0000000000000000000, 0.0000000000000000000, -1.000000000000000000 ) ) ;
#2323 = DIRECTION ( 'NONE',  ( -1.000000000000000000, 0.0000000000000000000, 0.0000000000000000000 ) ) ;
#2324 = LINE ( 'NONE', #2325, #2326 ) ;
#2325 = CARTESIAN_POINT ( 'NONE',  ( 2.290000000000000000, 1.629999999999999900, 3.763242816337275100 ) ) ;
#2326 = VECTOR ( 'NONE', #2327, 999.9999999999998900 ) ;
#2327 = DIRECTION ( 'NONE',  ( 0.0000000000000000000, -0.9659258262890692000, 0.2588190451025176300 ) ) ;
#2328 = FACE_OUTER_BOUND ( 'NONE', #351, .T. ) ;
#2329 = PLANE ( 'NONE',  #2330 ) ;
#2330 = AXIS2_PLACEMENT_3D ( 'NONE', #2331, #2332, #2333 ) ;
#2331 = CARTESIAN_POINT ( 'NONE',  ( 10.95999999999999900, 1.879999999999999900, 3.100000000000000100 ) ) ;
#2332 = DIRECTION ( 'NONE',  ( -1.000000000000000000, 0.0000000000000000000, 0.0000000000000000000 ) ) ;
#2333 = DIRECTION ( 'NONE',  ( 0.0000000000000000000, 0.0000000000000000000, 1.000000000000000000 ) ) ;
#2334 = LINE ( 'NONE', #2335, #2336 ) ;
#2335 = CARTESIAN_POINT ( 'NONE',  ( 3.265000000000000100, 3.700000000000000200, 1.899999999999999900 ) ) ;
#2336 = VECTOR ( 'NONE', #2340, 1000.000000000000100 ) ;
#2337 = ORIENTED_EDGE ( 'NONE', *, *, #4287, .F. ) ;
#2338 = EDGE_CURVE ( 'NONE', #1184, #677, #4765, .T. ) ;
#2339 = EDGE_CURVE ( 'NONE', #2234, #335, #4769, .T. ) ;
#2340 = DIRECTION ( 'NONE',  ( 0.0000000000000000000, -0.7071067811865474600, -0.7071067811865474600 ) ) ;
#2341 = FACE_OUTER_BOUND ( 'NONE', #6344, .T. ) ;
#2342 = PLANE ( 'NONE',  #2343 ) ;
#2343 = AXIS2_PLACEMENT_3D ( 'NONE', #2344, #2345, #2346 ) ;
#2344 = CARTESIAN_POINT ( 'NONE',  ( 9.910000000000000100, 0.4000000000000000200, -4.899999999999999500 ) ) ;
#2345 = DIRECTION ( 'NONE',  ( 1.000000000000000000, 0.0000000000000000000, 0.0000000000000000000 ) ) ;
#2346 = DIRECTION ( 'NONE',  ( 0.0000000000000000000, 0.0000000000000000000, -1.000000000000000000 ) ) ;
#2347 = FACE_OUTER_BOUND ( 'NONE', #6358, .T. ) ;
#2348 = PLANE ( 'NONE',  #2349 ) ;
#2349 = AXIS2_PLACEMENT_3D ( 'NONE', #2350, #2351, #2352 ) ;
#2350 = CARTESIAN_POINT ( 'NONE',  ( 10.95999999999999900, 1.879999999999999900, -3.100000000000000100 ) ) ;
#2351 = DIRECTION ( 'NONE',  ( 0.0000000000000000000, 1.000000000000000000, 0.0000000000000000000 ) ) ;
#2352 = DIRECTION ( 'NONE',  ( 0.0000000000000000000, 0.0000000000000000000, 1.000000000000000000 ) ) ;
#2353 = FACE_OUTER_BOUND ( 'NONE', #6184, .T. ) ;
#2354 = PLANE ( 'NONE',  #2355 ) ;
#2355 = AXIS2_PLACEMENT_3D ( 'NONE', #2357, #2358, #2359 ) ;
#2356 = VERTEX_POINT ( 'NONE', #4777 ) ;
#2357 = CARTESIAN_POINT ( 'NONE',  ( 8.419999999999999900, 0.2500000000000000000, 4.391831746994739700 ) ) ;
#2358 = DIRECTION ( 'NONE',  ( 0.0000000000000000000, -1.000000000000000000, 1.066774799560611900E-016 ) ) ;
#2359 = DIRECTION ( 'NONE',  ( 0.0000000000000000000, -1.066774799560611900E-016, -1.000000000000000000 ) ) ;
#2360 = LINE ( 'NONE', #2361, #2362 ) ;
#2361 = CARTESIAN_POINT ( 'NONE',  ( 3.340000000000000300, 1.629999999999999900, -3.100000000000000100 ) ) ;
#2362 = VECTOR ( 'NONE', #2363, 1000.000000000000000 ) ;
#2363 = DIRECTION ( 'NONE',  ( 0.0000000000000000000, -3.269397408547745100E-016, 1.000000000000000000 ) ) ;
#2364 = FACE_OUTER_BOUND ( 'NONE', #2995, .T. ) ;
#2365 = PLANE ( 'NONE',  #2366 ) ;
#2366 = AXIS2_PLACEMENT_3D ( 'NONE', #2367, #2368, #2369 ) ;
#2367 = CARTESIAN_POINT ( 'NONE',  ( 8.419999999999999900, 1.629999999999999900, 3.763242816337275100 ) ) ;
#2368 = DIRECTION ( 'NONE',  ( 0.0000000000000000000, 0.2588190451025175800, 0.9659258262890692000 ) ) ;
#2369 = DIRECTION ( 'NONE',  ( 0.0000000000000000000, -0.9659258262890692000, 0.2588190451025175800 ) ) ;
#2370 = CARTESIAN_POINT ( 'NONE',  ( 3.265000000000000100, 3.250000000000000000, -1.450000000000000000 ) ) ;
#2371 = CARTESIAN_POINT ( 'NONE',  ( 2.290000000000000000, 0.4000000000000000200, 4.092820323027554600 ) ) ;
#2372 = LINE ( 'NONE', #2374, #2375 ) ;
#2373 = ORIENTED_EDGE ( 'NONE', *, *, #2616, .F. ) ;
#2374 = CARTESIAN_POINT ( 'NONE',  ( -0.7249999999999999800, 3.250000000000000000, 1.450000000000000000 ) ) ;
#2375 = VECTOR ( 'NONE', #2376, 1000.000000000000000 ) ;
#2376 = DIRECTION ( 'NONE',  ( 1.000000000000000000, 0.0000000000000000000, 0.0000000000000000000 ) ) ;
#2377 = CARTESIAN_POINT ( 'NONE',  ( 7.370000000000000100, 0.4000000000000000200, 4.092820323027554600 ) ) ;
#2378 = CARTESIAN_POINT ( 'NONE',  ( 10.95999999999999900, 0.5999999999999999800, -4.298049529643849500 ) ) ;
#2379 = FACE_OUTER_BOUND ( 'NONE', #733, .T. ) ;
#2380 = COLOUR_RGB ( '',0.0000000000000000000, 0.0000000000000000000, 0.0000000000000000000 ) ;
#2381 = FILL_AREA_STYLE_COLOUR ( '', #2380 ) ;
#2382 = FILL_AREA_STYLE ('',( #2381 ) ) ;
#2383 = SURFACE_STYLE_FILL_AREA ( #2382 ) ;
#2384 = SURFACE_SIDE_STYLE ('',( #2383 ) ) ;
#2385 = SURFACE_STYLE_USAGE ( .BOTH. , #2384 ) ;
#2386 = PRESENTATION_STYLE_ASSIGNMENT (( #2385 ) ) ;
#2387 = STYLED_ITEM ( 'NONE', ( #2386 ), #5702 ) ;
#2388 = PRESENTATION_LAYER_ASSIGNMENT (  '', '', ( #2387 ) ) ;
#2389 = MECHANICAL_DESIGN_GEOMETRIC_PRESENTATION_REPRESENTATION (  '', ( #2387 ), #2394 ) ;
#2390 =( LENGTH_UNIT ( ) NAMED_UNIT ( * ) SI_UNIT ( .MILLI., .METRE. ) );
#2391 =( NAMED_UNIT ( * ) PLANE_ANGLE_UNIT ( ) SI_UNIT ( $, .RADIAN. ) );
#2392 =( NAMED_UNIT ( * ) SI_UNIT ( $, .STERADIAN. ) SOLID_ANGLE_UNIT ( ) );
#2393 = UNCERTAINTY_MEASURE_WITH_UNIT (LENGTH_MEASURE( 1.000000000000000100E-005 ), #2390, 'distance_accuracy_value', 'NONE');
#2394 =( GEOMETRIC_REPRESENTATION_CONTEXT ( 3 ) GLOBAL_UNCERTAINTY_ASSIGNED_CONTEXT ( ( #2393 ) ) GLOBAL_UNIT_ASSIGNED_CONTEXT ( ( #2390, #2391, #2392 ) ) REPRESENTATION_CONTEXT ( 'NONE', 'WORKASPACE' ) );
#2395 = PLANE ( 'NONE',  #2396 ) ;
#2396 = AXIS2_PLACEMENT_3D ( 'NONE', #2397, #2398, #2399 ) ;
#2397 = CARTESIAN_POINT ( 'NONE',  ( 11.90000000000000000, 3.700000000000000200, -3.100000000000000100 ) ) ;
#2398 = DIRECTION ( 'NONE',  ( -1.000000000000000000, 0.0000000000000000000, 0.0000000000000000000 ) ) ;
#2399 = DIRECTION ( 'NONE',  ( 0.0000000000000000000, 0.0000000000000000000, 1.000000000000000000 ) ) ;
#2400 = FACE_OUTER_BOUND ( 'NONE', #546, .T. ) ;
#2401 = PLANE ( 'NONE',  #2402 ) ;
#2402 = AXIS2_PLACEMENT_3D ( 'NONE', #2403, #2404, #2405 ) ;
#2403 = CARTESIAN_POINT ( 'NONE',  ( 4.280000000000000200, 1.879999999999999900, 3.100000000000000100 ) ) ;
#2404 = DIRECTION ( 'NONE',  ( -1.000000000000000000, 0.0000000000000000000, 0.0000000000000000000 ) ) ;
#2405 = DIRECTION ( 'NONE',  ( 0.0000000000000000000, 0.0000000000000000000, 1.000000000000000000 ) ) ;
#2406 = ORIENTED_EDGE ( 'NONE', *, *, #2497, .T. ) ;
#2407 = ORIENTED_EDGE ( 'NONE', *, *, #6302, .F. ) ;
#2408 = CARTESIAN_POINT ( 'NONE',  ( 3.089999999999999900, 3.600000000000000100, 0.04999999999999939900 ) ) ;
#2409 = LINE ( 'NONE', #2410, #2411 ) ;
#2410 = CARTESIAN_POINT ( 'NONE',  ( 8.771605281959921300, 0.7278564661672440900, -4.004971447684720700 ) ) ;
#2411 = VECTOR ( 'NONE', #2412, 1000.000000000000000 ) ;
#2412 = DIRECTION ( 'NONE',  ( -0.9358779346557388700, -0.3403192489657229600, -0.09118826792913038700 ) ) ;
#2413 = LINE ( 'NONE', #2414, #2415 ) ;
#2414 = CARTESIAN_POINT ( 'NONE',  ( -0.8000000000000000400, 1.629999999999999900, 3.763242816337275100 ) ) ;
#2415 = VECTOR ( 'NONE', #2416, 999.9999999999998900 ) ;
#2416 = DIRECTION ( 'NONE',  ( 0.0000000000000000000, 0.9659258262890692000, -0.2588190451025176300 ) ) ;
#2417 = CARTESIAN_POINT ( 'NONE',  ( 1.990000000000000000, 3.250000000000000000, 0.05000000000000000300 ) ) ;
#2418 = LINE ( 'NONE', #2419, #2420 ) ;
#2419 = CARTESIAN_POINT ( 'NONE',  ( 7.784441643906519400, 0.2492939476703579800, 4.392020933146285200 ) ) ;
#2420 = VECTOR ( 'NONE', #2421, 1000.000000000000000 ) ;
#2421 = DIRECTION ( 'NONE',  ( -0.9358779346557388700, 0.3403192489657229600, -0.09118826792913038700 ) ) ;
#2422 = LINE ( 'NONE', #2423, #2426 ) ;
#2423 = CARTESIAN_POINT ( 'NONE',  ( 10.40978273176086200, 0.2182608248142310100, 4.141517188251675900 ) ) ;
#2424 = ORIENTED_EDGE ( 'NONE', *, *, #6487, .T. ) ;
#2425 = EDGE_CURVE ( 'NONE', #154, #5910, #4806, .T. ) ;
#2426 = VECTOR ( 'NONE', #2427, 1000.000000000000000 ) ;
#2427 = DIRECTION ( 'NONE',  ( 0.9358779346557388700, -0.3403192489657229600, 0.09118826792913038700 ) ) ;
#2428 = LINE ( 'NONE', #2429, #2430 ) ;
#2429 = CARTESIAN_POINT ( 'NONE',  ( 9.610000000000001200, 3.250000000000000000, -0.9499999999999999600 ) ) ;
#2430 = VECTOR ( 'NONE', #2431, 1000.000000000000000 ) ;
#2431 = DIRECTION ( 'NONE',  ( -1.000000000000000000, 0.0000000000000000000, 0.0000000000000000000 ) ) ;
#2432 = FACE_OUTER_BOUND ( 'NONE', #582, .T. ) ;
#2433 = PLANE ( 'NONE',  #2434 ) ;
#2434 = AXIS2_PLACEMENT_3D ( 'NONE', #2435, #2436, #2437 ) ;
#2435 = CARTESIAN_POINT ( 'NONE',  ( 8.419999999999999900, 0.5999999999999999800, 4.899999999999999500 ) ) ;
#2436 = DIRECTION ( 'NONE',  ( 0.3417430630867041000, -0.9397934234884372000, 0.0000000000000000000 ) ) ;
#2437 = DIRECTION ( 'NONE',  ( 0.9397934234884372000, 0.3417430630867041000, 0.0000000000000000000 ) ) ;
#2438 = CARTESIAN_POINT ( 'NONE',  ( 4.355000000000000400, 3.700000000000000200, 1.899999999999999900 ) ) ;
#2439 = LINE ( 'NONE', #2440, #2441 ) ;
#2440 = CARTESIAN_POINT ( 'NONE',  ( 7.370000000000000100, 1.879999999999999900, 3.955074563332015000 ) ) ;
#2441 = VECTOR ( 'NONE', #2444, 999.9999999999998900 ) ;
#2442 = ADVANCED_FACE ( 'NONE', ( #4810 ), #4811, .T. ) ;
#2443 = VERTEX_POINT ( 'NONE', #4816 ) ;
#2444 = DIRECTION ( 'NONE',  ( 0.0000000000000000000, 0.9659258262890692000, -0.2588190451025176300 ) ) ;
#2445 = FACE_OUTER_BOUND ( 'NONE', #620, .T. ) ;
#2446 = PLANE ( 'NONE',  #2447 ) ;
#2447 = AXIS2_PLACEMENT_3D ( 'NONE', #2448, #2449, #2450 ) ;
#2448 = CARTESIAN_POINT ( 'NONE',  ( 6.819999999999999400, 1.879999999999999900, -3.100000000000000100 ) ) ;
#2449 = DIRECTION ( 'NONE',  ( -1.000000000000000000, 0.0000000000000000000, 0.0000000000000000000 ) ) ;
#2450 = DIRECTION ( 'NONE',  ( 0.0000000000000000000, 0.0000000000000000000, -1.000000000000000000 ) ) ;
#2451 = LINE ( 'NONE', #2452, #2453 ) ;
#2452 = CARTESIAN_POINT ( 'NONE',  ( 10.95999999999999900, 1.879999999999999900, 3.955074563332015000 ) ) ;
#2453 = VECTOR ( 'NONE', #2454, 999.9999999999998900 ) ;
#2454 = DIRECTION ( 'NONE',  ( 0.0000000000000000000, -0.9659258262890692000, 0.2588190451025176300 ) ) ;
#2455 = FACE_OUTER_BOUND ( 'NONE', #185, .T. ) ;
#2456 = PLANE ( 'NONE',  #2457 ) ;
#2457 = AXIS2_PLACEMENT_3D ( 'NONE', #2458, #2459, #2460 ) ;
#2458 = CARTESIAN_POINT ( 'NONE',  ( 10.95999999999999900, -1.224606353822382200E-017, 4.200000000000000200 ) ) ;
#2459 = DIRECTION ( 'NONE',  ( 0.0000000000000000000, 1.000000000000000000, 1.373916481576093900E-016 ) ) ;
#2460 = DIRECTION ( 'NONE',  ( 0.0000000000000000000, -1.373916481576093900E-016, 1.000000000000000000 ) ) ;
#2461 = CARTESIAN_POINT ( 'NONE',  ( 1.990000000000000000, 3.250000000000000000, -0.9499999999999999600 ) ) ;
#2462 = FACE_OUTER_BOUND ( 'NONE', #6258, .T. ) ;
#2463 = PLANE ( 'NONE',  #2464 ) ;
#2464 = AXIS2_PLACEMENT_3D ( 'NONE', #2465, #2466, #2467 ) ;
#2465 = CARTESIAN_POINT ( 'NONE',  ( 9.359999999999999400, 1.879999999999999900, 3.100000000000000100 ) ) ;
#2466 = DIRECTION ( 'NONE',  ( -1.000000000000000000, 0.0000000000000000000, 0.0000000000000000000 ) ) ;
#2467 = DIRECTION ( 'NONE',  ( 0.0000000000000000000, 0.0000000000000000000, 1.000000000000000000 ) ) ;
#2468 = LINE ( 'NONE', #2469, #2470 ) ;
#2469 = CARTESIAN_POINT ( 'NONE',  ( 4.530000000000000200, 5.186606874731849900, -0.9499999999999999600 ) ) ;
#2470 = VECTOR ( 'NONE', #2471, 1000.000000000000000 ) ;
#2471 = DIRECTION ( 'NONE',  ( 0.0000000000000000000, -1.000000000000000000, 0.0000000000000000000 ) ) ;
#2472 = LINE ( 'NONE', #2473, #2474 ) ;
#2473 = CARTESIAN_POINT ( 'NONE',  ( 10.95999999999999900, -1.224606353822382200E-017, -4.200000000000000200 ) ) ;
#2474 = VECTOR ( 'NONE', #2475, 1000.000000000000000 ) ;
#2475 = DIRECTION ( 'NONE',  ( -1.000000000000000000, 0.0000000000000000000, 0.0000000000000000000 ) ) ;
#2476 = ORIENTED_EDGE ( 'NONE', *, *, #6386, .T. ) ;
#2477 = ORIENTED_EDGE ( 'NONE', *, *, #3212, .T. ) ;
#2478 = EDGE_CURVE ( 'NONE', #2356, #5159, #4817, .T. ) ;
#2479 = ORIENTED_EDGE ( 'NONE', *, *, #5955, .T. ) ;
#2480 = CARTESIAN_POINT ( 'NONE',  ( 8.345000000000000600, 3.700000000000000200, 1.899999999999999900 ) ) ;
#2481 = LINE ( 'NONE', #2482, #2483 ) ;
#2482 = CARTESIAN_POINT ( 'NONE',  ( 7.870000000000000100, 0.4000000000000000200, -4.899999999999999500 ) ) ;
#2483 = VECTOR ( 'NONE', #2484, 1000.000000000000000 ) ;
#2484 = DIRECTION ( 'NONE',  ( 2.710505431213760100E-016, -1.000000000000000000, 0.0000000000000000000 ) ) ;
#2485 = CARTESIAN_POINT ( 'NONE',  ( 4.280000000000000200, 1.879999999999999900, -3.955074563332020300 ) ) ;
#2486 = FACE_OUTER_BOUND ( 'NONE', #5547, .T. ) ;
#2487 = PLANE ( 'NONE',  #2488 ) ;
#2488 = AXIS2_PLACEMENT_3D ( 'NONE', #2489, #2490, #2491 ) ;
#2489 = CARTESIAN_POINT ( 'NONE',  ( 4.280000000000000200, 0.5999999999999999800, -4.899999999999999500 ) ) ;
#2490 = DIRECTION ( 'NONE',  ( 0.3417430630867041000, 0.9397934234884372000, 0.0000000000000000000 ) ) ;
#2491 = DIRECTION ( 'NONE',  ( -0.9397934234884372000, 0.3417430630867041000, 0.0000000000000000000 ) ) ;
#2492 = FACE_OUTER_BOUND ( 'NONE', #155, .T. ) ;
#2493 = PLANE ( 'NONE',  #2494 ) ;
#2494 = AXIS2_PLACEMENT_3D ( 'NONE', #2495, #2499, #2500 ) ;
#2495 = CARTESIAN_POINT ( 'NONE',  ( 10.95999999999999900, 0.2500000000000000000, 4.391831746994739700 ) ) ;
#2496 = EDGE_LOOP ( 'NONE', ( #2775, #5472, #672, #6051 ) ) ;
#2497 = EDGE_CURVE ( 'NONE', #614, #5722, #4826, .T. ) ;
#2498 = EDGE_LOOP ( 'NONE', ( #2758, #598, #6003, #5571, #260, #1324, #5020, #6325 ) ) ;
#2499 = DIRECTION ( 'NONE',  ( 0.0000000000000000000, -1.000000000000000000, 1.066774799560611900E-016 ) ) ;
#2500 = DIRECTION ( 'NONE',  ( 0.0000000000000000000, -1.066774799560611900E-016, -1.000000000000000000 ) ) ;
#2501 = FACE_OUTER_BOUND ( 'NONE', #5810, .T. ) ;
#2502 = PLANE ( 'NONE',  #2503 ) ;
#2503 = AXIS2_PLACEMENT_3D ( 'NONE', #2504, #2505, #2506 ) ;
#2504 = CARTESIAN_POINT ( 'NONE',  ( 5.879999999999999900, 1.879999999999999900, -3.100000000000000100 ) ) ;
#2505 = DIRECTION ( 'NONE',  ( -1.000000000000000000, 0.0000000000000000000, 0.0000000000000000000 ) ) ;
#2506 = DIRECTION ( 'NONE',  ( 0.0000000000000000000, 0.0000000000000000000, -1.000000000000000000 ) ) ;
#2507 = FACE_OUTER_BOUND ( 'NONE', #5933, .T. ) ;
#2508 = PLANE ( 'NONE',  #2509 ) ;
#2509 = AXIS2_PLACEMENT_3D ( 'NONE', #2510, #2511, #2512 ) ;
#2510 = CARTESIAN_POINT ( 'NONE',  ( 5.879999999999999900, 1.629999999999999900, 3.100000000000000100 ) ) ;
#2511 = DIRECTION ( 'NONE',  ( 0.0000000000000000000, 1.000000000000000000, -3.269397408547745100E-016 ) ) ;
#2512 = DIRECTION ( 'NONE',  ( 0.0000000000000000000, 3.269397408547745100E-016, 1.000000000000000000 ) ) ;
#2513 = FACE_BOUND ( 'NONE', #224, .T. ) ;
#2514 = FACE_BOUND ( 'NONE', #50, .T. ) ;
#2515 = FACE_BOUND ( 'NONE', #128, .T. ) ;
#2516 = FACE_OUTER_BOUND ( 'NONE', #3970, .T. ) ;
#2517 = FACE_BOUND ( 'NONE', #6060, .T. ) ;
#2518 = FACE_BOUND ( 'NONE', #16, .T. ) ;
#2519 = COLOUR_RGB ( '',0.0000000000000000000, 0.0000000000000000000, 0.0000000000000000000 ) ;
#2520 = FILL_AREA_STYLE_COLOUR ( '', #2519 ) ;
#2521 = FILL_AREA_STYLE ('',( #2520 ) ) ;
#2522 = SURFACE_STYLE_FILL_AREA ( #2521 ) ;
#2523 = SURFACE_SIDE_STYLE ('',( #2522 ) ) ;
#2524 = SURFACE_STYLE_USAGE ( .BOTH. , #2523 ) ;
#2525 = PRESENTATION_STYLE_ASSIGNMENT (( #2524 ) ) ;
#2526 = STYLED_ITEM ( 'NONE', ( #2525 ), #532 ) ;
#2527 = PRESENTATION_LAYER_ASSIGNMENT (  '', '', ( #2526 ) ) ;
#2528 = MECHANICAL_DESIGN_GEOMETRIC_PRESENTATION_REPRESENTATION (  '', ( #2526 ), #2534 ) ;
#2529 =( LENGTH_UNIT ( ) NAMED_UNIT ( * ) SI_UNIT ( .MILLI., .METRE. ) );
#2530 =( NAMED_UNIT ( * ) PLANE_ANGLE_UNIT ( ) SI_UNIT ( $, .RADIAN. ) );
#2531 = EDGE_CURVE ( 'NONE', #4060, #395, #4838, .T. ) ;
#2532 =( NAMED_UNIT ( * ) SI_UNIT ( $, .STERADIAN. ) SOLID_ANGLE_UNIT ( ) );
#2533 = UNCERTAINTY_MEASURE_WITH_UNIT (LENGTH_MEASURE( 1.000000000000000100E-005 ), #2529, 'distance_accuracy_value', 'NONE');
#2534 =( GEOMETRIC_REPRESENTATION_CONTEXT ( 3 ) GLOBAL_UNCERTAINTY_ASSIGNED_CONTEXT ( ( #2533 ) ) GLOBAL_UNIT_ASSIGNED_CONTEXT ( ( #2529, #2530, #2532 ) ) REPRESENTATION_CONTEXT ( 'NONE', 'WORKASPACE' ) );
#2535 = PLANE ( 'NONE',  #2536 ) ;
#2536 = AXIS2_PLACEMENT_3D ( 'NONE', #2537, #2538, #2539 ) ;
#2537 = CARTESIAN_POINT ( 'NONE',  ( -1.740000000000000000, 3.700000000000000200, 3.100000000000000100 ) ) ;
#2538 = DIRECTION ( 'NONE',  ( -6.358957023375390000E-017, 0.0000000000000000000, -1.000000000000000000 ) ) ;
#2539 = DIRECTION ( 'NONE',  ( -1.000000000000000000, 0.0000000000000000000, 6.358957023375390000E-017 ) ) ;
#2540 = FACE_OUTER_BOUND ( 'NONE', #5756, .T. ) ;
#2541 = COLOUR_RGB ( '',0.0000000000000000000, 0.0000000000000000000, 0.0000000000000000000 ) ;
#2542 = FILL_AREA_STYLE_COLOUR ( '', #2541 ) ;
#2543 = FILL_AREA_STYLE ('',( #2542 ) ) ;
#2544 = SURFACE_STYLE_FILL_AREA ( #2543 ) ;
#2545 = SURFACE_SIDE_STYLE ('',( #2544 ) ) ;
#2546 = SURFACE_STYLE_USAGE ( .BOTH. , #2545 ) ;
#2547 = PRESENTATION_STYLE_ASSIGNMENT (( #2546 ) ) ;
#2548 = ORIENTED_EDGE ( 'NONE', *, *, #578, .F. ) ;
#2549 = STYLED_ITEM ( 'NONE', ( #2547 ), #5721 ) ;
#2550 = PRESENTATION_LAYER_ASSIGNMENT (  '', '', ( #2549 ) ) ;
#2551 = MECHANICAL_DESIGN_GEOMETRIC_PRESENTATION_REPRESENTATION (  '', ( #2549 ), #2556 ) ;
#2552 =( LENGTH_UNIT ( ) NAMED_UNIT ( * ) SI_UNIT ( .MILLI., .METRE. ) );
#2553 =( NAMED_UNIT ( * ) PLANE_ANGLE_UNIT ( ) SI_UNIT ( $, .RADIAN. ) );
#2554 =( NAMED_UNIT ( * ) SI_UNIT ( $, .STERADIAN. ) SOLID_ANGLE_UNIT ( ) );
#2555 = UNCERTAINTY_MEASURE_WITH_UNIT (LENGTH_MEASURE( 1.000000000000000100E-005 ), #2552, 'distance_accuracy_value', 'NONE');
#2556 =( GEOMETRIC_REPRESENTATION_CONTEXT ( 3 ) GLOBAL_UNCERTAINTY_ASSIGNED_CONTEXT ( ( #2555 ) ) GLOBAL_UNIT_ASSIGNED_CONTEXT ( ( #2552, #2553, #2554 ) ) REPRESENTATION_CONTEXT ( 'NONE', 'WORKASPACE' ) );
#2557 = PLANE ( 'NONE',  #2558 ) ;
#2558 = AXIS2_PLACEMENT_3D ( 'NONE', #2559, #2560, #2561 ) ;
#2559 = CARTESIAN_POINT ( 'NONE',  ( -0.7249999999999999800, 1.800000000000000000, -4.336808689942019700E-016 ) ) ;
#2560 = DIRECTION ( 'NONE',  ( 1.000000000000000000, 0.0000000000000000000, 0.0000000000000000000 ) ) ;
#2561 = DIRECTION ( 'NONE',  ( 0.0000000000000000000, 0.0000000000000000000, -1.000000000000000000 ) ) ;
#2562 = CARTESIAN_POINT ( 'NONE',  ( 10.95999999999999900, 1.879999999999999900, 3.955074563332015000 ) ) ;
#2563 = LINE ( 'NONE', #2564, #2565 ) ;
#2564 = CARTESIAN_POINT ( 'NONE',  ( 0.2500000000000000000, 0.4000000000000000200, 4.899999999999999500 ) ) ;
#2565 = VECTOR ( 'NONE', #2566, 1000.000000000000000 ) ;
#2566 = DIRECTION ( 'NONE',  ( 2.710505431213760100E-016, -1.000000000000000000, 0.0000000000000000000 ) ) ;
#2567 = CARTESIAN_POINT ( 'NONE',  ( 4.280000000000000200, 0.5999999999999999800, 4.039230484541330500 ) ) ;
#2568 = LINE ( 'NONE', #2569, #2570 ) ;
#2569 = CARTESIAN_POINT ( 'NONE',  ( -0.7249999999999999800, 3.700000000000000200, -1.899999999999999900 ) ) ;
#2570 = VECTOR ( 'NONE', #2571, 1000.000000000000000 ) ;
#2571 = DIRECTION ( 'NONE',  ( 1.000000000000000000, 0.0000000000000000000, 0.0000000000000000000 ) ) ;
#2572 = CARTESIAN_POINT ( 'NONE',  ( 3.265000000000000100, 3.700000000000000200, -1.899999999999999900 ) ) ;
#2573 = LINE ( 'NONE', #2574, #2575 ) ;
#2574 = CARTESIAN_POINT ( 'NONE',  ( 1.740000000000000000, 1.879999999999999900, -3.100000000000000100 ) ) ;
#2575 = VECTOR ( 'NONE', #2576, 1000.000000000000000 ) ;
#2576 = DIRECTION ( 'NONE',  ( 0.0000000000000000000, 1.000000000000000000, 0.0000000000000000000 ) ) ;
#2577 = CARTESIAN_POINT ( 'NONE',  ( 3.265000000000000100, 3.250000000000000000, 1.450000000000000000 ) ) ;
#2578 = FACE_OUTER_BOUND ( 'NONE', #6304, .T. ) ;
#2579 = PLANE ( 'NONE',  #2580 ) ;
#2580 = AXIS2_PLACEMENT_3D ( 'NONE', #2581, #2582, #2583 ) ;
#2581 = CARTESIAN_POINT ( 'NONE',  ( 10.95999999999999900, -1.224606353822382200E-017, -4.200000000000000200 ) ) ;
#2582 = DIRECTION ( 'NONE',  ( 0.0000000000000000000, -1.000000000000000000, 1.373916481576093900E-016 ) ) ;
#2583 = DIRECTION ( 'NONE',  ( 0.0000000000000000000, -1.373916481576093900E-016, -1.000000000000000000 ) ) ;
#2584 = CARTESIAN_POINT ( 'NONE',  ( 10.95999999999999900, 1.629999999999999900, 3.763242816337275100 ) ) ;
#2585 = LINE ( 'NONE', #2586, #2587 ) ;
#2586 = CARTESIAN_POINT ( 'NONE',  ( 3.340000000000000300, 1.879999999999999900, -3.100000000000000100 ) ) ;
#2587 = VECTOR ( 'NONE', #2588, 1000.000000000000000 ) ;
#2588 = DIRECTION ( 'NONE',  ( 0.0000000000000000000, 1.000000000000000000, 0.0000000000000000000 ) ) ;
#2589 = FACE_OUTER_BOUND ( 'NONE', #5763, .T. ) ;
#2590 = COLOUR_RGB ( '',1.000000000000000000, 1.000000000000000000, 1.000000000000000000 ) ;
#2591 = FILL_AREA_STYLE_COLOUR ( '', #2590 ) ;
#2592 = FILL_AREA_STYLE ('',( #2591 ) ) ;
#2593 = SURFACE_STYLE_FILL_AREA ( #2592 ) ;
#2594 = SURFACE_SIDE_STYLE ('',( #2593 ) ) ;
#2595 = SURFACE_STYLE_USAGE ( .BOTH. , #2594 ) ;
#2596 = PRESENTATION_STYLE_ASSIGNMENT (( #2595 ) ) ;
#2597 = EDGE_LOOP ( 'NONE', ( #2039, #4425, #2406, #156 ) ) ;
#2598 = ORIENTED_EDGE ( 'NONE', *, *, #6424, .T. ) ;
#2599 = STYLED_ITEM ( 'NONE', ( #2596 ), #5728 ) ;
#2600 = PRESENTATION_LAYER_ASSIGNMENT (  '', '', ( #2599 ) ) ;
#2601 = MECHANICAL_DESIGN_GEOMETRIC_PRESENTATION_REPRESENTATION (  '', ( #2599 ), #2606 ) ;
#2602 =( LENGTH_UNIT ( ) NAMED_UNIT ( * ) SI_UNIT ( .MILLI., .METRE. ) );
#2603 =( NAMED_UNIT ( * ) PLANE_ANGLE_UNIT ( ) SI_UNIT ( $, .RADIAN. ) );
#2604 =( NAMED_UNIT ( * ) SI_UNIT ( $, .STERADIAN. ) SOLID_ANGLE_UNIT ( ) );
#2605 = UNCERTAINTY_MEASURE_WITH_UNIT (LENGTH_MEASURE( 1.000000000000000100E-005 ), #2602, 'distance_accuracy_value', 'NONE');
#2606 =( GEOMETRIC_REPRESENTATION_CONTEXT ( 3 ) GLOBAL_UNCERTAINTY_ASSIGNED_CONTEXT ( ( #2605 ) ) GLOBAL_UNIT_ASSIGNED_CONTEXT ( ( #2602, #2603, #2604 ) ) REPRESENTATION_CONTEXT ( 'NONE', 'WORKASPACE' ) );
#2607 = PLANE ( 'NONE',  #2608 ) ;
#2608 = AXIS2_PLACEMENT_3D ( 'NONE', #2609, #2610, #2611 ) ;
#2609 = CARTESIAN_POINT ( 'NONE',  ( -1.740000000000000000, 3.600000000000000100, -3.100000000000000100 ) ) ;
#2610 = DIRECTION ( 'NONE',  ( 0.0000000000000000000, 1.000000000000000000, 0.0000000000000000000 ) ) ;
#2611 = DIRECTION ( 'NONE',  ( 0.0000000000000000000, 0.0000000000000000000, 1.000000000000000000 ) ) ;
#2612 = FACE_OUTER_BOUND ( 'NONE', #4549, .T. ) ;
#2613 = PLANE ( 'NONE',  #2614 ) ;
#2614 = AXIS2_PLACEMENT_3D ( 'NONE', #2618, #2619, #2620 ) ;
#2615 = ORIENTED_EDGE ( 'NONE', *, *, #1096, .F. ) ;
#2616 = EDGE_CURVE ( 'NONE', #5532, #4839, #4848, .T. ) ;
#2617 = ORIENTED_EDGE ( 'NONE', *, *, #3989, .T. ) ;
#2618 = CARTESIAN_POINT ( 'NONE',  ( 5.330000000000000100, 0.4000000000000000200, -4.899999999999999500 ) ) ;
#2619 = DIRECTION ( 'NONE',  ( -1.000000000000000000, -2.710505431213760100E-016, 0.0000000000000000000 ) ) ;
#2620 = DIRECTION ( 'NONE',  ( 2.710505431213760100E-016, -1.000000000000000000, 0.0000000000000000000 ) ) ;
#2621 = CARTESIAN_POINT ( 'NONE',  ( 8.419999999999999900, 0.5999999999999999800, -4.039230484541330500 ) ) ;
#2622 = FACE_OUTER_BOUND ( 'NONE', #5503, .T. ) ;
#2623 = FACE_BOUND ( 'NONE', #741, .T. ) ;
#2624 = COLOUR_RGB ( '',0.0000000000000000000, 0.0000000000000000000, 0.0000000000000000000 ) ;
#2625 = FILL_AREA_STYLE_COLOUR ( '', #2624 ) ;
#2626 = FILL_AREA_STYLE ('',( #2625 ) ) ;
#2627 = SURFACE_STYLE_FILL_AREA ( #2626 ) ;
#2628 = SURFACE_SIDE_STYLE ('',( #2627 ) ) ;
#2629 = SURFACE_STYLE_USAGE ( .BOTH. , #2628 ) ;
#2630 = PRESENTATION_STYLE_ASSIGNMENT (( #2629 ) ) ;
#2631 = STYLED_ITEM ( 'NONE', ( #2630 ), #556 ) ;
#2632 = PRESENTATION_LAYER_ASSIGNMENT (  '', '', ( #2631 ) ) ;
#2633 = MECHANICAL_DESIGN_GEOMETRIC_PRESENTATION_REPRESENTATION (  '', ( #2631 ), #2639 ) ;
#2634 = VERTEX_POINT ( 'NONE', #4852 ) ;
#2635 =( LENGTH_UNIT ( ) NAMED_UNIT ( * ) SI_UNIT ( .MILLI., .METRE. ) );
#2636 =( NAMED_UNIT ( * ) PLANE_ANGLE_UNIT ( ) SI_UNIT ( $, .RADIAN. ) );
#2637 =( NAMED_UNIT ( * ) SI_UNIT ( $, .STERADIAN. ) SOLID_ANGLE_UNIT ( ) );
#2638 = UNCERTAINTY_MEASURE_WITH_UNIT (LENGTH_MEASURE( 1.000000000000000100E-005 ), #2635, 'distance_accuracy_value', 'NONE');
#2639 =( GEOMETRIC_REPRESENTATION_CONTEXT ( 3 ) GLOBAL_UNCERTAINTY_ASSIGNED_CONTEXT ( ( #2638 ) ) GLOBAL_UNIT_ASSIGNED_CONTEXT ( ( #2635, #2636, #2637 ) ) REPRESENTATION_CONTEXT ( 'NONE', 'WORKASPACE' ) );
#2640 = PLANE ( 'NONE',  #2641 ) ;
#2641 = AXIS2_PLACEMENT_3D ( 'NONE', #2642, #2643, #2644 ) ;
#2642 = CARTESIAN_POINT ( 'NONE',  ( 6.895000000000000500, 3.250000000000000000, -1.450000000000000000 ) ) ;
#2643 = DIRECTION ( 'NONE',  ( 0.0000000000000000000, -1.000000000000000000, 0.0000000000000000000 ) ) ;
#2644 = DIRECTION ( 'NONE',  ( 0.0000000000000000000, 0.0000000000000000000, -1.000000000000000000 ) ) ;
#2645 = LINE ( 'NONE', #2646, #2647 ) ;
#2646 = CARTESIAN_POINT ( 'NONE',  ( 3.340000000000000300, 1.629999999999999900, 3.100000000000000100 ) ) ;
#2647 = VECTOR ( 'NONE', #2648, 1000.000000000000000 ) ;
#2648 = DIRECTION ( 'NONE',  ( -1.000000000000000000, 0.0000000000000000000, 0.0000000000000000000 ) ) ;
#2649 = CARTESIAN_POINT ( 'NONE',  ( 3.340000000000000300, 0.5999999999999999800, 4.039230484541330500 ) ) ;
#2650 = LINE ( 'NONE', #2651, #2652 ) ;
#2651 = CARTESIAN_POINT ( 'NONE',  ( 1.740000000000000000, 1.629999999999999900, -3.763242816337275100 ) ) ;
#2652 = VECTOR ( 'NONE', #2653, 999.9999999999998900 ) ;
#2653 = DIRECTION ( 'NONE',  ( 0.0000000000000000000, 0.9659258262890692000, 0.2588190451025176300 ) ) ;
#2654 = FACE_OUTER_BOUND ( 'NONE', #6430, .T. ) ;
#2655 = FACE_BOUND ( 'NONE', #4899, .T. ) ;
#2656 = COLOUR_RGB ( '',0.0000000000000000000, 0.0000000000000000000, 0.0000000000000000000 ) ;
#2657 = FILL_AREA_STYLE_COLOUR ( '', #2656 ) ;
#2658 = FILL_AREA_STYLE ('',( #2657 ) ) ;
#2659 = SURFACE_STYLE_FILL_AREA ( #2658 ) ;
#2660 = SURFACE_SIDE_STYLE ('',( #2659 ) ) ;
#2661 = SURFACE_STYLE_USAGE ( .BOTH. , #2660 ) ;
#2662 = PRESENTATION_STYLE_ASSIGNMENT (( #2661 ) ) ;
#2663 = STYLED_ITEM ( 'NONE', ( #2662 ), #561 ) ;
#2664 = PRESENTATION_LAYER_ASSIGNMENT (  '', '', ( #2663 ) ) ;
#2665 = MECHANICAL_DESIGN_GEOMETRIC_PRESENTATION_REPRESENTATION (  '', ( #2663 ), #2674 ) ;
#2666 =( LENGTH_UNIT ( ) NAMED_UNIT ( * ) SI_UNIT ( .MILLI., .METRE. ) );
#2667 = ORIENTED_EDGE ( 'NONE', *, *, #6447, .T. ) ;
#2668 = ORIENTED_EDGE ( 'NONE', *, *, #449, .T. ) ;
#2669 = ORIENTED_EDGE ( 'NONE', *, *, #5747, .T. ) ;
#2670 = ORIENTED_EDGE ( 'NONE', *, *, #2740, .F. ) ;
#2671 =( NAMED_UNIT ( * ) PLANE_ANGLE_UNIT ( ) SI_UNIT ( $, .RADIAN. ) );
#2672 =( NAMED_UNIT ( * ) SI_UNIT ( $, .STERADIAN. ) SOLID_ANGLE_UNIT ( ) );
#2673 = UNCERTAINTY_MEASURE_WITH_UNIT (LENGTH_MEASURE( 1.000000000000000100E-005 ), #2666, 'distance_accuracy_value', 'NONE');
#2674 =( GEOMETRIC_REPRESENTATION_CONTEXT ( 3 ) GLOBAL_UNCERTAINTY_ASSIGNED_CONTEXT ( ( #2673 ) ) GLOBAL_UNIT_ASSIGNED_CONTEXT ( ( #2666, #2671, #2672 ) ) REPRESENTATION_CONTEXT ( 'NONE', 'WORKASPACE' ) );
#2675 = PLANE ( 'NONE',  #2676 ) ;
#2676 = AXIS2_PLACEMENT_3D ( 'NONE', #2677, #2678, #2679 ) ;
#2677 = CARTESIAN_POINT ( 'NONE',  ( 4.355000000000000400, 3.250000000000000000, -1.450000000000000000 ) ) ;
#2678 = DIRECTION ( 'NONE',  ( 0.0000000000000000000, -1.000000000000000000, 0.0000000000000000000 ) ) ;
#2679 = DIRECTION ( 'NONE',  ( 0.0000000000000000000, 0.0000000000000000000, -1.000000000000000000 ) ) ;
#2680 = LINE ( 'NONE', #2681, #2682 ) ;
#2681 = CARTESIAN_POINT ( 'NONE',  ( -0.5500000000000000400, 3.600000000000000100, 0.04999999999999939900 ) ) ;
#2682 = VECTOR ( 'NONE', #2683, 1000.000000000000000 ) ;
#2683 = DIRECTION ( 'NONE',  ( 1.000000000000000000, 0.0000000000000000000, 0.0000000000000000000 ) ) ;
#2684 = LINE ( 'NONE', #2685, #2686 ) ;
#2685 = CARTESIAN_POINT ( 'NONE',  ( 1.740000000000000000, 1.879999999999999900, 3.100000000000000100 ) ) ;
#2686 = VECTOR ( 'NONE', #2687, 1000.000000000000000 ) ;
#2687 = DIRECTION ( 'NONE',  ( 0.0000000000000000000, 1.000000000000000000, 0.0000000000000000000 ) ) ;
#2688 = CARTESIAN_POINT ( 'NONE',  ( 4.280000000000000200, 1.629999999999999900, -3.763242816337275100 ) ) ;
#2689 = CARTESIAN_POINT ( 'NONE',  ( 10.41000000000000000, -1.084202172485503900E-016, -4.200000000000000200 ) ) ;
#2690 = LINE ( 'NONE', #2691, #2692 ) ;
#2691 = CARTESIAN_POINT ( 'NONE',  ( 10.41000000000000000, 0.4000000000000000200, -4.899999999999999500 ) ) ;
#2692 = VECTOR ( 'NONE', #2693, 1000.000000000000000 ) ;
#2693 = DIRECTION ( 'NONE',  ( 2.710505431213760100E-016, -1.000000000000000000, 0.0000000000000000000 ) ) ;
#2694 = LINE ( 'NONE', #2695, #2696 ) ;
#2695 = CARTESIAN_POINT ( 'NONE',  ( 8.419999999999999900, 1.879999999999999900, -3.100000000000000100 ) ) ;
#2696 = VECTOR ( 'NONE', #2697, 1000.000000000000000 ) ;
#2697 = DIRECTION ( 'NONE',  ( 0.0000000000000000000, 0.0000000000000000000, -1.000000000000000000 ) ) ;
#2698 = FACE_OUTER_BOUND ( 'NONE', #5880, .T. ) ;
#2699 = PLANE ( 'NONE',  #2700 ) ;
#2700 = AXIS2_PLACEMENT_3D ( 'NONE', #2701, #2702, #2705 ) ;
#2701 = CARTESIAN_POINT ( 'NONE',  ( 7.870000000000000100, 0.4000000000000000200, -4.899999999999999500 ) ) ;
#2702 = DIRECTION ( 'NONE',  ( -1.000000000000000000, -2.710505431213760100E-016, 0.0000000000000000000 ) ) ;
#2703 = EDGE_CURVE ( 'NONE', #5618, #412, #4854, .T. ) ;
#2704 = VERTEX_POINT ( 'NONE', #4858 ) ;
#2705 = DIRECTION ( 'NONE',  ( 2.710505431213760100E-016, -1.000000000000000000, 0.0000000000000000000 ) ) ;
#2706 = LINE ( 'NONE', #2707, #2708 ) ;
#2707 = CARTESIAN_POINT ( 'NONE',  ( 10.88500000000000000, 3.700000000000000200, 1.899999999999999900 ) ) ;
#2708 = VECTOR ( 'NONE', #2709, 1000.000000000000100 ) ;
#2709 = DIRECTION ( 'NONE',  ( 0.0000000000000000000, -0.7071067811865474600, -0.7071067811865474600 ) ) ;
#2710 = CARTESIAN_POINT ( 'NONE',  ( 5.879999999999999900, 1.629999999999999900, 3.763242816337275100 ) ) ;
#2711 = CARTESIAN_POINT ( 'NONE',  ( 3.089999999999999900, 3.250000000000000000, 0.05000000000000000300 ) ) ;
#2712 = LINE ( 'NONE', #2713, #2714 ) ;
#2713 = CARTESIAN_POINT ( 'NONE',  ( 9.610000000000001200, 3.250000000000000000, 0.04999999999999939900 ) ) ;
#2714 = VECTOR ( 'NONE', #2715, 1000.000000000000000 ) ;
#2715 = DIRECTION ( 'NONE',  ( 1.000000000000000000, 0.0000000000000000000, 0.0000000000000000000 ) ) ;
#2716 = LINE ( 'NONE', #2717, #2718 ) ;
#2717 = CARTESIAN_POINT ( 'NONE',  ( -0.7249999999999999800, 3.700000000000000200, 1.899999999999999900 ) ) ;
#2718 = VECTOR ( 'NONE', #2719, 1000.000000000000000 ) ;
#2719 = DIRECTION ( 'NONE',  ( 0.0000000000000000000, 0.0000000000000000000, 1.000000000000000000 ) ) ;
#2720 = LINE ( 'NONE', #2724, #2725 ) ;
#2721 = ORIENTED_EDGE ( 'NONE', *, *, #2826, .F. ) ;
#2722 = ORIENTED_EDGE ( 'NONE', *, *, #6007, .T. ) ;
#2723 = ORIENTED_EDGE ( 'NONE', *, *, #595, .F. ) ;
#2724 = CARTESIAN_POINT ( 'NONE',  ( -1.740000000000000000, 3.700000000000000200, 3.100000000000000100 ) ) ;
#2725 = VECTOR ( 'NONE', #2726, 1000.000000000000000 ) ;
#2726 = DIRECTION ( 'NONE',  ( 1.000000000000000000, 0.0000000000000000000, -6.358957023375390000E-017 ) ) ;
#2727 = LINE ( 'NONE', #2728, #2729 ) ;
#2728 = CARTESIAN_POINT ( 'NONE',  ( 0.5500000000000000400, 3.600000000000000100, -0.9499999999999999600 ) ) ;
#2729 = VECTOR ( 'NONE', #2730, 1000.000000000000000 ) ;
#2730 = DIRECTION ( 'NONE',  ( 0.0000000000000000000, 0.0000000000000000000, -1.000000000000000000 ) ) ;
#2731 = LINE ( 'NONE', #2732, #2733 ) ;
#2732 = CARTESIAN_POINT ( 'NONE',  ( 9.610000000000001200, 3.600000000000000100, -0.9499999999999999600 ) ) ;
#2733 = VECTOR ( 'NONE', #2734, 1000.000000000000000 ) ;
#2734 = DIRECTION ( 'NONE',  ( -1.000000000000000000, 0.0000000000000000000, 0.0000000000000000000 ) ) ;
#2735 = LINE ( 'NONE', #2736, #2737 ) ;
#2736 = CARTESIAN_POINT ( 'NONE',  ( -1.740000000000000000, 3.700000000000000200, -3.100000000000000100 ) ) ;
#2737 = VECTOR ( 'NONE', #2738, 1000.000000000000000 ) ;
#2738 = DIRECTION ( 'NONE',  ( 0.0000000000000000000, -1.000000000000000000, 0.0000000000000000000 ) ) ;
#2739 = LINE ( 'NONE', #2741, #2742 ) ;
#2740 = EDGE_CURVE ( 'NONE', #2443, #6159, #4868, .T. ) ;
#2741 = CARTESIAN_POINT ( 'NONE',  ( 8.419999999999999900, 1.879999999999999900, 3.955074563332015000 ) ) ;
#2742 = VECTOR ( 'NONE', #2743, 999.9999999999998900 ) ;
#2743 = DIRECTION ( 'NONE',  ( 0.0000000000000000000, -0.9659258262890692000, 0.2588190451025176300 ) ) ;
#2744 = LINE ( 'NONE', #2745, #2746 ) ;
#2745 = CARTESIAN_POINT ( 'NONE',  ( 9.359999999999999400, 1.879999999999999900, -3.955074563332020300 ) ) ;
#2746 = VECTOR ( 'NONE', #2747, 999.9999999999998900 ) ;
#2747 = DIRECTION ( 'NONE',  ( 0.0000000000000000000, -0.9659258262890692000, -0.2588190451025176300 ) ) ;
#2748 = LINE ( 'NONE', #2749, #2750 ) ;
#2749 = CARTESIAN_POINT ( 'NONE',  ( 6.819999999999999400, 1.879999999999999900, 3.100000000000000100 ) ) ;
#2750 = VECTOR ( 'NONE', #2751, 1000.000000000000000 ) ;
#2751 = DIRECTION ( 'NONE',  ( 0.0000000000000000000, 1.000000000000000000, 0.0000000000000000000 ) ) ;
#2752 = LINE ( 'NONE', #2753, #2754 ) ;
#2753 = CARTESIAN_POINT ( 'NONE',  ( 10.41000000000000000, 1.629999999999999900, -3.763242816337275100 ) ) ;
#2754 = VECTOR ( 'NONE', #2755, 999.9999999999998900 ) ;
#2755 = DIRECTION ( 'NONE',  ( 2.618147198306160800E-016, -0.9659258262890692000, -0.2588190451025176300 ) ) ;
#2756 = CARTESIAN_POINT ( 'NONE',  ( 1.740000000000000000, 1.629999999999999900, -3.100000000000000100 ) ) ;
#2757 = VERTEX_POINT ( 'NONE', #4876 ) ;
#2758 = ORIENTED_EDGE ( 'NONE', *, *, #6354, .F. ) ;
#2759 = FACE_OUTER_BOUND ( 'NONE', #9, .T. ) ;
#2760 = PLANE ( 'NONE',  #2761 ) ;
#2761 = AXIS2_PLACEMENT_3D ( 'NONE', #2762, #2763, #2764 ) ;
#2762 = CARTESIAN_POINT ( 'NONE',  ( 0.8000000000000000400, 0.2500000000000000000, 4.899999999999999500 ) ) ;
#2763 = DIRECTION ( 'NONE',  ( 0.0000000000000000000, 0.0000000000000000000, -1.000000000000000000 ) ) ;
#2764 = DIRECTION ( 'NONE',  ( -1.000000000000000000, 0.0000000000000000000, 0.0000000000000000000 ) ) ;
#2765 = LINE ( 'NONE', #2766, #2767 ) ;
#2766 = CARTESIAN_POINT ( 'NONE',  ( 9.359999999999999400, 1.879999999999999900, -3.100000000000000100 ) ) ;
#2767 = VECTOR ( 'NONE', #2768, 1000.000000000000000 ) ;
#2768 = DIRECTION ( 'NONE',  ( 0.0000000000000000000, 0.0000000000000000000, -1.000000000000000000 ) ) ;
#2769 = FACE_OUTER_BOUND ( 'NONE', #6151, .T. ) ;
#2770 = PLANE ( 'NONE',  #2771 ) ;
#2771 = AXIS2_PLACEMENT_3D ( 'NONE', #2772, #2773, #2774 ) ;
#2772 = CARTESIAN_POINT ( 'NONE',  ( 5.879999999999999900, 0.2500000000000000000, -4.391831746994739700 ) ) ;
#2773 = DIRECTION ( 'NONE',  ( 0.0000000000000000000, 1.000000000000000000, 1.066774799560611900E-016 ) ) ;
#2774 = DIRECTION ( 'NONE',  ( 0.0000000000000000000, -1.066774799560611900E-016, 1.000000000000000000 ) ) ;
#2775 = ORIENTED_EDGE ( 'NONE', *, *, #562, .F. ) ;
#2776 = CARTESIAN_POINT ( 'NONE',  ( 3.340000000000000300, 1.629999999999999900, -3.100000000000000100 ) ) ;
#2777 = LINE ( 'NONE', #2778, #2779 ) ;
#2778 = CARTESIAN_POINT ( 'NONE',  ( 3.340000000000000300, 1.629999999999999900, 3.100000000000000100 ) ) ;
#2779 = VECTOR ( 'NONE', #2780, 1000.000000000000000 ) ;
#2780 = DIRECTION ( 'NONE',  ( 0.0000000000000000000, -3.269397408547745100E-016, -1.000000000000000000 ) ) ;
#2781 = FACE_OUTER_BOUND ( 'NONE', #622, .T. ) ;
#2782 = PLANE ( 'NONE',  #2783 ) ;
#2783 = AXIS2_PLACEMENT_3D ( 'NONE', #2784, #2785, #2786 ) ;
#2784 = CARTESIAN_POINT ( 'NONE',  ( 2.290000000000000000, 0.4000000000000000200, -4.899999999999999500 ) ) ;
#2785 = DIRECTION ( 'NONE',  ( 1.000000000000000000, 0.0000000000000000000, 0.0000000000000000000 ) ) ;
#2786 = DIRECTION ( 'NONE',  ( 0.0000000000000000000, 0.0000000000000000000, -1.000000000000000000 ) ) ;
#2787 = LINE ( 'NONE', #2788, #2789 ) ;
#2788 = CARTESIAN_POINT ( 'NONE',  ( 5.330000000000000100, -1.084202172485503900E-016, -4.899999999999999500 ) ) ;
#2789 = VECTOR ( 'NONE', #2790, 1000.000000000000000 ) ;
#2790 = DIRECTION ( 'NONE',  ( 0.0000000000000000000, 0.0000000000000000000, 1.000000000000000000 ) ) ;
#2791 = LINE ( 'NONE', #2793, #2794 ) ;
#2792 = ORIENTED_EDGE ( 'NONE', *, *, #3044, .F. ) ;
#2793 = CARTESIAN_POINT ( 'NONE',  ( 1.814999999999999900, 3.700000000000000200, -1.899999999999999900 ) ) ;
#2794 = VECTOR ( 'NONE', #2795, 1000.000000000000100 ) ;
#2795 = DIRECTION ( 'NONE',  ( 0.0000000000000000000, 0.7071067811865474600, -0.7071067811865474600 ) ) ;
#2796 = LINE ( 'NONE', #2797, #2798 ) ;
#2797 = CARTESIAN_POINT ( 'NONE',  ( 1.990000000000000000, 3.600000000000000100, -0.9499999999999999600 ) ) ;
#2798 = VECTOR ( 'NONE', #2799, 1000.000000000000000 ) ;
#2799 = DIRECTION ( 'NONE',  ( -1.000000000000000000, 0.0000000000000000000, 0.0000000000000000000 ) ) ;
#2800 = LINE ( 'NONE', #2801, #2802 ) ;
#2801 = CARTESIAN_POINT ( 'NONE',  ( 4.280000000000000200, 1.879999999999999900, 3.100000000000000100 ) ) ;
#2802 = VECTOR ( 'NONE', #2803, 1000.000000000000000 ) ;
#2803 = DIRECTION ( 'NONE',  ( 0.0000000000000000000, 0.0000000000000000000, 1.000000000000000000 ) ) ;
#2804 = LINE ( 'NONE', #2805, #2806 ) ;
#2805 = CARTESIAN_POINT ( 'NONE',  ( 5.879999999999999900, 0.2500000000000000000, 4.899999999999999500 ) ) ;
#2806 = VECTOR ( 'NONE', #2807, 1000.000000000000000 ) ;
#2807 = DIRECTION ( 'NONE',  ( -1.000000000000000000, 0.0000000000000000000, 0.0000000000000000000 ) ) ;
#2808 = CARTESIAN_POINT ( 'NONE',  ( 4.530000000000000200, 3.600000000000000100, 0.04999999999999939900 ) ) ;
#2809 = LINE ( 'NONE', #2810, #2811 ) ;
#2810 = CARTESIAN_POINT ( 'NONE',  ( 7.870000000000000100, 0.2500000000000000000, -4.391831746994745000 ) ) ;
#2811 = VECTOR ( 'NONE', #2812, 1000.000000000000000 ) ;
#2812 = DIRECTION ( 'NONE',  ( 2.891498888091015800E-032, -1.066774799560611900E-016, 1.000000000000000000 ) ) ;
#2813 = LINE ( 'NONE', #2814, #2815 ) ;
#2814 = CARTESIAN_POINT ( 'NONE',  ( 9.435000000000000500, 3.700000000000000200, 1.899999999999999900 ) ) ;
#2815 = VECTOR ( 'NONE', #2816, 1000.000000000000000 ) ;
#2816 = DIRECTION ( 'NONE',  ( 0.0000000000000000000, 0.0000000000000000000, 1.000000000000000000 ) ) ;
#2817 = LINE ( 'NONE', #2818, #2819 ) ;
#2818 = CARTESIAN_POINT ( 'NONE',  ( 3.340000000000000300, 1.629999999999999900, 3.763242816337275100 ) ) ;
#2819 = VECTOR ( 'NONE', #2820, 999.9999999999998900 ) ;
#2820 = DIRECTION ( 'NONE',  ( 0.0000000000000000000, 0.9659258262890692000, -0.2588190451025176300 ) ) ;
#2821 = LINE ( 'NONE', #2822, #2823 ) ;
#2822 = CARTESIAN_POINT ( 'NONE',  ( 2.790000000000000000, -1.084202172485503900E-016, 4.899999999999999500 ) ) ;
#2823 = VECTOR ( 'NONE', #2824, 1000.000000000000000 ) ;
#2824 = DIRECTION ( 'NONE',  ( 0.0000000000000000000, 0.0000000000000000000, -1.000000000000000000 ) ) ;
#2825 = ORIENTED_EDGE ( 'NONE', *, *, #5851, .F. ) ;
#2826 = EDGE_CURVE ( 'NONE', #4861, #6334, #4907, .T. ) ;
#2827 = LINE ( 'NONE', #2828, #2829 ) ;
#2828 = CARTESIAN_POINT ( 'NONE',  ( 9.359999999999999400, 1.629999999999999900, 3.100000000000000100 ) ) ;
#2829 = VECTOR ( 'NONE', #2830, 1000.000000000000000 ) ;
#2830 = DIRECTION ( 'NONE',  ( 0.0000000000000000000, -3.269397408547745100E-016, -1.000000000000000000 ) ) ;
#2831 = LINE ( 'NONE', #2832, #2833 ) ;
#2832 = CARTESIAN_POINT ( 'NONE',  ( 3.691605281959919900, 0.7278564661672440900, 4.004971447684720700 ) ) ;
#2833 = VECTOR ( 'NONE', #2834, 1000.000000000000000 ) ;
#2834 = DIRECTION ( 'NONE',  ( 0.9358779346557388700, 0.3403192489657229600, -0.09118826792913038700 ) ) ;
#2835 = LINE ( 'NONE', #2836, #2837 ) ;
#2836 = CARTESIAN_POINT ( 'NONE',  ( 1.151605281959920100, 0.7278564661672440900, -4.004971447684720700 ) ) ;
#2837 = VECTOR ( 'NONE', #2838, 1000.000000000000000 ) ;
#2838 = DIRECTION ( 'NONE',  ( -0.9358779346557388700, -0.3403192489657229600, -0.09118826792913038700 ) ) ;
#2839 = CARTESIAN_POINT ( 'NONE',  ( 6.895000000000000500, 3.700000000000000200, -1.899999999999999900 ) ) ;
#2840 = CARTESIAN_POINT ( 'NONE',  ( 1.814999999999999900, 3.700000000000000200, -1.899999999999999900 ) ) ;
#2841 = CARTESIAN_POINT ( 'NONE',  ( 9.359999999999999400, 1.879999999999999900, -3.955074563332020300 ) ) ;
#2842 = CARTESIAN_POINT ( 'NONE',  ( 0.5500000000000000400, 3.600000000000000100, -0.9499999999999999600 ) ) ;
#2843 = VERTEX_POINT ( 'NONE', #4911 ) ;
#2844 = ADVANCED_FACE ( 'NONE', ( #4912 ), #4913, .T. ) ;
#2845 = ORIENTED_EDGE ( 'NONE', *, *, #2978, .T. ) ;
#2846 = CARTESIAN_POINT ( 'NONE',  ( 6.819999999999999400, 1.629999999999999900, 3.100000000000000100 ) ) ;
#2847 = CARTESIAN_POINT ( 'NONE',  ( 3.340000000000000300, 1.879999999999999900, -3.100000000000000100 ) ) ;
#2848 = CARTESIAN_POINT ( 'NONE',  ( 7.870000000000000100, -1.084202172485503900E-016, 4.899999999999999500 ) ) ;
#2849 = FACE_OUTER_BOUND ( 'NONE', #28, .T. ) ;
#2850 = PLANE ( 'NONE',  #2851 ) ;
#2851 = AXIS2_PLACEMENT_3D ( 'NONE', #2852, #2853, #2854 ) ;
#2852 = CARTESIAN_POINT ( 'NONE',  ( 0.8000000000000000400, 1.879999999999999900, 3.100000000000000100 ) ) ;
#2853 = DIRECTION ( 'NONE',  ( -1.000000000000000000, 0.0000000000000000000, 0.0000000000000000000 ) ) ;
#2854 = DIRECTION ( 'NONE',  ( 0.0000000000000000000, 0.0000000000000000000, 1.000000000000000000 ) ) ;
#2855 = CARTESIAN_POINT ( 'NONE',  ( 10.71000000000000100, 3.250000000000000000, 0.05000000000000000300 ) ) ;
#2856 = LINE ( 'NONE', #2857, #2858 ) ;
#2857 = CARTESIAN_POINT ( 'NONE',  ( 5.879999999999999900, 0.2500000000000000000, 4.391831746994739700 ) ) ;
#2858 = VECTOR ( 'NONE', #2859, 1000.000000000000000 ) ;
#2859 = DIRECTION ( 'NONE',  ( -1.000000000000000000, 0.0000000000000000000, 0.0000000000000000000 ) ) ;
#2860 = CARTESIAN_POINT ( 'NONE',  ( 0.5500000000000000400, 3.600000000000000100, 0.04999999999999939900 ) ) ;
#2861 = FACE_OUTER_BOUND ( 'NONE', #5781, .T. ) ;
#2862 = VERTEX_POINT ( 'NONE', #4924 ) ;
#2863 = ORIENTED_EDGE ( 'NONE', *, *, #737, .T. ) ;
#2864 = COLOUR_RGB ( '',0.0000000000000000000, 0.0000000000000000000, 0.0000000000000000000 ) ;
#2865 = FILL_AREA_STYLE_COLOUR ( '', #2864 ) ;
#2866 = FILL_AREA_STYLE ('',( #2865 ) ) ;
#2867 = SURFACE_STYLE_FILL_AREA ( #2866 ) ;
#2868 = SURFACE_SIDE_STYLE ('',( #2867 ) ) ;
#2869 = SURFACE_STYLE_USAGE ( .BOTH. , #2868 ) ;
#2870 = PRESENTATION_STYLE_ASSIGNMENT (( #2869 ) ) ;
#2871 = STYLED_ITEM ( 'NONE', ( #2870 ), #5764 ) ;
#2872 = PRESENTATION_LAYER_ASSIGNMENT (  '', '', ( #2871 ) ) ;
#2873 = MECHANICAL_DESIGN_GEOMETRIC_PRESENTATION_REPRESENTATION (  '', ( #2871 ), #2878 ) ;
#2874 =( LENGTH_UNIT ( ) NAMED_UNIT ( * ) SI_UNIT ( .MILLI., .METRE. ) );
#2875 =( NAMED_UNIT ( * ) PLANE_ANGLE_UNIT ( ) SI_UNIT ( $, .RADIAN. ) );
#2876 =( NAMED_UNIT ( * ) SI_UNIT ( $, .STERADIAN. ) SOLID_ANGLE_UNIT ( ) );
#2877 = UNCERTAINTY_MEASURE_WITH_UNIT (LENGTH_MEASURE( 1.000000000000000100E-005 ), #2874, 'distance_accuracy_value', 'NONE');
#2878 =( GEOMETRIC_REPRESENTATION_CONTEXT ( 3 ) GLOBAL_UNCERTAINTY_ASSIGNED_CONTEXT ( ( #2877 ) ) GLOBAL_UNIT_ASSIGNED_CONTEXT ( ( #2874, #2875, #2876 ) ) REPRESENTATION_CONTEXT ( 'NONE', 'WORKASPACE' ) );
#2879 = PLANE ( 'NONE',  #2880 ) ;
#2880 = AXIS2_PLACEMENT_3D ( 'NONE', #2881, #2882, #2883 ) ;
#2881 = CARTESIAN_POINT ( 'NONE',  ( 1.814999999999999900, 3.700000000000000200, 1.899999999999999900 ) ) ;
#2882 = DIRECTION ( 'NONE',  ( 0.0000000000000000000, -0.7071067811865475700, 0.7071067811865475700 ) ) ;
#2883 = DIRECTION ( 'NONE',  ( 0.0000000000000000000, -0.7071067811865475700, -0.7071067811865475700 ) ) ;
#2884 = FACE_OUTER_BOUND ( 'NONE', #368, .T. ) ;
#2885 = PLANE ( 'NONE',  #2886 ) ;
#2886 = AXIS2_PLACEMENT_3D ( 'NONE', #2887, #2888, #2889 ) ;
#2887 = CARTESIAN_POINT ( 'NONE',  ( 8.419999999999999900, 1.629999999999999900, -3.100000000000000100 ) ) ;
#2888 = DIRECTION ( 'NONE',  ( 0.0000000000000000000, -1.000000000000000000, -3.269397408547745100E-016 ) ) ;
#2889 = DIRECTION ( 'NONE',  ( 0.0000000000000000000, 3.269397408547745100E-016, -1.000000000000000000 ) ) ;
#2890 = LINE ( 'NONE', #2891, #2892 ) ;
#2891 = CARTESIAN_POINT ( 'NONE',  ( 2.790000000000000000, 1.879999999999999900, 3.955074563332020300 ) ) ;
#2892 = VECTOR ( 'NONE', #2893, 999.9999999999998900 ) ;
#2893 = DIRECTION ( 'NONE',  ( 2.618147198306160800E-016, -0.9659258262890692000, 0.2588190451025176300 ) ) ;
#2894 = FACE_OUTER_BOUND ( 'NONE', #615, .T. ) ;
#2895 = PLANE ( 'NONE',  #2896 ) ;
#2896 = AXIS2_PLACEMENT_3D ( 'NONE', #2897, #2898, #2899 ) ;
#2897 = CARTESIAN_POINT ( 'NONE',  ( 8.419999999999999900, 1.879999999999999900, 3.100000000000000100 ) ) ;
#2898 = DIRECTION ( 'NONE',  ( 0.0000000000000000000, -1.000000000000000000, 0.0000000000000000000 ) ) ;
#2899 = DIRECTION ( 'NONE',  ( 0.0000000000000000000, 0.0000000000000000000, -1.000000000000000000 ) ) ;
#2900 = LINE ( 'NONE', #2901, #2902 ) ;
#2901 = CARTESIAN_POINT ( 'NONE',  ( 8.419999999999999900, 1.629999999999999900, -3.763242816337275100 ) ) ;
#2902 = VECTOR ( 'NONE', #2903, 999.9999999999998900 ) ;
#2903 = DIRECTION ( 'NONE',  ( 0.0000000000000000000, 0.9659258262890692000, 0.2588190451025176300 ) ) ;
#2904 = FACE_OUTER_BOUND ( 'NONE', #2200, .T. ) ;
#2905 = PLANE ( 'NONE',  #2906 ) ;
#2906 = AXIS2_PLACEMENT_3D ( 'NONE', #2907, #2908, #2909 ) ;
#2907 = CARTESIAN_POINT ( 'NONE',  ( 1.740000000000000000, 1.879999999999999900, -3.100000000000000100 ) ) ;
#2908 = DIRECTION ( 'NONE',  ( -1.000000000000000000, 0.0000000000000000000, 0.0000000000000000000 ) ) ;
#2909 = DIRECTION ( 'NONE',  ( 0.0000000000000000000, 0.0000000000000000000, -1.000000000000000000 ) ) ;
#2910 = FACE_OUTER_BOUND ( 'NONE', #5865, .T. ) ;
#2911 = PLANE ( 'NONE',  #2913 ) ;
#2912 = VERTEX_POINT ( 'NONE', #4931 ) ;
#2913 = AXIS2_PLACEMENT_3D ( 'NONE', #2914, #2915, #2916 ) ;
#2914 = CARTESIAN_POINT ( 'NONE',  ( 10.95999999999999900, 1.629999999999999900, -3.100000000000000100 ) ) ;
#2915 = DIRECTION ( 'NONE',  ( 0.0000000000000000000, -1.000000000000000000, -3.269397408547745100E-016 ) ) ;
#2916 = DIRECTION ( 'NONE',  ( 0.0000000000000000000, 3.269397408547745100E-016, -1.000000000000000000 ) ) ;
#2917 = LINE ( 'NONE', #2918, #2919 ) ;
#2918 = CARTESIAN_POINT ( 'NONE',  ( 10.95999999999999900, 0.5999999999999999800, 3.100000000000000100 ) ) ;
#2919 = VECTOR ( 'NONE', #2920, 1000.000000000000000 ) ;
#2920 = DIRECTION ( 'NONE',  ( 0.0000000000000000000, 0.0000000000000000000, 1.000000000000000000 ) ) ;
#2921 = CARTESIAN_POINT ( 'NONE',  ( 10.41000000000000000, 0.4000000000000000200, -4.092820323027554600 ) ) ;
#2922 = CARTESIAN_POINT ( 'NONE',  ( 10.95999999999999900, 1.879999999999999900, -3.955074563332020300 ) ) ;
#2923 = CARTESIAN_POINT ( 'NONE',  ( 5.330000000000000100, 0.2500000000000000000, 4.391831746994739700 ) ) ;
#2924 = LINE ( 'NONE', #2925, #2926 ) ;
#2925 = CARTESIAN_POINT ( 'NONE',  ( 2.704441643906514900, 0.2492939476703585100, -4.392020933146285200 ) ) ;
#2926 = VECTOR ( 'NONE', #2927, 1000.000000000000000 ) ;
#2927 = DIRECTION ( 'NONE',  ( 0.9358779346557388700, -0.3403192489657229600, -0.09118826792913038700 ) ) ;
#2928 = LINE ( 'NONE', #2929, #2930 ) ;
#2929 = CARTESIAN_POINT ( 'NONE',  ( 9.359999999999999400, 1.879999999999999900, 3.100000000000000100 ) ) ;
#2930 = VECTOR ( 'NONE', #2931, 1000.000000000000000 ) ;
#2931 = DIRECTION ( 'NONE',  ( 0.0000000000000000000, 1.000000000000000000, 0.0000000000000000000 ) ) ;
#2932 = CARTESIAN_POINT ( 'NONE',  ( 2.790000000000000000, 0.4000000000000000200, 4.351639368130075300 ) ) ;
#2933 = LINE ( 'NONE', #2934, #2935 ) ;
#2934 = CARTESIAN_POINT ( 'NONE',  ( -0.5500000000000000400, 5.186606874731849900, -0.9499999999999999600 ) ) ;
#2935 = VECTOR ( 'NONE', #2936, 1000.000000000000000 ) ;
#2936 = DIRECTION ( 'NONE',  ( 0.0000000000000000000, -1.000000000000000000, 0.0000000000000000000 ) ) ;
#2937 = CARTESIAN_POINT ( 'NONE',  ( 3.340000000000000300, 1.629999999999999900, 3.763242816337275100 ) ) ;
#2938 = CARTESIAN_POINT ( 'NONE',  ( 7.370000000000000100, 0.2500000000000000000, -4.391831746994745000 ) ) ;
#2939 = LINE ( 'NONE', #2940, #2941 ) ;
#2940 = CARTESIAN_POINT ( 'NONE',  ( 8.419999999999999900, 0.5999999999999999800, 3.100000000000000100 ) ) ;
#2941 = VECTOR ( 'NONE', #2942, 1000.000000000000000 ) ;
#2942 = DIRECTION ( 'NONE',  ( 0.0000000000000000000, 0.0000000000000000000, 1.000000000000000000 ) ) ;
#2943 = LINE ( 'NONE', #2944, #2946 ) ;
#2944 = CARTESIAN_POINT ( 'NONE',  ( 8.419999999999999900, 1.879999999999999900, -3.100000000000000100 ) ) ;
#2945 = EDGE_CURVE ( 'NONE', #5658, #1954, #4956, .T. ) ;
#2946 = VECTOR ( 'NONE', #2947, 1000.000000000000000 ) ;
#2947 = DIRECTION ( 'NONE',  ( 0.0000000000000000000, 1.000000000000000000, 0.0000000000000000000 ) ) ;
#2948 = FACE_OUTER_BOUND ( 'NONE', #711, .T. ) ;
#2949 = PLANE ( 'NONE',  #2950 ) ;
#2950 = AXIS2_PLACEMENT_3D ( 'NONE', #2951, #2952, #2953 ) ;
#2951 = CARTESIAN_POINT ( 'NONE',  ( 3.340000000000000300, 1.879999999999999900, -3.100000000000000100 ) ) ;
#2952 = DIRECTION ( 'NONE',  ( -1.000000000000000000, 0.0000000000000000000, 0.0000000000000000000 ) ) ;
#2953 = DIRECTION ( 'NONE',  ( 0.0000000000000000000, 0.0000000000000000000, -1.000000000000000000 ) ) ;
#2954 = LINE ( 'NONE', #2955, #2956 ) ;
#2955 = CARTESIAN_POINT ( 'NONE',  ( -0.2500000000000000000, 0.4000000000000000200, -4.899999999999999500 ) ) ;
#2956 = VECTOR ( 'NONE', #2957, 1000.000000000000000 ) ;
#2957 = DIRECTION ( 'NONE',  ( 0.0000000000000000000, 0.0000000000000000000, 1.000000000000000000 ) ) ;
#2958 = LINE ( 'NONE', #2959, #2960 ) ;
#2959 = CARTESIAN_POINT ( 'NONE',  ( 2.790000000000000000, -1.084202172485503900E-016, -4.899999999999999500 ) ) ;
#2960 = VECTOR ( 'NONE', #2961, 1000.000000000000000 ) ;
#2961 = DIRECTION ( 'NONE',  ( 0.0000000000000000000, 0.0000000000000000000, 1.000000000000000000 ) ) ;
#2962 = CARTESIAN_POINT ( 'NONE',  ( 0.8000000000000000400, 1.629999999999999900, 3.100000000000000100 ) ) ;
#2963 = FACE_OUTER_BOUND ( 'NONE', #692, .T. ) ;
#2964 = COLOUR_RGB ( '',1.000000000000000000, 1.000000000000000000, 1.000000000000000000 ) ;
#2965 = FILL_AREA_STYLE_COLOUR ( '', #2964 ) ;
#2966 = FILL_AREA_STYLE ('',( #2965 ) ) ;
#2967 = SURFACE_STYLE_FILL_AREA ( #2966 ) ;
#2968 = SURFACE_SIDE_STYLE ('',( #2967 ) ) ;
#2969 = SURFACE_STYLE_USAGE ( .BOTH. , #2968 ) ;
#2970 = PRESENTATION_STYLE_ASSIGNMENT (( #2969 ) ) ;
#2971 = STYLED_ITEM ( 'NONE', ( #2970 ), #4115 ) ;
#2972 = PRESENTATION_LAYER_ASSIGNMENT (  '', '', ( #2971 ) ) ;
#2973 = MECHANICAL_DESIGN_GEOMETRIC_PRESENTATION_REPRESENTATION (  '', ( #2971 ), #2979 ) ;
#2974 =( LENGTH_UNIT ( ) NAMED_UNIT ( * ) SI_UNIT ( .MILLI., .METRE. ) );
#2975 =( NAMED_UNIT ( * ) PLANE_ANGLE_UNIT ( ) SI_UNIT ( $, .RADIAN. ) );
#2976 =( NAMED_UNIT ( * ) SI_UNIT ( $, .STERADIAN. ) SOLID_ANGLE_UNIT ( ) );
#2977 = UNCERTAINTY_MEASURE_WITH_UNIT (LENGTH_MEASURE( 1.000000000000000100E-005 ), #2974, 'distance_accuracy_value', 'NONE');
#2978 = EDGE_CURVE ( 'NONE', #5471, #4861, #4960, .T. ) ;
#2979 =( GEOMETRIC_REPRESENTATION_CONTEXT ( 3 ) GLOBAL_UNCERTAINTY_ASSIGNED_CONTEXT ( ( #2977 ) ) GLOBAL_UNIT_ASSIGNED_CONTEXT ( ( #2974, #2975, #2976 ) ) REPRESENTATION_CONTEXT ( 'NONE', 'WORKASPACE' ) );
#2980 = PLANE ( 'NONE',  #2981 ) ;
#2981 = AXIS2_PLACEMENT_3D ( 'NONE', #2982, #2983, #2984 ) ;
#2982 = CARTESIAN_POINT ( 'NONE',  ( 4.530000000000000200, 5.186606874731849900, -0.9499999999999999600 ) ) ;
#2983 = DIRECTION ( 'NONE',  ( 1.000000000000000000, 0.0000000000000000000, 0.0000000000000000000 ) ) ;
#2984 = DIRECTION ( 'NONE',  ( 0.0000000000000000000, 0.0000000000000000000, -1.000000000000000000 ) ) ;
#2985 = LINE ( 'NONE', #2986, #2987 ) ;
#2986 = CARTESIAN_POINT ( 'NONE',  ( -0.2500000000000000000, 1.629999999999999900, -3.763242816337275100 ) ) ;
#2987 = VECTOR ( 'NONE', #2988, 999.9999999999998900 ) ;
#2988 = DIRECTION ( 'NONE',  ( 0.0000000000000000000, 0.9659258262890692000, 0.2588190451025176300 ) ) ;
#2989 = FACE_OUTER_BOUND ( 'NONE', #4424, .T. ) ;
#2990 = COLOUR_RGB ( '',1.000000000000000000, 1.000000000000000000, 1.000000000000000000 ) ;
#2991 = FILL_AREA_STYLE_COLOUR ( '', #2990 ) ;
#2992 = FILL_AREA_STYLE ('',( #2991 ) ) ;
#2993 = SURFACE_STYLE_FILL_AREA ( #2992 ) ;
#2994 = SURFACE_SIDE_STYLE ('',( #2993 ) ) ;
#2995 = EDGE_LOOP ( 'NONE', ( #5996, #6499, #5622, #5573, #5481, #24, #5795, #6110 ) ) ;
#2996 = SURFACE_STYLE_USAGE ( .BOTH. , #2994 ) ;
#2997 = PRESENTATION_STYLE_ASSIGNMENT (( #2996 ) ) ;
#2998 = STYLED_ITEM ( 'NONE', ( #2997 ), #4132 ) ;
#2999 = PRESENTATION_LAYER_ASSIGNMENT (  '', '', ( #2998 ) ) ;
#3000 = MECHANICAL_DESIGN_GEOMETRIC_PRESENTATION_REPRESENTATION (  '', ( #2998 ), #3005 ) ;
#3001 =( LENGTH_UNIT ( ) NAMED_UNIT ( * ) SI_UNIT ( .MILLI., .METRE. ) );
#3002 =( NAMED_UNIT ( * ) PLANE_ANGLE_UNIT ( ) SI_UNIT ( $, .RADIAN. ) );
#3003 =( NAMED_UNIT ( * ) SI_UNIT ( $, .STERADIAN. ) SOLID_ANGLE_UNIT ( ) );
#3004 = UNCERTAINTY_MEASURE_WITH_UNIT (LENGTH_MEASURE( 1.000000000000000100E-005 ), #3001, 'distance_accuracy_value', 'NONE');
#3005 =( GEOMETRIC_REPRESENTATION_CONTEXT ( 3 ) GLOBAL_UNCERTAINTY_ASSIGNED_CONTEXT ( ( #3004 ) ) GLOBAL_UNIT_ASSIGNED_CONTEXT ( ( #3001, #3002, #3003 ) ) REPRESENTATION_CONTEXT ( 'NONE', 'WORKASPACE' ) );
#3006 = PLANE ( 'NONE',  #3007 ) ;
#3007 = AXIS2_PLACEMENT_3D ( 'NONE', #3008, #3009, #3010 ) ;
#3008 = CARTESIAN_POINT ( 'NONE',  ( 9.610000000000001200, 5.186606874731849900, 0.04999999999999939900 ) ) ;
#3009 = DIRECTION ( 'NONE',  ( 0.0000000000000000000, 0.0000000000000000000, -1.000000000000000000 ) ) ;
#3010 = DIRECTION ( 'NONE',  ( -1.000000000000000000, 0.0000000000000000000, 0.0000000000000000000 ) ) ;
#3011 = LINE ( 'NONE', #3012, #3013 ) ;
#3012 = CARTESIAN_POINT ( 'NONE',  ( 4.355000000000000400, 3.700000000000000200, -1.899999999999999900 ) ) ;
#3013 = VECTOR ( 'NONE', #3014, 1000.000000000000100 ) ;
#3014 = DIRECTION ( 'NONE',  ( 0.0000000000000000000, 0.7071067811865474600, -0.7071067811865474600 ) ) ;
#3015 = LINE ( 'NONE', #3016, #3017 ) ;
#3016 = CARTESIAN_POINT ( 'NONE',  ( 7.370000000000000100, -1.696505349396695000E-016, 4.899999999999999500 ) ) ;
#3017 = VECTOR ( 'NONE', #3018, 1000.000000000000000 ) ;
#3018 = DIRECTION ( 'NONE',  ( 0.0000000000000000000, 0.0000000000000000000, -1.000000000000000000 ) ) ;
#3019 = CARTESIAN_POINT ( 'NONE',  ( 1.740000000000000000, 0.5999999999999999800, -4.298049529643849500 ) ) ;
#3020 = CARTESIAN_POINT ( 'NONE',  ( 3.089999999999999900, 3.600000000000000100, -0.9499999999999999600 ) ) ;
#3021 = LINE ( 'NONE', #3022, #3023 ) ;
#3022 = CARTESIAN_POINT ( 'NONE',  ( 3.340000000000000300, 0.2500000000000000000, -4.899999999999999500 ) ) ;
#3023 = VECTOR ( 'NONE', #3024, 1000.000000000000000 ) ;
#3024 = DIRECTION ( 'NONE',  ( -1.000000000000000000, 0.0000000000000000000, 0.0000000000000000000 ) ) ;
#3025 = CARTESIAN_POINT ( 'NONE',  ( 3.340000000000000300, 1.629999999999999900, 3.100000000000000100 ) ) ;
#3026 = FACE_OUTER_BOUND ( 'NONE', #5841, .T. ) ;
#3027 = PLANE ( 'NONE',  #3028 ) ;
#3028 = AXIS2_PLACEMENT_3D ( 'NONE', #3029, #3030, #3031 ) ;
#3029 = CARTESIAN_POINT ( 'NONE',  ( -0.8000000000000000400, 0.5999999999999999800, -4.899999999999999500 ) ) ;
#3030 = DIRECTION ( 'NONE',  ( 0.3417430630867041000, 0.9397934234884372000, 0.0000000000000000000 ) ) ;
#3031 = DIRECTION ( 'NONE',  ( -0.9397934234884372000, 0.3417430630867041000, 0.0000000000000000000 ) ) ;
#3032 = LINE ( 'NONE', #3033, #3034 ) ;
#3033 = CARTESIAN_POINT ( 'NONE',  ( 2.290000000000000000, 1.629999999999999900, -3.763242816337275100 ) ) ;
#3034 = VECTOR ( 'NONE', #3035, 999.9999999999998900 ) ;
#3035 = DIRECTION ( 'NONE',  ( 0.0000000000000000000, 0.9659258262890692000, 0.2588190451025176300 ) ) ;
#3036 = LINE ( 'NONE', #3037, #3038 ) ;
#3037 = CARTESIAN_POINT ( 'NONE',  ( 5.805000000000000600, 3.700000000000000200, 1.899999999999999900 ) ) ;
#3038 = VECTOR ( 'NONE', #3039, 1000.000000000000000 ) ;
#3039 = DIRECTION ( 'NONE',  ( 0.0000000000000000000, 0.0000000000000000000, 1.000000000000000000 ) ) ;
#3040 = FACE_OUTER_BOUND ( 'NONE', #5696, .T. ) ;
#3041 = PLANE ( 'NONE',  #3042 ) ;
#3042 = AXIS2_PLACEMENT_3D ( 'NONE', #3043, #3045, #3046 ) ;
#3043 = CARTESIAN_POINT ( 'NONE',  ( 10.95999999999999900, 1.879999999999999900, -3.100000000000000100 ) ) ;
#3044 = EDGE_CURVE ( 'NONE', #1204, #261, #4991, .T. ) ;
#3045 = DIRECTION ( 'NONE',  ( -1.000000000000000000, 0.0000000000000000000, 0.0000000000000000000 ) ) ;
#3046 = DIRECTION ( 'NONE',  ( 0.0000000000000000000, 0.0000000000000000000, -1.000000000000000000 ) ) ;
#3047 = LINE ( 'NONE', #3048, #3049 ) ;
#3048 = CARTESIAN_POINT ( 'NONE',  ( 11.90000000000000000, 0.6999999999999999600, -3.100000000000000100 ) ) ;
#3049 = VECTOR ( 'NONE', #3050, 1000.000000000000000 ) ;
#3050 = DIRECTION ( 'NONE',  ( 0.0000000000000000000, 0.0000000000000000000, -1.000000000000000000 ) ) ;
#3051 = CARTESIAN_POINT ( 'NONE',  ( 7.870000000000000100, 0.2500000000000000000, 4.899999999999999500 ) ) ;
#3052 = FACE_OUTER_BOUND ( 'NONE', #6252, .T. ) ;
#3053 = COLOUR_RGB ( '',1.000000000000000000, 1.000000000000000000, 1.000000000000000000 ) ;
#3054 = FILL_AREA_STYLE_COLOUR ( '', #3053 ) ;
#3055 = FILL_AREA_STYLE ('',( #3054 ) ) ;
#3056 = SURFACE_STYLE_FILL_AREA ( #3055 ) ;
#3057 = SURFACE_SIDE_STYLE ('',( #3056 ) ) ;
#3058 = SURFACE_STYLE_USAGE ( .BOTH. , #3057 ) ;
#3059 = PRESENTATION_STYLE_ASSIGNMENT (( #3058 ) ) ;
#3060 = STYLED_ITEM ( 'NONE', ( #3059 ), #6195 ) ;
#3061 = PRESENTATION_LAYER_ASSIGNMENT (  '', '', ( #3060 ) ) ;
#3062 = MECHANICAL_DESIGN_GEOMETRIC_PRESENTATION_REPRESENTATION (  '', ( #3060 ), #3067 ) ;
#3063 =( LENGTH_UNIT ( ) NAMED_UNIT ( * ) SI_UNIT ( .MILLI., .METRE. ) );
#3064 =( NAMED_UNIT ( * ) PLANE_ANGLE_UNIT ( ) SI_UNIT ( $, .RADIAN. ) );
#3065 =( NAMED_UNIT ( * ) SI_UNIT ( $, .STERADIAN. ) SOLID_ANGLE_UNIT ( ) );
#3066 = UNCERTAINTY_MEASURE_WITH_UNIT (LENGTH_MEASURE( 1.000000000000000100E-005 ), #3063, 'distance_accuracy_value', 'NONE');
#3067 =( GEOMETRIC_REPRESENTATION_CONTEXT ( 3 ) GLOBAL_UNCERTAINTY_ASSIGNED_CONTEXT ( ( #3066 ) ) GLOBAL_UNIT_ASSIGNED_CONTEXT ( ( #3063, #3064, #3065 ) ) REPRESENTATION_CONTEXT ( 'NONE', 'WORKASPACE' ) );
#3068 = PLANE ( 'NONE',  #3069 ) ;
#3069 = AXIS2_PLACEMENT_3D ( 'NONE', #3070, #3071, #3072 ) ;
#3070 = CARTESIAN_POINT ( 'NONE',  ( 8.169999999999999900, 5.186606874731849900, -0.9499999999999999600 ) ) ;
#3071 = DIRECTION ( 'NONE',  ( -1.000000000000000000, 0.0000000000000000000, 0.0000000000000000000 ) ) ;
#3072 = DIRECTION ( 'NONE',  ( 0.0000000000000000000, 0.0000000000000000000, 1.000000000000000000 ) ) ;
#3073 = CARTESIAN_POINT ( 'NONE',  ( 5.805000000000000600, 3.700000000000000200, -1.899999999999999900 ) ) ;
#3074 = LINE ( 'NONE', #3075, #3076 ) ;
#3075 = CARTESIAN_POINT ( 'NONE',  ( 9.359999999999999400, 1.629999999999999900, 3.763242816337275100 ) ) ;
#3076 = VECTOR ( 'NONE', #3078, 999.9999999999998900 ) ;
#3077 = VERTEX_POINT ( 'NONE', #4999 ) ;
#3078 = DIRECTION ( 'NONE',  ( 0.0000000000000000000, 0.9659258262890692000, -0.2588190451025176300 ) ) ;
#3079 = CARTESIAN_POINT ( 'NONE',  ( 7.370000000000000100, 0.4000000000000000200, -4.351639368130075300 ) ) ;
#3080 = LINE ( 'NONE', #3081, #3082 ) ;
#3081 = CARTESIAN_POINT ( 'NONE',  ( 10.71000000000000100, 5.186606874731849900, -0.9499999999999999600 ) ) ;
#3082 = VECTOR ( 'NONE', #3083, 1000.000000000000000 ) ;
#3083 = DIRECTION ( 'NONE',  ( 0.0000000000000000000, -1.000000000000000000, 0.0000000000000000000 ) ) ;
#3084 = LINE ( 'NONE', #3085, #3086 ) ;
#3085 = CARTESIAN_POINT ( 'NONE',  ( 9.359999999999999400, 1.629999999999999900, -3.100000000000000100 ) ) ;
#3086 = VECTOR ( 'NONE', #3087, 1000.000000000000000 ) ;
#3087 = DIRECTION ( 'NONE',  ( 0.0000000000000000000, -3.269397408547745100E-016, 1.000000000000000000 ) ) ;
#3088 = FACE_OUTER_BOUND ( 'NONE', #19, .T. ) ;
#3089 = PLANE ( 'NONE',  #3090 ) ;
#3090 = AXIS2_PLACEMENT_3D ( 'NONE', #3091, #3092, #3093 ) ;
#3091 = CARTESIAN_POINT ( 'NONE',  ( 0.2500000000000000000, 0.4000000000000000200, 4.899999999999999500 ) ) ;
#3092 = DIRECTION ( 'NONE',  ( 1.000000000000000000, 2.710505431213760100E-016, 0.0000000000000000000 ) ) ;
#3093 = DIRECTION ( 'NONE',  ( -2.710505431213760100E-016, 1.000000000000000000, 0.0000000000000000000 ) ) ;
#3094 = ORIENTED_EDGE ( 'NONE', *, *, #5971, .T. ) ;
#3095 = LINE ( 'NONE', #3096, #3097 ) ;
#3096 = CARTESIAN_POINT ( 'NONE',  ( 5.330000000000000100, 0.4000000000000000200, -4.899999999999999500 ) ) ;
#3097 = VECTOR ( 'NONE', #3098, 1000.000000000000000 ) ;
#3098 = DIRECTION ( 'NONE',  ( 0.0000000000000000000, 0.0000000000000000000, 1.000000000000000000 ) ) ;
#3099 = LINE ( 'NONE', #3100, #3101 ) ;
#3100 = CARTESIAN_POINT ( 'NONE',  ( 7.870000000000000100, 1.879999999999999900, -3.955074563332020300 ) ) ;
#3101 = VECTOR ( 'NONE', #3102, 999.9999999999998900 ) ;
#3102 = DIRECTION ( 'NONE',  ( -2.618147198306160800E-016, 0.9659258262890692000, 0.2588190451025176300 ) ) ;
#3103 = CARTESIAN_POINT ( 'NONE',  ( -0.2500000000000000000, 0.2500000000000000000, -4.899999999999999500 ) ) ;
#3104 = FACE_OUTER_BOUND ( 'NONE', #5818, .T. ) ;
#3105 = COLOUR_RGB ( '',1.000000000000000000, 1.000000000000000000, 1.000000000000000000 ) ;
#3106 = FILL_AREA_STYLE_COLOUR ( '', #3105 ) ;
#3107 = FILL_AREA_STYLE ('',( #3106 ) ) ;
#3108 = SURFACE_STYLE_FILL_AREA ( #3107 ) ;
#3109 = SURFACE_SIDE_STYLE ('',( #3108 ) ) ;
#3110 = SURFACE_STYLE_USAGE ( .BOTH. , #3109 ) ;
#3111 = PRESENTATION_STYLE_ASSIGNMENT (( #3110 ) ) ;
#3112 = STYLED_ITEM ( 'NONE', ( #3111 ), #5786 ) ;
#3113 = PRESENTATION_LAYER_ASSIGNMENT (  '', '', ( #3112 ) ) ;
#3114 = MECHANICAL_DESIGN_GEOMETRIC_PRESENTATION_REPRESENTATION (  '', ( #3112 ), #3119 ) ;
#3115 =( LENGTH_UNIT ( ) NAMED_UNIT ( * ) SI_UNIT ( .MILLI., .METRE. ) );
#3116 =( NAMED_UNIT ( * ) PLANE_ANGLE_UNIT ( ) SI_UNIT ( $, .RADIAN. ) );
#3117 =( NAMED_UNIT ( * ) SI_UNIT ( $, .STERADIAN. ) SOLID_ANGLE_UNIT ( ) );
#3118 = UNCERTAINTY_MEASURE_WITH_UNIT (LENGTH_MEASURE( 1.000000000000000100E-005 ), #3115, 'distance_accuracy_value', 'NONE');
#3119 =( GEOMETRIC_REPRESENTATION_CONTEXT ( 3 ) GLOBAL_UNCERTAINTY_ASSIGNED_CONTEXT ( ( #3118 ) ) GLOBAL_UNIT_ASSIGNED_CONTEXT ( ( #3115, #3116, #3117 ) ) REPRESENTATION_CONTEXT ( 'NONE', 'WORKASPACE' ) );
#3120 = PLANE ( 'NONE',  #3121 ) ;
#3121 = AXIS2_PLACEMENT_3D ( 'NONE', #3122, #3123, #3124 ) ;
#3122 = CARTESIAN_POINT ( 'NONE',  ( 1.990000000000000000, 5.186606874731849900, 0.04999999999999939900 ) ) ;
#3123 = DIRECTION ( 'NONE',  ( 0.0000000000000000000, 0.0000000000000000000, -1.000000000000000000 ) ) ;
#3124 = DIRECTION ( 'NONE',  ( -1.000000000000000000, 0.0000000000000000000, 0.0000000000000000000 ) ) ;
#3125 = FACE_OUTER_BOUND ( 'NONE', #5819, .T. ) ;
#3126 = COLOUR_RGB ( '',1.000000000000000000, 1.000000000000000000, 1.000000000000000000 ) ;
#3127 = EDGE_CURVE ( 'NONE', #1547, #5731, #5000, .T. ) ;
#3128 = VERTEX_POINT ( 'NONE', #5004 ) ;
#3129 = FILL_AREA_STYLE_COLOUR ( '', #3126 ) ;
#3130 = FILL_AREA_STYLE ('',( #3129 ) ) ;
#3131 = SURFACE_STYLE_FILL_AREA ( #3130 ) ;
#3132 = SURFACE_SIDE_STYLE ('',( #3131 ) ) ;
#3133 = SURFACE_STYLE_USAGE ( .BOTH. , #3132 ) ;
#3134 = PRESENTATION_STYLE_ASSIGNMENT (( #3133 ) ) ;
#3135 = STYLED_ITEM ( 'NONE', ( #3134 ), #5787 ) ;
#3136 = PRESENTATION_LAYER_ASSIGNMENT (  '', '', ( #3135 ) ) ;
#3137 = MECHANICAL_DESIGN_GEOMETRIC_PRESENTATION_REPRESENTATION (  '', ( #3135 ), #3142 ) ;
#3138 =( LENGTH_UNIT ( ) NAMED_UNIT ( * ) SI_UNIT ( .MILLI., .METRE. ) );
#3139 =( NAMED_UNIT ( * ) PLANE_ANGLE_UNIT ( ) SI_UNIT ( $, .RADIAN. ) );
#3140 =( NAMED_UNIT ( * ) SI_UNIT ( $, .STERADIAN. ) SOLID_ANGLE_UNIT ( ) );
#3141 = UNCERTAINTY_MEASURE_WITH_UNIT (LENGTH_MEASURE( 1.000000000000000100E-005 ), #3138, 'distance_accuracy_value', 'NONE');
#3142 =( GEOMETRIC_REPRESENTATION_CONTEXT ( 3 ) GLOBAL_UNCERTAINTY_ASSIGNED_CONTEXT ( ( #3141 ) ) GLOBAL_UNIT_ASSIGNED_CONTEXT ( ( #3138, #3139, #3140 ) ) REPRESENTATION_CONTEXT ( 'NONE', 'WORKASPACE' ) );
#3143 = PLANE ( 'NONE',  #3144 ) ;
#3144 = AXIS2_PLACEMENT_3D ( 'NONE', #3146, #3147, #3148 ) ;
#3145 = VERTEX_POINT ( 'NONE', #5005 ) ;
#3146 = CARTESIAN_POINT ( 'NONE',  ( -1.740000000000000000, 3.600000000000000100, -3.100000000000000100 ) ) ;
#3147 = DIRECTION ( 'NONE',  ( 0.0000000000000000000, 1.000000000000000000, 0.0000000000000000000 ) ) ;
#3148 = DIRECTION ( 'NONE',  ( 0.0000000000000000000, 0.0000000000000000000, 1.000000000000000000 ) ) ;
#3149 = LINE ( 'NONE', #3150, #3151 ) ;
#3150 = CARTESIAN_POINT ( 'NONE',  ( 8.419999999999999900, 1.879999999999999900, 3.100000000000000100 ) ) ;
#3151 = VECTOR ( 'NONE', #3152, 1000.000000000000000 ) ;
#3152 = DIRECTION ( 'NONE',  ( 0.0000000000000000000, 1.000000000000000000, 0.0000000000000000000 ) ) ;
#3153 = FACE_OUTER_BOUND ( 'NONE', #6095, .T. ) ;
#3154 = PLANE ( 'NONE',  #3155 ) ;
#3155 = AXIS2_PLACEMENT_3D ( 'NONE', #3156, #3157, #3158 ) ;
#3156 = CARTESIAN_POINT ( 'NONE',  ( -0.8000000000000000400, 1.879999999999999900, 3.100000000000000100 ) ) ;
#3157 = DIRECTION ( 'NONE',  ( -1.000000000000000000, 0.0000000000000000000, 0.0000000000000000000 ) ) ;
#3158 = DIRECTION ( 'NONE',  ( 0.0000000000000000000, 0.0000000000000000000, 1.000000000000000000 ) ) ;
#3159 = LINE ( 'NONE', #3160, #3161 ) ;
#3160 = CARTESIAN_POINT ( 'NONE',  ( 2.290000000000000000, 0.2500000000000000000, -4.391831746994739700 ) ) ;
#3161 = VECTOR ( 'NONE', #3162, 1000.000000000000000 ) ;
#3162 = DIRECTION ( 'NONE',  ( 0.0000000000000000000, 1.066774799560611900E-016, -1.000000000000000000 ) ) ;
#3163 = LINE ( 'NONE', #3164, #3165 ) ;
#3164 = CARTESIAN_POINT ( 'NONE',  ( 6.316946369814269600, 0.7588895890233700000, -4.255475192579324600 ) ) ;
#3165 = VECTOR ( 'NONE', #3166, 1000.000000000000000 ) ;
#3166 = DIRECTION ( 'NONE',  ( 0.9358779346557388700, 0.3403192489657229600, 0.09118826792913048400 ) ) ;
#3167 = LINE ( 'NONE', #3168, #3169 ) ;
#3168 = CARTESIAN_POINT ( 'NONE',  ( 9.910000000000000100, 0.4000000000000000200, 4.899999999999999500 ) ) ;
#3169 = VECTOR ( 'NONE', #3170, 1000.000000000000000 ) ;
#3170 = DIRECTION ( 'NONE',  ( 0.0000000000000000000, 0.0000000000000000000, -1.000000000000000000 ) ) ;
#3171 = LINE ( 'NONE', #3172, #3173 ) ;
#3172 = CARTESIAN_POINT ( 'NONE',  ( 5.879999999999999900, 1.879999999999999900, -3.955074563332020300 ) ) ;
#3173 = VECTOR ( 'NONE', #3174, 1000.000000000000000 ) ;
#3174 = DIRECTION ( 'NONE',  ( -1.000000000000000000, 0.0000000000000000000, 0.0000000000000000000 ) ) ;
#3175 = LINE ( 'NONE', #3176, #3177 ) ;
#3176 = CARTESIAN_POINT ( 'NONE',  ( 0.8000000000000000400, 1.879999999999999900, 3.100000000000000100 ) ) ;
#3177 = VECTOR ( 'NONE', #3179, 1000.000000000000000 ) ;
#3178 = ADVANCED_FACE ( 'NONE', ( #5012 ), #5029, .F. ) ;
#3179 = DIRECTION ( 'NONE',  ( -1.000000000000000000, 0.0000000000000000000, 0.0000000000000000000 ) ) ;
#3180 = LINE ( 'NONE', #3181, #3182 ) ;
#3181 = CARTESIAN_POINT ( 'NONE',  ( 0.8000000000000000400, 1.879999999999999900, -3.955074563332020300 ) ) ;
#3182 = VECTOR ( 'NONE', #3183, 999.9999999999998900 ) ;
#3183 = DIRECTION ( 'NONE',  ( 0.0000000000000000000, -0.9659258262890692000, -0.2588190451025176300 ) ) ;
#3184 = LINE ( 'NONE', #3185, #3186 ) ;
#3185 = CARTESIAN_POINT ( 'NONE',  ( 5.879999999999999900, 1.629999999999999900, -3.100000000000000100 ) ) ;
#3186 = VECTOR ( 'NONE', #3187, 1000.000000000000000 ) ;
#3187 = DIRECTION ( 'NONE',  ( -1.000000000000000000, 0.0000000000000000000, 0.0000000000000000000 ) ) ;
#3188 = CARTESIAN_POINT ( 'NONE',  ( 9.610000000000001200, 3.250000000000000000, 0.05000000000000000300 ) ) ;
#3189 = LINE ( 'NONE', #3190, #3191 ) ;
#3190 = CARTESIAN_POINT ( 'NONE',  ( 4.280000000000000200, 1.629999999999999900, -3.100000000000000100 ) ) ;
#3191 = VECTOR ( 'NONE', #3192, 1000.000000000000000 ) ;
#3192 = DIRECTION ( 'NONE',  ( 0.0000000000000000000, -3.269397408547745100E-016, 1.000000000000000000 ) ) ;
#3193 = LINE ( 'NONE', #3194, #3196 ) ;
#3194 = CARTESIAN_POINT ( 'NONE',  ( 5.879999999999999900, -1.084202172485503900E-016, -4.899999999999999500 ) ) ;
#3195 = VERTEX_POINT ( 'NONE', #5034 ) ;
#3196 = VECTOR ( 'NONE', #3197, 1000.000000000000000 ) ;
#3197 = DIRECTION ( 'NONE',  ( -1.000000000000000000, 0.0000000000000000000, 0.0000000000000000000 ) ) ;
#3198 = LINE ( 'NONE', #3199, #3200 ) ;
#3199 = CARTESIAN_POINT ( 'NONE',  ( 6.895000000000000500, 3.700000000000000200, 1.899999999999999900 ) ) ;
#3200 = VECTOR ( 'NONE', #3201, 1000.000000000000000 ) ;
#3201 = DIRECTION ( 'NONE',  ( 0.0000000000000000000, 0.0000000000000000000, 1.000000000000000000 ) ) ;
#3202 = LINE ( 'NONE', #3203, #3204 ) ;
#3203 = CARTESIAN_POINT ( 'NONE',  ( 7.784441643906519400, 0.2492939476703579800, -4.392020933146285200 ) ) ;
#3204 = VECTOR ( 'NONE', #3205, 1000.000000000000000 ) ;
#3205 = DIRECTION ( 'NONE',  ( 0.9358779346557388700, -0.3403192489657229600, -0.09118826792913038700 ) ) ;
#3206 = LINE ( 'NONE', #3207, #3208 ) ;
#3207 = CARTESIAN_POINT ( 'NONE',  ( 8.419999999999999900, 0.5999999999999999800, -3.100000000000000100 ) ) ;
#3208 = VECTOR ( 'NONE', #3209, 1000.000000000000000 ) ;
#3209 = DIRECTION ( 'NONE',  ( 0.0000000000000000000, 0.0000000000000000000, -1.000000000000000000 ) ) ;
#3210 = FACE_OUTER_BOUND ( 'NONE', #236, .T. ) ;
#3211 = PLANE ( 'NONE',  #3214 ) ;
#3212 = EDGE_CURVE ( 'NONE', #5639, #6288, #5035, .T. ) ;
#3213 = ORIENTED_EDGE ( 'NONE', *, *, #6374, .T. ) ;
#3214 = AXIS2_PLACEMENT_3D ( 'NONE', #3215, #3216, #3217 ) ;
#3215 = CARTESIAN_POINT ( 'NONE',  ( 10.95999999999999900, 1.629999999999999900, 3.763242816337275100 ) ) ;
#3216 = DIRECTION ( 'NONE',  ( 0.0000000000000000000, 0.2588190451025175800, 0.9659258262890692000 ) ) ;
#3217 = DIRECTION ( 'NONE',  ( 0.0000000000000000000, -0.9659258262890692000, 0.2588190451025175800 ) ) ;
#3218 = LINE ( 'NONE', #3219, #3220 ) ;
#3219 = CARTESIAN_POINT ( 'NONE',  ( -0.2500000000000000000, 1.879999999999999900, -3.955074563332020300 ) ) ;
#3220 = VECTOR ( 'NONE', #3221, 999.9999999999998900 ) ;
#3221 = DIRECTION ( 'NONE',  ( 0.0000000000000000000, -0.9659258262890692000, -0.2588190451025176300 ) ) ;
#3222 = LINE ( 'NONE', #3223, #3224 ) ;
#3223 = CARTESIAN_POINT ( 'NONE',  ( 0.8000000000000000400, 1.879999999999999900, -3.955074563332020300 ) ) ;
#3224 = VECTOR ( 'NONE', #3225, 1000.000000000000000 ) ;
#3225 = DIRECTION ( 'NONE',  ( -1.000000000000000000, 0.0000000000000000000, 0.0000000000000000000 ) ) ;
#3226 = CARTESIAN_POINT ( 'NONE',  ( 9.910000000000000100, 0.4000000000000000200, -4.351639368130075300 ) ) ;
#3227 = LINE ( 'NONE', #3228, #3229 ) ;
#3228 = CARTESIAN_POINT ( 'NONE',  ( 8.419999999999999900, 1.629999999999999900, -3.763242816337275100 ) ) ;
#3229 = VECTOR ( 'NONE', #3231, 1000.000000000000000 ) ;
#3230 = ADVANCED_FACE ( 'NONE', ( #5040 ), #5041, .F. ) ;
#3231 = DIRECTION ( 'NONE',  ( -1.000000000000000000, 0.0000000000000000000, 0.0000000000000000000 ) ) ;
#3232 = CARTESIAN_POINT ( 'NONE',  ( 2.790000000000000000, 0.2500000000000000000, -4.899999999999999500 ) ) ;
#3233 = CARTESIAN_POINT ( 'NONE',  ( 2.290000000000000000, 0.4000000000000000200, -4.092820323027554600 ) ) ;
#3234 = LINE ( 'NONE', #3235, #3236 ) ;
#3235 = CARTESIAN_POINT ( 'NONE',  ( -0.5500000000000000400, 3.600000000000000100, -0.9499999999999999600 ) ) ;
#3236 = VECTOR ( 'NONE', #3237, 1000.000000000000000 ) ;
#3237 = DIRECTION ( 'NONE',  ( -1.000000000000000000, 0.0000000000000000000, 0.0000000000000000000 ) ) ;
#3238 = CARTESIAN_POINT ( 'NONE',  ( 2.290000000000000000, -1.696505349396695000E-016, -4.200000000000000200 ) ) ;
#3239 = LINE ( 'NONE', #3240, #3241 ) ;
#3240 = CARTESIAN_POINT ( 'NONE',  ( 1.236946369814270200, 0.7588895890233710000, 4.255475192579324600 ) ) ;
#3241 = VECTOR ( 'NONE', #3242, 1000.000000000000000 ) ;
#3242 = DIRECTION ( 'NONE',  ( -0.9358779346557388700, -0.3403192489657229600, 0.09118826792913038700 ) ) ;
#3243 = LINE ( 'NONE', #3244, #3245 ) ;
#3244 = CARTESIAN_POINT ( 'NONE',  ( 3.340000000000000300, 1.879999999999999900, 3.100000000000000100 ) ) ;
#3245 = VECTOR ( 'NONE', #3246, 1000.000000000000000 ) ;
#3246 = DIRECTION ( 'NONE',  ( 0.0000000000000000000, 0.0000000000000000000, 1.000000000000000000 ) ) ;
#3247 = EDGE_CURVE ( 'NONE', #1078, #5849, #5050, .T. ) ;
#3248 = EDGE_LOOP ( 'NONE', ( #5599, #5646, #5492, #398 ) ) ;
#3249 = LINE ( 'NONE', #3250, #3251 ) ;
#3250 = CARTESIAN_POINT ( 'NONE',  ( 10.95999999999999900, 0.2500000000000000000, -4.391831746994745000 ) ) ;
#3251 = VECTOR ( 'NONE', #3252, 1000.000000000000000 ) ;
#3252 = DIRECTION ( 'NONE',  ( -1.000000000000000000, 0.0000000000000000000, 0.0000000000000000000 ) ) ;
#3253 = LINE ( 'NONE', #3254, #3255 ) ;
#3254 = CARTESIAN_POINT ( 'NONE',  ( 10.95999999999999900, 1.879999999999999900, -3.955074563332020300 ) ) ;
#3255 = VECTOR ( 'NONE', #3256, 1000.000000000000000 ) ;
#3256 = DIRECTION ( 'NONE',  ( -1.000000000000000000, 0.0000000000000000000, 0.0000000000000000000 ) ) ;
#3257 = FACE_OUTER_BOUND ( 'NONE', #4566, .T. ) ;
#3258 = COLOUR_RGB ( '',0.0000000000000000000, 0.0000000000000000000, 0.0000000000000000000 ) ;
#3259 = FILL_AREA_STYLE_COLOUR ( '', #3258 ) ;
#3260 = FILL_AREA_STYLE ('',( #3259 ) ) ;
#3261 = SURFACE_STYLE_FILL_AREA ( #3260 ) ;
#3262 = SURFACE_SIDE_STYLE ('',( #3261 ) ) ;
#3263 = SURFACE_STYLE_USAGE ( .BOTH. , #3262 ) ;
#3264 = PRESENTATION_STYLE_ASSIGNMENT (( #3263 ) ) ;
#3265 = ORIENTED_EDGE ( 'NONE', *, *, #157, .T. ) ;
#3266 = STYLED_ITEM ( 'NONE', ( #3264 ), #4321 ) ;
#3267 = PRESENTATION_LAYER_ASSIGNMENT (  '', '', ( #3266 ) ) ;
#3268 = MECHANICAL_DESIGN_GEOMETRIC_PRESENTATION_REPRESENTATION (  '', ( #3266 ), #3273 ) ;
#3269 =( LENGTH_UNIT ( ) NAMED_UNIT ( * ) SI_UNIT ( .MILLI., .METRE. ) );
#3270 =( NAMED_UNIT ( * ) PLANE_ANGLE_UNIT ( ) SI_UNIT ( $, .RADIAN. ) );
#3271 =( NAMED_UNIT ( * ) SI_UNIT ( $, .STERADIAN. ) SOLID_ANGLE_UNIT ( ) );
#3272 = UNCERTAINTY_MEASURE_WITH_UNIT (LENGTH_MEASURE( 1.000000000000000100E-005 ), #3269, 'distance_accuracy_value', 'NONE');
#3273 =( GEOMETRIC_REPRESENTATION_CONTEXT ( 3 ) GLOBAL_UNCERTAINTY_ASSIGNED_CONTEXT ( ( #3272 ) ) GLOBAL_UNIT_ASSIGNED_CONTEXT ( ( #3269, #3270, #3271 ) ) REPRESENTATION_CONTEXT ( 'NONE', 'WORKASPACE' ) );
#3274 = PLANE ( 'NONE',  #3275 ) ;
#3275 = AXIS2_PLACEMENT_3D ( 'NONE', #3276, #3277, #3278 ) ;
#3276 = CARTESIAN_POINT ( 'NONE',  ( 4.355000000000000400, 1.800000000000000000, -7.567158857816719700E-016 ) ) ;
#3277 = DIRECTION ( 'NONE',  ( 1.000000000000000000, 0.0000000000000000000, 0.0000000000000000000 ) ) ;
#3278 = DIRECTION ( 'NONE',  ( 0.0000000000000000000, 0.0000000000000000000, -1.000000000000000000 ) ) ;
#3279 = CARTESIAN_POINT ( 'NONE',  ( 2.290000000000000000, 0.4000000000000000200, -4.351639368130075300 ) ) ;
#3280 = LINE ( 'NONE', #3281, #3284 ) ;
#3281 = CARTESIAN_POINT ( 'NONE',  ( 7.070000000000000300, 3.600000000000000100, -0.9499999999999999600 ) ) ;
#3282 = ORIENTED_EDGE ( 'NONE', *, *, #749, .F. ) ;
#3283 = ORIENTED_EDGE ( 'NONE', *, *, #5691, .F. ) ;
#3284 = VECTOR ( 'NONE', #3285, 1000.000000000000000 ) ;
#3285 = DIRECTION ( 'NONE',  ( 0.0000000000000000000, 0.0000000000000000000, 1.000000000000000000 ) ) ;
#3286 = LINE ( 'NONE', #3287, #3288 ) ;
#3287 = CARTESIAN_POINT ( 'NONE',  ( 9.359999999999999400, 0.5999999999999999800, 3.100000000000000100 ) ) ;
#3288 = VECTOR ( 'NONE', #3289, 1000.000000000000000 ) ;
#3289 = DIRECTION ( 'NONE',  ( 0.0000000000000000000, 0.0000000000000000000, 1.000000000000000000 ) ) ;
#3290 = LINE ( 'NONE', #3291, #3292 ) ;
#3291 = CARTESIAN_POINT ( 'NONE',  ( 6.316946369814269600, 0.7588895890233710000, 4.255475192579324600 ) ) ;
#3292 = VECTOR ( 'NONE', #3293, 1000.000000000000000 ) ;
#3293 = DIRECTION ( 'NONE',  ( -0.9358779346557388700, -0.3403192489657229600, 0.09118826792913038700 ) ) ;
#3294 = LINE ( 'NONE', #3295, #3296 ) ;
#3295 = CARTESIAN_POINT ( 'NONE',  ( 2.790000000000000000, 0.2500000000000000000, 4.391831746994739700 ) ) ;
#3296 = VECTOR ( 'NONE', #3297, 1000.000000000000000 ) ;
#3297 = DIRECTION ( 'NONE',  ( -2.891498888091015800E-032, 1.066774799560611900E-016, 1.000000000000000000 ) ) ;
#3298 = FACE_OUTER_BOUND ( 'NONE', #6282, .T. ) ;
#3299 = COLOUR_RGB ( '',0.0000000000000000000, 0.0000000000000000000, 0.0000000000000000000 ) ;
#3300 = ORIENTED_EDGE ( 'NONE', *, *, #4511, .F. ) ;
#3301 = FILL_AREA_STYLE_COLOUR ( '', #3299 ) ;
#3302 = FILL_AREA_STYLE ('',( #3301 ) ) ;
#3303 = SURFACE_STYLE_FILL_AREA ( #3302 ) ;
#3304 = SURFACE_SIDE_STYLE ('',( #3303 ) ) ;
#3305 = SURFACE_STYLE_USAGE ( .BOTH. , #3304 ) ;
#3306 = PRESENTATION_STYLE_ASSIGNMENT (( #3305 ) ) ;
#3307 = STYLED_ITEM ( 'NONE', ( #3306 ), #6233 ) ;
#3308 = PRESENTATION_LAYER_ASSIGNMENT (  '', '', ( #3307 ) ) ;
#3309 = MECHANICAL_DESIGN_GEOMETRIC_PRESENTATION_REPRESENTATION (  '', ( #3307 ), #3314 ) ;
#3310 =( LENGTH_UNIT ( ) NAMED_UNIT ( * ) SI_UNIT ( .MILLI., .METRE. ) );
#3311 =( NAMED_UNIT ( * ) PLANE_ANGLE_UNIT ( ) SI_UNIT ( $, .RADIAN. ) );
#3312 =( NAMED_UNIT ( * ) SI_UNIT ( $, .STERADIAN. ) SOLID_ANGLE_UNIT ( ) );
#3313 = UNCERTAINTY_MEASURE_WITH_UNIT (LENGTH_MEASURE( 1.000000000000000100E-005 ), #3310, 'distance_accuracy_value', 'NONE');
#3314 =( GEOMETRIC_REPRESENTATION_CONTEXT ( 3 ) GLOBAL_UNCERTAINTY_ASSIGNED_CONTEXT ( ( #3313 ) ) GLOBAL_UNIT_ASSIGNED_CONTEXT ( ( #3310, #3311, #3312 ) ) REPRESENTATION_CONTEXT ( 'NONE', 'WORKASPACE' ) );
#3315 = PLANE ( 'NONE',  #3316 ) ;
#3316 = AXIS2_PLACEMENT_3D ( 'NONE', #3320, #3321, #3322 ) ;
#3317 = EDGE_LOOP ( 'NONE', ( #6454, #5549, #79, #701 ) ) ;
#3318 = ORIENTED_EDGE ( 'NONE', *, *, #5447, .T. ) ;
#3319 = ORIENTED_EDGE ( 'NONE', *, *, #3577, .F. ) ;
#3320 = CARTESIAN_POINT ( 'NONE',  ( 1.814999999999999900, 3.700000000000000200, -1.899999999999999900 ) ) ;
#3321 = DIRECTION ( 'NONE',  ( 0.0000000000000000000, -0.7071067811865475700, -0.7071067811865475700 ) ) ;
#3322 = DIRECTION ( 'NONE',  ( 0.0000000000000000000, 0.7071067811865475700, -0.7071067811865475700 ) ) ;
#3323 = LINE ( 'NONE', #3324, #3325 ) ;
#3324 = CARTESIAN_POINT ( 'NONE',  ( 10.95999999999999900, 1.629999999999999900, -3.100000000000000100 ) ) ;
#3325 = VECTOR ( 'NONE', #3326, 1000.000000000000000 ) ;
#3326 = DIRECTION ( 'NONE',  ( 0.0000000000000000000, -3.269397408547745100E-016, 1.000000000000000000 ) ) ;
#3327 = LINE ( 'NONE', #3328, #3329 ) ;
#3328 = CARTESIAN_POINT ( 'NONE',  ( 3.265000000000000100, 3.700000000000000200, -1.899999999999999900 ) ) ;
#3329 = VECTOR ( 'NONE', #3330, 1000.000000000000100 ) ;
#3330 = DIRECTION ( 'NONE',  ( 0.0000000000000000000, 0.7071067811865474600, -0.7071067811865474600 ) ) ;
#3331 = LINE ( 'NONE', #3332, #3333 ) ;
#3332 = CARTESIAN_POINT ( 'NONE',  ( 4.355000000000000400, 3.700000000000000200, 1.899999999999999900 ) ) ;
#3333 = VECTOR ( 'NONE', #3334, 1000.000000000000000 ) ;
#3334 = DIRECTION ( 'NONE',  ( 1.000000000000000000, 0.0000000000000000000, 0.0000000000000000000 ) ) ;
#3335 = CARTESIAN_POINT ( 'NONE',  ( 2.290000000000000000, -1.696505349396695000E-016, -4.899999999999999500 ) ) ;
#3336 = LINE ( 'NONE', #3337, #3338 ) ;
#3337 = CARTESIAN_POINT ( 'NONE',  ( 3.340000000000000300, 1.629999999999999900, -3.100000000000000100 ) ) ;
#3338 = VECTOR ( 'NONE', #3339, 1000.000000000000000 ) ;
#3339 = DIRECTION ( 'NONE',  ( -1.000000000000000000, 0.0000000000000000000, 0.0000000000000000000 ) ) ;
#3340 = LINE ( 'NONE', #3341, #3342 ) ;
#3341 = CARTESIAN_POINT ( 'NONE',  ( 7.370000000000000100, 1.629999999999999900, 3.763242816337275100 ) ) ;
#3342 = VECTOR ( 'NONE', #3343, 999.9999999999998900 ) ;
#3343 = DIRECTION ( 'NONE',  ( 0.0000000000000000000, -0.9659258262890692000, 0.2588190451025176300 ) ) ;
#3344 = LINE ( 'NONE', #3345, #3346 ) ;
#3345 = CARTESIAN_POINT ( 'NONE',  ( -0.8000000000000000400, 1.879999999999999900, -3.100000000000000100 ) ) ;
#3346 = VECTOR ( 'NONE', #3347, 1000.000000000000000 ) ;
#3347 = DIRECTION ( 'NONE',  ( 0.0000000000000000000, 1.000000000000000000, 0.0000000000000000000 ) ) ;
#3348 = CARTESIAN_POINT ( 'NONE',  ( 0.8000000000000000400, 0.5999999999999999800, -4.298049529643849500 ) ) ;
#3349 = FACE_OUTER_BOUND ( 'NONE', #256, .T. ) ;
#3350 = PLANE ( 'NONE',  #3351 ) ;
#3351 = AXIS2_PLACEMENT_3D ( 'NONE', #3353, #3354, #3355 ) ;
#3352 = ORIENTED_EDGE ( 'NONE', *, *, #6428, .T. ) ;
#3353 = CARTESIAN_POINT ( 'NONE',  ( 9.359999999999999400, 0.5999999999999999800, -4.899999999999999500 ) ) ;
#3354 = DIRECTION ( 'NONE',  ( 0.3417430630867041000, 0.9397934234884372000, 0.0000000000000000000 ) ) ;
#3355 = DIRECTION ( 'NONE',  ( -0.9397934234884372000, 0.3417430630867041000, 0.0000000000000000000 ) ) ;
#3356 = LINE ( 'NONE', #3357, #3358 ) ;
#3357 = CARTESIAN_POINT ( 'NONE',  ( 3.340000000000000300, -1.224606353822382200E-017, -4.200000000000000200 ) ) ;
#3358 = VECTOR ( 'NONE', #3359, 1000.000000000000000 ) ;
#3359 = DIRECTION ( 'NONE',  ( -1.000000000000000000, 0.0000000000000000000, 0.0000000000000000000 ) ) ;
#3360 = CARTESIAN_POINT ( 'NONE',  ( 8.419999999999999900, 1.879999999999999900, 3.100000000000000100 ) ) ;
#3361 = CARTESIAN_POINT ( 'NONE',  ( 8.419999999999999900, 1.629999999999999900, -3.763242816337275100 ) ) ;
#3362 = CARTESIAN_POINT ( 'NONE',  ( 5.879999999999999900, 1.879999999999999900, -3.955074563332020300 ) ) ;
#3363 = CARTESIAN_POINT ( 'NONE',  ( 5.330000000000000100, -1.084202172485503900E-016, -4.899999999999999500 ) ) ;
#3364 = LINE ( 'NONE', #3365, #3366 ) ;
#3365 = CARTESIAN_POINT ( 'NONE',  ( 5.879999999999999900, 1.879999999999999900, 3.955074563332020300 ) ) ;
#3366 = VECTOR ( 'NONE', #3367, 999.9999999999998900 ) ;
#3367 = DIRECTION ( 'NONE',  ( 0.0000000000000000000, -0.9659258262890692000, 0.2588190451025176300 ) ) ;
#3368 = LINE ( 'NONE', #3370, #3371 ) ;
#3369 = VERTEX_POINT ( 'NONE', #5086 ) ;
#3370 = CARTESIAN_POINT ( 'NONE',  ( 9.910000000000000100, 1.629999999999999900, -3.763242816337275100 ) ) ;
#3371 = VECTOR ( 'NONE', #3372, 999.9999999999998900 ) ;
#3372 = DIRECTION ( 'NONE',  ( 0.0000000000000000000, 0.9659258262890692000, 0.2588190451025176300 ) ) ;
#3373 = FACE_OUTER_BOUND ( 'NONE', #6008, .T. ) ;
#3374 = PLANE ( 'NONE',  #3375 ) ;
#3375 = AXIS2_PLACEMENT_3D ( 'NONE', #3376, #3377, #3378 ) ;
#3376 = CARTESIAN_POINT ( 'NONE',  ( -0.8000000000000000400, 0.5999999999999999800, 4.899999999999999500 ) ) ;
#3377 = DIRECTION ( 'NONE',  ( -0.3417430630867041000, -0.9397934234884372000, 0.0000000000000000000 ) ) ;
#3378 = DIRECTION ( 'NONE',  ( 0.9397934234884372000, -0.3417430630867041000, 0.0000000000000000000 ) ) ;
#3379 = LINE ( 'NONE', #3380, #3381 ) ;
#3380 = CARTESIAN_POINT ( 'NONE',  ( 4.530000000000000200, 3.600000000000000100, 0.04999999999999939900 ) ) ;
#3381 = VECTOR ( 'NONE', #3382, 1000.000000000000000 ) ;
#3382 = DIRECTION ( 'NONE',  ( 1.000000000000000000, 0.0000000000000000000, 0.0000000000000000000 ) ) ;
#3383 = LINE ( 'NONE', #3384, #3385 ) ;
#3384 = CARTESIAN_POINT ( 'NONE',  ( -0.7249999999999999800, 3.700000000000000200, -1.899999999999999900 ) ) ;
#3385 = VECTOR ( 'NONE', #3387, 1000.000000000000100 ) ;
#3386 = VERTEX_POINT ( 'NONE', #5117 ) ;
#3387 = DIRECTION ( 'NONE',  ( 0.0000000000000000000, 0.7071067811865474600, -0.7071067811865474600 ) ) ;
#3388 = CARTESIAN_POINT ( 'NONE',  ( 1.740000000000000000, 0.5999999999999999800, -4.039230484541330500 ) ) ;
#3389 = CARTESIAN_POINT ( 'NONE',  ( 5.879999999999999900, 0.5999999999999999800, 4.298049529643849500 ) ) ;
#3390 = FACE_OUTER_BOUND ( 'NONE', #438, .T. ) ;
#3391 = COLOUR_RGB ( '',1.000000000000000000, 1.000000000000000000, 1.000000000000000000 ) ;
#3392 = FILL_AREA_STYLE_COLOUR ( '', #3391 ) ;
#3393 = FILL_AREA_STYLE ('',( #3392 ) ) ;
#3394 = SURFACE_STYLE_FILL_AREA ( #3393 ) ;
#3395 = SURFACE_SIDE_STYLE ('',( #3394 ) ) ;
#3396 = SURFACE_STYLE_USAGE ( .BOTH. , #3395 ) ;
#3397 = PRESENTATION_STYLE_ASSIGNMENT (( #3396 ) ) ;
#3398 = STYLED_ITEM ( 'NONE', ( #3397 ), #6261 ) ;
#3399 = PRESENTATION_LAYER_ASSIGNMENT (  '', '', ( #3398 ) ) ;
#3400 = MECHANICAL_DESIGN_GEOMETRIC_PRESENTATION_REPRESENTATION (  '', ( #3398 ), #3406 ) ;
#3401 =( LENGTH_UNIT ( ) NAMED_UNIT ( * ) SI_UNIT ( .MILLI., .METRE. ) );
#3402 =( NAMED_UNIT ( * ) PLANE_ANGLE_UNIT ( ) SI_UNIT ( $, .RADIAN. ) );
#3403 = EDGE_LOOP ( 'NONE', ( #3825, #6042, #5948, #5973 ) ) ;
#3404 =( NAMED_UNIT ( * ) SI_UNIT ( $, .STERADIAN. ) SOLID_ANGLE_UNIT ( ) );
#3405 = UNCERTAINTY_MEASURE_WITH_UNIT (LENGTH_MEASURE( 1.000000000000000100E-005 ), #3401, 'distance_accuracy_value', 'NONE');
#3406 =( GEOMETRIC_REPRESENTATION_CONTEXT ( 3 ) GLOBAL_UNCERTAINTY_ASSIGNED_CONTEXT ( ( #3405 ) ) GLOBAL_UNIT_ASSIGNED_CONTEXT ( ( #3401, #3402, #3404 ) ) REPRESENTATION_CONTEXT ( 'NONE', 'WORKASPACE' ) );
#3407 = PLANE ( 'NONE',  #3408 ) ;
#3408 = AXIS2_PLACEMENT_3D ( 'NONE', #3409, #3410, #3411 ) ;
#3409 = CARTESIAN_POINT ( 'NONE',  ( 9.610000000000001200, 5.186606874731849900, -0.9499999999999999600 ) ) ;
#3410 = DIRECTION ( 'NONE',  ( 0.0000000000000000000, 0.0000000000000000000, 1.000000000000000000 ) ) ;
#3411 = DIRECTION ( 'NONE',  ( 1.000000000000000000, 0.0000000000000000000, 0.0000000000000000000 ) ) ;
#3412 = CARTESIAN_POINT ( 'NONE',  ( 7.070000000000000300, 3.250000000000000000, -0.9499999999999999600 ) ) ;
#3413 = CARTESIAN_POINT ( 'NONE',  ( 10.41000000000000000, 0.2500000000000000000, 4.391831746994739700 ) ) ;
#3414 = FACE_OUTER_BOUND ( 'NONE', #6301, .T. ) ;
#3415 = COLOUR_RGB ( '',0.0000000000000000000, 0.0000000000000000000, 0.0000000000000000000 ) ;
#3416 = FILL_AREA_STYLE_COLOUR ( '', #3415 ) ;
#3417 = FILL_AREA_STYLE ('',( #3416 ) ) ;
#3418 = SURFACE_STYLE_FILL_AREA ( #3417 ) ;
#3419 = SURFACE_SIDE_STYLE ('',( #3418 ) ) ;
#3420 = ADVANCED_FACE ( 'NONE', ( #5122 ), #5123, .T. ) ;
#3421 = SURFACE_STYLE_USAGE ( .BOTH. , #3419 ) ;
#3422 = PRESENTATION_STYLE_ASSIGNMENT (( #3421 ) ) ;
#3423 = STYLED_ITEM ( 'NONE', ( #3422 ), #6263 ) ;
#3424 = PRESENTATION_LAYER_ASSIGNMENT (  '', '', ( #3423 ) ) ;
#3425 = MECHANICAL_DESIGN_GEOMETRIC_PRESENTATION_REPRESENTATION (  '', ( #3423 ), #3430 ) ;
#3426 =( LENGTH_UNIT ( ) NAMED_UNIT ( * ) SI_UNIT ( .MILLI., .METRE. ) );
#3427 =( NAMED_UNIT ( * ) PLANE_ANGLE_UNIT ( ) SI_UNIT ( $, .RADIAN. ) );
#3428 =( NAMED_UNIT ( * ) SI_UNIT ( $, .STERADIAN. ) SOLID_ANGLE_UNIT ( ) );
#3429 = UNCERTAINTY_MEASURE_WITH_UNIT (LENGTH_MEASURE( 1.000000000000000100E-005 ), #3426, 'distance_accuracy_value', 'NONE');
#3430 =( GEOMETRIC_REPRESENTATION_CONTEXT ( 3 ) GLOBAL_UNCERTAINTY_ASSIGNED_CONTEXT ( ( #3429 ) ) GLOBAL_UNIT_ASSIGNED_CONTEXT ( ( #3426, #3427, #3428 ) ) REPRESENTATION_CONTEXT ( 'NONE', 'WORKASPACE' ) );
#3431 = PLANE ( 'NONE',  #3432 ) ;
#3432 = AXIS2_PLACEMENT_3D ( 'NONE', #3433, #3434, #3435 ) ;
#3433 = CARTESIAN_POINT ( 'NONE',  ( 5.805000000000000600, 1.800000000000000000, -7.567158857816719700E-016 ) ) ;
#3434 = DIRECTION ( 'NONE',  ( 1.000000000000000000, 0.0000000000000000000, 0.0000000000000000000 ) ) ;
#3435 = DIRECTION ( 'NONE',  ( 0.0000000000000000000, 0.0000000000000000000, -1.000000000000000000 ) ) ;
#3436 = LINE ( 'NONE', #3437, #3438 ) ;
#3437 = CARTESIAN_POINT ( 'NONE',  ( -0.5500000000000000400, 3.600000000000000100, -0.9499999999999999600 ) ) ;
#3438 = VECTOR ( 'NONE', #3439, 1000.000000000000000 ) ;
#3439 = DIRECTION ( 'NONE',  ( 0.0000000000000000000, 0.0000000000000000000, 1.000000000000000000 ) ) ;
#3440 = FACE_OUTER_BOUND ( 'NONE', #5723, .T. ) ;
#3441 = PLANE ( 'NONE',  #3442 ) ;
#3442 = AXIS2_PLACEMENT_3D ( 'NONE', #3443, #3444, #3445 ) ;
#3443 = CARTESIAN_POINT ( 'NONE',  ( 5.879999999999999900, 1.879999999999999900, -3.100000000000000100 ) ) ;
#3444 = DIRECTION ( 'NONE',  ( 0.0000000000000000000, 1.000000000000000000, 0.0000000000000000000 ) ) ;
#3445 = DIRECTION ( 'NONE',  ( 0.0000000000000000000, 0.0000000000000000000, 1.000000000000000000 ) ) ;
#3446 = CARTESIAN_POINT ( 'NONE',  ( 2.790000000000000000, 0.2500000000000000000, 4.899999999999999500 ) ) ;
#3447 = LINE ( 'NONE', #3448, #3449 ) ;
#3448 = CARTESIAN_POINT ( 'NONE',  ( 8.419999999999999900, -1.084202172485503900E-016, 4.899999999999999500 ) ) ;
#3449 = VECTOR ( 'NONE', #3450, 1000.000000000000000 ) ;
#3450 = DIRECTION ( 'NONE',  ( -1.000000000000000000, 0.0000000000000000000, 0.0000000000000000000 ) ) ;
#3451 = CARTESIAN_POINT ( 'NONE',  ( 10.95999999999999900, 1.879999999999999900, -3.100000000000000100 ) ) ;
#3452 = CARTESIAN_POINT ( 'NONE',  ( 0.8000000000000000400, 0.5999999999999999800, 4.298049529643849500 ) ) ;
#3453 = EDGE_LOOP ( 'NONE', ( #6111, #158, #651, #5630, #3790, #5473, #6129, #6227 ) ) ;
#3454 = LINE ( 'NONE', #3455, #3456 ) ;
#3455 = CARTESIAN_POINT ( 'NONE',  ( 8.419999999999999900, 0.2500000000000000000, 4.899999999999999500 ) ) ;
#3456 = VECTOR ( 'NONE', #3457, 1000.000000000000000 ) ;
#3457 = DIRECTION ( 'NONE',  ( -1.000000000000000000, 0.0000000000000000000, 0.0000000000000000000 ) ) ;
#3458 = FACE_OUTER_BOUND ( 'NONE', #6324, .T. ) ;
#3459 = COLOUR_RGB ( '',0.0000000000000000000, 0.0000000000000000000, 0.0000000000000000000 ) ;
#3460 = FILL_AREA_STYLE_COLOUR ( '', #3459 ) ;
#3461 = FILL_AREA_STYLE ('',( #3460 ) ) ;
#3462 = SURFACE_STYLE_FILL_AREA ( #3461 ) ;
#3463 = SURFACE_SIDE_STYLE ('',( #3462 ) ) ;
#3464 = SURFACE_STYLE_USAGE ( .BOTH. , #3463 ) ;
#3465 = PRESENTATION_STYLE_ASSIGNMENT (( #3464 ) ) ;
#3466 = STYLED_ITEM ( 'NONE', ( #3465 ), #6270 ) ;
#3467 = PRESENTATION_LAYER_ASSIGNMENT (  '', '', ( #3466 ) ) ;
#3468 = MECHANICAL_DESIGN_GEOMETRIC_PRESENTATION_REPRESENTATION (  '', ( #3466 ), #3478 ) ;
#3469 =( LENGTH_UNIT ( ) NAMED_UNIT ( * ) SI_UNIT ( .MILLI., .METRE. ) );
#3470 = ORIENTED_EDGE ( 'NONE', *, *, #3576, .F. ) ;
#3471 = EDGE_LOOP ( 'NONE', ( #531, #448, #3950, #4372 ) ) ;
#3472 = ORIENTED_EDGE ( 'NONE', *, *, #3559, .T. ) ;
#3473 = ORIENTED_EDGE ( 'NONE', *, *, #5091, .F. ) ;
#3474 = ORIENTED_EDGE ( 'NONE', *, *, #5917, .F. ) ;
#3475 =( NAMED_UNIT ( * ) PLANE_ANGLE_UNIT ( ) SI_UNIT ( $, .RADIAN. ) );
#3476 =( NAMED_UNIT ( * ) SI_UNIT ( $, .STERADIAN. ) SOLID_ANGLE_UNIT ( ) );
#3477 = UNCERTAINTY_MEASURE_WITH_UNIT (LENGTH_MEASURE( 1.000000000000000100E-005 ), #3469, 'distance_accuracy_value', 'NONE');
#3478 =( GEOMETRIC_REPRESENTATION_CONTEXT ( 3 ) GLOBAL_UNCERTAINTY_ASSIGNED_CONTEXT ( ( #3477 ) ) GLOBAL_UNIT_ASSIGNED_CONTEXT ( ( #3469, #3475, #3476 ) ) REPRESENTATION_CONTEXT ( 'NONE', 'WORKASPACE' ) );
#3479 = PLANE ( 'NONE',  #3480 ) ;
#3480 = AXIS2_PLACEMENT_3D ( 'NONE', #3481, #3482, #3483 ) ;
#3481 = CARTESIAN_POINT ( 'NONE',  ( 10.88500000000000000, 1.800000000000000000, -1.079750902569141800E-015 ) ) ;
#3482 = DIRECTION ( 'NONE',  ( 1.000000000000000000, 0.0000000000000000000, 0.0000000000000000000 ) ) ;
#3483 = DIRECTION ( 'NONE',  ( 0.0000000000000000000, 0.0000000000000000000, -1.000000000000000000 ) ) ;
#3484 = LINE ( 'NONE', #3485, #3486 ) ;
#3485 = CARTESIAN_POINT ( 'NONE',  ( 1.814999999999999900, 3.700000000000000200, 1.899999999999999900 ) ) ;
#3486 = VECTOR ( 'NONE', #3487, 1000.000000000000000 ) ;
#3487 = DIRECTION ( 'NONE',  ( 0.0000000000000000000, 0.0000000000000000000, 1.000000000000000000 ) ) ;
#3488 = LINE ( 'NONE', #3489, #3490 ) ;
#3489 = CARTESIAN_POINT ( 'NONE',  ( 9.610000000000001200, 3.250000000000000000, -0.9499999999999999600 ) ) ;
#3490 = VECTOR ( 'NONE', #3493, 1000.000000000000000 ) ;
#3491 = ORIENTED_EDGE ( 'NONE', *, *, #5597, .F. ) ;
#3492 = EDGE_CURVE ( 'NONE', #183, #3631, #5134, .T. ) ;
#3493 = DIRECTION ( 'NONE',  ( 0.0000000000000000000, 0.0000000000000000000, 1.000000000000000000 ) ) ;
#3494 = FACE_OUTER_BOUND ( 'NONE', #6135, .T. ) ;
#3495 = PLANE ( 'NONE',  #3496 ) ;
#3496 = AXIS2_PLACEMENT_3D ( 'NONE', #3497, #3498, #3499 ) ;
#3497 = CARTESIAN_POINT ( 'NONE',  ( 5.879999999999999900, 1.879999999999999900, 3.955074563332020300 ) ) ;
#3498 = DIRECTION ( 'NONE',  ( 0.0000000000000000000, -0.2588190451025175800, -0.9659258262890692000 ) ) ;
#3499 = DIRECTION ( 'NONE',  ( 0.0000000000000000000, 0.9659258262890692000, -0.2588190451025175800 ) ) ;
#3500 = LINE ( 'NONE', #3501, #3502 ) ;
#3501 = CARTESIAN_POINT ( 'NONE',  ( 0.8000000000000000400, -1.224606353822382200E-017, 4.200000000000000200 ) ) ;
#3502 = VECTOR ( 'NONE', #3503, 1000.000000000000000 ) ;
#3503 = DIRECTION ( 'NONE',  ( -1.000000000000000000, 0.0000000000000000000, 0.0000000000000000000 ) ) ;
#3504 = CARTESIAN_POINT ( 'NONE',  ( 10.88500000000000000, 3.700000000000000200, -1.899999999999999900 ) ) ;
#3505 = CARTESIAN_POINT ( 'NONE',  ( 10.41000000000000000, 0.2500000000000000000, -4.391831746994745000 ) ) ;
#3506 = LINE ( 'NONE', #3507, #3508 ) ;
#3507 = CARTESIAN_POINT ( 'NONE',  ( 4.355000000000000400, 3.700000000000000200, 1.899999999999999900 ) ) ;
#3508 = VECTOR ( 'NONE', #3509, 1000.000000000000000 ) ;
#3509 = DIRECTION ( 'NONE',  ( 0.0000000000000000000, 0.0000000000000000000, 1.000000000000000000 ) ) ;
#3510 = LINE ( 'NONE', #3511, #3512 ) ;
#3511 = CARTESIAN_POINT ( 'NONE',  ( 4.280000000000000200, 1.629999999999999900, 3.763242816337275100 ) ) ;
#3512 = VECTOR ( 'NONE', #3513, 999.9999999999998900 ) ;
#3513 = DIRECTION ( 'NONE',  ( 0.0000000000000000000, 0.9659258262890692000, -0.2588190451025176300 ) ) ;
#3514 = LINE ( 'NONE', #3515, #3516 ) ;
#3515 = CARTESIAN_POINT ( 'NONE',  ( 4.830000000000000100, 0.4000000000000000200, 4.899999999999999500 ) ) ;
#3516 = VECTOR ( 'NONE', #3517, 1000.000000000000000 ) ;
#3517 = DIRECTION ( 'NONE',  ( 0.0000000000000000000, 1.000000000000000000, 0.0000000000000000000 ) ) ;
#3518 = CARTESIAN_POINT ( 'NONE',  ( 5.330000000000000100, 0.4000000000000000200, -4.351639368130075300 ) ) ;
#3519 = LINE ( 'NONE', #3520, #3521 ) ;
#3520 = CARTESIAN_POINT ( 'NONE',  ( 8.856946369814268700, 0.7588895890233710000, -4.255475192579324600 ) ) ;
#3521 = VECTOR ( 'NONE', #3522, 1000.000000000000000 ) ;
#3522 = DIRECTION ( 'NONE',  ( 0.9358779346557388700, 0.3403192489657229600, 0.09118826792913038700 ) ) ;
#3523 = LINE ( 'NONE', #3524, #3525 ) ;
#3524 = CARTESIAN_POINT ( 'NONE',  ( 8.169999999999999900, 5.186606874731849900, -0.9499999999999999600 ) ) ;
#3525 = VECTOR ( 'NONE', #3526, 1000.000000000000000 ) ;
#3526 = DIRECTION ( 'NONE',  ( 0.0000000000000000000, -1.000000000000000000, 0.0000000000000000000 ) ) ;
#3527 = CARTESIAN_POINT ( 'NONE',  ( 7.070000000000000300, 3.600000000000000100, -0.9499999999999999600 ) ) ;
#3528 = CARTESIAN_POINT ( 'NONE',  ( 9.359999999999999400, 1.629999999999999900, -3.100000000000000100 ) ) ;
#3529 = LINE ( 'NONE', #3530, #3531 ) ;
#3530 = CARTESIAN_POINT ( 'NONE',  ( 10.41000000000000000, 0.2500000000000000000, 4.391831746994739700 ) ) ;
#3531 = VECTOR ( 'NONE', #3532, 1000.000000000000000 ) ;
#3532 = DIRECTION ( 'NONE',  ( -2.891498888091015800E-032, 1.066774799560611900E-016, 1.000000000000000000 ) ) ;
#3533 = LINE ( 'NONE', #3534, #3535 ) ;
#3534 = CARTESIAN_POINT ( 'NONE',  ( 6.895000000000000500, 3.250000000000000000, -1.450000000000000000 ) ) ;
#3535 = VECTOR ( 'NONE', #3536, 1000.000000000000000 ) ;
#3536 = DIRECTION ( 'NONE',  ( 1.000000000000000000, 0.0000000000000000000, 0.0000000000000000000 ) ) ;
#3537 = CARTESIAN_POINT ( 'NONE',  ( 9.610000000000001200, 3.600000000000000100, -0.9499999999999999600 ) ) ;
#3538 = CARTESIAN_POINT ( 'NONE',  ( 10.88500000000000000, 3.700000000000000200, 1.899999999999999900 ) ) ;
#3539 = CARTESIAN_POINT ( 'NONE',  ( 2.790000000000000000, -1.084202172485503900E-016, -4.200000000000000200 ) ) ;
#3540 = FACE_OUTER_BOUND ( 'NONE', #6273, .T. ) ;
#3541 = EDGE_CURVE ( 'NONE', #5501, #271, #5145, .T. ) ;
#3542 = ORIENTED_EDGE ( 'NONE', *, *, #475, .T. ) ;
#3543 = PLANE ( 'NONE',  #3544 ) ;
#3544 = AXIS2_PLACEMENT_3D ( 'NONE', #3545, #3546, #3547 ) ;
#3545 = CARTESIAN_POINT ( 'NONE',  ( 0.8000000000000000400, 0.2500000000000000000, 4.391831746994739700 ) ) ;
#3546 = DIRECTION ( 'NONE',  ( 0.0000000000000000000, -1.000000000000000000, 1.066774799560611900E-016 ) ) ;
#3547 = DIRECTION ( 'NONE',  ( 0.0000000000000000000, -1.066774799560611900E-016, -1.000000000000000000 ) ) ;
#3548 = LINE ( 'NONE', #3549, #3550 ) ;
#3549 = CARTESIAN_POINT ( 'NONE',  ( 2.790000000000000000, 0.4000000000000000200, -4.899999999999999500 ) ) ;
#3550 = VECTOR ( 'NONE', #3551, 1000.000000000000000 ) ;
#3551 = DIRECTION ( 'NONE',  ( 0.0000000000000000000, 0.0000000000000000000, 1.000000000000000000 ) ) ;
#3552 = CARTESIAN_POINT ( 'NONE',  ( 4.355000000000000400, 3.700000000000000200, -1.899999999999999900 ) ) ;
#3553 = CARTESIAN_POINT ( 'NONE',  ( 9.910000000000000100, -1.696505349396695000E-016, -4.200000000000000200 ) ) ;
#3554 = LINE ( 'NONE', #3555, #3556 ) ;
#3555 = CARTESIAN_POINT ( 'NONE',  ( 6.819999999999999400, 0.5999999999999999800, 3.100000000000000100 ) ) ;
#3556 = VECTOR ( 'NONE', #3557, 1000.000000000000000 ) ;
#3557 = DIRECTION ( 'NONE',  ( 0.0000000000000000000, 0.0000000000000000000, 1.000000000000000000 ) ) ;
#3558 = LINE ( 'NONE', #3560, #3561 ) ;
#3559 = EDGE_CURVE ( 'NONE', #534, #3630, #5154, .T. ) ;
#3560 = CARTESIAN_POINT ( 'NONE',  ( -1.740000000000000000, 0.6999999999999999600, -3.100000000000000100 ) ) ;
#3561 = VECTOR ( 'NONE', #3562, 1000.000000000000000 ) ;
#3562 = DIRECTION ( 'NONE',  ( -1.000000000000000000, 0.0000000000000000000, 0.0000000000000000000 ) ) ;
#3563 = CARTESIAN_POINT ( 'NONE',  ( 0.2500000000000000000, -1.084202172485503900E-016, 4.200000000000000200 ) ) ;
#3564 = CARTESIAN_POINT ( 'NONE',  ( 4.830000000000000100, -1.696505349396695000E-016, 4.899999999999999500 ) ) ;
#3565 = LINE ( 'NONE', #3566, #3567 ) ;
#3566 = CARTESIAN_POINT ( 'NONE',  ( 3.089999999999999900, 5.186606874731849900, -0.9499999999999999600 ) ) ;
#3567 = VECTOR ( 'NONE', #3568, 1000.000000000000000 ) ;
#3568 = DIRECTION ( 'NONE',  ( 0.0000000000000000000, -1.000000000000000000, 0.0000000000000000000 ) ) ;
#3569 = LINE ( 'NONE', #3570, #3571 ) ;
#3570 = CARTESIAN_POINT ( 'NONE',  ( 9.359999999999999400, 1.879999999999999900, -3.100000000000000100 ) ) ;
#3571 = VECTOR ( 'NONE', #3572, 1000.000000000000000 ) ;
#3572 = DIRECTION ( 'NONE',  ( 0.0000000000000000000, 1.000000000000000000, 0.0000000000000000000 ) ) ;
#3573 = LINE ( 'NONE', #3574, #3575 ) ;
#3574 = CARTESIAN_POINT ( 'NONE',  ( 8.419999999999999900, 1.629999999999999900, 3.100000000000000100 ) ) ;
#3575 = VECTOR ( 'NONE', #3578, 1000.000000000000000 ) ;
#3576 = EDGE_CURVE ( 'NONE', #637, #5393, #5158, .T. ) ;
#3577 = EDGE_CURVE ( 'NONE', #1307, #2704, #5169, .T. ) ;
#3578 = DIRECTION ( 'NONE',  ( -1.000000000000000000, 0.0000000000000000000, 0.0000000000000000000 ) ) ;
#3579 = LINE ( 'NONE', #3580, #3581 ) ;
#3580 = CARTESIAN_POINT ( 'NONE',  ( 0.8000000000000000400, 1.629999999999999900, -3.100000000000000100 ) ) ;
#3581 = VECTOR ( 'NONE', #3582, 1000.000000000000000 ) ;
#3582 = DIRECTION ( 'NONE',  ( 0.0000000000000000000, -3.269397408547745100E-016, 1.000000000000000000 ) ) ;
#3583 = LINE ( 'NONE', #3584, #3585 ) ;
#3584 = CARTESIAN_POINT ( 'NONE',  ( 3.340000000000000300, 1.879999999999999900, -3.100000000000000100 ) ) ;
#3585 = VECTOR ( 'NONE', #3586, 1000.000000000000000 ) ;
#3586 = DIRECTION ( 'NONE',  ( 0.0000000000000000000, 0.0000000000000000000, -1.000000000000000000 ) ) ;
#3587 = CARTESIAN_POINT ( 'NONE',  ( 4.280000000000000200, 1.629999999999999900, 3.763242816337275100 ) ) ;
#3588 = LINE ( 'NONE', #3589, #3590 ) ;
#3589 = CARTESIAN_POINT ( 'NONE',  ( 5.629999999999999900, 3.250000000000000000, -0.9499999999999999600 ) ) ;
#3590 = VECTOR ( 'NONE', #3591, 1000.000000000000000 ) ;
#3591 = DIRECTION ( 'NONE',  ( 0.0000000000000000000, 0.0000000000000000000, -1.000000000000000000 ) ) ;
#3592 = FACE_OUTER_BOUND ( 'NONE', #496, .T. ) ;
#3593 = PLANE ( 'NONE',  #3595 ) ;
#3594 = ORIENTED_EDGE ( 'NONE', *, *, #5983, .T. ) ;
#3595 = AXIS2_PLACEMENT_3D ( 'NONE', #3596, #3597, #3598 ) ;
#3596 = CARTESIAN_POINT ( 'NONE',  ( 3.340000000000000300, 1.879999999999999900, 3.100000000000000100 ) ) ;
#3597 = DIRECTION ( 'NONE',  ( 0.0000000000000000000, -1.000000000000000000, 0.0000000000000000000 ) ) ;
#3598 = DIRECTION ( 'NONE',  ( 0.0000000000000000000, 0.0000000000000000000, -1.000000000000000000 ) ) ;
#3599 = LINE ( 'NONE', #3600, #3601 ) ;
#3600 = CARTESIAN_POINT ( 'NONE',  ( 7.070000000000000300, 5.186606874731849900, 0.04999999999999939900 ) ) ;
#3601 = VECTOR ( 'NONE', #3602, 1000.000000000000000 ) ;
#3602 = DIRECTION ( 'NONE',  ( 0.0000000000000000000, -1.000000000000000000, 0.0000000000000000000 ) ) ;
#3603 = FACE_OUTER_BOUND ( 'NONE', #5510, .T. ) ;
#3604 = PLANE ( 'NONE',  #3605 ) ;
#3605 = AXIS2_PLACEMENT_3D ( 'NONE', #3606, #3607, #3608 ) ;
#3606 = CARTESIAN_POINT ( 'NONE',  ( 3.340000000000000300, 0.2500000000000000000, 4.899999999999999500 ) ) ;
#3607 = DIRECTION ( 'NONE',  ( 0.0000000000000000000, 0.0000000000000000000, -1.000000000000000000 ) ) ;
#3608 = DIRECTION ( 'NONE',  ( -1.000000000000000000, 0.0000000000000000000, 0.0000000000000000000 ) ) ;
#3609 = FACE_OUTER_BOUND ( 'NONE', #6478, .T. ) ;
#3610 = PLANE ( 'NONE',  #3612 ) ;
#3611 = ORIENTED_EDGE ( 'NONE', *, *, #5826, .T. ) ;
#3612 = AXIS2_PLACEMENT_3D ( 'NONE', #3613, #3614, #3615 ) ;
#3613 = CARTESIAN_POINT ( 'NONE',  ( 0.8000000000000000400, 0.5999999999999999800, -4.899999999999999500 ) ) ;
#3614 = DIRECTION ( 'NONE',  ( -0.3417430630867041000, 0.9397934234884372000, 0.0000000000000000000 ) ) ;
#3615 = DIRECTION ( 'NONE',  ( -0.9397934234884372000, -0.3417430630867041000, 0.0000000000000000000 ) ) ;
#3616 = FACE_OUTER_BOUND ( 'NONE', #87, .T. ) ;
#3617 = PLANE ( 'NONE',  #3618 ) ;
#3618 = AXIS2_PLACEMENT_3D ( 'NONE', #3619, #3620, #3621 ) ;
#3619 = CARTESIAN_POINT ( 'NONE',  ( 10.95999999999999900, 0.5999999999999999800, -4.899999999999999500 ) ) ;
#3620 = DIRECTION ( 'NONE',  ( -0.3417430630867041000, 0.9397934234884372000, 0.0000000000000000000 ) ) ;
#3621 = DIRECTION ( 'NONE',  ( -0.9397934234884372000, -0.3417430630867041000, 0.0000000000000000000 ) ) ;
#3622 = LINE ( 'NONE', #3623, #3624 ) ;
#3623 = CARTESIAN_POINT ( 'NONE',  ( 5.330000000000000100, 1.879999999999999900, 3.955074563332020300 ) ) ;
#3624 = VECTOR ( 'NONE', #3625, 999.9999999999998900 ) ;
#3625 = DIRECTION ( 'NONE',  ( 2.618147198306160800E-016, -0.9659258262890692000, 0.2588190451025176300 ) ) ;
#3626 = LINE ( 'NONE', #3627, #3632 ) ;
#3627 = CARTESIAN_POINT ( 'NONE',  ( 3.340000000000000300, 1.879999999999999900, -3.955074563332020300 ) ) ;
#3628 = CLOSED_SHELL ( 'NONE', ( #6261, #168, #123, #373, #5997, #5512, #6270, #6380, #4132, #5686, #5591, #5475, #6035, #532, #5764, #5842, #6233, #6096, #5702, #355, #6063, #111, #4321, #334, #374, #5721, #268, #6027, #447, #5854, #6263, #5470, #229, #5608, #4218, #5890, #5703, #5761, #518, #4880, #207, #703, #257, #5765, #5685, #480, #5521, #482, #249, #5524, #414, #530, #458, #739, #561, #556, #484, #5767, #526, #6443, #646, #512, #353, #5766, #180, #478, #195, #5489, #5570, #5901, #626, #5813, #4183, #6494, #25, #73, #2233, #6339, #1768, #6164, #6438, #3230, #5487, #6173, #6253, #316, #4512, #5667, #5502, #213, #666, #6340, #223, #710, #722, #489, #510, #2442, #265, #357, #3178, #5786, #1834, #477, #4115, #1801, #4950, #6068, #6112, #6195, #6314, #6040, #2844, #96, #63, #6460, #6300, #394, #31, #6191, #106, #7, #1395, #372, #5466, #392, #5859, #461, #6244, #5716, #705, #4670, #5728, #709, #450, #227, #376, #6099, #659, #280, #5829, #196, #5675, #340, #6479, #6310, #3420, #516, #525, #487, #432, #6319, #52, #5787, #5446, #1185, #465, #5693, #753, #5725, #585, #550, #5644, #3894, #6298, #163, #134, #1631, #386, #385, #5752, #205, #5734, #5488, #407, #6170, #5839, #580, #5682, #5494, #5688, #6362, #247, #6029, #5636, #6471 ) ) ;
#3629 = EDGE_CURVE ( 'NONE', #3844, #597, #5200, .T. ) ;
#3630 = VERTEX_POINT ( 'NONE', #5204 ) ;
#3631 = VERTEX_POINT ( 'NONE', #5211 ) ;
#3632 = VECTOR ( 'NONE', #3633, 999.9999999999998900 ) ;
#3633 = DIRECTION ( 'NONE',  ( 0.0000000000000000000, -0.9659258262890692000, -0.2588190451025176300 ) ) ;
#3634 = LINE ( 'NONE', #3635, #3636 ) ;
#3635 = CARTESIAN_POINT ( 'NONE',  ( 11.39694636981426100, 0.7588895890233710000, 4.255475192579324600 ) ) ;
#3636 = VECTOR ( 'NONE', #3637, 1000.000000000000000 ) ;
#3637 = DIRECTION ( 'NONE',  ( -0.9358779346557388700, -0.3403192489657229600, 0.09118826792913038700 ) ) ;
#3638 = FACE_OUTER_BOUND ( 'NONE', #5534, .T. ) ;
#3639 = PLANE ( 'NONE',  #3640 ) ;
#3640 = AXIS2_PLACEMENT_3D ( 'NONE', #3641, #3642, #3643 ) ;
#3641 = CARTESIAN_POINT ( 'NONE',  ( 0.2500000000000000000, 0.4000000000000000200, -4.899999999999999500 ) ) ;
#3642 = DIRECTION ( 'NONE',  ( -1.000000000000000000, -2.710505431213760100E-016, 0.0000000000000000000 ) ) ;
#3643 = DIRECTION ( 'NONE',  ( 2.710505431213760100E-016, -1.000000000000000000, 0.0000000000000000000 ) ) ;
#3644 = FACE_OUTER_BOUND ( 'NONE', #5864, .T. ) ;
#3645 = COLOUR_RGB ( '',0.0000000000000000000, 0.0000000000000000000, 0.0000000000000000000 ) ;
#3646 = FILL_AREA_STYLE_COLOUR ( '', #3645 ) ;
#3647 = FILL_AREA_STYLE ('',( #3646 ) ) ;
#3648 = EDGE_CURVE ( 'NONE', #382, #6159, #5214, .T. ) ;
#3649 = SURFACE_STYLE_FILL_AREA ( #3647 ) ;
#3650 = SURFACE_SIDE_STYLE ('',( #3649 ) ) ;
#3651 = SURFACE_STYLE_USAGE ( .BOTH. , #3650 ) ;
#3652 = PRESENTATION_STYLE_ASSIGNMENT (( #3651 ) ) ;
#3653 = STYLED_ITEM ( 'NONE', ( #3652 ), #5842 ) ;
#3654 = PRESENTATION_LAYER_ASSIGNMENT (  '', '', ( #3653 ) ) ;
#3655 = MECHANICAL_DESIGN_GEOMETRIC_PRESENTATION_REPRESENTATION (  '', ( #3653 ), #3660 ) ;
#3656 =( LENGTH_UNIT ( ) NAMED_UNIT ( * ) SI_UNIT ( .MILLI., .METRE. ) );
#3657 =( NAMED_UNIT ( * ) PLANE_ANGLE_UNIT ( ) SI_UNIT ( $, .RADIAN. ) );
#3658 =( NAMED_UNIT ( * ) SI_UNIT ( $, .STERADIAN. ) SOLID_ANGLE_UNIT ( ) );
#3659 = UNCERTAINTY_MEASURE_WITH_UNIT (LENGTH_MEASURE( 1.000000000000000100E-005 ), #3656, 'distance_accuracy_value', 'NONE');
#3660 =( GEOMETRIC_REPRESENTATION_CONTEXT ( 3 ) GLOBAL_UNCERTAINTY_ASSIGNED_CONTEXT ( ( #3659 ) ) GLOBAL_UNIT_ASSIGNED_CONTEXT ( ( #3656, #3657, #3658 ) ) REPRESENTATION_CONTEXT ( 'NONE', 'WORKASPACE' ) );
#3661 = PLANE ( 'NONE',  #3662 ) ;
#3662 = AXIS2_PLACEMENT_3D ( 'NONE', #3663, #3664, #3666 ) ;
#3663 = CARTESIAN_POINT ( 'NONE',  ( -0.7249999999999999800, 3.700000000000000200, 1.899999999999999900 ) ) ;
#3664 = DIRECTION ( 'NONE',  ( 0.0000000000000000000, -0.7071067811865475700, 0.7071067811865475700 ) ) ;
#3665 = EDGE_CURVE ( 'NONE', #3386, #188, #5218, .T. ) ;
#3666 = DIRECTION ( 'NONE',  ( 0.0000000000000000000, -0.7071067811865475700, -0.7071067811865475700 ) ) ;
#3667 = FACE_OUTER_BOUND ( 'NONE', #246, .T. ) ;
#3668 = PLANE ( 'NONE',  #3669 ) ;
#3669 = AXIS2_PLACEMENT_3D ( 'NONE', #3670, #3671, #3672 ) ;
#3670 = CARTESIAN_POINT ( 'NONE',  ( 5.879999999999999900, 1.629999999999999900, -3.763242816337275100 ) ) ;
#3671 = DIRECTION ( 'NONE',  ( 0.0000000000000000000, -0.2588190451025175800, 0.9659258262890692000 ) ) ;
#3672 = DIRECTION ( 'NONE',  ( 0.0000000000000000000, -0.9659258262890692000, -0.2588190451025175800 ) ) ;
#3673 = FACE_OUTER_BOUND ( 'NONE', #732, .T. ) ;
#3674 = PLANE ( 'NONE',  #3675 ) ;
#3675 = AXIS2_PLACEMENT_3D ( 'NONE', #3676, #3677, #3678 ) ;
#3676 = CARTESIAN_POINT ( 'NONE',  ( 2.290000000000000000, 0.4000000000000000200, 4.899999999999999500 ) ) ;
#3677 = DIRECTION ( 'NONE',  ( -1.000000000000000000, 0.0000000000000000000, 0.0000000000000000000 ) ) ;
#3678 = DIRECTION ( 'NONE',  ( 0.0000000000000000000, 0.0000000000000000000, 1.000000000000000000 ) ) ;
#3679 = LINE ( 'NONE', #3680, #3681 ) ;
#3680 = CARTESIAN_POINT ( 'NONE',  ( 0.7249999999999999800, 3.700000000000000200, 1.899999999999999900 ) ) ;
#3681 = VECTOR ( 'NONE', #3683, 1000.000000000000100 ) ;
#3682 = ORIENTED_EDGE ( 'NONE', *, *, #3754, .F. ) ;
#3683 = DIRECTION ( 'NONE',  ( 0.0000000000000000000, -0.7071067811865474600, -0.7071067811865474600 ) ) ;
#3684 = FACE_OUTER_BOUND ( 'NONE', #1130, .T. ) ;
#3685 = PLANE ( 'NONE',  #3686 ) ;
#3686 = AXIS2_PLACEMENT_3D ( 'NONE', #3687, #3688, #3689 ) ;
#3687 = CARTESIAN_POINT ( 'NONE',  ( 8.419999999999999900, 1.879999999999999900, 3.955074563332015000 ) ) ;
#3688 = DIRECTION ( 'NONE',  ( 0.0000000000000000000, -0.2588190451025175800, -0.9659258262890692000 ) ) ;
#3689 = DIRECTION ( 'NONE',  ( 0.0000000000000000000, 0.9659258262890692000, -0.2588190451025175800 ) ) ;
#3690 = LINE ( 'NONE', #3691, #3692 ) ;
#3691 = CARTESIAN_POINT ( 'NONE',  ( 4.830000000000000100, -1.696505349396695000E-016, 4.899999999999999500 ) ) ;
#3692 = VECTOR ( 'NONE', #3693, 1000.000000000000000 ) ;
#3693 = DIRECTION ( 'NONE',  ( 0.0000000000000000000, 0.0000000000000000000, -1.000000000000000000 ) ) ;
#3694 = CARTESIAN_POINT ( 'NONE',  ( 7.070000000000000300, 3.600000000000000100, 0.04999999999999939900 ) ) ;
#3695 = LINE ( 'NONE', #3696, #3697 ) ;
#3696 = CARTESIAN_POINT ( 'NONE',  ( 10.41000000000000000, 0.4000000000000000200, -4.899999999999999500 ) ) ;
#3697 = VECTOR ( 'NONE', #3698, 1000.000000000000000 ) ;
#3698 = DIRECTION ( 'NONE',  ( 0.0000000000000000000, 0.0000000000000000000, 1.000000000000000000 ) ) ;
#3699 = ORIENTED_EDGE ( 'NONE', *, *, #4968, .F. ) ;
#3700 = ORIENTED_EDGE ( 'NONE', *, *, #176, .F. ) ;
#3701 = EDGE_LOOP ( 'NONE', ( #5670, #5692, #5662, #6328, #3771, #4166 ) ) ;
#3702 = CARTESIAN_POINT ( 'NONE',  ( 7.870000000000000100, 0.4000000000000000200, -4.351639368130075300 ) ) ;
#3703 = LINE ( 'NONE', #3704, #3705 ) ;
#3704 = CARTESIAN_POINT ( 'NONE',  ( 0.8000000000000000400, 0.5999999999999999800, -3.100000000000000100 ) ) ;
#3705 = VECTOR ( 'NONE', #3706, 1000.000000000000000 ) ;
#3706 = DIRECTION ( 'NONE',  ( 0.0000000000000000000, 0.0000000000000000000, -1.000000000000000000 ) ) ;
#3707 = LINE ( 'NONE', #3708, #3709 ) ;
#3708 = CARTESIAN_POINT ( 'NONE',  ( 10.95999999999999900, 1.879999999999999900, 3.100000000000000100 ) ) ;
#3709 = VECTOR ( 'NONE', #3710, 1000.000000000000000 ) ;
#3710 = DIRECTION ( 'NONE',  ( 0.0000000000000000000, 1.000000000000000000, 0.0000000000000000000 ) ) ;
#3711 = FACE_OUTER_BOUND ( 'NONE', #6385, .T. ) ;
#3712 = PLANE ( 'NONE',  #3713 ) ;
#3713 = AXIS2_PLACEMENT_3D ( 'NONE', #3714, #3715, #3716 ) ;
#3714 = CARTESIAN_POINT ( 'NONE',  ( 10.41000000000000000, 0.4000000000000000200, 4.899999999999999500 ) ) ;
#3715 = DIRECTION ( 'NONE',  ( 1.000000000000000000, 2.710505431213760100E-016, 0.0000000000000000000 ) ) ;
#3716 = DIRECTION ( 'NONE',  ( -2.710505431213760100E-016, 1.000000000000000000, 0.0000000000000000000 ) ) ;
#3717 = CARTESIAN_POINT ( 'NONE',  ( -0.2500000000000000000, -1.696505349396695000E-016, 4.899999999999999500 ) ) ;
#3718 = ORIENTED_EDGE ( 'NONE', *, *, #2478, .T. ) ;
#3719 = CARTESIAN_POINT ( 'NONE',  ( 10.95999999999999900, 0.5999999999999999800, 4.298049529643849500 ) ) ;
#3720 = LINE ( 'NONE', #3721, #3722 ) ;
#3721 = CARTESIAN_POINT ( 'NONE',  ( 3.776946369814270000, 0.7588895890233710000, 4.255475192579324600 ) ) ;
#3722 = VECTOR ( 'NONE', #3723, 1000.000000000000000 ) ;
#3723 = DIRECTION ( 'NONE',  ( -0.9358779346557388700, -0.3403192489657229600, 0.09118826792913038700 ) ) ;
#3724 = CARTESIAN_POINT ( 'NONE',  ( 9.610000000000001200, 3.600000000000000100, 0.04999999999999939900 ) ) ;
#3725 = FACE_OUTER_BOUND ( 'NONE', #3403, .T. ) ;
#3726 = COLOUR_RGB ( '',1.000000000000000000, 1.000000000000000000, 1.000000000000000000 ) ;
#3727 = FILL_AREA_STYLE_COLOUR ( '', #3726 ) ;
#3728 = FILL_AREA_STYLE ('',( #3727 ) ) ;
#3729 = SURFACE_STYLE_FILL_AREA ( #3728 ) ;
#3730 = SURFACE_SIDE_STYLE ('',( #3729 ) ) ;
#3731 = SURFACE_STYLE_USAGE ( .BOTH. , #3730 ) ;
#3732 = PRESENTATION_STYLE_ASSIGNMENT (( #3731 ) ) ;
#3733 = STYLED_ITEM ( 'NONE', ( #3732 ), #6314 ) ;
#3734 = PRESENTATION_LAYER_ASSIGNMENT (  '', '', ( #3733 ) ) ;
#3735 = EDGE_LOOP ( 'NONE', ( #3319, #2615, #2863, #759 ) ) ;
#3736 = MECHANICAL_DESIGN_GEOMETRIC_PRESENTATION_REPRESENTATION (  '', ( #3733 ), #3741 ) ;
#3737 =( LENGTH_UNIT ( ) NAMED_UNIT ( * ) SI_UNIT ( .MILLI., .METRE. ) );
#3738 =( NAMED_UNIT ( * ) PLANE_ANGLE_UNIT ( ) SI_UNIT ( $, .RADIAN. ) );
#3739 =( NAMED_UNIT ( * ) SI_UNIT ( $, .STERADIAN. ) SOLID_ANGLE_UNIT ( ) );
#3740 = UNCERTAINTY_MEASURE_WITH_UNIT (LENGTH_MEASURE( 1.000000000000000100E-005 ), #3737, 'distance_accuracy_value', 'NONE');
#3741 =( GEOMETRIC_REPRESENTATION_CONTEXT ( 3 ) GLOBAL_UNCERTAINTY_ASSIGNED_CONTEXT ( ( #3740 ) ) GLOBAL_UNIT_ASSIGNED_CONTEXT ( ( #3737, #3738, #3739 ) ) REPRESENTATION_CONTEXT ( 'NONE', 'WORKASPACE' ) );
#3742 = PLANE ( 'NONE',  #3743 ) ;
#3743 = AXIS2_PLACEMENT_3D ( 'NONE', #3744, #3745, #3746 ) ;
#3744 = CARTESIAN_POINT ( 'NONE',  ( 7.070000000000000300, 5.186606874731849900, -0.9499999999999999600 ) ) ;
#3745 = DIRECTION ( 'NONE',  ( 0.0000000000000000000, 0.0000000000000000000, 1.000000000000000000 ) ) ;
#3746 = DIRECTION ( 'NONE',  ( 1.000000000000000000, 0.0000000000000000000, 0.0000000000000000000 ) ) ;
#3747 = CARTESIAN_POINT ( 'NONE',  ( -0.8000000000000000400, 0.5999999999999999800, 4.039230484541330500 ) ) ;
#3748 = CARTESIAN_POINT ( 'NONE',  ( 5.629999999999999900, 3.250000000000000000, 0.05000000000000000300 ) ) ;
#3749 = LINE ( 'NONE', #3750, #3751 ) ;
#3750 = CARTESIAN_POINT ( 'NONE',  ( 0.8000000000000000400, 1.629999999999999900, 3.100000000000000100 ) ) ;
#3751 = VECTOR ( 'NONE', #3755, 1000.000000000000000 ) ;
#3752 = EDGE_LOOP ( 'NONE', ( #5922, #5637, #501, #5554 ) ) ;
#3753 = ORIENTED_EDGE ( 'NONE', *, *, #5555, .T. ) ;
#3754 = EDGE_CURVE ( 'NONE', #621, #4805, #5258, .T. ) ;
#3755 = DIRECTION ( 'NONE',  ( 0.0000000000000000000, -3.269397408547745100E-016, -1.000000000000000000 ) ) ;
#3756 = LINE ( 'NONE', #3757, #3758 ) ;
#3757 = CARTESIAN_POINT ( 'NONE',  ( 8.419999999999999900, 0.2500000000000000000, 4.391831746994739700 ) ) ;
#3758 = VECTOR ( 'NONE', #3759, 1000.000000000000000 ) ;
#3759 = DIRECTION ( 'NONE',  ( -1.000000000000000000, 0.0000000000000000000, 0.0000000000000000000 ) ) ;
#3760 = LINE ( 'NONE', #3761, #3762 ) ;
#3761 = CARTESIAN_POINT ( 'NONE',  ( 8.345000000000000600, 3.700000000000000200, -1.899999999999999900 ) ) ;
#3762 = VECTOR ( 'NONE', #3763, 1000.000000000000100 ) ;
#3763 = DIRECTION ( 'NONE',  ( 0.0000000000000000000, 0.7071067811865474600, -0.7071067811865474600 ) ) ;
#3764 = FACE_OUTER_BOUND ( 'NONE', #6405, .T. ) ;
#3765 = PLANE ( 'NONE',  #3766 ) ;
#3766 = AXIS2_PLACEMENT_3D ( 'NONE', #3767, #3768, #3769 ) ;
#3767 = CARTESIAN_POINT ( 'NONE',  ( 7.870000000000000100, 0.4000000000000000200, 4.899999999999999500 ) ) ;
#3768 = DIRECTION ( 'NONE',  ( 1.000000000000000000, 2.710505431213760100E-016, 0.0000000000000000000 ) ) ;
#3769 = DIRECTION ( 'NONE',  ( -2.710505431213760100E-016, 1.000000000000000000, 0.0000000000000000000 ) ) ;
#3770 = LINE ( 'NONE', #3772, #3773 ) ;
#3771 = ORIENTED_EDGE ( 'NONE', *, *, #367, .T. ) ;
#3772 = CARTESIAN_POINT ( 'NONE',  ( 2.290000000000000000, -1.696505349396695000E-016, -4.899999999999999500 ) ) ;
#3773 = VECTOR ( 'NONE', #3774, 1000.000000000000000 ) ;
#3774 = DIRECTION ( 'NONE',  ( 0.0000000000000000000, 0.0000000000000000000, 1.000000000000000000 ) ) ;
#3775 = FACE_OUTER_BOUND ( 'NONE', #242, .T. ) ;
#3776 = PLANE ( 'NONE',  #3777 ) ;
#3777 = AXIS2_PLACEMENT_3D ( 'NONE', #3778, #3779, #3780 ) ;
#3778 = CARTESIAN_POINT ( 'NONE',  ( 6.819999999999999400, 0.5999999999999999800, 4.899999999999999500 ) ) ;
#3779 = DIRECTION ( 'NONE',  ( -0.3417430630867041000, -0.9397934234884372000, 0.0000000000000000000 ) ) ;
#3780 = DIRECTION ( 'NONE',  ( 0.9397934234884372000, -0.3417430630867041000, 0.0000000000000000000 ) ) ;
#3781 = CARTESIAN_POINT ( 'NONE',  ( 5.330000000000000100, 0.2500000000000000000, 4.899999999999999500 ) ) ;
#3782 = LINE ( 'NONE', #3783, #3784 ) ;
#3783 = CARTESIAN_POINT ( 'NONE',  ( 0.5500000000000000400, 5.186606874731849900, -0.9499999999999999600 ) ) ;
#3784 = VECTOR ( 'NONE', #3785, 1000.000000000000000 ) ;
#3785 = DIRECTION ( 'NONE',  ( 0.0000000000000000000, -1.000000000000000000, 0.0000000000000000000 ) ) ;
#3786 = CARTESIAN_POINT ( 'NONE',  ( 4.530000000000000200, 3.250000000000000000, 0.05000000000000000300 ) ) ;
#3787 = CARTESIAN_POINT ( 'NONE',  ( 7.870000000000000100, -1.084202172485503900E-016, 4.200000000000000200 ) ) ;
#3788 = ORIENTED_EDGE ( 'NONE', *, *, #278, .T. ) ;
#3789 = EDGE_CURVE ( 'NONE', #327, #3932, #5272, .T. ) ;
#3790 = ORIENTED_EDGE ( 'NONE', *, *, #5464, .F. ) ;
#3791 = LINE ( 'NONE', #3792, #3793 ) ;
#3792 = CARTESIAN_POINT ( 'NONE',  ( 9.359999999999999400, 1.879999999999999900, 3.100000000000000100 ) ) ;
#3793 = VECTOR ( 'NONE', #3794, 1000.000000000000000 ) ;
#3794 = DIRECTION ( 'NONE',  ( 0.0000000000000000000, 0.0000000000000000000, 1.000000000000000000 ) ) ;
#3795 = LINE ( 'NONE', #3796, #3797 ) ;
#3796 = CARTESIAN_POINT ( 'NONE',  ( 0.7249999999999999800, 3.700000000000000200, 1.899999999999999900 ) ) ;
#3797 = VECTOR ( 'NONE', #3798, 1000.000000000000000 ) ;
#3798 = DIRECTION ( 'NONE',  ( 0.0000000000000000000, 0.0000000000000000000, 1.000000000000000000 ) ) ;
#3799 = LINE ( 'NONE', #3800, #3801 ) ;
#3800 = CARTESIAN_POINT ( 'NONE',  ( 7.370000000000000100, 0.4000000000000000200, -4.899999999999999500 ) ) ;
#3801 = VECTOR ( 'NONE', #3802, 1000.000000000000000 ) ;
#3802 = DIRECTION ( 'NONE',  ( 0.0000000000000000000, 0.0000000000000000000, 1.000000000000000000 ) ) ;
#3803 = CARTESIAN_POINT ( 'NONE',  ( 5.879999999999999900, 0.5999999999999999800, -4.039230484541330500 ) ) ;
#3804 = CARTESIAN_POINT ( 'NONE',  ( 3.340000000000000300, 0.5999999999999999800, -4.298049529643849500 ) ) ;
#3805 = LINE ( 'NONE', #3806, #3809 ) ;
#3806 = CARTESIAN_POINT ( 'NONE',  ( 7.870000000000000100, 1.629999999999999900, -3.763242816337275100 ) ) ;
#3807 = ORIENTED_EDGE ( 'NONE', *, *, #3648, .T. ) ;
#3808 = ORIENTED_EDGE ( 'NONE', *, *, #5869, .T. ) ;
#3809 = VECTOR ( 'NONE', #3810, 999.9999999999998900 ) ;
#3810 = DIRECTION ( 'NONE',  ( 2.618147198306160800E-016, -0.9659258262890692000, -0.2588190451025176300 ) ) ;
#3811 = LINE ( 'NONE', #3812, #3813 ) ;
#3812 = CARTESIAN_POINT ( 'NONE',  ( -1.740000000000000000, 3.700000000000000200, -3.100000000000000100 ) ) ;
#3813 = VECTOR ( 'NONE', #3814, 1000.000000000000000 ) ;
#3814 = DIRECTION ( 'NONE',  ( 0.0000000000000000000, 0.0000000000000000000, 1.000000000000000000 ) ) ;
#3815 = CARTESIAN_POINT ( 'NONE',  ( 1.740000000000000000, 1.629999999999999900, -3.763242816337275100 ) ) ;
#3816 = LINE ( 'NONE', #3817, #3818 ) ;
#3817 = CARTESIAN_POINT ( 'NONE',  ( 0.8000000000000000400, 1.629999999999999900, -3.100000000000000100 ) ) ;
#3818 = VECTOR ( 'NONE', #3819, 1000.000000000000000 ) ;
#3819 = DIRECTION ( 'NONE',  ( -1.000000000000000000, 0.0000000000000000000, 0.0000000000000000000 ) ) ;
#3820 = LINE ( 'NONE', #3821, #3822 ) ;
#3821 = CARTESIAN_POINT ( 'NONE',  ( 8.419999999999999900, -1.084202172485503900E-016, -4.899999999999999500 ) ) ;
#3822 = VECTOR ( 'NONE', #3823, 1000.000000000000000 ) ;
#3823 = DIRECTION ( 'NONE',  ( -1.000000000000000000, 0.0000000000000000000, 0.0000000000000000000 ) ) ;
#3824 = CARTESIAN_POINT ( 'NONE',  ( 4.830000000000000100, -1.696505349396695000E-016, 4.200000000000000200 ) ) ;
#3825 = ORIENTED_EDGE ( 'NONE', *, *, #3969, .F. ) ;
#3826 = ORIENTED_EDGE ( 'NONE', *, *, #4687, .F. ) ;
#3827 = ORIENTED_EDGE ( 'NONE', *, *, #6407, .T. ) ;
#3828 = CARTESIAN_POINT ( 'NONE',  ( 3.340000000000000300, 1.629999999999999900, -3.763242816337275100 ) ) ;
#3829 = LINE ( 'NONE', #3830, #3831 ) ;
#3830 = CARTESIAN_POINT ( 'NONE',  ( 5.879999999999999900, 0.2500000000000000000, -4.899999999999999500 ) ) ;
#3831 = VECTOR ( 'NONE', #3832, 1000.000000000000000 ) ;
#3832 = DIRECTION ( 'NONE',  ( -1.000000000000000000, 0.0000000000000000000, 0.0000000000000000000 ) ) ;
#3833 = LINE ( 'NONE', #3834, #3835 ) ;
#3834 = CARTESIAN_POINT ( 'NONE',  ( 11.31160528195992000, 0.7278564661672440900, -4.004971447684720700 ) ) ;
#3835 = VECTOR ( 'NONE', #3836, 1000.000000000000000 ) ;
#3836 = DIRECTION ( 'NONE',  ( -0.9358779346557388700, -0.3403192489657229600, -0.09118826792913038700 ) ) ;
#3837 = FACE_OUTER_BOUND ( 'NONE', #6437, .T. ) ;
#3838 = COLOUR_RGB ( '',1.000000000000000000, 1.000000000000000000, 1.000000000000000000 ) ;
#3839 = FILL_AREA_STYLE_COLOUR ( '', #3838 ) ;
#3840 = FILL_AREA_STYLE ('',( #3839 ) ) ;
#3841 = SURFACE_STYLE_FILL_AREA ( #3840 ) ;
#3842 = SURFACE_SIDE_STYLE ('',( #3841 ) ) ;
#3843 = SURFACE_STYLE_USAGE ( .BOTH. , #3842 ) ;
#3844 = VERTEX_POINT ( 'NONE', #5280 ) ;
#3845 = PRESENTATION_STYLE_ASSIGNMENT (( #3843 ) ) ;
#3846 = STYLED_ITEM ( 'NONE', ( #3845 ), #6339 ) ;
#3847 = PRESENTATION_LAYER_ASSIGNMENT (  '', '', ( #3846 ) ) ;
#3848 = MECHANICAL_DESIGN_GEOMETRIC_PRESENTATION_REPRESENTATION (  '', ( #3846 ), #3853 ) ;
#3849 =( LENGTH_UNIT ( ) NAMED_UNIT ( * ) SI_UNIT ( .MILLI., .METRE. ) );
#3850 =( NAMED_UNIT ( * ) PLANE_ANGLE_UNIT ( ) SI_UNIT ( $, .RADIAN. ) );
#3851 =( NAMED_UNIT ( * ) SI_UNIT ( $, .STERADIAN. ) SOLID_ANGLE_UNIT ( ) );
#3852 = UNCERTAINTY_MEASURE_WITH_UNIT (LENGTH_MEASURE( 1.000000000000000100E-005 ), #3849, 'distance_accuracy_value', 'NONE');
#3853 =( GEOMETRIC_REPRESENTATION_CONTEXT ( 3 ) GLOBAL_UNCERTAINTY_ASSIGNED_CONTEXT ( ( #3852 ) ) GLOBAL_UNIT_ASSIGNED_CONTEXT ( ( #3849, #3850, #3851 ) ) REPRESENTATION_CONTEXT ( 'NONE', 'WORKASPACE' ) );
#3854 = PLANE ( 'NONE',  #3855 ) ;
#3855 = AXIS2_PLACEMENT_3D ( 'NONE', #3856, #3857, #3858 ) ;
#3856 = CARTESIAN_POINT ( 'NONE',  ( -0.5500000000000000400, 5.186606874731849900, -0.9499999999999999600 ) ) ;
#3857 = DIRECTION ( 'NONE',  ( 1.000000000000000000, 0.0000000000000000000, 0.0000000000000000000 ) ) ;
#3858 = DIRECTION ( 'NONE',  ( 0.0000000000000000000, 0.0000000000000000000, -1.000000000000000000 ) ) ;
#3859 = FACE_OUTER_BOUND ( 'NONE', #6412, .T. ) ;
#3860 = PLANE ( 'NONE',  #3862 ) ;
#3861 = ORIENTED_EDGE ( 'NONE', *, *, #218, .F. ) ;
#3862 = AXIS2_PLACEMENT_3D ( 'NONE', #3863, #3864, #3865 ) ;
#3863 = CARTESIAN_POINT ( 'NONE',  ( 9.359999999999999400, 0.5999999999999999800, 4.899999999999999500 ) ) ;
#3864 = DIRECTION ( 'NONE',  ( -0.3417430630867041000, -0.9397934234884372000, 0.0000000000000000000 ) ) ;
#3865 = DIRECTION ( 'NONE',  ( 0.9397934234884372000, -0.3417430630867041000, 0.0000000000000000000 ) ) ;
#3866 = FACE_OUTER_BOUND ( 'NONE', #5879, .T. ) ;
#3867 = COLOUR_RGB ( '',0.0000000000000000000, 0.0000000000000000000, 0.0000000000000000000 ) ;
#3868 = FILL_AREA_STYLE_COLOUR ( '', #3867 ) ;
#3869 = FILL_AREA_STYLE ('',( #3868 ) ) ;
#3870 = SURFACE_STYLE_FILL_AREA ( #3869 ) ;
#3871 = SURFACE_SIDE_STYLE ('',( #3870 ) ) ;
#3872 = SURFACE_STYLE_USAGE ( .BOTH. , #3871 ) ;
#3873 = PRESENTATION_STYLE_ASSIGNMENT (( #3872 ) ) ;
#3874 = STYLED_ITEM ( 'NONE', ( #3873 ), #5854 ) ;
#3875 = PRESENTATION_LAYER_ASSIGNMENT (  '', '', ( #3874 ) ) ;
#3876 = MECHANICAL_DESIGN_GEOMETRIC_PRESENTATION_REPRESENTATION (  '', ( #3874 ), #3881 ) ;
#3877 =( LENGTH_UNIT ( ) NAMED_UNIT ( * ) SI_UNIT ( .MILLI., .METRE. ) );
#3878 =( NAMED_UNIT ( * ) PLANE_ANGLE_UNIT ( ) SI_UNIT ( $, .RADIAN. ) );
#3879 =( NAMED_UNIT ( * ) SI_UNIT ( $, .STERADIAN. ) SOLID_ANGLE_UNIT ( ) );
#3880 = UNCERTAINTY_MEASURE_WITH_UNIT (LENGTH_MEASURE( 1.000000000000000100E-005 ), #3877, 'distance_accuracy_value', 'NONE');
#3881 =( GEOMETRIC_REPRESENTATION_CONTEXT ( 3 ) GLOBAL_UNCERTAINTY_ASSIGNED_CONTEXT ( ( #3880 ) ) GLOBAL_UNIT_ASSIGNED_CONTEXT ( ( #3877, #3878, #3879 ) ) REPRESENTATION_CONTEXT ( 'NONE', 'WORKASPACE' ) );
#3882 = PLANE ( 'NONE',  #3883 ) ;
#3883 = AXIS2_PLACEMENT_3D ( 'NONE', #3884, #3885, #3886 ) ;
#3884 = CARTESIAN_POINT ( 'NONE',  ( 8.345000000000000600, 1.800000000000000000, -9.182333941754069600E-016 ) ) ;
#3885 = DIRECTION ( 'NONE',  ( 1.000000000000000000, 0.0000000000000000000, 0.0000000000000000000 ) ) ;
#3886 = DIRECTION ( 'NONE',  ( 0.0000000000000000000, 0.0000000000000000000, -1.000000000000000000 ) ) ;
#3887 = FACE_OUTER_BOUND ( 'NONE', #5142, .T. ) ;
#3888 = PLANE ( 'NONE',  #3889 ) ;
#3889 = AXIS2_PLACEMENT_3D ( 'NONE', #3890, #3891, #3892 ) ;
#3890 = CARTESIAN_POINT ( 'NONE',  ( 10.95999999999999900, 1.629999999999999900, 3.100000000000000100 ) ) ;
#3891 = DIRECTION ( 'NONE',  ( 0.0000000000000000000, 1.000000000000000000, -3.269397408547745100E-016 ) ) ;
#3892 = DIRECTION ( 'NONE',  ( 0.0000000000000000000, 3.269397408547745100E-016, 1.000000000000000000 ) ) ;
#3893 = LINE ( 'NONE', #3899, #3900 ) ;
#3894 = ADVANCED_FACE ( 'NONE', ( #5285 ), #5286, .T. ) ;
#3895 = ORIENTED_EDGE ( 'NONE', *, *, #3989, .F. ) ;
#3896 = ORIENTED_EDGE ( 'NONE', *, *, #675, .T. ) ;
#3897 = EDGE_CURVE ( 'NONE', #4042, #5867, #5291, .T. ) ;
#3898 = ORIENTED_EDGE ( 'NONE', *, *, #658, .F. ) ;
#3899 = CARTESIAN_POINT ( 'NONE',  ( 2.290000000000000000, 0.2500000000000000000, 4.391831746994739700 ) ) ;
#3900 = VECTOR ( 'NONE', #3901, 1000.000000000000000 ) ;
#3901 = DIRECTION ( 'NONE',  ( 0.0000000000000000000, -1.066774799560611900E-016, -1.000000000000000000 ) ) ;
#3902 = CARTESIAN_POINT ( 'NONE',  ( -0.8000000000000000400, 1.629999999999999900, -3.100000000000000100 ) ) ;
#3903 = LINE ( 'NONE', #3904, #3905 ) ;
#3904 = CARTESIAN_POINT ( 'NONE',  ( 10.95999999999999900, -1.084202172485503900E-016, 4.899999999999999500 ) ) ;
#3905 = VECTOR ( 'NONE', #3906, 1000.000000000000000 ) ;
#3906 = DIRECTION ( 'NONE',  ( -1.000000000000000000, 0.0000000000000000000, 0.0000000000000000000 ) ) ;
#3907 = LINE ( 'NONE', #3908, #3909 ) ;
#3908 = CARTESIAN_POINT ( 'NONE',  ( 6.895000000000000500, 3.700000000000000200, 1.899999999999999900 ) ) ;
#3909 = VECTOR ( 'NONE', #3910, 1000.000000000000100 ) ;
#3910 = DIRECTION ( 'NONE',  ( 0.0000000000000000000, -0.7071067811865474600, -0.7071067811865474600 ) ) ;
#3911 = LINE ( 'NONE', #3912, #3913 ) ;
#3912 = CARTESIAN_POINT ( 'NONE',  ( 4.830000000000000100, 1.629999999999999900, -3.763242816337275100 ) ) ;
#3913 = VECTOR ( 'NONE', #3914, 999.9999999999998900 ) ;
#3914 = DIRECTION ( 'NONE',  ( 0.0000000000000000000, 0.9659258262890692000, 0.2588190451025176300 ) ) ;
#3915 = ORIENTED_EDGE ( 'NONE', *, *, #3988, .T. ) ;
#3916 = LINE ( 'NONE', #3917, #3918 ) ;
#3917 = CARTESIAN_POINT ( 'NONE',  ( 5.244441643906520200, 0.2492939476703579800, -4.392020933146285200 ) ) ;
#3918 = VECTOR ( 'NONE', #3919, 1000.000000000000000 ) ;
#3919 = DIRECTION ( 'NONE',  ( 0.9358779346557388700, -0.3403192489657229600, -0.09118826792913038700 ) ) ;
#3920 = CARTESIAN_POINT ( 'NONE',  ( -0.8000000000000000400, 0.5999999999999999800, -4.298049529643849500 ) ) ;
#3921 = FACE_OUTER_BOUND ( 'NONE', #502, .T. ) ;
#3922 = PLANE ( 'NONE',  #3923 ) ;
#3923 = AXIS2_PLACEMENT_3D ( 'NONE', #3924, #3925, #3926 ) ;
#3924 = CARTESIAN_POINT ( 'NONE',  ( 8.419999999999999900, 0.5999999999999999800, -4.899999999999999500 ) ) ;
#3925 = DIRECTION ( 'NONE',  ( -0.3417430630867041000, 0.9397934234884372000, 0.0000000000000000000 ) ) ;
#3926 = DIRECTION ( 'NONE',  ( -0.9397934234884372000, -0.3417430630867041000, 0.0000000000000000000 ) ) ;
#3927 = LINE ( 'NONE', #3928, #3929 ) ;
#3928 = CARTESIAN_POINT ( 'NONE',  ( 8.169999999999999900, 5.186606874731849900, 0.04999999999999939900 ) ) ;
#3929 = VECTOR ( 'NONE', #3930, 1000.000000000000000 ) ;
#3930 = DIRECTION ( 'NONE',  ( 0.0000000000000000000, -1.000000000000000000, 0.0000000000000000000 ) ) ;
#3931 = LINE ( 'NONE', #3933, #3934 ) ;
#3932 = VERTEX_POINT ( 'NONE', #5304 ) ;
#3933 = CARTESIAN_POINT ( 'NONE',  ( 10.95999999999999900, 1.629999999999999900, -3.763242816337275100 ) ) ;
#3934 = VECTOR ( 'NONE', #3935, 1000.000000000000000 ) ;
#3935 = DIRECTION ( 'NONE',  ( -1.000000000000000000, 0.0000000000000000000, 0.0000000000000000000 ) ) ;
#3936 = CARTESIAN_POINT ( 'NONE',  ( 1.814999999999999900, 3.250000000000000000, -1.450000000000000000 ) ) ;
#3937 = FACE_OUTER_BOUND ( 'NONE', #3752, .T. ) ;
#3938 = PLANE ( 'NONE',  #3939 ) ;
#3939 = AXIS2_PLACEMENT_3D ( 'NONE', #3940, #3941, #3942 ) ;
#3940 = CARTESIAN_POINT ( 'NONE',  ( 10.95999999999999900, 0.2500000000000000000, -4.899999999999999500 ) ) ;
#3941 = DIRECTION ( 'NONE',  ( 0.0000000000000000000, 0.0000000000000000000, -1.000000000000000000 ) ) ;
#3942 = DIRECTION ( 'NONE',  ( -1.000000000000000000, 0.0000000000000000000, 0.0000000000000000000 ) ) ;
#3943 = FACE_OUTER_BOUND ( 'NONE', #5212, .T. ) ;
#3944 = COLOUR_RGB ( '',1.000000000000000000, 1.000000000000000000, 1.000000000000000000 ) ;
#3945 = FILL_AREA_STYLE_COLOUR ( '', #3944 ) ;
#3946 = FILL_AREA_STYLE ('',( #3945 ) ) ;
#3947 = SURFACE_STYLE_FILL_AREA ( #3946 ) ;
#3948 = SURFACE_SIDE_STYLE ('',( #3947 ) ) ;
#3949 = EDGE_CURVE ( 'NONE', #5772, #723, #5306, .T. ) ;
#3950 = ORIENTED_EDGE ( 'NONE', *, *, #6028, .T. ) ;
#3951 = VERTEX_POINT ( 'NONE', #5310 ) ;
#3952 = SURFACE_STYLE_USAGE ( .BOTH. , #3948 ) ;
#3953 = PRESENTATION_STYLE_ASSIGNMENT (( #3952 ) ) ;
#3954 = STYLED_ITEM ( 'NONE', ( #3953 ), #4950 ) ;
#3955 = PRESENTATION_LAYER_ASSIGNMENT (  '', '', ( #3954 ) ) ;
#3956 = MECHANICAL_DESIGN_GEOMETRIC_PRESENTATION_REPRESENTATION (  '', ( #3954 ), #3961 ) ;
#3957 =( LENGTH_UNIT ( ) NAMED_UNIT ( * ) SI_UNIT ( .MILLI., .METRE. ) );
#3958 =( NAMED_UNIT ( * ) PLANE_ANGLE_UNIT ( ) SI_UNIT ( $, .RADIAN. ) );
#3959 =( NAMED_UNIT ( * ) SI_UNIT ( $, .STERADIAN. ) SOLID_ANGLE_UNIT ( ) );
#3960 = UNCERTAINTY_MEASURE_WITH_UNIT (LENGTH_MEASURE( 1.000000000000000100E-005 ), #3957, 'distance_accuracy_value', 'NONE');
#3961 =( GEOMETRIC_REPRESENTATION_CONTEXT ( 3 ) GLOBAL_UNCERTAINTY_ASSIGNED_CONTEXT ( ( #3960 ) ) GLOBAL_UNIT_ASSIGNED_CONTEXT ( ( #3957, #3958, #3959 ) ) REPRESENTATION_CONTEXT ( 'NONE', 'WORKASPACE' ) );
#3962 = PLANE ( 'NONE',  #3963 ) ;
#3963 = AXIS2_PLACEMENT_3D ( 'NONE', #3964, #3965, #3966 ) ;
#3964 = CARTESIAN_POINT ( 'NONE',  ( 4.530000000000000200, 5.186606874731849900, -0.9499999999999999600 ) ) ;
#3965 = DIRECTION ( 'NONE',  ( 0.0000000000000000000, 0.0000000000000000000, 1.000000000000000000 ) ) ;
#3966 = DIRECTION ( 'NONE',  ( 1.000000000000000000, 0.0000000000000000000, 0.0000000000000000000 ) ) ;
#3967 = CARTESIAN_POINT ( 'NONE',  ( -1.740000000000000000, 0.6999999999999999600, -3.100000000000000100 ) ) ;
#3968 = EDGE_CURVE ( 'NONE', #6331, #6114, #5312, .T. ) ;
#3969 = EDGE_CURVE ( 'NONE', #148, #6278, #5316, .T. ) ;
#3970 = EDGE_LOOP ( 'NONE', ( #144, #612, #5694, #5912 ) ) ;
#3971 = LINE ( 'NONE', #3972, #3973 ) ;
#3972 = CARTESIAN_POINT ( 'NONE',  ( 11.90000000000000000, 3.700000000000000200, 3.100000000000000100 ) ) ;
#3973 = VECTOR ( 'NONE', #3974, 1000.000000000000000 ) ;
#3974 = DIRECTION ( 'NONE',  ( 0.0000000000000000000, -1.000000000000000000, 0.0000000000000000000 ) ) ;
#3975 = LINE ( 'NONE', #3976, #3977 ) ;
#3976 = CARTESIAN_POINT ( 'NONE',  ( 0.8000000000000000400, 1.629999999999999900, 3.763242816337275100 ) ) ;
#3977 = VECTOR ( 'NONE', #3978, 1000.000000000000000 ) ;
#3978 = DIRECTION ( 'NONE',  ( -1.000000000000000000, 0.0000000000000000000, 0.0000000000000000000 ) ) ;
#3979 = LINE ( 'NONE', #3980, #3981 ) ;
#3980 = CARTESIAN_POINT ( 'NONE',  ( 3.340000000000000300, 1.879999999999999900, -3.955074563332020300 ) ) ;
#3981 = VECTOR ( 'NONE', #3982, 1000.000000000000000 ) ;
#3982 = DIRECTION ( 'NONE',  ( -1.000000000000000000, 0.0000000000000000000, 0.0000000000000000000 ) ) ;
#3983 = LINE ( 'NONE', #3984, #3985 ) ;
#3984 = CARTESIAN_POINT ( 'NONE',  ( 0.8000000000000000400, 1.879999999999999900, -3.100000000000000100 ) ) ;
#3985 = VECTOR ( 'NONE', #3986, 1000.000000000000000 ) ;
#3986 = DIRECTION ( 'NONE',  ( 0.0000000000000000000, 0.0000000000000000000, -1.000000000000000000 ) ) ;
#3987 = ORIENTED_EDGE ( 'NONE', *, *, #4114, .T. ) ;
#3988 = EDGE_CURVE ( 'NONE', #5498, #5673, #5343, .T. ) ;
#3989 = EDGE_CURVE ( 'NONE', #4060, #133, #5347, .T. ) ;
#3990 = ORIENTED_EDGE ( 'NONE', *, *, #6230, .T. ) ;
#3991 = LINE ( 'NONE', #3992, #3993 ) ;
#3992 = CARTESIAN_POINT ( 'NONE',  ( -0.8000000000000000400, 1.879999999999999900, 3.955074563332020300 ) ) ;
#3993 = VECTOR ( 'NONE', #3994, 999.9999999999998900 ) ;
#3994 = DIRECTION ( 'NONE',  ( 0.0000000000000000000, -0.9659258262890692000, 0.2588190451025176300 ) ) ;
#3995 = LINE ( 'NONE', #3996, #3997 ) ;
#3996 = CARTESIAN_POINT ( 'NONE',  ( 2.789782731760865000, 0.2182608248142310100, -4.141517188251675900 ) ) ;
#3997 = VECTOR ( 'NONE', #3998, 1000.000000000000000 ) ;
#3998 = DIRECTION ( 'NONE',  ( -0.9358779346557388700, 0.3403192489657229600, 0.09118826792913038700 ) ) ;
#3999 = LINE ( 'NONE', #4000, #4001 ) ;
#4000 = CARTESIAN_POINT ( 'NONE',  ( 0.2500000000000000000, 1.879999999999999900, 3.955074563332020300 ) ) ;
#4001 = VECTOR ( 'NONE', #4002, 999.9999999999998900 ) ;
#4002 = DIRECTION ( 'NONE',  ( 2.618147198306160800E-016, -0.9659258262890692000, 0.2588190451025176300 ) ) ;
#4003 = LINE ( 'NONE', #4004, #4005 ) ;
#4004 = CARTESIAN_POINT ( 'NONE',  ( 4.280000000000000200, 0.5999999999999999800, 3.100000000000000100 ) ) ;
#4005 = VECTOR ( 'NONE', #4006, 1000.000000000000000 ) ;
#4006 = DIRECTION ( 'NONE',  ( 0.0000000000000000000, 0.0000000000000000000, 1.000000000000000000 ) ) ;
#4007 = ORIENTED_EDGE ( 'NONE', *, *, #5634, .T. ) ;
#4008 = LINE ( 'NONE', #4009, #4010 ) ;
#4009 = CARTESIAN_POINT ( 'NONE',  ( 0.2497827317608659600, 0.2182608248142310100, -4.141517188251675900 ) ) ;
#4010 = VECTOR ( 'NONE', #4011, 1000.000000000000000 ) ;
#4011 = DIRECTION ( 'NONE',  ( -0.9358779346557388700, 0.3403192489657229600, 0.09118826792913038700 ) ) ;
#4012 = LINE ( 'NONE', #4013, #4014 ) ;
#4013 = CARTESIAN_POINT ( 'NONE',  ( 5.244441643906520200, 0.2492939476703585100, 4.392020933146285200 ) ) ;
#4014 = VECTOR ( 'NONE', #4015, 1000.000000000000000 ) ;
#4015 = DIRECTION ( 'NONE',  ( -0.9358779346557388700, 0.3403192489657229600, -0.09118826792913038700 ) ) ;
#4016 = LINE ( 'NONE', #4017, #4018 ) ;
#4017 = CARTESIAN_POINT ( 'NONE',  ( 10.88500000000000000, 3.250000000000000000, -1.450000000000000000 ) ) ;
#4018 = VECTOR ( 'NONE', #4019, 1000.000000000000000 ) ;
#4019 = DIRECTION ( 'NONE',  ( 0.0000000000000000000, 0.0000000000000000000, -1.000000000000000000 ) ) ;
#4020 = FACE_OUTER_BOUND ( 'NONE', #5301, .T. ) ;
#4021 = FACE_BOUND ( 'NONE', #541, .T. ) ;
#4022 = COLOUR_RGB ( '',0.0000000000000000000, 0.0000000000000000000, 0.0000000000000000000 ) ;
#4023 = FILL_AREA_STYLE_COLOUR ( '', #4022 ) ;
#4024 = FILL_AREA_STYLE ('',( #4023 ) ) ;
#4025 = SURFACE_STYLE_FILL_AREA ( #4024 ) ;
#4026 = SURFACE_SIDE_STYLE ('',( #4025 ) ) ;
#4027 = SURFACE_STYLE_USAGE ( .BOTH. , #4026 ) ;
#4028 = PRESENTATION_STYLE_ASSIGNMENT (( #4027 ) ) ;
#4029 = STYLED_ITEM ( 'NONE', ( #4028 ), #739 ) ;
#4030 = PRESENTATION_LAYER_ASSIGNMENT (  '', '', ( #4029 ) ) ;
#4031 = MECHANICAL_DESIGN_GEOMETRIC_PRESENTATION_REPRESENTATION (  '', ( #4029 ), #4036 ) ;
#4032 =( LENGTH_UNIT ( ) NAMED_UNIT ( * ) SI_UNIT ( .MILLI., .METRE. ) );
#4033 =( NAMED_UNIT ( * ) PLANE_ANGLE_UNIT ( ) SI_UNIT ( $, .RADIAN. ) );
#4034 =( NAMED_UNIT ( * ) SI_UNIT ( $, .STERADIAN. ) SOLID_ANGLE_UNIT ( ) );
#4035 = UNCERTAINTY_MEASURE_WITH_UNIT (LENGTH_MEASURE( 1.000000000000000100E-005 ), #4032, 'distance_accuracy_value', 'NONE');
#4036 =( GEOMETRIC_REPRESENTATION_CONTEXT ( 3 ) GLOBAL_UNCERTAINTY_ASSIGNED_CONTEXT ( ( #4035 ) ) GLOBAL_UNIT_ASSIGNED_CONTEXT ( ( #4032, #4033, #4034 ) ) REPRESENTATION_CONTEXT ( 'NONE', 'WORKASPACE' ) );
#4037 = PLANE ( 'NONE',  #4038 ) ;
#4038 = AXIS2_PLACEMENT_3D ( 'NONE', #4039, #4043, #4044 ) ;
#4039 = CARTESIAN_POINT ( 'NONE',  ( 1.814999999999999900, 3.250000000000000000, -1.450000000000000000 ) ) ;
#4040 = ORIENTED_EDGE ( 'NONE', *, *, #4133, .T. ) ;
#4041 = EDGE_CURVE ( 'NONE', #6190, #6150, #5388, .T. ) ;
#4042 = VERTEX_POINT ( 'NONE', #5392 ) ;
#4043 = DIRECTION ( 'NONE',  ( 0.0000000000000000000, -1.000000000000000000, 0.0000000000000000000 ) ) ;
#4044 = DIRECTION ( 'NONE',  ( 0.0000000000000000000, 0.0000000000000000000, -1.000000000000000000 ) ) ;
#4045 = LINE ( 'NONE', #4046, #4047 ) ;
#4046 = CARTESIAN_POINT ( 'NONE',  ( 4.280000000000000200, 1.879999999999999900, -3.100000000000000100 ) ) ;
#4047 = VECTOR ( 'NONE', #4048, 1000.000000000000000 ) ;
#4048 = DIRECTION ( 'NONE',  ( 0.0000000000000000000, 1.000000000000000000, 0.0000000000000000000 ) ) ;
#4049 = CARTESIAN_POINT ( 'NONE',  ( 9.910000000000000100, 0.2500000000000000000, 4.391831746994739700 ) ) ;
#4050 = FACE_OUTER_BOUND ( 'NONE', #295, .T. ) ;
#4051 = COLOUR_RGB ( '',0.0000000000000000000, 0.0000000000000000000, 0.0000000000000000000 ) ;
#4052 = FILL_AREA_STYLE_COLOUR ( '', #4051 ) ;
#4053 = FILL_AREA_STYLE ('',( #4052 ) ) ;
#4054 = SURFACE_STYLE_FILL_AREA ( #4053 ) ;
#4055 = SURFACE_SIDE_STYLE ('',( #4054 ) ) ;
#4056 = SURFACE_STYLE_USAGE ( .BOTH. , #4055 ) ;
#4057 = PRESENTATION_STYLE_ASSIGNMENT (( #4056 ) ) ;
#4058 = STYLED_ITEM ( 'NONE', ( #4057 ), #6380 ) ;
#4059 = ORIENTED_EDGE ( 'NONE', *, *, #4304, .F. ) ;
#4060 = VERTEX_POINT ( 'NONE', #5399 ) ;
#4061 = ORIENTED_EDGE ( 'NONE', *, *, #6205, .T. ) ;
#4062 = PRESENTATION_LAYER_ASSIGNMENT (  '', '', ( #4058 ) ) ;
#4063 = MECHANICAL_DESIGN_GEOMETRIC_PRESENTATION_REPRESENTATION (  '', ( #4058 ), #4068 ) ;
#4064 =( LENGTH_UNIT ( ) NAMED_UNIT ( * ) SI_UNIT ( .MILLI., .METRE. ) );
#4065 =( NAMED_UNIT ( * ) PLANE_ANGLE_UNIT ( ) SI_UNIT ( $, .RADIAN. ) );
#4066 =( NAMED_UNIT ( * ) SI_UNIT ( $, .STERADIAN. ) SOLID_ANGLE_UNIT ( ) );
#4067 = UNCERTAINTY_MEASURE_WITH_UNIT (LENGTH_MEASURE( 1.000000000000000100E-005 ), #4064, 'distance_accuracy_value', 'NONE');
#4068 =( GEOMETRIC_REPRESENTATION_CONTEXT ( 3 ) GLOBAL_UNCERTAINTY_ASSIGNED_CONTEXT ( ( #4067 ) ) GLOBAL_UNIT_ASSIGNED_CONTEXT ( ( #4064, #4065, #4066 ) ) REPRESENTATION_CONTEXT ( 'NONE', 'WORKASPACE' ) );
#4069 = PLANE ( 'NONE',  #4070 ) ;
#4070 = AXIS2_PLACEMENT_3D ( 'NONE', #4071, #4072, #4073 ) ;
#4071 = CARTESIAN_POINT ( 'NONE',  ( 9.435000000000000500, 1.800000000000000000, -1.079750902569141800E-015 ) ) ;
#4072 = DIRECTION ( 'NONE',  ( 1.000000000000000000, 0.0000000000000000000, 0.0000000000000000000 ) ) ;
#4073 = DIRECTION ( 'NONE',  ( 0.0000000000000000000, 0.0000000000000000000, -1.000000000000000000 ) ) ;
#4074 = LINE ( 'NONE', #4075, #4076 ) ;
#4075 = CARTESIAN_POINT ( 'NONE',  ( 5.879999999999999900, 1.629999999999999900, -3.100000000000000100 ) ) ;
#4076 = VECTOR ( 'NONE', #4077, 1000.000000000000000 ) ;
#4077 = DIRECTION ( 'NONE',  ( 0.0000000000000000000, -3.269397408547745100E-016, 1.000000000000000000 ) ) ;
#4078 = EDGE_CURVE ( 'NONE', #5802, #423, #5412, .T. ) ;
#4079 = CARTESIAN_POINT ( 'NONE',  ( 2.290000000000000000, 0.2500000000000000000, 4.899999999999999500 ) ) ;
#4080 = CARTESIAN_POINT ( 'NONE',  ( 5.330000000000000100, 0.2500000000000000000, -4.899999999999999500 ) ) ;
#4081 = CARTESIAN_POINT ( 'NONE',  ( 10.95999999999999900, 0.5999999999999999800, -4.039230484541330500 ) ) ;
#4082 = CARTESIAN_POINT ( 'NONE',  ( 8.169999999999999900, 3.250000000000000000, -0.9499999999999999600 ) ) ;
#4083 = LINE ( 'NONE', #4084, #4085 ) ;
#4084 = CARTESIAN_POINT ( 'NONE',  ( 3.340000000000000300, 0.2500000000000000000, 4.391831746994739700 ) ) ;
#4085 = VECTOR ( 'NONE', #4086, 1000.000000000000000 ) ;
#4086 = DIRECTION ( 'NONE',  ( -1.000000000000000000, 0.0000000000000000000, 0.0000000000000000000 ) ) ;
#4087 = CARTESIAN_POINT ( 'NONE',  ( 4.280000000000000200, 1.879999999999999900, 3.100000000000000100 ) ) ;
#4088 = LINE ( 'NONE', #4089, #4090 ) ;
#4089 = CARTESIAN_POINT ( 'NONE',  ( -0.2500000000000000000, -1.696505349396695000E-016, 4.899999999999999500 ) ) ;
#4090 = VECTOR ( 'NONE', #4091, 1000.000000000000000 ) ;
#4091 = DIRECTION ( 'NONE',  ( 0.0000000000000000000, 0.0000000000000000000, -1.000000000000000000 ) ) ;
#4092 = LINE ( 'NONE', #4093, #4094 ) ;
#4093 = CARTESIAN_POINT ( 'NONE',  ( 6.819999999999999400, 1.879999999999999900, 3.100000000000000100 ) ) ;
#4094 = VECTOR ( 'NONE', #4097, 1000.000000000000000 ) ;
#4095 = ORIENTED_EDGE ( 'NONE', *, *, #365, .F. ) ;
#4096 = EDGE_LOOP ( 'NONE', ( #745, #6308, #604, #6289, #5943, #5526, #6231, #5788 ) ) ;
#4097 = DIRECTION ( 'NONE',  ( 0.0000000000000000000, 0.0000000000000000000, 1.000000000000000000 ) ) ;
#4098 = CARTESIAN_POINT ( 'NONE',  ( 4.280000000000000200, 0.5999999999999999800, -4.298049529643849500 ) ) ;
#4099 = CARTESIAN_POINT ( 'NONE',  ( 7.870000000000000100, -1.084202172485503900E-016, -4.899999999999999500 ) ) ;
#4100 = LINE ( 'NONE', #4101, #4102 ) ;
#4101 = CARTESIAN_POINT ( 'NONE',  ( 2.704441643906514900, 0.2492939476703585100, 4.392020933146285200 ) ) ;
#4102 = VECTOR ( 'NONE', #4103, 1000.000000000000000 ) ;
#4103 = DIRECTION ( 'NONE',  ( -0.9358779346557388700, 0.3403192489657229600, -0.09118826792913038700 ) ) ;
#4104 = CARTESIAN_POINT ( 'NONE',  ( 7.870000000000000100, 0.4000000000000000200, -4.092820323027554600 ) ) ;
#4105 = CARTESIAN_POINT ( 'NONE',  ( 7.370000000000000100, 0.2500000000000000000, -4.899999999999999500 ) ) ;
#4106 = LINE ( 'NONE', #4107, #4108 ) ;
#4107 = CARTESIAN_POINT ( 'NONE',  ( 8.419999999999999900, 1.629999999999999900, 3.100000000000000100 ) ) ;
#4108 = VECTOR ( 'NONE', #4109, 1000.000000000000000 ) ;
#4109 = DIRECTION ( 'NONE',  ( 0.0000000000000000000, -3.269397408547745100E-016, -1.000000000000000000 ) ) ;
#4110 = LINE ( 'NONE', #4111, #4112 ) ;
#4111 = CARTESIAN_POINT ( 'NONE',  ( -0.2500000000000000000, 0.4000000000000000200, 4.899999999999999500 ) ) ;
#4112 = VECTOR ( 'NONE', #4116, 1000.000000000000000 ) ;
#4113 = ORIENTED_EDGE ( 'NONE', *, *, #4253, .F. ) ;
#4114 = EDGE_CURVE ( 'NONE', #6050, #4602, #2958, .T. ) ;
#4115 = ADVANCED_FACE ( 'NONE', ( #2963 ), #2980, .F. ) ;
#4116 = DIRECTION ( 'NONE',  ( 0.0000000000000000000, 1.000000000000000000, 0.0000000000000000000 ) ) ;
#4117 = LINE ( 'NONE', #4118, #4119 ) ;
#4118 = CARTESIAN_POINT ( 'NONE',  ( 4.830000000000000100, 1.879999999999999900, -3.955074563332020300 ) ) ;
#4119 = VECTOR ( 'NONE', #4120, 999.9999999999998900 ) ;
#4120 = DIRECTION ( 'NONE',  ( 0.0000000000000000000, -0.9659258262890692000, -0.2588190451025176300 ) ) ;
#4121 = CARTESIAN_POINT ( 'NONE',  ( -0.2500000000000000000, 0.4000000000000000200, -4.351639368130075300 ) ) ;
#4122 = LINE ( 'NONE', #4123, #4124 ) ;
#4123 = CARTESIAN_POINT ( 'NONE',  ( 1.740000000000000000, 1.629999999999999900, -3.100000000000000100 ) ) ;
#4124 = VECTOR ( 'NONE', #4125, 1000.000000000000000 ) ;
#4125 = DIRECTION ( 'NONE',  ( 0.0000000000000000000, -3.269397408547745100E-016, 1.000000000000000000 ) ) ;
#4126 = LINE ( 'NONE', #4127, #4128 ) ;
#4127 = CARTESIAN_POINT ( 'NONE',  ( 5.330000000000000100, 0.2500000000000000000, -4.391831746994739700 ) ) ;
#4128 = VECTOR ( 'NONE', #4129, 1000.000000000000000 ) ;
#4129 = DIRECTION ( 'NONE',  ( 2.891498888091015800E-032, -1.066774799560611900E-016, 1.000000000000000000 ) ) ;
#4130 = LINE ( 'NONE', #4131, #4134 ) ;
#4131 = CARTESIAN_POINT ( 'NONE',  ( 3.340000000000000300, -1.084202172485503900E-016, -4.899999999999999500 ) ) ;
#4132 = ADVANCED_FACE ( 'NONE', ( #2989 ), #3006, .F. ) ;
#4133 = EDGE_CURVE ( 'NONE', #3077, #338, #3015, .T. ) ;
#4134 = VECTOR ( 'NONE', #4135, 1000.000000000000000 ) ;
#4135 = DIRECTION ( 'NONE',  ( -1.000000000000000000, 0.0000000000000000000, 0.0000000000000000000 ) ) ;
#4136 = LINE ( 'NONE', #4137, #4138 ) ;
#4137 = CARTESIAN_POINT ( 'NONE',  ( 0.5500000000000000400, 3.250000000000000000, -0.9499999999999999600 ) ) ;
#4138 = VECTOR ( 'NONE', #4139, 1000.000000000000000 ) ;
#4139 = DIRECTION ( 'NONE',  ( 0.0000000000000000000, 0.0000000000000000000, -1.000000000000000000 ) ) ;
#4140 = LINE ( 'NONE', #4141, #4142 ) ;
#4141 = CARTESIAN_POINT ( 'NONE',  ( 0.8000000000000000400, 1.879999999999999900, 3.100000000000000100 ) ) ;
#4142 = VECTOR ( 'NONE', #4143, 1000.000000000000000 ) ;
#4143 = DIRECTION ( 'NONE',  ( 0.0000000000000000000, 0.0000000000000000000, 1.000000000000000000 ) ) ;
#4144 = CARTESIAN_POINT ( 'NONE',  ( 4.830000000000000100, -1.696505349396695000E-016, -4.899999999999999500 ) ) ;
#4145 = LINE ( 'NONE', #4146, #4147 ) ;
#4146 = CARTESIAN_POINT ( 'NONE',  ( 4.530000000000000200, 3.250000000000000000, -0.9499999999999999600 ) ) ;
#4147 = VECTOR ( 'NONE', #4148, 1000.000000000000000 ) ;
#4148 = DIRECTION ( 'NONE',  ( -1.000000000000000000, 0.0000000000000000000, 0.0000000000000000000 ) ) ;
#4149 = LINE ( 'NONE', #4150, #4151 ) ;
#4150 = CARTESIAN_POINT ( 'NONE',  ( 0.8000000000000000400, 1.879999999999999900, -3.100000000000000100 ) ) ;
#4151 = VECTOR ( 'NONE', #4152, 1000.000000000000000 ) ;
#4152 = DIRECTION ( 'NONE',  ( 0.0000000000000000000, 1.000000000000000000, 0.0000000000000000000 ) ) ;
#4153 = CARTESIAN_POINT ( 'NONE',  ( 0.8000000000000000400, 1.629999999999999900, 3.763242816337275100 ) ) ;
#4154 = CARTESIAN_POINT ( 'NONE',  ( -0.8000000000000000400, 0.5999999999999999800, 4.298049529643849500 ) ) ;
#4155 = CARTESIAN_POINT ( 'NONE',  ( -0.8000000000000000400, 1.629999999999999900, 3.763242816337275100 ) ) ;
#4156 = LINE ( 'NONE', #4157, #4158 ) ;
#4157 = CARTESIAN_POINT ( 'NONE',  ( 5.330000000000000100, 0.4000000000000000200, -4.899999999999999500 ) ) ;
#4158 = VECTOR ( 'NONE', #4159, 1000.000000000000000 ) ;
#4159 = DIRECTION ( 'NONE',  ( 2.710505431213760100E-016, -1.000000000000000000, 0.0000000000000000000 ) ) ;
#4160 = FACE_OUTER_BOUND ( 'NONE', #4096, .T. ) ;
#4161 = PLANE ( 'NONE',  #4162 ) ;
#4162 = AXIS2_PLACEMENT_3D ( 'NONE', #4163, #4164, #4165 ) ;
#4163 = CARTESIAN_POINT ( 'NONE',  ( 3.340000000000000300, 1.879999999999999900, 3.955074563332020300 ) ) ;
#4164 = DIRECTION ( 'NONE',  ( 0.0000000000000000000, -0.2588190451025175800, -0.9659258262890692000 ) ) ;
#4165 = DIRECTION ( 'NONE',  ( 0.0000000000000000000, 0.9659258262890692000, -0.2588190451025175800 ) ) ;
#4166 = ORIENTED_EDGE ( 'NONE', *, *, #116, .T. ) ;
#4167 = CARTESIAN_POINT ( 'NONE',  ( -0.2500000000000000000, -3.016657019669354900E-016, 4.200000000000000200 ) ) ;
#4168 = CARTESIAN_POINT ( 'NONE',  ( 8.345000000000000600, 3.250000000000000000, -1.450000000000000000 ) ) ;
#4169 = CARTESIAN_POINT ( 'NONE',  ( 0.2500000000000000000, 0.4000000000000000200, 4.351639368130075300 ) ) ;
#4170 = LINE ( 'NONE', #4171, #4172 ) ;
#4171 = CARTESIAN_POINT ( 'NONE',  ( 6.895000000000000500, 3.250000000000000000, -1.450000000000000000 ) ) ;
#4172 = VECTOR ( 'NONE', #4173, 1000.000000000000000 ) ;
#4173 = DIRECTION ( 'NONE',  ( 0.0000000000000000000, 0.0000000000000000000, -1.000000000000000000 ) ) ;
#4174 = FACE_OUTER_BOUND ( 'NONE', #5963, .T. ) ;
#4175 = PLANE ( 'NONE',  #4176 ) ;
#4176 = AXIS2_PLACEMENT_3D ( 'NONE', #4177, #4178, #4179 ) ;
#4177 = CARTESIAN_POINT ( 'NONE',  ( 10.95999999999999900, 0.2500000000000000000, -4.391831746994745000 ) ) ;
#4178 = DIRECTION ( 'NONE',  ( 0.0000000000000000000, 1.000000000000000000, 1.066774799560611900E-016 ) ) ;
#4179 = DIRECTION ( 'NONE',  ( 0.0000000000000000000, -1.066774799560611900E-016, 1.000000000000000000 ) ) ;
#4180 = LINE ( 'NONE', #4181, #4182 ) ;
#4181 = CARTESIAN_POINT ( 'NONE',  ( 2.290000000000000000, 0.4000000000000000200, 4.899999999999999500 ) ) ;
#4182 = VECTOR ( 'NONE', #4184, 1000.000000000000000 ) ;
#4183 = ADVANCED_FACE ( 'NONE', ( #3040 ), #3041, .F. ) ;
#4184 = DIRECTION ( 'NONE',  ( 0.0000000000000000000, 1.000000000000000000, 0.0000000000000000000 ) ) ;
#4185 = FACE_OUTER_BOUND ( 'NONE', #167, .T. ) ;
#4186 = PLANE ( 'NONE',  #4187 ) ;
#4187 = AXIS2_PLACEMENT_3D ( 'NONE', #4188, #4189, #4190 ) ;
#4188 = CARTESIAN_POINT ( 'NONE',  ( -0.8000000000000000400, 1.879999999999999900, -3.100000000000000100 ) ) ;
#4189 = DIRECTION ( 'NONE',  ( -1.000000000000000000, 0.0000000000000000000, 0.0000000000000000000 ) ) ;
#4190 = DIRECTION ( 'NONE',  ( 0.0000000000000000000, 0.0000000000000000000, -1.000000000000000000 ) ) ;
#4191 = LINE ( 'NONE', #4192, #4193 ) ;
#4192 = CARTESIAN_POINT ( 'NONE',  ( 10.88500000000000000, 3.700000000000000200, 1.899999999999999900 ) ) ;
#4193 = VECTOR ( 'NONE', #4194, 1000.000000000000000 ) ;
#4194 = DIRECTION ( 'NONE',  ( 0.0000000000000000000, 0.0000000000000000000, 1.000000000000000000 ) ) ;
#4195 = LINE ( 'NONE', #4196, #4197 ) ;
#4196 = CARTESIAN_POINT ( 'NONE',  ( 8.419999999999999900, 1.879999999999999900, 3.100000000000000100 ) ) ;
#4197 = VECTOR ( 'NONE', #4198, 1000.000000000000000 ) ;
#4198 = DIRECTION ( 'NONE',  ( 0.0000000000000000000, 0.0000000000000000000, 1.000000000000000000 ) ) ;
#4199 = CARTESIAN_POINT ( 'NONE',  ( 2.790000000000000000, 0.2500000000000000000, 4.391831746994739700 ) ) ;
#4200 = EDGE_CURVE ( 'NONE', #5900, #5845, #3099, .T. ) ;
#4201 = LINE ( 'NONE', #4202, #4203 ) ;
#4202 = CARTESIAN_POINT ( 'NONE',  ( 9.910000000000000100, 0.2500000000000000000, -4.391831746994745000 ) ) ;
#4203 = VECTOR ( 'NONE', #4204, 1000.000000000000000 ) ;
#4204 = DIRECTION ( 'NONE',  ( 0.0000000000000000000, 1.066774799560611900E-016, -1.000000000000000000 ) ) ;
#4205 = CARTESIAN_POINT ( 'NONE',  ( 3.340000000000000300, 1.879999999999999900, -3.955074563332020300 ) ) ;
#4206 = LINE ( 'NONE', #4207, #4208 ) ;
#4207 = CARTESIAN_POINT ( 'NONE',  ( 3.089999999999999900, 5.186606874731849900, 0.04999999999999939900 ) ) ;
#4208 = VECTOR ( 'NONE', #4209, 1000.000000000000000 ) ;
#4209 = DIRECTION ( 'NONE',  ( 0.0000000000000000000, -1.000000000000000000, 0.0000000000000000000 ) ) ;
#4210 = CARTESIAN_POINT ( 'NONE',  ( -0.5500000000000000400, 3.250000000000000000, -0.9499999999999999600 ) ) ;
#4211 = LINE ( 'NONE', #4212, #4213 ) ;
#4212 = CARTESIAN_POINT ( 'NONE',  ( -0.5500000000000000400, 3.250000000000000000, 0.04999999999999939900 ) ) ;
#4213 = VECTOR ( 'NONE', #4214, 1000.000000000000000 ) ;
#4214 = DIRECTION ( 'NONE',  ( 1.000000000000000000, 0.0000000000000000000, 0.0000000000000000000 ) ) ;
#4215 = LINE ( 'NONE', #4216, #4219 ) ;
#4216 = CARTESIAN_POINT ( 'NONE',  ( 0.7249999999999999800, 3.250000000000000000, -1.450000000000000000 ) ) ;
#4217 = EDGE_LOOP ( 'NONE', ( #6367, #6005, #5505, #5556 ) ) ;
#4218 = ADVANCED_FACE ( 'NONE', ( #3153 ), #3154, .T. ) ;
#4219 = VECTOR ( 'NONE', #4220, 1000.000000000000000 ) ;
#4220 = DIRECTION ( 'NONE',  ( 0.0000000000000000000, 0.0000000000000000000, -1.000000000000000000 ) ) ;
#4221 = FACE_OUTER_BOUND ( 'NONE', #573, .T. ) ;
#4222 = PLANE ( 'NONE',  #4223 ) ;
#4223 = AXIS2_PLACEMENT_3D ( 'NONE', #4224, #4225, #4226 ) ;
#4224 = CARTESIAN_POINT ( 'NONE',  ( 5.879999999999999900, 0.5999999999999999800, -4.899999999999999500 ) ) ;
#4225 = DIRECTION ( 'NONE',  ( -0.3417430630867044900, 0.9397934234884370900, 0.0000000000000000000 ) ) ;
#4226 = DIRECTION ( 'NONE',  ( -0.9397934234884370900, -0.3417430630867044900, 0.0000000000000000000 ) ) ;
#4227 = LINE ( 'NONE', #4228, #4229 ) ;
#4228 = CARTESIAN_POINT ( 'NONE',  ( 4.830000000000000100, 1.879999999999999900, 3.955074563332020300 ) ) ;
#4229 = VECTOR ( 'NONE', #4230, 999.9999999999998900 ) ;
#4230 = DIRECTION ( 'NONE',  ( 0.0000000000000000000, 0.9659258262890692000, -0.2588190451025176300 ) ) ;
#4231 = LINE ( 'NONE', #4232, #4233 ) ;
#4232 = CARTESIAN_POINT ( 'NONE',  ( 2.290000000000000000, 0.4000000000000000200, -4.899999999999999500 ) ) ;
#4233 = VECTOR ( 'NONE', #4234, 1000.000000000000000 ) ;
#4234 = DIRECTION ( 'NONE',  ( 0.0000000000000000000, 1.000000000000000000, 0.0000000000000000000 ) ) ;
#4235 = ORIENTED_EDGE ( 'NONE', *, *, #5714, .F. ) ;
#4236 = LINE ( 'NONE', #4237, #4238 ) ;
#4237 = CARTESIAN_POINT ( 'NONE',  ( 7.870000000000000100, 0.2500000000000000000, 4.391831746994739700 ) ) ;
#4238 = VECTOR ( 'NONE', #4239, 1000.000000000000000 ) ;
#4239 = DIRECTION ( 'NONE',  ( -2.891498888091015800E-032, 1.066774799560611900E-016, 1.000000000000000000 ) ) ;
#4240 = LINE ( 'NONE', #4241, #4242 ) ;
#4241 = CARTESIAN_POINT ( 'NONE',  ( 8.345000000000000600, 3.250000000000000000, -1.450000000000000000 ) ) ;
#4242 = VECTOR ( 'NONE', #4243, 1000.000000000000000 ) ;
#4243 = DIRECTION ( 'NONE',  ( 0.0000000000000000000, 0.0000000000000000000, -1.000000000000000000 ) ) ;
#4244 = CARTESIAN_POINT ( 'NONE',  ( 8.419999999999999900, 1.629999999999999900, 3.100000000000000100 ) ) ;
#4245 = LINE ( 'NONE', #4246, #4247 ) ;
#4246 = CARTESIAN_POINT ( 'NONE',  ( 0.2500000000000000000, 0.2500000000000000000, -4.391831746994739700 ) ) ;
#4247 = VECTOR ( 'NONE', #4248, 1000.000000000000000 ) ;
#4248 = DIRECTION ( 'NONE',  ( 2.891498888091015800E-032, -1.066774799560611900E-016, 1.000000000000000000 ) ) ;
#4249 = CARTESIAN_POINT ( 'NONE',  ( 0.2500000000000000000, -1.084202172485503900E-016, 4.899999999999999500 ) ) ;
#4250 = FACE_OUTER_BOUND ( 'NONE', #6199, .T. ) ;
#4251 = PLANE ( 'NONE',  #4254 ) ;
#4252 = ORIENTED_EDGE ( 'NONE', *, *, #3897, .F. ) ;
#4253 = EDGE_CURVE ( 'NONE', #5731, #5884, #3189, .T. ) ;
#4254 = AXIS2_PLACEMENT_3D ( 'NONE', #4255, #4256, #4257 ) ;
#4255 = CARTESIAN_POINT ( 'NONE',  ( 8.419999999999999900, 0.2500000000000000000, -4.899999999999999500 ) ) ;
#4256 = DIRECTION ( 'NONE',  ( 0.0000000000000000000, 0.0000000000000000000, -1.000000000000000000 ) ) ;
#4257 = DIRECTION ( 'NONE',  ( -1.000000000000000000, 0.0000000000000000000, 0.0000000000000000000 ) ) ;
#4258 = LINE ( 'NONE', #4259, #4260 ) ;
#4259 = CARTESIAN_POINT ( 'NONE',  ( 8.419999999999999900, 1.879999999999999900, -3.955074563332020300 ) ) ;
#4260 = VECTOR ( 'NONE', #4261, 999.9999999999998900 ) ;
#4261 = DIRECTION ( 'NONE',  ( 0.0000000000000000000, -0.9659258262890692000, -0.2588190451025176300 ) ) ;
#4262 = CARTESIAN_POINT ( 'NONE',  ( 4.830000000000000100, -1.696505349396695000E-016, -4.200000000000000200 ) ) ;
#4263 = LINE ( 'NONE', #4264, #4265 ) ;
#4264 = CARTESIAN_POINT ( 'NONE',  ( 1.740000000000000000, 1.879999999999999900, -3.100000000000000100 ) ) ;
#4265 = VECTOR ( 'NONE', #4266, 1000.000000000000000 ) ;
#4266 = DIRECTION ( 'NONE',  ( 0.0000000000000000000, 0.0000000000000000000, -1.000000000000000000 ) ) ;
#4267 = LINE ( 'NONE', #4268, #4269 ) ;
#4268 = CARTESIAN_POINT ( 'NONE',  ( 0.2497827317608659600, 0.2182608248142310100, 4.141517188251675900 ) ) ;
#4269 = VECTOR ( 'NONE', #4270, 1000.000000000000000 ) ;
#4270 = DIRECTION ( 'NONE',  ( 0.9358779346557388700, -0.3403192489657229600, 0.09118826792913038700 ) ) ;
#4271 = CARTESIAN_POINT ( 'NONE',  ( 10.95999999999999900, 1.629999999999999900, -3.100000000000000100 ) ) ;
#4272 = LINE ( 'NONE', #4273, #4274 ) ;
#4273 = CARTESIAN_POINT ( 'NONE',  ( 1.990000000000000000, 3.250000000000000000, 0.04999999999999939900 ) ) ;
#4274 = VECTOR ( 'NONE', #4275, 1000.000000000000000 ) ;
#4275 = DIRECTION ( 'NONE',  ( 1.000000000000000000, 0.0000000000000000000, 0.0000000000000000000 ) ) ;
#4276 = FACE_OUTER_BOUND ( 'NONE', #6378, .T. ) ;
#4277 = PLANE ( 'NONE',  #4278 ) ;
#4278 = AXIS2_PLACEMENT_3D ( 'NONE', #4279, #4280, #4281 ) ;
#4279 = CARTESIAN_POINT ( 'NONE',  ( 5.879999999999999900, -1.224606353822382200E-017, 4.200000000000000200 ) ) ;
#4280 = DIRECTION ( 'NONE',  ( 0.0000000000000000000, 1.000000000000000000, 1.373916481576093900E-016 ) ) ;
#4281 = DIRECTION ( 'NONE',  ( 0.0000000000000000000, -1.373916481576093900E-016, 1.000000000000000000 ) ) ;
#4282 = LINE ( 'NONE', #4283, #4284 ) ;
#4283 = CARTESIAN_POINT ( 'NONE',  ( 7.370000000000000100, 1.629999999999999900, -3.763242816337275100 ) ) ;
#4284 = VECTOR ( 'NONE', #4285, 999.9999999999998900 ) ;
#4285 = DIRECTION ( 'NONE',  ( 0.0000000000000000000, 0.9659258262890692000, 0.2588190451025176300 ) ) ;
#4286 = VERTEX_POINT ( 'NONE', #3233 ) ;
#4287 = EDGE_CURVE ( 'NONE', #5760, #3195, #3234, .T. ) ;
#4288 = CARTESIAN_POINT ( 'NONE',  ( 9.359999999999999400, 1.629999999999999900, 3.100000000000000100 ) ) ;
#4289 = LINE ( 'NONE', #4290, #4291 ) ;
#4290 = CARTESIAN_POINT ( 'NONE',  ( -0.5500000000000000400, 3.250000000000000000, -0.9499999999999999600 ) ) ;
#4291 = VECTOR ( 'NONE', #4292, 1000.000000000000000 ) ;
#4292 = DIRECTION ( 'NONE',  ( -1.000000000000000000, 0.0000000000000000000, 0.0000000000000000000 ) ) ;
#4293 = CARTESIAN_POINT ( 'NONE',  ( 4.830000000000000100, 0.4000000000000000200, -4.351639368130075300 ) ) ;
#4294 = LINE ( 'NONE', #4295, #4296 ) ;
#4295 = CARTESIAN_POINT ( 'NONE',  ( 0.8000000000000000400, -1.084202172485503900E-016, -4.899999999999999500 ) ) ;
#4296 = VECTOR ( 'NONE', #4297, 1000.000000000000000 ) ;
#4297 = DIRECTION ( 'NONE',  ( -1.000000000000000000, 0.0000000000000000000, 0.0000000000000000000 ) ) ;
#4298 = LINE ( 'NONE', #4299, #4300 ) ;
#4299 = CARTESIAN_POINT ( 'NONE',  ( -1.740000000000000000, 0.6999999999999999600, -3.100000000000000100 ) ) ;
#4300 = VECTOR ( 'NONE', #4301, 1000.000000000000000 ) ;
#4301 = DIRECTION ( 'NONE',  ( 0.0000000000000000000, 0.0000000000000000000, 1.000000000000000000 ) ) ;
#4302 = LINE ( 'NONE', #4303, #4305 ) ;
#4303 = CARTESIAN_POINT ( 'NONE',  ( 0.2500000000000000000, -1.084202172485503900E-016, 4.899999999999999500 ) ) ;
#4304 = EDGE_CURVE ( 'NONE', #4529, #6503, #3249, .T. ) ;
#4305 = VECTOR ( 'NONE', #4306, 1000.000000000000000 ) ;
#4306 = DIRECTION ( 'NONE',  ( 0.0000000000000000000, 0.0000000000000000000, -1.000000000000000000 ) ) ;
#4307 = CARTESIAN_POINT ( 'NONE',  ( 5.629999999999999900, 3.600000000000000100, -0.9499999999999999600 ) ) ;
#4308 = LINE ( 'NONE', #4309, #4310 ) ;
#4309 = CARTESIAN_POINT ( 'NONE',  ( 5.879999999999999900, 1.879999999999999900, -3.100000000000000100 ) ) ;
#4310 = VECTOR ( 'NONE', #4311, 1000.000000000000000 ) ;
#4311 = DIRECTION ( 'NONE',  ( 0.0000000000000000000, 1.000000000000000000, 0.0000000000000000000 ) ) ;
#4312 = CARTESIAN_POINT ( 'NONE',  ( 11.90000000000000000, 3.700000000000000200, -3.100000000000000100 ) ) ;
#4313 = CARTESIAN_POINT ( 'NONE',  ( 4.280000000000000200, 1.629999999999999900, -3.100000000000000100 ) ) ;
#4314 = LINE ( 'NONE', #4315, #4316 ) ;
#4315 = CARTESIAN_POINT ( 'NONE',  ( 1.740000000000000000, 1.629999999999999900, 3.763242816337275100 ) ) ;
#4316 = VECTOR ( 'NONE', #4317, 999.9999999999998900 ) ;
#4317 = DIRECTION ( 'NONE',  ( 0.0000000000000000000, 0.9659258262890692000, -0.2588190451025176300 ) ) ;
#4318 = LINE ( 'NONE', #4319, #4320 ) ;
#4319 = CARTESIAN_POINT ( 'NONE',  ( 8.419999999999999900, 1.629999999999999900, -3.100000000000000100 ) ) ;
#4320 = VECTOR ( 'NONE', #4323, 1000.000000000000000 ) ;
#4321 = ADVANCED_FACE ( 'NONE', ( #3257 ), #3274, .T. ) ;
#4322 = ORIENTED_EDGE ( 'NONE', *, *, #4133, .F. ) ;
#4323 = DIRECTION ( 'NONE',  ( -1.000000000000000000, 0.0000000000000000000, 0.0000000000000000000 ) ) ;
#4324 = LINE ( 'NONE', #4325, #4326 ) ;
#4325 = CARTESIAN_POINT ( 'NONE',  ( -0.2500000000000000000, 0.4000000000000000200, -4.899999999999999500 ) ) ;
#4326 = VECTOR ( 'NONE', #4327, 1000.000000000000000 ) ;
#4327 = DIRECTION ( 'NONE',  ( 0.0000000000000000000, 1.000000000000000000, 0.0000000000000000000 ) ) ;
#4328 = CARTESIAN_POINT ( 'NONE',  ( 2.290000000000000000, -1.696505349396695000E-016, 4.899999999999999500 ) ) ;
#4329 = FACE_OUTER_BOUND ( 'NONE', #467, .T. ) ;
#4330 = PLANE ( 'NONE',  #4331 ) ;
#4331 = AXIS2_PLACEMENT_3D ( 'NONE', #4332, #4333, #4334 ) ;
#4332 = CARTESIAN_POINT ( 'NONE',  ( 5.879999999999999900, 1.629999999999999900, -3.100000000000000100 ) ) ;
#4333 = DIRECTION ( 'NONE',  ( 0.0000000000000000000, -1.000000000000000000, -3.269397408547745100E-016 ) ) ;
#4334 = DIRECTION ( 'NONE',  ( 0.0000000000000000000, 3.269397408547745100E-016, -1.000000000000000000 ) ) ;
#4335 = LINE ( 'NONE', #4336, #4337 ) ;
#4336 = CARTESIAN_POINT ( 'NONE',  ( 7.070000000000000300, 3.250000000000000000, 0.04999999999999939900 ) ) ;
#4337 = VECTOR ( 'NONE', #4338, 1000.000000000000000 ) ;
#4338 = DIRECTION ( 'NONE',  ( 1.000000000000000000, 0.0000000000000000000, 0.0000000000000000000 ) ) ;
#4339 = ORIENTED_EDGE ( 'NONE', *, *, #5914, .T. ) ;
#4340 = LINE ( 'NONE', #4341, #4342 ) ;
#4341 = CARTESIAN_POINT ( 'NONE',  ( 2.790000000000000000, 1.629999999999999900, -3.763242816337275100 ) ) ;
#4342 = VECTOR ( 'NONE', #4343, 999.9999999999998900 ) ;
#4343 = DIRECTION ( 'NONE',  ( 2.618147198306160800E-016, -0.9659258262890692000, -0.2588190451025176300 ) ) ;
#4344 = CARTESIAN_POINT ( 'NONE',  ( 8.419999999999999900, 1.629999999999999900, 3.763242816337275100 ) ) ;
#4345 = LINE ( 'NONE', #4346, #4347 ) ;
#4346 = CARTESIAN_POINT ( 'NONE',  ( 10.95999999999999900, 1.629999999999999900, -3.100000000000000100 ) ) ;
#4347 = VECTOR ( 'NONE', #4348, 1000.000000000000000 ) ;
#4348 = DIRECTION ( 'NONE',  ( -1.000000000000000000, 0.0000000000000000000, 0.0000000000000000000 ) ) ;
#4349 = CARTESIAN_POINT ( 'NONE',  ( 3.265000000000000100, 3.700000000000000200, 1.899999999999999900 ) ) ;
#4350 = FACE_OUTER_BOUND ( 'NONE', #112, .T. ) ;
#4351 = PLANE ( 'NONE',  #4352 ) ;
#4352 = AXIS2_PLACEMENT_3D ( 'NONE', #4353, #4354, #4355 ) ;
#4353 = CARTESIAN_POINT ( 'NONE',  ( 5.879999999999999900, 1.879999999999999900, 3.100000000000000100 ) ) ;
#4354 = DIRECTION ( 'NONE',  ( 0.0000000000000000000, -1.000000000000000000, 0.0000000000000000000 ) ) ;
#4355 = DIRECTION ( 'NONE',  ( 0.0000000000000000000, 0.0000000000000000000, -1.000000000000000000 ) ) ;
#4356 = CARTESIAN_POINT ( 'NONE',  ( -1.740000000000000000, 3.700000000000000200, -3.100000000000000100 ) ) ;
#4357 = CARTESIAN_POINT ( 'NONE',  ( -1.740000000000000000, 3.700000000000000200, 3.100000000000000100 ) ) ;
#4358 = CARTESIAN_POINT ( 'NONE',  ( 10.88500000000000000, 3.250000000000000000, -1.450000000000000000 ) ) ;
#4359 = CARTESIAN_POINT ( 'NONE',  ( 9.910000000000000100, 0.2500000000000000000, -4.391831746994745000 ) ) ;
#4360 = CARTESIAN_POINT ( 'NONE',  ( 4.830000000000000100, 0.2500000000000000000, 4.391831746994739700 ) ) ;
#4361 = LINE ( 'NONE', #4362, #4363 ) ;
#4362 = CARTESIAN_POINT ( 'NONE',  ( 6.895000000000000500, 3.700000000000000200, -1.899999999999999900 ) ) ;
#4363 = VECTOR ( 'NONE', #4364, 1000.000000000000100 ) ;
#4364 = DIRECTION ( 'NONE',  ( 0.0000000000000000000, 0.7071067811865474600, -0.7071067811865474600 ) ) ;
#4365 = LINE ( 'NONE', #4366, #4367 ) ;
#4366 = CARTESIAN_POINT ( 'NONE',  ( 6.231605281959920400, 0.7278564661672429800, -4.004971447684720700 ) ) ;
#4367 = VECTOR ( 'NONE', #4368, 1000.000000000000000 ) ;
#4368 = DIRECTION ( 'NONE',  ( -0.9358779346557388700, -0.3403192489657229600, -0.09118826792913048400 ) ) ;
#4369 = LINE ( 'NONE', #4370, #4371 ) ;
#4370 = CARTESIAN_POINT ( 'NONE',  ( 5.330000000000000100, -1.084202172485503900E-016, 4.899999999999999500 ) ) ;
#4371 = VECTOR ( 'NONE', #4373, 1000.000000000000000 ) ;
#4372 = ORIENTED_EDGE ( 'NONE', *, *, #440, .F. ) ;
#4373 = DIRECTION ( 'NONE',  ( 0.0000000000000000000, 0.0000000000000000000, -1.000000000000000000 ) ) ;
#4374 = LINE ( 'NONE', #4375, #4376 ) ;
#4375 = CARTESIAN_POINT ( 'NONE',  ( 0.8000000000000000400, 0.2500000000000000000, 4.391831746994739700 ) ) ;
#4376 = VECTOR ( 'NONE', #4377, 1000.000000000000000 ) ;
#4377 = DIRECTION ( 'NONE',  ( -1.000000000000000000, 0.0000000000000000000, 0.0000000000000000000 ) ) ;
#4378 = LINE ( 'NONE', #4379, #4380 ) ;
#4379 = CARTESIAN_POINT ( 'NONE',  ( 2.290000000000000000, -1.696505349396695000E-016, 4.899999999999999500 ) ) ;
#4380 = VECTOR ( 'NONE', #4381, 1000.000000000000000 ) ;
#4381 = DIRECTION ( 'NONE',  ( 0.0000000000000000000, 0.0000000000000000000, -1.000000000000000000 ) ) ;
#4382 = LINE ( 'NONE', #4383, #4384 ) ;
#4383 = CARTESIAN_POINT ( 'NONE',  ( 1.814999999999999900, 3.250000000000000000, -1.450000000000000000 ) ) ;
#4384 = VECTOR ( 'NONE', #4385, 1000.000000000000000 ) ;
#4385 = DIRECTION ( 'NONE',  ( 1.000000000000000000, 0.0000000000000000000, 0.0000000000000000000 ) ) ;
#4386 = CARTESIAN_POINT ( 'NONE',  ( 8.419999999999999900, 0.5999999999999999800, -4.298049529643849500 ) ) ;
#4387 = LINE ( 'NONE', #4388, #4391 ) ;
#4388 = CARTESIAN_POINT ( 'NONE',  ( 0.8000000000000000400, 0.5999999999999999800, 3.100000000000000100 ) ) ;
#4389 = EDGE_CURVE ( 'NONE', #586, #579, #3336, .T. ) ;
#4390 = EDGE_CURVE ( 'NONE', #4602, #5798, #3356, .T. ) ;
#4391 = VECTOR ( 'NONE', #4392, 1000.000000000000000 ) ;
#4392 = DIRECTION ( 'NONE',  ( 0.0000000000000000000, 0.0000000000000000000, 1.000000000000000000 ) ) ;
#4393 = LINE ( 'NONE', #4394, #4395 ) ;
#4394 = CARTESIAN_POINT ( 'NONE',  ( 6.231605281959920400, 0.7278564661672440900, 4.004971447684720700 ) ) ;
#4395 = VECTOR ( 'NONE', #4396, 1000.000000000000000 ) ;
#4396 = DIRECTION ( 'NONE',  ( 0.9358779346557388700, 0.3403192489657229600, -0.09118826792913038700 ) ) ;
#4397 = CARTESIAN_POINT ( 'NONE',  ( 2.290000000000000000, -3.016657019669354900E-016, 4.200000000000000200 ) ) ;
#4398 = CARTESIAN_POINT ( 'NONE',  ( 5.879999999999999900, 1.629999999999999900, -3.100000000000000100 ) ) ;
#4399 = CARTESIAN_POINT ( 'NONE',  ( 4.530000000000000200, 3.250000000000000000, -0.9499999999999999600 ) ) ;
#4400 = CARTESIAN_POINT ( 'NONE',  ( 7.870000000000000100, 0.2500000000000000000, -4.391831746994745000 ) ) ;
#4401 = LINE ( 'NONE', #4402, #4403 ) ;
#4402 = CARTESIAN_POINT ( 'NONE',  ( 0.8000000000000000400, 1.879999999999999900, -3.100000000000000100 ) ) ;
#4403 = VECTOR ( 'NONE', #4404, 1000.000000000000000 ) ;
#4404 = DIRECTION ( 'NONE',  ( -1.000000000000000000, 0.0000000000000000000, 0.0000000000000000000 ) ) ;
#4405 = FACE_OUTER_BOUND ( 'NONE', #767, .T. ) ;
#4406 = PLANE ( 'NONE',  #4408 ) ;
#4407 = EDGE_LOOP ( 'NONE', ( #591, #445, #5814, #974 ) ) ;
#4408 = AXIS2_PLACEMENT_3D ( 'NONE', #4409, #4410, #4411 ) ;
#4409 = CARTESIAN_POINT ( 'NONE',  ( 0.8000000000000000400, 1.879999999999999900, -3.100000000000000100 ) ) ;
#4410 = DIRECTION ( 'NONE',  ( -1.000000000000000000, 0.0000000000000000000, 0.0000000000000000000 ) ) ;
#4411 = DIRECTION ( 'NONE',  ( 0.0000000000000000000, 0.0000000000000000000, -1.000000000000000000 ) ) ;
#4412 = CARTESIAN_POINT ( 'NONE',  ( 5.330000000000000100, 0.4000000000000000200, 4.092820323027550200 ) ) ;
#4413 = LINE ( 'NONE', #4414, #4415 ) ;
#4414 = CARTESIAN_POINT ( 'NONE',  ( 0.8000000000000000400, -1.084202172485503900E-016, 4.899999999999999500 ) ) ;
#4415 = VECTOR ( 'NONE', #4416, 1000.000000000000000 ) ;
#4416 = DIRECTION ( 'NONE',  ( -1.000000000000000000, 0.0000000000000000000, 0.0000000000000000000 ) ) ;
#4417 = CARTESIAN_POINT ( 'NONE',  ( 0.2500000000000000000, 0.2500000000000000000, 4.391831746994739700 ) ) ;
#4418 = CARTESIAN_POINT ( 'NONE',  ( 5.879999999999999900, 1.879999999999999900, -3.100000000000000100 ) ) ;
#4419 = FACE_OUTER_BOUND ( 'NONE', #1479, .T. ) ;
#4420 = COLOUR_RGB ( '',1.000000000000000000, 1.000000000000000000, 1.000000000000000000 ) ;
#4421 = FILL_AREA_STYLE_COLOUR ( '', #4420 ) ;
#4422 = FILL_AREA_STYLE ('',( #4421 ) ) ;
#4423 = SURFACE_STYLE_FILL_AREA ( #4422 ) ;
#4424 = EDGE_LOOP ( 'NONE', ( #339, #5676, #6103, #6001 ) ) ;
#4425 = ORIENTED_EDGE ( 'NONE', *, *, #4510, .F. ) ;
#4426 = SURFACE_SIDE_STYLE ('',( #4423 ) ) ;
#4427 = SURFACE_STYLE_USAGE ( .BOTH. , #4426 ) ;
#4428 = PRESENTATION_STYLE_ASSIGNMENT (( #4427 ) ) ;
#4429 = STYLED_ITEM ( 'NONE', ( #4428 ), #1185 ) ;
#4430 = PRESENTATION_LAYER_ASSIGNMENT (  '', '', ( #4429 ) ) ;
#4431 = MECHANICAL_DESIGN_GEOMETRIC_PRESENTATION_REPRESENTATION (  '', ( #4429 ), #4436 ) ;
#4432 =( LENGTH_UNIT ( ) NAMED_UNIT ( * ) SI_UNIT ( .MILLI., .METRE. ) );
#4433 =( NAMED_UNIT ( * ) PLANE_ANGLE_UNIT ( ) SI_UNIT ( $, .RADIAN. ) );
#4434 =( NAMED_UNIT ( * ) SI_UNIT ( $, .STERADIAN. ) SOLID_ANGLE_UNIT ( ) );
#4435 = UNCERTAINTY_MEASURE_WITH_UNIT (LENGTH_MEASURE( 1.000000000000000100E-005 ), #4432, 'distance_accuracy_value', 'NONE');
#4436 =( GEOMETRIC_REPRESENTATION_CONTEXT ( 3 ) GLOBAL_UNCERTAINTY_ASSIGNED_CONTEXT ( ( #4435 ) ) GLOBAL_UNIT_ASSIGNED_CONTEXT ( ( #4432, #4433, #4434 ) ) REPRESENTATION_CONTEXT ( 'NONE', 'WORKASPACE' ) );
#4437 = PLANE ( 'NONE',  #4438 ) ;
#4438 = AXIS2_PLACEMENT_3D ( 'NONE', #4439, #4440, #4441 ) ;
#4439 = CARTESIAN_POINT ( 'NONE',  ( -1.740000000000000000, 3.600000000000000100, -3.100000000000000100 ) ) ;
#4440 = DIRECTION ( 'NONE',  ( 0.0000000000000000000, 1.000000000000000000, 0.0000000000000000000 ) ) ;
#4441 = DIRECTION ( 'NONE',  ( 0.0000000000000000000, 0.0000000000000000000, 1.000000000000000000 ) ) ;
#4442 = ORIENTED_EDGE ( 'NONE', *, *, #504, .T. ) ;
#4443 = VERTEX_POINT ( 'NONE', #3388 ) ;
#4444 = LINE ( 'NONE', #4445, #4446 ) ;
#4445 = CARTESIAN_POINT ( 'NONE',  ( 5.329782731760869500, 0.2182608248142310100, -4.141517188251679500 ) ) ;
#4446 = VECTOR ( 'NONE', #4447, 1000.000000000000000 ) ;
#4447 = DIRECTION ( 'NONE',  ( -0.9358779346557388700, 0.3403192489657229600, 0.09118826792913038700 ) ) ;
#4448 = LINE ( 'NONE', #4449, #4450 ) ;
#4449 = CARTESIAN_POINT ( 'NONE',  ( 2.790000000000000000, 0.2500000000000000000, -4.391831746994739700 ) ) ;
#4450 = VECTOR ( 'NONE', #4451, 1000.000000000000000 ) ;
#4451 = DIRECTION ( 'NONE',  ( 2.891498888091015800E-032, -1.066774799560611900E-016, 1.000000000000000000 ) ) ;
#4452 = CARTESIAN_POINT ( 'NONE',  ( 10.41000000000000000, 0.4000000000000000200, 4.092820323027550200 ) ) ;
#4453 = CARTESIAN_POINT ( 'NONE',  ( -0.2500000000000000000, -1.696505349396695000E-016, -4.899999999999999500 ) ) ;
#4454 = CARTESIAN_POINT ( 'NONE',  ( 0.8000000000000000400, 1.879999999999999900, -3.100000000000000100 ) ) ;
#4455 = LINE ( 'NONE', #4456, #4457 ) ;
#4456 = CARTESIAN_POINT ( 'NONE',  ( 10.41000000000000000, -1.084202172485503900E-016, -4.899999999999999500 ) ) ;
#4457 = VECTOR ( 'NONE', #4458, 1000.000000000000000 ) ;
#4458 = DIRECTION ( 'NONE',  ( 0.0000000000000000000, 0.0000000000000000000, 1.000000000000000000 ) ) ;
#4459 = LINE ( 'NONE', #4460, #4461 ) ;
#4460 = CARTESIAN_POINT ( 'NONE',  ( 9.435000000000000500, 3.700000000000000200, 1.899999999999999900 ) ) ;
#4461 = VECTOR ( 'NONE', #4462, 1000.000000000000100 ) ;
#4462 = DIRECTION ( 'NONE',  ( 0.0000000000000000000, -0.7071067811865474600, -0.7071067811865474600 ) ) ;
#4463 = CARTESIAN_POINT ( 'NONE',  ( 4.830000000000000100, 0.2500000000000000000, -4.899999999999999500 ) ) ;
#4464 = LINE ( 'NONE', #4465, #4466 ) ;
#4465 = CARTESIAN_POINT ( 'NONE',  ( 10.95999999999999900, 1.629999999999999900, -3.763242816337275100 ) ) ;
#4466 = VECTOR ( 'NONE', #4467, 999.9999999999998900 ) ;
#4467 = DIRECTION ( 'NONE',  ( 0.0000000000000000000, 0.9659258262890692000, 0.2588190451025176300 ) ) ;
#4468 = LINE ( 'NONE', #4469, #4470 ) ;
#4469 = CARTESIAN_POINT ( 'NONE',  ( -0.2500000000000000000, 0.2500000000000000000, -4.391831746994739700 ) ) ;
#4470 = VECTOR ( 'NONE', #4471, 1000.000000000000000 ) ;
#4471 = DIRECTION ( 'NONE',  ( 0.0000000000000000000, 1.066774799560611900E-016, -1.000000000000000000 ) ) ;
#4472 = CARTESIAN_POINT ( 'NONE',  ( -0.8000000000000000400, 1.879999999999999900, -3.100000000000000100 ) ) ;
#4473 = CARTESIAN_POINT ( 'NONE',  ( 8.345000000000000600, 3.700000000000000200, -1.899999999999999900 ) ) ;
#4474 = CARTESIAN_POINT ( 'NONE',  ( 4.830000000000000100, 0.4000000000000000200, -4.092820323027554600 ) ) ;
#4475 = LINE ( 'NONE', #4478, #4479 ) ;
#4476 = VERTEX_POINT ( 'NONE', #3446 ) ;
#4477 = VERTEX_POINT ( 'NONE', #3451 ) ;
#4478 = CARTESIAN_POINT ( 'NONE',  ( 10.95999999999999900, 1.879999999999999900, -3.100000000000000100 ) ) ;
#4479 = VECTOR ( 'NONE', #4480, 1000.000000000000000 ) ;
#4480 = DIRECTION ( 'NONE',  ( 0.0000000000000000000, 1.000000000000000000, 0.0000000000000000000 ) ) ;
#4481 = FACE_OUTER_BOUND ( 'NONE', #2, .T. ) ;
#4482 = PLANE ( 'NONE',  #4483 ) ;
#4483 = AXIS2_PLACEMENT_3D ( 'NONE', #4484, #4485, #4486 ) ;
#4484 = CARTESIAN_POINT ( 'NONE',  ( 3.340000000000000300, 1.879999999999999900, -3.955074563332020300 ) ) ;
#4485 = DIRECTION ( 'NONE',  ( 0.0000000000000000000, 0.2588190451025175800, -0.9659258262890692000 ) ) ;
#4486 = DIRECTION ( 'NONE',  ( 0.0000000000000000000, 0.9659258262890692000, 0.2588190451025175800 ) ) ;
#4487 = LINE ( 'NONE', #4488, #4489 ) ;
#4488 = CARTESIAN_POINT ( 'NONE',  ( 5.805000000000000600, 3.250000000000000000, -1.450000000000000000 ) ) ;
#4489 = VECTOR ( 'NONE', #4490, 1000.000000000000000 ) ;
#4490 = DIRECTION ( 'NONE',  ( 0.0000000000000000000, 0.0000000000000000000, -1.000000000000000000 ) ) ;
#4491 = LINE ( 'NONE', #4492, #4493 ) ;
#4492 = CARTESIAN_POINT ( 'NONE',  ( -0.8000000000000000400, 1.629999999999999900, 3.100000000000000100 ) ) ;
#4493 = VECTOR ( 'NONE', #4494, 1000.000000000000000 ) ;
#4494 = DIRECTION ( 'NONE',  ( 0.0000000000000000000, -3.269397408547745100E-016, -1.000000000000000000 ) ) ;
#4495 = LINE ( 'NONE', #4496, #4497 ) ;
#4496 = CARTESIAN_POINT ( 'NONE',  ( 5.879999999999999900, -1.224606353822382200E-017, 4.200000000000000200 ) ) ;
#4497 = VECTOR ( 'NONE', #4498, 1000.000000000000000 ) ;
#4498 = DIRECTION ( 'NONE',  ( -1.000000000000000000, 0.0000000000000000000, 0.0000000000000000000 ) ) ;
#4499 = CARTESIAN_POINT ( 'NONE',  ( -0.2500000000000000000, 0.2500000000000000000, -4.391831746994739700 ) ) ;
#4500 = LINE ( 'NONE', #4501, #4502 ) ;
#4501 = CARTESIAN_POINT ( 'NONE',  ( 8.419999999999999900, 1.879999999999999900, -3.955074563332020300 ) ) ;
#4502 = VECTOR ( 'NONE', #4503, 1000.000000000000000 ) ;
#4503 = DIRECTION ( 'NONE',  ( -1.000000000000000000, 0.0000000000000000000, 0.0000000000000000000 ) ) ;
#4504 = CARTESIAN_POINT ( 'NONE',  ( 4.280000000000000200, 0.5999999999999999800, -4.039230484541330500 ) ) ;
#4505 = LINE ( 'NONE', #4506, #4507 ) ;
#4506 = CARTESIAN_POINT ( 'NONE',  ( -0.2500000000000000000, 0.4000000000000000200, 4.899999999999999500 ) ) ;
#4507 = VECTOR ( 'NONE', #4508, 1000.000000000000000 ) ;
#4508 = DIRECTION ( 'NONE',  ( 0.0000000000000000000, 0.0000000000000000000, -1.000000000000000000 ) ) ;
#4509 = LINE ( 'NONE', #4513, #4514 ) ;
#4510 = EDGE_CURVE ( 'NONE', #614, #409, #3484, .T. ) ;
#4511 = EDGE_CURVE ( 'NONE', #5964, #5792, #3488, .T. ) ;
#4512 = ADVANCED_FACE ( 'NONE', ( #3494 ), #3495, .F. ) ;
#4513 = CARTESIAN_POINT ( 'NONE',  ( 8.856946369814268700, 0.7588895890233710000, 4.255475192579324600 ) ) ;
#4514 = VECTOR ( 'NONE', #4515, 1000.000000000000000 ) ;
#4515 = DIRECTION ( 'NONE',  ( -0.9358779346557388700, -0.3403192489657229600, 0.09118826792913038700 ) ) ;
#4516 = CARTESIAN_POINT ( 'NONE',  ( -0.7249999999999999800, 3.250000000000000000, -1.450000000000000000 ) ) ;
#4517 = CARTESIAN_POINT ( 'NONE',  ( 3.340000000000000300, 0.5999999999999999800, 4.298049529643849500 ) ) ;
#4518 = FACE_OUTER_BOUND ( 'NONE', #721, .T. ) ;
#4519 = PLANE ( 'NONE',  #4520 ) ;
#4520 = AXIS2_PLACEMENT_3D ( 'NONE', #4521, #4522, #4523 ) ;
#4521 = CARTESIAN_POINT ( 'NONE',  ( 0.8000000000000000400, 0.2500000000000000000, -4.391831746994739700 ) ) ;
#4522 = DIRECTION ( 'NONE',  ( 0.0000000000000000000, 1.000000000000000000, 1.066774799560611900E-016 ) ) ;
#4523 = DIRECTION ( 'NONE',  ( 0.0000000000000000000, -1.066774799560611900E-016, 1.000000000000000000 ) ) ;
#4524 = CARTESIAN_POINT ( 'NONE',  ( 5.879999999999999900, 1.879999999999999900, 3.955074563332020300 ) ) ;
#4525 = LINE ( 'NONE', #4526, #4527 ) ;
#4526 = CARTESIAN_POINT ( 'NONE',  ( 2.790000000000000000, 1.629999999999999900, 3.763242816337275100 ) ) ;
#4527 = VECTOR ( 'NONE', #4528, 999.9999999999998900 ) ;
#4528 = DIRECTION ( 'NONE',  ( -2.618147198306160800E-016, 0.9659258262890692000, -0.2588190451025176300 ) ) ;
#4529 = VERTEX_POINT ( 'NONE', #3505 ) ;
#4530 = ORIENTED_EDGE ( 'NONE', *, *, #5565, .F. ) ;
#4531 = ORIENTED_EDGE ( 'NONE', *, *, #5633, .F. ) ;
#4532 = LINE ( 'NONE', #4533, #4534 ) ;
#4533 = CARTESIAN_POINT ( 'NONE',  ( 9.910000000000000100, 0.4000000000000000200, -4.899999999999999500 ) ) ;
#4534 = VECTOR ( 'NONE', #4535, 1000.000000000000000 ) ;
#4535 = DIRECTION ( 'NONE',  ( 0.0000000000000000000, 1.000000000000000000, 0.0000000000000000000 ) ) ;
#4536 = LINE ( 'NONE', #4537, #4538 ) ;
#4537 = CARTESIAN_POINT ( 'NONE',  ( 5.879999999999999900, -1.084202172485503900E-016, 4.899999999999999500 ) ) ;
#4538 = VECTOR ( 'NONE', #4539, 1000.000000000000000 ) ;
#4539 = DIRECTION ( 'NONE',  ( -1.000000000000000000, 0.0000000000000000000, 0.0000000000000000000 ) ) ;
#4540 = LINE ( 'NONE', #4541, #4542 ) ;
#4541 = CARTESIAN_POINT ( 'NONE',  ( 2.789782731760865000, 0.2182608248142310100, 4.141517188251675900 ) ) ;
#4542 = VECTOR ( 'NONE', #4543, 1000.000000000000000 ) ;
#4543 = DIRECTION ( 'NONE',  ( 0.9358779346557388700, -0.3403192489657229600, 0.09118826792913038700 ) ) ;
#4544 = LINE ( 'NONE', #4545, #4546 ) ;
#4545 = CARTESIAN_POINT ( 'NONE',  ( 8.419999999999999900, 1.629999999999999900, -3.100000000000000100 ) ) ;
#4546 = VECTOR ( 'NONE', #4547, 1000.000000000000000 ) ;
#4547 = DIRECTION ( 'NONE',  ( 0.0000000000000000000, -3.269397408547745100E-016, 1.000000000000000000 ) ) ;
#4548 = ORIENTED_EDGE ( 'NONE', *, *, #309, .F. ) ;
#4549 = EDGE_LOOP ( 'NONE', ( #5875, #5563, #5754, #6041, #5543, #661 ) ) ;
#4550 = FACE_OUTER_BOUND ( 'NONE', #2057, .T. ) ;
#4551 = COLOUR_RGB ( '',1.000000000000000000, 1.000000000000000000, 1.000000000000000000 ) ;
#4552 = FILL_AREA_STYLE_COLOUR ( '', #4551 ) ;
#4553 = FILL_AREA_STYLE ('',( #4552 ) ) ;
#4554 = SURFACE_STYLE_FILL_AREA ( #4553 ) ;
#4555 = SURFACE_SIDE_STYLE ('',( #4554 ) ) ;
#4556 = SURFACE_STYLE_USAGE ( .BOTH. , #4555 ) ;
#4557 = PRESENTATION_STYLE_ASSIGNMENT (( #4556 ) ) ;
#4558 = STYLED_ITEM ( 'NONE', ( #4557 ), #1768 ) ;
#4559 = PRESENTATION_LAYER_ASSIGNMENT (  '', '', ( #4558 ) ) ;
#4560 = MECHANICAL_DESIGN_GEOMETRIC_PRESENTATION_REPRESENTATION (  '', ( #4558 ), #4565 ) ;
#4561 =( LENGTH_UNIT ( ) NAMED_UNIT ( * ) SI_UNIT ( .MILLI., .METRE. ) );
#4562 =( NAMED_UNIT ( * ) PLANE_ANGLE_UNIT ( ) SI_UNIT ( $, .RADIAN. ) );
#4563 =( NAMED_UNIT ( * ) SI_UNIT ( $, .STERADIAN. ) SOLID_ANGLE_UNIT ( ) );
#4564 = UNCERTAINTY_MEASURE_WITH_UNIT (LENGTH_MEASURE( 1.000000000000000100E-005 ), #4561, 'distance_accuracy_value', 'NONE');
#4565 =( GEOMETRIC_REPRESENTATION_CONTEXT ( 3 ) GLOBAL_UNCERTAINTY_ASSIGNED_CONTEXT ( ( #4564 ) ) GLOBAL_UNIT_ASSIGNED_CONTEXT ( ( #4561, #4562, #4563 ) ) REPRESENTATION_CONTEXT ( 'NONE', 'WORKASPACE' ) );
#4566 = EDGE_LOOP ( 'NONE', ( #746, #936, #3753, #5921 ) ) ;
#4567 = ORIENTED_EDGE ( 'NONE', *, *, #5908, .F. ) ;
#4568 = ORIENTED_EDGE ( 'NONE', *, *, #3629, .F. ) ;
#4569 = PLANE ( 'NONE',  #4570 ) ;
#4570 = AXIS2_PLACEMENT_3D ( 'NONE', #4571, #4572, #4573 ) ;
#4571 = CARTESIAN_POINT ( 'NONE',  ( -0.5500000000000000400, 5.186606874731849900, -0.9499999999999999600 ) ) ;
#4572 = DIRECTION ( 'NONE',  ( 0.0000000000000000000, 0.0000000000000000000, 1.000000000000000000 ) ) ;
#4573 = DIRECTION ( 'NONE',  ( 1.000000000000000000, 0.0000000000000000000, 0.0000000000000000000 ) ) ;
#4574 = LINE ( 'NONE', #4575, #4576 ) ;
#4575 = CARTESIAN_POINT ( 'NONE',  ( 3.691605281959919900, 0.7278564661672440900, -4.004971447684720700 ) ) ;
#4576 = VECTOR ( 'NONE', #4577, 1000.000000000000000 ) ;
#4577 = DIRECTION ( 'NONE',  ( -0.9358779346557388700, -0.3403192489657229600, -0.09118826792913038700 ) ) ;
#4578 = LINE ( 'NONE', #4579, #4580 ) ;
#4579 = CARTESIAN_POINT ( 'NONE',  ( 3.340000000000000300, 1.879999999999999900, -3.100000000000000100 ) ) ;
#4580 = VECTOR ( 'NONE', #4581, 1000.000000000000000 ) ;
#4581 = DIRECTION ( 'NONE',  ( -1.000000000000000000, 0.0000000000000000000, 0.0000000000000000000 ) ) ;
#4582 = FACE_OUTER_BOUND ( 'NONE', #6143, .T. ) ;
#4583 = COLOUR_RGB ( '',1.000000000000000000, 1.000000000000000000, 1.000000000000000000 ) ;
#4584 = FILL_AREA_STYLE_COLOUR ( '', #4583 ) ;
#4585 = FILL_AREA_STYLE ('',( #4584 ) ) ;
#4586 = SURFACE_STYLE_FILL_AREA ( #4585 ) ;
#4587 = SURFACE_SIDE_STYLE ('',( #4586 ) ) ;
#4588 = SURFACE_STYLE_USAGE ( .BOTH. , #4587 ) ;
#4589 = PRESENTATION_STYLE_ASSIGNMENT (( #4588 ) ) ;
#4590 = STYLED_ITEM ( 'NONE', ( #4589 ), #1801 ) ;
#4591 = PRESENTATION_LAYER_ASSIGNMENT (  '', '', ( #4590 ) ) ;
#4592 = MECHANICAL_DESIGN_GEOMETRIC_PRESENTATION_REPRESENTATION (  '', ( #4590 ), #4597 ) ;
#4593 =( LENGTH_UNIT ( ) NAMED_UNIT ( * ) SI_UNIT ( .MILLI., .METRE. ) );
#4594 =( NAMED_UNIT ( * ) PLANE_ANGLE_UNIT ( ) SI_UNIT ( $, .RADIAN. ) );
#4595 =( NAMED_UNIT ( * ) SI_UNIT ( $, .STERADIAN. ) SOLID_ANGLE_UNIT ( ) );
#4596 = UNCERTAINTY_MEASURE_WITH_UNIT (LENGTH_MEASURE( 1.000000000000000100E-005 ), #4593, 'distance_accuracy_value', 'NONE');
#4597 =( GEOMETRIC_REPRESENTATION_CONTEXT ( 3 ) GLOBAL_UNCERTAINTY_ASSIGNED_CONTEXT ( ( #4596 ) ) GLOBAL_UNIT_ASSIGNED_CONTEXT ( ( #4593, #4594, #4595 ) ) REPRESENTATION_CONTEXT ( 'NONE', 'WORKASPACE' ) );
#4598 = PLANE ( 'NONE',  #4599 ) ;
#4599 = AXIS2_PLACEMENT_3D ( 'NONE', #4600, #4603, #4604 ) ;
#4600 = CARTESIAN_POINT ( 'NONE',  ( 4.530000000000000200, 5.186606874731849900, 0.04999999999999939900 ) ) ;
#4601 = ORIENTED_EDGE ( 'NONE', *, *, #135, .T. ) ;
#4602 = VERTEX_POINT ( 'NONE', #3539 ) ;
#4603 = DIRECTION ( 'NONE',  ( 0.0000000000000000000, 0.0000000000000000000, -1.000000000000000000 ) ) ;
#4604 = DIRECTION ( 'NONE',  ( -1.000000000000000000, 0.0000000000000000000, 0.0000000000000000000 ) ) ;
#4605 = FACE_OUTER_BOUND ( 'NONE', #2126, .T. ) ;
#4606 = COLOUR_RGB ( '',1.000000000000000000, 1.000000000000000000, 1.000000000000000000 ) ;
#4607 = FILL_AREA_STYLE_COLOUR ( '', #4606 ) ;
#4608 = FILL_AREA_STYLE ('',( #4607 ) ) ;
#4609 = SURFACE_STYLE_FILL_AREA ( #4608 ) ;
#4610 = SURFACE_SIDE_STYLE ('',( #4609 ) ) ;
#4611 = SURFACE_STYLE_USAGE ( .BOTH. , #4610 ) ;
#4612 = PRESENTATION_STYLE_ASSIGNMENT (( #4611 ) ) ;
#4613 = STYLED_ITEM ( 'NONE', ( #4612 ), #1834 ) ;
#4614 = PRESENTATION_LAYER_ASSIGNMENT (  '', '', ( #4613 ) ) ;
#4615 = MECHANICAL_DESIGN_GEOMETRIC_PRESENTATION_REPRESENTATION (  '', ( #4613 ), #4621 ) ;
#4616 =( LENGTH_UNIT ( ) NAMED_UNIT ( * ) SI_UNIT ( .MILLI., .METRE. ) );
#4617 =( NAMED_UNIT ( * ) PLANE_ANGLE_UNIT ( ) SI_UNIT ( $, .RADIAN. ) );
#4618 =( NAMED_UNIT ( * ) SI_UNIT ( $, .STERADIAN. ) SOLID_ANGLE_UNIT ( ) );
#4619 = ORIENTED_EDGE ( 'NONE', *, *, #5804, .F. ) ;
#4620 = UNCERTAINTY_MEASURE_WITH_UNIT (LENGTH_MEASURE( 1.000000000000000100E-005 ), #4616, 'distance_accuracy_value', 'NONE');
#4621 =( GEOMETRIC_REPRESENTATION_CONTEXT ( 3 ) GLOBAL_UNCERTAINTY_ASSIGNED_CONTEXT ( ( #4620 ) ) GLOBAL_UNIT_ASSIGNED_CONTEXT ( ( #4616, #4617, #4618 ) ) REPRESENTATION_CONTEXT ( 'NONE', 'WORKASPACE' ) );
#4622 = PLANE ( 'NONE',  #4623 ) ;
#4623 = AXIS2_PLACEMENT_3D ( 'NONE', #4624, #4625, #4626 ) ;
#4624 = CARTESIAN_POINT ( 'NONE',  ( 3.089999999999999900, 5.186606874731849900, -0.9499999999999999600 ) ) ;
#4625 = DIRECTION ( 'NONE',  ( -1.000000000000000000, 0.0000000000000000000, 0.0000000000000000000 ) ) ;
#4626 = DIRECTION ( 'NONE',  ( 0.0000000000000000000, 0.0000000000000000000, 1.000000000000000000 ) ) ;
#4627 = CARTESIAN_POINT ( 'NONE',  ( 5.330000000000000100, -1.084202172485503900E-016, 4.899999999999999500 ) ) ;
#4628 = CARTESIAN_POINT ( 'NONE',  ( 1.740000000000000000, 0.5999999999999999800, 4.039230484541330500 ) ) ;
#4629 = LINE ( 'NONE', #4630, #4631 ) ;
#4630 = CARTESIAN_POINT ( 'NONE',  ( 5.879999999999999900, -1.224606353822382200E-017, -4.200000000000000200 ) ) ;
#4631 = VECTOR ( 'NONE', #4632, 1000.000000000000000 ) ;
#4632 = DIRECTION ( 'NONE',  ( -1.000000000000000000, 0.0000000000000000000, 0.0000000000000000000 ) ) ;
#4633 = LINE ( 'NONE', #4634, #4635 ) ;
#4634 = CARTESIAN_POINT ( 'NONE',  ( 7.370000000000000100, 0.4000000000000000200, -4.899999999999999500 ) ) ;
#4635 = VECTOR ( 'NONE', #4637, 1000.000000000000000 ) ;
#4636 = ORIENTED_EDGE ( 'NONE', *, *, #4390, .F. ) ;
#4637 = DIRECTION ( 'NONE',  ( 0.0000000000000000000, 1.000000000000000000, 0.0000000000000000000 ) ) ;
#4638 = CARTESIAN_POINT ( 'NONE',  ( 1.740000000000000000, 1.879999999999999900, -3.100000000000000100 ) ) ;
#4639 = LINE ( 'NONE', #4640, #4641 ) ;
#4640 = CARTESIAN_POINT ( 'NONE',  ( 9.910000000000000100, 1.879999999999999900, -3.955074563332020300 ) ) ;
#4641 = VECTOR ( 'NONE', #4642, 999.9999999999998900 ) ;
#4642 = DIRECTION ( 'NONE',  ( 0.0000000000000000000, -0.9659258262890692000, -0.2588190451025176300 ) ) ;
#4643 = LINE ( 'NONE', #4644, #4645 ) ;
#4644 = CARTESIAN_POINT ( 'NONE',  ( 3.340000000000000300, -1.224606353822382200E-017, 4.200000000000000200 ) ) ;
#4645 = VECTOR ( 'NONE', #4646, 1000.000000000000000 ) ;
#4646 = DIRECTION ( 'NONE',  ( -1.000000000000000000, 0.0000000000000000000, 0.0000000000000000000 ) ) ;
#4647 = LINE ( 'NONE', #4648, #4649 ) ;
#4648 = CARTESIAN_POINT ( 'NONE',  ( 0.8000000000000000400, 1.629999999999999900, -3.763242816337275100 ) ) ;
#4649 = VECTOR ( 'NONE', #4650, 999.9999999999998900 ) ;
#4650 = DIRECTION ( 'NONE',  ( 0.0000000000000000000, 0.9659258262890692000, 0.2588190451025176300 ) ) ;
#4651 = LINE ( 'NONE', #4652, #4653 ) ;
#4652 = CARTESIAN_POINT ( 'NONE',  ( -0.7249999999999999800, 3.250000000000000000, -1.450000000000000000 ) ) ;
#4653 = VECTOR ( 'NONE', #4654, 1000.000000000000000 ) ;
#4654 = DIRECTION ( 'NONE',  ( 0.0000000000000000000, 0.0000000000000000000, -1.000000000000000000 ) ) ;
#4655 = LINE ( 'NONE', #4656, #4657 ) ;
#4656 = CARTESIAN_POINT ( 'NONE',  ( 1.740000000000000000, 1.879999999999999900, 3.955074563332020300 ) ) ;
#4657 = VECTOR ( 'NONE', #4658, 999.9999999999998900 ) ;
#4658 = DIRECTION ( 'NONE',  ( 0.0000000000000000000, -0.9659258262890692000, 0.2588190451025176300 ) ) ;
#4659 = CARTESIAN_POINT ( 'NONE',  ( 9.435000000000000500, 3.700000000000000200, 1.899999999999999900 ) ) ;
#4660 = CARTESIAN_POINT ( 'NONE',  ( 4.355000000000000400, 3.250000000000000000, -1.450000000000000000 ) ) ;
#4661 = LINE ( 'NONE', #4662, #4663 ) ;
#4662 = CARTESIAN_POINT ( 'NONE',  ( 7.370000000000000100, -1.696505349396695000E-016, -4.899999999999999500 ) ) ;
#4663 = VECTOR ( 'NONE', #4664, 1000.000000000000000 ) ;
#4664 = DIRECTION ( 'NONE',  ( 0.0000000000000000000, 0.0000000000000000000, 1.000000000000000000 ) ) ;
#4665 = CARTESIAN_POINT ( 'NONE',  ( 0.5500000000000000400, 3.250000000000000000, 0.05000000000000000300 ) ) ;
#4666 = CARTESIAN_POINT ( 'NONE',  ( 0.8000000000000000400, 1.879999999999999900, -3.955074563332020300 ) ) ;
#4667 = CARTESIAN_POINT ( 'NONE',  ( 1.740000000000000000, 0.5999999999999999800, 4.298049529643849500 ) ) ;
#4668 = CARTESIAN_POINT ( 'NONE',  ( 9.610000000000001200, 3.250000000000000000, -0.9499999999999999600 ) ) ;
#4669 = ORIENTED_EDGE ( 'NONE', *, *, #2478, .F. ) ;
#4670 = ADVANCED_FACE ( 'NONE', ( #3616 ), #3617, .F. ) ;
#4671 = CARTESIAN_POINT ( 'NONE',  ( 2.790000000000000000, -1.084202172485503900E-016, 4.200000000000000200 ) ) ;
#4672 = LINE ( 'NONE', #4673, #4674 ) ;
#4673 = CARTESIAN_POINT ( 'NONE',  ( 7.070000000000000300, 3.250000000000000000, -0.9499999999999999600 ) ) ;
#4674 = VECTOR ( 'NONE', #4675, 1000.000000000000000 ) ;
#4675 = DIRECTION ( 'NONE',  ( 0.0000000000000000000, 0.0000000000000000000, 1.000000000000000000 ) ) ;
#4676 = CARTESIAN_POINT ( 'NONE',  ( 5.330000000000000100, -1.084202172485503900E-016, -4.200000000000000200 ) ) ;
#4677 = LINE ( 'NONE', #4678, #4679 ) ;
#4678 = CARTESIAN_POINT ( 'NONE',  ( 1.740000000000000000, 0.5999999999999999800, -3.100000000000000100 ) ) ;
#4679 = VECTOR ( 'NONE', #4680, 1000.000000000000000 ) ;
#4680 = DIRECTION ( 'NONE',  ( 0.0000000000000000000, 0.0000000000000000000, -1.000000000000000000 ) ) ;
#4681 = LINE ( 'NONE', #4682, #4683 ) ;
#4682 = CARTESIAN_POINT ( 'NONE',  ( 0.8000000000000000400, 1.629999999999999900, -3.763242816337275100 ) ) ;
#4683 = VECTOR ( 'NONE', #4684, 1000.000000000000000 ) ;
#4684 = DIRECTION ( 'NONE',  ( -1.000000000000000000, 0.0000000000000000000, 0.0000000000000000000 ) ) ;
#4685 = LINE ( 'NONE', #4686, #4688 ) ;
#4686 = CARTESIAN_POINT ( 'NONE',  ( 9.910000000000000100, 1.879999999999999900, 3.955074563332015000 ) ) ;
#4687 = EDGE_CURVE ( 'NONE', #6451, #4839, #3626, .T. ) ;
#4688 = VECTOR ( 'NONE', #4689, 999.9999999999998900 ) ;
#4689 = DIRECTION ( 'NONE',  ( 0.0000000000000000000, 0.9659258262890692000, -0.2588190451025176300 ) ) ;
#4690 = LINE ( 'NONE', #4691, #4692 ) ;
#4691 = CARTESIAN_POINT ( 'NONE',  ( 1.814999999999999900, 3.700000000000000200, 1.899999999999999900 ) ) ;
#4692 = VECTOR ( 'NONE', #4693, 1000.000000000000000 ) ;
#4693 = DIRECTION ( 'NONE',  ( 1.000000000000000000, 0.0000000000000000000, 0.0000000000000000000 ) ) ;
#4694 = LINE ( 'NONE', #4695, #4696 ) ;
#4695 = CARTESIAN_POINT ( 'NONE',  ( 0.8000000000000000400, -1.224606353822382200E-017, -4.200000000000000200 ) ) ;
#4696 = VECTOR ( 'NONE', #4697, 1000.000000000000000 ) ;
#4697 = DIRECTION ( 'NONE',  ( -1.000000000000000000, 0.0000000000000000000, 0.0000000000000000000 ) ) ;
#4698 = LINE ( 'NONE', #4699, #4700 ) ;
#4699 = CARTESIAN_POINT ( 'NONE',  ( 5.879999999999999900, 1.879999999999999900, 3.100000000000000100 ) ) ;
#4700 = VECTOR ( 'NONE', #4701, 1000.000000000000000 ) ;
#4701 = DIRECTION ( 'NONE',  ( -1.000000000000000000, 0.0000000000000000000, 0.0000000000000000000 ) ) ;
#4702 = LINE ( 'NONE', #4703, #4705 ) ;
#4703 = CARTESIAN_POINT ( 'NONE',  ( 5.330000000000000100, 0.4000000000000000200, 4.899999999999999500 ) ) ;
#4704 = ORIENTED_EDGE ( 'NONE', *, *, #5733, .F. ) ;
#4705 = VECTOR ( 'NONE', #4706, 1000.000000000000000 ) ;
#4706 = DIRECTION ( 'NONE',  ( 2.710505431213760100E-016, -1.000000000000000000, 0.0000000000000000000 ) ) ;
#4707 = CARTESIAN_POINT ( 'NONE',  ( 0.2500000000000000000, -1.084202172485503900E-016, -4.200000000000000200 ) ) ;
#4708 = LINE ( 'NONE', #4709, #4710 ) ;
#4709 = CARTESIAN_POINT ( 'NONE',  ( 5.330000000000000100, 0.4000000000000000200, 4.899999999999999500 ) ) ;
#4710 = VECTOR ( 'NONE', #4711, 1000.000000000000000 ) ;
#4711 = DIRECTION ( 'NONE',  ( 0.0000000000000000000, 0.0000000000000000000, -1.000000000000000000 ) ) ;
#4712 = CARTESIAN_POINT ( 'NONE',  ( 7.370000000000000100, -1.696505349396695000E-016, -4.899999999999999500 ) ) ;
#4713 = CARTESIAN_POINT ( 'NONE',  ( -0.2500000000000000000, 0.2500000000000000000, 4.391831746994739700 ) ) ;
#4714 = LINE ( 'NONE', #4715, #4716 ) ;
#4715 = CARTESIAN_POINT ( 'NONE',  ( 5.879999999999999900, 1.879999999999999900, -3.100000000000000100 ) ) ;
#4716 = VECTOR ( 'NONE', #4717, 1000.000000000000000 ) ;
#4717 = DIRECTION ( 'NONE',  ( -1.000000000000000000, 0.0000000000000000000, 0.0000000000000000000 ) ) ;
#4718 = FACE_OUTER_BOUND ( 'NONE', #2496, .T. ) ;
#4719 = COLOUR_RGB ( '',1.000000000000000000, 1.000000000000000000, 1.000000000000000000 ) ;
#4720 = FILL_AREA_STYLE_COLOUR ( '', #4719 ) ;
#4721 = FILL_AREA_STYLE ('',( #4720 ) ) ;
#4722 = SURFACE_STYLE_FILL_AREA ( #4721 ) ;
#4723 = SURFACE_SIDE_STYLE ('',( #4722 ) ) ;
#4724 = SURFACE_STYLE_USAGE ( .BOTH. , #4723 ) ;
#4725 = PRESENTATION_STYLE_ASSIGNMENT (( #4724 ) ) ;
#4726 = STYLED_ITEM ( 'NONE', ( #4725 ), #2233 ) ;
#4727 = PRESENTATION_LAYER_ASSIGNMENT (  '', '', ( #4726 ) ) ;
#4728 = MECHANICAL_DESIGN_GEOMETRIC_PRESENTATION_REPRESENTATION (  '', ( #4726 ), #4733 ) ;
#4729 =( LENGTH_UNIT ( ) NAMED_UNIT ( * ) SI_UNIT ( .MILLI., .METRE. ) );
#4730 =( NAMED_UNIT ( * ) PLANE_ANGLE_UNIT ( ) SI_UNIT ( $, .RADIAN. ) );
#4731 =( NAMED_UNIT ( * ) SI_UNIT ( $, .STERADIAN. ) SOLID_ANGLE_UNIT ( ) );
#4732 = UNCERTAINTY_MEASURE_WITH_UNIT (LENGTH_MEASURE( 1.000000000000000100E-005 ), #4729, 'distance_accuracy_value', 'NONE');
#4733 =( GEOMETRIC_REPRESENTATION_CONTEXT ( 3 ) GLOBAL_UNCERTAINTY_ASSIGNED_CONTEXT ( ( #4732 ) ) GLOBAL_UNIT_ASSIGNED_CONTEXT ( ( #4729, #4730, #4731 ) ) REPRESENTATION_CONTEXT ( 'NONE', 'WORKASPACE' ) );
#4734 = PLANE ( 'NONE',  #4735 ) ;
#4735 = AXIS2_PLACEMENT_3D ( 'NONE', #4736, #4740, #4741 ) ;
#4736 = CARTESIAN_POINT ( 'NONE',  ( -0.5500000000000000400, 5.186606874731849900, 0.04999999999999939900 ) ) ;
#4737 = EDGE_CURVE ( 'NONE', #5833, #4860, #3690, .T. ) ;
#4738 = EDGE_CURVE ( 'NONE', #5654, #631, #3695, .T. ) ;
#4739 = EDGE_CURVE ( 'NONE', #181, #391, #3707, .T. ) ;
#4740 = DIRECTION ( 'NONE',  ( 0.0000000000000000000, 0.0000000000000000000, -1.000000000000000000 ) ) ;
#4741 = DIRECTION ( 'NONE',  ( -1.000000000000000000, 0.0000000000000000000, 0.0000000000000000000 ) ) ;
#4742 = LINE ( 'NONE', #4743, #4744 ) ;
#4743 = CARTESIAN_POINT ( 'NONE',  ( 3.340000000000000300, 0.2500000000000000000, 4.899999999999999500 ) ) ;
#4744 = VECTOR ( 'NONE', #4745, 1000.000000000000000 ) ;
#4745 = DIRECTION ( 'NONE',  ( -1.000000000000000000, 0.0000000000000000000, 0.0000000000000000000 ) ) ;
#4746 = CARTESIAN_POINT ( 'NONE',  ( 10.41000000000000000, -1.084202172485503900E-016, 4.200000000000000200 ) ) ;
#4747 = LINE ( 'NONE', #4748, #4749 ) ;
#4748 = CARTESIAN_POINT ( 'NONE',  ( -0.7249999999999999800, 3.700000000000000200, 1.899999999999999900 ) ) ;
#4749 = VECTOR ( 'NONE', #4750, 1000.000000000000000 ) ;
#4750 = DIRECTION ( 'NONE',  ( 1.000000000000000000, 0.0000000000000000000, 0.0000000000000000000 ) ) ;
#4751 = LINE ( 'NONE', #4752, #4753 ) ;
#4752 = CARTESIAN_POINT ( 'NONE',  ( 10.40978273176086200, 0.2182608248142310100, -4.141517188251679500 ) ) ;
#4753 = VECTOR ( 'NONE', #4754, 1000.000000000000000 ) ;
#4754 = DIRECTION ( 'NONE',  ( -0.9358779346557388700, 0.3403192489657229600, 0.09118826792913038700 ) ) ;
#4755 = LINE ( 'NONE', #4757, #4758 ) ;
#4756 = EDGE_CURVE ( 'NONE', #6431, #6183, #3749, .T. ) ;
#4757 = CARTESIAN_POINT ( 'NONE',  ( 7.370000000000000100, 0.4000000000000000200, 4.899999999999999500 ) ) ;
#4758 = VECTOR ( 'NONE', #4759, 1000.000000000000000 ) ;
#4759 = DIRECTION ( 'NONE',  ( 0.0000000000000000000, 0.0000000000000000000, -1.000000000000000000 ) ) ;
#4760 = LINE ( 'NONE', #4761, #4762 ) ;
#4761 = CARTESIAN_POINT ( 'NONE',  ( 0.2500000000000000000, 0.4000000000000000200, -4.899999999999999500 ) ) ;
#4762 = VECTOR ( 'NONE', #4763, 1000.000000000000000 ) ;
#4763 = DIRECTION ( 'NONE',  ( 0.0000000000000000000, 0.0000000000000000000, 1.000000000000000000 ) ) ;
#4764 = CARTESIAN_POINT ( 'NONE',  ( 4.280000000000000200, 1.879999999999999900, -3.100000000000000100 ) ) ;
#4765 = LINE ( 'NONE', #4766, #4767 ) ;
#4766 = CARTESIAN_POINT ( 'NONE',  ( 5.879999999999999900, 1.879999999999999900, -3.100000000000000100 ) ) ;
#4767 = VECTOR ( 'NONE', #4768, 1000.000000000000000 ) ;
#4768 = DIRECTION ( 'NONE',  ( 0.0000000000000000000, 0.0000000000000000000, -1.000000000000000000 ) ) ;
#4769 = LINE ( 'NONE', #4770, #4771 ) ;
#4770 = CARTESIAN_POINT ( 'NONE',  ( 10.95999999999999900, -1.224606353822382200E-017, 4.200000000000000200 ) ) ;
#4771 = VECTOR ( 'NONE', #4772, 1000.000000000000000 ) ;
#4772 = DIRECTION ( 'NONE',  ( -1.000000000000000000, 0.0000000000000000000, 0.0000000000000000000 ) ) ;
#4773 = LINE ( 'NONE', #4774, #4775 ) ;
#4774 = CARTESIAN_POINT ( 'NONE',  ( 10.95999999999999900, 0.5999999999999999800, -3.100000000000000100 ) ) ;
#4775 = VECTOR ( 'NONE', #4776, 1000.000000000000000 ) ;
#4776 = DIRECTION ( 'NONE',  ( 0.0000000000000000000, 0.0000000000000000000, -1.000000000000000000 ) ) ;
#4777 = CARTESIAN_POINT ( 'NONE',  ( -0.2500000000000000000, 0.4000000000000000200, 4.351639368130075300 ) ) ;
#4778 = CARTESIAN_POINT ( 'NONE',  ( 0.5500000000000000400, 3.250000000000000000, -0.9499999999999999600 ) ) ;
#4779 = FACE_OUTER_BOUND ( 'NONE', #6019, .T. ) ;
#4780 = COLOUR_RGB ( '',1.000000000000000000, 1.000000000000000000, 1.000000000000000000 ) ;
#4781 = FILL_AREA_STYLE_COLOUR ( '', #4780 ) ;
#4782 = FILL_AREA_STYLE ('',( #4781 ) ) ;
#4783 = SURFACE_STYLE_FILL_AREA ( #4782 ) ;
#4784 = SURFACE_SIDE_STYLE ('',( #4783 ) ) ;
#4785 = SURFACE_STYLE_USAGE ( .BOTH. , #4784 ) ;
#4786 = PRESENTATION_STYLE_ASSIGNMENT (( #4785 ) ) ;
#4787 = STYLED_ITEM ( 'NONE', ( #4786 ), #5997 ) ;
#4788 = PRESENTATION_LAYER_ASSIGNMENT (  '', '', ( #4787 ) ) ;
#4789 = MECHANICAL_DESIGN_GEOMETRIC_PRESENTATION_REPRESENTATION (  '', ( #4787 ), #4794 ) ;
#4790 =( LENGTH_UNIT ( ) NAMED_UNIT ( * ) SI_UNIT ( .MILLI., .METRE. ) );
#4791 =( NAMED_UNIT ( * ) PLANE_ANGLE_UNIT ( ) SI_UNIT ( $, .RADIAN. ) );
#4792 =( NAMED_UNIT ( * ) SI_UNIT ( $, .STERADIAN. ) SOLID_ANGLE_UNIT ( ) );
#4793 = UNCERTAINTY_MEASURE_WITH_UNIT (LENGTH_MEASURE( 1.000000000000000100E-005 ), #4790, 'distance_accuracy_value', 'NONE');
#4794 =( GEOMETRIC_REPRESENTATION_CONTEXT ( 3 ) GLOBAL_UNCERTAINTY_ASSIGNED_CONTEXT ( ( #4793 ) ) GLOBAL_UNIT_ASSIGNED_CONTEXT ( ( #4790, #4791, #4792 ) ) REPRESENTATION_CONTEXT ( 'NONE', 'WORKASPACE' ) );
#4795 = PLANE ( 'NONE',  #4796 ) ;
#4796 = AXIS2_PLACEMENT_3D ( 'NONE', #4797, #4798, #4799 ) ;
#4797 = CARTESIAN_POINT ( 'NONE',  ( -1.740000000000000000, 3.600000000000000100, -3.100000000000000100 ) ) ;
#4798 = DIRECTION ( 'NONE',  ( 0.0000000000000000000, 1.000000000000000000, 0.0000000000000000000 ) ) ;
#4799 = DIRECTION ( 'NONE',  ( 0.0000000000000000000, 0.0000000000000000000, 1.000000000000000000 ) ) ;
#4800 = CARTESIAN_POINT ( 'NONE',  ( 1.740000000000000000, 1.879999999999999900, -3.955074563332020300 ) ) ;
#4801 = LINE ( 'NONE', #4802, #4803 ) ;
#4802 = CARTESIAN_POINT ( 'NONE',  ( 4.830000000000000100, 0.2500000000000000000, 4.391831746994739700 ) ) ;
#4803 = VECTOR ( 'NONE', #4804, 1000.000000000000000 ) ;
#4804 = DIRECTION ( 'NONE',  ( 0.0000000000000000000, -1.066774799560611900E-016, -1.000000000000000000 ) ) ;
#4805 = VERTEX_POINT ( 'NONE', #3787 ) ;
#4806 = LINE ( 'NONE', #4807, #4808 ) ;
#4807 = CARTESIAN_POINT ( 'NONE',  ( 10.41000000000000000, 0.4000000000000000200, 4.899999999999999500 ) ) ;
#4808 = VECTOR ( 'NONE', #4809, 1000.000000000000000 ) ;
#4809 = DIRECTION ( 'NONE',  ( 0.0000000000000000000, 0.0000000000000000000, -1.000000000000000000 ) ) ;
#4810 = FACE_OUTER_BOUND ( 'NONE', #3248, .T. ) ;
#4811 = PLANE ( 'NONE',  #4812 ) ;
#4812 = AXIS2_PLACEMENT_3D ( 'NONE', #4813, #4814, #4815 ) ;
#4813 = CARTESIAN_POINT ( 'NONE',  ( 5.879999999999999900, 0.5999999999999999800, 4.899999999999999500 ) ) ;
#4814 = DIRECTION ( 'NONE',  ( 0.3417430630867041000, -0.9397934234884372000, 0.0000000000000000000 ) ) ;
#4815 = DIRECTION ( 'NONE',  ( 0.9397934234884372000, 0.3417430630867041000, 0.0000000000000000000 ) ) ;
#4816 = CARTESIAN_POINT ( 'NONE',  ( 6.819999999999999400, 1.879999999999999900, -3.955074563332020300 ) ) ;
#4817 = LINE ( 'NONE', #4818, #4819 ) ;
#4818 = CARTESIAN_POINT ( 'NONE',  ( 0.1644416439065160000, 0.2492939476703585100, 4.392020933146285200 ) ) ;
#4819 = VECTOR ( 'NONE', #4820, 1000.000000000000000 ) ;
#4820 = DIRECTION ( 'NONE',  ( -0.9358779346557388700, 0.3403192489657229600, -0.09118826792913038700 ) ) ;
#4821 = LINE ( 'NONE', #4823, #4824 ) ;
#4822 = ORIENTED_EDGE ( 'NONE', *, *, #396, .T. ) ;
#4823 = CARTESIAN_POINT ( 'NONE',  ( -0.2500000000000000000, 0.2500000000000000000, 4.391831746994739700 ) ) ;
#4824 = VECTOR ( 'NONE', #4825, 1000.000000000000000 ) ;
#4825 = DIRECTION ( 'NONE',  ( 0.0000000000000000000, -1.066774799560611900E-016, -1.000000000000000000 ) ) ;
#4826 = LINE ( 'NONE', #4827, #4828 ) ;
#4827 = CARTESIAN_POINT ( 'NONE',  ( 1.814999999999999900, 3.700000000000000200, -1.899999999999999900 ) ) ;
#4828 = VECTOR ( 'NONE', #4829, 1000.000000000000000 ) ;
#4829 = DIRECTION ( 'NONE',  ( 1.000000000000000000, 0.0000000000000000000, 0.0000000000000000000 ) ) ;
#4830 = LINE ( 'NONE', #4831, #4832 ) ;
#4831 = CARTESIAN_POINT ( 'NONE',  ( 0.8000000000000000400, 1.879999999999999900, 3.100000000000000100 ) ) ;
#4832 = VECTOR ( 'NONE', #4833, 1000.000000000000000 ) ;
#4833 = DIRECTION ( 'NONE',  ( 0.0000000000000000000, 1.000000000000000000, 0.0000000000000000000 ) ) ;
#4834 = LINE ( 'NONE', #4835, #4836 ) ;
#4835 = CARTESIAN_POINT ( 'NONE',  ( 0.8000000000000000400, 1.879999999999999900, 3.955074563332020300 ) ) ;
#4836 = VECTOR ( 'NONE', #4837, 999.9999999999998900 ) ;
#4837 = DIRECTION ( 'NONE',  ( 0.0000000000000000000, -0.9659258262890692000, 0.2588190451025176300 ) ) ;
#4838 = LINE ( 'NONE', #4843, #4844 ) ;
#4839 = VERTEX_POINT ( 'NONE', #3804 ) ;
#4840 = EDGE_CURVE ( 'NONE', #5072, #5629, #3805, .T. ) ;
#4841 = EDGE_CURVE ( 'NONE', #64, #6349, #3816, .T. ) ;
#4842 = ORIENTED_EDGE ( 'NONE', *, *, #5108, .F. ) ;
#4843 = CARTESIAN_POINT ( 'NONE',  ( 10.41000000000000000, 0.4000000000000000200, 4.899999999999999500 ) ) ;
#4844 = VECTOR ( 'NONE', #4845, 1000.000000000000000 ) ;
#4845 = DIRECTION ( 'NONE',  ( 2.710505431213760100E-016, -1.000000000000000000, 0.0000000000000000000 ) ) ;
#4846 = CARTESIAN_POINT ( 'NONE',  ( 4.830000000000000100, 0.2500000000000000000, 4.899999999999999500 ) ) ;
#4847 = CARTESIAN_POINT ( 'NONE',  ( 8.169999999999999900, 3.600000000000000100, 0.04999999999999939900 ) ) ;
#4848 = LINE ( 'NONE', #4849, #4850 ) ;
#4849 = CARTESIAN_POINT ( 'NONE',  ( 3.776946369814270000, 0.7588895890233710000, -4.255475192579324600 ) ) ;
#4850 = VECTOR ( 'NONE', #4851, 1000.000000000000000 ) ;
#4851 = DIRECTION ( 'NONE',  ( 0.9358779346557388700, 0.3403192489657229600, 0.09118826792913038700 ) ) ;
#4852 = CARTESIAN_POINT ( 'NONE',  ( 9.435000000000000500, 3.250000000000000000, -1.450000000000000000 ) ) ;
#4853 = CARTESIAN_POINT ( 'NONE',  ( -0.2500000000000000000, 0.2500000000000000000, 4.899999999999999500 ) ) ;
#4854 = LINE ( 'NONE', #4855, #4856 ) ;
#4855 = CARTESIAN_POINT ( 'NONE',  ( 9.359999999999999400, 0.5999999999999999800, -3.100000000000000100 ) ) ;
#4856 = VECTOR ( 'NONE', #4857, 1000.000000000000000 ) ;
#4857 = DIRECTION ( 'NONE',  ( 0.0000000000000000000, 0.0000000000000000000, -1.000000000000000000 ) ) ;
#4858 = CARTESIAN_POINT ( 'NONE',  ( -0.8000000000000000400, 1.879999999999999900, -3.955074563332020300 ) ) ;
#4859 = ORIENTED_EDGE ( 'NONE', *, *, #5942, .T. ) ;
#4860 = VERTEX_POINT ( 'NONE', #3824 ) ;
#4861 = VERTEX_POINT ( 'NONE', #3828 ) ;
#4862 = ORIENTED_EDGE ( 'NONE', *, *, #4933, .F. ) ;
#4863 = CARTESIAN_POINT ( 'NONE',  ( 0.8000000000000000400, 1.879999999999999900, 3.955074563332020300 ) ) ;
#4864 = LINE ( 'NONE', #4865, #4866 ) ;
#4865 = CARTESIAN_POINT ( 'NONE',  ( 10.71000000000000100, 5.186606874731849900, 0.04999999999999939900 ) ) ;
#4866 = VECTOR ( 'NONE', #4867, 1000.000000000000000 ) ;
#4867 = DIRECTION ( 'NONE',  ( 0.0000000000000000000, -1.000000000000000000, 0.0000000000000000000 ) ) ;
#4868 = LINE ( 'NONE', #4869, #4870 ) ;
#4869 = CARTESIAN_POINT ( 'NONE',  ( 6.819999999999999400, 1.879999999999999900, -3.955074563332020300 ) ) ;
#4870 = VECTOR ( 'NONE', #4871, 999.9999999999998900 ) ;
#4871 = DIRECTION ( 'NONE',  ( 0.0000000000000000000, -0.9659258262890692000, -0.2588190451025176300 ) ) ;
#4872 = LINE ( 'NONE', #4873, #4874 ) ;
#4873 = CARTESIAN_POINT ( 'NONE',  ( 8.419999999999999900, 0.2500000000000000000, -4.899999999999999500 ) ) ;
#4874 = VECTOR ( 'NONE', #4875, 1000.000000000000000 ) ;
#4875 = DIRECTION ( 'NONE',  ( -1.000000000000000000, 0.0000000000000000000, 0.0000000000000000000 ) ) ;
#4876 = CARTESIAN_POINT ( 'NONE',  ( 11.90000000000000000, 0.6999999999999999600, 3.100000000000000100 ) ) ;
#4877 = FACE_OUTER_BOUND ( 'NONE', #5482, .T. ) ;
#4878 = COLOUR_RGB ( '',0.0000000000000000000, 0.0000000000000000000, 0.0000000000000000000 ) ;
#4879 = ORIENTED_EDGE ( 'NONE', *, *, #4985, .F. ) ;
#4880 = ADVANCED_FACE ( 'NONE', ( #3887 ), #3888, .F. ) ;
#4881 = ORIENTED_EDGE ( 'NONE', *, *, #5645, .T. ) ;
#4882 = FILL_AREA_STYLE_COLOUR ( '', #4878 ) ;
#4883 = FILL_AREA_STYLE ('',( #4882 ) ) ;
#4884 = SURFACE_STYLE_FILL_AREA ( #4883 ) ;
#4885 = SURFACE_SIDE_STYLE ('',( #4884 ) ) ;
#4886 = SURFACE_STYLE_USAGE ( .BOTH. , #4885 ) ;
#4887 = PRESENTATION_STYLE_ASSIGNMENT (( #4886 ) ) ;
#4888 = STYLED_ITEM ( 'NONE', ( #4887 ), #6027 ) ;
#4889 = PRESENTATION_LAYER_ASSIGNMENT (  '', '', ( #4888 ) ) ;
#4890 = MECHANICAL_DESIGN_GEOMETRIC_PRESENTATION_REPRESENTATION (  '', ( #4888 ), #4895 ) ;
#4891 =( LENGTH_UNIT ( ) NAMED_UNIT ( * ) SI_UNIT ( .MILLI., .METRE. ) );
#4892 =( NAMED_UNIT ( * ) PLANE_ANGLE_UNIT ( ) SI_UNIT ( $, .RADIAN. ) );
#4893 =( NAMED_UNIT ( * ) SI_UNIT ( $, .STERADIAN. ) SOLID_ANGLE_UNIT ( ) );
#4894 = UNCERTAINTY_MEASURE_WITH_UNIT (LENGTH_MEASURE( 1.000000000000000100E-005 ), #4891, 'distance_accuracy_value', 'NONE');
#4895 =( GEOMETRIC_REPRESENTATION_CONTEXT ( 3 ) GLOBAL_UNCERTAINTY_ASSIGNED_CONTEXT ( ( #4894 ) ) GLOBAL_UNIT_ASSIGNED_CONTEXT ( ( #4891, #4892, #4893 ) ) REPRESENTATION_CONTEXT ( 'NONE', 'WORKASPACE' ) );
#4896 = PLANE ( 'NONE',  #4897 ) ;
#4897 = AXIS2_PLACEMENT_3D ( 'NONE', #4900, #4901, #4902 ) ;
#4898 = ORIENTED_EDGE ( 'NONE', *, *, #954, .F. ) ;
#4899 = EDGE_LOOP ( 'NONE', ( #13, #88, #708, #5885 ) ) ;
#4900 = CARTESIAN_POINT ( 'NONE',  ( 6.895000000000000500, 3.700000000000000200, 1.899999999999999900 ) ) ;
#4901 = DIRECTION ( 'NONE',  ( 0.0000000000000000000, -0.7071067811865475700, 0.7071067811865475700 ) ) ;
#4902 = DIRECTION ( 'NONE',  ( 0.0000000000000000000, -0.7071067811865475700, -0.7071067811865475700 ) ) ;
#4903 = LINE ( 'NONE', #4904, #4905 ) ;
#4904 = CARTESIAN_POINT ( 'NONE',  ( 1.990000000000000000, 3.250000000000000000, -0.9499999999999999600 ) ) ;
#4905 = VECTOR ( 'NONE', #4906, 1000.000000000000000 ) ;
#4906 = DIRECTION ( 'NONE',  ( -1.000000000000000000, 0.0000000000000000000, 0.0000000000000000000 ) ) ;
#4907 = LINE ( 'NONE', #4908, #4909 ) ;
#4908 = CARTESIAN_POINT ( 'NONE',  ( 3.340000000000000300, 1.629999999999999900, -3.763242816337275100 ) ) ;
#4909 = VECTOR ( 'NONE', #4910, 1000.000000000000000 ) ;
#4910 = DIRECTION ( 'NONE',  ( -1.000000000000000000, 0.0000000000000000000, 0.0000000000000000000 ) ) ;
#4911 = CARTESIAN_POINT ( 'NONE',  ( -0.7249999999999999800, 3.700000000000000200, -1.899999999999999900 ) ) ;
#4912 = FACE_OUTER_BOUND ( 'NONE', #6049, .T. ) ;
#4913 = PLANE ( 'NONE',  #4914 ) ;
#4914 = AXIS2_PLACEMENT_3D ( 'NONE', #4915, #4916, #4917 ) ;
#4915 = CARTESIAN_POINT ( 'NONE',  ( 10.95999999999999900, 1.879999999999999900, -3.955074563332020300 ) ) ;
#4916 = DIRECTION ( 'NONE',  ( 0.0000000000000000000, 0.2588190451025175800, -0.9659258262890692000 ) ) ;
#4917 = DIRECTION ( 'NONE',  ( 0.0000000000000000000, 0.9659258262890692000, 0.2588190451025175800 ) ) ;
#4918 = FACE_OUTER_BOUND ( 'NONE', #3317, .T. ) ;
#4919 = PLANE ( 'NONE',  #4920 ) ;
#4920 = AXIS2_PLACEMENT_3D ( 'NONE', #4921, #4922, #4923 ) ;
#4921 = CARTESIAN_POINT ( 'NONE',  ( 0.8000000000000000400, 0.2500000000000000000, -4.899999999999999500 ) ) ;
#4922 = DIRECTION ( 'NONE',  ( 0.0000000000000000000, 0.0000000000000000000, -1.000000000000000000 ) ) ;
#4923 = DIRECTION ( 'NONE',  ( -1.000000000000000000, 0.0000000000000000000, 0.0000000000000000000 ) ) ;
#4924 = CARTESIAN_POINT ( 'NONE',  ( 9.435000000000000500, 3.700000000000000200, -1.899999999999999900 ) ) ;
#4925 = CARTESIAN_POINT ( 'NONE',  ( 9.359999999999999400, 0.5999999999999999800, 4.039230484541330500 ) ) ;
#4926 = CARTESIAN_POINT ( 'NONE',  ( 8.419999999999999900, 0.5999999999999999800, 4.298049529643849500 ) ) ;
#4927 = LINE ( 'NONE', #4928, #4929 ) ;
#4928 = CARTESIAN_POINT ( 'NONE',  ( 5.879999999999999900, 0.2500000000000000000, -4.391831746994739700 ) ) ;
#4929 = VECTOR ( 'NONE', #4930, 1000.000000000000000 ) ;
#4930 = DIRECTION ( 'NONE',  ( -1.000000000000000000, 0.0000000000000000000, 0.0000000000000000000 ) ) ;
#4931 = CARTESIAN_POINT ( 'NONE',  ( 2.790000000000000000, 0.2500000000000000000, -4.391831746994739700 ) ) ;
#4932 = EDGE_CURVE ( 'NONE', #6013, #5668, #3927, .T. ) ;
#4933 = EDGE_CURVE ( 'NONE', #345, #442, #3931, .T. ) ;
#4934 = FACE_OUTER_BOUND ( 'NONE', #6054, .T. ) ;
#4935 = COLOUR_RGB ( '',0.0000000000000000000, 0.0000000000000000000, 0.0000000000000000000 ) ;
#4936 = FILL_AREA_STYLE_COLOUR ( '', #4935 ) ;
#4937 = FILL_AREA_STYLE ('',( #4936 ) ) ;
#4938 = SURFACE_STYLE_FILL_AREA ( #4937 ) ;
#4939 = SURFACE_SIDE_STYLE ('',( #4938 ) ) ;
#4940 = SURFACE_STYLE_USAGE ( .BOTH. , #4939 ) ;
#4941 = PRESENTATION_STYLE_ASSIGNMENT (( #4940 ) ) ;
#4942 = STYLED_ITEM ( 'NONE', ( #4941 ), #6035 ) ;
#4943 = PRESENTATION_LAYER_ASSIGNMENT (  '', '', ( #4942 ) ) ;
#4944 = MECHANICAL_DESIGN_GEOMETRIC_PRESENTATION_REPRESENTATION (  '', ( #4942 ), #4949 ) ;
#4945 =( LENGTH_UNIT ( ) NAMED_UNIT ( * ) SI_UNIT ( .MILLI., .METRE. ) );
#4946 =( NAMED_UNIT ( * ) PLANE_ANGLE_UNIT ( ) SI_UNIT ( $, .RADIAN. ) );
#4947 =( NAMED_UNIT ( * ) SI_UNIT ( $, .STERADIAN. ) SOLID_ANGLE_UNIT ( ) );
#4948 = UNCERTAINTY_MEASURE_WITH_UNIT (LENGTH_MEASURE( 1.000000000000000100E-005 ), #4945, 'distance_accuracy_value', 'NONE');
#4949 =( GEOMETRIC_REPRESENTATION_CONTEXT ( 3 ) GLOBAL_UNCERTAINTY_ASSIGNED_CONTEXT ( ( #4948 ) ) GLOBAL_UNIT_ASSIGNED_CONTEXT ( ( #4945, #4946, #4947 ) ) REPRESENTATION_CONTEXT ( 'NONE', 'WORKASPACE' ) );
#4950 = ADVANCED_FACE ( 'NONE', ( #3943 ), #3962, .F. ) ;
#4951 = PLANE ( 'NONE',  #4952 ) ;
#4952 = AXIS2_PLACEMENT_3D ( 'NONE', #4953, #4954, #4955 ) ;
#4953 = CARTESIAN_POINT ( 'NONE',  ( 0.7249999999999999800, 1.800000000000000000, -4.336808689942019700E-016 ) ) ;
#4954 = DIRECTION ( 'NONE',  ( 1.000000000000000000, 0.0000000000000000000, 0.0000000000000000000 ) ) ;
#4955 = DIRECTION ( 'NONE',  ( 0.0000000000000000000, 0.0000000000000000000, -1.000000000000000000 ) ) ;
#4956 = LINE ( 'NONE', #4957, #4958 ) ;
#4957 = CARTESIAN_POINT ( 'NONE',  ( 4.355000000000000400, 3.250000000000000000, -1.450000000000000000 ) ) ;
#4958 = VECTOR ( 'NONE', #4959, 1000.000000000000000 ) ;
#4959 = DIRECTION ( 'NONE',  ( 0.0000000000000000000, 0.0000000000000000000, -1.000000000000000000 ) ) ;
#4960 = LINE ( 'NONE', #4961, #4962 ) ;
#4961 = CARTESIAN_POINT ( 'NONE',  ( 3.340000000000000300, 1.629999999999999900, -3.763242816337275100 ) ) ;
#4962 = VECTOR ( 'NONE', #4963, 999.9999999999998900 ) ;
#4963 = DIRECTION ( 'NONE',  ( 0.0000000000000000000, 0.9659258262890692000, 0.2588190451025176300 ) ) ;
#4964 = FACE_OUTER_BOUND ( 'NONE', #6056, .T. ) ;
#4965 = COLOUR_RGB ( '',1.000000000000000000, 1.000000000000000000, 1.000000000000000000 ) ;
#4966 = FILL_AREA_STYLE_COLOUR ( '', #4965 ) ;
#4967 = EDGE_CURVE ( 'NONE', #6077, #5159, #3991, .T. ) ;
#4968 = EDGE_CURVE ( 'NONE', #4286, #4443, #3995, .T. ) ;
#4969 = FILL_AREA_STYLE ('',( #4966 ) ) ;
#4970 = SURFACE_STYLE_FILL_AREA ( #4969 ) ;
#4971 = SURFACE_SIDE_STYLE ('',( #4970 ) ) ;
#4972 = SURFACE_STYLE_USAGE ( .BOTH. , #4971 ) ;
#4973 = PRESENTATION_STYLE_ASSIGNMENT (( #4972 ) ) ;
#4974 = STYLED_ITEM ( 'NONE', ( #4973 ), #6040 ) ;
#4975 = PRESENTATION_LAYER_ASSIGNMENT (  '', '', ( #4974 ) ) ;
#4976 = MECHANICAL_DESIGN_GEOMETRIC_PRESENTATION_REPRESENTATION (  '', ( #4974 ), #4981 ) ;
#4977 =( LENGTH_UNIT ( ) NAMED_UNIT ( * ) SI_UNIT ( .MILLI., .METRE. ) );
#4978 =( NAMED_UNIT ( * ) PLANE_ANGLE_UNIT ( ) SI_UNIT ( $, .RADIAN. ) );
#4979 =( NAMED_UNIT ( * ) SI_UNIT ( $, .STERADIAN. ) SOLID_ANGLE_UNIT ( ) );
#4980 = UNCERTAINTY_MEASURE_WITH_UNIT (LENGTH_MEASURE( 1.000000000000000100E-005 ), #4977, 'distance_accuracy_value', 'NONE');
#4981 =( GEOMETRIC_REPRESENTATION_CONTEXT ( 3 ) GLOBAL_UNCERTAINTY_ASSIGNED_CONTEXT ( ( #4980 ) ) GLOBAL_UNIT_ASSIGNED_CONTEXT ( ( #4977, #4978, #4979 ) ) REPRESENTATION_CONTEXT ( 'NONE', 'WORKASPACE' ) );
#4982 = PLANE ( 'NONE',  #4983 ) ;
#4983 = AXIS2_PLACEMENT_3D ( 'NONE', #4984, #4988, #4989 ) ;
#4984 = CARTESIAN_POINT ( 'NONE',  ( 7.070000000000000300, 5.186606874731849900, 0.04999999999999939900 ) ) ;
#4985 = EDGE_CURVE ( 'NONE', #397, #3631, #4012, .T. ) ;
#4986 = EDGE_CURVE ( 'NONE', #250, #6502, #4016, .T. ) ;
#4987 = ORIENTED_EDGE ( 'NONE', *, *, #6214, .T. ) ;
#4988 = DIRECTION ( 'NONE',  ( 0.0000000000000000000, 0.0000000000000000000, -1.000000000000000000 ) ) ;
#4989 = DIRECTION ( 'NONE',  ( -1.000000000000000000, 0.0000000000000000000, 0.0000000000000000000 ) ) ;
#4990 = CARTESIAN_POINT ( 'NONE',  ( 7.870000000000000100, 0.4000000000000000200, 4.351639368130075300 ) ) ;
#4991 = LINE ( 'NONE', #4992, #4993 ) ;
#4992 = CARTESIAN_POINT ( 'NONE',  ( -0.2500000000000000000, -1.696505349396695000E-016, -4.899999999999999500 ) ) ;
#4993 = VECTOR ( 'NONE', #4994, 1000.000000000000000 ) ;
#4994 = DIRECTION ( 'NONE',  ( 0.0000000000000000000, 0.0000000000000000000, 1.000000000000000000 ) ) ;
#4995 = LINE ( 'NONE', #4996, #4997 ) ;
#4996 = CARTESIAN_POINT ( 'NONE',  ( 9.610000000000001200, 5.186606874731849900, -0.9499999999999999600 ) ) ;
#4997 = VECTOR ( 'NONE', #4998, 1000.000000000000000 ) ;
#4998 = DIRECTION ( 'NONE',  ( 0.0000000000000000000, -1.000000000000000000, 0.0000000000000000000 ) ) ;
#4999 = CARTESIAN_POINT ( 'NONE',  ( 7.370000000000000100, -1.696505349396695000E-016, 4.899999999999999500 ) ) ;
#5000 = LINE ( 'NONE', #5001, #5002 ) ;
#5001 = CARTESIAN_POINT ( 'NONE',  ( 4.280000000000000200, 1.629999999999999900, -3.763242816337275100 ) ) ;
#5002 = VECTOR ( 'NONE', #5003, 999.9999999999998900 ) ;
#5003 = DIRECTION ( 'NONE',  ( 0.0000000000000000000, 0.9659258262890692000, 0.2588190451025176300 ) ) ;
#5004 = CARTESIAN_POINT ( 'NONE',  ( 6.895000000000000500, 3.250000000000000000, 1.450000000000000000 ) ) ;
#5005 = CARTESIAN_POINT ( 'NONE',  ( -0.7249999999999999800, 3.250000000000000000, 1.450000000000000000 ) ) ;
#5006 = CARTESIAN_POINT ( 'NONE',  ( 2.790000000000000000, -1.084202172485503900E-016, -4.899999999999999500 ) ) ;
#5007 = CARTESIAN_POINT ( 'NONE',  ( 5.629999999999999900, 3.600000000000000100, 0.04999999999999939900 ) ) ;
#5008 = LINE ( 'NONE', #5009, #5010 ) ;
#5009 = CARTESIAN_POINT ( 'NONE',  ( 2.790000000000000000, 1.879999999999999900, -3.955074563332020300 ) ) ;
#5010 = VECTOR ( 'NONE', #5011, 999.9999999999998900 ) ;
#5011 = DIRECTION ( 'NONE',  ( -2.618147198306160800E-016, 0.9659258262890692000, 0.2588190451025176300 ) ) ;
#5012 = FACE_OUTER_BOUND ( 'NONE', #3471, .T. ) ;
#5013 = COLOUR_RGB ( '',1.000000000000000000, 1.000000000000000000, 1.000000000000000000 ) ;
#5014 = FILL_AREA_STYLE_COLOUR ( '', #5013 ) ;
#5015 = FILL_AREA_STYLE ('',( #5014 ) ) ;
#5016 = SURFACE_STYLE_FILL_AREA ( #5015 ) ;
#5017 = SURFACE_SIDE_STYLE ('',( #5016 ) ) ;
#5018 = SURFACE_STYLE_USAGE ( .BOTH. , #5017 ) ;
#5019 = PRESENTATION_STYLE_ASSIGNMENT (( #5018 ) ) ;
#5020 = ORIENTED_EDGE ( 'NONE', *, *, #6033, .T. ) ;
#5021 = STYLED_ITEM ( 'NONE', ( #5019 ), #3178 ) ;
#5022 = PRESENTATION_LAYER_ASSIGNMENT (  '', '', ( #5021 ) ) ;
#5023 = MECHANICAL_DESIGN_GEOMETRIC_PRESENTATION_REPRESENTATION (  '', ( #5021 ), #5028 ) ;
#5024 =( LENGTH_UNIT ( ) NAMED_UNIT ( * ) SI_UNIT ( .MILLI., .METRE. ) );
#5025 =( NAMED_UNIT ( * ) PLANE_ANGLE_UNIT ( ) SI_UNIT ( $, .RADIAN. ) );
#5026 =( NAMED_UNIT ( * ) SI_UNIT ( $, .STERADIAN. ) SOLID_ANGLE_UNIT ( ) );
#5027 = UNCERTAINTY_MEASURE_WITH_UNIT (LENGTH_MEASURE( 1.000000000000000100E-005 ), #5024, 'distance_accuracy_value', 'NONE');
#5028 =( GEOMETRIC_REPRESENTATION_CONTEXT ( 3 ) GLOBAL_UNCERTAINTY_ASSIGNED_CONTEXT ( ( #5027 ) ) GLOBAL_UNIT_ASSIGNED_CONTEXT ( ( #5024, #5025, #5026 ) ) REPRESENTATION_CONTEXT ( 'NONE', 'WORKASPACE' ) );
#5029 = PLANE ( 'NONE',  #5030 ) ;
#5030 = AXIS2_PLACEMENT_3D ( 'NONE', #5031, #5032, #5033 ) ;
#5031 = CARTESIAN_POINT ( 'NONE',  ( 1.990000000000000000, 5.186606874731849900, -0.9499999999999999600 ) ) ;
#5032 = DIRECTION ( 'NONE',  ( 0.0000000000000000000, 0.0000000000000000000, 1.000000000000000000 ) ) ;
#5033 = DIRECTION ( 'NONE',  ( 1.000000000000000000, 0.0000000000000000000, 0.0000000000000000000 ) ) ;
#5034 = CARTESIAN_POINT ( 'NONE',  ( -0.5500000000000000400, 3.600000000000000100, -0.9499999999999999600 ) ) ;
#5035 = LINE ( 'NONE', #5036, #5038 ) ;
#5036 = CARTESIAN_POINT ( 'NONE',  ( 9.910000000000000100, -1.696505349396695000E-016, -4.899999999999999500 ) ) ;
#5037 = ORIENTED_EDGE ( 'NONE', *, *, #5160, .T. ) ;
#5038 = VECTOR ( 'NONE', #5039, 1000.000000000000000 ) ;
#5039 = DIRECTION ( 'NONE',  ( 0.0000000000000000000, 0.0000000000000000000, 1.000000000000000000 ) ) ;
#5040 = FACE_OUTER_BOUND ( 'NONE', #54, .T. ) ;
#5041 = PLANE ( 'NONE',  #5042 ) ;
#5042 = AXIS2_PLACEMENT_3D ( 'NONE', #5043, #5044, #5045 ) ;
#5043 = CARTESIAN_POINT ( 'NONE',  ( 3.340000000000000300, 1.629999999999999900, 3.763242816337275100 ) ) ;
#5044 = DIRECTION ( 'NONE',  ( 0.0000000000000000000, 0.2588190451025175800, 0.9659258262890692000 ) ) ;
#5045 = DIRECTION ( 'NONE',  ( 0.0000000000000000000, -0.9659258262890692000, 0.2588190451025175800 ) ) ;
#5046 = LINE ( 'NONE', #5047, #5048 ) ;
#5047 = CARTESIAN_POINT ( 'NONE',  ( 0.8000000000000000400, 0.2500000000000000000, -4.391831746994739700 ) ) ;
#5048 = VECTOR ( 'NONE', #5049, 1000.000000000000000 ) ;
#5049 = DIRECTION ( 'NONE',  ( -1.000000000000000000, 0.0000000000000000000, 0.0000000000000000000 ) ) ;
#5050 = LINE ( 'NONE', #5051, #5052 ) ;
#5051 = CARTESIAN_POINT ( 'NONE',  ( 4.530000000000000200, 3.250000000000000000, -0.9499999999999999600 ) ) ;
#5052 = VECTOR ( 'NONE', #5053, 1000.000000000000000 ) ;
#5053 = DIRECTION ( 'NONE',  ( 0.0000000000000000000, 0.0000000000000000000, 1.000000000000000000 ) ) ;
#5054 = ORIENTED_EDGE ( 'NONE', *, *, #5339, .F. ) ;
#5055 = LINE ( 'NONE', #5056, #5057 ) ;
#5056 = CARTESIAN_POINT ( 'NONE',  ( 7.370000000000000100, 1.879999999999999900, -3.955074563332020300 ) ) ;
#5057 = VECTOR ( 'NONE', #5058, 999.9999999999998900 ) ;
#5058 = DIRECTION ( 'NONE',  ( 0.0000000000000000000, -0.9659258262890692000, -0.2588190451025176300 ) ) ;
#5059 = LINE ( 'NONE', #5060, #5061 ) ;
#5060 = CARTESIAN_POINT ( 'NONE',  ( 0.8000000000000000400, 1.879999999999999900, 3.955074563332020300 ) ) ;
#5061 = VECTOR ( 'NONE', #5062, 1000.000000000000000 ) ;
#5062 = DIRECTION ( 'NONE',  ( -1.000000000000000000, 0.0000000000000000000, 0.0000000000000000000 ) ) ;
#5063 = FACE_OUTER_BOUND ( 'NONE', #6091, .T. ) ;
#5064 = COLOUR_RGB ( '',0.0000000000000000000, 0.0000000000000000000, 0.0000000000000000000 ) ;
#5065 = FILL_AREA_STYLE_COLOUR ( '', #5064 ) ;
#5066 = FILL_AREA_STYLE ('',( #5065 ) ) ;
#5067 = SURFACE_STYLE_FILL_AREA ( #5066 ) ;
#5068 = SURFACE_SIDE_STYLE ('',( #5067 ) ) ;
#5069 = SURFACE_STYLE_USAGE ( .BOTH. , #5068 ) ;
#5070 = PRESENTATION_STYLE_ASSIGNMENT (( #5069 ) ) ;
#5071 = ORIENTED_EDGE ( 'NONE', *, *, #5394, .T. ) ;
#5072 = VERTEX_POINT ( 'NONE', #4104 ) ;
#5073 = STYLED_ITEM ( 'NONE', ( #5070 ), #6063 ) ;
#5074 = PRESENTATION_LAYER_ASSIGNMENT (  '', '', ( #5073 ) ) ;
#5075 = MECHANICAL_DESIGN_GEOMETRIC_PRESENTATION_REPRESENTATION (  '', ( #5073 ), #5080 ) ;
#5076 =( LENGTH_UNIT ( ) NAMED_UNIT ( * ) SI_UNIT ( .MILLI., .METRE. ) );
#5077 =( NAMED_UNIT ( * ) PLANE_ANGLE_UNIT ( ) SI_UNIT ( $, .RADIAN. ) );
#5078 =( NAMED_UNIT ( * ) SI_UNIT ( $, .STERADIAN. ) SOLID_ANGLE_UNIT ( ) );
#5079 = UNCERTAINTY_MEASURE_WITH_UNIT (LENGTH_MEASURE( 1.000000000000000100E-005 ), #5076, 'distance_accuracy_value', 'NONE');
#5080 =( GEOMETRIC_REPRESENTATION_CONTEXT ( 3 ) GLOBAL_UNCERTAINTY_ASSIGNED_CONTEXT ( ( #5079 ) ) GLOBAL_UNIT_ASSIGNED_CONTEXT ( ( #5076, #5077, #5078 ) ) REPRESENTATION_CONTEXT ( 'NONE', 'WORKASPACE' ) );
#5081 = PLANE ( 'NONE',  #5082 ) ;
#5082 = AXIS2_PLACEMENT_3D ( 'NONE', #5083, #5084, #5085 ) ;
#5083 = CARTESIAN_POINT ( 'NONE',  ( 4.355000000000000400, 3.700000000000000200, 1.899999999999999900 ) ) ;
#5084 = DIRECTION ( 'NONE',  ( 0.0000000000000000000, -0.7071067811865475700, 0.7071067811865475700 ) ) ;
#5085 = DIRECTION ( 'NONE',  ( 0.0000000000000000000, -0.7071067811865475700, -0.7071067811865475700 ) ) ;
#5086 = CARTESIAN_POINT ( 'NONE',  ( 0.2500000000000000000, 0.4000000000000000200, 4.092820323027554600 ) ) ;
#5087 = FACE_OUTER_BOUND ( 'NONE', #6101, .T. ) ;
#5088 = COLOUR_RGB ( '',1.000000000000000000, 1.000000000000000000, 1.000000000000000000 ) ;
#5089 = ORIENTED_EDGE ( 'NONE', *, *, #6106, .T. ) ;
#5090 = ORIENTED_EDGE ( 'NONE', *, *, #5179, .F. ) ;
#5091 = EDGE_CURVE ( 'NONE', #715, #6017, #4110, .T. ) ;
#5092 = FILL_AREA_STYLE_COLOUR ( '', #5088 ) ;
#5093 = FILL_AREA_STYLE ('',( #5092 ) ) ;
#5094 = SURFACE_STYLE_FILL_AREA ( #5093 ) ;
#5095 = SURFACE_SIDE_STYLE ('',( #5094 ) ) ;
#5096 = SURFACE_STYLE_USAGE ( .BOTH. , #5095 ) ;
#5097 = PRESENTATION_STYLE_ASSIGNMENT (( #5096 ) ) ;
#5098 = STYLED_ITEM ( 'NONE', ( #5097 ), #6068 ) ;
#5099 = PRESENTATION_LAYER_ASSIGNMENT (  '', '', ( #5098 ) ) ;
#5100 = MECHANICAL_DESIGN_GEOMETRIC_PRESENTATION_REPRESENTATION (  '', ( #5098 ), #5105 ) ;
#5101 =( LENGTH_UNIT ( ) NAMED_UNIT ( * ) SI_UNIT ( .MILLI., .METRE. ) );
#5102 =( NAMED_UNIT ( * ) PLANE_ANGLE_UNIT ( ) SI_UNIT ( $, .RADIAN. ) );
#5103 =( NAMED_UNIT ( * ) SI_UNIT ( $, .STERADIAN. ) SOLID_ANGLE_UNIT ( ) );
#5104 = UNCERTAINTY_MEASURE_WITH_UNIT (LENGTH_MEASURE( 1.000000000000000100E-005 ), #5101, 'distance_accuracy_value', 'NONE');
#5105 =( GEOMETRIC_REPRESENTATION_CONTEXT ( 3 ) GLOBAL_UNCERTAINTY_ASSIGNED_CONTEXT ( ( #5104 ) ) GLOBAL_UNIT_ASSIGNED_CONTEXT ( ( #5101, #5102, #5103 ) ) REPRESENTATION_CONTEXT ( 'NONE', 'WORKASPACE' ) );
#5106 = PLANE ( 'NONE',  #5107 ) ;
#5107 = AXIS2_PLACEMENT_3D ( 'NONE', #5109, #5110, #5111 ) ;
#5108 = EDGE_CURVE ( 'NONE', #6334, #579, #4122, .T. ) ;
#5109 = CARTESIAN_POINT ( 'NONE',  ( 5.629999999999999900, 5.186606874731849900, -0.9499999999999999600 ) ) ;
#5110 = DIRECTION ( 'NONE',  ( -1.000000000000000000, 0.0000000000000000000, 0.0000000000000000000 ) ) ;
#5111 = DIRECTION ( 'NONE',  ( 0.0000000000000000000, 0.0000000000000000000, 1.000000000000000000 ) ) ;
#5112 = CARTESIAN_POINT ( 'NONE',  ( 1.990000000000000000, 3.600000000000000100, 0.04999999999999939900 ) ) ;
#5113 = LINE ( 'NONE', #5114, #5115 ) ;
#5114 = CARTESIAN_POINT ( 'NONE',  ( -0.7249999999999999800, 3.700000000000000200, 1.899999999999999900 ) ) ;
#5115 = VECTOR ( 'NONE', #5116, 1000.000000000000100 ) ;
#5116 = DIRECTION ( 'NONE',  ( 0.0000000000000000000, -0.7071067811865474600, -0.7071067811865474600 ) ) ;
#5117 = CARTESIAN_POINT ( 'NONE',  ( -0.5500000000000000400, 3.600000000000000100, 0.04999999999999939900 ) ) ;
#5118 = LINE ( 'NONE', #5119, #5120 ) ;
#5119 = CARTESIAN_POINT ( 'NONE',  ( 7.870000000000000100, -1.084202172485503900E-016, -4.899999999999999500 ) ) ;
#5120 = VECTOR ( 'NONE', #5121, 1000.000000000000000 ) ;
#5121 = DIRECTION ( 'NONE',  ( 0.0000000000000000000, 0.0000000000000000000, 1.000000000000000000 ) ) ;
#5122 = FACE_OUTER_BOUND ( 'NONE', #3701, .T. ) ;
#5123 = PLANE ( 'NONE',  #5124 ) ;
#5124 = AXIS2_PLACEMENT_3D ( 'NONE', #5126, #5127, #5128 ) ;
#5125 = ORIENTED_EDGE ( 'NONE', *, *, #3247, .T. ) ;
#5126 = CARTESIAN_POINT ( 'NONE',  ( 9.910000000000000100, 0.4000000000000000200, 4.899999999999999500 ) ) ;
#5127 = DIRECTION ( 'NONE',  ( -1.000000000000000000, 0.0000000000000000000, 0.0000000000000000000 ) ) ;
#5128 = DIRECTION ( 'NONE',  ( 0.0000000000000000000, 0.0000000000000000000, 1.000000000000000000 ) ) ;
#5129 = LINE ( 'NONE', #5130, #5131 ) ;
#5130 = CARTESIAN_POINT ( 'NONE',  ( 0.5500000000000000400, 5.186606874731849900, 0.04999999999999939900 ) ) ;
#5131 = VECTOR ( 'NONE', #5132, 1000.000000000000000 ) ;
#5132 = DIRECTION ( 'NONE',  ( 0.0000000000000000000, -1.000000000000000000, 0.0000000000000000000 ) ) ;
#5133 = CARTESIAN_POINT ( 'NONE',  ( -0.8000000000000000400, 1.879999999999999900, 3.955074563332020300 ) ) ;
#5134 = LINE ( 'NONE', #5135, #5136 ) ;
#5135 = CARTESIAN_POINT ( 'NONE',  ( 4.280000000000000200, 1.879999999999999900, 3.955074563332020300 ) ) ;
#5136 = VECTOR ( 'NONE', #5137, 999.9999999999998900 ) ;
#5137 = DIRECTION ( 'NONE',  ( 0.0000000000000000000, -0.9659258262890692000, 0.2588190451025176300 ) ) ;
#5138 = CARTESIAN_POINT ( 'NONE',  ( 0.8000000000000000400, 1.629999999999999900, -3.763242816337275100 ) ) ;
#5139 = CARTESIAN_POINT ( 'NONE',  ( 9.359999999999999400, 1.629999999999999900, 3.763242816337275100 ) ) ;
#5140 = LINE ( 'NONE', #5141, #5143 ) ;
#5141 = CARTESIAN_POINT ( 'NONE',  ( 9.910000000000000100, 0.4000000000000000200, -4.899999999999999500 ) ) ;
#5142 = EDGE_LOOP ( 'NONE', ( #5784, #4530, #5704, #406 ) ) ;
#5143 = VECTOR ( 'NONE', #5144, 1000.000000000000000 ) ;
#5144 = DIRECTION ( 'NONE',  ( 0.0000000000000000000, 0.0000000000000000000, 1.000000000000000000 ) ) ;
#5145 = LINE ( 'NONE', #5146, #5147 ) ;
#5146 = CARTESIAN_POINT ( 'NONE',  ( 6.819999999999999400, 1.879999999999999900, -3.100000000000000100 ) ) ;
#5147 = VECTOR ( 'NONE', #5148, 1000.000000000000000 ) ;
#5148 = DIRECTION ( 'NONE',  ( 0.0000000000000000000, 1.000000000000000000, 0.0000000000000000000 ) ) ;
#5149 = LINE ( 'NONE', #5150, #5151 ) ;
#5150 = CARTESIAN_POINT ( 'NONE',  ( 7.070000000000000300, 5.186606874731849900, -0.9499999999999999600 ) ) ;
#5151 = VECTOR ( 'NONE', #5152, 1000.000000000000000 ) ;
#5152 = DIRECTION ( 'NONE',  ( 0.0000000000000000000, -1.000000000000000000, 0.0000000000000000000 ) ) ;
#5153 = CARTESIAN_POINT ( 'NONE',  ( 2.290000000000000000, 0.2500000000000000000, -4.899999999999999500 ) ) ;
#5154 = LINE ( 'NONE', #5155, #5156 ) ;
#5155 = CARTESIAN_POINT ( 'NONE',  ( 10.95999999999999900, 1.879999999999999900, 3.955074563332015000 ) ) ;
#5156 = VECTOR ( 'NONE', #5157, 1000.000000000000000 ) ;
#5157 = DIRECTION ( 'NONE',  ( -1.000000000000000000, 0.0000000000000000000, 0.0000000000000000000 ) ) ;
#5158 = LINE ( 'NONE', #5162, #5163 ) ;
#5159 = VERTEX_POINT ( 'NONE', #4154 ) ;
#5160 = EDGE_CURVE ( 'NONE', #6388, #6249, #4156, .T. ) ;
#5161 = EDGE_LOOP ( 'NONE', ( #5509, #1546, #5037, #6047 ) ) ;
#5162 = CARTESIAN_POINT ( 'NONE',  ( 3.340000000000000300, 1.629999999999999900, 3.763242816337275100 ) ) ;
#5163 = VECTOR ( 'NONE', #5164, 1000.000000000000000 ) ;
#5164 = DIRECTION ( 'NONE',  ( -1.000000000000000000, 0.0000000000000000000, 0.0000000000000000000 ) ) ;
#5165 = LINE ( 'NONE', #5166, #5167 ) ;
#5166 = CARTESIAN_POINT ( 'NONE',  ( 0.2500000000000000000, -1.084202172485503900E-016, -4.899999999999999500 ) ) ;
#5167 = VECTOR ( 'NONE', #5168, 1000.000000000000000 ) ;
#5168 = DIRECTION ( 'NONE',  ( 0.0000000000000000000, 0.0000000000000000000, 1.000000000000000000 ) ) ;
#5169 = LINE ( 'NONE', #5170, #5171 ) ;
#5170 = CARTESIAN_POINT ( 'NONE',  ( -0.8000000000000000400, 1.879999999999999900, -3.100000000000000100 ) ) ;
#5171 = VECTOR ( 'NONE', #5172, 1000.000000000000000 ) ;
#5172 = DIRECTION ( 'NONE',  ( 0.0000000000000000000, 0.0000000000000000000, -1.000000000000000000 ) ) ;
#5173 = LINE ( 'NONE', #5174, #5175 ) ;
#5174 = CARTESIAN_POINT ( 'NONE',  ( 5.879999999999999900, 1.629999999999999900, -3.763242816337275100 ) ) ;
#5175 = VECTOR ( 'NONE', #5176, 1000.000000000000000 ) ;
#5176 = DIRECTION ( 'NONE',  ( -1.000000000000000000, 0.0000000000000000000, 0.0000000000000000000 ) ) ;
#5177 = FACE_OUTER_BOUND ( 'NONE', #6134, .T. ) ;
#5178 = ORIENTED_EDGE ( 'NONE', *, *, #6474, .T. ) ;
#5179 = EDGE_CURVE ( 'NONE', #5300, #6387, #4180, .T. ) ;
#5180 = COLOUR_RGB ( '',0.0000000000000000000, 0.0000000000000000000, 0.0000000000000000000 ) ;
#5181 = FILL_AREA_STYLE_COLOUR ( '', #5180 ) ;
#5182 = FILL_AREA_STYLE ('',( #5181 ) ) ;
#5183 = SURFACE_STYLE_FILL_AREA ( #5182 ) ;
#5184 = SURFACE_SIDE_STYLE ('',( #5183 ) ) ;
#5185 = SURFACE_STYLE_USAGE ( .BOTH. , #5184 ) ;
#5186 = PRESENTATION_STYLE_ASSIGNMENT (( #5185 ) ) ;
#5187 = STYLED_ITEM ( 'NONE', ( #5186 ), #6096 ) ;
#5188 = PRESENTATION_LAYER_ASSIGNMENT (  '', '', ( #5187 ) ) ;
#5189 = MECHANICAL_DESIGN_GEOMETRIC_PRESENTATION_REPRESENTATION (  '', ( #5187 ), #5194 ) ;
#5190 =( LENGTH_UNIT ( ) NAMED_UNIT ( * ) SI_UNIT ( .MILLI., .METRE. ) );
#5191 =( NAMED_UNIT ( * ) PLANE_ANGLE_UNIT ( ) SI_UNIT ( $, .RADIAN. ) );
#5192 =( NAMED_UNIT ( * ) SI_UNIT ( $, .STERADIAN. ) SOLID_ANGLE_UNIT ( ) );
#5193 = UNCERTAINTY_MEASURE_WITH_UNIT (LENGTH_MEASURE( 1.000000000000000100E-005 ), #5190, 'distance_accuracy_value', 'NONE');
#5194 =( GEOMETRIC_REPRESENTATION_CONTEXT ( 3 ) GLOBAL_UNCERTAINTY_ASSIGNED_CONTEXT ( ( #5193 ) ) GLOBAL_UNIT_ASSIGNED_CONTEXT ( ( #5190, #5191, #5192 ) ) REPRESENTATION_CONTEXT ( 'NONE', 'WORKASPACE' ) );
#5195 = PLANE ( 'NONE',  #5196 ) ;
#5196 = AXIS2_PLACEMENT_3D ( 'NONE', #5197, #5198, #5199 ) ;
#5197 = CARTESIAN_POINT ( 'NONE',  ( 1.814999999999999900, 1.800000000000000000, -5.951983773879369700E-016 ) ) ;
#5198 = DIRECTION ( 'NONE',  ( 1.000000000000000000, 0.0000000000000000000, 0.0000000000000000000 ) ) ;
#5199 = DIRECTION ( 'NONE',  ( 0.0000000000000000000, 0.0000000000000000000, -1.000000000000000000 ) ) ;
#5200 = LINE ( 'NONE', #5201, #5202 ) ;
#5201 = CARTESIAN_POINT ( 'NONE',  ( 4.530000000000000200, 3.600000000000000100, -0.9499999999999999600 ) ) ;
#5202 = VECTOR ( 'NONE', #5203, 1000.000000000000000 ) ;
#5203 = DIRECTION ( 'NONE',  ( 0.0000000000000000000, 0.0000000000000000000, 1.000000000000000000 ) ) ;
#5204 = CARTESIAN_POINT ( 'NONE',  ( 9.359999999999999400, 1.879999999999999900, 3.955074563332015000 ) ) ;
#5205 = FACE_OUTER_BOUND ( 'NONE', #43, .T. ) ;
#5206 = PLANE ( 'NONE',  #5207 ) ;
#5207 = AXIS2_PLACEMENT_3D ( 'NONE', #5208, #5209, #5210 ) ;
#5208 = CARTESIAN_POINT ( 'NONE',  ( -0.2500000000000000000, 0.4000000000000000200, 4.899999999999999500 ) ) ;
#5209 = DIRECTION ( 'NONE',  ( -1.000000000000000000, 0.0000000000000000000, 0.0000000000000000000 ) ) ;
#5210 = DIRECTION ( 'NONE',  ( 0.0000000000000000000, 0.0000000000000000000, 1.000000000000000000 ) ) ;
#5211 = CARTESIAN_POINT ( 'NONE',  ( 4.280000000000000200, 0.5999999999999999800, 4.298049529643849500 ) ) ;
#5212 = EDGE_LOOP ( 'NONE', ( #6070, #2320, #2598, #1716 ) ) ;
#5213 = ORIENTED_EDGE ( 'NONE', *, *, #5282, .T. ) ;
#5214 = LINE ( 'NONE', #5215, #5216 ) ;
#5215 = CARTESIAN_POINT ( 'NONE',  ( 6.819999999999999400, 0.5999999999999999800, -3.100000000000000100 ) ) ;
#5216 = VECTOR ( 'NONE', #5217, 1000.000000000000000 ) ;
#5217 = DIRECTION ( 'NONE',  ( 0.0000000000000000000, 0.0000000000000000000, -1.000000000000000000 ) ) ;
#5218 = LINE ( 'NONE', #5219, #5220 ) ;
#5219 = CARTESIAN_POINT ( 'NONE',  ( -0.5500000000000000400, 5.186606874731849900, 0.04999999999999939900 ) ) ;
#5220 = VECTOR ( 'NONE', #5221, 1000.000000000000000 ) ;
#5221 = DIRECTION ( 'NONE',  ( 0.0000000000000000000, -1.000000000000000000, 0.0000000000000000000 ) ) ;
#5222 = LINE ( 'NONE', #5223, #5224 ) ;
#5223 = CARTESIAN_POINT ( 'NONE',  ( 2.790000000000000000, 0.4000000000000000200, 4.899999999999999500 ) ) ;
#5224 = VECTOR ( 'NONE', #5225, 1000.000000000000000 ) ;
#5225 = DIRECTION ( 'NONE',  ( 0.0000000000000000000, 0.0000000000000000000, -1.000000000000000000 ) ) ;
#5226 = LINE ( 'NONE', #5227, #5228 ) ;
#5227 = CARTESIAN_POINT ( 'NONE',  ( 4.530000000000000200, 3.600000000000000100, -0.9499999999999999600 ) ) ;
#5228 = VECTOR ( 'NONE', #5229, 1000.000000000000000 ) ;
#5229 = DIRECTION ( 'NONE',  ( -1.000000000000000000, 0.0000000000000000000, 0.0000000000000000000 ) ) ;
#5230 = FACE_OUTER_BOUND ( 'NONE', #78, .T. ) ;
#5231 = COLOUR_RGB ( '',1.000000000000000000, 1.000000000000000000, 1.000000000000000000 ) ;
#5232 = FILL_AREA_STYLE_COLOUR ( '', #5231 ) ;
#5233 = FILL_AREA_STYLE ('',( #5232 ) ) ;
#5234 = SURFACE_STYLE_FILL_AREA ( #5233 ) ;
#5235 = SURFACE_SIDE_STYLE ('',( #5234 ) ) ;
#5236 = SURFACE_STYLE_USAGE ( .BOTH. , #5235 ) ;
#5237 = PRESENTATION_STYLE_ASSIGNMENT (( #5236 ) ) ;
#5238 = STYLED_ITEM ( 'NONE', ( #5237 ), #6112 ) ;
#5239 = PRESENTATION_LAYER_ASSIGNMENT (  '', '', ( #5238 ) ) ;
#5240 = MECHANICAL_DESIGN_GEOMETRIC_PRESENTATION_REPRESENTATION (  '', ( #5238 ), #5245 ) ;
#5241 =( LENGTH_UNIT ( ) NAMED_UNIT ( * ) SI_UNIT ( .MILLI., .METRE. ) );
#5242 =( NAMED_UNIT ( * ) PLANE_ANGLE_UNIT ( ) SI_UNIT ( $, .RADIAN. ) );
#5243 =( NAMED_UNIT ( * ) SI_UNIT ( $, .STERADIAN. ) SOLID_ANGLE_UNIT ( ) );
#5244 = UNCERTAINTY_MEASURE_WITH_UNIT (LENGTH_MEASURE( 1.000000000000000100E-005 ), #5241, 'distance_accuracy_value', 'NONE');
#5245 =( GEOMETRIC_REPRESENTATION_CONTEXT ( 3 ) GLOBAL_UNCERTAINTY_ASSIGNED_CONTEXT ( ( #5244 ) ) GLOBAL_UNIT_ASSIGNED_CONTEXT ( ( #5241, #5242, #5243 ) ) REPRESENTATION_CONTEXT ( 'NONE', 'WORKASPACE' ) );
#5246 = EDGE_CURVE ( 'NONE', #5429, #377, #4282, .T. ) ;
#5247 = PLANE ( 'NONE',  #5248 ) ;
#5248 = AXIS2_PLACEMENT_3D ( 'NONE', #5249, #5250, #5251 ) ;
#5249 = CARTESIAN_POINT ( 'NONE',  ( 7.070000000000000300, 5.186606874731849900, -0.9499999999999999600 ) ) ;
#5250 = DIRECTION ( 'NONE',  ( 1.000000000000000000, 0.0000000000000000000, 0.0000000000000000000 ) ) ;
#5251 = DIRECTION ( 'NONE',  ( 0.0000000000000000000, 0.0000000000000000000, -1.000000000000000000 ) ) ;
#5252 = CARTESIAN_POINT ( 'NONE',  ( 0.2500000000000000000, 0.2500000000000000000, -4.899999999999999500 ) ) ;
#5253 = CARTESIAN_POINT ( 'NONE',  ( 5.879999999999999900, 1.629999999999999900, -3.763242816337275100 ) ) ;
#5254 = LINE ( 'NONE', #5255, #5256 ) ;
#5255 = CARTESIAN_POINT ( 'NONE',  ( 1.814999999999999900, 3.700000000000000200, 1.899999999999999900 ) ) ;
#5256 = VECTOR ( 'NONE', #5257, 1000.000000000000100 ) ;
#5257 = DIRECTION ( 'NONE',  ( 0.0000000000000000000, -0.7071067811865474600, -0.7071067811865474600 ) ) ;
#5258 = LINE ( 'NONE', #5259, #5260 ) ;
#5259 = CARTESIAN_POINT ( 'NONE',  ( 7.870000000000000100, -1.084202172485503900E-016, 4.899999999999999500 ) ) ;
#5260 = VECTOR ( 'NONE', #5261, 1000.000000000000000 ) ;
#5261 = DIRECTION ( 'NONE',  ( 0.0000000000000000000, 0.0000000000000000000, -1.000000000000000000 ) ) ;
#5262 = LINE ( 'NONE', #5265, #5266 ) ;
#5263 = VERTEX_POINT ( 'NONE', #4307 ) ;
#5264 = ORIENTED_EDGE ( 'NONE', *, *, #6116, .F. ) ;
#5265 = CARTESIAN_POINT ( 'NONE',  ( 4.355000000000000400, 3.700000000000000200, -1.899999999999999900 ) ) ;
#5266 = VECTOR ( 'NONE', #5267, 1000.000000000000000 ) ;
#5267 = DIRECTION ( 'NONE',  ( 1.000000000000000000, 0.0000000000000000000, 0.0000000000000000000 ) ) ;
#5268 = LINE ( 'NONE', #5269, #5270 ) ;
#5269 = CARTESIAN_POINT ( 'NONE',  ( 1.740000000000000000, 0.5999999999999999800, 3.100000000000000100 ) ) ;
#5270 = VECTOR ( 'NONE', #5271, 1000.000000000000000 ) ;
#5271 = DIRECTION ( 'NONE',  ( 0.0000000000000000000, 0.0000000000000000000, 1.000000000000000000 ) ) ;
#5272 = LINE ( 'NONE', #5273, #5274 ) ;
#5273 = CARTESIAN_POINT ( 'NONE',  ( 5.879999999999999900, 1.879999999999999900, 3.100000000000000100 ) ) ;
#5274 = VECTOR ( 'NONE', #5275, 1000.000000000000000 ) ;
#5275 = DIRECTION ( 'NONE',  ( 0.0000000000000000000, 1.000000000000000000, 0.0000000000000000000 ) ) ;
#5276 = CARTESIAN_POINT ( 'NONE',  ( 8.419999999999999900, 1.629999999999999900, -3.100000000000000100 ) ) ;
#5277 = CARTESIAN_POINT ( 'NONE',  ( 5.805000000000000600, 3.250000000000000000, 1.450000000000000000 ) ) ;
#5278 = CARTESIAN_POINT ( 'NONE',  ( 2.790000000000000000, 0.4000000000000000200, -4.092820323027554600 ) ) ;
#5279 = CARTESIAN_POINT ( 'NONE',  ( 5.805000000000000600, 3.250000000000000000, -1.450000000000000000 ) ) ;
#5280 = CARTESIAN_POINT ( 'NONE',  ( 4.530000000000000200, 3.600000000000000100, -0.9499999999999999600 ) ) ;
#5281 = ORIENTED_EDGE ( 'NONE', *, *, #5394, .F. ) ;
#5282 = EDGE_CURVE ( 'NONE', #1852, #5393, #4314, .T. ) ;
#5283 = ORIENTED_EDGE ( 'NONE', *, *, #481, .F. ) ;
#5284 = CARTESIAN_POINT ( 'NONE',  ( 8.419999999999999900, 1.879999999999999900, -3.100000000000000100 ) ) ;
#5285 = FACE_OUTER_BOUND ( 'NONE', #5801, .T. ) ;
#5286 = PLANE ( 'NONE',  #5287 ) ;
#5287 = AXIS2_PLACEMENT_3D ( 'NONE', #5288, #5289, #5290 ) ;
#5288 = CARTESIAN_POINT ( 'NONE',  ( 5.879999999999999900, -1.224606353822382200E-017, -4.200000000000000200 ) ) ;
#5289 = DIRECTION ( 'NONE',  ( 0.0000000000000000000, -1.000000000000000000, 1.373916481576093900E-016 ) ) ;
#5290 = DIRECTION ( 'NONE',  ( 0.0000000000000000000, -1.373916481576093900E-016, -1.000000000000000000 ) ) ;
#5291 = LINE ( 'NONE', #5292, #5293 ) ;
#5292 = CARTESIAN_POINT ( 'NONE',  ( 4.280000000000000200, 1.879999999999999900, 3.100000000000000100 ) ) ;
#5293 = VECTOR ( 'NONE', #5294, 1000.000000000000000 ) ;
#5294 = DIRECTION ( 'NONE',  ( 0.0000000000000000000, 1.000000000000000000, 0.0000000000000000000 ) ) ;
#5295 = CARTESIAN_POINT ( 'NONE',  ( -0.2500000000000000000, 0.4000000000000000200, -4.092820323027554600 ) ) ;
#5296 = LINE ( 'NONE', #5297, #5298 ) ;
#5297 = CARTESIAN_POINT ( 'NONE',  ( 3.340000000000000300, 1.879999999999999900, 3.955074563332020300 ) ) ;
#5298 = VECTOR ( 'NONE', #5299, 1000.000000000000000 ) ;
#5299 = DIRECTION ( 'NONE',  ( -1.000000000000000000, 0.0000000000000000000, 0.0000000000000000000 ) ) ;
#5300 = VERTEX_POINT ( 'NONE', #4328 ) ;
#5301 = EDGE_LOOP ( 'NONE', ( #5652, #902, #297, #6160 ) ) ;
#5302 = EDGE_CURVE ( 'NONE', #318, #5668, #4335, .T. ) ;
#5303 = EDGE_CURVE ( 'NONE', #5883, #6279, #4345, .T. ) ;
#5304 = CARTESIAN_POINT ( 'NONE',  ( 5.879999999999999900, 1.879999999999999900, 3.100000000000000100 ) ) ;
#5305 = CARTESIAN_POINT ( 'NONE',  ( 7.370000000000000100, 0.2500000000000000000, 4.899999999999999500 ) ) ;
#5306 = LINE ( 'NONE', #5307, #5308 ) ;
#5307 = CARTESIAN_POINT ( 'NONE',  ( 5.330000000000000100, 0.2500000000000000000, 4.391831746994739700 ) ) ;
#5308 = VECTOR ( 'NONE', #5309, 1000.000000000000000 ) ;
#5309 = DIRECTION ( 'NONE',  ( -2.891498888091015800E-032, 1.066774799560611900E-016, 1.000000000000000000 ) ) ;
#5310 = CARTESIAN_POINT ( 'NONE',  ( 7.870000000000000100, 0.4000000000000000200, 4.092820323027550200 ) ) ;
#5311 = CARTESIAN_POINT ( 'NONE',  ( 3.340000000000000300, 1.879999999999999900, 3.100000000000000100 ) ) ;
#5312 = LINE ( 'NONE', #5313, #5314 ) ;
#5313 = CARTESIAN_POINT ( 'NONE',  ( 5.879999999999999900, 1.629999999999999900, -3.763242816337275100 ) ) ;
#5314 = VECTOR ( 'NONE', #5315, 999.9999999999998900 ) ;
#5315 = DIRECTION ( 'NONE',  ( 0.0000000000000000000, 0.9659258262890692000, 0.2588190451025176300 ) ) ;
#5316 = LINE ( 'NONE', #5317, #5318 ) ;
#5317 = CARTESIAN_POINT ( 'NONE',  ( 7.070000000000000300, 3.600000000000000100, -0.9499999999999999600 ) ) ;
#5318 = VECTOR ( 'NONE', #5319, 1000.000000000000000 ) ;
#5319 = DIRECTION ( 'NONE',  ( -1.000000000000000000, 0.0000000000000000000, 0.0000000000000000000 ) ) ;
#5320 = ORIENTED_EDGE ( 'NONE', *, *, #6157, .F. ) ;
#5321 = ORIENTED_EDGE ( 'NONE', *, *, #5395, .F. ) ;
#5322 = COLOUR_RGB ( '',1.000000000000000000, 1.000000000000000000, 0.5019607843137254800 ) ;
#5323 = FILL_AREA_STYLE_COLOUR ( '', #5322 ) ;
#5324 = FILL_AREA_STYLE ('',( #5323 ) ) ;
#5325 = SURFACE_STYLE_FILL_AREA ( #5324 ) ;
#5326 = SURFACE_SIDE_STYLE ('',( #5325 ) ) ;
#5327 = SURFACE_STYLE_USAGE ( .BOTH. , #5326 ) ;
#5328 = PRESENTATION_STYLE_ASSIGNMENT (( #5327 ) ) ;
#5329 = STYLED_ITEM ( 'NONE', ( #5328 ), #6153 ) ;
#5330 = PRESENTATION_LAYER_ASSIGNMENT (  '', '', ( #5329 ) ) ;
#5331 = MECHANICAL_DESIGN_GEOMETRIC_PRESENTATION_REPRESENTATION (  '', ( #5329 ), #5336 ) ;
#5332 =( LENGTH_UNIT ( ) NAMED_UNIT ( * ) SI_UNIT ( .MILLI., .METRE. ) );
#5333 =( NAMED_UNIT ( * ) PLANE_ANGLE_UNIT ( ) SI_UNIT ( $, .RADIAN. ) );
#5334 =( NAMED_UNIT ( * ) SI_UNIT ( $, .STERADIAN. ) SOLID_ANGLE_UNIT ( ) );
#5335 = UNCERTAINTY_MEASURE_WITH_UNIT (LENGTH_MEASURE( 1.000000000000000100E-005 ), #5332, 'distance_accuracy_value', 'NONE');
#5336 =( GEOMETRIC_REPRESENTATION_CONTEXT ( 3 ) GLOBAL_UNCERTAINTY_ASSIGNED_CONTEXT ( ( #5335 ) ) GLOBAL_UNIT_ASSIGNED_CONTEXT ( ( #5332, #5333, #5334 ) ) REPRESENTATION_CONTEXT ( 'NONE', 'WORKASPACE' ) );
#5337 = LINE ( 'NONE', #5340, #5341 ) ;
#5338 = ORIENTED_EDGE ( 'NONE', *, *, #3629, .T. ) ;
#5339 = EDGE_CURVE ( 'NONE', #5602, #613, #4361, .T. ) ;
#5340 = CARTESIAN_POINT ( 'NONE',  ( 0.1644416439065160000, 0.2492939476703585100, -4.392020933146285200 ) ) ;
#5341 = VECTOR ( 'NONE', #5342, 1000.000000000000000 ) ;
#5342 = DIRECTION ( 'NONE',  ( 0.9358779346557388700, -0.3403192489657229600, -0.09118826792913038700 ) ) ;
#5343 = LINE ( 'NONE', #5344, #5345 ) ;
#5344 = CARTESIAN_POINT ( 'NONE',  ( 8.419999999999999900, 1.879999999999999900, 3.955074563332015000 ) ) ;
#5345 = VECTOR ( 'NONE', #5346, 1000.000000000000000 ) ;
#5346 = DIRECTION ( 'NONE',  ( -1.000000000000000000, 0.0000000000000000000, 0.0000000000000000000 ) ) ;
#5347 = LINE ( 'NONE', #5348, #5349 ) ;
#5348 = CARTESIAN_POINT ( 'NONE',  ( 10.95999999999999900, 0.2500000000000000000, 4.899999999999999500 ) ) ;
#5349 = VECTOR ( 'NONE', #5350, 1000.000000000000000 ) ;
#5350 = DIRECTION ( 'NONE',  ( -1.000000000000000000, 0.0000000000000000000, 0.0000000000000000000 ) ) ;
#5351 = LINE ( 'NONE', #5352, #5353 ) ;
#5352 = CARTESIAN_POINT ( 'NONE',  ( 0.8000000000000000400, 1.629999999999999900, 3.100000000000000100 ) ) ;
#5353 = VECTOR ( 'NONE', #5354, 1000.000000000000000 ) ;
#5354 = DIRECTION ( 'NONE',  ( -1.000000000000000000, 0.0000000000000000000, 0.0000000000000000000 ) ) ;
#5355 = LINE ( 'NONE', #5358, #5359 ) ;
#5356 = EDGE_CURVE ( 'NONE', #5951, #426, #4369, .T. ) ;
#5357 = ORIENTED_EDGE ( 'NONE', *, *, #5453, .F. ) ;
#5358 = CARTESIAN_POINT ( 'NONE',  ( 8.345000000000000600, 3.700000000000000200, 1.899999999999999900 ) ) ;
#5359 = VECTOR ( 'NONE', #5360, 1000.000000000000000 ) ;
#5360 = DIRECTION ( 'NONE',  ( 0.0000000000000000000, 0.0000000000000000000, 1.000000000000000000 ) ) ;
#5361 = CARTESIAN_POINT ( 'NONE',  ( 6.819999999999999400, 0.5999999999999999800, -4.298049529643849500 ) ) ;
#5362 = CARTESIAN_POINT ( 'NONE',  ( 2.290000000000000000, 0.4000000000000000200, 4.351639368130075300 ) ) ;
#5363 = FACE_OUTER_BOUND ( 'NONE', #6217, .T. ) ;
#5364 = COLOUR_RGB ( '',1.000000000000000000, 1.000000000000000000, 1.000000000000000000 ) ;
#5365 = FILL_AREA_STYLE_COLOUR ( '', #5364 ) ;
#5366 = FILL_AREA_STYLE ('',( #5365 ) ) ;
#5367 = SURFACE_STYLE_FILL_AREA ( #5366 ) ;
#5368 = SURFACE_SIDE_STYLE ('',( #5367 ) ) ;
#5369 = SURFACE_STYLE_USAGE ( .BOTH. , #5368 ) ;
#5370 = PRESENTATION_STYLE_ASSIGNMENT (( #5369 ) ) ;
#5371 = STYLED_ITEM ( 'NONE', ( #5370 ), #6164 ) ;
#5372 = PRESENTATION_LAYER_ASSIGNMENT (  '', '', ( #5371 ) ) ;
#5373 = MECHANICAL_DESIGN_GEOMETRIC_PRESENTATION_REPRESENTATION (  '', ( #5371 ), #5381 ) ;
#5374 = ORIENTED_EDGE ( 'NONE', *, *, #6493, .F. ) ;
#5375 = VERTEX_POINT ( 'NONE', #760 ) ;
#5376 = ORIENTED_EDGE ( 'NONE', *, *, #344, .T. ) ;
#5377 =( LENGTH_UNIT ( ) NAMED_UNIT ( * ) SI_UNIT ( .MILLI., .METRE. ) );
#5378 =( NAMED_UNIT ( * ) PLANE_ANGLE_UNIT ( ) SI_UNIT ( $, .RADIAN. ) );
#5379 =( NAMED_UNIT ( * ) SI_UNIT ( $, .STERADIAN. ) SOLID_ANGLE_UNIT ( ) );
#5380 = UNCERTAINTY_MEASURE_WITH_UNIT (LENGTH_MEASURE( 1.000000000000000100E-005 ), #5377, 'distance_accuracy_value', 'NONE');
#5381 =( GEOMETRIC_REPRESENTATION_CONTEXT ( 3 ) GLOBAL_UNCERTAINTY_ASSIGNED_CONTEXT ( ( #5380 ) ) GLOBAL_UNIT_ASSIGNED_CONTEXT ( ( #5377, #5378, #5379 ) ) REPRESENTATION_CONTEXT ( 'NONE', 'WORKASPACE' ) );
#5382 = PLANE ( 'NONE',  #5383 ) ;
#5383 = AXIS2_PLACEMENT_3D ( 'NONE', #5384, #5385, #5386 ) ;
#5384 = CARTESIAN_POINT ( 'NONE',  ( 0.5500000000000000400, 5.186606874731849900, -0.9499999999999999600 ) ) ;
#5385 = DIRECTION ( 'NONE',  ( -1.000000000000000000, 0.0000000000000000000, 0.0000000000000000000 ) ) ;
#5386 = DIRECTION ( 'NONE',  ( 0.0000000000000000000, 0.0000000000000000000, 1.000000000000000000 ) ) ;
#5387 = CARTESIAN_POINT ( 'NONE',  ( 0.7249999999999999800, 3.250000000000000000, 1.450000000000000000 ) ) ;
#5388 = LINE ( 'NONE', #5389, #5390 ) ;
#5389 = CARTESIAN_POINT ( 'NONE',  ( 3.340000000000000300, 1.879999999999999900, 3.100000000000000100 ) ) ;
#5390 = VECTOR ( 'NONE', #5391, 1000.000000000000000 ) ;
#5391 = DIRECTION ( 'NONE',  ( 0.0000000000000000000, 1.000000000000000000, 0.0000000000000000000 ) ) ;
#5392 = CARTESIAN_POINT ( 'NONE',  ( 4.280000000000000200, 1.629999999999999900, 3.100000000000000100 ) ) ;
#5393 = VERTEX_POINT ( 'NONE', #762 ) ;
#5394 = EDGE_CURVE ( 'NONE', #5471, #4839, #763, .T. ) ;
#5395 = EDGE_CURVE ( 'NONE', #517, #5706, #770, .T. ) ;
#5396 = ORIENTED_EDGE ( 'NONE', *, *, #6115, .T. ) ;
#5397 = CARTESIAN_POINT ( 'NONE',  ( 0.8000000000000000400, 0.5999999999999999800, 4.039230484541330500 ) ) ;
#5398 = CARTESIAN_POINT ( 'NONE',  ( 1.740000000000000000, 1.879999999999999900, 3.955074563332020300 ) ) ;
#5399 = CARTESIAN_POINT ( 'NONE',  ( 10.41000000000000000, 0.2500000000000000000, 4.899999999999999500 ) ) ;
#5400 = FACE_OUTER_BOUND ( 'NONE', #4407, .T. ) ;
#5401 = PLANE ( 'NONE',  #5402 ) ;
#5402 = AXIS2_PLACEMENT_3D ( 'NONE', #5403, #5404, #5405 ) ;
#5403 = CARTESIAN_POINT ( 'NONE',  ( 8.419999999999999900, -1.224606353822382200E-017, -4.200000000000000200 ) ) ;
#5404 = DIRECTION ( 'NONE',  ( 0.0000000000000000000, -1.000000000000000000, 1.373916481576093900E-016 ) ) ;
#5405 = DIRECTION ( 'NONE',  ( 0.0000000000000000000, -1.373916481576093900E-016, -1.000000000000000000 ) ) ;
#5406 = FACE_OUTER_BOUND ( 'NONE', #5735, .T. ) ;
#5407 = PLANE ( 'NONE',  #5408 ) ;
#5408 = AXIS2_PLACEMENT_3D ( 'NONE', #5409, #5410, #5411 ) ;
#5409 = CARTESIAN_POINT ( 'NONE',  ( 0.8000000000000000400, 1.629999999999999900, 3.763242816337275100 ) ) ;
#5410 = DIRECTION ( 'NONE',  ( 0.0000000000000000000, 0.2588190451025175800, 0.9659258262890692000 ) ) ;
#5411 = DIRECTION ( 'NONE',  ( 0.0000000000000000000, -0.9659258262890692000, 0.2588190451025175800 ) ) ;
#5412 = LINE ( 'NONE', #5414, #5415 ) ;
#5413 = ORIENTED_EDGE ( 'NONE', *, *, #5108, .T. ) ;
#5414 = CARTESIAN_POINT ( 'NONE',  ( 2.290000000000000000, 1.879999999999999900, -3.955074563332020300 ) ) ;
#5415 = VECTOR ( 'NONE', #5416, 999.9999999999998900 ) ;
#5416 = DIRECTION ( 'NONE',  ( 0.0000000000000000000, -0.9659258262890692000, -0.2588190451025176300 ) ) ;
#5417 = LINE ( 'NONE', #5418, #5419 ) ;
#5418 = CARTESIAN_POINT ( 'NONE',  ( 1.814999999999999900, 3.250000000000000000, 1.450000000000000000 ) ) ;
#5419 = VECTOR ( 'NONE', #5420, 1000.000000000000000 ) ;
#5420 = DIRECTION ( 'NONE',  ( 1.000000000000000000, 0.0000000000000000000, 0.0000000000000000000 ) ) ;
#5421 = CARTESIAN_POINT ( 'NONE',  ( -0.8000000000000000400, 0.5999999999999999800, -4.039230484541330500 ) ) ;
#5422 =( LENGTH_UNIT ( ) NAMED_UNIT ( * ) SI_UNIT ( .MILLI., .METRE. ) );
#5423 =( NAMED_UNIT ( * ) PLANE_ANGLE_UNIT ( ) SI_UNIT ( $, .RADIAN. ) );
#5424 =( NAMED_UNIT ( * ) SI_UNIT ( $, .STERADIAN. ) SOLID_ANGLE_UNIT ( ) );
#5425 = UNCERTAINTY_MEASURE_WITH_UNIT (LENGTH_MEASURE( 1.000000000000000100E-005 ), #5422, 'distance_accuracy_value', 'NONE');
#5426 =( GEOMETRIC_REPRESENTATION_CONTEXT ( 3 ) GLOBAL_UNCERTAINTY_ASSIGNED_CONTEXT ( ( #5425 ) ) GLOBAL_UNIT_ASSIGNED_CONTEXT ( ( #5422, #5423, #5424 ) ) REPRESENTATION_CONTEXT ( 'NONE', 'WORKASPACE' ) );
#5427 = ADVANCED_BREP_SHAPE_REPRESENTATION ( 'A6S_5102_H', ( #6153, #5430 ), #5426 ) ;
#5428 = ORIENTED_EDGE ( 'NONE', *, *, #5468, .F. ) ;
#5429 = VERTEX_POINT ( 'NONE', #780 ) ;
#5430 = AXIS2_PLACEMENT_3D ( 'NONE', #5431, #5432, #5433 ) ;
#5431 = CARTESIAN_POINT ( 'NONE',  ( 0.0000000000000000000, 0.0000000000000000000, 0.0000000000000000000 ) ) ;
#5432 = DIRECTION ( 'NONE',  ( 0.0000000000000000000, 0.0000000000000000000, 1.000000000000000000 ) ) ;
#5433 = DIRECTION ( 'NONE',  ( 1.000000000000000000, 0.0000000000000000000, 0.0000000000000000000 ) ) ;
#5434 = APPLICATION_CONTEXT ( 'automotive_design' ) ;
#5435 = APPLICATION_PROTOCOL_DEFINITION ( 'draft international standard', 'automotive_design', 1998, #5434 ) ;
#5436 = PRODUCT_CONTEXT ( 'NONE', #5434, 'mechanical' ) ;
#5437 = PRODUCT ( 'A6S_5102_H', 'A6S_5102_H', '', ( #5436 ) ) ;
#5438 = APPLICATION_CONTEXT ( 'automotive_design' ) ;
#5439 = APPLICATION_PROTOCOL_DEFINITION ( 'draft international standard', 'automotive_design', 1998, #5438 ) ;
#5440 = PRODUCT_DEFINITION_CONTEXT ( 'detailed design', #5438, 'design' ) ;
#5441 = PRODUCT_DEFINITION ( 'UNKNOWN', '', #5442, #5440 ) ;
#5442 = PRODUCT_DEFINITION_FORMATION_WITH_SPECIFIED_SOURCE ( 'ANY', '', #5437, .NOT_KNOWN. ) ;
#5443 = PRODUCT_RELATED_PRODUCT_CATEGORY ( 'part', '', ( #5437 ) ) ;
#5444 = PRODUCT_DEFINITION_SHAPE ( 'NONE', 'NONE',  #5441 ) ;
#5445 = SHAPE_DEFINITION_REPRESENTATION ( #5444, #5427 ) ;
#5446 = ADVANCED_FACE ( 'NONE', ( #783 ), #802, .T. ) ;
#5447 = EDGE_CURVE ( 'NONE', #5596, #5480, #807, .T. ) ;
#5448 = ORIENTED_EDGE ( 'NONE', *, *, #5478, .F. ) ;
#5449 = EDGE_CURVE ( 'NONE', #319, #4529, #811, .T. ) ;
#5450 = ORIENTED_EDGE ( 'NONE', *, *, #6350, .T. ) ;
#5451 = ORIENTED_EDGE ( 'NONE', *, *, #5461, .F. ) ;
#5452 = ORIENTED_EDGE ( 'NONE', *, *, #4078, .T. ) ;
#5453 = EDGE_CURVE ( 'NONE', #503, #6188, #815, .T. ) ;
#5454 = ORIENTED_EDGE ( 'NONE', *, *, #5462, .F. ) ;
#5455 = ORIENTED_EDGE ( 'NONE', *, *, #609, .T. ) ;
#5456 = ORIENTED_EDGE ( 'NONE', *, *, #5465, .F. ) ;
#5457 = ORIENTED_EDGE ( 'NONE', *, *, #5831, .F. ) ;
#5458 = ORIENTED_EDGE ( 'NONE', *, *, #243, .F. ) ;
#5459 = ORIENTED_EDGE ( 'NONE', *, *, #5463, .T. ) ;
#5460 = ORIENTED_EDGE ( 'NONE', *, *, #4114, .F. ) ;
#5461 = EDGE_CURVE ( 'NONE', #6456, #188, #836, .T. ) ;
#5462 = EDGE_CURVE ( 'NONE', #395, #2234, #854, .T. ) ;
#5463 = EDGE_CURVE ( 'NONE', #4, #335, #874, .T. ) ;
#5464 = EDGE_CURVE ( 'NONE', #5480, #6243, #886, .T. ) ;
#5465 = EDGE_CURVE ( 'NONE', #597, #5849, #890, .T. ) ;
#5466 = ADVANCED_FACE ( 'NONE', ( #894 ), #895, .T. ) ;
#5467 = EDGE_CURVE ( 'NONE', #5715, #159, #900, .T. ) ;
#5468 = EDGE_CURVE ( 'NONE', #2634, #2862, #905, .T. ) ;
#5469 = EDGE_CURVE ( 'NONE', #544, #181, #909, .T. ) ;
#5470 = ADVANCED_FACE ( 'NONE', ( #914 ), #931, .F. ) ;
#5471 = VERTEX_POINT ( 'NONE', #938 ) ;
#5472 = ORIENTED_EDGE ( 'NONE', *, *, #3665, .T. ) ;
#5473 = ORIENTED_EDGE ( 'NONE', *, *, #5447, .F. ) ;
#5474 = EDGE_LOOP ( 'NONE', ( #5089, #5338, #6084, #6078 ) ) ;
#5475 = ADVANCED_FACE ( 'NONE', ( #946 ), #966, .F. ) ;
#5476 = ORIENTED_EDGE ( 'NONE', *, *, #594, .T. ) ;
#5477 = ORIENTED_EDGE ( 'NONE', *, *, #4739, .T. ) ;
#5478 = EDGE_CURVE ( 'NONE', #5486, #5639, #1002, .T. ) ;
#5479 = ORIENTED_EDGE ( 'NONE', *, *, #2303, .F. ) ;
#5480 = VERTEX_POINT ( 'NONE', #1018 ) ;
#5481 = ORIENTED_EDGE ( 'NONE', *, *, #124, .F. ) ;
#5482 = EDGE_LOOP ( 'NONE', ( #5517, #678, #730, #60 ) ) ;
#5483 = VERTEX_POINT ( 'NONE', #1030 ) ;
#5484 = ORIENTED_EDGE ( 'NONE', *, *, #5513, .F. ) ;
#5485 = ORIENTED_EDGE ( 'NONE', *, *, #5638, .T. ) ;
#5486 = VERTEX_POINT ( 'NONE', #1050 ) ;
#5487 = ADVANCED_FACE ( 'NONE', ( #1051 ), #1052, .T. ) ;
#5488 = ADVANCED_FACE ( 'NONE', ( #1057 ), #1058, .F. ) ;
#5489 = ADVANCED_FACE ( 'NONE', ( #1068 ), #1069, .T. ) ;
#5490 = VERTEX_POINT ( 'NONE', #1074 ) ;
#5491 = ORIENTED_EDGE ( 'NONE', *, *, #5499, .T. ) ;
#5492 = ORIENTED_EDGE ( 'NONE', *, *, #1009, .T. ) ;
#5493 = EDGE_CURVE ( 'NONE', #271, #2443, #1120, .T. ) ;
#5494 = ADVANCED_FACE ( 'NONE', ( #1124 ), #1125, .F. ) ;
#5495 = ORIENTED_EDGE ( 'NONE', *, *, #2703, .T. ) ;
#5496 = EDGE_CURVE ( 'NONE', #6497, #5643, #1136, .T. ) ;
#5497 = EDGE_CURVE ( 'NONE', #273, #687, #1141, .T. ) ;
#5498 = VERTEX_POINT ( 'NONE', #1169 ) ;
#5499 = EDGE_CURVE ( 'NONE', #4805, #3951, #1174, .T. ) ;
#5500 = ORIENTED_EDGE ( 'NONE', *, *, #1461, .T. ) ;
#5501 = VERTEX_POINT ( 'NONE', #1182 ) ;
#5502 = ADVANCED_FACE ( 'NONE', ( #1188 ), #1189, .T. ) ;
#5503 = EDGE_LOOP ( 'NONE', ( #360, #6208, #619, #6271 ) ) ;
#5504 = ORIENTED_EDGE ( 'NONE', *, *, #6453, .T. ) ;
#5505 = ORIENTED_EDGE ( 'NONE', *, *, #6407, .F. ) ;
#5506 = ORIENTED_EDGE ( 'NONE', *, *, #5540, .T. ) ;
#5507 = ORIENTED_EDGE ( 'NONE', *, *, #2425, .F. ) ;
#5508 = ORIENTED_EDGE ( 'NONE', *, *, #4932, .T. ) ;
#5509 = ORIENTED_EDGE ( 'NONE', *, *, #5548, .T. ) ;
#5510 = EDGE_LOOP ( 'NONE', ( #5090, #5617, #263, #462 ) ) ;
#5511 = EDGE_LOOP ( 'NONE', ( #5536, #5577, #6315, #6452 ) ) ;
#5512 = ADVANCED_FACE ( 'NONE', ( #1257 ), #1273, .F. ) ;
#5513 = EDGE_CURVE ( 'NONE', #1954, #6127, #1278, .T. ) ;
#5514 = ORIENTED_EDGE ( 'NONE', *, *, #5946, .T. ) ;
#5515 = ORIENTED_EDGE ( 'NONE', *, *, #5527, .T. ) ;
#5516 = ORIENTED_EDGE ( 'NONE', *, *, #404, .F. ) ;
#5517 = ORIENTED_EDGE ( 'NONE', *, *, #5467, .T. ) ;
#5518 = ORIENTED_EDGE ( 'NONE', *, *, #5530, .F. ) ;
#5519 = ORIENTED_EDGE ( 'NONE', *, *, #39, .F. ) ;
#5520 = EDGE_LOOP ( 'NONE', ( #6291, #6400, #6415, #1885, #6356, #6442 ) ) ;
#5521 = ADVANCED_FACE ( 'NONE', ( #1366 ), #1367, .F. ) ;
#5522 = EDGE_LOOP ( 'NONE', ( #6394, #5935, #5809, #5856 ) ) ;
#5523 = ORIENTED_EDGE ( 'NONE', *, *, #369, .T. ) ;
#5524 = ADVANCED_FACE ( 'NONE', ( #1381 ), #1382, .F. ) ;
#5525 = ORIENTED_EDGE ( 'NONE', *, *, #6275, .F. ) ;
#5526 = ORIENTED_EDGE ( 'NONE', *, *, #6144, .T. ) ;
#5527 = EDGE_CURVE ( 'NONE', #6162, #491, #1419, .T. ) ;
#5528 = EDGE_CURVE ( 'NONE', #5910, #371, #1423, .T. ) ;
#5529 = EDGE_CURVE ( 'NONE', #4477, #632, #1427, .T. ) ;
#5530 = EDGE_CURVE ( 'NONE', #5812, #6379, #1431, .T. ) ;
#5531 = ORIENTED_EDGE ( 'NONE', *, *, #6061, .T. ) ;
#5532 = VERTEX_POINT ( 'NONE', #1435 ) ;
#5533 = ORIENTED_EDGE ( 'NONE', *, *, #401, .F. ) ;
#5534 = EDGE_LOOP ( 'NONE', ( #3, #717, #6422, #362, #3318, #2022 ) ) ;
#5535 = VERTEX_POINT ( 'NONE', #1487 ) ;
#5536 = ORIENTED_EDGE ( 'NONE', *, *, #6403, .T. ) ;
#5537 = ORIENTED_EDGE ( 'NONE', *, *, #5550, .T. ) ;
#5538 = ORIENTED_EDGE ( 'NONE', *, *, #564, .T. ) ;
#5539 = ORIENTED_EDGE ( 'NONE', *, *, #5638, .F. ) ;
#5540 = EDGE_CURVE ( 'NONE', #6127, #6197, #1498, .T. ) ;
#5541 = ORIENTED_EDGE ( 'NONE', *, *, #356, .T. ) ;
#5542 = ORIENTED_EDGE ( 'NONE', *, *, #6218, .T. ) ;
#5543 = ORIENTED_EDGE ( 'NONE', *, *, #5497, .T. ) ;
#5544 = EDGE_CURVE ( 'NONE', #5845, #5072, #1521, .T. ) ;
#5545 = EDGE_LOOP ( 'NONE', ( #5711, #5871, #5891, #6322 ) ) ;
#5546 = ORIENTED_EDGE ( 'NONE', *, *, #5585, .F. ) ;
#5547 = EDGE_LOOP ( 'NONE', ( #6015, #5873, #5769, #5653 ) ) ;
#5548 = EDGE_CURVE ( 'NONE', #750, #1288, #1536, .T. ) ;
#5549 = ORIENTED_EDGE ( 'NONE', *, *, #5583, .F. ) ;
#5550 = EDGE_CURVE ( 'NONE', #5673, #5375, #1540, .T. ) ;
#5551 = VERTEX_POINT ( 'NONE', #1545 ) ;
#5552 = ORIENTED_EDGE ( 'NONE', *, *, #4986, .T. ) ;
#5553 = ORIENTED_EDGE ( 'NONE', *, *, #5581, .F. ) ;
#5554 = ORIENTED_EDGE ( 'NONE', *, *, #5478, .T. ) ;
#5555 = EDGE_CURVE ( 'NONE', #5709, #5658, #1556, .T. ) ;
#5556 = ORIENTED_EDGE ( 'NONE', *, *, #5496, .T. ) ;
#5557 = ORIENTED_EDGE ( 'NONE', *, *, #245, .T. ) ;
#5558 = ORIENTED_EDGE ( 'NONE', *, *, #65, .T. ) ;
#5559 = ORIENTED_EDGE ( 'NONE', *, *, #177, .T. ) ;
#5560 = ORIENTED_EDGE ( 'NONE', *, *, #5592, .F. ) ;
#5561 = ORIENTED_EDGE ( 'NONE', *, *, #4933, .T. ) ;
#5562 = ORIENTED_EDGE ( 'NONE', *, *, #6053, .F. ) ;
#5563 = ORIENTED_EDGE ( 'NONE', *, *, #5753, .F. ) ;
#5564 = EDGE_LOOP ( 'NONE', ( #89, #3094, #6269, #252 ) ) ;
#5565 = EDGE_CURVE ( 'NONE', #181, #6480, #1595, .T. ) ;
#5566 = ORIENTED_EDGE ( 'NONE', *, *, #5576, .F. ) ;
#5567 = EDGE_LOOP ( 'NONE', ( #4040, #304, #3682, #671 ) ) ;
#5568 = ORIENTED_EDGE ( 'NONE', *, *, #522, .T. ) ;
#5569 = VERTEX_POINT ( 'NONE', #1610 ) ;
#5570 = ADVANCED_FACE ( 'NONE', ( #1617 ), #1618, .T. ) ;
#5571 = ORIENTED_EDGE ( 'NONE', *, *, #5603, .T. ) ;
#5572 = EDGE_CURVE ( 'NONE', #5724, #5697, #1623, .T. ) ;
#5573 = ORIENTED_EDGE ( 'NONE', *, *, #5496, .F. ) ;
#5574 = ORIENTED_EDGE ( 'NONE', *, *, #599, .T. ) ;
#5575 = ORIENTED_EDGE ( 'NONE', *, *, #5917, .T. ) ;
#5576 = EDGE_CURVE ( 'NONE', #6052, #5263, #1635, .T. ) ;
#5577 = ORIENTED_EDGE ( 'NONE', *, *, #6120, .F. ) ;
#5578 = VERTEX_POINT ( 'NONE', #1639 ) ;
#5579 = ORIENTED_EDGE ( 'NONE', *, *, #5593, .F. ) ;
#5580 = ORIENTED_EDGE ( 'NONE', *, *, #6222, .T. ) ;
#5581 = EDGE_CURVE ( 'NONE', #5618, #442, #1641, .T. ) ;
#5582 = EDGE_LOOP ( 'NONE', ( #6389, #387, #5542, #5575, #5374, #315 ) ) ;
#5583 = EDGE_CURVE ( 'NONE', #6113, #6204, #1645, .T. ) ;
#5584 = ORIENTED_EDGE ( 'NONE', *, *, #6428, .F. ) ;
#5585 = EDGE_CURVE ( 'NONE', #5263, #152, #1649, .T. ) ;
#5586 = ORIENTED_EDGE ( 'NONE', *, *, #602, .T. ) ;
#5587 = ORIENTED_EDGE ( 'NONE', *, *, #5595, .F. ) ;
#5588 = ORIENTED_EDGE ( 'NONE', *, *, #6338, .T. ) ;
#5589 = ORIENTED_EDGE ( 'NONE', *, *, #5592, .T. ) ;
#5590 = ORIENTED_EDGE ( 'NONE', *, *, #6242, .F. ) ;
#5591 = ADVANCED_FACE ( 'NONE', ( #1671, #1672, #1673, #1674, #1675, #1676 ), #1692, .T. ) ;
#5592 = EDGE_CURVE ( 'NONE', #6180, #72, #1697, .T. ) ;
#5593 = EDGE_CURVE ( 'NONE', #4529, #5654, #1707, .T. ) ;
#5594 = EDGE_LOOP ( 'NONE', ( #6462, #2670, #1378, #5777, #219, #456, #4601, #6219 ) ) ;
#5595 = EDGE_CURVE ( 'NONE', #6043, #410, #1713, .T. ) ;
#5596 = VERTEX_POINT ( 'NONE', #1725 ) ;
#5597 = EDGE_CURVE ( 'NONE', #5393, #5578, #1730, .T. ) ;
#5598 = EDGE_LOOP ( 'NONE', ( #4531, #5771, #6048, #6361, #379, #86 ) ) ;
#5599 = ORIENTED_EDGE ( 'NONE', *, *, #6232, .T. ) ;
#5600 = VERTEX_POINT ( 'NONE', #1760 ) ;
#5601 = ORIENTED_EDGE ( 'NONE', *, *, #6241, .T. ) ;
#5602 = VERTEX_POINT ( 'NONE', #1793 ) ;
#5603 = EDGE_CURVE ( 'NONE', #677, #206, #1795, .T. ) ;
#5604 = EDGE_CURVE ( 'NONE', #6313, #5626, #1806, .T. ) ;
#5605 = ORIENTED_EDGE ( 'NONE', *, *, #1096, .T. ) ;
#5606 = ORIENTED_EDGE ( 'NONE', *, *, #754, .F. ) ;
#5607 = ORIENTED_EDGE ( 'NONE', *, *, #5634, .F. ) ;
#5608 = ADVANCED_FACE ( 'NONE', ( #1815 ), #1816, .T. ) ;
#5609 = ORIENTED_EDGE ( 'NONE', *, *, #5603, .F. ) ;
#5610 = EDGE_CURVE ( 'NONE', #5629, #5429, #1831, .T. ) ;
#5611 = VERTEX_POINT ( 'NONE', #1869 ) ;
#5612 = ORIENTED_EDGE ( 'NONE', *, *, #5623, .F. ) ;
#5613 = ORIENTED_EDGE ( 'NONE', *, *, #4287, .T. ) ;
#5614 = ORIENTED_EDGE ( 'NONE', *, *, #589, .F. ) ;
#5615 = ORIENTED_EDGE ( 'NONE', *, *, #5642, .F. ) ;
#5616 = VERTEX_POINT ( 'NONE', #1882 ) ;
#5617 = ORIENTED_EDGE ( 'NONE', *, *, #5631, .F. ) ;
#5618 = VERTEX_POINT ( 'NONE', #1889 ) ;
#5619 = ORIENTED_EDGE ( 'NONE', *, *, #559, .T. ) ;
#5620 = VERTEX_POINT ( 'NONE', #1948 ) ;
#5621 = ORIENTED_EDGE ( 'NONE', *, *, #81, .F. ) ;
#5622 = ORIENTED_EDGE ( 'NONE', *, *, #5633, .T. ) ;
#5623 = EDGE_CURVE ( 'NONE', #378, #6168, #1968, .T. ) ;
#5624 = ORIENTED_EDGE ( 'NONE', *, *, #454, .T. ) ;
#5625 = EDGE_CURVE ( 'NONE', #5878, #3369, #1974, .T. ) ;
#5626 = VERTEX_POINT ( 'NONE', #1978 ) ;
#5627 = EDGE_CURVE ( 'NONE', #5654, #499, #1993, .T. ) ;
#5628 = ORIENTED_EDGE ( 'NONE', *, *, #5669, .F. ) ;
#5629 = VERTEX_POINT ( 'NONE', #1997 ) ;
#5630 = ORIENTED_EDGE ( 'NONE', *, *, #6210, .T. ) ;
#5631 = EDGE_CURVE ( 'NONE', #241, #5300, #1998, .T. ) ;
#5632 = ORIENTED_EDGE ( 'NONE', *, *, #5978, .F. ) ;
#5633 = EDGE_CURVE ( 'NONE', #11, #5643, #2003, .T. ) ;
#5634 = EDGE_CURVE ( 'NONE', #5647, #5501, #2012, .T. ) ;
#5635 = ORIENTED_EDGE ( 'NONE', *, *, #5978, .T. ) ;
#5636 = ADVANCED_FACE ( 'NONE', ( #2030 ), #2031, .T. ) ;
#5637 = ORIENTED_EDGE ( 'NONE', *, *, #212, .F. ) ;
#5638 = EDGE_CURVE ( 'NONE', #2234, #5910, #2051, .T. ) ;
#5639 = VERTEX_POINT ( 'NONE', #2055 ) ;
#5640 = ORIENTED_EDGE ( 'NONE', *, *, #2616, .T. ) ;
#5641 = ORIENTED_EDGE ( 'NONE', *, *, #1513, .T. ) ;
#5642 = EDGE_CURVE ( 'NONE', #5666, #1288, #2064, .T. ) ;
#5643 = VERTEX_POINT ( 'NONE', #2068 ) ;
#5644 = ADVANCED_FACE ( 'NONE', ( #2069 ), #2070, .F. ) ;
#5645 = EDGE_CURVE ( 'NONE', #5655, #5877, #2075, .T. ) ;
#5646 = ORIENTED_EDGE ( 'NONE', *, *, #2182, .T. ) ;
#5647 = VERTEX_POINT ( 'NONE', #2082 ) ;
#5648 = ORIENTED_EDGE ( 'NONE', *, *, #404, .T. ) ;
#5649 = ORIENTED_EDGE ( 'NONE', *, *, #5664, .F. ) ;
#5650 = ORIENTED_EDGE ( 'NONE', *, *, #2339, .T. ) ;
#5651 = ORIENTED_EDGE ( 'NONE', *, *, #714, .F. ) ;
#5652 = ORIENTED_EDGE ( 'NONE', *, *, #5572, .T. ) ;
#5653 = ORIENTED_EDGE ( 'NONE', *, *, #243, .T. ) ;
#5654 = VERTEX_POINT ( 'NONE', #2083 ) ;
#5655 = VERTEX_POINT ( 'NONE', #2090 ) ;
#5656 = ORIENTED_EDGE ( 'NONE', *, *, #5663, .T. ) ;
#5657 = ORIENTED_EDGE ( 'NONE', *, *, #649, .F. ) ;
#5658 = VERTEX_POINT ( 'NONE', #2092 ) ;
#5659 = ORIENTED_EDGE ( 'NONE', *, *, #2252, .T. ) ;
#5660 = ORIENTED_EDGE ( 'NONE', *, *, #5687, .F. ) ;
#5661 = VERTEX_POINT ( 'NONE', #2093 ) ;
#5662 = ORIENTED_EDGE ( 'NONE', *, *, #333, .T. ) ;
#5663 = EDGE_CURVE ( 'NONE', #5671, #5936, #2098, .T. ) ;
#5664 = EDGE_CURVE ( 'NONE', #5738, #5837, #2106, .T. ) ;
#5665 = ORIENTED_EDGE ( 'NONE', *, *, #6466, .F. ) ;
#5666 = VERTEX_POINT ( 'NONE', #2115 ) ;
#5667 = ADVANCED_FACE ( 'NONE', ( #2120 ), #2121, .F. ) ;
#5668 = VERTEX_POINT ( 'NONE', #2129 ) ;
#5669 = EDGE_CURVE ( 'NONE', #5626, #5679, #2130, .T. ) ;
#5670 = ORIENTED_EDGE ( 'NONE', *, *, #2108, .T. ) ;
#5671 = VERTEX_POINT ( 'NONE', #2164 ) ;
#5672 = EDGE_CURVE ( 'NONE', #6501, #208, #2171, .T. ) ;
#5673 = VERTEX_POINT ( 'NONE', #2179 ) ;
#5674 = ORIENTED_EDGE ( 'NONE', *, *, #5915, .F. ) ;
#5675 = ADVANCED_FACE ( 'NONE', ( #2184 ), #2185, .F. ) ;
#5676 = ORIENTED_EDGE ( 'NONE', *, *, #239, .T. ) ;
#5677 = ORIENTED_EDGE ( 'NONE', *, *, #3541, .T. ) ;
#5678 = ORIENTED_EDGE ( 'NONE', *, *, #5642, .T. ) ;
#5679 = VERTEX_POINT ( 'NONE', #2218 ) ;
#5680 = ORIENTED_EDGE ( 'NONE', *, *, #3789, .T. ) ;
#5681 = EDGE_CURVE ( 'NONE', #258, #6077, #2223, .T. ) ;
#5682 = ADVANCED_FACE ( 'NONE', ( #2227 ), #2228, .F. ) ;
#5683 = ORIENTED_EDGE ( 'NONE', *, *, #140, .T. ) ;
#5684 = ORIENTED_EDGE ( 'NONE', *, *, #401, .T. ) ;
#5685 = ADVANCED_FACE ( 'NONE', ( #2268 ), #2269, .T. ) ;
#5686 = ADVANCED_FACE ( 'NONE', ( #2284 ), #2300, .F. ) ;
#5687 = EDGE_CURVE ( 'NONE', #750, #6472, #2307, .T. ) ;
#5688 = ADVANCED_FACE ( 'NONE', ( #2317 ), #2318, .F. ) ;
#5689 = ORIENTED_EDGE ( 'NONE', *, *, #5699, .T. ) ;
#5690 = ORIENTED_EDGE ( 'NONE', *, *, #2235, .T. ) ;
#5691 = EDGE_CURVE ( 'NONE', #6498, #5724, #2334, .T. ) ;
#5692 = ORIENTED_EDGE ( 'NONE', *, *, #5790, .T. ) ;
#5693 = ADVANCED_FACE ( 'NONE', ( #2341 ), #2342, .F. ) ;
#5694 = ORIENTED_EDGE ( 'NONE', *, *, #5744, .F. ) ;
#5695 = EDGE_CURVE ( 'NONE', #4861, #586, #2360, .T. ) ;
#5696 = EDGE_LOOP ( 'NONE', ( #5674, #5982, #5909, #5938, #6504, #2143 ) ) ;
#5697 = VERTEX_POINT ( 'NONE', #2370 ) ;
#5698 = ORIENTED_EDGE ( 'NONE', *, *, #5710, .F. ) ;
#5699 = EDGE_CURVE ( 'NONE', #3145, #6166, #2372, .T. ) ;
#5700 = ORIENTED_EDGE ( 'NONE', *, *, #662, .F. ) ;
#5701 = ORIENTED_EDGE ( 'NONE', *, *, #324, .T. ) ;
#5702 = ADVANCED_FACE ( 'NONE', ( #2379 ), #2395, .F. ) ;
#5703 = ADVANCED_FACE ( 'NONE', ( #2400 ), #2401, .T. ) ;
#5704 = ORIENTED_EDGE ( 'NONE', *, *, #5469, .F. ) ;
#5705 = ORIENTED_EDGE ( 'NONE', *, *, #5745, .F. ) ;
#5706 = VERTEX_POINT ( 'NONE', #2417 ) ;
#5707 = ORIENTED_EDGE ( 'NONE', *, *, #5733, .T. ) ;
#5708 = EDGE_CURVE ( 'NONE', #5616, #5964, #2428, .T. ) ;
#5709 = VERTEX_POINT ( 'NONE', #2438 ) ;
#5710 = EDGE_CURVE ( 'NONE', #389, #254, #2439, .T. ) ;
#5711 = ORIENTED_EDGE ( 'NONE', *, *, #5737, .T. ) ;
#5712 = ORIENTED_EDGE ( 'NONE', *, *, #4756, .T. ) ;
#5713 = EDGE_CURVE ( 'NONE', #3844, #1078, #2468, .T. ) ;
#5714 = EDGE_CURVE ( 'NONE', #5732, #6288, #2472, .T. ) ;
#5715 = VERTEX_POINT ( 'NONE', #2480 ) ;
#5716 = ADVANCED_FACE ( 'NONE', ( #2486 ), #2487, .F. ) ;
#5717 = ORIENTED_EDGE ( 'NONE', *, *, #1650, .F. ) ;
#5718 = ORIENTED_EDGE ( 'NONE', *, *, #5493, .T. ) ;
#5719 = EDGE_LOOP ( 'NONE', ( #384, #6373, #5428, #5376 ) ) ;
#5720 = ORIENTED_EDGE ( 'NONE', *, *, #669, .F. ) ;
#5721 = ADVANCED_FACE ( 'NONE', ( #2540 ), #2557, .T. ) ;
#5722 = VERTEX_POINT ( 'NONE', #2572 ) ;
#5723 = EDGE_LOOP ( 'NONE', ( #281, #6207, #6034, #5934 ) ) ;
#5724 = VERTEX_POINT ( 'NONE', #2577 ) ;
#5725 = ADVANCED_FACE ( 'NONE', ( #2578 ), #2579, .T. ) ;
#5726 = ORIENTED_EDGE ( 'NONE', *, *, #5743, .F. ) ;
#5727 = ORIENTED_EDGE ( 'NONE', *, *, #5744, .T. ) ;
#5728 = ADVANCED_FACE ( 'NONE', ( #2589 ), #2607, .T. ) ;
#5729 = ORIENTED_EDGE ( 'NONE', *, *, #5753, .T. ) ;
#5730 = EDGE_CURVE ( 'NONE', #6190, #5578, #2645, .T. ) ;
#5731 = VERTEX_POINT ( 'NONE', #2688 ) ;
#5732 = VERTEX_POINT ( 'NONE', #2689 ) ;
#5733 = EDGE_CURVE ( 'NONE', #6136, #453, #2694, .T. ) ;
#5734 = ADVANCED_FACE ( 'NONE', ( #2698 ), #2699, .F. ) ;
#5735 = EDGE_LOOP ( 'NONE', ( #6122, #6433, #957, #5805, #76, #305, #486, #262 ) ) ;
#5736 = ORIENTED_EDGE ( 'NONE', *, *, #5755, .F. ) ;
#5737 = EDGE_CURVE ( 'NONE', #691, #250, #2706, .T. ) ;
#5738 = VERTEX_POINT ( 'NONE', #2710 ) ;
#5739 = ORIENTED_EDGE ( 'NONE', *, *, #522, .F. ) ;
#5740 = VERTEX_POINT ( 'NONE', #2711 ) ;
#5741 = ORIENTED_EDGE ( 'NONE', *, *, #5664, .T. ) ;
#5742 = EDGE_CURVE ( 'NONE', #5792, #623, #2712, .T. ) ;
#5743 = EDGE_CURVE ( 'NONE', #2843, #143, #2716, .T. ) ;
#5744 = EDGE_CURVE ( 'NONE', #6501, #26, #2720, .T. ) ;
#5745 = EDGE_CURVE ( 'NONE', #625, #5760, #2727, .T. ) ;
#5746 = ORIENTED_EDGE ( 'NONE', *, *, #149, .T. ) ;
#5747 = EDGE_CURVE ( 'NONE', #6500, #735, #2735, .T. ) ;
#5748 = EDGE_CURVE ( 'NONE', #5759, #412, #2744, .T. ) ;
#5749 = ORIENTED_EDGE ( 'NONE', *, *, #5939, .F. ) ;
#5750 = ORIENTED_EDGE ( 'NONE', *, *, #6179, .F. ) ;
#5751 = ORIENTED_EDGE ( 'NONE', *, *, #5757, .F. ) ;
#5752 = ADVANCED_FACE ( 'NONE', ( #2781 ), #2782, .F. ) ;
#5753 = EDGE_CURVE ( 'NONE', #6249, #5970, #2787, .T. ) ;
#5754 = ORIENTED_EDGE ( 'NONE', *, *, #5160, .F. ) ;
#5755 = EDGE_CURVE ( 'NONE', #723, #6011, #2804, .T. ) ;
#5756 = EDGE_LOOP ( 'NONE', ( #6012, #6132, #6189, #311 ) ) ;
#5757 = EDGE_CURVE ( 'NONE', #241, #5965, #2821, .T. ) ;
#5758 = ORIENTED_EDGE ( 'NONE', *, *, #5778, .F. ) ;
#5759 = VERTEX_POINT ( 'NONE', #2841 ) ;
#5760 = VERTEX_POINT ( 'NONE', #2842 ) ;
#5761 = ADVANCED_FACE ( 'NONE', ( #2849 ), #2850, .F. ) ;
#5762 = EDGE_CURVE ( 'NONE', #5772, #6506, #2856, .T. ) ;
#5763 = EDGE_LOOP ( 'NONE', ( #5613, #173, #270, #186 ) ) ;
#5764 = ADVANCED_FACE ( 'NONE', ( #2861 ), #2879, .F. ) ;
#5765 = ADVANCED_FACE ( 'NONE', ( #2894 ), #2895, .F. ) ;
#5766 = ADVANCED_FACE ( 'NONE', ( #2904 ), #2905, .T. ) ;
#5767 = ADVANCED_FACE ( 'NONE', ( #2910 ), #2911, .T. ) ;
#5768 = ORIENTED_EDGE ( 'NONE', *, *, #5774, .F. ) ;
#5769 = ORIENTED_EDGE ( 'NONE', *, *, #6354, .T. ) ;
#5770 = ORIENTED_EDGE ( 'NONE', *, *, #5825, .F. ) ;
#5771 = ORIENTED_EDGE ( 'NONE', *, *, #695, .T. ) ;
#5772 = VERTEX_POINT ( 'NONE', #2923 ) ;
#5773 = EDGE_CURVE ( 'NONE', #5779, #5802, #2924, .T. ) ;
#5774 = EDGE_CURVE ( 'NONE', #6480, #5569, #2928, .T. ) ;
#5775 = EDGE_CURVE ( 'NONE', #6121, #6136, #2943, .T. ) ;
#5776 = ORIENTED_EDGE ( 'NONE', *, *, #2182, .F. ) ;
#5777 = ORIENTED_EDGE ( 'NONE', *, *, #786, .T. ) ;
#5778 = EDGE_CURVE ( 'NONE', #1954, #6287, #3011, .T. ) ;
#5779 = VERTEX_POINT ( 'NONE', #3019 ) ;
#5780 = EDGE_CURVE ( 'NONE', #5798, #4286, #3032, .T. ) ;
#5781 = EDGE_LOOP ( 'NONE', ( #654, #5750, #464, #6193 ) ) ;
#5782 = EDGE_CURVE ( 'NONE', #2757, #1, #3047, .T. ) ;
#5783 = ORIENTED_EDGE ( 'NONE', *, *, #4840, .T. ) ;
#5784 = ORIENTED_EDGE ( 'NONE', *, *, #607, .T. ) ;
#5785 = EDGE_CURVE ( 'NONE', #687, #190, #3095, .T. ) ;
#5786 = ADVANCED_FACE ( 'NONE', ( #3104 ), #3120, .F. ) ;
#5787 = ADVANCED_FACE ( 'NONE', ( #3125 ), #3143, .T. ) ;
#5788 = ORIENTED_EDGE ( 'NONE', *, *, #6403, .F. ) ;
#5789 = EDGE_CURVE ( 'NONE', #423, #6087, #3159, .T. ) ;
#5790 = EDGE_CURVE ( 'NONE', #5490, #217, #3167, .T. ) ;
#5791 = EDGE_CURVE ( 'NONE', #677, #523, #3171, .T. ) ;
#5792 = VERTEX_POINT ( 'NONE', #3188 ) ;
#5793 = ORIENTED_EDGE ( 'NONE', *, *, #4756, .F. ) ;
#5794 = EDGE_CURVE ( 'NONE', #555, #992, #3206, .T. ) ;
#5795 = ORIENTED_EDGE ( 'NONE', *, *, #5499, .F. ) ;
#5796 = VERTEX_POINT ( 'NONE', #3226 ) ;
#5797 = ORIENTED_EDGE ( 'NONE', *, *, #6465, .T. ) ;
#5798 = VERTEX_POINT ( 'NONE', #3238 ) ;
#5799 = EDGE_CURVE ( 'NONE', #6150, #5671, #3243, .T. ) ;
#5800 = ORIENTED_EDGE ( 'NONE', *, *, #707, .T. ) ;
#5801 = EDGE_LOOP ( 'NONE', ( #5660, #937, #5729, #575 ) ) ;
#5802 = VERTEX_POINT ( 'NONE', #3279 ) ;
#5803 = ORIENTED_EDGE ( 'NONE', *, *, #6335, .T. ) ;
#5804 = EDGE_CURVE ( 'NONE', #6449, #4476, #3294, .T. ) ;
#5805 = ORIENTED_EDGE ( 'NONE', *, *, #6364, .F. ) ;
#5806 = ORIENTED_EDGE ( 'NONE', *, *, #5834, .F. ) ;
#5807 = VERTEX_POINT ( 'NONE', #3335 ) ;
#5808 = ORIENTED_EDGE ( 'NONE', *, *, #5817, .F. ) ;
#5809 = ORIENTED_EDGE ( 'NONE', *, *, #240, .T. ) ;
#5810 = EDGE_LOOP ( 'NONE', ( #6154, #5684, #5609, #6093, #5868, #452 ) ) ;
#5811 = ORIENTED_EDGE ( 'NONE', *, *, #5822, .F. ) ;
#5812 = VERTEX_POINT ( 'NONE', #3413 ) ;
#5813 = ADVANCED_FACE ( 'NONE', ( #3440 ), #3441, .T. ) ;
#5814 = ORIENTED_EDGE ( 'NONE', *, *, #6073, .T. ) ;
#5815 = ORIENTED_EDGE ( 'NONE', *, *, #61, .F. ) ;
#5816 = ORIENTED_EDGE ( 'NONE', *, *, #6364, .T. ) ;
#5817 = EDGE_CURVE ( 'NONE', #6194, #6147, #3454, .T. ) ;
#5818 = EDGE_LOOP ( 'NONE', ( #8, #6141, #6293, #6397 ) ) ;
#5819 = EDGE_LOOP ( 'NONE', ( #5476, #6119, #635, #679 ) ) ;
#5820 = VERTEX_POINT ( 'NONE', #3504 ) ;
#5821 = ORIENTED_EDGE ( 'NONE', *, *, #682, .F. ) ;
#5822 = EDGE_CURVE ( 'NONE', #6287, #5709, #3506, .T. ) ;
#5823 = EDGE_CURVE ( 'NONE', #537, #5837, #3510, .T. ) ;
#5824 = ORIENTED_EDGE ( 'NONE', *, *, #5748, .F. ) ;
#5825 = EDGE_CURVE ( 'NONE', #5833, #6011, #3514, .T. ) ;
#5826 = EDGE_CURVE ( 'NONE', #5845, #992, #3519, .T. ) ;
#5827 = ORIENTED_EDGE ( 'NONE', *, *, #57, .T. ) ;
#5828 = ORIENTED_EDGE ( 'NONE', *, *, #6495, .T. ) ;
#5829 = ADVANCED_FACE ( 'NONE', ( #3540 ), #3543, .F. ) ;
#5830 = EDGE_LOOP ( 'NONE', ( #2162, #6482, #4235, #2548, #648, #5906, #5561, #5553 ) ) ;
#5831 = EDGE_CURVE ( 'NONE', #5532, #6124, #3548, .T. ) ;
#5832 = ORIENTED_EDGE ( 'NONE', *, *, #736, .T. ) ;
#5833 = VERTEX_POINT ( 'NONE', #3564 ) ;
#5834 = EDGE_CURVE ( 'NONE', #6188, #49, #3565, .T. ) ;
#5835 = EDGE_CURVE ( 'NONE', #6279, #286, #3569, .T. ) ;
#5836 = ORIENTED_EDGE ( 'NONE', *, *, #5881, .T. ) ;
#5837 = VERTEX_POINT ( 'NONE', #3587 ) ;
#5838 = ORIENTED_EDGE ( 'NONE', *, *, #6417, .F. ) ;
#5839 = ADVANCED_FACE ( 'NONE', ( #3603 ), #3604, .F. ) ;
#5840 = ORIENTED_EDGE ( 'NONE', *, *, #5960, .T. ) ;
#5841 = EDGE_LOOP ( 'NONE', ( #310, #568, #5981, #307 ) ) ;
#5842 = ADVANCED_FACE ( 'NONE', ( #3644 ), #3661, .F. ) ;
#5843 = ORIENTED_EDGE ( 'NONE', *, *, #1717, .F. ) ;
#5844 = ORIENTED_EDGE ( 'NONE', *, *, #5851, .T. ) ;
#5845 = VERTEX_POINT ( 'NONE', #3702 ) ;
#5846 = ORIENTED_EDGE ( 'NONE', *, *, #5775, .T. ) ;
#5847 = VERTEX_POINT ( 'NONE', #3747 ) ;
#5848 = ORIENTED_EDGE ( 'NONE', *, *, #62, .F. ) ;
#5849 = VERTEX_POINT ( 'NONE', #3786 ) ;
#5850 = ORIENTED_EDGE ( 'NONE', *, *, #5179, .T. ) ;
#5851 = EDGE_CURVE ( 'NONE', #10, #5661, #3795, .T. ) ;
#5852 = ORIENTED_EDGE ( 'NONE', *, *, #3577, .T. ) ;
#5853 = ORIENTED_EDGE ( 'NONE', *, *, #2978, .F. ) ;
#5854 = ADVANCED_FACE ( 'NONE', ( #3866 ), #3882, .F. ) ;
#5855 = ORIENTED_EDGE ( 'NONE', *, *, #669, .T. ) ;
#5856 = ORIENTED_EDGE ( 'NONE', *, *, #291, .F. ) ;
#5857 = ORIENTED_EDGE ( 'NONE', *, *, #137, .F. ) ;
#5858 = VERTEX_POINT ( 'NONE', #3920 ) ;
#5859 = ADVANCED_FACE ( 'NONE', ( #3921 ), #3922, .F. ) ;
#5860 = ORIENTED_EDGE ( 'NONE', *, *, #5929, .T. ) ;
#5861 = EDGE_LOOP ( 'NONE', ( #5514, #5457, #5640, #5281 ) ) ;
#5862 = ORIENTED_EDGE ( 'NONE', *, *, #6205, .F. ) ;
#5863 = EDGE_CURVE ( 'NONE', #5878, #1148, #3999, .T. ) ;
#5864 = EDGE_LOOP ( 'NONE', ( #130, #6420, #6423, #5690 ) ) ;
#5865 = EDGE_LOOP ( 'NONE', ( #6176, #4862, #6185, #6309 ) ) ;
#5866 = VERTEX_POINT ( 'NONE', #4082 ) ;
#5867 = VERTEX_POINT ( 'NONE', #4087 ) ;
#5868 = ORIENTED_EDGE ( 'NONE', *, *, #821, .F. ) ;
#5869 = EDGE_CURVE ( 'NONE', #715, #5877, #4088, .T. ) ;
#5870 = VERTEX_POINT ( 'NONE', #4105 ) ;
#5871 = ORIENTED_EDGE ( 'NONE', *, *, #80, .F. ) ;
#5872 = ORIENTED_EDGE ( 'NONE', *, *, #5882, .F. ) ;
#5873 = ORIENTED_EDGE ( 'NONE', *, *, #189, .T. ) ;
#5874 = VERTEX_POINT ( 'NONE', #4121 ) ;
#5875 = ORIENTED_EDGE ( 'NONE', *, *, #147, .T. ) ;
#5876 = ORIENTED_EDGE ( 'NONE', *, *, #5794, .T. ) ;
#5877 = VERTEX_POINT ( 'NONE', #4167 ) ;
#5878 = VERTEX_POINT ( 'NONE', #4169 ) ;
#5879 = EDGE_LOOP ( 'NONE', ( #468, #5665, #6046, #6080 ) ) ;
#5880 = EDGE_LOOP ( 'NONE', ( #5783, #545, #5739, #5574, #6089, #6125 ) ) ;
#5881 = EDGE_CURVE ( 'NONE', #3128, #5602, #4170, .T. ) ;
#5882 = EDGE_CURVE ( 'NONE', #6113, #5596, #4245, .T. ) ;
#5883 = VERTEX_POINT ( 'NONE', #4271 ) ;
#5884 = VERTEX_POINT ( 'NONE', #4313 ) ;
#5885 = ORIENTED_EDGE ( 'NONE', *, *, #702, .F. ) ;
#5886 = ORIENTED_EDGE ( 'NONE', *, *, #5952, .F. ) ;
#5887 = EDGE_CURVE ( 'NONE', #6121, #5501, #4318, .T. ) ;
#5888 = ORIENTED_EDGE ( 'NONE', *, *, #194, .T. ) ;
#5889 = ORIENTED_EDGE ( 'NONE', *, *, #474, .T. ) ;
#5890 = ADVANCED_FACE ( 'NONE', ( #4350 ), #4351, .F. ) ;
#5891 = ORIENTED_EDGE ( 'NONE', *, *, #5914, .F. ) ;
#5892 = ORIENTED_EDGE ( 'NONE', *, *, #6024, .F. ) ;
#5893 = ORIENTED_EDGE ( 'NONE', *, *, #600, .T. ) ;
#5894 = ORIENTED_EDGE ( 'NONE', *, *, #437, .F. ) ;
#5895 = ORIENTED_EDGE ( 'NONE', *, *, #5907, .F. ) ;
#5896 = EDGE_CURVE ( 'NONE', #6167, #681, #4387, .T. ) ;
#5897 = ORIENTED_EDGE ( 'NONE', *, *, #6507, .F. ) ;
#5898 = ORIENTED_EDGE ( 'NONE', *, *, #6200, .T. ) ;
#5899 = ORIENTED_EDGE ( 'NONE', *, *, #4389, .T. ) ;
#5900 = VERTEX_POINT ( 'NONE', #4400 ) ;
#5901 = ADVANCED_FACE ( 'NONE', ( #4405 ), #4406, .F. ) ;
#5902 = ORIENTED_EDGE ( 'NONE', *, *, #3969, .T. ) ;
#5903 = EDGE_CURVE ( 'NONE', #785, #715, #4413, .T. ) ;
#5904 = ORIENTED_EDGE ( 'NONE', *, *, #821, .T. ) ;
#5905 = ORIENTED_EDGE ( 'NONE', *, *, #5999, .T. ) ;
#5906 = ORIENTED_EDGE ( 'NONE', *, *, #5915, .T. ) ;
#5907 = EDGE_CURVE ( 'NONE', #5920, #1547, #4444, .T. ) ;
#5908 = EDGE_CURVE ( 'NONE', #668, #2912, #4448, .T. ) ;
#5909 = ORIENTED_EDGE ( 'NONE', *, *, #408, .F. ) ;
#5910 = VERTEX_POINT ( 'NONE', #4452 ) ;
#5911 = ORIENTED_EDGE ( 'NONE', *, *, #6495, .F. ) ;
#5912 = ORIENTED_EDGE ( 'NONE', *, *, #5672, .T. ) ;
#5913 = ORIENTED_EDGE ( 'NONE', *, *, #5863, .F. ) ;
#5914 = EDGE_CURVE ( 'NONE', #1937, #66, #4459, .T. ) ;
#5915 = EDGE_CURVE ( 'NONE', #6390, #345, #4464, .T. ) ;
#5916 = ORIENTED_EDGE ( 'NONE', *, *, #706, .T. ) ;
#5917 = EDGE_CURVE ( 'NONE', #5930, #6204, #4468, .T. ) ;
#5918 = ORIENTED_EDGE ( 'NONE', *, *, #786, .F. ) ;
#5919 = VERTEX_POINT ( 'NONE', #4473 ) ;
#5920 = VERTEX_POINT ( 'NONE', #4474 ) ;
#5921 = ORIENTED_EDGE ( 'NONE', *, *, #2945, .T. ) ;
#5922 = ORIENTED_EDGE ( 'NONE', *, *, #5939, .T. ) ;
#5923 = ORIENTED_EDGE ( 'NONE', *, *, #699, .T. ) ;
#5924 = ORIENTED_EDGE ( 'NONE', *, *, #4840, .F. ) ;
#5925 = ORIENTED_EDGE ( 'NONE', *, *, #5944, .T. ) ;
#5926 = ORIENTED_EDGE ( 'NONE', *, *, #5708, .T. ) ;
#5927 = ORIENTED_EDGE ( 'NONE', *, *, #656, .T. ) ;
#5928 = ORIENTED_EDGE ( 'NONE', *, *, #5782, .T. ) ;
#5929 = EDGE_CURVE ( 'NONE', #426, #4860, #4495, .T. ) ;
#5930 = VERTEX_POINT ( 'NONE', #4499 ) ;
#5931 = ORIENTED_EDGE ( 'NONE', *, *, #5956, .T. ) ;
#5932 = ORIENTED_EDGE ( 'NONE', *, *, #5529, .T. ) ;
#5933 = EDGE_LOOP ( 'NONE', ( #2668, #4095, #4548, #5741 ) ) ;
#5934 = ORIENTED_EDGE ( 'NONE', *, *, #5791, .T. ) ;
#5935 = ORIENTED_EDGE ( 'NONE', *, *, #6369, .F. ) ;
#5936 = VERTEX_POINT ( 'NONE', #4517 ) ;
#5937 = ORIENTED_EDGE ( 'NONE', *, *, #5955, .F. ) ;
#5938 = ORIENTED_EDGE ( 'NONE', *, *, #5529, .F. ) ;
#5939 = EDGE_CURVE ( 'NONE', #5639, #5611, #4532, .T. ) ;
#5940 = ORIENTED_EDGE ( 'NONE', *, *, #291, .T. ) ;
#5941 = ORIENTED_EDGE ( 'NONE', *, *, #6365, .T. ) ;
#5942 = EDGE_CURVE ( 'NONE', #5951, #5833, #4536, .T. ) ;
#5943 = ORIENTED_EDGE ( 'NONE', *, *, #5663, .F. ) ;
#5944 = EDGE_CURVE ( 'NONE', #6247, #6121, #4544, .T. ) ;
#5945 = ORIENTED_EDGE ( 'NONE', *, *, #2497, .F. ) ;
#5946 = EDGE_CURVE ( 'NONE', #5471, #6124, #4574, .T. ) ;
#5947 = EDGE_CURVE ( 'NONE', #617, #5954, #4578, .T. ) ;
#5948 = ORIENTED_EDGE ( 'NONE', *, *, #39, .T. ) ;
#5949 = ORIENTED_EDGE ( 'NONE', *, *, #5555, .F. ) ;
#5950 = ORIENTED_EDGE ( 'NONE', *, *, #5958, .F. ) ;
#5951 = VERTEX_POINT ( 'NONE', #4627 ) ;
#5952 = EDGE_CURVE ( 'NONE', #5970, #6472, #4629, .T. ) ;
#5953 = EDGE_CURVE ( 'NONE', #5980, #5870, #4633, .T. ) ;
#5954 = VERTEX_POINT ( 'NONE', #4638 ) ;
#5955 = EDGE_CURVE ( 'NONE', #5796, #6503, #4639, .T. ) ;
#5956 = EDGE_CURVE ( 'NONE', #5965, #1060, #4643, .T. ) ;
#5957 = ORIENTED_EDGE ( 'NONE', *, *, #6045, .F. ) ;
#5958 = EDGE_CURVE ( 'NONE', #3145, #1598, #4651, .T. ) ;
#5959 = ORIENTED_EDGE ( 'NONE', *, *, #5971, .F. ) ;
#5960 = EDGE_CURVE ( 'NONE', #5980, #5429, #4661, .T. ) ;
#5961 = ORIENTED_EDGE ( 'NONE', *, *, #6215, .T. ) ;
#5962 = ORIENTED_EDGE ( 'NONE', *, *, #4078, .F. ) ;
#5963 = EDGE_LOOP ( 'NONE', ( #5986, #4059, #6272, #955 ) ) ;
#5964 = VERTEX_POINT ( 'NONE', #4668 ) ;
#5965 = VERTEX_POINT ( 'NONE', #4671 ) ;
#5966 = ORIENTED_EDGE ( 'NONE', *, *, #276, .F. ) ;
#5967 = EDGE_CURVE ( 'NONE', #6262, #318, #4672, .T. ) ;
#5968 = EDGE_LOOP ( 'NONE', ( #1255, #663, #6022, #131 ) ) ;
#5969 = ORIENTED_EDGE ( 'NONE', *, *, #5977, .F. ) ;
#5970 = VERTEX_POINT ( 'NONE', #4676 ) ;
#5971 = EDGE_CURVE ( 'NONE', #4443, #5779, #4677, .T. ) ;
#5972 = EDGE_CURVE ( 'NONE', #6079, #72, #4681, .T. ) ;
#5973 = ORIENTED_EDGE ( 'NONE', *, *, #6086, .F. ) ;
#5974 = ORIENTED_EDGE ( 'NONE', *, *, #5984, .F. ) ;
#5975 = ORIENTED_EDGE ( 'NONE', *, *, #405, .F. ) ;
#5976 = ORIENTED_EDGE ( 'NONE', *, *, #5987, .T. ) ;
#5977 = EDGE_CURVE ( 'NONE', #2181, #261, #4694, .T. ) ;
#5978 = EDGE_CURVE ( 'NONE', #3932, #5867, #4698, .T. ) ;
#5979 = EDGE_CURVE ( 'NONE', #723, #5951, #4702, .T. ) ;
#5980 = VERTEX_POINT ( 'NONE', #4712 ) ;
#5981 = ORIENTED_EDGE ( 'NONE', *, *, #6155, .T. ) ;
#5982 = ORIENTED_EDGE ( 'NONE', *, *, #5991, .T. ) ;
#5983 = EDGE_CURVE ( 'NONE', #1184, #5989, #4714, .T. ) ;
#5984 = EDGE_CURVE ( 'NONE', #4476, #6387, #4742, .T. ) ;
#5985 = ORIENTED_EDGE ( 'NONE', *, *, #4253, .T. ) ;
#5986 = ORIENTED_EDGE ( 'NONE', *, *, #6450, .F. ) ;
#5987 = EDGE_CURVE ( 'NONE', #254, #497, #4755, .T. ) ;
#5988 = ORIENTED_EDGE ( 'NONE', *, *, #4841, .F. ) ;
#5989 = VERTEX_POINT ( 'NONE', #4764 ) ;
#5990 = ORIENTED_EDGE ( 'NONE', *, *, #5583, .T. ) ;
#5991 = EDGE_CURVE ( 'NONE', #6390, #499, #4773, .T. ) ;
#5992 = ORIENTED_EDGE ( 'NONE', *, *, #6329, .T. ) ;
#5993 = ORIENTED_EDGE ( 'NONE', *, *, #2740, .T. ) ;
#5994 = VERTEX_POINT ( 'NONE', #4778 ) ;
#5995 = ORIENTED_EDGE ( 'NONE', *, *, #4739, .F. ) ;
#5996 = ORIENTED_EDGE ( 'NONE', *, *, #675, .F. ) ;
#5997 = ADVANCED_FACE ( 'NONE', ( #4779 ), #4795, .T. ) ;
#5998 = VERTEX_POINT ( 'NONE', #4800 ) ;
#5999 = EDGE_CURVE ( 'NONE', #6011, #6506, #4801, .T. ) ;
#6000 = ORIENTED_EDGE ( 'NONE', *, *, #5565, .T. ) ;
#6001 = ORIENTED_EDGE ( 'NONE', *, *, #6023, .F. ) ;
#6002 = ORIENTED_EDGE ( 'NONE', *, *, #356, .F. ) ;
#6003 = ORIENTED_EDGE ( 'NONE', *, *, #5791, .F. ) ;
#6004 = EDGE_CURVE ( 'NONE', #6017, #2199, #4821, .T. ) ;
#6005 = ORIENTED_EDGE ( 'NONE', *, *, #699, .F. ) ;
#6006 = EDGE_CURVE ( 'NONE', #6183, #266, #4830, .T. ) ;
#6007 = EDGE_CURVE ( 'NONE', #6020, #681, #4834, .T. ) ;
#6008 = EDGE_LOOP ( 'NONE', ( #3718, #347, #399, #455 ) ) ;
#6009 = ORIENTED_EDGE ( 'NONE', *, *, #547, .F. ) ;
#6010 = ORIENTED_EDGE ( 'NONE', *, *, #4738, .F. ) ;
#6011 = VERTEX_POINT ( 'NONE', #4846 ) ;
#6012 = ORIENTED_EDGE ( 'NONE', *, *, #6257, .T. ) ;
#6013 = VERTEX_POINT ( 'NONE', #4847 ) ;
#6014 = ORIENTED_EDGE ( 'NONE', *, *, #6281, .T. ) ;
#6015 = ORIENTED_EDGE ( 'NONE', *, *, #5907, .T. ) ;
#6016 = ORIENTED_EDGE ( 'NONE', *, *, #5947, .T. ) ;
#6017 = VERTEX_POINT ( 'NONE', #4853 ) ;
#6018 = ORIENTED_EDGE ( 'NONE', *, *, #475, .F. ) ;
#6019 = EDGE_LOOP ( 'NONE', ( #6059, #200, #287, #348 ) ) ;
#6020 = VERTEX_POINT ( 'NONE', #4863 ) ;
#6021 = ORIENTED_EDGE ( 'NONE', *, *, #5593, .T. ) ;
#6022 = ORIENTED_EDGE ( 'NONE', *, *, #5835, .F. ) ;
#6023 = EDGE_CURVE ( 'NONE', #5626, #623, #4864, .T. ) ;
#6024 = EDGE_CURVE ( 'NONE', #5535, #5870, #4872, .T. ) ;
#6025 = ORIENTED_EDGE ( 'NONE', *, *, #6028, .F. ) ;
#6026 = EDGE_LOOP ( 'NONE', ( #5855, #6434, #293, #343 ) ) ;
#6027 = ADVANCED_FACE ( 'NONE', ( #4877 ), #4896, .F. ) ;
#6028 = EDGE_CURVE ( 'NONE', #49, #517, #4903, .T. ) ;
#6029 = ADVANCED_FACE ( 'NONE', ( #4918 ), #4919, .T. ) ;
#6030 = ORIENTED_EDGE ( 'NONE', *, *, #656, .F. ) ;
#6031 = VERTEX_POINT ( 'NONE', #4925 ) ;
#6032 = VERTEX_POINT ( 'NONE', #4926 ) ;
#6033 = EDGE_CURVE ( 'NONE', #273, #5666, #4927, .T. ) ;
#6034 = ORIENTED_EDGE ( 'NONE', *, *, #2338, .T. ) ;
#6035 = ADVANCED_FACE ( 'NONE', ( #4934 ), #4951, .F. ) ;
#6036 = ORIENTED_EDGE ( 'NONE', *, *, #6292, .T. ) ;
#6037 = ORIENTED_EDGE ( 'NONE', *, *, #4738, .T. ) ;
#6038 = ORIENTED_EDGE ( 'NONE', *, *, #5627, .T. ) ;
#6039 = EDGE_LOOP ( 'NONE', ( #296, #211, #234, #5649, #6414, #6475, #2163, #5860 ) ) ;
#6040 = ADVANCED_FACE ( 'NONE', ( #4964 ), #4982, .F. ) ;
#6041 = ORIENTED_EDGE ( 'NONE', *, *, #6416, .T. ) ;
#6042 = ORIENTED_EDGE ( 'NONE', *, *, #6275, .T. ) ;
#6043 = VERTEX_POINT ( 'NONE', #4990 ) ;
#6044 = ORIENTED_EDGE ( 'NONE', *, *, #3127, .T. ) ;
#6045 = EDGE_CURVE ( 'NONE', #6284, #5964, #4995, .T. ) ;
#6046 = ORIENTED_EDGE ( 'NONE', *, *, #5467, .F. ) ;
#6047 = ORIENTED_EDGE ( 'NONE', *, *, #6213, .T. ) ;
#6048 = ORIENTED_EDGE ( 'NONE', *, *, #5550, .F. ) ;
#6049 = EDGE_LOOP ( 'NONE', ( #6088, #5824, #6174, #349, #605, #5579, #6467, #5937 ) ) ;
#6050 = VERTEX_POINT ( 'NONE', #5006 ) ;
#6051 = ORIENTED_EDGE ( 'NONE', *, *, #6076, .F. ) ;
#6052 = VERTEX_POINT ( 'NONE', #5007 ) ;
#6053 = EDGE_CURVE ( 'NONE', #2912, #5532, #5008, .T. ) ;
#6054 = EDGE_LOOP ( 'NONE', ( #5621, #1325, #2407, #2825 ) ) ;
#6055 = EDGE_CURVE ( 'NONE', #5596, #5930, #5046, .T. ) ;
#6056 = EDGE_LOOP ( 'NONE', ( #98, #6036, #289, #350 ) ) ;
#6057 = ORIENTED_EDGE ( 'NONE', *, *, #6085, .T. ) ;
#6058 = ORIENTED_EDGE ( 'NONE', *, *, #5597, .T. ) ;
#6059 = ORIENTED_EDGE ( 'NONE', *, *, #574, .T. ) ;
#6060 = EDGE_LOOP ( 'NONE', ( #363, #342, #97, #5632 ) ) ;
#6061 = EDGE_CURVE ( 'NONE', #6198, #640, #5055, .T. ) ;
#6062 = EDGE_CURVE ( 'NONE', #6020, #6077, #5059, .T. ) ;
#6063 = ADVANCED_FACE ( 'NONE', ( #5063 ), #5081, .F. ) ;
#6064 = ORIENTED_EDGE ( 'NONE', *, *, #5755, .T. ) ;
#6065 = ORIENTED_EDGE ( 'NONE', *, *, #547, .T. ) ;
#6066 = ORIENTED_EDGE ( 'NONE', *, *, #726, .T. ) ;
#6067 = ORIENTED_EDGE ( 'NONE', *, *, #5773, .F. ) ;
#6068 = ADVANCED_FACE ( 'NONE', ( #5087 ), #5106, .F. ) ;
#6069 = VERTEX_POINT ( 'NONE', #5112 ) ;
#6070 = ORIENTED_EDGE ( 'NONE', *, *, #6106, .F. ) ;
#6071 = EDGE_CURVE ( 'NONE', #143, #3145, #5113, .T. ) ;
#6072 = ORIENTED_EDGE ( 'NONE', *, *, #6211, .F. ) ;
#6073 = EDGE_CURVE ( 'NONE', #6402, #5629, #5118, .T. ) ;
#6074 = ORIENTED_EDGE ( 'NONE', *, *, #5465, .T. ) ;
#6075 = ORIENTED_EDGE ( 'NONE', *, *, #3492, .T. ) ;
#6076 = EDGE_CURVE ( 'NONE', #625, #1971, #5129, .T. ) ;
#6077 = VERTEX_POINT ( 'NONE', #5133 ) ;
#6078 = ORIENTED_EDGE ( 'NONE', *, *, #5576, .T. ) ;
#6079 = VERTEX_POINT ( 'NONE', #5138 ) ;
#6080 = ORIENTED_EDGE ( 'NONE', *, *, #6158, .F. ) ;
#6081 = ORIENTED_EDGE ( 'NONE', *, *, #309, .T. ) ;
#6082 = VERTEX_POINT ( 'NONE', #5139 ) ;
#6083 = ORIENTED_EDGE ( 'NONE', *, *, #6092, .T. ) ;
#6084 = ORIENTED_EDGE ( 'NONE', *, *, #6255, .T. ) ;
#6085 = EDGE_CURVE ( 'NONE', #5796, #5600, #5140, .T. ) ;
#6086 = EDGE_CURVE ( 'NONE', #6278, #6262, #5149, .T. ) ;
#6087 = VERTEX_POINT ( 'NONE', #5153 ) ;
#6088 = ORIENTED_EDGE ( 'NONE', *, *, #369, .F. ) ;
#6089 = ORIENTED_EDGE ( 'NONE', *, *, #4200, .T. ) ;
#6090 = EDGE_CURVE ( 'NONE', #53, #2181, #5165, .T. ) ;
#6091 = EDGE_LOOP ( 'NONE', ( #5701, #416, #5949, #5601 ) ) ;
#6092 = EDGE_CURVE ( 'NONE', #6114, #5731, #5173, .T. ) ;
#6093 = ORIENTED_EDGE ( 'NONE', *, *, #2338, .F. ) ;
#6094 = EDGE_LOOP ( 'NONE', ( #6421, #471, #288, #5941 ) ) ;
#6095 = EDGE_LOOP ( 'NONE', ( #2058, #5889, #524, #114, #230, #274 ) ) ;
#6096 = ADVANCED_FACE ( 'NONE', ( #5177 ), #5195, .T. ) ;
#6097 = ORIENTED_EDGE ( 'NONE', *, *, #608, .F. ) ;
#6098 = ORIENTED_EDGE ( 'NONE', *, *, #3559, .F. ) ;
#6099 = ADVANCED_FACE ( 'NONE', ( #5205 ), #5206, .T. ) ;
#6100 = ORIENTED_EDGE ( 'NONE', *, *, #5903, .F. ) ;
#6101 = EDGE_LOOP ( 'NONE', ( #5566, #768, #1186, #5546 ) ) ;
#6102 = ORIENTED_EDGE ( 'NONE', *, *, #5944, .F. ) ;
#6103 = ORIENTED_EDGE ( 'NONE', *, *, #5742, .T. ) ;
#6104 = EDGE_CURVE ( 'NONE', #634, #121, #5222, .T. ) ;
#6105 = ORIENTED_EDGE ( 'NONE', *, *, #6116, .T. ) ;
#6106 = EDGE_CURVE ( 'NONE', #5263, #3844, #5226, .T. ) ;
#6107 = ORIENTED_EDGE ( 'NONE', *, *, #5730, .F. ) ;
#6108 = ORIENTED_EDGE ( 'NONE', *, *, #6220, .T. ) ;
#6109 = ORIENTED_EDGE ( 'NONE', *, *, #6120, .T. ) ;
#6110 = ORIENTED_EDGE ( 'NONE', *, *, #321, .T. ) ;
#6111 = ORIENTED_EDGE ( 'NONE', *, *, #6155, .F. ) ;
#6112 = ADVANCED_FACE ( 'NONE', ( #5230 ), #5247, .F. ) ;
#6113 = VERTEX_POINT ( 'NONE', #5252 ) ;
#6114 = VERTEX_POINT ( 'NONE', #5253 ) ;
#6115 = EDGE_CURVE ( 'NONE', #409, #383, #5254, .T. ) ;
#6116 = EDGE_CURVE ( 'NONE', #6287, #6197, #5262, .T. ) ;
#6117 = ORIENTED_EDGE ( 'NONE', *, *, #440, .T. ) ;
#6118 = ORIENTED_EDGE ( 'NONE', *, *, #151, .F. ) ;
#6119 = ORIENTED_EDGE ( 'NONE', *, *, #330, .T. ) ;
#6120 = EDGE_CURVE ( 'NONE', #1852, #2005, #5268, .T. ) ;
#6121 = VERTEX_POINT ( 'NONE', #5276 ) ;
#6122 = ORIENTED_EDGE ( 'NONE', *, *, #5645, .F. ) ;
#6123 = VERTEX_POINT ( 'NONE', #5277 ) ;
#6124 = VERTEX_POINT ( 'NONE', #5278 ) ;
#6125 = ORIENTED_EDGE ( 'NONE', *, *, #5544, .T. ) ;
#6126 = ORIENTED_EDGE ( 'NONE', *, *, #3541, .F. ) ;
#6127 = VERTEX_POINT ( 'NONE', #5279 ) ;
#6128 = ORIENTED_EDGE ( 'NONE', *, *, #3127, .F. ) ;
#6129 = ORIENTED_EDGE ( 'NONE', *, *, #6055, .T. ) ;
#6130 = EDGE_LOOP ( 'NONE', ( #162, #553, #500, #569 ) ) ;
#6131 = ORIENTED_EDGE ( 'NONE', *, *, #6062, .F. ) ;
#6132 = ORIENTED_EDGE ( 'NONE', *, *, #5743, .T. ) ;
#6133 = ORIENTED_EDGE ( 'NONE', *, *, #5977, .T. ) ;
#6134 = EDGE_LOOP ( 'NONE', ( #6371, #6492, #5396, #443 ) ) ;
#6135 = EDGE_LOOP ( 'NONE', ( #138, #6413, #690, #6286, #6228, #5746, #6075, #4879 ) ) ;
#6136 = VERTEX_POINT ( 'NONE', #5284 ) ;
#6137 = ORIENTED_EDGE ( 'NONE', *, *, #6157, .T. ) ;
#6138 = ORIENTED_EDGE ( 'NONE', *, *, #5623, .T. ) ;
#6139 = ORIENTED_EDGE ( 'NONE', *, *, #6158, .T. ) ;
#6140 = VERTEX_POINT ( 'NONE', #5295 ) ;
#6141 = ORIENTED_EDGE ( 'NONE', *, *, #331, .T. ) ;
#6142 = ORIENTED_EDGE ( 'NONE', *, *, #6280, .T. ) ;
#6143 = EDGE_LOOP ( 'NONE', ( #6223, #6074, #69, #171 ) ) ;
#6144 = EDGE_CURVE ( 'NONE', #5671, #6168, #5296, .T. ) ;
#6145 = ORIENTED_EDGE ( 'NONE', *, *, #6200, .F. ) ;
#6146 = ORIENTED_EDGE ( 'NONE', *, *, #37, .F. ) ;
#6147 = VERTEX_POINT ( 'NONE', #5305 ) ;
#6148 = ORIENTED_EDGE ( 'NONE', *, *, #5748, .T. ) ;
#6149 = ORIENTED_EDGE ( 'NONE', *, *, #328, .F. ) ;
#6150 = VERTEX_POINT ( 'NONE', #5311 ) ;
#6151 = EDGE_LOOP ( 'NONE', ( #5615, #354, #411, #1462 ) ) ;
#6152 = ORIENTED_EDGE ( 'NONE', *, *, #5967, .T. ) ;
#6153 = MANIFOLD_SOLID_BREP ( 'NONE', #3628 ) ;
#6154 = ORIENTED_EDGE ( 'NONE', *, *, #3968, .F. ) ;
#6155 = EDGE_CURVE ( 'NONE', #5858, #5874, #5337, .T. ) ;
#6156 = ORIENTED_EDGE ( 'NONE', *, *, #695, .F. ) ;
#6157 = EDGE_CURVE ( 'NONE', #6183, #77, #5351, .T. ) ;
#6158 = EDGE_CURVE ( 'NONE', #5919, #5715, #5355, .T. ) ;
#6159 = VERTEX_POINT ( 'NONE', #5361 ) ;
#6160 = ORIENTED_EDGE ( 'NONE', *, *, #6179, .T. ) ;
#6161 = ORIENTED_EDGE ( 'NONE', *, *, #6220, .F. ) ;
#6162 = VERTEX_POINT ( 'NONE', #5362 ) ;
#6163 = ORIENTED_EDGE ( 'NONE', *, *, #5887, .F. ) ;
#6164 = ADVANCED_FACE ( 'NONE', ( #5363 ), #5382, .F. ) ;
#6165 = ORIENTED_EDGE ( 'NONE', *, *, #5953, .F. ) ;
#6166 = VERTEX_POINT ( 'NONE', #5387 ) ;
#6167 = VERTEX_POINT ( 'NONE', #5397 ) ;
#6168 = VERTEX_POINT ( 'NONE', #5398 ) ;
#6169 = ORIENTED_EDGE ( 'NONE', *, *, #542, .T. ) ;
#6170 = ADVANCED_FACE ( 'NONE', ( #5400 ), #5401, .T. ) ;
#6171 = ORIENTED_EDGE ( 'NONE', *, *, #32, .F. ) ;
#6172 = ORIENTED_EDGE ( 'NONE', *, *, #4390, .T. ) ;
#6173 = ADVANCED_FACE ( 'NONE', ( #5406 ), #5407, .F. ) ;
#6174 = ORIENTED_EDGE ( 'NONE', *, *, #6222, .F. ) ;
#6175 = ORIENTED_EDGE ( 'NONE', *, *, #5246, .F. ) ;
#6176 = ORIENTED_EDGE ( 'NONE', *, *, #6201, .F. ) ;
#6177 = ORIENTED_EDGE ( 'NONE', *, *, #5946, .F. ) ;
#6178 = ORIENTED_EDGE ( 'NONE', *, *, #3949, .F. ) ;
#6179 = EDGE_CURVE ( 'NONE', #383, #5724, #5417, .T. ) ;
#6180 = VERTEX_POINT ( 'NONE', #5421 ) ;
#6181 = ORIENTED_EDGE ( 'NONE', *, *, #6463, .F. ) ;
#6182 = ORIENTED_EDGE ( 'NONE', *, *, #6192, .T. ) ;
#6183 = VERTEX_POINT ( 'NONE', #2962 ) ;
#6184 = EDGE_LOOP ( 'NONE', ( #55, #5808, #6427, #6265 ) ) ;
#6185 = ORIENTED_EDGE ( 'NONE', *, *, #6237, .T. ) ;
#6186 = ORIENTED_EDGE ( 'NONE', *, *, #81, .T. ) ;
#6187 = ORIENTED_EDGE ( 'NONE', *, *, #6214, .F. ) ;
#6188 = VERTEX_POINT ( 'NONE', #3020 ) ;
#6189 = ORIENTED_EDGE ( 'NONE', *, *, #6071, .T. ) ;
#6190 = VERTEX_POINT ( 'NONE', #3025 ) ;
#6191 = ADVANCED_FACE ( 'NONE', ( #3026 ), #3027, .F. ) ;
#6192 = EDGE_CURVE ( 'NONE', #6197, #117, #3036, .T. ) ;
#6193 = ORIENTED_EDGE ( 'NONE', *, *, #2125, .T. ) ;
#6194 = VERTEX_POINT ( 'NONE', #3051 ) ;
#6195 = ADVANCED_FACE ( 'NONE', ( #3052 ), #3068, .F. ) ;
#6196 = ORIENTED_EDGE ( 'NONE', *, *, #6264, .F. ) ;
#6197 = VERTEX_POINT ( 'NONE', #3073 ) ;
#6198 = VERTEX_POINT ( 'NONE', #3079 ) ;
#6199 = EDGE_LOOP ( 'NONE', ( #6254, #5892, #5568, #5803 ) ) ;
#6200 = EDGE_CURVE ( 'NONE', #5679, #5616, #3080, .T. ) ;
#6201 = EDGE_CURVE ( 'NONE', #442, #6279, #3084, .T. ) ;
#6202 = ORIENTED_EDGE ( 'NONE', *, *, #507, .T. ) ;
#6203 = ORIENTED_EDGE ( 'NONE', *, *, #696, .T. ) ;
#6204 = VERTEX_POINT ( 'NONE', #3103 ) ;
#6205 = EDGE_CURVE ( 'NONE', #6468, #6246, #3149, .T. ) ;
#6206 = ORIENTED_EDGE ( 'NONE', *, *, #6192, .F. ) ;
#6207 = ORIENTED_EDGE ( 'NONE', *, *, #5983, .F. ) ;
#6208 = ORIENTED_EDGE ( 'NONE', *, *, #6281, .F. ) ;
#6209 = EDGE_CURVE ( 'NONE', #687, #206, #3163, .T. ) ;
#6210 = EDGE_CURVE ( 'NONE', #1988, #6243, #3180, .T. ) ;
#6211 = EDGE_CURVE ( 'NONE', #1077, #5884, #3184, .T. ) ;
#6212 = ORIENTED_EDGE ( 'NONE', *, *, #6239, .T. ) ;
#6213 = EDGE_CURVE ( 'NONE', #6249, #750, #3193, .T. ) ;
#6214 = EDGE_CURVE ( 'NONE', #613, #381, #3198, .T. ) ;
#6215 = EDGE_CURVE ( 'NONE', #6159, #6198, #3202, .T. ) ;
#6216 = ORIENTED_EDGE ( 'NONE', *, *, #6370, .F. ) ;
#6217 = EDGE_LOOP ( 'NONE', ( #5705, #221, #6368, #6488 ) ) ;
#6218 = EDGE_CURVE ( 'NONE', #5874, #5930, #3218, .T. ) ;
#6219 = ORIENTED_EDGE ( 'NONE', *, *, #6061, .F. ) ;
#6220 = EDGE_CURVE ( 'NONE', #6247, #5647, #3227, .T. ) ;
#6221 = ORIENTED_EDGE ( 'NONE', *, *, #5730, .T. ) ;
#6222 = EDGE_CURVE ( 'NONE', #632, #5759, #3253, .T. ) ;
#6223 = ORIENTED_EDGE ( 'NONE', *, *, #6255, .F. ) ;
#6224 = ORIENTED_EDGE ( 'NONE', *, *, #6241, .F. ) ;
#6225 = ORIENTED_EDGE ( 'NONE', *, *, #32, .T. ) ;
#6226 = ORIENTED_EDGE ( 'NONE', *, *, #6257, .F. ) ;
#6227 = ORIENTED_EDGE ( 'NONE', *, *, #6218, .F. ) ;
#6228 = ORIENTED_EDGE ( 'NONE', *, *, #6250, .F. ) ;
#6229 = EDGE_CURVE ( 'NONE', #6278, #6307, #3280, .T. ) ;
#6230 = EDGE_CURVE ( 'NONE', #6031, #259, #3286, .T. ) ;
#6231 = ORIENTED_EDGE ( 'NONE', *, *, #1936, .T. ) ;
#6232 = EDGE_CURVE ( 'NONE', #6260, #5551, #3290, .T. ) ;
#6233 = ADVANCED_FACE ( 'NONE', ( #3298 ), #3315, .F. ) ;
#6234 = ORIENTED_EDGE ( 'NONE', *, *, #5987, .F. ) ;
#6235 = ORIENTED_EDGE ( 'NONE', *, *, #6144, .F. ) ;
#6236 = ORIENTED_EDGE ( 'NONE', *, *, #6292, .F. ) ;
#6237 = EDGE_CURVE ( 'NONE', #345, #5883, #3323, .T. ) ;
#6238 = ORIENTED_EDGE ( 'NONE', *, *, #2531, .T. ) ;
#6239 = EDGE_CURVE ( 'NONE', #5697, #5722, #3327, .T. ) ;
#6240 = ORIENTED_EDGE ( 'NONE', *, *, #6085, .F. ) ;
#6241 = EDGE_CURVE ( 'NONE', #5709, #117, #3331, .T. ) ;
#6242 = EDGE_CURVE ( 'NONE', #6349, #1307, #3344, .T. ) ;
#6243 = VERTEX_POINT ( 'NONE', #3348 ) ;
#6244 = ADVANCED_FACE ( 'NONE', ( #3349 ), #3350, .F. ) ;
#6245 = ORIENTED_EDGE ( 'NONE', *, *, #441, .T. ) ;
#6246 = VERTEX_POINT ( 'NONE', #3360 ) ;
#6247 = VERTEX_POINT ( 'NONE', #3361 ) ;
#6248 = ORIENTED_EDGE ( 'NONE', *, *, #248, .F. ) ;
#6249 = VERTEX_POINT ( 'NONE', #3363 ) ;
#6250 = EDGE_CURVE ( 'NONE', #1633, #6260, #3364, .T. ) ;
#6251 = EDGE_CURVE ( 'NONE', #6288, #5600, #3368, .T. ) ;
#6252 = EDGE_LOOP ( 'NONE', ( #33, #5508, #5541, #5525 ) ) ;
#6253 = ADVANCED_FACE ( 'NONE', ( #3373 ), #3374, .T. ) ;
#6254 = ORIENTED_EDGE ( 'NONE', *, *, #5953, .T. ) ;
#6255 = EDGE_CURVE ( 'NONE', #597, #6052, #3379, .T. ) ;
#6256 = ORIENTED_EDGE ( 'NONE', *, *, #308, .T. ) ;
#6257 = EDGE_CURVE ( 'NONE', #1598, #2843, #3383, .T. ) ;
#6258 = EDGE_LOOP ( 'NONE', ( #3898, #3990, #6248, #712, #5768, #587 ) ) ;
#6259 = ORIENTED_EDGE ( 'NONE', *, *, #189, .F. ) ;
#6260 = VERTEX_POINT ( 'NONE', #3389 ) ;
#6261 = ADVANCED_FACE ( 'NONE', ( #3390 ), #3407, .F. ) ;
#6262 = VERTEX_POINT ( 'NONE', #3412 ) ;
#6263 = ADVANCED_FACE ( 'NONE', ( #3414 ), #3431, .F. ) ;
#6264 = EDGE_CURVE ( 'NONE', #3195, #3386, #3436, .T. ) ;
#6265 = ORIENTED_EDGE ( 'NONE', *, *, #6317, .T. ) ;
#6266 = EDGE_CURVE ( 'NONE', #621, #3077, #3447, .T. ) ;
#6267 = EDGE_LOOP ( 'NONE', ( #6149, #6175, #444, #5924, #6408, #132, #6108, #92 ) ) ;
#6268 = ORIENTED_EDGE ( 'NONE', *, *, #6280, .F. ) ;
#6269 = ORIENTED_EDGE ( 'NONE', *, *, #5773, .T. ) ;
#6270 = ADVANCED_FACE ( 'NONE', ( #3458 ), #3479, .F. ) ;
#6271 = ORIENTED_EDGE ( 'NONE', *, *, #27, .T. ) ;
#6272 = ORIENTED_EDGE ( 'NONE', *, *, #5449, .F. ) ;
#6273 = EDGE_LOOP ( 'NONE', ( #6395, #5815, #125, #253 ) ) ;
#6274 = EDGE_LOOP ( 'NONE', ( #6327, #5876, #5918, #4704, #590, #6102 ) ) ;
#6275 = EDGE_CURVE ( 'NONE', #148, #5866, #3523, .T. ) ;
#6276 = ORIENTED_EDGE ( 'NONE', *, *, #40, .F. ) ;
#6277 = ORIENTED_EDGE ( 'NONE', *, *, #57, .F. ) ;
#6278 = VERTEX_POINT ( 'NONE', #3527 ) ;
#6279 = VERTEX_POINT ( 'NONE', #3528 ) ;
#6280 = EDGE_CURVE ( 'NONE', #5812, #4060, #3529, .T. ) ;
#6281 = EDGE_CURVE ( 'NONE', #5602, #6440, #3533, .T. ) ;
#6282 = EDGE_LOOP ( 'NONE', ( #6212, #5945, #554, #727 ) ) ;
#6283 = ORIENTED_EDGE ( 'NONE', *, *, #6230, .F. ) ;
#6284 = VERTEX_POINT ( 'NONE', #3537 ) ;
#6285 = ORIENTED_EDGE ( 'NONE', *, *, #5695, .F. ) ;
#6286 = ORIENTED_EDGE ( 'NONE', *, *, #6232, .F. ) ;
#6287 = VERTEX_POINT ( 'NONE', #3552 ) ;
#6288 = VERTEX_POINT ( 'NONE', #3553 ) ;
#6289 = ORIENTED_EDGE ( 'NONE', *, *, #6312, .F. ) ;
#6290 = EDGE_CURVE ( 'NONE', #617, #6451, #3583, .T. ) ;
#6291 = ORIENTED_EDGE ( 'NONE', *, *, #627, .T. ) ;
#6292 = EDGE_CURVE ( 'NONE', #6307, #318, #3599, .T. ) ;
#6293 = ORIENTED_EDGE ( 'NONE', *, *, #6477, .T. ) ;
#6294 = EDGE_LOOP ( 'NONE', ( #5770, #1667, #718, #6064 ) ) ;
#6295 = ORIENTED_EDGE ( 'NONE', *, *, #6092, .F. ) ;
#6296 = ORIENTED_EDGE ( 'NONE', *, *, #37, .T. ) ;
#6297 = ORIENTED_EDGE ( 'NONE', *, *, #6317, .F. ) ;
#6298 = ADVANCED_FACE ( 'NONE', ( #3638 ), #3639, .F. ) ;
#6299 = ORIENTED_EDGE ( 'NONE', *, *, #5794, .F. ) ;
#6300 = ADVANCED_FACE ( 'NONE', ( #3667 ), #3668, .T. ) ;
#6301 = EDGE_LOOP ( 'NONE', ( #6372, #652, #466, #6206 ) ) ;
#6302 = EDGE_CURVE ( 'NONE', #5661, #6166, #3679, .T. ) ;
#6303 = ORIENTED_EDGE ( 'NONE', *, *, #6006, .T. ) ;
#6304 = EDGE_LOOP ( 'NONE', ( #6377, #5448, #141, #210 ) ) ;
#6305 = ORIENTED_EDGE ( 'NONE', *, *, #2425, .T. ) ;
#6306 = ORIENTED_EDGE ( 'NONE', *, *, #5464, .T. ) ;
#6307 = VERTEX_POINT ( 'NONE', #3694 ) ;
#6308 = ORIENTED_EDGE ( 'NONE', *, *, #6391, .F. ) ;
#6309 = ORIENTED_EDGE ( 'NONE', *, *, #5303, .T. ) ;
#6310 = ADVANCED_FACE ( 'NONE', ( #3711 ), #3712, .T. ) ;
#6311 = EDGE_LOOP ( 'NONE', ( #6445, #5976, #3896, #4322, #110, #684 ) ) ;
#6312 = EDGE_CURVE ( 'NONE', #5936, #634, #3720, .T. ) ;
#6313 = VERTEX_POINT ( 'NONE', #3724 ) ;
#6314 = ADVANCED_FACE ( 'NONE', ( #3725 ), #3742, .F. ) ;
#6315 = ORIENTED_EDGE ( 'NONE', *, *, #1717, .T. ) ;
#6316 = VERTEX_POINT ( 'NONE', #3748 ) ;
#6317 = EDGE_CURVE ( 'NONE', #410, #389, #3756, .T. ) ;
#6318 = EDGE_CURVE ( 'NONE', #6440, #5919, #3760, .T. ) ;
#6319 = ADVANCED_FACE ( 'NONE', ( #3764 ), #3765, .T. ) ;
#6320 = ORIENTED_EDGE ( 'NONE', *, *, #6332, .T. ) ;
#6321 = EDGE_CURVE ( 'NONE', #5807, #5798, #3770, .T. ) ;
#6322 = ORIENTED_EDGE ( 'NONE', *, *, #83, .T. ) ;
#6323 = ORIENTED_EDGE ( 'NONE', *, *, #1564, .T. ) ;
#6324 = EDGE_LOOP ( 'NONE', ( #5894, #1026, #1290, #5606 ) ) ;
#6325 = ORIENTED_EDGE ( 'NONE', *, *, #6410, .F. ) ;
#6326 = ORIENTED_EDGE ( 'NONE', *, *, #6346, .F. ) ;
#6327 = ORIENTED_EDGE ( 'NONE', *, *, #628, .F. ) ;
#6328 = ORIENTED_EDGE ( 'NONE', *, *, #5463, .F. ) ;
#6329 = EDGE_CURVE ( 'NONE', #6198, #377, #3799, .T. ) ;
#6330 = ORIENTED_EDGE ( 'NONE', *, *, #6352, .F. ) ;
#6331 = VERTEX_POINT ( 'NONE', #3803 ) ;
#6332 = EDGE_CURVE ( 'NONE', #6500, #6501, #3811, .T. ) ;
#6333 = EDGE_LOOP ( 'NONE', ( #6058, #6107, #5614, #255 ) ) ;
#6334 = VERTEX_POINT ( 'NONE', #3815 ) ;
#6335 = EDGE_CURVE ( 'NONE', #6402, #5980, #3820, .T. ) ;
#6336 = EDGE_CURVE ( 'NONE', #6388, #1288, #3829, .T. ) ;
#6337 = ORIENTED_EDGE ( 'NONE', *, *, #6024, .T. ) ;
#6338 = EDGE_CURVE ( 'NONE', #6390, #631, #3833, .T. ) ;
#6339 = ADVANCED_FACE ( 'NONE', ( #3837 ), #3854, .F. ) ;
#6340 = ADVANCED_FACE ( 'NONE', ( #3859 ), #3860, .T. ) ;
#6341 = ORIENTED_EDGE ( 'NONE', *, *, #5462, .T. ) ;
#6342 = ORIENTED_EDGE ( 'NONE', *, *, #3968, .T. ) ;
#6343 = ORIENTED_EDGE ( 'NONE', *, *, #5908, .T. ) ;
#6344 = EDGE_LOOP ( 'NONE', ( #6425, #6240, #2479, #729, #5749, #2477 ) ) ;
#6345 = ORIENTED_EDGE ( 'NONE', *, *, #6369, .T. ) ;
#6346 = EDGE_CURVE ( 'NONE', #6387, #332, #3893, .T. ) ;
#6347 = ORIENTED_EDGE ( 'NONE', *, *, #6290, .F. ) ;
#6348 = ORIENTED_EDGE ( 'NONE', *, *, #5972, .T. ) ;
#6349 = VERTEX_POINT ( 'NONE', #3902 ) ;
#6350 = EDGE_CURVE ( 'NONE', #381, #3128, #3907, .T. ) ;
#6351 = ORIENTED_EDGE ( 'NONE', *, *, #508, .T. ) ;
#6352 = EDGE_CURVE ( 'NONE', #6472, #5920, #3911, .T. ) ;
#6353 = EDGE_LOOP ( 'NONE', ( #2144, #5726, #514, #5844 ) ) ;
#6354 = EDGE_CURVE ( 'NONE', #6401, #6484, #3916, .T. ) ;
#6355 = ORIENTED_EDGE ( 'NONE', *, *, #595, .T. ) ;
#6356 = ORIENTED_EDGE ( 'NONE', *, *, #1650, .T. ) ;
#6357 = ORIENTED_EDGE ( 'NONE', *, *, #6242, .T. ) ;
#6358 = EDGE_LOOP ( 'NONE', ( #6464, #3861, #5932, #5580 ) ) ;
#6359 = EDGE_LOOP ( 'NONE', ( #6326, #5974, #4619, #485 ) ) ;
#6360 = EDGE_LOOP ( 'NONE', ( #6485, #673, #3827, #4061, #2667, #119 ) ) ;
#6361 = ORIENTED_EDGE ( 'NONE', *, *, #6399, .F. ) ;
#6362 = ADVANCED_FACE ( 'NONE', ( #3937 ), #3938, .T. ) ;
#6363 = ORIENTED_EDGE ( 'NONE', *, *, #5835, .T. ) ;
#6364 = EDGE_CURVE ( 'NONE', #6431, #751, #3975, .T. ) ;
#6365 = EDGE_CURVE ( 'NONE', #6451, #5998, #3979, .T. ) ;
#6366 = ORIENTED_EDGE ( 'NONE', *, *, #5449, .T. ) ;
#6367 = ORIENTED_EDGE ( 'NONE', *, *, #115, .T. ) ;
#6368 = ORIENTED_EDGE ( 'NONE', *, *, #6418, .T. ) ;
#6369 = EDGE_CURVE ( 'NONE', #537, #3631, #4003, .T. ) ;
#6370 = EDGE_CURVE ( 'NONE', #6140, #6180, #4008, .T. ) ;
#6371 = ORIENTED_EDGE ( 'NONE', *, *, #593, .T. ) ;
#6372 = ORIENTED_EDGE ( 'NONE', *, *, #5540, .F. ) ;
#6373 = ORIENTED_EDGE ( 'NONE', *, *, #439, .F. ) ;
#6374 = EDGE_CURVE ( 'NONE', #5884, #5989, #4045, .T. ) ;
#6375 = ORIENTED_EDGE ( 'NONE', *, *, #6486, .T. ) ;
#6376 = ORIENTED_EDGE ( 'NONE', *, *, #34, .T. ) ;
#6377 = ORIENTED_EDGE ( 'NONE', *, *, #3212, .F. ) ;
#6378 = EDGE_LOOP ( 'NONE', ( #1359, #6505, #610, #4859 ) ) ;
#6379 = VERTEX_POINT ( 'NONE', #4049 ) ;
#6380 = ADVANCED_FACE ( 'NONE', ( #4050 ), #4069, .T. ) ;
#6381 = ORIENTED_EDGE ( 'NONE', *, *, #5572, .F. ) ;
#6382 = ORIENTED_EDGE ( 'NONE', *, *, #6487, .F. ) ;
#6383 = ORIENTED_EDGE ( 'NONE', *, *, #6004, .T. ) ;
#6384 = EDGE_LOOP ( 'NONE', ( #6406, #6030, #5624, #495 ) ) ;
#6385 = EDGE_LOOP ( 'NONE', ( #129, #6142, #6238, #6341, #5485, #5507 ) ) ;
#6386 = EDGE_CURVE ( 'NONE', #6114, #1077, #4074, .T. ) ;
#6387 = VERTEX_POINT ( 'NONE', #4079 ) ;
#6388 = VERTEX_POINT ( 'NONE', #4080 ) ;
#6389 = ORIENTED_EDGE ( 'NONE', *, *, #649, .T. ) ;
#6390 = VERTEX_POINT ( 'NONE', #4081 ) ;
#6391 = EDGE_CURVE ( 'NONE', #6449, #332, #4083, .T. ) ;
#6392 = ORIENTED_EDGE ( 'NONE', *, *, #344, .F. ) ;
#6393 = EDGE_LOOP ( 'NONE', ( #6066, #6098, #563, #639 ) ) ;
#6394 = ORIENTED_EDGE ( 'NONE', *, *, #4985, .T. ) ;
#6395 = ORIENTED_EDGE ( 'NONE', *, *, #6004, .F. ) ;
#6396 = ORIENTED_EDGE ( 'NONE', *, *, #6418, .F. ) ;
#6397 = ORIENTED_EDGE ( 'NONE', *, *, #6453, .F. ) ;
#6398 = ORIENTED_EDGE ( 'NONE', *, *, #5581, .T. ) ;
#6399 = EDGE_CURVE ( 'NONE', #421, #5673, #4092, .T. ) ;
#6400 = ORIENTED_EDGE ( 'NONE', *, *, #5804, .T. ) ;
#6401 = VERTEX_POINT ( 'NONE', #4098 ) ;
#6402 = VERTEX_POINT ( 'NONE', #4099 ) ;
#6403 = EDGE_CURVE ( 'NONE', #6162, #2005, #4100, .T. ) ;
#6404 = EDGE_LOOP ( 'NONE', ( #6320, #5727, #30, #100 ) ) ;
#6405 = EDGE_LOOP ( 'NONE', ( #713, #5797, #5827, #513, #5491, #6018 ) ) ;
#6406 = ORIENTED_EDGE ( 'NONE', *, *, #6463, .T. ) ;
#6407 = EDGE_CURVE ( 'NONE', #6497, #6468, #4106, .T. ) ;
#6408 = ORIENTED_EDGE ( 'NONE', *, *, #504, .F. ) ;
#6409 = ORIENTED_EDGE ( 'NONE', *, *, #6365, .F. ) ;
#6410 = EDGE_CURVE ( 'NONE', #6484, #5666, #4117, .T. ) ;
#6411 = ORIENTED_EDGE ( 'NONE', *, *, #6459, .T. ) ;
#6412 = EDGE_LOOP ( 'NONE', ( #6455, #6283, #6351, #606 ) ) ;
#6413 = ORIENTED_EDGE ( 'NONE', *, *, #5762, .F. ) ;
#6414 = ORIENTED_EDGE ( 'NONE', *, *, #209, .F. ) ;
#6415 = ORIENTED_EDGE ( 'NONE', *, *, #182, .T. ) ;
#6416 = EDGE_CURVE ( 'NONE', #6388, #273, #4126, .T. ) ;
#6417 = EDGE_CURVE ( 'NONE', #6050, #5807, #4130, .T. ) ;
#6418 = EDGE_CURVE ( 'NONE', #1971, #5994, #4136, .T. ) ;
#6419 = ORIENTED_EDGE ( 'NONE', *, *, #5762, .T. ) ;
#6420 = ORIENTED_EDGE ( 'NONE', *, *, #5699, .F. ) ;
#6421 = ORIENTED_EDGE ( 'NONE', *, *, #6474, .F. ) ;
#6422 = ORIENTED_EDGE ( 'NONE', *, *, #150, .F. ) ;
#6423 = ORIENTED_EDGE ( 'NONE', *, *, #6071, .F. ) ;
#6424 = EDGE_CURVE ( 'NONE', #152, #1078, #4145, .T. ) ;
#6425 = ORIENTED_EDGE ( 'NONE', *, *, #6251, .T. ) ;
#6426 = ORIENTED_EDGE ( 'NONE', *, *, #5896, .F. ) ;
#6427 = ORIENTED_EDGE ( 'NONE', *, *, #6465, .F. ) ;
#6428 = EDGE_CURVE ( 'NONE', #64, #1205, #4149, .T. ) ;
#6429 = ORIENTED_EDGE ( 'NONE', *, *, #329, .T. ) ;
#6430 = EDGE_LOOP ( 'NONE', ( #17, #5484, #400, #6376 ) ) ;
#6431 = VERTEX_POINT ( 'NONE', #4153 ) ;
#6432 = ORIENTED_EDGE ( 'NONE', *, *, #5544, .F. ) ;
#6433 = ORIENTED_EDGE ( 'NONE', *, *, #6476, .F. ) ;
#6434 = ORIENTED_EDGE ( 'NONE', *, *, #5625, .T. ) ;
#6435 = ORIENTED_EDGE ( 'NONE', *, *, #5863, .T. ) ;
#6436 = ORIENTED_EDGE ( 'NONE', *, *, #6477, .F. ) ;
#6437 = EDGE_LOOP ( 'NONE', ( #6196, #596, #540, #601 ) ) ;
#6438 = ADVANCED_FACE ( 'NONE', ( #4160 ), #4161, .F. ) ;
#6439 = ORIENTED_EDGE ( 'NONE', *, *, #6481, .F. ) ;
#6440 = VERTEX_POINT ( 'NONE', #4168 ) ;
#6441 = ORIENTED_EDGE ( 'NONE', *, *, #149, .F. ) ;
#6442 = ORIENTED_EDGE ( 'NONE', *, *, #6104, .F. ) ;
#6443 = ADVANCED_FACE ( 'NONE', ( #4185 ), #4186, .T. ) ;
#6444 = ORIENTED_EDGE ( 'NONE', *, *, #6053, .T. ) ;
#6445 = ORIENTED_EDGE ( 'NONE', *, *, #5710, .T. ) ;
#6446 = ORIENTED_EDGE ( 'NONE', *, *, #5887, .T. ) ;
#6447 = EDGE_CURVE ( 'NONE', #6246, #5498, #4195, .T. ) ;
#6448 = ORIENTED_EDGE ( 'NONE', *, *, #6045, .T. ) ;
#6449 = VERTEX_POINT ( 'NONE', #4199 ) ;
#6450 = EDGE_CURVE ( 'NONE', #6503, #5611, #4201, .T. ) ;
#6451 = VERTEX_POINT ( 'NONE', #4205 ) ;
#6452 = ORIENTED_EDGE ( 'NONE', *, *, #5527, .F. ) ;
#6453 = EDGE_CURVE ( 'NONE', #503, #5740, #4206, .T. ) ;
#6454 = ORIENTED_EDGE ( 'NONE', *, *, #6493, .T. ) ;
#6455 = ORIENTED_EDGE ( 'NONE', *, *, #59, .T. ) ;
#6456 = VERTEX_POINT ( 'NONE', #4210 ) ;
#6457 = ORIENTED_EDGE ( 'NONE', *, *, #4687, .T. ) ;
#6458 = ORIENTED_EDGE ( 'NONE', *, *, #1886, .T. ) ;
#6459 = EDGE_CURVE ( 'NONE', #6166, #5620, #4215, .T. ) ;
#6460 = ADVANCED_FACE ( 'NONE', ( #4221 ), #4222, .F. ) ;
#6461 = EDGE_CURVE ( 'NONE', #6506, #397, #4227, .T. ) ;
#6462 = ORIENTED_EDGE ( 'NONE', *, *, #6215, .F. ) ;
#6463 = EDGE_CURVE ( 'NONE', #5807, #6087, #4231, .T. ) ;
#6464 = ORIENTED_EDGE ( 'NONE', *, *, #584, .F. ) ;
#6465 = EDGE_CURVE ( 'NONE', #410, #6194, #4236, .T. ) ;
#6466 = EDGE_CURVE ( 'NONE', #159, #6440, #4240, .T. ) ;
#6467 = ORIENTED_EDGE ( 'NONE', *, *, #4304, .T. ) ;
#6468 = VERTEX_POINT ( 'NONE', #4244 ) ;
#6469 = ORIENTED_EDGE ( 'NONE', *, *, #226, .T. ) ;
#6470 = ORIENTED_EDGE ( 'NONE', *, *, #584, .T. ) ;
#6471 = ADVANCED_FACE ( 'NONE', ( #4250 ), #4251, .T. ) ;
#6472 = VERTEX_POINT ( 'NONE', #4262 ) ;
#6473 = ORIENTED_EDGE ( 'NONE', *, *, #5530, .T. ) ;
#6474 = EDGE_CURVE ( 'NONE', #5954, #5998, #4263, .T. ) ;
#6475 = ORIENTED_EDGE ( 'NONE', *, *, #1009, .F. ) ;
#6476 = EDGE_CURVE ( 'NONE', #5847, #5655, #4267, .T. ) ;
#6477 = EDGE_CURVE ( 'NONE', #5706, #5740, #4272, .T. ) ;
#6478 = EDGE_LOOP ( 'NONE', ( #5455, #5479, #6306, #5651 ) ) ;
#6479 = ADVANCED_FACE ( 'NONE', ( #4276 ), #4277, .F. ) ;
#6480 = VERTEX_POINT ( 'NONE', #4288 ) ;
#6481 = EDGE_CURVE ( 'NONE', #5994, #6456, #4289, .T. ) ;
#6482 = ORIENTED_EDGE ( 'NONE', *, *, #6251, .F. ) ;
#6483 = ORIENTED_EDGE ( 'NONE', *, *, #6209, .T. ) ;
#6484 = VERTEX_POINT ( 'NONE', #4293 ) ;
#6485 = ORIENTED_EDGE ( 'NONE', *, *, #643, .F. ) ;
#6486 = EDGE_CURVE ( 'NONE', #735, #208, #4298, .T. ) ;
#6487 = EDGE_CURVE ( 'NONE', #785, #697, #4302, .T. ) ;
#6488 = ORIENTED_EDGE ( 'NONE', *, *, #724, .F. ) ;
#6489 = VERTEX_POINT ( 'NONE', #4312 ) ;
#6490 = ORIENTED_EDGE ( 'NONE', *, *, #1936, .F. ) ;
#6491 = EDGE_LOOP ( 'NONE', ( #6496, #388, #738, #2617 ) ) ;
#6492 = ORIENTED_EDGE ( 'NONE', *, *, #4510, .T. ) ;
#6493 = EDGE_CURVE ( 'NONE', #1204, #6204, #4324, .T. ) ;
#6494 = ADVANCED_FACE ( 'NONE', ( #4329 ), #4330, .T. ) ;
#6495 = EDGE_CURVE ( 'NONE', #6124, #4602, #4340, .T. ) ;
#6496 = ORIENTED_EDGE ( 'NONE', *, *, #367, .F. ) ;
#6497 = VERTEX_POINT ( 'NONE', #4344 ) ;
#6498 = VERTEX_POINT ( 'NONE', #4349 ) ;
#6499 = ORIENTED_EDGE ( 'NONE', *, *, #441, .F. ) ;
#6500 = VERTEX_POINT ( 'NONE', #4356 ) ;
#6501 = VERTEX_POINT ( 'NONE', #4357 ) ;
#6502 = VERTEX_POINT ( 'NONE', #4358 ) ;
#6503 = VERTEX_POINT ( 'NONE', #4359 ) ;
#6504 = ORIENTED_EDGE ( 'NONE', *, *, #1342, .F. ) ;
#6505 = ORIENTED_EDGE ( 'NONE', *, *, #5929, .F. ) ;
#6506 = VERTEX_POINT ( 'NONE', #4360 ) ;
#6507 = EDGE_CURVE ( 'NONE', #6331, #190, #4365, .T. ) ;
ENDSEC;
END-ISO-10303-21;
