ISO-10303-21;
HEADER;
FILE_DESCRIPTION(('FreeCAD Model'),'2;1');
FILE_NAME('Open CASCADE Shape Model','2026-07-21T17:42:10',(''),(''),
  'Open CASCADE STEP processor 7.8','FreeCAD','Unknown');
FILE_SCHEMA(('AUTOMOTIVE_DESIGN { 1 0 10303 214 1 1 1 1 }'));
ENDSEC;
DATA;
#1 = APPLICATION_PROTOCOL_DEFINITION('international standard',
  'automotive_design',2000,#2);
#2 = APPLICATION_CONTEXT(
  'core data for automotive mechanical design processes');
#3 = SHAPE_DEFINITION_REPRESENTATION(#4,#10);
#4 = PRODUCT_DEFINITION_SHAPE('','',#5);
#5 = PRODUCT_DEFINITION('design','',#6,#9);
#6 = PRODUCT_DEFINITION_FORMATION('','',#7);
#7 = PRODUCT('Body','Body','',(#8));
#8 = PRODUCT_CONTEXT('',#2,'mechanical');
#9 = PRODUCT_DEFINITION_CONTEXT('part definition',#2,'design');
#10 = ADVANCED_BREP_SHAPE_REPRESENTATION('',(#11,#15),#5643);
#11 = AXIS2_PLACEMENT_3D('',#12,#13,#14);
#12 = CARTESIAN_POINT('',(0.,0.,0.));
#13 = DIRECTION('',(0.,0.,1.));
#14 = DIRECTION('',(1.,0.,-0.));
#15 = MANIFOLD_SOLID_BREP('',#16);
#16 = CLOSED_SHELL('',(#17,#105,#161,#216,#543,#696,#774,#830,#886,#941,
    #996,#1052,#1108,#1140,#1196,#1252,#1308,#1385,#1551,#1606,#1656,
    #1795,#1871,#1926,#1981,#2035,#2089,#2144,#2199,#2231,#2286,#2341,
    #2396,#2639,#2858,#2936,#3016,#3338,#3365,#3580,#3663,#3877,#3981,
    #4008,#4055,#4082,#4109,#4136,#4163,#4190,#4217,#4224,#4251,#4306,
    #4333,#4500,#4692,#4794,#4848,#4945,#4973,#5001,#5032,#5409,#5622,
    #5629,#5636));
#17 = ADVANCED_FACE('',(#18),#32,.F.);
#18 = FACE_BOUND('',#19,.F.);
#19 = EDGE_LOOP('',(#20,#50,#77,#78));
#20 = ORIENTED_EDGE('',*,*,#21,.F.);
#21 = EDGE_CURVE('',#22,#24,#26,.T.);
#22 = VERTEX_POINT('',#23);
#23 = CARTESIAN_POINT('',(-68.2464466094,-46.75,-1.353553390593));
#24 = VERTEX_POINT('',#25);
#25 = CARTESIAN_POINT('',(-70.6,-46.75,1.));
#26 = SEAM_CURVE('',#27,(#31,#43),.PCURVE_S1.);
#27 = LINE('',#28,#29);
#28 = CARTESIAN_POINT('',(-70.6,-46.75,1.));
#29 = VECTOR('',#30,1.);
#30 = DIRECTION('',(-0.707106781187,0.,0.707106781187));
#31 = PCURVE('',#32,#37);
#32 = CONICAL_SURFACE('',#33,1.4,0.785398163397);
#33 = AXIS2_PLACEMENT_3D('',#34,#35,#36);
#34 = CARTESIAN_POINT('',(-72.,-46.75,1.));
#35 = DIRECTION('',(-0.,-0.,-1.));
#36 = DIRECTION('',(1.,0.,0.));
#37 = DEFINITIONAL_REPRESENTATION('',(#38),#42);
#38 = LINE('',#39,#40);
#39 = CARTESIAN_POINT('',(-0.,-0.));
#40 = VECTOR('',#41,1.);
#41 = DIRECTION('',(-0.,-1.));
#42 = ( GEOMETRIC_REPRESENTATION_CONTEXT(2) 
PARAMETRIC_REPRESENTATION_CONTEXT() REPRESENTATION_CONTEXT('2D SPACE',''
  ) );
#43 = PCURVE('',#32,#44);
#44 = DEFINITIONAL_REPRESENTATION('',(#45),#49);
#45 = LINE('',#46,#47);
#46 = CARTESIAN_POINT('',(-6.28318530718,-0.));
#47 = VECTOR('',#48,1.);
#48 = DIRECTION('',(-0.,-1.));
#49 = ( GEOMETRIC_REPRESENTATION_CONTEXT(2) 
PARAMETRIC_REPRESENTATION_CONTEXT() REPRESENTATION_CONTEXT('2D SPACE',''
  ) );
#50 = ORIENTED_EDGE('',*,*,#51,.T.);
#51 = EDGE_CURVE('',#22,#22,#52,.T.);
#52 = SURFACE_CURVE('',#53,(#58,#65),.PCURVE_S1.);
#53 = CIRCLE('',#54,3.753553390593);
#54 = AXIS2_PLACEMENT_3D('',#55,#56,#57);
#55 = CARTESIAN_POINT('',(-72.,-46.75,-1.353553390593));
#56 = DIRECTION('',(0.,0.,1.));
#57 = DIRECTION('',(1.,0.,0.));
#58 = PCURVE('',#32,#59);
#59 = DEFINITIONAL_REPRESENTATION('',(#60),#64);
#60 = LINE('',#61,#62);
#61 = CARTESIAN_POINT('',(0.,2.353553390593));
#62 = VECTOR('',#63,1.);
#63 = DIRECTION('',(-1.,-0.));
#64 = ( GEOMETRIC_REPRESENTATION_CONTEXT(2) 
PARAMETRIC_REPRESENTATION_CONTEXT() REPRESENTATION_CONTEXT('2D SPACE',''
  ) );
#65 = PCURVE('',#66,#71);
#66 = TOROIDAL_SURFACE('',#67,4.107106781187,0.5);
#67 = AXIS2_PLACEMENT_3D('',#68,#69,#70);
#68 = CARTESIAN_POINT('',(-72.,-46.75,-1.));
#69 = DIRECTION('',(0.,0.,1.));
#70 = DIRECTION('',(1.,0.,0.));
#71 = DEFINITIONAL_REPRESENTATION('',(#72),#76);
#72 = LINE('',#73,#74);
#73 = CARTESIAN_POINT('',(0.,3.926990816987));
#74 = VECTOR('',#75,1.);
#75 = DIRECTION('',(1.,0.));
#76 = ( GEOMETRIC_REPRESENTATION_CONTEXT(2) 
PARAMETRIC_REPRESENTATION_CONTEXT() REPRESENTATION_CONTEXT('2D SPACE',''
  ) );
#77 = ORIENTED_EDGE('',*,*,#21,.T.);
#78 = ORIENTED_EDGE('',*,*,#79,.F.);
#79 = EDGE_CURVE('',#24,#24,#80,.T.);
#80 = SURFACE_CURVE('',#81,(#86,#93),.PCURVE_S1.);
#81 = CIRCLE('',#82,1.4);
#82 = AXIS2_PLACEMENT_3D('',#83,#84,#85);
#83 = CARTESIAN_POINT('',(-72.,-46.75,1.));
#84 = DIRECTION('',(0.,0.,1.));
#85 = DIRECTION('',(1.,0.,0.));
#86 = PCURVE('',#32,#87);
#87 = DEFINITIONAL_REPRESENTATION('',(#88),#92);
#88 = LINE('',#89,#90);
#89 = CARTESIAN_POINT('',(-0.,-0.));
#90 = VECTOR('',#91,1.);
#91 = DIRECTION('',(-1.,-0.));
#92 = ( GEOMETRIC_REPRESENTATION_CONTEXT(2) 
PARAMETRIC_REPRESENTATION_CONTEXT() REPRESENTATION_CONTEXT('2D SPACE',''
  ) );
#93 = PCURVE('',#94,#99);
#94 = CYLINDRICAL_SURFACE('',#95,1.4);
#95 = AXIS2_PLACEMENT_3D('',#96,#97,#98);
#96 = CARTESIAN_POINT('',(-72.,-46.75,4.5));
#97 = DIRECTION('',(0.,0.,1.));
#98 = DIRECTION('',(1.,0.,0.));
#99 = DEFINITIONAL_REPRESENTATION('',(#100),#104);
#100 = LINE('',#101,#102);
#101 = CARTESIAN_POINT('',(0.,-3.5));
#102 = VECTOR('',#103,1.);
#103 = DIRECTION('',(1.,0.));
#104 = ( GEOMETRIC_REPRESENTATION_CONTEXT(2) 
PARAMETRIC_REPRESENTATION_CONTEXT() REPRESENTATION_CONTEXT('2D SPACE',''
  ) );
#105 = ADVANCED_FACE('',(#106),#66,.T.);
#106 = FACE_BOUND('',#107,.T.);
#107 = EDGE_LOOP('',(#108,#132,#133,#134));
#108 = ORIENTED_EDGE('',*,*,#109,.F.);
#109 = EDGE_CURVE('',#22,#110,#112,.T.);
#110 = VERTEX_POINT('',#111);
#111 = CARTESIAN_POINT('',(-67.89289321881,-46.75,-1.5));
#112 = SEAM_CURVE('',#113,(#118,#125),.PCURVE_S1.);
#113 = CIRCLE('',#114,0.5);
#114 = AXIS2_PLACEMENT_3D('',#115,#116,#117);
#115 = CARTESIAN_POINT('',(-67.89289321881,-46.75,-1.));
#116 = DIRECTION('',(0.,-1.,0.));
#117 = DIRECTION('',(1.,0.,0.));
#118 = PCURVE('',#66,#119);
#119 = DEFINITIONAL_REPRESENTATION('',(#120),#124);
#120 = LINE('',#121,#122);
#121 = CARTESIAN_POINT('',(0.,0.));
#122 = VECTOR('',#123,1.);
#123 = DIRECTION('',(0.,1.));
#124 = ( GEOMETRIC_REPRESENTATION_CONTEXT(2) 
PARAMETRIC_REPRESENTATION_CONTEXT() REPRESENTATION_CONTEXT('2D SPACE',''
  ) );
#125 = PCURVE('',#66,#126);
#126 = DEFINITIONAL_REPRESENTATION('',(#127),#131);
#127 = LINE('',#128,#129);
#128 = CARTESIAN_POINT('',(6.28318530718,0.));
#129 = VECTOR('',#130,1.);
#130 = DIRECTION('',(0.,1.));
#131 = ( GEOMETRIC_REPRESENTATION_CONTEXT(2) 
PARAMETRIC_REPRESENTATION_CONTEXT() REPRESENTATION_CONTEXT('2D SPACE',''
  ) );
#132 = ORIENTED_EDGE('',*,*,#51,.T.);
#133 = ORIENTED_EDGE('',*,*,#109,.T.);
#134 = ORIENTED_EDGE('',*,*,#135,.F.);
#135 = EDGE_CURVE('',#110,#110,#136,.T.);
#136 = SURFACE_CURVE('',#137,(#142,#149),.PCURVE_S1.);
#137 = CIRCLE('',#138,4.107106781187);
#138 = AXIS2_PLACEMENT_3D('',#139,#140,#141);
#139 = CARTESIAN_POINT('',(-72.,-46.75,-1.5));
#140 = DIRECTION('',(0.,0.,1.));
#141 = DIRECTION('',(1.,0.,0.));
#142 = PCURVE('',#66,#143);
#143 = DEFINITIONAL_REPRESENTATION('',(#144),#148);
#144 = LINE('',#145,#146);
#145 = CARTESIAN_POINT('',(0.,4.712388980385));
#146 = VECTOR('',#147,1.);
#147 = DIRECTION('',(1.,0.));
#148 = ( GEOMETRIC_REPRESENTATION_CONTEXT(2) 
PARAMETRIC_REPRESENTATION_CONTEXT() REPRESENTATION_CONTEXT('2D SPACE',''
  ) );
#149 = PCURVE('',#150,#155);
#150 = PLANE('',#151);
#151 = AXIS2_PLACEMENT_3D('',#152,#153,#154);
#152 = CARTESIAN_POINT('',(2.573324107366E-15,3.314553333944E-15,-1.5));
#153 = DIRECTION('',(0.,0.,1.));
#154 = DIRECTION('',(1.,0.,0.));
#155 = DEFINITIONAL_REPRESENTATION('',(#156),#160);
#156 = CIRCLE('',#157,4.107106781187);
#157 = AXIS2_PLACEMENT_2D('',#158,#159);
#158 = CARTESIAN_POINT('',(-72.,-46.75));
#159 = DIRECTION('',(1.,0.));
#160 = ( GEOMETRIC_REPRESENTATION_CONTEXT(2) 
PARAMETRIC_REPRESENTATION_CONTEXT() REPRESENTATION_CONTEXT('2D SPACE',''
  ) );
#161 = ADVANCED_FACE('',(#162),#94,.F.);
#162 = FACE_BOUND('',#163,.F.);
#163 = EDGE_LOOP('',(#164,#187,#214,#215));
#164 = ORIENTED_EDGE('',*,*,#165,.F.);
#165 = EDGE_CURVE('',#166,#24,#168,.T.);
#166 = VERTEX_POINT('',#167);
#167 = CARTESIAN_POINT('',(-70.6,-46.75,4.5));
#168 = SEAM_CURVE('',#169,(#173,#180),.PCURVE_S1.);
#169 = LINE('',#170,#171);
#170 = CARTESIAN_POINT('',(-70.6,-46.75,4.5));
#171 = VECTOR('',#172,1.);
#172 = DIRECTION('',(-0.,-0.,-1.));
#173 = PCURVE('',#94,#174);
#174 = DEFINITIONAL_REPRESENTATION('',(#175),#179);
#175 = LINE('',#176,#177);
#176 = CARTESIAN_POINT('',(6.28318530718,0.));
#177 = VECTOR('',#178,1.);
#178 = DIRECTION('',(0.,-1.));
#179 = ( GEOMETRIC_REPRESENTATION_CONTEXT(2) 
PARAMETRIC_REPRESENTATION_CONTEXT() REPRESENTATION_CONTEXT('2D SPACE',''
  ) );
#180 = PCURVE('',#94,#181);
#181 = DEFINITIONAL_REPRESENTATION('',(#182),#186);
#182 = LINE('',#183,#184);
#183 = CARTESIAN_POINT('',(0.,0.));
#184 = VECTOR('',#185,1.);
#185 = DIRECTION('',(0.,-1.));
#186 = ( GEOMETRIC_REPRESENTATION_CONTEXT(2) 
PARAMETRIC_REPRESENTATION_CONTEXT() REPRESENTATION_CONTEXT('2D SPACE',''
  ) );
#187 = ORIENTED_EDGE('',*,*,#188,.F.);
#188 = EDGE_CURVE('',#166,#166,#189,.T.);
#189 = SURFACE_CURVE('',#190,(#195,#202),.PCURVE_S1.);
#190 = CIRCLE('',#191,1.4);
#191 = AXIS2_PLACEMENT_3D('',#192,#193,#194);
#192 = CARTESIAN_POINT('',(-72.,-46.75,4.5));
#193 = DIRECTION('',(0.,0.,1.));
#194 = DIRECTION('',(1.,0.,0.));
#195 = PCURVE('',#94,#196);
#196 = DEFINITIONAL_REPRESENTATION('',(#197),#201);
#197 = LINE('',#198,#199);
#198 = CARTESIAN_POINT('',(0.,0.));
#199 = VECTOR('',#200,1.);
#200 = DIRECTION('',(1.,0.));
#201 = ( GEOMETRIC_REPRESENTATION_CONTEXT(2) 
PARAMETRIC_REPRESENTATION_CONTEXT() REPRESENTATION_CONTEXT('2D SPACE',''
  ) );
#202 = PCURVE('',#203,#208);
#203 = PLANE('',#204);
#204 = AXIS2_PLACEMENT_3D('',#205,#206,#207);
#205 = CARTESIAN_POINT('',(4.826259291316E-15,2.010941371382E-15,4.5));
#206 = DIRECTION('',(0.,0.,1.));
#207 = DIRECTION('',(1.,0.,0.));
#208 = DEFINITIONAL_REPRESENTATION('',(#209),#213);
#209 = CIRCLE('',#210,1.4);
#210 = AXIS2_PLACEMENT_2D('',#211,#212);
#211 = CARTESIAN_POINT('',(-72.,-46.75));
#212 = DIRECTION('',(1.,0.));
#213 = ( GEOMETRIC_REPRESENTATION_CONTEXT(2) 
PARAMETRIC_REPRESENTATION_CONTEXT() REPRESENTATION_CONTEXT('2D SPACE',''
  ) );
#214 = ORIENTED_EDGE('',*,*,#165,.T.);
#215 = ORIENTED_EDGE('',*,*,#79,.T.);
#216 = ADVANCED_FACE('',(#217,#220,#450,#481,#512),#150,.F.);
#217 = FACE_BOUND('',#218,.F.);
#218 = EDGE_LOOP('',(#219));
#219 = ORIENTED_EDGE('',*,*,#135,.F.);
#220 = FACE_BOUND('',#221,.F.);
#221 = EDGE_LOOP('',(#222,#252,#281,#309,#338,#366,#395,#423));
#222 = ORIENTED_EDGE('',*,*,#223,.T.);
#223 = EDGE_CURVE('',#224,#226,#228,.T.);
#224 = VERTEX_POINT('',#225);
#225 = CARTESIAN_POINT('',(-76.75,47.000000000016,-1.5));
#226 = VERTEX_POINT('',#227);
#227 = CARTESIAN_POINT('',(-76.75,-47.,-1.5));
#228 = SURFACE_CURVE('',#229,(#233,#240),.PCURVE_S1.);
#229 = LINE('',#230,#231);
#230 = CARTESIAN_POINT('',(-76.75,47.000000000016,-1.5));
#231 = VECTOR('',#232,1.);
#232 = DIRECTION('',(0.,-1.,0.));
#233 = PCURVE('',#150,#234);
#234 = DEFINITIONAL_REPRESENTATION('',(#235),#239);
#235 = LINE('',#236,#237);
#236 = CARTESIAN_POINT('',(-76.75,47.000000000016));
#237 = VECTOR('',#238,1.);
#238 = DIRECTION('',(0.,-1.));
#239 = ( GEOMETRIC_REPRESENTATION_CONTEXT(2) 
PARAMETRIC_REPRESENTATION_CONTEXT() REPRESENTATION_CONTEXT('2D SPACE',''
  ) );
#240 = PCURVE('',#241,#246);
#241 = CYLINDRICAL_SURFACE('',#242,0.5);
#242 = AXIS2_PLACEMENT_3D('',#243,#244,#245);
#243 = CARTESIAN_POINT('',(-76.75,47.000000000016,-1.));
#244 = DIRECTION('',(0.,-1.,0.));
#245 = DIRECTION('',(-0.,-0.,-1.));
#246 = DEFINITIONAL_REPRESENTATION('',(#247),#251);
#247 = LINE('',#248,#249);
#248 = CARTESIAN_POINT('',(-0.,0.));
#249 = VECTOR('',#250,1.);
#250 = DIRECTION('',(-0.,1.));
#251 = ( GEOMETRIC_REPRESENTATION_CONTEXT(2) 
PARAMETRIC_REPRESENTATION_CONTEXT() REPRESENTATION_CONTEXT('2D SPACE',''
  ) );
#252 = ORIENTED_EDGE('',*,*,#253,.T.);
#253 = EDGE_CURVE('',#226,#254,#256,.T.);
#254 = VERTEX_POINT('',#255);
#255 = CARTESIAN_POINT('',(-72.25,-51.5,-1.5));
#256 = SURFACE_CURVE('',#257,(#262,#269),.PCURVE_S1.);
#257 = CIRCLE('',#258,4.5);
#258 = AXIS2_PLACEMENT_3D('',#259,#260,#261);
#259 = CARTESIAN_POINT('',(-72.25,-47.,-1.5));
#260 = DIRECTION('',(0.,0.,1.));
#261 = DIRECTION('',(-1.,0.,0.));
#262 = PCURVE('',#150,#263);
#263 = DEFINITIONAL_REPRESENTATION('',(#264),#268);
#264 = CIRCLE('',#265,4.5);
#265 = AXIS2_PLACEMENT_2D('',#266,#267);
#266 = CARTESIAN_POINT('',(-72.25,-47.));
#267 = DIRECTION('',(-1.,0.));
#268 = ( GEOMETRIC_REPRESENTATION_CONTEXT(2) 
PARAMETRIC_REPRESENTATION_CONTEXT() REPRESENTATION_CONTEXT('2D SPACE',''
  ) );
#269 = PCURVE('',#270,#275);
#270 = TOROIDAL_SURFACE('',#271,4.5,0.5);
#271 = AXIS2_PLACEMENT_3D('',#272,#273,#274);
#272 = CARTESIAN_POINT('',(-72.25,-47.,-1.));
#273 = DIRECTION('',(0.,0.,1.));
#274 = DIRECTION('',(-1.,0.,0.));
#275 = DEFINITIONAL_REPRESENTATION('',(#276),#280);
#276 = LINE('',#277,#278);
#277 = CARTESIAN_POINT('',(0.,4.712388980385));
#278 = VECTOR('',#279,1.);
#279 = DIRECTION('',(1.,0.));
#280 = ( GEOMETRIC_REPRESENTATION_CONTEXT(2) 
PARAMETRIC_REPRESENTATION_CONTEXT() REPRESENTATION_CONTEXT('2D SPACE',''
  ) );
#281 = ORIENTED_EDGE('',*,*,#282,.T.);
#282 = EDGE_CURVE('',#254,#283,#285,.T.);
#283 = VERTEX_POINT('',#284);
#284 = CARTESIAN_POINT('',(72.25,-51.5,-1.5));
#285 = SURFACE_CURVE('',#286,(#290,#297),.PCURVE_S1.);
#286 = LINE('',#287,#288);
#287 = CARTESIAN_POINT('',(-72.25,-51.5,-1.5));
#288 = VECTOR('',#289,1.);
#289 = DIRECTION('',(1.,0.,0.));
#290 = PCURVE('',#150,#291);
#291 = DEFINITIONAL_REPRESENTATION('',(#292),#296);
#292 = LINE('',#293,#294);
#293 = CARTESIAN_POINT('',(-72.25,-51.5));
#294 = VECTOR('',#295,1.);
#295 = DIRECTION('',(1.,0.));
#296 = ( GEOMETRIC_REPRESENTATION_CONTEXT(2) 
PARAMETRIC_REPRESENTATION_CONTEXT() REPRESENTATION_CONTEXT('2D SPACE',''
  ) );
#297 = PCURVE('',#298,#303);
#298 = CYLINDRICAL_SURFACE('',#299,0.5);
#299 = AXIS2_PLACEMENT_3D('',#300,#301,#302);
#300 = CARTESIAN_POINT('',(-72.25,-51.5,-1.));
#301 = DIRECTION('',(1.,0.,0.));
#302 = DIRECTION('',(0.,0.,-1.));
#303 = DEFINITIONAL_REPRESENTATION('',(#304),#308);
#304 = LINE('',#305,#306);
#305 = CARTESIAN_POINT('',(-0.,0.));
#306 = VECTOR('',#307,1.);
#307 = DIRECTION('',(-0.,1.));
#308 = ( GEOMETRIC_REPRESENTATION_CONTEXT(2) 
PARAMETRIC_REPRESENTATION_CONTEXT() REPRESENTATION_CONTEXT('2D SPACE',''
  ) );
#309 = ORIENTED_EDGE('',*,*,#310,.T.);
#310 = EDGE_CURVE('',#283,#311,#313,.T.);
#311 = VERTEX_POINT('',#312);
#312 = CARTESIAN_POINT('',(76.75,-47.00000000001,-1.5));
#313 = SURFACE_CURVE('',#314,(#319,#326),.PCURVE_S1.);
#314 = CIRCLE('',#315,4.5);
#315 = AXIS2_PLACEMENT_3D('',#316,#317,#318);
#316 = CARTESIAN_POINT('',(72.25,-47.,-1.5));
#317 = DIRECTION('',(-0.,0.,1.));
#318 = DIRECTION('',(0.,-1.,0.));
#319 = PCURVE('',#150,#320);
#320 = DEFINITIONAL_REPRESENTATION('',(#321),#325);
#321 = CIRCLE('',#322,4.5);
#322 = AXIS2_PLACEMENT_2D('',#323,#324);
#323 = CARTESIAN_POINT('',(72.25,-47.));
#324 = DIRECTION('',(0.,-1.));
#325 = ( GEOMETRIC_REPRESENTATION_CONTEXT(2) 
PARAMETRIC_REPRESENTATION_CONTEXT() REPRESENTATION_CONTEXT('2D SPACE',''
  ) );
#326 = PCURVE('',#327,#332);
#327 = TOROIDAL_SURFACE('',#328,4.5,0.5);
#328 = AXIS2_PLACEMENT_3D('',#329,#330,#331);
#329 = CARTESIAN_POINT('',(72.25,-47.,-1.));
#330 = DIRECTION('',(0.,0.,1.));
#331 = DIRECTION('',(0.,-1.,0.));
#332 = DEFINITIONAL_REPRESENTATION('',(#333),#337);
#333 = LINE('',#334,#335);
#334 = CARTESIAN_POINT('',(0.,4.712388980385));
#335 = VECTOR('',#336,1.);
#336 = DIRECTION('',(1.,0.));
#337 = ( GEOMETRIC_REPRESENTATION_CONTEXT(2) 
PARAMETRIC_REPRESENTATION_CONTEXT() REPRESENTATION_CONTEXT('2D SPACE',''
  ) );
#338 = ORIENTED_EDGE('',*,*,#339,.T.);
#339 = EDGE_CURVE('',#311,#340,#342,.T.);
#340 = VERTEX_POINT('',#341);
#341 = CARTESIAN_POINT('',(76.75,47.,-1.5));
#342 = SURFACE_CURVE('',#343,(#347,#354),.PCURVE_S1.);
#343 = LINE('',#344,#345);
#344 = CARTESIAN_POINT('',(76.75,-47.00000000001,-1.5));
#345 = VECTOR('',#346,1.);
#346 = DIRECTION('',(0.,1.,0.));
#347 = PCURVE('',#150,#348);
#348 = DEFINITIONAL_REPRESENTATION('',(#349),#353);
#349 = LINE('',#350,#351);
#350 = CARTESIAN_POINT('',(76.75,-47.00000000001));
#351 = VECTOR('',#352,1.);
#352 = DIRECTION('',(0.,1.));
#353 = ( GEOMETRIC_REPRESENTATION_CONTEXT(2) 
PARAMETRIC_REPRESENTATION_CONTEXT() REPRESENTATION_CONTEXT('2D SPACE',''
  ) );
#354 = PCURVE('',#355,#360);
#355 = CYLINDRICAL_SURFACE('',#356,0.5);
#356 = AXIS2_PLACEMENT_3D('',#357,#358,#359);
#357 = CARTESIAN_POINT('',(76.75,-47.00000000001,-1.));
#358 = DIRECTION('',(0.,1.,0.));
#359 = DIRECTION('',(0.,0.,-1.));
#360 = DEFINITIONAL_REPRESENTATION('',(#361),#365);
#361 = LINE('',#362,#363);
#362 = CARTESIAN_POINT('',(-0.,0.));
#363 = VECTOR('',#364,1.);
#364 = DIRECTION('',(-0.,1.));
#365 = ( GEOMETRIC_REPRESENTATION_CONTEXT(2) 
PARAMETRIC_REPRESENTATION_CONTEXT() REPRESENTATION_CONTEXT('2D SPACE',''
  ) );
#366 = ORIENTED_EDGE('',*,*,#367,.T.);
#367 = EDGE_CURVE('',#340,#368,#370,.T.);
#368 = VERTEX_POINT('',#369);
#369 = CARTESIAN_POINT('',(72.25,51.5,-1.5));
#370 = SURFACE_CURVE('',#371,(#376,#383),.PCURVE_S1.);
#371 = CIRCLE('',#372,4.5);
#372 = AXIS2_PLACEMENT_3D('',#373,#374,#375);
#373 = CARTESIAN_POINT('',(72.25,47.,-1.5));
#374 = DIRECTION('',(0.,0.,1.));
#375 = DIRECTION('',(1.,0.,0.));
#376 = PCURVE('',#150,#377);
#377 = DEFINITIONAL_REPRESENTATION('',(#378),#382);
#378 = CIRCLE('',#379,4.5);
#379 = AXIS2_PLACEMENT_2D('',#380,#381);
#380 = CARTESIAN_POINT('',(72.25,47.));
#381 = DIRECTION('',(1.,0.));
#382 = ( GEOMETRIC_REPRESENTATION_CONTEXT(2) 
PARAMETRIC_REPRESENTATION_CONTEXT() REPRESENTATION_CONTEXT('2D SPACE',''
  ) );
#383 = PCURVE('',#384,#389);
#384 = TOROIDAL_SURFACE('',#385,4.5,0.5);
#385 = AXIS2_PLACEMENT_3D('',#386,#387,#388);
#386 = CARTESIAN_POINT('',(72.25,47.,-1.));
#387 = DIRECTION('',(0.,0.,1.));
#388 = DIRECTION('',(1.,0.,0.));
#389 = DEFINITIONAL_REPRESENTATION('',(#390),#394);
#390 = LINE('',#391,#392);
#391 = CARTESIAN_POINT('',(0.,4.712388980385));
#392 = VECTOR('',#393,1.);
#393 = DIRECTION('',(1.,0.));
#394 = ( GEOMETRIC_REPRESENTATION_CONTEXT(2) 
PARAMETRIC_REPRESENTATION_CONTEXT() REPRESENTATION_CONTEXT('2D SPACE',''
  ) );
#395 = ORIENTED_EDGE('',*,*,#396,.T.);
#396 = EDGE_CURVE('',#368,#397,#399,.T.);
#397 = VERTEX_POINT('',#398);
#398 = CARTESIAN_POINT('',(-72.25,51.5,-1.5));
#399 = SURFACE_CURVE('',#400,(#404,#411),.PCURVE_S1.);
#400 = LINE('',#401,#402);
#401 = CARTESIAN_POINT('',(72.25,51.5,-1.5));
#402 = VECTOR('',#403,1.);
#403 = DIRECTION('',(-1.,0.,0.));
#404 = PCURVE('',#150,#405);
#405 = DEFINITIONAL_REPRESENTATION('',(#406),#410);
#406 = LINE('',#407,#408);
#407 = CARTESIAN_POINT('',(72.25,51.5));
#408 = VECTOR('',#409,1.);
#409 = DIRECTION('',(-1.,0.));
#410 = ( GEOMETRIC_REPRESENTATION_CONTEXT(2) 
PARAMETRIC_REPRESENTATION_CONTEXT() REPRESENTATION_CONTEXT('2D SPACE',''
  ) );
#411 = PCURVE('',#412,#417);
#412 = CYLINDRICAL_SURFACE('',#413,0.5);
#413 = AXIS2_PLACEMENT_3D('',#414,#415,#416);
#414 = CARTESIAN_POINT('',(72.25,51.5,-1.));
#415 = DIRECTION('',(-1.,0.,0.));
#416 = DIRECTION('',(0.,0.,-1.));
#417 = DEFINITIONAL_REPRESENTATION('',(#418),#422);
#418 = LINE('',#419,#420);
#419 = CARTESIAN_POINT('',(-0.,0.));
#420 = VECTOR('',#421,1.);
#421 = DIRECTION('',(-0.,1.));
#422 = ( GEOMETRIC_REPRESENTATION_CONTEXT(2) 
PARAMETRIC_REPRESENTATION_CONTEXT() REPRESENTATION_CONTEXT('2D SPACE',''
  ) );
#423 = ORIENTED_EDGE('',*,*,#424,.T.);
#424 = EDGE_CURVE('',#397,#224,#425,.T.);
#425 = SURFACE_CURVE('',#426,(#431,#438),.PCURVE_S1.);
#426 = CIRCLE('',#427,4.5);
#427 = AXIS2_PLACEMENT_3D('',#428,#429,#430);
#428 = CARTESIAN_POINT('',(-72.25,47.,-1.5));
#429 = DIRECTION('',(0.,-0.,1.));
#430 = DIRECTION('',(0.,1.,0.));
#431 = PCURVE('',#150,#432);
#432 = DEFINITIONAL_REPRESENTATION('',(#433),#437);
#433 = CIRCLE('',#434,4.5);
#434 = AXIS2_PLACEMENT_2D('',#435,#436);
#435 = CARTESIAN_POINT('',(-72.25,47.));
#436 = DIRECTION('',(0.,1.));
#437 = ( GEOMETRIC_REPRESENTATION_CONTEXT(2) 
PARAMETRIC_REPRESENTATION_CONTEXT() REPRESENTATION_CONTEXT('2D SPACE',''
  ) );
#438 = PCURVE('',#439,#444);
#439 = TOROIDAL_SURFACE('',#440,4.5,0.5);
#440 = AXIS2_PLACEMENT_3D('',#441,#442,#443);
#441 = CARTESIAN_POINT('',(-72.25,47.,-1.));
#442 = DIRECTION('',(0.,0.,1.));
#443 = DIRECTION('',(0.,1.,0.));
#444 = DEFINITIONAL_REPRESENTATION('',(#445),#449);
#445 = LINE('',#446,#447);
#446 = CARTESIAN_POINT('',(0.,4.712388980385));
#447 = VECTOR('',#448,1.);
#448 = DIRECTION('',(1.,0.));
#449 = ( GEOMETRIC_REPRESENTATION_CONTEXT(2) 
PARAMETRIC_REPRESENTATION_CONTEXT() REPRESENTATION_CONTEXT('2D SPACE',''
  ) );
#450 = FACE_BOUND('',#451,.F.);
#451 = EDGE_LOOP('',(#452));
#452 = ORIENTED_EDGE('',*,*,#453,.F.);
#453 = EDGE_CURVE('',#454,#454,#456,.T.);
#454 = VERTEX_POINT('',#455);
#455 = CARTESIAN_POINT('',(-67.89289321881,46.75,-1.5));
#456 = SURFACE_CURVE('',#457,(#462,#469),.PCURVE_S1.);
#457 = CIRCLE('',#458,4.107106781187);
#458 = AXIS2_PLACEMENT_3D('',#459,#460,#461);
#459 = CARTESIAN_POINT('',(-72.,46.75,-1.5));
#460 = DIRECTION('',(0.,0.,1.));
#461 = DIRECTION('',(1.,0.,0.));
#462 = PCURVE('',#150,#463);
#463 = DEFINITIONAL_REPRESENTATION('',(#464),#468);
#464 = CIRCLE('',#465,4.107106781187);
#465 = AXIS2_PLACEMENT_2D('',#466,#467);
#466 = CARTESIAN_POINT('',(-72.,46.75));
#467 = DIRECTION('',(1.,0.));
#468 = ( GEOMETRIC_REPRESENTATION_CONTEXT(2) 
PARAMETRIC_REPRESENTATION_CONTEXT() REPRESENTATION_CONTEXT('2D SPACE',''
  ) );
#469 = PCURVE('',#470,#475);
#470 = TOROIDAL_SURFACE('',#471,4.107106781187,0.5);
#471 = AXIS2_PLACEMENT_3D('',#472,#473,#474);
#472 = CARTESIAN_POINT('',(-72.,46.75,-1.));
#473 = DIRECTION('',(-0.,-0.,-1.));
#474 = DIRECTION('',(1.,0.,0.));
#475 = DEFINITIONAL_REPRESENTATION('',(#476),#480);
#476 = LINE('',#477,#478);
#477 = CARTESIAN_POINT('',(-0.,1.570796326795));
#478 = VECTOR('',#479,1.);
#479 = DIRECTION('',(-1.,0.));
#480 = ( GEOMETRIC_REPRESENTATION_CONTEXT(2) 
PARAMETRIC_REPRESENTATION_CONTEXT() REPRESENTATION_CONTEXT('2D SPACE',''
  ) );
#481 = FACE_BOUND('',#482,.F.);
#482 = EDGE_LOOP('',(#483));
#483 = ORIENTED_EDGE('',*,*,#484,.F.);
#484 = EDGE_CURVE('',#485,#485,#487,.T.);
#485 = VERTEX_POINT('',#486);
#486 = CARTESIAN_POINT('',(76.107106781187,46.75,-1.5));
#487 = SURFACE_CURVE('',#488,(#493,#500),.PCURVE_S1.);
#488 = CIRCLE('',#489,4.107106781187);
#489 = AXIS2_PLACEMENT_3D('',#490,#491,#492);
#490 = CARTESIAN_POINT('',(72.,46.75,-1.5));
#491 = DIRECTION('',(0.,0.,1.));
#492 = DIRECTION('',(1.,0.,0.));
#493 = PCURVE('',#150,#494);
#494 = DEFINITIONAL_REPRESENTATION('',(#495),#499);
#495 = CIRCLE('',#496,4.107106781187);
#496 = AXIS2_PLACEMENT_2D('',#497,#498);
#497 = CARTESIAN_POINT('',(72.,46.75));
#498 = DIRECTION('',(1.,0.));
#499 = ( GEOMETRIC_REPRESENTATION_CONTEXT(2) 
PARAMETRIC_REPRESENTATION_CONTEXT() REPRESENTATION_CONTEXT('2D SPACE',''
  ) );
#500 = PCURVE('',#501,#506);
#501 = TOROIDAL_SURFACE('',#502,4.107106781187,0.5);
#502 = AXIS2_PLACEMENT_3D('',#503,#504,#505);
#503 = CARTESIAN_POINT('',(72.,46.75,-1.));
#504 = DIRECTION('',(-0.,-0.,-1.));
#505 = DIRECTION('',(1.,0.,0.));
#506 = DEFINITIONAL_REPRESENTATION('',(#507),#511);
#507 = LINE('',#508,#509);
#508 = CARTESIAN_POINT('',(-0.,1.570796326795));
#509 = VECTOR('',#510,1.);
#510 = DIRECTION('',(-1.,0.));
#511 = ( GEOMETRIC_REPRESENTATION_CONTEXT(2) 
PARAMETRIC_REPRESENTATION_CONTEXT() REPRESENTATION_CONTEXT('2D SPACE',''
  ) );
#512 = FACE_BOUND('',#513,.F.);
#513 = EDGE_LOOP('',(#514));
#514 = ORIENTED_EDGE('',*,*,#515,.F.);
#515 = EDGE_CURVE('',#516,#516,#518,.T.);
#516 = VERTEX_POINT('',#517);
#517 = CARTESIAN_POINT('',(76.107106781187,-46.75,-1.5));
#518 = SURFACE_CURVE('',#519,(#524,#531),.PCURVE_S1.);
#519 = CIRCLE('',#520,4.107106781187);
#520 = AXIS2_PLACEMENT_3D('',#521,#522,#523);
#521 = CARTESIAN_POINT('',(72.,-46.75,-1.5));
#522 = DIRECTION('',(0.,0.,1.));
#523 = DIRECTION('',(1.,0.,0.));
#524 = PCURVE('',#150,#525);
#525 = DEFINITIONAL_REPRESENTATION('',(#526),#530);
#526 = CIRCLE('',#527,4.107106781187);
#527 = AXIS2_PLACEMENT_2D('',#528,#529);
#528 = CARTESIAN_POINT('',(72.,-46.75));
#529 = DIRECTION('',(1.,0.));
#530 = ( GEOMETRIC_REPRESENTATION_CONTEXT(2) 
PARAMETRIC_REPRESENTATION_CONTEXT() REPRESENTATION_CONTEXT('2D SPACE',''
  ) );
#531 = PCURVE('',#532,#537);
#532 = TOROIDAL_SURFACE('',#533,4.107106781187,0.5);
#533 = AXIS2_PLACEMENT_3D('',#534,#535,#536);
#534 = CARTESIAN_POINT('',(72.,-46.75,-1.));
#535 = DIRECTION('',(-0.,-0.,-1.));
#536 = DIRECTION('',(1.,0.,0.));
#537 = DEFINITIONAL_REPRESENTATION('',(#538),#542);
#538 = LINE('',#539,#540);
#539 = CARTESIAN_POINT('',(-0.,1.570796326795));
#540 = VECTOR('',#541,1.);
#541 = DIRECTION('',(-1.,0.));
#542 = ( GEOMETRIC_REPRESENTATION_CONTEXT(2) 
PARAMETRIC_REPRESENTATION_CONTEXT() REPRESENTATION_CONTEXT('2D SPACE',''
  ) );
#543 = ADVANCED_FACE('',(#544,#693),#203,.T.);
#544 = FACE_BOUND('',#545,.T.);
#545 = EDGE_LOOP('',(#546,#577,#606,#634,#667));
#546 = ORIENTED_EDGE('',*,*,#547,.T.);
#547 = EDGE_CURVE('',#548,#550,#552,.T.);
#548 = VERTEX_POINT('',#549);
#549 = CARTESIAN_POINT('',(-71.00125078222,-50.,4.5));
#550 = VERTEX_POINT('',#551);
#551 = CARTESIAN_POINT('',(-68.6,-46.75,4.5));
#552 = SURFACE_CURVE('',#553,(#558,#565),.PCURVE_S1.);
#553 = CIRCLE('',#554,3.4);
#554 = AXIS2_PLACEMENT_3D('',#555,#556,#557);
#555 = CARTESIAN_POINT('',(-72.,-46.75,4.5));
#556 = DIRECTION('',(0.,0.,1.));
#557 = DIRECTION('',(1.,0.,0.));
#558 = PCURVE('',#203,#559);
#559 = DEFINITIONAL_REPRESENTATION('',(#560),#564);
#560 = CIRCLE('',#561,3.4);
#561 = AXIS2_PLACEMENT_2D('',#562,#563);
#562 = CARTESIAN_POINT('',(-72.,-46.75));
#563 = DIRECTION('',(1.,0.));
#564 = ( GEOMETRIC_REPRESENTATION_CONTEXT(2) 
PARAMETRIC_REPRESENTATION_CONTEXT() REPRESENTATION_CONTEXT('2D SPACE',''
  ) );
#565 = PCURVE('',#566,#571);
#566 = CYLINDRICAL_SURFACE('',#567,3.4);
#567 = AXIS2_PLACEMENT_3D('',#568,#569,#570);
#568 = CARTESIAN_POINT('',(-72.,-46.75,0.));
#569 = DIRECTION('',(-0.,-0.,-1.));
#570 = DIRECTION('',(1.,0.,0.));
#571 = DEFINITIONAL_REPRESENTATION('',(#572),#576);
#572 = LINE('',#573,#574);
#573 = CARTESIAN_POINT('',(-0.,-4.5));
#574 = VECTOR('',#575,1.);
#575 = DIRECTION('',(-1.,0.));
#576 = ( GEOMETRIC_REPRESENTATION_CONTEXT(2) 
PARAMETRIC_REPRESENTATION_CONTEXT() REPRESENTATION_CONTEXT('2D SPACE',''
  ) );
#577 = ORIENTED_EDGE('',*,*,#578,.T.);
#578 = EDGE_CURVE('',#550,#579,#581,.T.);
#579 = VERTEX_POINT('',#580);
#580 = CARTESIAN_POINT('',(-75.25,-45.75125078222,4.5));
#581 = SURFACE_CURVE('',#582,(#587,#594),.PCURVE_S1.);
#582 = CIRCLE('',#583,3.4);
#583 = AXIS2_PLACEMENT_3D('',#584,#585,#586);
#584 = CARTESIAN_POINT('',(-72.,-46.75,4.5));
#585 = DIRECTION('',(0.,0.,1.));
#586 = DIRECTION('',(1.,0.,0.));
#587 = PCURVE('',#203,#588);
#588 = DEFINITIONAL_REPRESENTATION('',(#589),#593);
#589 = CIRCLE('',#590,3.4);
#590 = AXIS2_PLACEMENT_2D('',#591,#592);
#591 = CARTESIAN_POINT('',(-72.,-46.75));
#592 = DIRECTION('',(1.,0.));
#593 = ( GEOMETRIC_REPRESENTATION_CONTEXT(2) 
PARAMETRIC_REPRESENTATION_CONTEXT() REPRESENTATION_CONTEXT('2D SPACE',''
  ) );
#594 = PCURVE('',#595,#600);
#595 = CYLINDRICAL_SURFACE('',#596,3.4);
#596 = AXIS2_PLACEMENT_3D('',#597,#598,#599);
#597 = CARTESIAN_POINT('',(-72.,-46.75,0.));
#598 = DIRECTION('',(-0.,-0.,-1.));
#599 = DIRECTION('',(1.,0.,0.));
#600 = DEFINITIONAL_REPRESENTATION('',(#601),#605);
#601 = LINE('',#602,#603);
#602 = CARTESIAN_POINT('',(-0.,-4.5));
#603 = VECTOR('',#604,1.);
#604 = DIRECTION('',(-1.,0.));
#605 = ( GEOMETRIC_REPRESENTATION_CONTEXT(2) 
PARAMETRIC_REPRESENTATION_CONTEXT() REPRESENTATION_CONTEXT('2D SPACE',''
  ) );
#606 = ORIENTED_EDGE('',*,*,#607,.T.);
#607 = EDGE_CURVE('',#579,#608,#610,.T.);
#608 = VERTEX_POINT('',#609);
#609 = CARTESIAN_POINT('',(-75.25,-47.00000000004,4.5));
#610 = SURFACE_CURVE('',#611,(#615,#622),.PCURVE_S1.);
#611 = LINE('',#612,#613);
#612 = CARTESIAN_POINT('',(-75.25,23.500000000023,4.5));
#613 = VECTOR('',#614,1.);
#614 = DIRECTION('',(0.,-1.,0.));
#615 = PCURVE('',#203,#616);
#616 = DEFINITIONAL_REPRESENTATION('',(#617),#621);
#617 = LINE('',#618,#619);
#618 = CARTESIAN_POINT('',(-75.25,23.500000000023));
#619 = VECTOR('',#620,1.);
#620 = DIRECTION('',(0.,-1.));
#621 = ( GEOMETRIC_REPRESENTATION_CONTEXT(2) 
PARAMETRIC_REPRESENTATION_CONTEXT() REPRESENTATION_CONTEXT('2D SPACE',''
  ) );
#622 = PCURVE('',#623,#628);
#623 = PLANE('',#624);
#624 = AXIS2_PLACEMENT_3D('',#625,#626,#627);
#625 = CARTESIAN_POINT('',(-75.25,47.000000000045,0.));
#626 = DIRECTION('',(1.,0.,0.));
#627 = DIRECTION('',(0.,-1.,0.));
#628 = DEFINITIONAL_REPRESENTATION('',(#629),#633);
#629 = LINE('',#630,#631);
#630 = CARTESIAN_POINT('',(23.500000000023,-4.5));
#631 = VECTOR('',#632,1.);
#632 = DIRECTION('',(1.,0.));
#633 = ( GEOMETRIC_REPRESENTATION_CONTEXT(2) 
PARAMETRIC_REPRESENTATION_CONTEXT() REPRESENTATION_CONTEXT('2D SPACE',''
  ) );
#634 = ORIENTED_EDGE('',*,*,#635,.F.);
#635 = EDGE_CURVE('',#636,#608,#638,.T.);
#636 = VERTEX_POINT('',#637);
#637 = CARTESIAN_POINT('',(-72.25,-50.,4.5));
#638 = SURFACE_CURVE('',#639,(#644,#655),.PCURVE_S1.);
#639 = CIRCLE('',#640,3.);
#640 = AXIS2_PLACEMENT_3D('',#641,#642,#643);
#641 = CARTESIAN_POINT('',(-72.25,-47.,4.5));
#642 = DIRECTION('',(0.,0.,-1.));
#643 = DIRECTION('',(1.,0.,0.));
#644 = PCURVE('',#203,#645);
#645 = DEFINITIONAL_REPRESENTATION('',(#646),#654);
#646 = ( BOUNDED_CURVE() B_SPLINE_CURVE(2,(#647,#648,#649,#650,#651,#652
,#653),.UNSPECIFIED.,.T.,.F.) B_SPLINE_CURVE_WITH_KNOTS((1,2,2,2,2,1),(
    -2.094395102393,0.,2.094395102393,4.188790204786,6.28318530718,
8.377580409573),.UNSPECIFIED.) CURVE() GEOMETRIC_REPRESENTATION_ITEM() 
RATIONAL_B_SPLINE_CURVE((1.,0.5,1.,0.5,1.,0.5,1.)) REPRESENTATION_ITEM(
  '') );
#647 = CARTESIAN_POINT('',(-69.25,-47.));
#648 = CARTESIAN_POINT('',(-69.25,-52.1961524227));
#649 = CARTESIAN_POINT('',(-73.75,-49.59807621135));
#650 = CARTESIAN_POINT('',(-78.25,-47.));
#651 = CARTESIAN_POINT('',(-73.75,-44.40192378864));
#652 = CARTESIAN_POINT('',(-69.25,-41.80384757729));
#653 = CARTESIAN_POINT('',(-69.25,-47.));
#654 = ( GEOMETRIC_REPRESENTATION_CONTEXT(2) 
PARAMETRIC_REPRESENTATION_CONTEXT() REPRESENTATION_CONTEXT('2D SPACE',''
  ) );
#655 = PCURVE('',#656,#661);
#656 = CYLINDRICAL_SURFACE('',#657,3.);
#657 = AXIS2_PLACEMENT_3D('',#658,#659,#660);
#658 = CARTESIAN_POINT('',(-72.25,-47.,0.));
#659 = DIRECTION('',(-0.,-0.,-1.));
#660 = DIRECTION('',(1.,0.,0.));
#661 = DEFINITIONAL_REPRESENTATION('',(#662),#666);
#662 = LINE('',#663,#664);
#663 = CARTESIAN_POINT('',(-6.28318530718,-4.5));
#664 = VECTOR('',#665,1.);
#665 = DIRECTION('',(1.,-0.));
#666 = ( GEOMETRIC_REPRESENTATION_CONTEXT(2) 
PARAMETRIC_REPRESENTATION_CONTEXT() REPRESENTATION_CONTEXT('2D SPACE',''
  ) );
#667 = ORIENTED_EDGE('',*,*,#668,.T.);
#668 = EDGE_CURVE('',#636,#548,#669,.T.);
#669 = SURFACE_CURVE('',#670,(#674,#681),.PCURVE_S1.);
#670 = LINE('',#671,#672);
#671 = CARTESIAN_POINT('',(-36.125,-50.,4.5));
#672 = VECTOR('',#673,1.);
#673 = DIRECTION('',(1.,0.,0.));
#674 = PCURVE('',#203,#675);
#675 = DEFINITIONAL_REPRESENTATION('',(#676),#680);
#676 = LINE('',#677,#678);
#677 = CARTESIAN_POINT('',(-36.125,-50.));
#678 = VECTOR('',#679,1.);
#679 = DIRECTION('',(1.,0.));
#680 = ( GEOMETRIC_REPRESENTATION_CONTEXT(2) 
PARAMETRIC_REPRESENTATION_CONTEXT() REPRESENTATION_CONTEXT('2D SPACE',''
  ) );
#681 = PCURVE('',#682,#687);
#682 = PLANE('',#683);
#683 = AXIS2_PLACEMENT_3D('',#684,#685,#686);
#684 = CARTESIAN_POINT('',(-72.25,-50.,0.));
#685 = DIRECTION('',(0.,1.,0.));
#686 = DIRECTION('',(1.,0.,0.));
#687 = DEFINITIONAL_REPRESENTATION('',(#688),#692);
#688 = LINE('',#689,#690);
#689 = CARTESIAN_POINT('',(36.125,-4.5));
#690 = VECTOR('',#691,1.);
#691 = DIRECTION('',(1.,0.));
#692 = ( GEOMETRIC_REPRESENTATION_CONTEXT(2) 
PARAMETRIC_REPRESENTATION_CONTEXT() REPRESENTATION_CONTEXT('2D SPACE',''
  ) );
#693 = FACE_BOUND('',#694,.T.);
#694 = EDGE_LOOP('',(#695));
#695 = ORIENTED_EDGE('',*,*,#188,.F.);
#696 = ADVANCED_FACE('',(#697),#241,.T.);
#697 = FACE_BOUND('',#698,.F.);
#698 = EDGE_LOOP('',(#699,#723,#751,#773));
#699 = ORIENTED_EDGE('',*,*,#700,.T.);
#700 = EDGE_CURVE('',#224,#701,#703,.T.);
#701 = VERTEX_POINT('',#702);
#702 = CARTESIAN_POINT('',(-77.25,47.000000000016,-1.));
#703 = SURFACE_CURVE('',#704,(#709,#716),.PCURVE_S1.);
#704 = CIRCLE('',#705,0.5);
#705 = AXIS2_PLACEMENT_3D('',#706,#707,#708);
#706 = CARTESIAN_POINT('',(-76.75,47.000000000016,-1.));
#707 = DIRECTION('',(0.,1.,0.));
#708 = DIRECTION('',(0.,0.,-1.));
#709 = PCURVE('',#241,#710);
#710 = DEFINITIONAL_REPRESENTATION('',(#711),#715);
#711 = LINE('',#712,#713);
#712 = CARTESIAN_POINT('',(-0.,0.));
#713 = VECTOR('',#714,1.);
#714 = DIRECTION('',(-1.,0.));
#715 = ( GEOMETRIC_REPRESENTATION_CONTEXT(2) 
PARAMETRIC_REPRESENTATION_CONTEXT() REPRESENTATION_CONTEXT('2D SPACE',''
  ) );
#716 = PCURVE('',#439,#717);
#717 = DEFINITIONAL_REPRESENTATION('',(#718),#722);
#718 = LINE('',#719,#720);
#719 = CARTESIAN_POINT('',(1.570796326792,4.712388980385));
#720 = VECTOR('',#721,1.);
#721 = DIRECTION('',(0.,1.));
#722 = ( GEOMETRIC_REPRESENTATION_CONTEXT(2) 
PARAMETRIC_REPRESENTATION_CONTEXT() REPRESENTATION_CONTEXT('2D SPACE',''
  ) );
#723 = ORIENTED_EDGE('',*,*,#724,.T.);
#724 = EDGE_CURVE('',#701,#725,#727,.T.);
#725 = VERTEX_POINT('',#726);
#726 = CARTESIAN_POINT('',(-77.25,-47.,-1.));
#727 = SURFACE_CURVE('',#728,(#732,#739),.PCURVE_S1.);
#728 = LINE('',#729,#730);
#729 = CARTESIAN_POINT('',(-77.25,47.000000000016,-1.));
#730 = VECTOR('',#731,1.);
#731 = DIRECTION('',(0.,-1.,0.));
#732 = PCURVE('',#241,#733);
#733 = DEFINITIONAL_REPRESENTATION('',(#734),#738);
#734 = LINE('',#735,#736);
#735 = CARTESIAN_POINT('',(-1.570796326795,0.));
#736 = VECTOR('',#737,1.);
#737 = DIRECTION('',(-0.,1.));
#738 = ( GEOMETRIC_REPRESENTATION_CONTEXT(2) 
PARAMETRIC_REPRESENTATION_CONTEXT() REPRESENTATION_CONTEXT('2D SPACE',''
  ) );
#739 = PCURVE('',#740,#745);
#740 = PLANE('',#741);
#741 = AXIS2_PLACEMENT_3D('',#742,#743,#744);
#742 = CARTESIAN_POINT('',(-77.25,47.000000000016,0.));
#743 = DIRECTION('',(-1.,0.,0.));
#744 = DIRECTION('',(0.,-1.,0.));
#745 = DEFINITIONAL_REPRESENTATION('',(#746),#750);
#746 = LINE('',#747,#748);
#747 = CARTESIAN_POINT('',(0.,-1.));
#748 = VECTOR('',#749,1.);
#749 = DIRECTION('',(1.,0.));
#750 = ( GEOMETRIC_REPRESENTATION_CONTEXT(2) 
PARAMETRIC_REPRESENTATION_CONTEXT() REPRESENTATION_CONTEXT('2D SPACE',''
  ) );
#751 = ORIENTED_EDGE('',*,*,#752,.F.);
#752 = EDGE_CURVE('',#226,#725,#753,.T.);
#753 = SURFACE_CURVE('',#754,(#759,#766),.PCURVE_S1.);
#754 = CIRCLE('',#755,0.5);
#755 = AXIS2_PLACEMENT_3D('',#756,#757,#758);
#756 = CARTESIAN_POINT('',(-76.75,-47.,-1.));
#757 = DIRECTION('',(0.,1.,0.));
#758 = DIRECTION('',(0.,0.,-1.));
#759 = PCURVE('',#241,#760);
#760 = DEFINITIONAL_REPRESENTATION('',(#761),#765);
#761 = LINE('',#762,#763);
#762 = CARTESIAN_POINT('',(-0.,94.000000000016));
#763 = VECTOR('',#764,1.);
#764 = DIRECTION('',(-1.,0.));
#765 = ( GEOMETRIC_REPRESENTATION_CONTEXT(2) 
PARAMETRIC_REPRESENTATION_CONTEXT() REPRESENTATION_CONTEXT('2D SPACE',''
  ) );
#766 = PCURVE('',#270,#767);
#767 = DEFINITIONAL_REPRESENTATION('',(#768),#772);
#768 = LINE('',#769,#770);
#769 = CARTESIAN_POINT('',(0.,4.712388980385));
#770 = VECTOR('',#771,1.);
#771 = DIRECTION('',(0.,1.));
#772 = ( GEOMETRIC_REPRESENTATION_CONTEXT(2) 
PARAMETRIC_REPRESENTATION_CONTEXT() REPRESENTATION_CONTEXT('2D SPACE',''
  ) );
#773 = ORIENTED_EDGE('',*,*,#223,.F.);
#774 = ADVANCED_FACE('',(#775),#439,.T.);
#775 = FACE_BOUND('',#776,.T.);
#776 = EDGE_LOOP('',(#777,#801,#802,#803));
#777 = ORIENTED_EDGE('',*,*,#778,.F.);
#778 = EDGE_CURVE('',#397,#779,#781,.T.);
#779 = VERTEX_POINT('',#780);
#780 = CARTESIAN_POINT('',(-72.25,52.,-1.));
#781 = SURFACE_CURVE('',#782,(#787,#794),.PCURVE_S1.);
#782 = CIRCLE('',#783,0.5);
#783 = AXIS2_PLACEMENT_3D('',#784,#785,#786);
#784 = CARTESIAN_POINT('',(-72.25,51.5,-1.));
#785 = DIRECTION('',(1.,-0.,0.));
#786 = DIRECTION('',(0.,0.,-1.));
#787 = PCURVE('',#439,#788);
#788 = DEFINITIONAL_REPRESENTATION('',(#789),#793);
#789 = LINE('',#790,#791);
#790 = CARTESIAN_POINT('',(0.,4.712388980385));
#791 = VECTOR('',#792,1.);
#792 = DIRECTION('',(0.,1.));
#793 = ( GEOMETRIC_REPRESENTATION_CONTEXT(2) 
PARAMETRIC_REPRESENTATION_CONTEXT() REPRESENTATION_CONTEXT('2D SPACE',''
  ) );
#794 = PCURVE('',#412,#795);
#795 = DEFINITIONAL_REPRESENTATION('',(#796),#800);
#796 = LINE('',#797,#798);
#797 = CARTESIAN_POINT('',(-0.,144.5));
#798 = VECTOR('',#799,1.);
#799 = DIRECTION('',(-1.,0.));
#800 = ( GEOMETRIC_REPRESENTATION_CONTEXT(2) 
PARAMETRIC_REPRESENTATION_CONTEXT() REPRESENTATION_CONTEXT('2D SPACE',''
  ) );
#801 = ORIENTED_EDGE('',*,*,#424,.T.);
#802 = ORIENTED_EDGE('',*,*,#700,.T.);
#803 = ORIENTED_EDGE('',*,*,#804,.F.);
#804 = EDGE_CURVE('',#779,#701,#805,.T.);
#805 = SURFACE_CURVE('',#806,(#811,#818),.PCURVE_S1.);
#806 = CIRCLE('',#807,5.);
#807 = AXIS2_PLACEMENT_3D('',#808,#809,#810);
#808 = CARTESIAN_POINT('',(-72.25,47.,-1.));
#809 = DIRECTION('',(0.,-0.,1.));
#810 = DIRECTION('',(0.,1.,0.));
#811 = PCURVE('',#439,#812);
#812 = DEFINITIONAL_REPRESENTATION('',(#813),#817);
#813 = LINE('',#814,#815);
#814 = CARTESIAN_POINT('',(0.,6.28318530718));
#815 = VECTOR('',#816,1.);
#816 = DIRECTION('',(1.,0.));
#817 = ( GEOMETRIC_REPRESENTATION_CONTEXT(2) 
PARAMETRIC_REPRESENTATION_CONTEXT() REPRESENTATION_CONTEXT('2D SPACE',''
  ) );
#818 = PCURVE('',#819,#824);
#819 = CYLINDRICAL_SURFACE('',#820,5.);
#820 = AXIS2_PLACEMENT_3D('',#821,#822,#823);
#821 = CARTESIAN_POINT('',(-72.25,47.,0.));
#822 = DIRECTION('',(0.,0.,1.));
#823 = DIRECTION('',(1.,0.,0.));
#824 = DEFINITIONAL_REPRESENTATION('',(#825),#829);
#825 = LINE('',#826,#827);
#826 = CARTESIAN_POINT('',(1.570796326795,-1.));
#827 = VECTOR('',#828,1.);
#828 = DIRECTION('',(1.,0.));
#829 = ( GEOMETRIC_REPRESENTATION_CONTEXT(2) 
PARAMETRIC_REPRESENTATION_CONTEXT() REPRESENTATION_CONTEXT('2D SPACE',''
  ) );
#830 = ADVANCED_FACE('',(#831),#270,.T.);
#831 = FACE_BOUND('',#832,.T.);
#832 = EDGE_LOOP('',(#833,#834,#835,#859));
#833 = ORIENTED_EDGE('',*,*,#752,.F.);
#834 = ORIENTED_EDGE('',*,*,#253,.T.);
#835 = ORIENTED_EDGE('',*,*,#836,.T.);
#836 = EDGE_CURVE('',#254,#837,#839,.T.);
#837 = VERTEX_POINT('',#838);
#838 = CARTESIAN_POINT('',(-72.25,-52.,-1.));
#839 = SURFACE_CURVE('',#840,(#845,#852),.PCURVE_S1.);
#840 = CIRCLE('',#841,0.5);
#841 = AXIS2_PLACEMENT_3D('',#842,#843,#844);
#842 = CARTESIAN_POINT('',(-72.25,-51.5,-1.));
#843 = DIRECTION('',(-1.,6.123233995737E-17,0.));
#844 = DIRECTION('',(-6.123233995737E-17,-1.,0.));
#845 = PCURVE('',#270,#846);
#846 = DEFINITIONAL_REPRESENTATION('',(#847),#851);
#847 = LINE('',#848,#849);
#848 = CARTESIAN_POINT('',(1.570796326795,0.));
#849 = VECTOR('',#850,1.);
#850 = DIRECTION('',(0.,1.));
#851 = ( GEOMETRIC_REPRESENTATION_CONTEXT(2) 
PARAMETRIC_REPRESENTATION_CONTEXT() REPRESENTATION_CONTEXT('2D SPACE',''
  ) );
#852 = PCURVE('',#298,#853);
#853 = DEFINITIONAL_REPRESENTATION('',(#854),#858);
#854 = LINE('',#855,#856);
#855 = CARTESIAN_POINT('',(4.712388980385,-0.));
#856 = VECTOR('',#857,1.);
#857 = DIRECTION('',(-1.,0.));
#858 = ( GEOMETRIC_REPRESENTATION_CONTEXT(2) 
PARAMETRIC_REPRESENTATION_CONTEXT() REPRESENTATION_CONTEXT('2D SPACE',''
  ) );
#859 = ORIENTED_EDGE('',*,*,#860,.F.);
#860 = EDGE_CURVE('',#725,#837,#861,.T.);
#861 = SURFACE_CURVE('',#862,(#867,#874),.PCURVE_S1.);
#862 = CIRCLE('',#863,5.);
#863 = AXIS2_PLACEMENT_3D('',#864,#865,#866);
#864 = CARTESIAN_POINT('',(-72.25,-47.,-1.));
#865 = DIRECTION('',(0.,0.,1.));
#866 = DIRECTION('',(-1.,0.,0.));
#867 = PCURVE('',#270,#868);
#868 = DEFINITIONAL_REPRESENTATION('',(#869),#873);
#869 = LINE('',#870,#871);
#870 = CARTESIAN_POINT('',(0.,6.28318530718));
#871 = VECTOR('',#872,1.);
#872 = DIRECTION('',(1.,0.));
#873 = ( GEOMETRIC_REPRESENTATION_CONTEXT(2) 
PARAMETRIC_REPRESENTATION_CONTEXT() REPRESENTATION_CONTEXT('2D SPACE',''
  ) );
#874 = PCURVE('',#875,#880);
#875 = CYLINDRICAL_SURFACE('',#876,5.);
#876 = AXIS2_PLACEMENT_3D('',#877,#878,#879);
#877 = CARTESIAN_POINT('',(-72.25,-47.,0.));
#878 = DIRECTION('',(0.,0.,1.));
#879 = DIRECTION('',(1.,0.,0.));
#880 = DEFINITIONAL_REPRESENTATION('',(#881),#885);
#881 = LINE('',#882,#883);
#882 = CARTESIAN_POINT('',(3.14159265359,-1.));
#883 = VECTOR('',#884,1.);
#884 = DIRECTION('',(1.,0.));
#885 = ( GEOMETRIC_REPRESENTATION_CONTEXT(2) 
PARAMETRIC_REPRESENTATION_CONTEXT() REPRESENTATION_CONTEXT('2D SPACE',''
  ) );
#886 = ADVANCED_FACE('',(#887),#412,.T.);
#887 = FACE_BOUND('',#888,.F.);
#888 = EDGE_LOOP('',(#889,#913,#939,#940));
#889 = ORIENTED_EDGE('',*,*,#890,.T.);
#890 = EDGE_CURVE('',#368,#891,#893,.T.);
#891 = VERTEX_POINT('',#892);
#892 = CARTESIAN_POINT('',(72.25,52.,-1.));
#893 = SURFACE_CURVE('',#894,(#899,#906),.PCURVE_S1.);
#894 = CIRCLE('',#895,0.5);
#895 = AXIS2_PLACEMENT_3D('',#896,#897,#898);
#896 = CARTESIAN_POINT('',(72.25,51.5,-1.));
#897 = DIRECTION('',(1.,3.828568698927E-16,-0.));
#898 = DIRECTION('',(-3.828568698927E-16,1.,0.));
#899 = PCURVE('',#412,#900);
#900 = DEFINITIONAL_REPRESENTATION('',(#901),#905);
#901 = LINE('',#902,#903);
#902 = CARTESIAN_POINT('',(4.712388980385,-0.));
#903 = VECTOR('',#904,1.);
#904 = DIRECTION('',(-1.,0.));
#905 = ( GEOMETRIC_REPRESENTATION_CONTEXT(2) 
PARAMETRIC_REPRESENTATION_CONTEXT() REPRESENTATION_CONTEXT('2D SPACE',''
  ) );
#906 = PCURVE('',#384,#907);
#907 = DEFINITIONAL_REPRESENTATION('',(#908),#912);
#908 = LINE('',#909,#910);
#909 = CARTESIAN_POINT('',(1.570796326795,0.));
#910 = VECTOR('',#911,1.);
#911 = DIRECTION('',(0.,1.));
#912 = ( GEOMETRIC_REPRESENTATION_CONTEXT(2) 
PARAMETRIC_REPRESENTATION_CONTEXT() REPRESENTATION_CONTEXT('2D SPACE',''
  ) );
#913 = ORIENTED_EDGE('',*,*,#914,.T.);
#914 = EDGE_CURVE('',#891,#779,#915,.T.);
#915 = SURFACE_CURVE('',#916,(#920,#927),.PCURVE_S1.);
#916 = LINE('',#917,#918);
#917 = CARTESIAN_POINT('',(72.25,52.,-1.));
#918 = VECTOR('',#919,1.);
#919 = DIRECTION('',(-1.,0.,0.));
#920 = PCURVE('',#412,#921);
#921 = DEFINITIONAL_REPRESENTATION('',(#922),#926);
#922 = LINE('',#923,#924);
#923 = CARTESIAN_POINT('',(-1.570796326795,0.));
#924 = VECTOR('',#925,1.);
#925 = DIRECTION('',(-0.,1.));
#926 = ( GEOMETRIC_REPRESENTATION_CONTEXT(2) 
PARAMETRIC_REPRESENTATION_CONTEXT() REPRESENTATION_CONTEXT('2D SPACE',''
  ) );
#927 = PCURVE('',#928,#933);
#928 = PLANE('',#929);
#929 = AXIS2_PLACEMENT_3D('',#930,#931,#932);
#930 = CARTESIAN_POINT('',(72.25,52.,0.));
#931 = DIRECTION('',(0.,1.,0.));
#932 = DIRECTION('',(-1.,0.,0.));
#933 = DEFINITIONAL_REPRESENTATION('',(#934),#938);
#934 = LINE('',#935,#936);
#935 = CARTESIAN_POINT('',(0.,-1.));
#936 = VECTOR('',#937,1.);
#937 = DIRECTION('',(1.,0.));
#938 = ( GEOMETRIC_REPRESENTATION_CONTEXT(2) 
PARAMETRIC_REPRESENTATION_CONTEXT() REPRESENTATION_CONTEXT('2D SPACE',''
  ) );
#939 = ORIENTED_EDGE('',*,*,#778,.F.);
#940 = ORIENTED_EDGE('',*,*,#396,.F.);
#941 = ADVANCED_FACE('',(#942),#298,.T.);
#942 = FACE_BOUND('',#943,.F.);
#943 = EDGE_LOOP('',(#944,#945,#973,#995));
#944 = ORIENTED_EDGE('',*,*,#836,.T.);
#945 = ORIENTED_EDGE('',*,*,#946,.T.);
#946 = EDGE_CURVE('',#837,#947,#949,.T.);
#947 = VERTEX_POINT('',#948);
#948 = CARTESIAN_POINT('',(72.25,-52.,-1.));
#949 = SURFACE_CURVE('',#950,(#954,#961),.PCURVE_S1.);
#950 = LINE('',#951,#952);
#951 = CARTESIAN_POINT('',(-72.25,-52.,-1.));
#952 = VECTOR('',#953,1.);
#953 = DIRECTION('',(1.,0.,0.));
#954 = PCURVE('',#298,#955);
#955 = DEFINITIONAL_REPRESENTATION('',(#956),#960);
#956 = LINE('',#957,#958);
#957 = CARTESIAN_POINT('',(-1.570796326795,0.));
#958 = VECTOR('',#959,1.);
#959 = DIRECTION('',(-0.,1.));
#960 = ( GEOMETRIC_REPRESENTATION_CONTEXT(2) 
PARAMETRIC_REPRESENTATION_CONTEXT() REPRESENTATION_CONTEXT('2D SPACE',''
  ) );
#961 = PCURVE('',#962,#967);
#962 = PLANE('',#963);
#963 = AXIS2_PLACEMENT_3D('',#964,#965,#966);
#964 = CARTESIAN_POINT('',(-72.25,-52.,0.));
#965 = DIRECTION('',(0.,-1.,0.));
#966 = DIRECTION('',(1.,0.,0.));
#967 = DEFINITIONAL_REPRESENTATION('',(#968),#972);
#968 = LINE('',#969,#970);
#969 = CARTESIAN_POINT('',(0.,-1.));
#970 = VECTOR('',#971,1.);
#971 = DIRECTION('',(1.,0.));
#972 = ( GEOMETRIC_REPRESENTATION_CONTEXT(2) 
PARAMETRIC_REPRESENTATION_CONTEXT() REPRESENTATION_CONTEXT('2D SPACE',''
  ) );
#973 = ORIENTED_EDGE('',*,*,#974,.F.);
#974 = EDGE_CURVE('',#283,#947,#975,.T.);
#975 = SURFACE_CURVE('',#976,(#981,#988),.PCURVE_S1.);
#976 = CIRCLE('',#977,0.5);
#977 = AXIS2_PLACEMENT_3D('',#978,#979,#980);
#978 = CARTESIAN_POINT('',(72.25,-51.5,-1.));
#979 = DIRECTION('',(-1.,-0.,-0.));
#980 = DIRECTION('',(0.,0.,-1.));
#981 = PCURVE('',#298,#982);
#982 = DEFINITIONAL_REPRESENTATION('',(#983),#987);
#983 = LINE('',#984,#985);
#984 = CARTESIAN_POINT('',(-0.,144.5));
#985 = VECTOR('',#986,1.);
#986 = DIRECTION('',(-1.,0.));
#987 = ( GEOMETRIC_REPRESENTATION_CONTEXT(2) 
PARAMETRIC_REPRESENTATION_CONTEXT() REPRESENTATION_CONTEXT('2D SPACE',''
  ) );
#988 = PCURVE('',#327,#989);
#989 = DEFINITIONAL_REPRESENTATION('',(#990),#994);
#990 = LINE('',#991,#992);
#991 = CARTESIAN_POINT('',(0.,4.712388980385));
#992 = VECTOR('',#993,1.);
#993 = DIRECTION('',(0.,1.));
#994 = ( GEOMETRIC_REPRESENTATION_CONTEXT(2) 
PARAMETRIC_REPRESENTATION_CONTEXT() REPRESENTATION_CONTEXT('2D SPACE',''
  ) );
#995 = ORIENTED_EDGE('',*,*,#282,.F.);
#996 = ADVANCED_FACE('',(#997),#384,.T.);
#997 = FACE_BOUND('',#998,.T.);
#998 = EDGE_LOOP('',(#999,#1023,#1024,#1025));
#999 = ORIENTED_EDGE('',*,*,#1000,.F.);
#1000 = EDGE_CURVE('',#340,#1001,#1003,.T.);
#1001 = VERTEX_POINT('',#1002);
#1002 = CARTESIAN_POINT('',(77.25,47.,-1.));
#1003 = SURFACE_CURVE('',#1004,(#1009,#1016),.PCURVE_S1.);
#1004 = CIRCLE('',#1005,0.5);
#1005 = AXIS2_PLACEMENT_3D('',#1006,#1007,#1008);
#1006 = CARTESIAN_POINT('',(76.75,47.,-1.));
#1007 = DIRECTION('',(0.,-1.,0.));
#1008 = DIRECTION('',(0.,0.,-1.));
#1009 = PCURVE('',#384,#1010);
#1010 = DEFINITIONAL_REPRESENTATION('',(#1011),#1015);
#1011 = LINE('',#1012,#1013);
#1012 = CARTESIAN_POINT('',(0.,4.712388980385));
#1013 = VECTOR('',#1014,1.);
#1014 = DIRECTION('',(0.,1.));
#1015 = ( GEOMETRIC_REPRESENTATION_CONTEXT(2) 
PARAMETRIC_REPRESENTATION_CONTEXT() REPRESENTATION_CONTEXT('2D SPACE',''
  ) );
#1016 = PCURVE('',#355,#1017);
#1017 = DEFINITIONAL_REPRESENTATION('',(#1018),#1022);
#1018 = LINE('',#1019,#1020);
#1019 = CARTESIAN_POINT('',(-0.,94.000000000016));
#1020 = VECTOR('',#1021,1.);
#1021 = DIRECTION('',(-1.,0.));
#1022 = ( GEOMETRIC_REPRESENTATION_CONTEXT(2) 
PARAMETRIC_REPRESENTATION_CONTEXT() REPRESENTATION_CONTEXT('2D SPACE',''
  ) );
#1023 = ORIENTED_EDGE('',*,*,#367,.T.);
#1024 = ORIENTED_EDGE('',*,*,#890,.T.);
#1025 = ORIENTED_EDGE('',*,*,#1026,.F.);
#1026 = EDGE_CURVE('',#1001,#891,#1027,.T.);
#1027 = SURFACE_CURVE('',#1028,(#1033,#1040),.PCURVE_S1.);
#1028 = CIRCLE('',#1029,5.);
#1029 = AXIS2_PLACEMENT_3D('',#1030,#1031,#1032);
#1030 = CARTESIAN_POINT('',(72.25,47.,-1.));
#1031 = DIRECTION('',(0.,0.,1.));
#1032 = DIRECTION('',(1.,0.,0.));
#1033 = PCURVE('',#384,#1034);
#1034 = DEFINITIONAL_REPRESENTATION('',(#1035),#1039);
#1035 = LINE('',#1036,#1037);
#1036 = CARTESIAN_POINT('',(0.,6.28318530718));
#1037 = VECTOR('',#1038,1.);
#1038 = DIRECTION('',(1.,0.));
#1039 = ( GEOMETRIC_REPRESENTATION_CONTEXT(2) 
PARAMETRIC_REPRESENTATION_CONTEXT() REPRESENTATION_CONTEXT('2D SPACE',''
  ) );
#1040 = PCURVE('',#1041,#1046);
#1041 = CYLINDRICAL_SURFACE('',#1042,5.);
#1042 = AXIS2_PLACEMENT_3D('',#1043,#1044,#1045);
#1043 = CARTESIAN_POINT('',(72.25,47.,0.));
#1044 = DIRECTION('',(0.,0.,1.));
#1045 = DIRECTION('',(1.,0.,0.));
#1046 = DEFINITIONAL_REPRESENTATION('',(#1047),#1051);
#1047 = LINE('',#1048,#1049);
#1048 = CARTESIAN_POINT('',(9.60492131687E-17,-1.));
#1049 = VECTOR('',#1050,1.);
#1050 = DIRECTION('',(1.,0.));
#1051 = ( GEOMETRIC_REPRESENTATION_CONTEXT(2) 
PARAMETRIC_REPRESENTATION_CONTEXT() REPRESENTATION_CONTEXT('2D SPACE',''
  ) );
#1052 = ADVANCED_FACE('',(#1053),#327,.T.);
#1053 = FACE_BOUND('',#1054,.T.);
#1054 = EDGE_LOOP('',(#1055,#1056,#1057,#1081));
#1055 = ORIENTED_EDGE('',*,*,#974,.F.);
#1056 = ORIENTED_EDGE('',*,*,#310,.T.);
#1057 = ORIENTED_EDGE('',*,*,#1058,.T.);
#1058 = EDGE_CURVE('',#311,#1059,#1061,.T.);
#1059 = VERTEX_POINT('',#1060);
#1060 = CARTESIAN_POINT('',(77.25,-47.00000000001,-1.));
#1061 = SURFACE_CURVE('',#1062,(#1067,#1074),.PCURVE_S1.);
#1062 = CIRCLE('',#1063,0.5);
#1063 = AXIS2_PLACEMENT_3D('',#1064,#1065,#1066);
#1064 = CARTESIAN_POINT('',(76.75,-47.00000000001,-1.));
#1065 = DIRECTION('',(-3.272110530515E-12,-1.,0.));
#1066 = DIRECTION('',(1.,-3.272110530515E-12,0.));
#1067 = PCURVE('',#327,#1068);
#1068 = DEFINITIONAL_REPRESENTATION('',(#1069),#1073);
#1069 = LINE('',#1070,#1071);
#1070 = CARTESIAN_POINT('',(1.570796326792,0.));
#1071 = VECTOR('',#1072,1.);
#1072 = DIRECTION('',(0.,1.));
#1073 = ( GEOMETRIC_REPRESENTATION_CONTEXT(2) 
PARAMETRIC_REPRESENTATION_CONTEXT() REPRESENTATION_CONTEXT('2D SPACE',''
  ) );
#1074 = PCURVE('',#355,#1075);
#1075 = DEFINITIONAL_REPRESENTATION('',(#1076),#1080);
#1076 = LINE('',#1077,#1078);
#1077 = CARTESIAN_POINT('',(4.712388980385,-0.));
#1078 = VECTOR('',#1079,1.);
#1079 = DIRECTION('',(-1.,0.));
#1080 = ( GEOMETRIC_REPRESENTATION_CONTEXT(2) 
PARAMETRIC_REPRESENTATION_CONTEXT() REPRESENTATION_CONTEXT('2D SPACE',''
  ) );
#1081 = ORIENTED_EDGE('',*,*,#1082,.F.);
#1082 = EDGE_CURVE('',#947,#1059,#1083,.T.);
#1083 = SURFACE_CURVE('',#1084,(#1089,#1096),.PCURVE_S1.);
#1084 = CIRCLE('',#1085,5.);
#1085 = AXIS2_PLACEMENT_3D('',#1086,#1087,#1088);
#1086 = CARTESIAN_POINT('',(72.25,-47.,-1.));
#1087 = DIRECTION('',(-0.,0.,1.));
#1088 = DIRECTION('',(0.,-1.,0.));
#1089 = PCURVE('',#327,#1090);
#1090 = DEFINITIONAL_REPRESENTATION('',(#1091),#1095);
#1091 = LINE('',#1092,#1093);
#1092 = CARTESIAN_POINT('',(0.,6.28318530718));
#1093 = VECTOR('',#1094,1.);
#1094 = DIRECTION('',(1.,0.));
#1095 = ( GEOMETRIC_REPRESENTATION_CONTEXT(2) 
PARAMETRIC_REPRESENTATION_CONTEXT() REPRESENTATION_CONTEXT('2D SPACE',''
  ) );
#1096 = PCURVE('',#1097,#1102);
#1097 = CYLINDRICAL_SURFACE('',#1098,5.);
#1098 = AXIS2_PLACEMENT_3D('',#1099,#1100,#1101);
#1099 = CARTESIAN_POINT('',(72.25,-47.,0.));
#1100 = DIRECTION('',(0.,0.,1.));
#1101 = DIRECTION('',(1.,0.,0.));
#1102 = DEFINITIONAL_REPRESENTATION('',(#1103),#1107);
#1103 = LINE('',#1104,#1105);
#1104 = CARTESIAN_POINT('',(4.712388980385,-1.));
#1105 = VECTOR('',#1106,1.);
#1106 = DIRECTION('',(1.,0.));
#1107 = ( GEOMETRIC_REPRESENTATION_CONTEXT(2) 
PARAMETRIC_REPRESENTATION_CONTEXT() REPRESENTATION_CONTEXT('2D SPACE',''
  ) );
#1108 = ADVANCED_FACE('',(#1109),#355,.T.);
#1109 = FACE_BOUND('',#1110,.F.);
#1110 = EDGE_LOOP('',(#1111,#1112,#1138,#1139));
#1111 = ORIENTED_EDGE('',*,*,#1058,.T.);
#1112 = ORIENTED_EDGE('',*,*,#1113,.T.);
#1113 = EDGE_CURVE('',#1059,#1001,#1114,.T.);
#1114 = SURFACE_CURVE('',#1115,(#1119,#1126),.PCURVE_S1.);
#1115 = LINE('',#1116,#1117);
#1116 = CARTESIAN_POINT('',(77.25,-47.00000000001,-1.));
#1117 = VECTOR('',#1118,1.);
#1118 = DIRECTION('',(0.,1.,0.));
#1119 = PCURVE('',#355,#1120);
#1120 = DEFINITIONAL_REPRESENTATION('',(#1121),#1125);
#1121 = LINE('',#1122,#1123);
#1122 = CARTESIAN_POINT('',(-1.570796326795,0.));
#1123 = VECTOR('',#1124,1.);
#1124 = DIRECTION('',(-0.,1.));
#1125 = ( GEOMETRIC_REPRESENTATION_CONTEXT(2) 
PARAMETRIC_REPRESENTATION_CONTEXT() REPRESENTATION_CONTEXT('2D SPACE',''
  ) );
#1126 = PCURVE('',#1127,#1132);
#1127 = PLANE('',#1128);
#1128 = AXIS2_PLACEMENT_3D('',#1129,#1130,#1131);
#1129 = CARTESIAN_POINT('',(77.25,-47.00000000001,0.));
#1130 = DIRECTION('',(1.,0.,0.));
#1131 = DIRECTION('',(0.,1.,0.));
#1132 = DEFINITIONAL_REPRESENTATION('',(#1133),#1137);
#1133 = LINE('',#1134,#1135);
#1134 = CARTESIAN_POINT('',(0.,-1.));
#1135 = VECTOR('',#1136,1.);
#1136 = DIRECTION('',(1.,0.));
#1137 = ( GEOMETRIC_REPRESENTATION_CONTEXT(2) 
PARAMETRIC_REPRESENTATION_CONTEXT() REPRESENTATION_CONTEXT('2D SPACE',''
  ) );
#1138 = ORIENTED_EDGE('',*,*,#1000,.F.);
#1139 = ORIENTED_EDGE('',*,*,#339,.F.);
#1140 = ADVANCED_FACE('',(#1141),#470,.T.);
#1141 = FACE_BOUND('',#1142,.F.);
#1142 = EDGE_LOOP('',(#1143,#1167,#1168,#1169));
#1143 = ORIENTED_EDGE('',*,*,#1144,.F.);
#1144 = EDGE_CURVE('',#454,#1145,#1147,.T.);
#1145 = VERTEX_POINT('',#1146);
#1146 = CARTESIAN_POINT('',(-68.2464466094,46.75,-1.353553390593));
#1147 = SEAM_CURVE('',#1148,(#1153,#1160),.PCURVE_S1.);
#1148 = CIRCLE('',#1149,0.5);
#1149 = AXIS2_PLACEMENT_3D('',#1150,#1151,#1152);
#1150 = CARTESIAN_POINT('',(-67.89289321881,46.75,-1.));
#1151 = DIRECTION('',(-0.,1.,0.));
#1152 = DIRECTION('',(1.,0.,0.));
#1153 = PCURVE('',#470,#1154);
#1154 = DEFINITIONAL_REPRESENTATION('',(#1155),#1159);
#1155 = LINE('',#1156,#1157);
#1156 = CARTESIAN_POINT('',(-0.,0.));
#1157 = VECTOR('',#1158,1.);
#1158 = DIRECTION('',(-0.,1.));
#1159 = ( GEOMETRIC_REPRESENTATION_CONTEXT(2) 
PARAMETRIC_REPRESENTATION_CONTEXT() REPRESENTATION_CONTEXT('2D SPACE',''
  ) );
#1160 = PCURVE('',#470,#1161);
#1161 = DEFINITIONAL_REPRESENTATION('',(#1162),#1166);
#1162 = LINE('',#1163,#1164);
#1163 = CARTESIAN_POINT('',(-6.28318530718,0.));
#1164 = VECTOR('',#1165,1.);
#1165 = DIRECTION('',(-0.,1.));
#1166 = ( GEOMETRIC_REPRESENTATION_CONTEXT(2) 
PARAMETRIC_REPRESENTATION_CONTEXT() REPRESENTATION_CONTEXT('2D SPACE',''
  ) );
#1167 = ORIENTED_EDGE('',*,*,#453,.F.);
#1168 = ORIENTED_EDGE('',*,*,#1144,.T.);
#1169 = ORIENTED_EDGE('',*,*,#1170,.T.);
#1170 = EDGE_CURVE('',#1145,#1145,#1171,.T.);
#1171 = SURFACE_CURVE('',#1172,(#1177,#1184),.PCURVE_S1.);
#1172 = CIRCLE('',#1173,3.753553390593);
#1173 = AXIS2_PLACEMENT_3D('',#1174,#1175,#1176);
#1174 = CARTESIAN_POINT('',(-72.,46.75,-1.353553390593));
#1175 = DIRECTION('',(0.,0.,1.));
#1176 = DIRECTION('',(1.,0.,0.));
#1177 = PCURVE('',#470,#1178);
#1178 = DEFINITIONAL_REPRESENTATION('',(#1179),#1183);
#1179 = LINE('',#1180,#1181);
#1180 = CARTESIAN_POINT('',(-0.,2.356194490192));
#1181 = VECTOR('',#1182,1.);
#1182 = DIRECTION('',(-1.,0.));
#1183 = ( GEOMETRIC_REPRESENTATION_CONTEXT(2) 
PARAMETRIC_REPRESENTATION_CONTEXT() REPRESENTATION_CONTEXT('2D SPACE',''
  ) );
#1184 = PCURVE('',#1185,#1190);
#1185 = CONICAL_SURFACE('',#1186,1.4,0.785398163397);
#1186 = AXIS2_PLACEMENT_3D('',#1187,#1188,#1189);
#1187 = CARTESIAN_POINT('',(-72.,46.75,1.));
#1188 = DIRECTION('',(-0.,-0.,-1.));
#1189 = DIRECTION('',(1.,0.,0.));
#1190 = DEFINITIONAL_REPRESENTATION('',(#1191),#1195);
#1191 = LINE('',#1192,#1193);
#1192 = CARTESIAN_POINT('',(0.,2.353553390593));
#1193 = VECTOR('',#1194,1.);
#1194 = DIRECTION('',(-1.,-0.));
#1195 = ( GEOMETRIC_REPRESENTATION_CONTEXT(2) 
PARAMETRIC_REPRESENTATION_CONTEXT() REPRESENTATION_CONTEXT('2D SPACE',''
  ) );
#1196 = ADVANCED_FACE('',(#1197),#501,.T.);
#1197 = FACE_BOUND('',#1198,.F.);
#1198 = EDGE_LOOP('',(#1199,#1223,#1224,#1225));
#1199 = ORIENTED_EDGE('',*,*,#1200,.F.);
#1200 = EDGE_CURVE('',#485,#1201,#1203,.T.);
#1201 = VERTEX_POINT('',#1202);
#1202 = CARTESIAN_POINT('',(75.753553390593,46.75,-1.353553390593));
#1203 = SEAM_CURVE('',#1204,(#1209,#1216),.PCURVE_S1.);
#1204 = CIRCLE('',#1205,0.5);
#1205 = AXIS2_PLACEMENT_3D('',#1206,#1207,#1208);
#1206 = CARTESIAN_POINT('',(76.107106781187,46.75,-1.));
#1207 = DIRECTION('',(-0.,1.,0.));
#1208 = DIRECTION('',(1.,0.,0.));
#1209 = PCURVE('',#501,#1210);
#1210 = DEFINITIONAL_REPRESENTATION('',(#1211),#1215);
#1211 = LINE('',#1212,#1213);
#1212 = CARTESIAN_POINT('',(-0.,0.));
#1213 = VECTOR('',#1214,1.);
#1214 = DIRECTION('',(-0.,1.));
#1215 = ( GEOMETRIC_REPRESENTATION_CONTEXT(2) 
PARAMETRIC_REPRESENTATION_CONTEXT() REPRESENTATION_CONTEXT('2D SPACE',''
  ) );
#1216 = PCURVE('',#501,#1217);
#1217 = DEFINITIONAL_REPRESENTATION('',(#1218),#1222);
#1218 = LINE('',#1219,#1220);
#1219 = CARTESIAN_POINT('',(-6.28318530718,0.));
#1220 = VECTOR('',#1221,1.);
#1221 = DIRECTION('',(-0.,1.));
#1222 = ( GEOMETRIC_REPRESENTATION_CONTEXT(2) 
PARAMETRIC_REPRESENTATION_CONTEXT() REPRESENTATION_CONTEXT('2D SPACE',''
  ) );
#1223 = ORIENTED_EDGE('',*,*,#484,.F.);
#1224 = ORIENTED_EDGE('',*,*,#1200,.T.);
#1225 = ORIENTED_EDGE('',*,*,#1226,.T.);
#1226 = EDGE_CURVE('',#1201,#1201,#1227,.T.);
#1227 = SURFACE_CURVE('',#1228,(#1233,#1240),.PCURVE_S1.);
#1228 = CIRCLE('',#1229,3.753553390593);
#1229 = AXIS2_PLACEMENT_3D('',#1230,#1231,#1232);
#1230 = CARTESIAN_POINT('',(72.,46.75,-1.353553390593));
#1231 = DIRECTION('',(0.,0.,1.));
#1232 = DIRECTION('',(1.,0.,0.));
#1233 = PCURVE('',#501,#1234);
#1234 = DEFINITIONAL_REPRESENTATION('',(#1235),#1239);
#1235 = LINE('',#1236,#1237);
#1236 = CARTESIAN_POINT('',(-0.,2.356194490192));
#1237 = VECTOR('',#1238,1.);
#1238 = DIRECTION('',(-1.,0.));
#1239 = ( GEOMETRIC_REPRESENTATION_CONTEXT(2) 
PARAMETRIC_REPRESENTATION_CONTEXT() REPRESENTATION_CONTEXT('2D SPACE',''
  ) );
#1240 = PCURVE('',#1241,#1246);
#1241 = CONICAL_SURFACE('',#1242,1.4,0.785398163397);
#1242 = AXIS2_PLACEMENT_3D('',#1243,#1244,#1245);
#1243 = CARTESIAN_POINT('',(72.,46.75,1.));
#1244 = DIRECTION('',(-0.,-0.,-1.));
#1245 = DIRECTION('',(1.,0.,0.));
#1246 = DEFINITIONAL_REPRESENTATION('',(#1247),#1251);
#1247 = LINE('',#1248,#1249);
#1248 = CARTESIAN_POINT('',(0.,2.353553390593));
#1249 = VECTOR('',#1250,1.);
#1250 = DIRECTION('',(-1.,-0.));
#1251 = ( GEOMETRIC_REPRESENTATION_CONTEXT(2) 
PARAMETRIC_REPRESENTATION_CONTEXT() REPRESENTATION_CONTEXT('2D SPACE',''
  ) );
#1252 = ADVANCED_FACE('',(#1253),#532,.T.);
#1253 = FACE_BOUND('',#1254,.F.);
#1254 = EDGE_LOOP('',(#1255,#1279,#1280,#1281));
#1255 = ORIENTED_EDGE('',*,*,#1256,.F.);
#1256 = EDGE_CURVE('',#516,#1257,#1259,.T.);
#1257 = VERTEX_POINT('',#1258);
#1258 = CARTESIAN_POINT('',(75.753553390593,-46.75,-1.353553390593));
#1259 = SEAM_CURVE('',#1260,(#1265,#1272),.PCURVE_S1.);
#1260 = CIRCLE('',#1261,0.5);
#1261 = AXIS2_PLACEMENT_3D('',#1262,#1263,#1264);
#1262 = CARTESIAN_POINT('',(76.107106781187,-46.75,-1.));
#1263 = DIRECTION('',(-0.,1.,0.));
#1264 = DIRECTION('',(1.,0.,0.));
#1265 = PCURVE('',#532,#1266);
#1266 = DEFINITIONAL_REPRESENTATION('',(#1267),#1271);
#1267 = LINE('',#1268,#1269);
#1268 = CARTESIAN_POINT('',(-0.,0.));
#1269 = VECTOR('',#1270,1.);
#1270 = DIRECTION('',(-0.,1.));
#1271 = ( GEOMETRIC_REPRESENTATION_CONTEXT(2) 
PARAMETRIC_REPRESENTATION_CONTEXT() REPRESENTATION_CONTEXT('2D SPACE',''
  ) );
#1272 = PCURVE('',#532,#1273);
#1273 = DEFINITIONAL_REPRESENTATION('',(#1274),#1278);
#1274 = LINE('',#1275,#1276);
#1275 = CARTESIAN_POINT('',(-6.28318530718,0.));
#1276 = VECTOR('',#1277,1.);
#1277 = DIRECTION('',(-0.,1.));
#1278 = ( GEOMETRIC_REPRESENTATION_CONTEXT(2) 
PARAMETRIC_REPRESENTATION_CONTEXT() REPRESENTATION_CONTEXT('2D SPACE',''
  ) );
#1279 = ORIENTED_EDGE('',*,*,#515,.F.);
#1280 = ORIENTED_EDGE('',*,*,#1256,.T.);
#1281 = ORIENTED_EDGE('',*,*,#1282,.T.);
#1282 = EDGE_CURVE('',#1257,#1257,#1283,.T.);
#1283 = SURFACE_CURVE('',#1284,(#1289,#1296),.PCURVE_S1.);
#1284 = CIRCLE('',#1285,3.753553390593);
#1285 = AXIS2_PLACEMENT_3D('',#1286,#1287,#1288);
#1286 = CARTESIAN_POINT('',(72.,-46.75,-1.353553390593));
#1287 = DIRECTION('',(0.,0.,1.));
#1288 = DIRECTION('',(1.,0.,0.));
#1289 = PCURVE('',#532,#1290);
#1290 = DEFINITIONAL_REPRESENTATION('',(#1291),#1295);
#1291 = LINE('',#1292,#1293);
#1292 = CARTESIAN_POINT('',(-0.,2.356194490192));
#1293 = VECTOR('',#1294,1.);
#1294 = DIRECTION('',(-1.,0.));
#1295 = ( GEOMETRIC_REPRESENTATION_CONTEXT(2) 
PARAMETRIC_REPRESENTATION_CONTEXT() REPRESENTATION_CONTEXT('2D SPACE',''
  ) );
#1296 = PCURVE('',#1297,#1302);
#1297 = CONICAL_SURFACE('',#1298,1.4,0.785398163397);
#1298 = AXIS2_PLACEMENT_3D('',#1299,#1300,#1301);
#1299 = CARTESIAN_POINT('',(72.,-46.75,1.));
#1300 = DIRECTION('',(-0.,-0.,-1.));
#1301 = DIRECTION('',(1.,0.,0.));
#1302 = DEFINITIONAL_REPRESENTATION('',(#1303),#1307);
#1303 = LINE('',#1304,#1305);
#1304 = CARTESIAN_POINT('',(0.,2.353553390593));
#1305 = VECTOR('',#1306,1.);
#1306 = DIRECTION('',(-1.,-0.));
#1307 = ( GEOMETRIC_REPRESENTATION_CONTEXT(2) 
PARAMETRIC_REPRESENTATION_CONTEXT() REPRESENTATION_CONTEXT('2D SPACE',''
  ) );
#1308 = ADVANCED_FACE('',(#1309),#566,.T.);
#1309 = FACE_BOUND('',#1310,.F.);
#1310 = EDGE_LOOP('',(#1311,#1334,#1363,#1384));
#1311 = ORIENTED_EDGE('',*,*,#1312,.F.);
#1312 = EDGE_CURVE('',#1313,#550,#1315,.T.);
#1313 = VERTEX_POINT('',#1314);
#1314 = CARTESIAN_POINT('',(-68.6,-46.75,1.));
#1315 = SURFACE_CURVE('',#1316,(#1320,#1327),.PCURVE_S1.);
#1316 = LINE('',#1317,#1318);
#1317 = CARTESIAN_POINT('',(-68.6,-46.75,0.));
#1318 = VECTOR('',#1319,1.);
#1319 = DIRECTION('',(0.,0.,1.));
#1320 = PCURVE('',#566,#1321);
#1321 = DEFINITIONAL_REPRESENTATION('',(#1322),#1326);
#1322 = LINE('',#1323,#1324);
#1323 = CARTESIAN_POINT('',(-6.28318530718,0.));
#1324 = VECTOR('',#1325,1.);
#1325 = DIRECTION('',(-0.,-1.));
#1326 = ( GEOMETRIC_REPRESENTATION_CONTEXT(2) 
PARAMETRIC_REPRESENTATION_CONTEXT() REPRESENTATION_CONTEXT('2D SPACE',''
  ) );
#1327 = PCURVE('',#595,#1328);
#1328 = DEFINITIONAL_REPRESENTATION('',(#1329),#1333);
#1329 = LINE('',#1330,#1331);
#1330 = CARTESIAN_POINT('',(-0.,0.));
#1331 = VECTOR('',#1332,1.);
#1332 = DIRECTION('',(-0.,-1.));
#1333 = ( GEOMETRIC_REPRESENTATION_CONTEXT(2) 
PARAMETRIC_REPRESENTATION_CONTEXT() REPRESENTATION_CONTEXT('2D SPACE',''
  ) );
#1334 = ORIENTED_EDGE('',*,*,#1335,.F.);
#1335 = EDGE_CURVE('',#1336,#1313,#1338,.T.);
#1336 = VERTEX_POINT('',#1337);
#1337 = CARTESIAN_POINT('',(-71.00125078222,-50.,1.));
#1338 = SURFACE_CURVE('',#1339,(#1344,#1351),.PCURVE_S1.);
#1339 = CIRCLE('',#1340,3.4);
#1340 = AXIS2_PLACEMENT_3D('',#1341,#1342,#1343);
#1341 = CARTESIAN_POINT('',(-72.,-46.75,1.));
#1342 = DIRECTION('',(-0.,0.,1.));
#1343 = DIRECTION('',(0.293749769933,-0.955882352941,0.));
#1344 = PCURVE('',#566,#1345);
#1345 = DEFINITIONAL_REPRESENTATION('',(#1346),#1350);
#1346 = LINE('',#1347,#1348);
#1347 = CARTESIAN_POINT('',(-5.010536302729,-1.));
#1348 = VECTOR('',#1349,1.);
#1349 = DIRECTION('',(-1.,0.));
#1350 = ( GEOMETRIC_REPRESENTATION_CONTEXT(2) 
PARAMETRIC_REPRESENTATION_CONTEXT() REPRESENTATION_CONTEXT('2D SPACE',''
  ) );
#1351 = PCURVE('',#1352,#1357);
#1352 = TOROIDAL_SURFACE('',#1353,4.4,1.);
#1353 = AXIS2_PLACEMENT_3D('',#1354,#1355,#1356);
#1354 = CARTESIAN_POINT('',(-72.,-46.75,1.));
#1355 = DIRECTION('',(0.,0.,1.));
#1356 = DIRECTION('',(0.293749769933,-0.955882352941,0.));
#1357 = DEFINITIONAL_REPRESENTATION('',(#1358),#1362);
#1358 = LINE('',#1359,#1360);
#1359 = CARTESIAN_POINT('',(0.,3.14159265359));
#1360 = VECTOR('',#1361,1.);
#1361 = DIRECTION('',(1.,0.));
#1362 = ( GEOMETRIC_REPRESENTATION_CONTEXT(2) 
PARAMETRIC_REPRESENTATION_CONTEXT() REPRESENTATION_CONTEXT('2D SPACE',''
  ) );
#1363 = ORIENTED_EDGE('',*,*,#1364,.F.);
#1364 = EDGE_CURVE('',#548,#1336,#1365,.T.);
#1365 = SURFACE_CURVE('',#1366,(#1370,#1377),.PCURVE_S1.);
#1366 = LINE('',#1367,#1368);
#1367 = CARTESIAN_POINT('',(-71.00125078222,-50.,0.));
#1368 = VECTOR('',#1369,1.);
#1369 = DIRECTION('',(-0.,-0.,-1.));
#1370 = PCURVE('',#566,#1371);
#1371 = DEFINITIONAL_REPRESENTATION('',(#1372),#1376);
#1372 = LINE('',#1373,#1374);
#1373 = CARTESIAN_POINT('',(-5.010536302729,0.));
#1374 = VECTOR('',#1375,1.);
#1375 = DIRECTION('',(-0.,1.));
#1376 = ( GEOMETRIC_REPRESENTATION_CONTEXT(2) 
PARAMETRIC_REPRESENTATION_CONTEXT() REPRESENTATION_CONTEXT('2D SPACE',''
  ) );
#1377 = PCURVE('',#682,#1378);
#1378 = DEFINITIONAL_REPRESENTATION('',(#1379),#1383);
#1379 = LINE('',#1380,#1381);
#1380 = CARTESIAN_POINT('',(1.248749217772,0.));
#1381 = VECTOR('',#1382,1.);
#1382 = DIRECTION('',(0.,1.));
#1383 = ( GEOMETRIC_REPRESENTATION_CONTEXT(2) 
PARAMETRIC_REPRESENTATION_CONTEXT() REPRESENTATION_CONTEXT('2D SPACE',''
  ) );
#1384 = ORIENTED_EDGE('',*,*,#547,.T.);
#1385 = ADVANCED_FACE('',(#1386),#682,.T.);
#1386 = FACE_BOUND('',#1387,.T.);
#1387 = EDGE_LOOP('',(#1388,#1389,#1390,#1413,#1441,#1469,#1497,#1525));
#1388 = ORIENTED_EDGE('',*,*,#1364,.F.);
#1389 = ORIENTED_EDGE('',*,*,#668,.F.);
#1390 = ORIENTED_EDGE('',*,*,#1391,.T.);
#1391 = EDGE_CURVE('',#636,#1392,#1394,.T.);
#1392 = VERTEX_POINT('',#1393);
#1393 = CARTESIAN_POINT('',(-72.25,-50.,6.));
#1394 = SURFACE_CURVE('',#1395,(#1399,#1406),.PCURVE_S1.);
#1395 = LINE('',#1396,#1397);
#1396 = CARTESIAN_POINT('',(-72.25,-50.,0.));
#1397 = VECTOR('',#1398,1.);
#1398 = DIRECTION('',(0.,0.,1.));
#1399 = PCURVE('',#682,#1400);
#1400 = DEFINITIONAL_REPRESENTATION('',(#1401),#1405);
#1401 = LINE('',#1402,#1403);
#1402 = CARTESIAN_POINT('',(0.,0.));
#1403 = VECTOR('',#1404,1.);
#1404 = DIRECTION('',(0.,-1.));
#1405 = ( GEOMETRIC_REPRESENTATION_CONTEXT(2) 
PARAMETRIC_REPRESENTATION_CONTEXT() REPRESENTATION_CONTEXT('2D SPACE',''
  ) );
#1406 = PCURVE('',#656,#1407);
#1407 = DEFINITIONAL_REPRESENTATION('',(#1408),#1412);
#1408 = LINE('',#1409,#1410);
#1409 = CARTESIAN_POINT('',(-4.712388980385,0.));
#1410 = VECTOR('',#1411,1.);
#1411 = DIRECTION('',(-0.,-1.));
#1412 = ( GEOMETRIC_REPRESENTATION_CONTEXT(2) 
PARAMETRIC_REPRESENTATION_CONTEXT() REPRESENTATION_CONTEXT('2D SPACE',''
  ) );
#1413 = ORIENTED_EDGE('',*,*,#1414,.T.);
#1414 = EDGE_CURVE('',#1392,#1415,#1417,.T.);
#1415 = VERTEX_POINT('',#1416);
#1416 = CARTESIAN_POINT('',(72.25,-50.,6.));
#1417 = SURFACE_CURVE('',#1418,(#1422,#1429),.PCURVE_S1.);
#1418 = LINE('',#1419,#1420);
#1419 = CARTESIAN_POINT('',(-72.25,-50.,6.));
#1420 = VECTOR('',#1421,1.);
#1421 = DIRECTION('',(1.,0.,0.));
#1422 = PCURVE('',#682,#1423);
#1423 = DEFINITIONAL_REPRESENTATION('',(#1424),#1428);
#1424 = LINE('',#1425,#1426);
#1425 = CARTESIAN_POINT('',(0.,-6.));
#1426 = VECTOR('',#1427,1.);
#1427 = DIRECTION('',(1.,0.));
#1428 = ( GEOMETRIC_REPRESENTATION_CONTEXT(2) 
PARAMETRIC_REPRESENTATION_CONTEXT() REPRESENTATION_CONTEXT('2D SPACE',''
  ) );
#1429 = PCURVE('',#1430,#1435);
#1430 = PLANE('',#1431);
#1431 = AXIS2_PLACEMENT_3D('',#1432,#1433,#1434);
#1432 = CARTESIAN_POINT('',(4.927180100172E-15,1.67778977549E-15,6.));
#1433 = DIRECTION('',(0.,0.,1.));
#1434 = DIRECTION('',(1.,0.,0.));
#1435 = DEFINITIONAL_REPRESENTATION('',(#1436),#1440);
#1436 = LINE('',#1437,#1438);
#1437 = CARTESIAN_POINT('',(-72.25,-50.));
#1438 = VECTOR('',#1439,1.);
#1439 = DIRECTION('',(1.,0.));
#1440 = ( GEOMETRIC_REPRESENTATION_CONTEXT(2) 
PARAMETRIC_REPRESENTATION_CONTEXT() REPRESENTATION_CONTEXT('2D SPACE',''
  ) );
#1441 = ORIENTED_EDGE('',*,*,#1442,.F.);
#1442 = EDGE_CURVE('',#1443,#1415,#1445,.T.);
#1443 = VERTEX_POINT('',#1444);
#1444 = CARTESIAN_POINT('',(72.25,-50.,4.5));
#1445 = SURFACE_CURVE('',#1446,(#1450,#1457),.PCURVE_S1.);
#1446 = LINE('',#1447,#1448);
#1447 = CARTESIAN_POINT('',(72.25,-50.,0.));
#1448 = VECTOR('',#1449,1.);
#1449 = DIRECTION('',(0.,0.,1.));
#1450 = PCURVE('',#682,#1451);
#1451 = DEFINITIONAL_REPRESENTATION('',(#1452),#1456);
#1452 = LINE('',#1453,#1454);
#1453 = CARTESIAN_POINT('',(144.5,0.));
#1454 = VECTOR('',#1455,1.);
#1455 = DIRECTION('',(0.,-1.));
#1456 = ( GEOMETRIC_REPRESENTATION_CONTEXT(2) 
PARAMETRIC_REPRESENTATION_CONTEXT() REPRESENTATION_CONTEXT('2D SPACE',''
  ) );
#1457 = PCURVE('',#1458,#1463);
#1458 = CYLINDRICAL_SURFACE('',#1459,3.);
#1459 = AXIS2_PLACEMENT_3D('',#1460,#1461,#1462);
#1460 = CARTESIAN_POINT('',(72.25,-47.,0.));
#1461 = DIRECTION('',(-0.,-0.,-1.));
#1462 = DIRECTION('',(1.,0.,0.));
#1463 = DEFINITIONAL_REPRESENTATION('',(#1464),#1468);
#1464 = LINE('',#1465,#1466);
#1465 = CARTESIAN_POINT('',(-4.712388980385,0.));
#1466 = VECTOR('',#1467,1.);
#1467 = DIRECTION('',(-0.,-1.));
#1468 = ( GEOMETRIC_REPRESENTATION_CONTEXT(2) 
PARAMETRIC_REPRESENTATION_CONTEXT() REPRESENTATION_CONTEXT('2D SPACE',''
  ) );
#1469 = ORIENTED_EDGE('',*,*,#1470,.F.);
#1470 = EDGE_CURVE('',#1471,#1443,#1473,.T.);
#1471 = VERTEX_POINT('',#1472);
#1472 = CARTESIAN_POINT('',(71.001250782228,-50.,4.5));
#1473 = SURFACE_CURVE('',#1474,(#1478,#1485),.PCURVE_S1.);
#1474 = LINE('',#1475,#1476);
#1475 = CARTESIAN_POINT('',(-36.125,-50.,4.5));
#1476 = VECTOR('',#1477,1.);
#1477 = DIRECTION('',(1.,0.,0.));
#1478 = PCURVE('',#682,#1479);
#1479 = DEFINITIONAL_REPRESENTATION('',(#1480),#1484);
#1480 = LINE('',#1481,#1482);
#1481 = CARTESIAN_POINT('',(36.125,-4.5));
#1482 = VECTOR('',#1483,1.);
#1483 = DIRECTION('',(1.,0.));
#1484 = ( GEOMETRIC_REPRESENTATION_CONTEXT(2) 
PARAMETRIC_REPRESENTATION_CONTEXT() REPRESENTATION_CONTEXT('2D SPACE',''
  ) );
#1485 = PCURVE('',#1486,#1491);
#1486 = PLANE('',#1487);
#1487 = AXIS2_PLACEMENT_3D('',#1488,#1489,#1490);
#1488 = CARTESIAN_POINT('',(4.826259291316E-15,2.010941371382E-15,4.5));
#1489 = DIRECTION('',(0.,0.,1.));
#1490 = DIRECTION('',(1.,0.,0.));
#1491 = DEFINITIONAL_REPRESENTATION('',(#1492),#1496);
#1492 = LINE('',#1493,#1494);
#1493 = CARTESIAN_POINT('',(-36.125,-50.));
#1494 = VECTOR('',#1495,1.);
#1495 = DIRECTION('',(1.,0.));
#1496 = ( GEOMETRIC_REPRESENTATION_CONTEXT(2) 
PARAMETRIC_REPRESENTATION_CONTEXT() REPRESENTATION_CONTEXT('2D SPACE',''
  ) );
#1497 = ORIENTED_EDGE('',*,*,#1498,.T.);
#1498 = EDGE_CURVE('',#1471,#1499,#1501,.T.);
#1499 = VERTEX_POINT('',#1500);
#1500 = CARTESIAN_POINT('',(71.001250782228,-50.,1.));
#1501 = SURFACE_CURVE('',#1502,(#1506,#1513),.PCURVE_S1.);
#1502 = LINE('',#1503,#1504);
#1503 = CARTESIAN_POINT('',(71.001250782228,-50.,0.));
#1504 = VECTOR('',#1505,1.);
#1505 = DIRECTION('',(-0.,-0.,-1.));
#1506 = PCURVE('',#682,#1507);
#1507 = DEFINITIONAL_REPRESENTATION('',(#1508),#1512);
#1508 = LINE('',#1509,#1510);
#1509 = CARTESIAN_POINT('',(143.25125078222,0.));
#1510 = VECTOR('',#1511,1.);
#1511 = DIRECTION('',(0.,1.));
#1512 = ( GEOMETRIC_REPRESENTATION_CONTEXT(2) 
PARAMETRIC_REPRESENTATION_CONTEXT() REPRESENTATION_CONTEXT('2D SPACE',''
  ) );
#1513 = PCURVE('',#1514,#1519);
#1514 = CYLINDRICAL_SURFACE('',#1515,3.4);
#1515 = AXIS2_PLACEMENT_3D('',#1516,#1517,#1518);
#1516 = CARTESIAN_POINT('',(72.,-46.75,0.));
#1517 = DIRECTION('',(-0.,-0.,-1.));
#1518 = DIRECTION('',(1.,0.,0.));
#1519 = DEFINITIONAL_REPRESENTATION('',(#1520),#1524);
#1520 = LINE('',#1521,#1522);
#1521 = CARTESIAN_POINT('',(-4.41424165804,0.));
#1522 = VECTOR('',#1523,1.);
#1523 = DIRECTION('',(-0.,1.));
#1524 = ( GEOMETRIC_REPRESENTATION_CONTEXT(2) 
PARAMETRIC_REPRESENTATION_CONTEXT() REPRESENTATION_CONTEXT('2D SPACE',''
  ) );
#1525 = ORIENTED_EDGE('',*,*,#1526,.F.);
#1526 = EDGE_CURVE('',#1336,#1499,#1527,.T.);
#1527 = SURFACE_CURVE('',#1528,(#1532,#1539),.PCURVE_S1.);
#1528 = LINE('',#1529,#1530);
#1529 = CARTESIAN_POINT('',(-71.00125078222,-50.,1.));
#1530 = VECTOR('',#1531,1.);
#1531 = DIRECTION('',(1.,0.,0.));
#1532 = PCURVE('',#682,#1533);
#1533 = DEFINITIONAL_REPRESENTATION('',(#1534),#1538);
#1534 = LINE('',#1535,#1536);
#1535 = CARTESIAN_POINT('',(1.248749217772,-1.));
#1536 = VECTOR('',#1537,1.);
#1537 = DIRECTION('',(1.,0.));
#1538 = ( GEOMETRIC_REPRESENTATION_CONTEXT(2) 
PARAMETRIC_REPRESENTATION_CONTEXT() REPRESENTATION_CONTEXT('2D SPACE',''
  ) );
#1539 = PCURVE('',#1540,#1545);
#1540 = CYLINDRICAL_SURFACE('',#1541,1.);
#1541 = AXIS2_PLACEMENT_3D('',#1542,#1543,#1544);
#1542 = CARTESIAN_POINT('',(-71.00125078222,-49.,1.));
#1543 = DIRECTION('',(1.,0.,0.));
#1544 = DIRECTION('',(0.,-1.,0.));
#1545 = DEFINITIONAL_REPRESENTATION('',(#1546),#1550);
#1546 = LINE('',#1547,#1548);
#1547 = CARTESIAN_POINT('',(0.,0.));
#1548 = VECTOR('',#1549,1.);
#1549 = DIRECTION('',(0.,1.));
#1550 = ( GEOMETRIC_REPRESENTATION_CONTEXT(2) 
PARAMETRIC_REPRESENTATION_CONTEXT() REPRESENTATION_CONTEXT('2D SPACE',''
  ) );
#1551 = ADVANCED_FACE('',(#1552),#595,.T.);
#1552 = FACE_BOUND('',#1553,.F.);
#1553 = EDGE_LOOP('',(#1554,#1577,#1604,#1605));
#1554 = ORIENTED_EDGE('',*,*,#1555,.T.);
#1555 = EDGE_CURVE('',#579,#1556,#1558,.T.);
#1556 = VERTEX_POINT('',#1557);
#1557 = CARTESIAN_POINT('',(-75.25,-45.75125078222,1.));
#1558 = SURFACE_CURVE('',#1559,(#1563,#1570),.PCURVE_S1.);
#1559 = LINE('',#1560,#1561);
#1560 = CARTESIAN_POINT('',(-75.25,-45.75125078222,0.));
#1561 = VECTOR('',#1562,1.);
#1562 = DIRECTION('',(-0.,-0.,-1.));
#1563 = PCURVE('',#595,#1564);
#1564 = DEFINITIONAL_REPRESENTATION('',(#1565),#1569);
#1565 = LINE('',#1566,#1567);
#1566 = CARTESIAN_POINT('',(-2.843445331246,0.));
#1567 = VECTOR('',#1568,1.);
#1568 = DIRECTION('',(-0.,1.));
#1569 = ( GEOMETRIC_REPRESENTATION_CONTEXT(2) 
PARAMETRIC_REPRESENTATION_CONTEXT() REPRESENTATION_CONTEXT('2D SPACE',''
  ) );
#1570 = PCURVE('',#623,#1571);
#1571 = DEFINITIONAL_REPRESENTATION('',(#1572),#1576);
#1572 = LINE('',#1573,#1574);
#1573 = CARTESIAN_POINT('',(92.751250782273,0.));
#1574 = VECTOR('',#1575,1.);
#1575 = DIRECTION('',(0.,1.));
#1576 = ( GEOMETRIC_REPRESENTATION_CONTEXT(2) 
PARAMETRIC_REPRESENTATION_CONTEXT() REPRESENTATION_CONTEXT('2D SPACE',''
  ) );
#1577 = ORIENTED_EDGE('',*,*,#1578,.F.);
#1578 = EDGE_CURVE('',#1313,#1556,#1579,.T.);
#1579 = SURFACE_CURVE('',#1580,(#1585,#1592),.PCURVE_S1.);
#1580 = CIRCLE('',#1581,3.4);
#1581 = AXIS2_PLACEMENT_3D('',#1582,#1583,#1584);
#1582 = CARTESIAN_POINT('',(-72.,-46.75,1.));
#1583 = DIRECTION('',(0.,0.,1.));
#1584 = DIRECTION('',(1.,0.,0.));
#1585 = PCURVE('',#595,#1586);
#1586 = DEFINITIONAL_REPRESENTATION('',(#1587),#1591);
#1587 = LINE('',#1588,#1589);
#1588 = CARTESIAN_POINT('',(-0.,-1.));
#1589 = VECTOR('',#1590,1.);
#1590 = DIRECTION('',(-1.,0.));
#1591 = ( GEOMETRIC_REPRESENTATION_CONTEXT(2) 
PARAMETRIC_REPRESENTATION_CONTEXT() REPRESENTATION_CONTEXT('2D SPACE',''
  ) );
#1592 = PCURVE('',#1593,#1598);
#1593 = TOROIDAL_SURFACE('',#1594,4.4,1.);
#1594 = AXIS2_PLACEMENT_3D('',#1595,#1596,#1597);
#1595 = CARTESIAN_POINT('',(-72.,-46.75,1.));
#1596 = DIRECTION('',(0.,0.,1.));
#1597 = DIRECTION('',(1.,0.,0.));
#1598 = DEFINITIONAL_REPRESENTATION('',(#1599),#1603);
#1599 = LINE('',#1600,#1601);
#1600 = CARTESIAN_POINT('',(0.,3.14159265359));
#1601 = VECTOR('',#1602,1.);
#1602 = DIRECTION('',(1.,0.));
#1603 = ( GEOMETRIC_REPRESENTATION_CONTEXT(2) 
PARAMETRIC_REPRESENTATION_CONTEXT() REPRESENTATION_CONTEXT('2D SPACE',''
  ) );
#1604 = ORIENTED_EDGE('',*,*,#1312,.T.);
#1605 = ORIENTED_EDGE('',*,*,#578,.T.);
#1606 = ADVANCED_FACE('',(#1607),#656,.F.);
#1607 = FACE_BOUND('',#1608,.T.);
#1608 = EDGE_LOOP('',(#1609,#1610,#1633,#1655));
#1609 = ORIENTED_EDGE('',*,*,#635,.T.);
#1610 = ORIENTED_EDGE('',*,*,#1611,.T.);
#1611 = EDGE_CURVE('',#608,#1612,#1614,.T.);
#1612 = VERTEX_POINT('',#1613);
#1613 = CARTESIAN_POINT('',(-75.25,-47.00000000004,6.));
#1614 = SURFACE_CURVE('',#1615,(#1619,#1626),.PCURVE_S1.);
#1615 = LINE('',#1616,#1617);
#1616 = CARTESIAN_POINT('',(-75.25,-47.00000000004,0.));
#1617 = VECTOR('',#1618,1.);
#1618 = DIRECTION('',(0.,0.,1.));
#1619 = PCURVE('',#656,#1620);
#1620 = DEFINITIONAL_REPRESENTATION('',(#1621),#1625);
#1621 = LINE('',#1622,#1623);
#1622 = CARTESIAN_POINT('',(-3.141592653605,0.));
#1623 = VECTOR('',#1624,1.);
#1624 = DIRECTION('',(-0.,-1.));
#1625 = ( GEOMETRIC_REPRESENTATION_CONTEXT(2) 
PARAMETRIC_REPRESENTATION_CONTEXT() REPRESENTATION_CONTEXT('2D SPACE',''
  ) );
#1626 = PCURVE('',#623,#1627);
#1627 = DEFINITIONAL_REPRESENTATION('',(#1628),#1632);
#1628 = LINE('',#1629,#1630);
#1629 = CARTESIAN_POINT('',(94.000000000091,0.));
#1630 = VECTOR('',#1631,1.);
#1631 = DIRECTION('',(0.,-1.));
#1632 = ( GEOMETRIC_REPRESENTATION_CONTEXT(2) 
PARAMETRIC_REPRESENTATION_CONTEXT() REPRESENTATION_CONTEXT('2D SPACE',''
  ) );
#1633 = ORIENTED_EDGE('',*,*,#1634,.T.);
#1634 = EDGE_CURVE('',#1612,#1392,#1635,.T.);
#1635 = SURFACE_CURVE('',#1636,(#1641,#1648),.PCURVE_S1.);
#1636 = CIRCLE('',#1637,3.);
#1637 = AXIS2_PLACEMENT_3D('',#1638,#1639,#1640);
#1638 = CARTESIAN_POINT('',(-72.25,-47.,6.));
#1639 = DIRECTION('',(0.,0.,1.));
#1640 = DIRECTION('',(1.,0.,0.));
#1641 = PCURVE('',#656,#1642);
#1642 = DEFINITIONAL_REPRESENTATION('',(#1643),#1647);
#1643 = LINE('',#1644,#1645);
#1644 = CARTESIAN_POINT('',(-0.,-6.));
#1645 = VECTOR('',#1646,1.);
#1646 = DIRECTION('',(-1.,0.));
#1647 = ( GEOMETRIC_REPRESENTATION_CONTEXT(2) 
PARAMETRIC_REPRESENTATION_CONTEXT() REPRESENTATION_CONTEXT('2D SPACE',''
  ) );
#1648 = PCURVE('',#1430,#1649);
#1649 = DEFINITIONAL_REPRESENTATION('',(#1650),#1654);
#1650 = CIRCLE('',#1651,3.);
#1651 = AXIS2_PLACEMENT_2D('',#1652,#1653);
#1652 = CARTESIAN_POINT('',(-72.25,-47.));
#1653 = DIRECTION('',(1.,0.));
#1654 = ( GEOMETRIC_REPRESENTATION_CONTEXT(2) 
PARAMETRIC_REPRESENTATION_CONTEXT() REPRESENTATION_CONTEXT('2D SPACE',''
  ) );
#1655 = ORIENTED_EDGE('',*,*,#1391,.F.);
#1656 = ADVANCED_FACE('',(#1657),#623,.T.);
#1657 = FACE_BOUND('',#1658,.T.);
#1658 = EDGE_LOOP('',(#1659,#1689,#1717,#1745,#1766,#1767,#1768,#1769));
#1659 = ORIENTED_EDGE('',*,*,#1660,.F.);
#1660 = EDGE_CURVE('',#1661,#1663,#1665,.T.);
#1661 = VERTEX_POINT('',#1662);
#1662 = CARTESIAN_POINT('',(-75.25,45.751250782228,4.5));
#1663 = VERTEX_POINT('',#1664);
#1664 = CARTESIAN_POINT('',(-75.25,45.751250782228,1.));
#1665 = SURFACE_CURVE('',#1666,(#1670,#1677),.PCURVE_S1.);
#1666 = LINE('',#1667,#1668);
#1667 = CARTESIAN_POINT('',(-75.25,45.751250782228,0.));
#1668 = VECTOR('',#1669,1.);
#1669 = DIRECTION('',(-0.,-0.,-1.));
#1670 = PCURVE('',#623,#1671);
#1671 = DEFINITIONAL_REPRESENTATION('',(#1672),#1676);
#1672 = LINE('',#1673,#1674);
#1673 = CARTESIAN_POINT('',(1.248749217817,0.));
#1674 = VECTOR('',#1675,1.);
#1675 = DIRECTION('',(0.,1.));
#1676 = ( GEOMETRIC_REPRESENTATION_CONTEXT(2) 
PARAMETRIC_REPRESENTATION_CONTEXT() REPRESENTATION_CONTEXT('2D SPACE',''
  ) );
#1677 = PCURVE('',#1678,#1683);
#1678 = CYLINDRICAL_SURFACE('',#1679,3.4);
#1679 = AXIS2_PLACEMENT_3D('',#1680,#1681,#1682);
#1680 = CARTESIAN_POINT('',(-72.,46.75,0.));
#1681 = DIRECTION('',(-0.,-0.,-1.));
#1682 = DIRECTION('',(1.,0.,0.));
#1683 = DEFINITIONAL_REPRESENTATION('',(#1684),#1688);
#1684 = LINE('',#1685,#1686);
#1685 = CARTESIAN_POINT('',(-3.439739975934,0.));
#1686 = VECTOR('',#1687,1.);
#1687 = DIRECTION('',(-0.,1.));
#1688 = ( GEOMETRIC_REPRESENTATION_CONTEXT(2) 
PARAMETRIC_REPRESENTATION_CONTEXT() REPRESENTATION_CONTEXT('2D SPACE',''
  ) );
#1689 = ORIENTED_EDGE('',*,*,#1690,.F.);
#1690 = EDGE_CURVE('',#1691,#1661,#1693,.T.);
#1691 = VERTEX_POINT('',#1692);
#1692 = CARTESIAN_POINT('',(-75.25,47.000000000045,4.5));
#1693 = SURFACE_CURVE('',#1694,(#1698,#1705),.PCURVE_S1.);
#1694 = LINE('',#1695,#1696);
#1695 = CARTESIAN_POINT('',(-75.25,23.500000000023,4.5));
#1696 = VECTOR('',#1697,1.);
#1697 = DIRECTION('',(0.,-1.,0.));
#1698 = PCURVE('',#623,#1699);
#1699 = DEFINITIONAL_REPRESENTATION('',(#1700),#1704);
#1700 = LINE('',#1701,#1702);
#1701 = CARTESIAN_POINT('',(23.500000000023,-4.5));
#1702 = VECTOR('',#1703,1.);
#1703 = DIRECTION('',(1.,0.));
#1704 = ( GEOMETRIC_REPRESENTATION_CONTEXT(2) 
PARAMETRIC_REPRESENTATION_CONTEXT() REPRESENTATION_CONTEXT('2D SPACE',''
  ) );
#1705 = PCURVE('',#1706,#1711);
#1706 = PLANE('',#1707);
#1707 = AXIS2_PLACEMENT_3D('',#1708,#1709,#1710);
#1708 = CARTESIAN_POINT('',(4.826259291316E-15,2.010941371382E-15,4.5));
#1709 = DIRECTION('',(0.,0.,1.));
#1710 = DIRECTION('',(1.,0.,0.));
#1711 = DEFINITIONAL_REPRESENTATION('',(#1712),#1716);
#1712 = LINE('',#1713,#1714);
#1713 = CARTESIAN_POINT('',(-75.25,23.500000000023));
#1714 = VECTOR('',#1715,1.);
#1715 = DIRECTION('',(0.,-1.));
#1716 = ( GEOMETRIC_REPRESENTATION_CONTEXT(2) 
PARAMETRIC_REPRESENTATION_CONTEXT() REPRESENTATION_CONTEXT('2D SPACE',''
  ) );
#1717 = ORIENTED_EDGE('',*,*,#1718,.T.);
#1718 = EDGE_CURVE('',#1691,#1719,#1721,.T.);
#1719 = VERTEX_POINT('',#1720);
#1720 = CARTESIAN_POINT('',(-75.25,47.000000000045,6.));
#1721 = SURFACE_CURVE('',#1722,(#1726,#1733),.PCURVE_S1.);
#1722 = LINE('',#1723,#1724);
#1723 = CARTESIAN_POINT('',(-75.25,47.000000000045,0.));
#1724 = VECTOR('',#1725,1.);
#1725 = DIRECTION('',(0.,0.,1.));
#1726 = PCURVE('',#623,#1727);
#1727 = DEFINITIONAL_REPRESENTATION('',(#1728),#1732);
#1728 = LINE('',#1729,#1730);
#1729 = CARTESIAN_POINT('',(0.,0.));
#1730 = VECTOR('',#1731,1.);
#1731 = DIRECTION('',(0.,-1.));
#1732 = ( GEOMETRIC_REPRESENTATION_CONTEXT(2) 
PARAMETRIC_REPRESENTATION_CONTEXT() REPRESENTATION_CONTEXT('2D SPACE',''
  ) );
#1733 = PCURVE('',#1734,#1739);
#1734 = CYLINDRICAL_SURFACE('',#1735,3.);
#1735 = AXIS2_PLACEMENT_3D('',#1736,#1737,#1738);
#1736 = CARTESIAN_POINT('',(-72.25,47.,0.));
#1737 = DIRECTION('',(-0.,-0.,-1.));
#1738 = DIRECTION('',(1.,0.,0.));
#1739 = DEFINITIONAL_REPRESENTATION('',(#1740),#1744);
#1740 = LINE('',#1741,#1742);
#1741 = CARTESIAN_POINT('',(-3.141592653575,0.));
#1742 = VECTOR('',#1743,1.);
#1743 = DIRECTION('',(-0.,-1.));
#1744 = ( GEOMETRIC_REPRESENTATION_CONTEXT(2) 
PARAMETRIC_REPRESENTATION_CONTEXT() REPRESENTATION_CONTEXT('2D SPACE',''
  ) );
#1745 = ORIENTED_EDGE('',*,*,#1746,.T.);
#1746 = EDGE_CURVE('',#1719,#1612,#1747,.T.);
#1747 = SURFACE_CURVE('',#1748,(#1752,#1759),.PCURVE_S1.);
#1748 = LINE('',#1749,#1750);
#1749 = CARTESIAN_POINT('',(-75.25,47.000000000045,6.));
#1750 = VECTOR('',#1751,1.);
#1751 = DIRECTION('',(0.,-1.,0.));
#1752 = PCURVE('',#623,#1753);
#1753 = DEFINITIONAL_REPRESENTATION('',(#1754),#1758);
#1754 = LINE('',#1755,#1756);
#1755 = CARTESIAN_POINT('',(0.,-6.));
#1756 = VECTOR('',#1757,1.);
#1757 = DIRECTION('',(1.,0.));
#1758 = ( GEOMETRIC_REPRESENTATION_CONTEXT(2) 
PARAMETRIC_REPRESENTATION_CONTEXT() REPRESENTATION_CONTEXT('2D SPACE',''
  ) );
#1759 = PCURVE('',#1430,#1760);
#1760 = DEFINITIONAL_REPRESENTATION('',(#1761),#1765);
#1761 = LINE('',#1762,#1763);
#1762 = CARTESIAN_POINT('',(-75.25,47.000000000045));
#1763 = VECTOR('',#1764,1.);
#1764 = DIRECTION('',(0.,-1.));
#1765 = ( GEOMETRIC_REPRESENTATION_CONTEXT(2) 
PARAMETRIC_REPRESENTATION_CONTEXT() REPRESENTATION_CONTEXT('2D SPACE',''
  ) );
#1766 = ORIENTED_EDGE('',*,*,#1611,.F.);
#1767 = ORIENTED_EDGE('',*,*,#607,.F.);
#1768 = ORIENTED_EDGE('',*,*,#1555,.T.);
#1769 = ORIENTED_EDGE('',*,*,#1770,.F.);
#1770 = EDGE_CURVE('',#1663,#1556,#1771,.T.);
#1771 = SURFACE_CURVE('',#1772,(#1776,#1783),.PCURVE_S1.);
#1772 = LINE('',#1773,#1774);
#1773 = CARTESIAN_POINT('',(-75.25,45.751250782228,1.));
#1774 = VECTOR('',#1775,1.);
#1775 = DIRECTION('',(0.,-1.,0.));
#1776 = PCURVE('',#623,#1777);
#1777 = DEFINITIONAL_REPRESENTATION('',(#1778),#1782);
#1778 = LINE('',#1779,#1780);
#1779 = CARTESIAN_POINT('',(1.248749217817,-1.));
#1780 = VECTOR('',#1781,1.);
#1781 = DIRECTION('',(1.,0.));
#1782 = ( GEOMETRIC_REPRESENTATION_CONTEXT(2) 
PARAMETRIC_REPRESENTATION_CONTEXT() REPRESENTATION_CONTEXT('2D SPACE',''
  ) );
#1783 = PCURVE('',#1784,#1789);
#1784 = CYLINDRICAL_SURFACE('',#1785,1.);
#1785 = AXIS2_PLACEMENT_3D('',#1786,#1787,#1788);
#1786 = CARTESIAN_POINT('',(-74.25,45.751250782228,1.));
#1787 = DIRECTION('',(0.,-1.,0.));
#1788 = DIRECTION('',(-1.,0.,0.));
#1789 = DEFINITIONAL_REPRESENTATION('',(#1790),#1794);
#1790 = LINE('',#1791,#1792);
#1791 = CARTESIAN_POINT('',(0.,0.));
#1792 = VECTOR('',#1793,1.);
#1793 = DIRECTION('',(0.,1.));
#1794 = ( GEOMETRIC_REPRESENTATION_CONTEXT(2) 
PARAMETRIC_REPRESENTATION_CONTEXT() REPRESENTATION_CONTEXT('2D SPACE',''
  ) );
#1795 = ADVANCED_FACE('',(#1796),#740,.T.);
#1796 = FACE_BOUND('',#1797,.T.);
#1797 = EDGE_LOOP('',(#1798,#1821,#1822,#1845));
#1798 = ORIENTED_EDGE('',*,*,#1799,.T.);
#1799 = EDGE_CURVE('',#1800,#701,#1802,.T.);
#1800 = VERTEX_POINT('',#1801);
#1801 = CARTESIAN_POINT('',(-77.25,47.000000000016,0.));
#1802 = SURFACE_CURVE('',#1803,(#1807,#1814),.PCURVE_S1.);
#1803 = LINE('',#1804,#1805);
#1804 = CARTESIAN_POINT('',(-77.25,47.000000000016,0.));
#1805 = VECTOR('',#1806,1.);
#1806 = DIRECTION('',(-0.,-0.,-1.));
#1807 = PCURVE('',#740,#1808);
#1808 = DEFINITIONAL_REPRESENTATION('',(#1809),#1813);
#1809 = LINE('',#1810,#1811);
#1810 = CARTESIAN_POINT('',(0.,0.));
#1811 = VECTOR('',#1812,1.);
#1812 = DIRECTION('',(0.,-1.));
#1813 = ( GEOMETRIC_REPRESENTATION_CONTEXT(2) 
PARAMETRIC_REPRESENTATION_CONTEXT() REPRESENTATION_CONTEXT('2D SPACE',''
  ) );
#1814 = PCURVE('',#819,#1815);
#1815 = DEFINITIONAL_REPRESENTATION('',(#1816),#1820);
#1816 = LINE('',#1817,#1818);
#1817 = CARTESIAN_POINT('',(3.141592653587,0.));
#1818 = VECTOR('',#1819,1.);
#1819 = DIRECTION('',(0.,-1.));
#1820 = ( GEOMETRIC_REPRESENTATION_CONTEXT(2) 
PARAMETRIC_REPRESENTATION_CONTEXT() REPRESENTATION_CONTEXT('2D SPACE',''
  ) );
#1821 = ORIENTED_EDGE('',*,*,#724,.T.);
#1822 = ORIENTED_EDGE('',*,*,#1823,.F.);
#1823 = EDGE_CURVE('',#1824,#725,#1826,.T.);
#1824 = VERTEX_POINT('',#1825);
#1825 = CARTESIAN_POINT('',(-77.25,-47.,0.));
#1826 = SURFACE_CURVE('',#1827,(#1831,#1838),.PCURVE_S1.);
#1827 = LINE('',#1828,#1829);
#1828 = CARTESIAN_POINT('',(-77.25,-47.,0.));
#1829 = VECTOR('',#1830,1.);
#1830 = DIRECTION('',(-0.,-0.,-1.));
#1831 = PCURVE('',#740,#1832);
#1832 = DEFINITIONAL_REPRESENTATION('',(#1833),#1837);
#1833 = LINE('',#1834,#1835);
#1834 = CARTESIAN_POINT('',(94.000000000016,0.));
#1835 = VECTOR('',#1836,1.);
#1836 = DIRECTION('',(0.,-1.));
#1837 = ( GEOMETRIC_REPRESENTATION_CONTEXT(2) 
PARAMETRIC_REPRESENTATION_CONTEXT() REPRESENTATION_CONTEXT('2D SPACE',''
  ) );
#1838 = PCURVE('',#875,#1839);
#1839 = DEFINITIONAL_REPRESENTATION('',(#1840),#1844);
#1840 = LINE('',#1841,#1842);
#1841 = CARTESIAN_POINT('',(3.14159265359,0.));
#1842 = VECTOR('',#1843,1.);
#1843 = DIRECTION('',(0.,-1.));
#1844 = ( GEOMETRIC_REPRESENTATION_CONTEXT(2) 
PARAMETRIC_REPRESENTATION_CONTEXT() REPRESENTATION_CONTEXT('2D SPACE',''
  ) );
#1845 = ORIENTED_EDGE('',*,*,#1846,.F.);
#1846 = EDGE_CURVE('',#1800,#1824,#1847,.T.);
#1847 = SURFACE_CURVE('',#1848,(#1852,#1859),.PCURVE_S1.);
#1848 = LINE('',#1849,#1850);
#1849 = CARTESIAN_POINT('',(-77.25,47.000000000016,0.));
#1850 = VECTOR('',#1851,1.);
#1851 = DIRECTION('',(0.,-1.,0.));
#1852 = PCURVE('',#740,#1853);
#1853 = DEFINITIONAL_REPRESENTATION('',(#1854),#1858);
#1854 = LINE('',#1855,#1856);
#1855 = CARTESIAN_POINT('',(0.,0.));
#1856 = VECTOR('',#1857,1.);
#1857 = DIRECTION('',(1.,0.));
#1858 = ( GEOMETRIC_REPRESENTATION_CONTEXT(2) 
PARAMETRIC_REPRESENTATION_CONTEXT() REPRESENTATION_CONTEXT('2D SPACE',''
  ) );
#1859 = PCURVE('',#1860,#1865);
#1860 = PLANE('',#1861);
#1861 = AXIS2_PLACEMENT_3D('',#1862,#1863,#1864);
#1862 = CARTESIAN_POINT('',(-77.25,47.000000000016,0.));
#1863 = DIRECTION('',(1.,0.,0.));
#1864 = DIRECTION('',(0.,-1.,0.));
#1865 = DEFINITIONAL_REPRESENTATION('',(#1866),#1870);
#1866 = LINE('',#1867,#1868);
#1867 = CARTESIAN_POINT('',(0.,0.));
#1868 = VECTOR('',#1869,1.);
#1869 = DIRECTION('',(1.,0.));
#1870 = ( GEOMETRIC_REPRESENTATION_CONTEXT(2) 
PARAMETRIC_REPRESENTATION_CONTEXT() REPRESENTATION_CONTEXT('2D SPACE',''
  ) );
#1871 = ADVANCED_FACE('',(#1872),#819,.T.);
#1872 = FACE_BOUND('',#1873,.T.);
#1873 = EDGE_LOOP('',(#1874,#1897,#1898,#1899));
#1874 = ORIENTED_EDGE('',*,*,#1875,.T.);
#1875 = EDGE_CURVE('',#1876,#779,#1878,.T.);
#1876 = VERTEX_POINT('',#1877);
#1877 = CARTESIAN_POINT('',(-72.25,52.,0.));
#1878 = SURFACE_CURVE('',#1879,(#1883,#1890),.PCURVE_S1.);
#1879 = LINE('',#1880,#1881);
#1880 = CARTESIAN_POINT('',(-72.25,52.,0.));
#1881 = VECTOR('',#1882,1.);
#1882 = DIRECTION('',(-0.,-0.,-1.));
#1883 = PCURVE('',#819,#1884);
#1884 = DEFINITIONAL_REPRESENTATION('',(#1885),#1889);
#1885 = LINE('',#1886,#1887);
#1886 = CARTESIAN_POINT('',(1.570796326795,0.));
#1887 = VECTOR('',#1888,1.);
#1888 = DIRECTION('',(0.,-1.));
#1889 = ( GEOMETRIC_REPRESENTATION_CONTEXT(2) 
PARAMETRIC_REPRESENTATION_CONTEXT() REPRESENTATION_CONTEXT('2D SPACE',''
  ) );
#1890 = PCURVE('',#928,#1891);
#1891 = DEFINITIONAL_REPRESENTATION('',(#1892),#1896);
#1892 = LINE('',#1893,#1894);
#1893 = CARTESIAN_POINT('',(144.5,0.));
#1894 = VECTOR('',#1895,1.);
#1895 = DIRECTION('',(0.,-1.));
#1896 = ( GEOMETRIC_REPRESENTATION_CONTEXT(2) 
PARAMETRIC_REPRESENTATION_CONTEXT() REPRESENTATION_CONTEXT('2D SPACE',''
  ) );
#1897 = ORIENTED_EDGE('',*,*,#804,.T.);
#1898 = ORIENTED_EDGE('',*,*,#1799,.F.);
#1899 = ORIENTED_EDGE('',*,*,#1900,.F.);
#1900 = EDGE_CURVE('',#1876,#1800,#1901,.T.);
#1901 = SURFACE_CURVE('',#1902,(#1907,#1914),.PCURVE_S1.);
#1902 = CIRCLE('',#1903,5.);
#1903 = AXIS2_PLACEMENT_3D('',#1904,#1905,#1906);
#1904 = CARTESIAN_POINT('',(-72.25,47.,0.));
#1905 = DIRECTION('',(0.,0.,1.));
#1906 = DIRECTION('',(1.,0.,0.));
#1907 = PCURVE('',#819,#1908);
#1908 = DEFINITIONAL_REPRESENTATION('',(#1909),#1913);
#1909 = LINE('',#1910,#1911);
#1910 = CARTESIAN_POINT('',(0.,0.));
#1911 = VECTOR('',#1912,1.);
#1912 = DIRECTION('',(1.,0.));
#1913 = ( GEOMETRIC_REPRESENTATION_CONTEXT(2) 
PARAMETRIC_REPRESENTATION_CONTEXT() REPRESENTATION_CONTEXT('2D SPACE',''
  ) );
#1914 = PCURVE('',#1915,#1920);
#1915 = CYLINDRICAL_SURFACE('',#1916,5.);
#1916 = AXIS2_PLACEMENT_3D('',#1917,#1918,#1919);
#1917 = CARTESIAN_POINT('',(-72.25,47.,0.));
#1918 = DIRECTION('',(-0.,-0.,-1.));
#1919 = DIRECTION('',(1.,0.,0.));
#1920 = DEFINITIONAL_REPRESENTATION('',(#1921),#1925);
#1921 = LINE('',#1922,#1923);
#1922 = CARTESIAN_POINT('',(-0.,0.));
#1923 = VECTOR('',#1924,1.);
#1924 = DIRECTION('',(-1.,0.));
#1925 = ( GEOMETRIC_REPRESENTATION_CONTEXT(2) 
PARAMETRIC_REPRESENTATION_CONTEXT() REPRESENTATION_CONTEXT('2D SPACE',''
  ) );
#1926 = ADVANCED_FACE('',(#1927),#875,.T.);
#1927 = FACE_BOUND('',#1928,.T.);
#1928 = EDGE_LOOP('',(#1929,#1930,#1931,#1954));
#1929 = ORIENTED_EDGE('',*,*,#1823,.T.);
#1930 = ORIENTED_EDGE('',*,*,#860,.T.);
#1931 = ORIENTED_EDGE('',*,*,#1932,.F.);
#1932 = EDGE_CURVE('',#1933,#837,#1935,.T.);
#1933 = VERTEX_POINT('',#1934);
#1934 = CARTESIAN_POINT('',(-72.25,-52.,0.));
#1935 = SURFACE_CURVE('',#1936,(#1940,#1947),.PCURVE_S1.);
#1936 = LINE('',#1937,#1938);
#1937 = CARTESIAN_POINT('',(-72.25,-52.,0.));
#1938 = VECTOR('',#1939,1.);
#1939 = DIRECTION('',(-0.,-0.,-1.));
#1940 = PCURVE('',#875,#1941);
#1941 = DEFINITIONAL_REPRESENTATION('',(#1942),#1946);
#1942 = LINE('',#1943,#1944);
#1943 = CARTESIAN_POINT('',(4.712388980385,0.));
#1944 = VECTOR('',#1945,1.);
#1945 = DIRECTION('',(0.,-1.));
#1946 = ( GEOMETRIC_REPRESENTATION_CONTEXT(2) 
PARAMETRIC_REPRESENTATION_CONTEXT() REPRESENTATION_CONTEXT('2D SPACE',''
  ) );
#1947 = PCURVE('',#962,#1948);
#1948 = DEFINITIONAL_REPRESENTATION('',(#1949),#1953);
#1949 = LINE('',#1950,#1951);
#1950 = CARTESIAN_POINT('',(0.,0.));
#1951 = VECTOR('',#1952,1.);
#1952 = DIRECTION('',(0.,-1.));
#1953 = ( GEOMETRIC_REPRESENTATION_CONTEXT(2) 
PARAMETRIC_REPRESENTATION_CONTEXT() REPRESENTATION_CONTEXT('2D SPACE',''
  ) );
#1954 = ORIENTED_EDGE('',*,*,#1955,.F.);
#1955 = EDGE_CURVE('',#1824,#1933,#1956,.T.);
#1956 = SURFACE_CURVE('',#1957,(#1962,#1969),.PCURVE_S1.);
#1957 = CIRCLE('',#1958,5.);
#1958 = AXIS2_PLACEMENT_3D('',#1959,#1960,#1961);
#1959 = CARTESIAN_POINT('',(-72.25,-47.,0.));
#1960 = DIRECTION('',(0.,0.,1.));
#1961 = DIRECTION('',(1.,0.,0.));
#1962 = PCURVE('',#875,#1963);
#1963 = DEFINITIONAL_REPRESENTATION('',(#1964),#1968);
#1964 = LINE('',#1965,#1966);
#1965 = CARTESIAN_POINT('',(0.,0.));
#1966 = VECTOR('',#1967,1.);
#1967 = DIRECTION('',(1.,0.));
#1968 = ( GEOMETRIC_REPRESENTATION_CONTEXT(2) 
PARAMETRIC_REPRESENTATION_CONTEXT() REPRESENTATION_CONTEXT('2D SPACE',''
  ) );
#1969 = PCURVE('',#1970,#1975);
#1970 = CYLINDRICAL_SURFACE('',#1971,5.);
#1971 = AXIS2_PLACEMENT_3D('',#1972,#1973,#1974);
#1972 = CARTESIAN_POINT('',(-72.25,-47.,0.));
#1973 = DIRECTION('',(-0.,-0.,-1.));
#1974 = DIRECTION('',(1.,0.,0.));
#1975 = DEFINITIONAL_REPRESENTATION('',(#1976),#1980);
#1976 = LINE('',#1977,#1978);
#1977 = CARTESIAN_POINT('',(-0.,0.));
#1978 = VECTOR('',#1979,1.);
#1979 = DIRECTION('',(-1.,0.));
#1980 = ( GEOMETRIC_REPRESENTATION_CONTEXT(2) 
PARAMETRIC_REPRESENTATION_CONTEXT() REPRESENTATION_CONTEXT('2D SPACE',''
  ) );
#1981 = ADVANCED_FACE('',(#1982),#928,.T.);
#1982 = FACE_BOUND('',#1983,.T.);
#1983 = EDGE_LOOP('',(#1984,#2007,#2008,#2009));
#1984 = ORIENTED_EDGE('',*,*,#1985,.T.);
#1985 = EDGE_CURVE('',#1986,#891,#1988,.T.);
#1986 = VERTEX_POINT('',#1987);
#1987 = CARTESIAN_POINT('',(72.25,52.,0.));
#1988 = SURFACE_CURVE('',#1989,(#1993,#2000),.PCURVE_S1.);
#1989 = LINE('',#1990,#1991);
#1990 = CARTESIAN_POINT('',(72.25,52.,0.));
#1991 = VECTOR('',#1992,1.);
#1992 = DIRECTION('',(-0.,-0.,-1.));
#1993 = PCURVE('',#928,#1994);
#1994 = DEFINITIONAL_REPRESENTATION('',(#1995),#1999);
#1995 = LINE('',#1996,#1997);
#1996 = CARTESIAN_POINT('',(0.,0.));
#1997 = VECTOR('',#1998,1.);
#1998 = DIRECTION('',(0.,-1.));
#1999 = ( GEOMETRIC_REPRESENTATION_CONTEXT(2) 
PARAMETRIC_REPRESENTATION_CONTEXT() REPRESENTATION_CONTEXT('2D SPACE',''
  ) );
#2000 = PCURVE('',#1041,#2001);
#2001 = DEFINITIONAL_REPRESENTATION('',(#2002),#2006);
#2002 = LINE('',#2003,#2004);
#2003 = CARTESIAN_POINT('',(1.570796326795,0.));
#2004 = VECTOR('',#2005,1.);
#2005 = DIRECTION('',(0.,-1.));
#2006 = ( GEOMETRIC_REPRESENTATION_CONTEXT(2) 
PARAMETRIC_REPRESENTATION_CONTEXT() REPRESENTATION_CONTEXT('2D SPACE',''
  ) );
#2007 = ORIENTED_EDGE('',*,*,#914,.T.);
#2008 = ORIENTED_EDGE('',*,*,#1875,.F.);
#2009 = ORIENTED_EDGE('',*,*,#2010,.F.);
#2010 = EDGE_CURVE('',#1986,#1876,#2011,.T.);
#2011 = SURFACE_CURVE('',#2012,(#2016,#2023),.PCURVE_S1.);
#2012 = LINE('',#2013,#2014);
#2013 = CARTESIAN_POINT('',(72.25,52.,0.));
#2014 = VECTOR('',#2015,1.);
#2015 = DIRECTION('',(-1.,0.,0.));
#2016 = PCURVE('',#928,#2017);
#2017 = DEFINITIONAL_REPRESENTATION('',(#2018),#2022);
#2018 = LINE('',#2019,#2020);
#2019 = CARTESIAN_POINT('',(0.,0.));
#2020 = VECTOR('',#2021,1.);
#2021 = DIRECTION('',(1.,0.));
#2022 = ( GEOMETRIC_REPRESENTATION_CONTEXT(2) 
PARAMETRIC_REPRESENTATION_CONTEXT() REPRESENTATION_CONTEXT('2D SPACE',''
  ) );
#2023 = PCURVE('',#2024,#2029);
#2024 = PLANE('',#2025);
#2025 = AXIS2_PLACEMENT_3D('',#2026,#2027,#2028);
#2026 = CARTESIAN_POINT('',(72.25,52.,0.));
#2027 = DIRECTION('',(0.,-1.,0.));
#2028 = DIRECTION('',(-1.,0.,0.));
#2029 = DEFINITIONAL_REPRESENTATION('',(#2030),#2034);
#2030 = LINE('',#2031,#2032);
#2031 = CARTESIAN_POINT('',(0.,-0.));
#2032 = VECTOR('',#2033,1.);
#2033 = DIRECTION('',(1.,0.));
#2034 = ( GEOMETRIC_REPRESENTATION_CONTEXT(2) 
PARAMETRIC_REPRESENTATION_CONTEXT() REPRESENTATION_CONTEXT('2D SPACE',''
  ) );
#2035 = ADVANCED_FACE('',(#2036),#962,.T.);
#2036 = FACE_BOUND('',#2037,.T.);
#2037 = EDGE_LOOP('',(#2038,#2039,#2040,#2063));
#2038 = ORIENTED_EDGE('',*,*,#1932,.T.);
#2039 = ORIENTED_EDGE('',*,*,#946,.T.);
#2040 = ORIENTED_EDGE('',*,*,#2041,.F.);
#2041 = EDGE_CURVE('',#2042,#947,#2044,.T.);
#2042 = VERTEX_POINT('',#2043);
#2043 = CARTESIAN_POINT('',(72.25,-52.,0.));
#2044 = SURFACE_CURVE('',#2045,(#2049,#2056),.PCURVE_S1.);
#2045 = LINE('',#2046,#2047);
#2046 = CARTESIAN_POINT('',(72.25,-52.,0.));
#2047 = VECTOR('',#2048,1.);
#2048 = DIRECTION('',(-0.,-0.,-1.));
#2049 = PCURVE('',#962,#2050);
#2050 = DEFINITIONAL_REPRESENTATION('',(#2051),#2055);
#2051 = LINE('',#2052,#2053);
#2052 = CARTESIAN_POINT('',(144.5,0.));
#2053 = VECTOR('',#2054,1.);
#2054 = DIRECTION('',(0.,-1.));
#2055 = ( GEOMETRIC_REPRESENTATION_CONTEXT(2) 
PARAMETRIC_REPRESENTATION_CONTEXT() REPRESENTATION_CONTEXT('2D SPACE',''
  ) );
#2056 = PCURVE('',#1097,#2057);
#2057 = DEFINITIONAL_REPRESENTATION('',(#2058),#2062);
#2058 = LINE('',#2059,#2060);
#2059 = CARTESIAN_POINT('',(4.712388980385,0.));
#2060 = VECTOR('',#2061,1.);
#2061 = DIRECTION('',(0.,-1.));
#2062 = ( GEOMETRIC_REPRESENTATION_CONTEXT(2) 
PARAMETRIC_REPRESENTATION_CONTEXT() REPRESENTATION_CONTEXT('2D SPACE',''
  ) );
#2063 = ORIENTED_EDGE('',*,*,#2064,.F.);
#2064 = EDGE_CURVE('',#1933,#2042,#2065,.T.);
#2065 = SURFACE_CURVE('',#2066,(#2070,#2077),.PCURVE_S1.);
#2066 = LINE('',#2067,#2068);
#2067 = CARTESIAN_POINT('',(-72.25,-52.,0.));
#2068 = VECTOR('',#2069,1.);
#2069 = DIRECTION('',(1.,0.,0.));
#2070 = PCURVE('',#962,#2071);
#2071 = DEFINITIONAL_REPRESENTATION('',(#2072),#2076);
#2072 = LINE('',#2073,#2074);
#2073 = CARTESIAN_POINT('',(0.,0.));
#2074 = VECTOR('',#2075,1.);
#2075 = DIRECTION('',(1.,0.));
#2076 = ( GEOMETRIC_REPRESENTATION_CONTEXT(2) 
PARAMETRIC_REPRESENTATION_CONTEXT() REPRESENTATION_CONTEXT('2D SPACE',''
  ) );
#2077 = PCURVE('',#2078,#2083);
#2078 = PLANE('',#2079);
#2079 = AXIS2_PLACEMENT_3D('',#2080,#2081,#2082);
#2080 = CARTESIAN_POINT('',(-72.25,-52.,0.));
#2081 = DIRECTION('',(0.,1.,0.));
#2082 = DIRECTION('',(1.,0.,0.));
#2083 = DEFINITIONAL_REPRESENTATION('',(#2084),#2088);
#2084 = LINE('',#2085,#2086);
#2085 = CARTESIAN_POINT('',(0.,0.));
#2086 = VECTOR('',#2087,1.);
#2087 = DIRECTION('',(1.,0.));
#2088 = ( GEOMETRIC_REPRESENTATION_CONTEXT(2) 
PARAMETRIC_REPRESENTATION_CONTEXT() REPRESENTATION_CONTEXT('2D SPACE',''
  ) );
#2089 = ADVANCED_FACE('',(#2090),#1041,.T.);
#2090 = FACE_BOUND('',#2091,.T.);
#2091 = EDGE_LOOP('',(#2092,#2115,#2116,#2117));
#2092 = ORIENTED_EDGE('',*,*,#2093,.T.);
#2093 = EDGE_CURVE('',#2094,#1001,#2096,.T.);
#2094 = VERTEX_POINT('',#2095);
#2095 = CARTESIAN_POINT('',(77.25,47.,0.));
#2096 = SURFACE_CURVE('',#2097,(#2101,#2108),.PCURVE_S1.);
#2097 = LINE('',#2098,#2099);
#2098 = CARTESIAN_POINT('',(77.25,47.,0.));
#2099 = VECTOR('',#2100,1.);
#2100 = DIRECTION('',(-0.,-0.,-1.));
#2101 = PCURVE('',#1041,#2102);
#2102 = DEFINITIONAL_REPRESENTATION('',(#2103),#2107);
#2103 = LINE('',#2104,#2105);
#2104 = CARTESIAN_POINT('',(9.60492131687E-17,0.));
#2105 = VECTOR('',#2106,1.);
#2106 = DIRECTION('',(0.,-1.));
#2107 = ( GEOMETRIC_REPRESENTATION_CONTEXT(2) 
PARAMETRIC_REPRESENTATION_CONTEXT() REPRESENTATION_CONTEXT('2D SPACE',''
  ) );
#2108 = PCURVE('',#1127,#2109);
#2109 = DEFINITIONAL_REPRESENTATION('',(#2110),#2114);
#2110 = LINE('',#2111,#2112);
#2111 = CARTESIAN_POINT('',(94.000000000016,0.));
#2112 = VECTOR('',#2113,1.);
#2113 = DIRECTION('',(0.,-1.));
#2114 = ( GEOMETRIC_REPRESENTATION_CONTEXT(2) 
PARAMETRIC_REPRESENTATION_CONTEXT() REPRESENTATION_CONTEXT('2D SPACE',''
  ) );
#2115 = ORIENTED_EDGE('',*,*,#1026,.T.);
#2116 = ORIENTED_EDGE('',*,*,#1985,.F.);
#2117 = ORIENTED_EDGE('',*,*,#2118,.F.);
#2118 = EDGE_CURVE('',#2094,#1986,#2119,.T.);
#2119 = SURFACE_CURVE('',#2120,(#2125,#2132),.PCURVE_S1.);
#2120 = CIRCLE('',#2121,5.);
#2121 = AXIS2_PLACEMENT_3D('',#2122,#2123,#2124);
#2122 = CARTESIAN_POINT('',(72.25,47.,0.));
#2123 = DIRECTION('',(0.,0.,1.));
#2124 = DIRECTION('',(1.,0.,0.));
#2125 = PCURVE('',#1041,#2126);
#2126 = DEFINITIONAL_REPRESENTATION('',(#2127),#2131);
#2127 = LINE('',#2128,#2129);
#2128 = CARTESIAN_POINT('',(0.,0.));
#2129 = VECTOR('',#2130,1.);
#2130 = DIRECTION('',(1.,0.));
#2131 = ( GEOMETRIC_REPRESENTATION_CONTEXT(2) 
PARAMETRIC_REPRESENTATION_CONTEXT() REPRESENTATION_CONTEXT('2D SPACE',''
  ) );
#2132 = PCURVE('',#2133,#2138);
#2133 = CYLINDRICAL_SURFACE('',#2134,5.);
#2134 = AXIS2_PLACEMENT_3D('',#2135,#2136,#2137);
#2135 = CARTESIAN_POINT('',(72.25,47.,0.));
#2136 = DIRECTION('',(-0.,-0.,-1.));
#2137 = DIRECTION('',(1.,0.,0.));
#2138 = DEFINITIONAL_REPRESENTATION('',(#2139),#2143);
#2139 = LINE('',#2140,#2141);
#2140 = CARTESIAN_POINT('',(-0.,0.));
#2141 = VECTOR('',#2142,1.);
#2142 = DIRECTION('',(-1.,0.));
#2143 = ( GEOMETRIC_REPRESENTATION_CONTEXT(2) 
PARAMETRIC_REPRESENTATION_CONTEXT() REPRESENTATION_CONTEXT('2D SPACE',''
  ) );
#2144 = ADVANCED_FACE('',(#2145),#1097,.T.);
#2145 = FACE_BOUND('',#2146,.T.);
#2146 = EDGE_LOOP('',(#2147,#2148,#2149,#2172));
#2147 = ORIENTED_EDGE('',*,*,#2041,.T.);
#2148 = ORIENTED_EDGE('',*,*,#1082,.T.);
#2149 = ORIENTED_EDGE('',*,*,#2150,.F.);
#2150 = EDGE_CURVE('',#2151,#1059,#2153,.T.);
#2151 = VERTEX_POINT('',#2152);
#2152 = CARTESIAN_POINT('',(77.25,-47.00000000001,0.));
#2153 = SURFACE_CURVE('',#2154,(#2158,#2165),.PCURVE_S1.);
#2154 = LINE('',#2155,#2156);
#2155 = CARTESIAN_POINT('',(77.25,-47.00000000001,0.));
#2156 = VECTOR('',#2157,1.);
#2157 = DIRECTION('',(-0.,-0.,-1.));
#2158 = PCURVE('',#1097,#2159);
#2159 = DEFINITIONAL_REPRESENTATION('',(#2160),#2164);
#2160 = LINE('',#2161,#2162);
#2161 = CARTESIAN_POINT('',(6.283185307176,0.));
#2162 = VECTOR('',#2163,1.);
#2163 = DIRECTION('',(0.,-1.));
#2164 = ( GEOMETRIC_REPRESENTATION_CONTEXT(2) 
PARAMETRIC_REPRESENTATION_CONTEXT() REPRESENTATION_CONTEXT('2D SPACE',''
  ) );
#2165 = PCURVE('',#1127,#2166);
#2166 = DEFINITIONAL_REPRESENTATION('',(#2167),#2171);
#2167 = LINE('',#2168,#2169);
#2168 = CARTESIAN_POINT('',(0.,0.));
#2169 = VECTOR('',#2170,1.);
#2170 = DIRECTION('',(0.,-1.));
#2171 = ( GEOMETRIC_REPRESENTATION_CONTEXT(2) 
PARAMETRIC_REPRESENTATION_CONTEXT() REPRESENTATION_CONTEXT('2D SPACE',''
  ) );
#2172 = ORIENTED_EDGE('',*,*,#2173,.F.);
#2173 = EDGE_CURVE('',#2042,#2151,#2174,.T.);
#2174 = SURFACE_CURVE('',#2175,(#2180,#2187),.PCURVE_S1.);
#2175 = CIRCLE('',#2176,5.);
#2176 = AXIS2_PLACEMENT_3D('',#2177,#2178,#2179);
#2177 = CARTESIAN_POINT('',(72.25,-47.,0.));
#2178 = DIRECTION('',(0.,0.,1.));
#2179 = DIRECTION('',(1.,0.,0.));
#2180 = PCURVE('',#1097,#2181);
#2181 = DEFINITIONAL_REPRESENTATION('',(#2182),#2186);
#2182 = LINE('',#2183,#2184);
#2183 = CARTESIAN_POINT('',(0.,0.));
#2184 = VECTOR('',#2185,1.);
#2185 = DIRECTION('',(1.,0.));
#2186 = ( GEOMETRIC_REPRESENTATION_CONTEXT(2) 
PARAMETRIC_REPRESENTATION_CONTEXT() REPRESENTATION_CONTEXT('2D SPACE',''
  ) );
#2187 = PCURVE('',#2188,#2193);
#2188 = CYLINDRICAL_SURFACE('',#2189,5.);
#2189 = AXIS2_PLACEMENT_3D('',#2190,#2191,#2192);
#2190 = CARTESIAN_POINT('',(72.25,-47.,0.));
#2191 = DIRECTION('',(-0.,-0.,-1.));
#2192 = DIRECTION('',(1.,0.,0.));
#2193 = DEFINITIONAL_REPRESENTATION('',(#2194),#2198);
#2194 = LINE('',#2195,#2196);
#2195 = CARTESIAN_POINT('',(-0.,0.));
#2196 = VECTOR('',#2197,1.);
#2197 = DIRECTION('',(-1.,0.));
#2198 = ( GEOMETRIC_REPRESENTATION_CONTEXT(2) 
PARAMETRIC_REPRESENTATION_CONTEXT() REPRESENTATION_CONTEXT('2D SPACE',''
  ) );
#2199 = ADVANCED_FACE('',(#2200),#1127,.T.);
#2200 = FACE_BOUND('',#2201,.T.);
#2201 = EDGE_LOOP('',(#2202,#2203,#2204,#2205));
#2202 = ORIENTED_EDGE('',*,*,#2150,.T.);
#2203 = ORIENTED_EDGE('',*,*,#1113,.T.);
#2204 = ORIENTED_EDGE('',*,*,#2093,.F.);
#2205 = ORIENTED_EDGE('',*,*,#2206,.F.);
#2206 = EDGE_CURVE('',#2151,#2094,#2207,.T.);
#2207 = SURFACE_CURVE('',#2208,(#2212,#2219),.PCURVE_S1.);
#2208 = LINE('',#2209,#2210);
#2209 = CARTESIAN_POINT('',(77.25,-47.00000000001,0.));
#2210 = VECTOR('',#2211,1.);
#2211 = DIRECTION('',(0.,1.,0.));
#2212 = PCURVE('',#1127,#2213);
#2213 = DEFINITIONAL_REPRESENTATION('',(#2214),#2218);
#2214 = LINE('',#2215,#2216);
#2215 = CARTESIAN_POINT('',(0.,0.));
#2216 = VECTOR('',#2217,1.);
#2217 = DIRECTION('',(1.,0.));
#2218 = ( GEOMETRIC_REPRESENTATION_CONTEXT(2) 
PARAMETRIC_REPRESENTATION_CONTEXT() REPRESENTATION_CONTEXT('2D SPACE',''
  ) );
#2219 = PCURVE('',#2220,#2225);
#2220 = PLANE('',#2221);
#2221 = AXIS2_PLACEMENT_3D('',#2222,#2223,#2224);
#2222 = CARTESIAN_POINT('',(77.25,-47.00000000001,0.));
#2223 = DIRECTION('',(-1.,0.,0.));
#2224 = DIRECTION('',(0.,1.,0.));
#2225 = DEFINITIONAL_REPRESENTATION('',(#2226),#2230);
#2226 = LINE('',#2227,#2228);
#2227 = CARTESIAN_POINT('',(0.,0.));
#2228 = VECTOR('',#2229,1.);
#2229 = DIRECTION('',(1.,0.));
#2230 = ( GEOMETRIC_REPRESENTATION_CONTEXT(2) 
PARAMETRIC_REPRESENTATION_CONTEXT() REPRESENTATION_CONTEXT('2D SPACE',''
  ) );
#2231 = ADVANCED_FACE('',(#2232),#1185,.F.);
#2232 = FACE_BOUND('',#2233,.F.);
#2233 = EDGE_LOOP('',(#2234,#2257,#2258,#2259));
#2234 = ORIENTED_EDGE('',*,*,#2235,.F.);
#2235 = EDGE_CURVE('',#1145,#2236,#2238,.T.);
#2236 = VERTEX_POINT('',#2237);
#2237 = CARTESIAN_POINT('',(-70.6,46.75,1.));
#2238 = SEAM_CURVE('',#2239,(#2243,#2250),.PCURVE_S1.);
#2239 = LINE('',#2240,#2241);
#2240 = CARTESIAN_POINT('',(-70.6,46.75,1.));
#2241 = VECTOR('',#2242,1.);
#2242 = DIRECTION('',(-0.707106781187,0.,0.707106781187));
#2243 = PCURVE('',#1185,#2244);
#2244 = DEFINITIONAL_REPRESENTATION('',(#2245),#2249);
#2245 = LINE('',#2246,#2247);
#2246 = CARTESIAN_POINT('',(-0.,-0.));
#2247 = VECTOR('',#2248,1.);
#2248 = DIRECTION('',(-0.,-1.));
#2249 = ( GEOMETRIC_REPRESENTATION_CONTEXT(2) 
PARAMETRIC_REPRESENTATION_CONTEXT() REPRESENTATION_CONTEXT('2D SPACE',''
  ) );
#2250 = PCURVE('',#1185,#2251);
#2251 = DEFINITIONAL_REPRESENTATION('',(#2252),#2256);
#2252 = LINE('',#2253,#2254);
#2253 = CARTESIAN_POINT('',(-6.28318530718,-0.));
#2254 = VECTOR('',#2255,1.);
#2255 = DIRECTION('',(-0.,-1.));
#2256 = ( GEOMETRIC_REPRESENTATION_CONTEXT(2) 
PARAMETRIC_REPRESENTATION_CONTEXT() REPRESENTATION_CONTEXT('2D SPACE',''
  ) );
#2257 = ORIENTED_EDGE('',*,*,#1170,.T.);
#2258 = ORIENTED_EDGE('',*,*,#2235,.T.);
#2259 = ORIENTED_EDGE('',*,*,#2260,.F.);
#2260 = EDGE_CURVE('',#2236,#2236,#2261,.T.);
#2261 = SURFACE_CURVE('',#2262,(#2267,#2274),.PCURVE_S1.);
#2262 = CIRCLE('',#2263,1.4);
#2263 = AXIS2_PLACEMENT_3D('',#2264,#2265,#2266);
#2264 = CARTESIAN_POINT('',(-72.,46.75,1.));
#2265 = DIRECTION('',(0.,0.,1.));
#2266 = DIRECTION('',(1.,0.,0.));
#2267 = PCURVE('',#1185,#2268);
#2268 = DEFINITIONAL_REPRESENTATION('',(#2269),#2273);
#2269 = LINE('',#2270,#2271);
#2270 = CARTESIAN_POINT('',(-0.,-0.));
#2271 = VECTOR('',#2272,1.);
#2272 = DIRECTION('',(-1.,-0.));
#2273 = ( GEOMETRIC_REPRESENTATION_CONTEXT(2) 
PARAMETRIC_REPRESENTATION_CONTEXT() REPRESENTATION_CONTEXT('2D SPACE',''
  ) );
#2274 = PCURVE('',#2275,#2280);
#2275 = CYLINDRICAL_SURFACE('',#2276,1.4);
#2276 = AXIS2_PLACEMENT_3D('',#2277,#2278,#2279);
#2277 = CARTESIAN_POINT('',(-72.,46.75,4.5));
#2278 = DIRECTION('',(0.,0.,1.));
#2279 = DIRECTION('',(1.,0.,0.));
#2280 = DEFINITIONAL_REPRESENTATION('',(#2281),#2285);
#2281 = LINE('',#2282,#2283);
#2282 = CARTESIAN_POINT('',(0.,-3.5));
#2283 = VECTOR('',#2284,1.);
#2284 = DIRECTION('',(1.,0.));
#2285 = ( GEOMETRIC_REPRESENTATION_CONTEXT(2) 
PARAMETRIC_REPRESENTATION_CONTEXT() REPRESENTATION_CONTEXT('2D SPACE',''
  ) );
#2286 = ADVANCED_FACE('',(#2287),#1241,.F.);
#2287 = FACE_BOUND('',#2288,.F.);
#2288 = EDGE_LOOP('',(#2289,#2312,#2313,#2314));
#2289 = ORIENTED_EDGE('',*,*,#2290,.F.);
#2290 = EDGE_CURVE('',#1201,#2291,#2293,.T.);
#2291 = VERTEX_POINT('',#2292);
#2292 = CARTESIAN_POINT('',(73.4,46.75,1.));
#2293 = SEAM_CURVE('',#2294,(#2298,#2305),.PCURVE_S1.);
#2294 = LINE('',#2295,#2296);
#2295 = CARTESIAN_POINT('',(73.4,46.75,1.));
#2296 = VECTOR('',#2297,1.);
#2297 = DIRECTION('',(-0.707106781187,0.,0.707106781187));
#2298 = PCURVE('',#1241,#2299);
#2299 = DEFINITIONAL_REPRESENTATION('',(#2300),#2304);
#2300 = LINE('',#2301,#2302);
#2301 = CARTESIAN_POINT('',(-0.,-0.));
#2302 = VECTOR('',#2303,1.);
#2303 = DIRECTION('',(-0.,-1.));
#2304 = ( GEOMETRIC_REPRESENTATION_CONTEXT(2) 
PARAMETRIC_REPRESENTATION_CONTEXT() REPRESENTATION_CONTEXT('2D SPACE',''
  ) );
#2305 = PCURVE('',#1241,#2306);
#2306 = DEFINITIONAL_REPRESENTATION('',(#2307),#2311);
#2307 = LINE('',#2308,#2309);
#2308 = CARTESIAN_POINT('',(-6.28318530718,-0.));
#2309 = VECTOR('',#2310,1.);
#2310 = DIRECTION('',(-0.,-1.));
#2311 = ( GEOMETRIC_REPRESENTATION_CONTEXT(2) 
PARAMETRIC_REPRESENTATION_CONTEXT() REPRESENTATION_CONTEXT('2D SPACE',''
  ) );
#2312 = ORIENTED_EDGE('',*,*,#1226,.T.);
#2313 = ORIENTED_EDGE('',*,*,#2290,.T.);
#2314 = ORIENTED_EDGE('',*,*,#2315,.F.);
#2315 = EDGE_CURVE('',#2291,#2291,#2316,.T.);
#2316 = SURFACE_CURVE('',#2317,(#2322,#2329),.PCURVE_S1.);
#2317 = CIRCLE('',#2318,1.4);
#2318 = AXIS2_PLACEMENT_3D('',#2319,#2320,#2321);
#2319 = CARTESIAN_POINT('',(72.,46.75,1.));
#2320 = DIRECTION('',(0.,0.,1.));
#2321 = DIRECTION('',(1.,0.,0.));
#2322 = PCURVE('',#1241,#2323);
#2323 = DEFINITIONAL_REPRESENTATION('',(#2324),#2328);
#2324 = LINE('',#2325,#2326);
#2325 = CARTESIAN_POINT('',(-0.,-0.));
#2326 = VECTOR('',#2327,1.);
#2327 = DIRECTION('',(-1.,-0.));
#2328 = ( GEOMETRIC_REPRESENTATION_CONTEXT(2) 
PARAMETRIC_REPRESENTATION_CONTEXT() REPRESENTATION_CONTEXT('2D SPACE',''
  ) );
#2329 = PCURVE('',#2330,#2335);
#2330 = CYLINDRICAL_SURFACE('',#2331,1.4);
#2331 = AXIS2_PLACEMENT_3D('',#2332,#2333,#2334);
#2332 = CARTESIAN_POINT('',(72.,46.75,4.5));
#2333 = DIRECTION('',(0.,0.,1.));
#2334 = DIRECTION('',(1.,0.,0.));
#2335 = DEFINITIONAL_REPRESENTATION('',(#2336),#2340);
#2336 = LINE('',#2337,#2338);
#2337 = CARTESIAN_POINT('',(0.,-3.5));
#2338 = VECTOR('',#2339,1.);
#2339 = DIRECTION('',(1.,0.));
#2340 = ( GEOMETRIC_REPRESENTATION_CONTEXT(2) 
PARAMETRIC_REPRESENTATION_CONTEXT() REPRESENTATION_CONTEXT('2D SPACE',''
  ) );
#2341 = ADVANCED_FACE('',(#2342),#1297,.F.);
#2342 = FACE_BOUND('',#2343,.F.);
#2343 = EDGE_LOOP('',(#2344,#2367,#2368,#2369));
#2344 = ORIENTED_EDGE('',*,*,#2345,.F.);
#2345 = EDGE_CURVE('',#1257,#2346,#2348,.T.);
#2346 = VERTEX_POINT('',#2347);
#2347 = CARTESIAN_POINT('',(73.4,-46.75,1.));
#2348 = SEAM_CURVE('',#2349,(#2353,#2360),.PCURVE_S1.);
#2349 = LINE('',#2350,#2351);
#2350 = CARTESIAN_POINT('',(73.4,-46.75,1.));
#2351 = VECTOR('',#2352,1.);
#2352 = DIRECTION('',(-0.707106781187,0.,0.707106781187));
#2353 = PCURVE('',#1297,#2354);
#2354 = DEFINITIONAL_REPRESENTATION('',(#2355),#2359);
#2355 = LINE('',#2356,#2357);
#2356 = CARTESIAN_POINT('',(-0.,-0.));
#2357 = VECTOR('',#2358,1.);
#2358 = DIRECTION('',(-0.,-1.));
#2359 = ( GEOMETRIC_REPRESENTATION_CONTEXT(2) 
PARAMETRIC_REPRESENTATION_CONTEXT() REPRESENTATION_CONTEXT('2D SPACE',''
  ) );
#2360 = PCURVE('',#1297,#2361);
#2361 = DEFINITIONAL_REPRESENTATION('',(#2362),#2366);
#2362 = LINE('',#2363,#2364);
#2363 = CARTESIAN_POINT('',(-6.28318530718,-0.));
#2364 = VECTOR('',#2365,1.);
#2365 = DIRECTION('',(-0.,-1.));
#2366 = ( GEOMETRIC_REPRESENTATION_CONTEXT(2) 
PARAMETRIC_REPRESENTATION_CONTEXT() REPRESENTATION_CONTEXT('2D SPACE',''
  ) );
#2367 = ORIENTED_EDGE('',*,*,#1282,.T.);
#2368 = ORIENTED_EDGE('',*,*,#2345,.T.);
#2369 = ORIENTED_EDGE('',*,*,#2370,.F.);
#2370 = EDGE_CURVE('',#2346,#2346,#2371,.T.);
#2371 = SURFACE_CURVE('',#2372,(#2377,#2384),.PCURVE_S1.);
#2372 = CIRCLE('',#2373,1.4);
#2373 = AXIS2_PLACEMENT_3D('',#2374,#2375,#2376);
#2374 = CARTESIAN_POINT('',(72.,-46.75,1.));
#2375 = DIRECTION('',(0.,0.,1.));
#2376 = DIRECTION('',(1.,0.,0.));
#2377 = PCURVE('',#1297,#2378);
#2378 = DEFINITIONAL_REPRESENTATION('',(#2379),#2383);
#2379 = LINE('',#2380,#2381);
#2380 = CARTESIAN_POINT('',(-0.,-0.));
#2381 = VECTOR('',#2382,1.);
#2382 = DIRECTION('',(-1.,-0.));
#2383 = ( GEOMETRIC_REPRESENTATION_CONTEXT(2) 
PARAMETRIC_REPRESENTATION_CONTEXT() REPRESENTATION_CONTEXT('2D SPACE',''
  ) );
#2384 = PCURVE('',#2385,#2390);
#2385 = CYLINDRICAL_SURFACE('',#2386,1.4);
#2386 = AXIS2_PLACEMENT_3D('',#2387,#2388,#2389);
#2387 = CARTESIAN_POINT('',(72.,-46.75,4.5));
#2388 = DIRECTION('',(0.,0.,1.));
#2389 = DIRECTION('',(1.,0.,0.));
#2390 = DEFINITIONAL_REPRESENTATION('',(#2391),#2395);
#2391 = LINE('',#2392,#2393);
#2392 = CARTESIAN_POINT('',(0.,-3.5));
#2393 = VECTOR('',#2394,1.);
#2394 = DIRECTION('',(1.,0.));
#2395 = ( GEOMETRIC_REPRESENTATION_CONTEXT(2) 
PARAMETRIC_REPRESENTATION_CONTEXT() REPRESENTATION_CONTEXT('2D SPACE',''
  ) );
#2396 = ADVANCED_FACE('',(#2397),#1352,.F.);
#2397 = FACE_BOUND('',#2398,.F.);
#2398 = EDGE_LOOP('',(#2399,#2587,#2588,#2612));
#2399 = ORIENTED_EDGE('',*,*,#2400,.F.);
#2400 = EDGE_CURVE('',#1336,#2401,#2403,.T.);
#2401 = VERTEX_POINT('',#2402);
#2402 = CARTESIAN_POINT('',(-68.21879648788,-49.,-2.22044604925E-16));
#2403 = SURFACE_CURVE('',#2404,(#2463,#2525),.PCURVE_S1.);
#2404 = B_SPLINE_CURVE_WITH_KNOTS('',8,(#2405,#2406,#2407,#2408,#2409,
    #2410,#2411,#2412,#2413,#2414,#2415,#2416,#2417,#2418,#2419,#2420,
    #2421,#2422,#2423,#2424,#2425,#2426,#2427,#2428,#2429,#2430,#2431,
    #2432,#2433,#2434,#2435,#2436,#2437,#2438,#2439,#2440,#2441,#2442,
    #2443,#2444,#2445,#2446,#2447,#2448,#2449,#2450,#2451,#2452,#2453,
    #2454,#2455,#2456,#2457,#2458,#2459,#2460,#2461,#2462),
  .UNSPECIFIED.,.F.,.F.,(9,7,7,7,7,7,7,7,9),(0.,2.65334017088E-02,
    4.596562168393E-02,7.801431199576E-02,0.153643079322,0.32124186891,
    0.484308181477,0.750698949243,1.),.UNSPECIFIED.);
#2405 = CARTESIAN_POINT('',(-71.00125078222,-50.,1.));
#2406 = CARTESIAN_POINT('',(-71.00125078222,-50.,0.990603437862));
#2407 = CARTESIAN_POINT('',(-71.00057879177,-49.9998990659,
    0.981204396568));
#2408 = CARTESIAN_POINT('',(-70.99923447737,-49.99969718198,
    0.971849151197));
#2409 = CARTESIAN_POINT('',(-70.99723783667,-49.99939693076,
    0.962575810663));
#2410 = CARTESIAN_POINT('',(-70.99462412333,-49.99900284972,
    0.953415086734));
#2411 = CARTESIAN_POINT('',(-70.9914387719,-49.99852078795,
    0.944391063049));
#2412 = CARTESIAN_POINT('',(-70.98773232274,-49.99795726291,
    0.935521964134));
#2413 = CARTESIAN_POINT('',(-70.98049626252,-49.99685123964,
    0.920448559513));
#2414 = CARTESIAN_POINT('',(-70.97718384572,-49.9963433342,0.91416423541
    ));
#2415 = CARTESIAN_POINT('',(-70.97363685219,-49.99579749562,
    0.907970745695));
#2416 = CARTESIAN_POINT('',(-70.96987356297,-49.99521605756,
    0.90186949041));
#2417 = CARTESIAN_POINT('',(-70.96591142162,-49.99460124332,
    0.895860631019));
#2418 = CARTESIAN_POINT('',(-70.96176667136,-49.99395511665,
    0.889943245385));
#2419 = CARTESIAN_POINT('',(-70.95745399226,-49.99327953259,
    0.884115482737));
#2420 = CARTESIAN_POINT('',(-70.94561750695,-49.99141592895,
    0.86890673347));
#2421 = CARTESIAN_POINT('',(-70.93782904779,-49.99018034447,
    0.85967808923));
#2422 = CARTESIAN_POINT('',(-70.92967768377,-49.98887641529,
    0.850675241733));
#2423 = CARTESIAN_POINT('',(-70.92121217247,-49.98751023217,
    0.84188519778));
#2424 = CARTESIAN_POINT('',(-70.91247355965,-49.98608692217,
    0.833295244347));
#2425 = CARTESIAN_POINT('',(-70.90349563282,-49.98461067481,
    0.824892677765));
#2426 = CARTESIAN_POINT('',(-70.89430537473,-49.98308476818,
    0.816664532906));
#2427 = CARTESIAN_POINT('',(-70.86278379437,-49.97779920786,
    0.789560217896));
#2428 = CARTESIAN_POINT('',(-70.83960122616,-49.97382769782,
    0.77144035233));
#2429 = CARTESIAN_POINT('',(-70.81565156469,-49.9696294459,
    0.754060384915));
#2430 = CARTESIAN_POINT('',(-70.7911128993,-49.96522535174,
    0.737313919592));
#2431 = CARTESIAN_POINT('',(-70.76611271827,-49.96063081096,
    0.721120225024));
#2432 = CARTESIAN_POINT('',(-70.74074161171,-49.95585677179,
    0.705410764801));
#2433 = CARTESIAN_POINT('',(-70.71505446142,-49.9509089949,
    0.690128036808));
#2434 = CARTESIAN_POINT('',(-70.63151893008,-49.93444156732,
    0.642173811941));
#2435 = CARTESIAN_POINT('',(-70.57265624236,-49.92226849083,
    0.611019895721));
#2436 = CARTESIAN_POINT('',(-70.51297080105,-49.90931882764,
    0.58124833788));
#2437 = CARTESIAN_POINT('',(-70.45268872055,-49.895616815,0.55265832104)
  );
#2438 = CARTESIAN_POINT('',(-70.39198506621,-49.88118381155,
    0.525085540887));
#2439 = CARTESIAN_POINT('',(-70.33095649513,-49.86603195819,
    0.498437491541));
#2440 = CARTESIAN_POINT('',(-70.26966813724,-49.85016816616,
    0.472634173407));
#2441 = CARTESIAN_POINT('',(-70.14828777314,-49.81746201835,
    0.42327786526));
#2442 = CARTESIAN_POINT('',(-70.08823530463,-49.80066499744,
    0.399693597775));
#2443 = CARTESIAN_POINT('',(-70.02803895458,-49.78320647975,
    0.376820230845));
#2444 = CARTESIAN_POINT('',(-69.9677363464,-49.76509240285,
    0.354632438095));
#2445 = CARTESIAN_POINT('',(-69.90735692761,-49.74632838079,
    0.333117181188));
#2446 = CARTESIAN_POINT('',(-69.84692497299,-49.72691990769,
    0.312269013745));
#2447 = CARTESIAN_POINT('',(-69.78646109557,-49.70687242161,
    0.292087793581));
#2448 = CARTESIAN_POINT('',(-69.62718195729,-49.65240571707,
    0.240708241975));
#2449 = CARTESIAN_POINT('',(-69.52834653602,-49.61693058113,
    0.210632846302));
#2450 = CARTESIAN_POINT('',(-69.42955216027,-49.5797898836,
    0.182375376059));
#2451 = CARTESIAN_POINT('',(-69.33086302348,-49.54101054775,
    0.155992384816));
#2452 = CARTESIAN_POINT('',(-69.23233784998,-49.50062338043,
    0.131563598486));
#2453 = CARTESIAN_POINT('',(-69.13403430717,-49.4586640338,
    0.109185724299));
#2454 = CARTESIAN_POINT('',(-69.03601133375,-49.41517390598,
    8.897069017491E-02));
#2455 = CARTESIAN_POINT('',(-68.84691400671,-49.32811319475,
    5.427570961885E-02));
#2456 = CARTESIAN_POINT('',(-68.75580225737,-49.28472898896,
    3.951162616723E-02));
#2457 = CARTESIAN_POINT('',(-68.66504256842,-49.24008746668,
    2.686221174653E-02));
#2458 = CARTESIAN_POINT('',(-68.57469060591,-49.19423502819,
    1.644617697981E-02));
#2459 = CARTESIAN_POINT('',(-68.48481051905,-49.1472271651,
    8.396049925541E-03));
#2460 = CARTESIAN_POINT('',(-68.39547618958,-49.09913025492,
    2.859430498871E-03));
#2461 = CARTESIAN_POINT('',(-68.306772481,-49.05002335558,
    2.448929070013E-07));
#2462 = CARTESIAN_POINT('',(-68.21879648788,-49.,0.));
#2463 = PCURVE('',#1352,#2464);
#2464 = DEFINITIONAL_REPRESENTATION('',(#2465),#2524);
#2465 = B_SPLINE_CURVE_WITH_KNOTS('',8,(#2466,#2467,#2468,#2469,#2470,
    #2471,#2472,#2473,#2474,#2475,#2476,#2477,#2478,#2479,#2480,#2481,
    #2482,#2483,#2484,#2485,#2486,#2487,#2488,#2489,#2490,#2491,#2492,
    #2493,#2494,#2495,#2496,#2497,#2498,#2499,#2500,#2501,#2502,#2503,
    #2504,#2505,#2506,#2507,#2508,#2509,#2510,#2511,#2512,#2513,#2514,
    #2515,#2516,#2517,#2518,#2519,#2520,#2521,#2522,#2523),
  .UNSPECIFIED.,.F.,.F.,(9,7,7,7,7,7,7,7,9),(0.,2.65334017088E-02,
    4.596562168393E-02,7.801431199576E-02,0.153643079322,0.32124186891,
    0.484308181477,0.750698949243,1.),.UNSPECIFIED.);
#2466 = CARTESIAN_POINT('',(7.105427357601E-15,3.14159265359));
#2467 = CARTESIAN_POINT('',(7.105427357601E-15,3.150989215728));
#2468 = CARTESIAN_POINT('',(1.976434691127E-04,3.160388245263));
#2469 = CARTESIAN_POINT('',(5.930313734588E-04,3.169744769639));
#2470 = CARTESIAN_POINT('',(1.180245822266E-03,3.179021915791));
#2471 = CARTESIAN_POINT('',(1.94885263087E-03,3.188190096971));
#2472 = CARTESIAN_POINT('',(2.885403883738E-03,3.197226199589));
#2473 = CARTESIAN_POINT('',(3.97494049751E-03,3.206112770045));
#2474 = CARTESIAN_POINT('',(6.101516522281E-03,3.221226697871));
#2475 = CARTESIAN_POINT('',(7.074848056306E-03,3.227531339984));
#2476 = CARTESIAN_POINT('',(8.116935428414E-03,3.233748566113));
#2477 = CARTESIAN_POINT('',(9.222364768816E-03,3.239877160455));
#2478 = CARTESIAN_POINT('',(1.038596947762E-02,3.245917106702));
#2479 = CARTESIAN_POINT('',(1.160293740684E-02,3.251869441555));
#2480 = CARTESIAN_POINT('',(1.286891804239E-02,3.257736108242));
#2481 = CARTESIAN_POINT('',(1.634265233965E-02,3.273058610413));
#2482 = CARTESIAN_POINT('',(1.862754381116E-02,3.28236902258));
#2483 = CARTESIAN_POINT('',(2.101792169404E-02,3.291464943931));
#2484 = CARTESIAN_POINT('',(2.349932320063E-02,3.300359594064));
#2485 = CARTESIAN_POINT('',(2.605956844917E-02,3.309065828347));
#2486 = CARTESIAN_POINT('',(2.868862375067E-02,3.317596451476));
#2487 = CARTESIAN_POINT('',(3.137846489591E-02,3.325964531045));
#2488 = CARTESIAN_POINT('',(4.059937678039E-02,3.353579400954));
#2489 = CARTESIAN_POINT('',(4.73728646113E-02,3.372124423616));
#2490 = CARTESIAN_POINT('',(5.436119633078E-02,3.389997706534));
#2491 = CARTESIAN_POINT('',(6.151115830067E-02,3.407306843846));
#2492 = CARTESIAN_POINT('',(6.878458685799E-02,3.42413367925));
#2493 = CARTESIAN_POINT('',(7.615426190971E-02,3.440548043315));
#2494 = CARTESIAN_POINT('',(8.360347472279E-02,3.456609216663));
#2495 = CARTESIAN_POINT('',(0.107787151589,3.507312114546));
#2496 = CARTESIAN_POINT('',(0.1247654361,3.540730759579));
#2497 = CARTESIAN_POINT('',(0.141911289435,3.573159042234));
#2498 = CARTESIAN_POINT('',(0.159153424574,3.604821032457));
#2499 = CARTESIAN_POINT('',(0.176436141019,3.635905068408));
#2500 = CARTESIAN_POINT('',(0.193727198835,3.666529257912));
#2501 = CARTESIAN_POINT('',(0.211003727351,3.69680157995));
#2502 = CARTESIAN_POINT('',(0.245038063288,3.756010846613));
#2503 = CARTESIAN_POINT('',(0.261789671277,3.784948872091));
#2504 = CARTESIAN_POINT('',(0.278491075526,3.813697562096));
#2505 = CARTESIAN_POINT('',(0.295128389251,3.842310001705));
#2506 = CARTESIAN_POINT('',(0.311690404174,3.87082801088));
#2507 = CARTESIAN_POINT('',(0.328167694658,3.899286935484));
#2508 = CARTESIAN_POINT('',(0.344552161355,3.927718102348));
#2509 = CARTESIAN_POINT('',(0.387440513474,4.002594535398));
#2510 = CARTESIAN_POINT('',(0.413776871602,4.049037448157));
#2511 = CARTESIAN_POINT('',(0.439815935552,4.095596874793));
#2512 = CARTESIAN_POINT('',(0.465533018386,4.142367681846));
#2513 = CARTESIAN_POINT('',(0.490907056825,4.189431931354));
#2514 = CARTESIAN_POINT('',(0.515919377351,4.236867110108));
#2515 = CARTESIAN_POINT('',(0.540553071027,4.284751061081));
#2516 = CARTESIAN_POINT('',(0.587477824876,4.378470371347));
#2517 = CARTESIAN_POINT('',(0.609816553549,4.424237645923));
#2518 = CARTESIAN_POINT('',(0.631797066166,4.470532307254));
#2519 = CARTESIAN_POINT('',(0.653407027892,4.517420547033));
#2520 = CARTESIAN_POINT('',(0.674633719957,4.564971087038));
#2521 = CARTESIAN_POINT('',(0.695463893658,4.613258384035));
#2522 = CARTESIAN_POINT('',(0.715883624375,4.662365834674));
#2523 = CARTESIAN_POINT('',(0.735878165579,4.712388980385));
#2524 = ( GEOMETRIC_REPRESENTATION_CONTEXT(2) 
PARAMETRIC_REPRESENTATION_CONTEXT() REPRESENTATION_CONTEXT('2D SPACE',''
  ) );
#2525 = PCURVE('',#1540,#2526);
#2526 = DEFINITIONAL_REPRESENTATION('',(#2527),#2586);
#2527 = B_SPLINE_CURVE_WITH_KNOTS('',8,(#2528,#2529,#2530,#2531,#2532,
    #2533,#2534,#2535,#2536,#2537,#2538,#2539,#2540,#2541,#2542,#2543,
    #2544,#2545,#2546,#2547,#2548,#2549,#2550,#2551,#2552,#2553,#2554,
    #2555,#2556,#2557,#2558,#2559,#2560,#2561,#2562,#2563,#2564,#2565,
    #2566,#2567,#2568,#2569,#2570,#2571,#2572,#2573,#2574,#2575,#2576,
    #2577,#2578,#2579,#2580,#2581,#2582,#2583,#2584,#2585),
  .UNSPECIFIED.,.F.,.F.,(9,7,7,7,7,7,7,7,9),(0.,2.65334017088E-02,
    4.596562168393E-02,7.801431199576E-02,0.153643079322,0.32124186891,
    0.484308181477,0.750698949243,1.),.UNSPECIFIED.);
#2528 = CARTESIAN_POINT('',(0.,2.84217094304E-14));
#2529 = CARTESIAN_POINT('',(9.396562138056E-03,2.841460659615E-14));
#2530 = CARTESIAN_POINT('',(1.87955916729E-02,6.719904548032E-04));
#2531 = CARTESIAN_POINT('',(2.815211604966E-02,2.016304853591E-03));
#2532 = CARTESIAN_POINT('',(3.7429262201E-02,4.012945554301E-03));
#2533 = CARTESIAN_POINT('',(4.659744338111E-02,6.626658898108E-03));
#2534 = CARTESIAN_POINT('',(5.563354599952E-02,9.812010324044E-03));
#2535 = CARTESIAN_POINT('',(6.452011645503E-02,1.351845948359E-02));
#2536 = CARTESIAN_POINT('',(7.963404428106E-02,2.075451970713E-02));
#2537 = CARTESIAN_POINT('',(8.593868639401E-02,2.406693650121E-02));
#2538 = CARTESIAN_POINT('',(9.215591252332E-02,2.761393003236E-02));
#2539 = CARTESIAN_POINT('',(9.828450686526E-02,3.137721925122E-02));
#2540 = CARTESIAN_POINT('',(0.104324453112,3.533936060184E-02));
#2541 = CARTESIAN_POINT('',(0.110276787965,3.948411085928E-02));
#2542 = CARTESIAN_POINT('',(0.116143454652,4.379678996722E-02));
#2543 = CARTESIAN_POINT('',(0.131465956823,5.563327527482E-02));
#2544 = CARTESIAN_POINT('',(0.14077636899,6.342173443599E-02));
#2545 = CARTESIAN_POINT('',(0.149872290341,7.157309845463E-02));
#2546 = CARTESIAN_POINT('',(0.158766940474,8.003860975661E-02));
#2547 = CARTESIAN_POINT('',(0.167473174757,8.877722257046E-02));
#2548 = CARTESIAN_POINT('',(0.176003797886,9.775514939973E-02));
#2549 = CARTESIAN_POINT('',(0.184371877456,0.106945407495));
#2550 = CARTESIAN_POINT('',(0.211986747364,0.138466987856));
#2551 = CARTESIAN_POINT('',(0.230531770026,0.161649556061));
#2552 = CARTESIAN_POINT('',(0.248405052945,0.185599217537));
#2553 = CARTESIAN_POINT('',(0.265714190257,0.210137882925));
#2554 = CARTESIAN_POINT('',(0.28254102566,0.23513806395));
#2555 = CARTESIAN_POINT('',(0.298955389725,0.260509170514));
#2556 = CARTESIAN_POINT('',(0.315016563073,0.2861963208));
#2557 = CARTESIAN_POINT('',(0.365719460956,0.36973185214));
#2558 = CARTESIAN_POINT('',(0.39913810599,0.42859453986));
#2559 = CARTESIAN_POINT('',(0.431566388644,0.488279981171));
#2560 = CARTESIAN_POINT('',(0.463228378867,0.548562061673));
#2561 = CARTESIAN_POINT('',(0.494312414818,0.609265716013));
#2562 = CARTESIAN_POINT('',(0.524936604323,0.670294287092));
#2563 = CARTESIAN_POINT('',(0.55520892636,0.731582644987));
#2564 = CARTESIAN_POINT('',(0.614418193023,0.852963009086));
#2565 = CARTESIAN_POINT('',(0.643356218501,0.913015477589));
#2566 = CARTESIAN_POINT('',(0.672104908506,0.97321182764));
#2567 = CARTESIAN_POINT('',(0.700717348115,1.033514435828));
#2568 = CARTESIAN_POINT('',(0.72923535729,1.093893854617));
#2569 = CARTESIAN_POINT('',(0.757694281894,1.154325809235));
#2570 = CARTESIAN_POINT('',(0.786125448758,1.21478968665));
#2571 = CARTESIAN_POINT('',(0.861001881808,1.37406882493));
#2572 = CARTESIAN_POINT('',(0.907444794567,1.4729042462));
#2573 = CARTESIAN_POINT('',(0.954004221203,1.571698621953));
#2574 = CARTESIAN_POINT('',(1.000775028256,1.670387758748));
#2575 = CARTESIAN_POINT('',(1.047839277765,1.768912932241));
#2576 = CARTESIAN_POINT('',(1.095274456518,1.867216475057));
#2577 = CARTESIAN_POINT('',(1.143158407492,1.965239448469));
#2578 = CARTESIAN_POINT('',(1.236877717758,2.154336775517));
#2579 = CARTESIAN_POINT('',(1.282644992333,2.245448524857));
#2580 = CARTESIAN_POINT('',(1.328939653664,2.3362082138));
#2581 = CARTESIAN_POINT('',(1.375827893443,2.426560176317));
#2582 = CARTESIAN_POINT('',(1.423378433448,2.516440263175));
#2583 = CARTESIAN_POINT('',(1.471665730445,2.605774592648));
#2584 = CARTESIAN_POINT('',(1.520773181084,2.694478301229));
#2585 = CARTESIAN_POINT('',(1.570796326795,2.782454294339));
#2586 = ( GEOMETRIC_REPRESENTATION_CONTEXT(2) 
PARAMETRIC_REPRESENTATION_CONTEXT() REPRESENTATION_CONTEXT('2D SPACE',''
  ) );
#2587 = ORIENTED_EDGE('',*,*,#1335,.T.);
#2588 = ORIENTED_EDGE('',*,*,#2589,.T.);
#2589 = EDGE_CURVE('',#1313,#2590,#2592,.T.);
#2590 = VERTEX_POINT('',#2591);
#2591 = CARTESIAN_POINT('',(-67.6,-46.75,0.));
#2592 = SURFACE_CURVE('',#2593,(#2598,#2605),.PCURVE_S1.);
#2593 = CIRCLE('',#2594,1.);
#2594 = AXIS2_PLACEMENT_3D('',#2595,#2596,#2597);
#2595 = CARTESIAN_POINT('',(-67.6,-46.75,1.));
#2596 = DIRECTION('',(-1.054711873394E-15,-1.,0.));
#2597 = DIRECTION('',(1.,-1.054711873394E-15,0.));
#2598 = PCURVE('',#1352,#2599);
#2599 = DEFINITIONAL_REPRESENTATION('',(#2600),#2604);
#2600 = LINE('',#2601,#2602);
#2601 = CARTESIAN_POINT('',(1.272649004451,0.));
#2602 = VECTOR('',#2603,1.);
#2603 = DIRECTION('',(0.,1.));
#2604 = ( GEOMETRIC_REPRESENTATION_CONTEXT(2) 
PARAMETRIC_REPRESENTATION_CONTEXT() REPRESENTATION_CONTEXT('2D SPACE',''
  ) );
#2605 = PCURVE('',#1593,#2606);
#2606 = DEFINITIONAL_REPRESENTATION('',(#2607),#2611);
#2607 = LINE('',#2608,#2609);
#2608 = CARTESIAN_POINT('',(0.,0.));
#2609 = VECTOR('',#2610,1.);
#2610 = DIRECTION('',(0.,1.));
#2611 = ( GEOMETRIC_REPRESENTATION_CONTEXT(2) 
PARAMETRIC_REPRESENTATION_CONTEXT() REPRESENTATION_CONTEXT('2D SPACE',''
  ) );
#2612 = ORIENTED_EDGE('',*,*,#2613,.F.);
#2613 = EDGE_CURVE('',#2401,#2590,#2614,.T.);
#2614 = SURFACE_CURVE('',#2615,(#2620,#2627),.PCURVE_S1.);
#2615 = CIRCLE('',#2616,4.4);
#2616 = AXIS2_PLACEMENT_3D('',#2617,#2618,#2619);
#2617 = CARTESIAN_POINT('',(-72.,-46.75,0.));
#2618 = DIRECTION('',(-0.,0.,1.));
#2619 = DIRECTION('',(0.293749769933,-0.955882352941,0.));
#2620 = PCURVE('',#1352,#2621);
#2621 = DEFINITIONAL_REPRESENTATION('',(#2622),#2626);
#2622 = LINE('',#2623,#2624);
#2623 = CARTESIAN_POINT('',(0.,4.712388980385));
#2624 = VECTOR('',#2625,1.);
#2625 = DIRECTION('',(1.,0.));
#2626 = ( GEOMETRIC_REPRESENTATION_CONTEXT(2) 
PARAMETRIC_REPRESENTATION_CONTEXT() REPRESENTATION_CONTEXT('2D SPACE',''
  ) );
#2627 = PCURVE('',#2628,#2633);
#2628 = PLANE('',#2629);
#2629 = AXIS2_PLACEMENT_3D('',#2630,#2631,#2632);
#2630 = CARTESIAN_POINT('',(2.573324107366E-15,3.314553333944E-15,0.));
#2631 = DIRECTION('',(0.,0.,1.));
#2632 = DIRECTION('',(1.,0.,0.));
#2633 = DEFINITIONAL_REPRESENTATION('',(#2634),#2638);
#2634 = CIRCLE('',#2635,4.4);
#2635 = AXIS2_PLACEMENT_2D('',#2636,#2637);
#2636 = CARTESIAN_POINT('',(-72.,-46.75));
#2637 = DIRECTION('',(0.293749769933,-0.955882352941));
#2638 = ( GEOMETRIC_REPRESENTATION_CONTEXT(2) 
PARAMETRIC_REPRESENTATION_CONTEXT() REPRESENTATION_CONTEXT('2D SPACE',''
  ) );
#2639 = ADVANCED_FACE('',(#2640),#1540,.F.);
#2640 = FACE_BOUND('',#2641,.F.);
#2641 = EDGE_LOOP('',(#2642,#2643,#2666,#2857));
#2642 = ORIENTED_EDGE('',*,*,#2400,.T.);
#2643 = ORIENTED_EDGE('',*,*,#2644,.T.);
#2644 = EDGE_CURVE('',#2401,#2645,#2647,.T.);
#2645 = VERTEX_POINT('',#2646);
#2646 = CARTESIAN_POINT('',(68.218796487889,-49.,0.));
#2647 = SURFACE_CURVE('',#2648,(#2652,#2659),.PCURVE_S1.);
#2648 = LINE('',#2649,#2650);
#2649 = CARTESIAN_POINT('',(-71.00125078222,-49.,-2.22044604925E-16));
#2650 = VECTOR('',#2651,1.);
#2651 = DIRECTION('',(1.,0.,0.));
#2652 = PCURVE('',#1540,#2653);
#2653 = DEFINITIONAL_REPRESENTATION('',(#2654),#2658);
#2654 = LINE('',#2655,#2656);
#2655 = CARTESIAN_POINT('',(1.570796326795,0.));
#2656 = VECTOR('',#2657,1.);
#2657 = DIRECTION('',(0.,1.));
#2658 = ( GEOMETRIC_REPRESENTATION_CONTEXT(2) 
PARAMETRIC_REPRESENTATION_CONTEXT() REPRESENTATION_CONTEXT('2D SPACE',''
  ) );
#2659 = PCURVE('',#2628,#2660);
#2660 = DEFINITIONAL_REPRESENTATION('',(#2661),#2665);
#2661 = LINE('',#2662,#2663);
#2662 = CARTESIAN_POINT('',(-71.00125078222,-49.));
#2663 = VECTOR('',#2664,1.);
#2664 = DIRECTION('',(1.,0.));
#2665 = ( GEOMETRIC_REPRESENTATION_CONTEXT(2) 
PARAMETRIC_REPRESENTATION_CONTEXT() REPRESENTATION_CONTEXT('2D SPACE',''
  ) );
#2666 = ORIENTED_EDGE('',*,*,#2667,.F.);
#2667 = EDGE_CURVE('',#1499,#2645,#2668,.T.);
#2668 = SURFACE_CURVE('',#2669,(#2728,#2790),.PCURVE_S1.);
#2669 = B_SPLINE_CURVE_WITH_KNOTS('',8,(#2670,#2671,#2672,#2673,#2674,
    #2675,#2676,#2677,#2678,#2679,#2680,#2681,#2682,#2683,#2684,#2685,
    #2686,#2687,#2688,#2689,#2690,#2691,#2692,#2693,#2694,#2695,#2696,
    #2697,#2698,#2699,#2700,#2701,#2702,#2703,#2704,#2705,#2706,#2707,
    #2708,#2709,#2710,#2711,#2712,#2713,#2714,#2715,#2716,#2717,#2718,
    #2719,#2720,#2721,#2722,#2723,#2724,#2725,#2726,#2727),
  .UNSPECIFIED.,.F.,.F.,(9,7,7,7,7,7,7,7,9),(0.,2.653340137963E-02,
    4.596562121192E-02,7.801431128753E-02,0.153643078076,0.321241866536,
    0.484308178043,0.7506989441,1.),.UNSPECIFIED.);
#2670 = CARTESIAN_POINT('',(71.001250782227,-50.,1.));
#2671 = CARTESIAN_POINT('',(71.001250782227,-50.,0.990603437917));
#2672 = CARTESIAN_POINT('',(71.000578791782,-49.9998990659,0.98120439668
    ));
#2673 = CARTESIAN_POINT('',(70.9992344774,-49.99969718199,0.971849151365
    ));
#2674 = CARTESIAN_POINT('',(70.997237836722,-49.99939693077,
    0.962575810884));
#2675 = CARTESIAN_POINT('',(70.994624123407,-49.99900284973,
    0.953415087006));
#2676 = CARTESIAN_POINT('',(70.991438772017,-49.99852078796,
    0.944391063371));
#2677 = CARTESIAN_POINT('',(70.987732322899,-49.99795726293,
    0.935521964503));
#2678 = CARTESIAN_POINT('',(70.980496262737,-49.99685123967,
    0.920448559927));
#2679 = CARTESIAN_POINT('',(70.977183845959,-49.99634333424,
    0.914164235824));
#2680 = CARTESIAN_POINT('',(70.973636852444,-49.99579749566,
    0.90797074611));
#2681 = CARTESIAN_POINT('',(70.969873563241,-49.9952160576,
    0.901869490824));
#2682 = CARTESIAN_POINT('',(70.965911421905,-49.99460124336,
    0.895860631433));
#2683 = CARTESIAN_POINT('',(70.961766671662,-49.9939551167,
    0.889943245798));
#2684 = CARTESIAN_POINT('',(70.957453992568,-49.99327953264,
    0.884115483149));
#2685 = CARTESIAN_POINT('',(70.945617507296,-49.991415929,0.868906733881
    ));
#2686 = CARTESIAN_POINT('',(70.937829048157,-49.99018034452,
    0.85967808964));
#2687 = CARTESIAN_POINT('',(70.929677684158,-49.98887641536,
    0.850675242143));
#2688 = CARTESIAN_POINT('',(70.921212172875,-49.98751023224,
    0.841885198189));
#2689 = CARTESIAN_POINT('',(70.91247356008,-49.98608692224,
    0.833295244755));
#2690 = CARTESIAN_POINT('',(70.903495633268,-49.98461067488,
    0.824892678173));
#2691 = CARTESIAN_POINT('',(70.89430537519,-49.98308476825,
    0.816664533314));
#2692 = CARTESIAN_POINT('',(70.86278379488,-49.97779920794,
    0.789560218298));
#2693 = CARTESIAN_POINT('',(70.839601226704,-49.97382769792,
    0.771440352728));
#2694 = CARTESIAN_POINT('',(70.815651565256,-49.969629446,0.754060385311
    ));
#2695 = CARTESIAN_POINT('',(70.791112899894,-49.96522535184,
    0.737313919985));
#2696 = CARTESIAN_POINT('',(70.766112718893,-49.96063081108,
    0.721120225417));
#2697 = CARTESIAN_POINT('',(70.740741612353,-49.95585677191,
    0.705410765193));
#2698 = CARTESIAN_POINT('',(70.71505446209,-49.95090899503,
    0.690128037201));
#2699 = CARTESIAN_POINT('',(70.631518930799,-49.93444156747,
    0.642173812322));
#2700 = CARTESIAN_POINT('',(70.572656243109,-49.92226849099,
    0.611019896097));
#2701 = CARTESIAN_POINT('',(70.512970801802,-49.90931882781,
    0.581248338241));
#2702 = CARTESIAN_POINT('',(70.45268872135,-49.89561681518,0.55265832141
    ));
#2703 = CARTESIAN_POINT('',(70.391985066997,-49.88118381174,
    0.525085541239));
#2704 = CARTESIAN_POINT('',(70.330956495958,-49.86603195839,
    0.498437491897));
#2705 = CARTESIAN_POINT('',(70.269668138074,-49.85016816638,
    0.472634173756));
#2706 = CARTESIAN_POINT('',(70.148287773998,-49.81746201859,
    0.423277865598));
#2707 = CARTESIAN_POINT('',(70.088235305501,-49.80066499768,
    0.399693598105));
#2708 = CARTESIAN_POINT('',(70.028038955453,-49.78320648001,
    0.376820231167));
#2709 = CARTESIAN_POINT('',(69.967736347269,-49.76509240312,
    0.35463243841));
#2710 = CARTESIAN_POINT('',(69.907356928484,-49.74632838107,
    0.333117181496));
#2711 = CARTESIAN_POINT('',(69.84692497387,-49.72691990797,
    0.312269014045));
#2712 = CARTESIAN_POINT('',(69.786461096459,-49.7068724219,
    0.292087793874));
#2713 = CARTESIAN_POINT('',(69.627181958177,-49.65240571739,
    0.240708242244));
#2714 = CARTESIAN_POINT('',(69.528346536903,-49.61693058146,
    0.210632846556));
#2715 = CARTESIAN_POINT('',(69.429552161144,-49.57978988393,
    0.182375376297));
#2716 = CARTESIAN_POINT('',(69.330863024344,-49.54101054809,
    0.155992385038));
#2717 = CARTESIAN_POINT('',(69.232337850845,-49.50062338078,
    0.131563598692));
#2718 = CARTESIAN_POINT('',(69.134034308022,-49.45866403417,
    0.109185724488));
#2719 = CARTESIAN_POINT('',(69.036011334603,-49.41517390636,
    8.897069034663E-02));
#2720 = CARTESIAN_POINT('',(68.846914005071,-49.328113194,
    5.427570930219E-02));
#2721 = CARTESIAN_POINT('',(68.75580225127,-49.28472899116,
    3.951162541907E-02));
#2722 = CARTESIAN_POINT('',(68.665042560741,-49.24008746449,
    2.686221072384E-02));
#2723 = CARTESIAN_POINT('',(68.574690598167,-49.19423501817,
    1.64461758594E-02));
#2724 = CARTESIAN_POINT('',(68.4848105092,-49.14722715294,
    8.396048855568E-03));
#2725 = CARTESIAN_POINT('',(68.395476173706,-49.09913025067,
    2.859429600016E-03));
#2726 = CARTESIAN_POINT('',(68.306772459014,-49.05002335887,
    2.443093328943E-07));
#2727 = CARTESIAN_POINT('',(68.218796473167,-48.99999997525,0.));
#2728 = PCURVE('',#1540,#2729);
#2729 = DEFINITIONAL_REPRESENTATION('',(#2730),#2789);
#2730 = B_SPLINE_CURVE_WITH_KNOTS('',8,(#2731,#2732,#2733,#2734,#2735,
    #2736,#2737,#2738,#2739,#2740,#2741,#2742,#2743,#2744,#2745,#2746,
    #2747,#2748,#2749,#2750,#2751,#2752,#2753,#2754,#2755,#2756,#2757,
    #2758,#2759,#2760,#2761,#2762,#2763,#2764,#2765,#2766,#2767,#2768,
    #2769,#2770,#2771,#2772,#2773,#2774,#2775,#2776,#2777,#2778,#2779,
    #2780,#2781,#2782,#2783,#2784,#2785,#2786,#2787,#2788),
  .UNSPECIFIED.,.F.,.F.,(9,7,7,7,7,7,7,7,9),(0.,2.653340137963E-02,
    4.596562121192E-02,7.801431128753E-02,0.153643078076,0.321241866536,
    0.484308178043,0.7506989441,1.),.UNSPECIFIED.);
#2731 = CARTESIAN_POINT('',(0.,142.00250156445));
#2732 = CARTESIAN_POINT('',(9.396562082926E-03,142.00250156445));
#2733 = CARTESIAN_POINT('',(1.879559156092E-02,142.00182957401));
#2734 = CARTESIAN_POINT('',(2.815211588211E-02,142.00048525962));
#2735 = CARTESIAN_POINT('',(3.742926198015E-02,141.99848861895));
#2736 = CARTESIAN_POINT('',(4.659744310895E-02,141.99587490563));
#2737 = CARTESIAN_POINT('',(5.563354567755E-02,141.99268955424));
#2738 = CARTESIAN_POINT('',(6.452011608485E-02,141.98898310512));
#2739 = CARTESIAN_POINT('',(7.963404386529E-02,141.98174704496));
#2740 = CARTESIAN_POINT('',(8.593868597792E-02,141.97843462818));
#2741 = CARTESIAN_POINT('',(9.215591210714E-02,141.97488763467));
#2742 = CARTESIAN_POINT('',(9.828450644913E-02,141.97112434546));
#2743 = CARTESIAN_POINT('',(0.104324452696,141.96716220413));
#2744 = CARTESIAN_POINT('',(0.11027678755,141.96301745389));
#2745 = CARTESIAN_POINT('',(0.116143454237,141.95870477479));
#2746 = CARTESIAN_POINT('',(0.131465956408,141.94686828952));
#2747 = CARTESIAN_POINT('',(0.140776368576,141.93907983038));
#2748 = CARTESIAN_POINT('',(0.149872289927,141.93092846638));
#2749 = CARTESIAN_POINT('',(0.15876694006,141.9224629551));
#2750 = CARTESIAN_POINT('',(0.167473174343,141.9137243423));
#2751 = CARTESIAN_POINT('',(0.176003797472,141.90474641549));
#2752 = CARTESIAN_POINT('',(0.184371877041,141.89555615741));
#2753 = CARTESIAN_POINT('',(0.211986746953,141.8640345771));
#2754 = CARTESIAN_POINT('',(0.230531769617,141.84085200893));
#2755 = CARTESIAN_POINT('',(0.248405052537,141.81690234748));
#2756 = CARTESIAN_POINT('',(0.265714189849,141.79236368212));
#2757 = CARTESIAN_POINT('',(0.282541025251,141.76736350112));
#2758 = CARTESIAN_POINT('',(0.298955389315,141.74199239458));
#2759 = CARTESIAN_POINT('',(0.315016562661,141.71630524431));
#2760 = CARTESIAN_POINT('',(0.365719460549,141.63276971302));
#2761 = CARTESIAN_POINT('',(0.399138105582,141.57390702533));
#2762 = CARTESIAN_POINT('',(0.431566388247,141.51422158402));
#2763 = CARTESIAN_POINT('',(0.463228378456,141.45393950358));
#2764 = CARTESIAN_POINT('',(0.494312414419,141.39323584922));
#2765 = CARTESIAN_POINT('',(0.524936603912,141.33220727818));
#2766 = CARTESIAN_POINT('',(0.55520892595,141.2709189203));
#2767 = CARTESIAN_POINT('',(0.614418192609,141.14953855622));
#2768 = CARTESIAN_POINT('',(0.643356218089,141.08948608772));
#2769 = CARTESIAN_POINT('',(0.672104908095,141.02928973768));
#2770 = CARTESIAN_POINT('',(0.700717347704,140.96898712949));
#2771 = CARTESIAN_POINT('',(0.729235356878,140.90860771071));
#2772 = CARTESIAN_POINT('',(0.757694281482,140.84817575609));
#2773 = CARTESIAN_POINT('',(0.786125448344,140.78771187868));
#2774 = CARTESIAN_POINT('',(0.861001881395,140.6284327404));
#2775 = CARTESIAN_POINT('',(0.907444794155,140.52959731913));
#2776 = CARTESIAN_POINT('',(0.954004220792,140.43080294337));
#2777 = CARTESIAN_POINT('',(1.000775027845,140.33211380657));
#2778 = CARTESIAN_POINT('',(1.047839277353,140.23358863307));
#2779 = CARTESIAN_POINT('',(1.095274456106,140.13528509025));
#2780 = CARTESIAN_POINT('',(1.143158407078,140.03726211683));
#2781 = CARTESIAN_POINT('',(1.236877718566,139.84816478729));
#2782 = CARTESIAN_POINT('',(1.282644990258,139.75705303349));
#2783 = CARTESIAN_POINT('',(1.328939655986,139.66629334296));
#2784 = CARTESIAN_POINT('',(1.375827903571,139.57594138039));
#2785 = CARTESIAN_POINT('',(1.42337844568,139.48606129142));
#2786 = CARTESIAN_POINT('',(1.47166573473,139.39672695593));
#2787 = CARTESIAN_POINT('',(1.5207731778,139.30802324124));
#2788 = CARTESIAN_POINT('',(1.570796351536,139.22004725539));
#2789 = ( GEOMETRIC_REPRESENTATION_CONTEXT(2) 
PARAMETRIC_REPRESENTATION_CONTEXT() REPRESENTATION_CONTEXT('2D SPACE',''
  ) );
#2790 = PCURVE('',#2791,#2796);
#2791 = TOROIDAL_SURFACE('',#2792,4.4,1.);
#2792 = AXIS2_PLACEMENT_3D('',#2793,#2794,#2795);
#2793 = CARTESIAN_POINT('',(72.,-46.75,1.));
#2794 = DIRECTION('',(0.,0.,1.));
#2795 = DIRECTION('',(0.955882352941,0.293749769933,0.));
#2796 = DEFINITIONAL_REPRESENTATION('',(#2797),#2856);
#2797 = B_SPLINE_CURVE_WITH_KNOTS('',8,(#2798,#2799,#2800,#2801,#2802,
    #2803,#2804,#2805,#2806,#2807,#2808,#2809,#2810,#2811,#2812,#2813,
    #2814,#2815,#2816,#2817,#2818,#2819,#2820,#2821,#2822,#2823,#2824,
    #2825,#2826,#2827,#2828,#2829,#2830,#2831,#2832,#2833,#2834,#2835,
    #2836,#2837,#2838,#2839,#2840,#2841,#2842,#2843,#2844,#2845,#2846,
    #2847,#2848,#2849,#2850,#2851,#2852,#2853,#2854,#2855),
  .UNSPECIFIED.,.F.,.F.,(9,7,7,7,7,7,7,7,9),(0.,2.653340137963E-02,
    4.596562121192E-02,7.801431128753E-02,0.153643078076,0.321241866536,
    0.484308178043,0.7506989441,1.),.UNSPECIFIED.);
#2798 = CARTESIAN_POINT('',(4.116094335696,3.14159265359));
#2799 = CARTESIAN_POINT('',(4.116094335696,3.150989215673));
#2800 = CARTESIAN_POINT('',(4.11589669223,3.160388245151));
#2801 = CARTESIAN_POINT('',(4.11550130433,3.169744769472));
#2802 = CARTESIAN_POINT('',(4.114914089888,3.17902191557));
#2803 = CARTESIAN_POINT('',(4.114145483088,3.188190096699));
#2804 = CARTESIAN_POINT('',(4.113208931846,3.197226199267));
#2805 = CARTESIAN_POINT('',(4.112119395244,3.206112769675));
#2806 = CARTESIAN_POINT('',(4.109992819237,3.221226697455));
#2807 = CARTESIAN_POINT('',(4.109019487708,3.227531339568));
#2808 = CARTESIAN_POINT('',(4.107977400341,3.233748565697));
#2809 = CARTESIAN_POINT('',(4.106871971005,3.239877160039));
#2810 = CARTESIAN_POINT('',(4.105708366301,3.245917106286));
#2811 = CARTESIAN_POINT('',(4.104491398376,3.251869441139));
#2812 = CARTESIAN_POINT('',(4.103225417744,3.257736107826));
#2813 = CARTESIAN_POINT('',(4.099751683457,3.273058609998));
#2814 = CARTESIAN_POINT('',(4.097466791992,3.282369022166));
#2815 = CARTESIAN_POINT('',(4.095076414115,3.291464943517));
#2816 = CARTESIAN_POINT('',(4.092595012614,3.30035959365));
#2817 = CARTESIAN_POINT('',(4.090034767371,3.309065827933));
#2818 = CARTESIAN_POINT('',(4.087405712074,3.317596451061));
#2819 = CARTESIAN_POINT('',(4.084715870934,3.325964530631));
#2820 = CARTESIAN_POINT('',(4.075494959064,3.353579400543));
#2821 = CARTESIAN_POINT('',(4.068721471242,3.372124423207));
#2822 = CARTESIAN_POINT('',(4.06173313953,3.389997706126));
#2823 = CARTESIAN_POINT('',(4.054583177568,3.407306843438));
#2824 = CARTESIAN_POINT('',(4.047309749017,3.424133678841));
#2825 = CARTESIAN_POINT('',(4.039940073972,3.440548042905));
#2826 = CARTESIAN_POINT('',(4.032490861165,3.456609216251));
#2827 = CARTESIAN_POINT('',(4.008307184313,3.507312114139));
#2828 = CARTESIAN_POINT('',(3.991328899809,3.540730759172));
#2829 = CARTESIAN_POINT('',(3.974183046475,3.573159041837));
#2830 = CARTESIAN_POINT('',(3.956940911349,3.604821032045));
#2831 = CARTESIAN_POINT('',(3.9396581949,3.635905068009));
#2832 = CARTESIAN_POINT('',(3.922367137095,3.666529257501));
#2833 = CARTESIAN_POINT('',(3.90509060858,3.69680157954));
#2834 = CARTESIAN_POINT('',(3.871056272647,3.756010846199));
#2835 = CARTESIAN_POINT('',(3.854304664659,3.784948871678));
#2836 = CARTESIAN_POINT('',(3.83760326041,3.813697561684));
#2837 = CARTESIAN_POINT('',(3.820965946684,3.842310001293));
#2838 = CARTESIAN_POINT('',(3.804403931761,3.870828010468));
#2839 = CARTESIAN_POINT('',(3.787926641277,3.899286935071));
#2840 = CARTESIAN_POINT('',(3.77154217458,3.927718101934));
#2841 = CARTESIAN_POINT('',(3.728653822457,4.002594534985));
#2842 = CARTESIAN_POINT('',(3.702317464325,4.049037447745));
#2843 = CARTESIAN_POINT('',(3.676278400371,4.095596874382));
#2844 = CARTESIAN_POINT('',(3.650561317534,4.142367681435));
#2845 = CARTESIAN_POINT('',(3.625187279092,4.189431930943));
#2846 = CARTESIAN_POINT('',(3.600174958561,4.236867109696));
#2847 = CARTESIAN_POINT('',(3.575541264881,4.284751060668));
#2848 = CARTESIAN_POINT('',(3.528616510411,4.378470372156));
#2849 = CARTESIAN_POINT('',(3.5062777817,4.424237651765));
#2850 = CARTESIAN_POINT('',(3.48429726799,4.470532312025));
#2851 = CARTESIAN_POINT('',(3.462687304716,4.51742054778));
#2852 = CARTESIAN_POINT('',(3.441460612006,4.564971088534));
#2853 = CARTESIAN_POINT('',(3.420630439191,4.613258394869));
#2854 = CARTESIAN_POINT('',(3.400210709301,4.662365854839));
#2855 = CARTESIAN_POINT('',(3.380216163574,4.712388980385));
#2856 = ( GEOMETRIC_REPRESENTATION_CONTEXT(2) 
PARAMETRIC_REPRESENTATION_CONTEXT() REPRESENTATION_CONTEXT('2D SPACE',''
  ) );
#2857 = ORIENTED_EDGE('',*,*,#1526,.F.);
#2858 = ADVANCED_FACE('',(#2859),#1514,.T.);
#2859 = FACE_BOUND('',#2860,.F.);
#2860 = EDGE_LOOP('',(#2861,#2862,#2886,#2914));
#2861 = ORIENTED_EDGE('',*,*,#1498,.T.);
#2862 = ORIENTED_EDGE('',*,*,#2863,.F.);
#2863 = EDGE_CURVE('',#2864,#1499,#2866,.T.);
#2864 = VERTEX_POINT('',#2865);
#2865 = CARTESIAN_POINT('',(75.25,-45.75125078222,1.));
#2866 = SURFACE_CURVE('',#2867,(#2872,#2879),.PCURVE_S1.);
#2867 = CIRCLE('',#2868,3.4);
#2868 = AXIS2_PLACEMENT_3D('',#2869,#2870,#2871);
#2869 = CARTESIAN_POINT('',(72.,-46.75,1.));
#2870 = DIRECTION('',(0.,-0.,1.));
#2871 = DIRECTION('',(0.955882352941,0.293749769933,0.));
#2872 = PCURVE('',#1514,#2873);
#2873 = DEFINITIONAL_REPRESENTATION('',(#2874),#2878);
#2874 = LINE('',#2875,#2876);
#2875 = CARTESIAN_POINT('',(-0.298147322344,-1.));
#2876 = VECTOR('',#2877,1.);
#2877 = DIRECTION('',(-1.,0.));
#2878 = ( GEOMETRIC_REPRESENTATION_CONTEXT(2) 
PARAMETRIC_REPRESENTATION_CONTEXT() REPRESENTATION_CONTEXT('2D SPACE',''
  ) );
#2879 = PCURVE('',#2791,#2880);
#2880 = DEFINITIONAL_REPRESENTATION('',(#2881),#2885);
#2881 = LINE('',#2882,#2883);
#2882 = CARTESIAN_POINT('',(0.,3.14159265359));
#2883 = VECTOR('',#2884,1.);
#2884 = DIRECTION('',(1.,0.));
#2885 = ( GEOMETRIC_REPRESENTATION_CONTEXT(2) 
PARAMETRIC_REPRESENTATION_CONTEXT() REPRESENTATION_CONTEXT('2D SPACE',''
  ) );
#2886 = ORIENTED_EDGE('',*,*,#2887,.F.);
#2887 = EDGE_CURVE('',#2888,#2864,#2890,.T.);
#2888 = VERTEX_POINT('',#2889);
#2889 = CARTESIAN_POINT('',(75.25,-45.75125078222,4.5));
#2890 = SURFACE_CURVE('',#2891,(#2895,#2902),.PCURVE_S1.);
#2891 = LINE('',#2892,#2893);
#2892 = CARTESIAN_POINT('',(75.25,-45.75125078222,0.));
#2893 = VECTOR('',#2894,1.);
#2894 = DIRECTION('',(-0.,-0.,-1.));
#2895 = PCURVE('',#1514,#2896);
#2896 = DEFINITIONAL_REPRESENTATION('',(#2897),#2901);
#2897 = LINE('',#2898,#2899);
#2898 = CARTESIAN_POINT('',(-0.298147322344,0.));
#2899 = VECTOR('',#2900,1.);
#2900 = DIRECTION('',(-0.,1.));
#2901 = ( GEOMETRIC_REPRESENTATION_CONTEXT(2) 
PARAMETRIC_REPRESENTATION_CONTEXT() REPRESENTATION_CONTEXT('2D SPACE',''
  ) );
#2902 = PCURVE('',#2903,#2908);
#2903 = PLANE('',#2904);
#2904 = AXIS2_PLACEMENT_3D('',#2905,#2906,#2907);
#2905 = CARTESIAN_POINT('',(75.25,-47.00000000004,0.));
#2906 = DIRECTION('',(-1.,0.,0.));
#2907 = DIRECTION('',(0.,1.,0.));
#2908 = DEFINITIONAL_REPRESENTATION('',(#2909),#2913);
#2909 = LINE('',#2910,#2911);
#2910 = CARTESIAN_POINT('',(1.248749217817,0.));
#2911 = VECTOR('',#2912,1.);
#2912 = DIRECTION('',(0.,1.));
#2913 = ( GEOMETRIC_REPRESENTATION_CONTEXT(2) 
PARAMETRIC_REPRESENTATION_CONTEXT() REPRESENTATION_CONTEXT('2D SPACE',''
  ) );
#2914 = ORIENTED_EDGE('',*,*,#2915,.T.);
#2915 = EDGE_CURVE('',#2888,#1471,#2916,.T.);
#2916 = SURFACE_CURVE('',#2917,(#2922,#2929),.PCURVE_S1.);
#2917 = CIRCLE('',#2918,3.4);
#2918 = AXIS2_PLACEMENT_3D('',#2919,#2920,#2921);
#2919 = CARTESIAN_POINT('',(72.,-46.75,4.5));
#2920 = DIRECTION('',(0.,0.,1.));
#2921 = DIRECTION('',(1.,0.,0.));
#2922 = PCURVE('',#1514,#2923);
#2923 = DEFINITIONAL_REPRESENTATION('',(#2924),#2928);
#2924 = LINE('',#2925,#2926);
#2925 = CARTESIAN_POINT('',(-0.,-4.5));
#2926 = VECTOR('',#2927,1.);
#2927 = DIRECTION('',(-1.,0.));
#2928 = ( GEOMETRIC_REPRESENTATION_CONTEXT(2) 
PARAMETRIC_REPRESENTATION_CONTEXT() REPRESENTATION_CONTEXT('2D SPACE',''
  ) );
#2929 = PCURVE('',#1486,#2930);
#2930 = DEFINITIONAL_REPRESENTATION('',(#2931),#2935);
#2931 = CIRCLE('',#2932,3.4);
#2932 = AXIS2_PLACEMENT_2D('',#2933,#2934);
#2933 = CARTESIAN_POINT('',(72.,-46.75));
#2934 = DIRECTION('',(1.,0.));
#2935 = ( GEOMETRIC_REPRESENTATION_CONTEXT(2) 
PARAMETRIC_REPRESENTATION_CONTEXT() REPRESENTATION_CONTEXT('2D SPACE',''
  ) );
#2936 = ADVANCED_FACE('',(#2937,#2990),#1486,.T.);
#2937 = FACE_BOUND('',#2938,.T.);
#2938 = EDGE_LOOP('',(#2939,#2962,#2963,#2964));
#2939 = ORIENTED_EDGE('',*,*,#2940,.T.);
#2940 = EDGE_CURVE('',#2941,#2888,#2943,.T.);
#2941 = VERTEX_POINT('',#2942);
#2942 = CARTESIAN_POINT('',(75.25,-47.00000000004,4.5));
#2943 = SURFACE_CURVE('',#2944,(#2948,#2955),.PCURVE_S1.);
#2944 = LINE('',#2945,#2946);
#2945 = CARTESIAN_POINT('',(75.25,-23.50000000002,4.5));
#2946 = VECTOR('',#2947,1.);
#2947 = DIRECTION('',(0.,1.,0.));
#2948 = PCURVE('',#1486,#2949);
#2949 = DEFINITIONAL_REPRESENTATION('',(#2950),#2954);
#2950 = LINE('',#2951,#2952);
#2951 = CARTESIAN_POINT('',(75.25,-23.50000000002));
#2952 = VECTOR('',#2953,1.);
#2953 = DIRECTION('',(0.,1.));
#2954 = ( GEOMETRIC_REPRESENTATION_CONTEXT(2) 
PARAMETRIC_REPRESENTATION_CONTEXT() REPRESENTATION_CONTEXT('2D SPACE',''
  ) );
#2955 = PCURVE('',#2903,#2956);
#2956 = DEFINITIONAL_REPRESENTATION('',(#2957),#2961);
#2957 = LINE('',#2958,#2959);
#2958 = CARTESIAN_POINT('',(23.500000000023,-4.5));
#2959 = VECTOR('',#2960,1.);
#2960 = DIRECTION('',(1.,0.));
#2961 = ( GEOMETRIC_REPRESENTATION_CONTEXT(2) 
PARAMETRIC_REPRESENTATION_CONTEXT() REPRESENTATION_CONTEXT('2D SPACE',''
  ) );
#2962 = ORIENTED_EDGE('',*,*,#2915,.T.);
#2963 = ORIENTED_EDGE('',*,*,#1470,.T.);
#2964 = ORIENTED_EDGE('',*,*,#2965,.F.);
#2965 = EDGE_CURVE('',#2941,#1443,#2966,.T.);
#2966 = SURFACE_CURVE('',#2967,(#2972,#2983),.PCURVE_S1.);
#2967 = CIRCLE('',#2968,3.);
#2968 = AXIS2_PLACEMENT_3D('',#2969,#2970,#2971);
#2969 = CARTESIAN_POINT('',(72.25,-47.,4.5));
#2970 = DIRECTION('',(0.,0.,-1.));
#2971 = DIRECTION('',(1.,0.,0.));
#2972 = PCURVE('',#1486,#2973);
#2973 = DEFINITIONAL_REPRESENTATION('',(#2974),#2982);
#2974 = ( BOUNDED_CURVE() B_SPLINE_CURVE(2,(#2975,#2976,#2977,#2978,
#2979,#2980,#2981),.UNSPECIFIED.,.T.,.F.) B_SPLINE_CURVE_WITH_KNOTS((1,2
    ,2,2,2,1),(-2.094395102393,0.,2.094395102393,4.188790204786,
6.28318530718,8.377580409573),.UNSPECIFIED.) CURVE() 
GEOMETRIC_REPRESENTATION_ITEM() RATIONAL_B_SPLINE_CURVE((1.,0.5,1.,0.5,
1.,0.5,1.)) REPRESENTATION_ITEM('') );
#2975 = CARTESIAN_POINT('',(75.25,-47.));
#2976 = CARTESIAN_POINT('',(75.25,-52.1961524227));
#2977 = CARTESIAN_POINT('',(70.75,-49.59807621135));
#2978 = CARTESIAN_POINT('',(66.25,-47.));
#2979 = CARTESIAN_POINT('',(70.75,-44.40192378864));
#2980 = CARTESIAN_POINT('',(75.25,-41.80384757729));
#2981 = CARTESIAN_POINT('',(75.25,-47.));
#2982 = ( GEOMETRIC_REPRESENTATION_CONTEXT(2) 
PARAMETRIC_REPRESENTATION_CONTEXT() REPRESENTATION_CONTEXT('2D SPACE',''
  ) );
#2983 = PCURVE('',#1458,#2984);
#2984 = DEFINITIONAL_REPRESENTATION('',(#2985),#2989);
#2985 = LINE('',#2986,#2987);
#2986 = CARTESIAN_POINT('',(-6.28318530718,-4.5));
#2987 = VECTOR('',#2988,1.);
#2988 = DIRECTION('',(1.,-0.));
#2989 = ( GEOMETRIC_REPRESENTATION_CONTEXT(2) 
PARAMETRIC_REPRESENTATION_CONTEXT() REPRESENTATION_CONTEXT('2D SPACE',''
  ) );
#2990 = FACE_BOUND('',#2991,.T.);
#2991 = EDGE_LOOP('',(#2992));
#2992 = ORIENTED_EDGE('',*,*,#2993,.F.);
#2993 = EDGE_CURVE('',#2994,#2994,#2996,.T.);
#2994 = VERTEX_POINT('',#2995);
#2995 = CARTESIAN_POINT('',(73.4,-46.75,4.5));
#2996 = SURFACE_CURVE('',#2997,(#3002,#3009),.PCURVE_S1.);
#2997 = CIRCLE('',#2998,1.4);
#2998 = AXIS2_PLACEMENT_3D('',#2999,#3000,#3001);
#2999 = CARTESIAN_POINT('',(72.,-46.75,4.5));
#3000 = DIRECTION('',(0.,0.,1.));
#3001 = DIRECTION('',(1.,0.,0.));
#3002 = PCURVE('',#1486,#3003);
#3003 = DEFINITIONAL_REPRESENTATION('',(#3004),#3008);
#3004 = CIRCLE('',#3005,1.4);
#3005 = AXIS2_PLACEMENT_2D('',#3006,#3007);
#3006 = CARTESIAN_POINT('',(72.,-46.75));
#3007 = DIRECTION('',(1.,0.));
#3008 = ( GEOMETRIC_REPRESENTATION_CONTEXT(2) 
PARAMETRIC_REPRESENTATION_CONTEXT() REPRESENTATION_CONTEXT('2D SPACE',''
  ) );
#3009 = PCURVE('',#2385,#3010);
#3010 = DEFINITIONAL_REPRESENTATION('',(#3011),#3015);
#3011 = LINE('',#3012,#3013);
#3012 = CARTESIAN_POINT('',(0.,0.));
#3013 = VECTOR('',#3014,1.);
#3014 = DIRECTION('',(1.,0.));
#3015 = ( GEOMETRIC_REPRESENTATION_CONTEXT(2) 
PARAMETRIC_REPRESENTATION_CONTEXT() REPRESENTATION_CONTEXT('2D SPACE',''
  ) );
#3016 = ADVANCED_FACE('',(#3017,#3207),#1430,.T.);
#3017 = FACE_BOUND('',#3018,.T.);
#3018 = EDGE_LOOP('',(#3019,#3044,#3068,#3091,#3115,#3138,#3162,#3185));
#3019 = ORIENTED_EDGE('',*,*,#3020,.T.);
#3020 = EDGE_CURVE('',#3021,#3023,#3025,.T.);
#3021 = VERTEX_POINT('',#3022);
#3022 = CARTESIAN_POINT('',(-77.25,47.000000000016,6.));
#3023 = VERTEX_POINT('',#3024);
#3024 = CARTESIAN_POINT('',(-77.25,-47.,6.));
#3025 = SURFACE_CURVE('',#3026,(#3030,#3037),.PCURVE_S1.);
#3026 = LINE('',#3027,#3028);
#3027 = CARTESIAN_POINT('',(-77.25,47.000000000016,6.));
#3028 = VECTOR('',#3029,1.);
#3029 = DIRECTION('',(0.,-1.,0.));
#3030 = PCURVE('',#1430,#3031);
#3031 = DEFINITIONAL_REPRESENTATION('',(#3032),#3036);
#3032 = LINE('',#3033,#3034);
#3033 = CARTESIAN_POINT('',(-77.25,47.000000000016));
#3034 = VECTOR('',#3035,1.);
#3035 = DIRECTION('',(0.,-1.));
#3036 = ( GEOMETRIC_REPRESENTATION_CONTEXT(2) 
PARAMETRIC_REPRESENTATION_CONTEXT() REPRESENTATION_CONTEXT('2D SPACE',''
  ) );
#3037 = PCURVE('',#1860,#3038);
#3038 = DEFINITIONAL_REPRESENTATION('',(#3039),#3043);
#3039 = LINE('',#3040,#3041);
#3040 = CARTESIAN_POINT('',(0.,-6.));
#3041 = VECTOR('',#3042,1.);
#3042 = DIRECTION('',(1.,0.));
#3043 = ( GEOMETRIC_REPRESENTATION_CONTEXT(2) 
PARAMETRIC_REPRESENTATION_CONTEXT() REPRESENTATION_CONTEXT('2D SPACE',''
  ) );
#3044 = ORIENTED_EDGE('',*,*,#3045,.T.);
#3045 = EDGE_CURVE('',#3023,#3046,#3048,.T.);
#3046 = VERTEX_POINT('',#3047);
#3047 = CARTESIAN_POINT('',(-72.25,-52.,6.));
#3048 = SURFACE_CURVE('',#3049,(#3054,#3061),.PCURVE_S1.);
#3049 = CIRCLE('',#3050,5.);
#3050 = AXIS2_PLACEMENT_3D('',#3051,#3052,#3053);
#3051 = CARTESIAN_POINT('',(-72.25,-47.,6.));
#3052 = DIRECTION('',(0.,0.,1.));
#3053 = DIRECTION('',(1.,0.,0.));
#3054 = PCURVE('',#1430,#3055);
#3055 = DEFINITIONAL_REPRESENTATION('',(#3056),#3060);
#3056 = CIRCLE('',#3057,5.);
#3057 = AXIS2_PLACEMENT_2D('',#3058,#3059);
#3058 = CARTESIAN_POINT('',(-72.25,-47.));
#3059 = DIRECTION('',(1.,0.));
#3060 = ( GEOMETRIC_REPRESENTATION_CONTEXT(2) 
PARAMETRIC_REPRESENTATION_CONTEXT() REPRESENTATION_CONTEXT('2D SPACE',''
  ) );
#3061 = PCURVE('',#1970,#3062);
#3062 = DEFINITIONAL_REPRESENTATION('',(#3063),#3067);
#3063 = LINE('',#3064,#3065);
#3064 = CARTESIAN_POINT('',(-0.,-6.));
#3065 = VECTOR('',#3066,1.);
#3066 = DIRECTION('',(-1.,0.));
#3067 = ( GEOMETRIC_REPRESENTATION_CONTEXT(2) 
PARAMETRIC_REPRESENTATION_CONTEXT() REPRESENTATION_CONTEXT('2D SPACE',''
  ) );
#3068 = ORIENTED_EDGE('',*,*,#3069,.T.);
#3069 = EDGE_CURVE('',#3046,#3070,#3072,.T.);
#3070 = VERTEX_POINT('',#3071);
#3071 = CARTESIAN_POINT('',(72.25,-52.,6.));
#3072 = SURFACE_CURVE('',#3073,(#3077,#3084),.PCURVE_S1.);
#3073 = LINE('',#3074,#3075);
#3074 = CARTESIAN_POINT('',(-72.25,-52.,6.));
#3075 = VECTOR('',#3076,1.);
#3076 = DIRECTION('',(1.,0.,0.));
#3077 = PCURVE('',#1430,#3078);
#3078 = DEFINITIONAL_REPRESENTATION('',(#3079),#3083);
#3079 = LINE('',#3080,#3081);
#3080 = CARTESIAN_POINT('',(-72.25,-52.));
#3081 = VECTOR('',#3082,1.);
#3082 = DIRECTION('',(1.,0.));
#3083 = ( GEOMETRIC_REPRESENTATION_CONTEXT(2) 
PARAMETRIC_REPRESENTATION_CONTEXT() REPRESENTATION_CONTEXT('2D SPACE',''
  ) );
#3084 = PCURVE('',#2078,#3085);
#3085 = DEFINITIONAL_REPRESENTATION('',(#3086),#3090);
#3086 = LINE('',#3087,#3088);
#3087 = CARTESIAN_POINT('',(0.,-6.));
#3088 = VECTOR('',#3089,1.);
#3089 = DIRECTION('',(1.,0.));
#3090 = ( GEOMETRIC_REPRESENTATION_CONTEXT(2) 
PARAMETRIC_REPRESENTATION_CONTEXT() REPRESENTATION_CONTEXT('2D SPACE',''
  ) );
#3091 = ORIENTED_EDGE('',*,*,#3092,.T.);
#3092 = EDGE_CURVE('',#3070,#3093,#3095,.T.);
#3093 = VERTEX_POINT('',#3094);
#3094 = CARTESIAN_POINT('',(77.25,-47.00000000001,6.));
#3095 = SURFACE_CURVE('',#3096,(#3101,#3108),.PCURVE_S1.);
#3096 = CIRCLE('',#3097,5.);
#3097 = AXIS2_PLACEMENT_3D('',#3098,#3099,#3100);
#3098 = CARTESIAN_POINT('',(72.25,-47.,6.));
#3099 = DIRECTION('',(0.,0.,1.));
#3100 = DIRECTION('',(1.,0.,0.));
#3101 = PCURVE('',#1430,#3102);
#3102 = DEFINITIONAL_REPRESENTATION('',(#3103),#3107);
#3103 = CIRCLE('',#3104,5.);
#3104 = AXIS2_PLACEMENT_2D('',#3105,#3106);
#3105 = CARTESIAN_POINT('',(72.25,-47.));
#3106 = DIRECTION('',(1.,0.));
#3107 = ( GEOMETRIC_REPRESENTATION_CONTEXT(2) 
PARAMETRIC_REPRESENTATION_CONTEXT() REPRESENTATION_CONTEXT('2D SPACE',''
  ) );
#3108 = PCURVE('',#2188,#3109);
#3109 = DEFINITIONAL_REPRESENTATION('',(#3110),#3114);
#3110 = LINE('',#3111,#3112);
#3111 = CARTESIAN_POINT('',(-0.,-6.));
#3112 = VECTOR('',#3113,1.);
#3113 = DIRECTION('',(-1.,0.));
#3114 = ( GEOMETRIC_REPRESENTATION_CONTEXT(2) 
PARAMETRIC_REPRESENTATION_CONTEXT() REPRESENTATION_CONTEXT('2D SPACE',''
  ) );
#3115 = ORIENTED_EDGE('',*,*,#3116,.T.);
#3116 = EDGE_CURVE('',#3093,#3117,#3119,.T.);
#3117 = VERTEX_POINT('',#3118);
#3118 = CARTESIAN_POINT('',(77.25,47.,6.));
#3119 = SURFACE_CURVE('',#3120,(#3124,#3131),.PCURVE_S1.);
#3120 = LINE('',#3121,#3122);
#3121 = CARTESIAN_POINT('',(77.25,-47.00000000001,6.));
#3122 = VECTOR('',#3123,1.);
#3123 = DIRECTION('',(0.,1.,0.));
#3124 = PCURVE('',#1430,#3125);
#3125 = DEFINITIONAL_REPRESENTATION('',(#3126),#3130);
#3126 = LINE('',#3127,#3128);
#3127 = CARTESIAN_POINT('',(77.25,-47.00000000001));
#3128 = VECTOR('',#3129,1.);
#3129 = DIRECTION('',(0.,1.));
#3130 = ( GEOMETRIC_REPRESENTATION_CONTEXT(2) 
PARAMETRIC_REPRESENTATION_CONTEXT() REPRESENTATION_CONTEXT('2D SPACE',''
  ) );
#3131 = PCURVE('',#2220,#3132);
#3132 = DEFINITIONAL_REPRESENTATION('',(#3133),#3137);
#3133 = LINE('',#3134,#3135);
#3134 = CARTESIAN_POINT('',(0.,-6.));
#3135 = VECTOR('',#3136,1.);
#3136 = DIRECTION('',(1.,0.));
#3137 = ( GEOMETRIC_REPRESENTATION_CONTEXT(2) 
PARAMETRIC_REPRESENTATION_CONTEXT() REPRESENTATION_CONTEXT('2D SPACE',''
  ) );
#3138 = ORIENTED_EDGE('',*,*,#3139,.T.);
#3139 = EDGE_CURVE('',#3117,#3140,#3142,.T.);
#3140 = VERTEX_POINT('',#3141);
#3141 = CARTESIAN_POINT('',(72.25,52.,6.));
#3142 = SURFACE_CURVE('',#3143,(#3148,#3155),.PCURVE_S1.);
#3143 = CIRCLE('',#3144,5.);
#3144 = AXIS2_PLACEMENT_3D('',#3145,#3146,#3147);
#3145 = CARTESIAN_POINT('',(72.25,47.,6.));
#3146 = DIRECTION('',(0.,0.,1.));
#3147 = DIRECTION('',(1.,0.,0.));
#3148 = PCURVE('',#1430,#3149);
#3149 = DEFINITIONAL_REPRESENTATION('',(#3150),#3154);
#3150 = CIRCLE('',#3151,5.);
#3151 = AXIS2_PLACEMENT_2D('',#3152,#3153);
#3152 = CARTESIAN_POINT('',(72.25,47.));
#3153 = DIRECTION('',(1.,0.));
#3154 = ( GEOMETRIC_REPRESENTATION_CONTEXT(2) 
PARAMETRIC_REPRESENTATION_CONTEXT() REPRESENTATION_CONTEXT('2D SPACE',''
  ) );
#3155 = PCURVE('',#2133,#3156);
#3156 = DEFINITIONAL_REPRESENTATION('',(#3157),#3161);
#3157 = LINE('',#3158,#3159);
#3158 = CARTESIAN_POINT('',(-0.,-6.));
#3159 = VECTOR('',#3160,1.);
#3160 = DIRECTION('',(-1.,0.));
#3161 = ( GEOMETRIC_REPRESENTATION_CONTEXT(2) 
PARAMETRIC_REPRESENTATION_CONTEXT() REPRESENTATION_CONTEXT('2D SPACE',''
  ) );
#3162 = ORIENTED_EDGE('',*,*,#3163,.T.);
#3163 = EDGE_CURVE('',#3140,#3164,#3166,.T.);
#3164 = VERTEX_POINT('',#3165);
#3165 = CARTESIAN_POINT('',(-72.25,52.,6.));
#3166 = SURFACE_CURVE('',#3167,(#3171,#3178),.PCURVE_S1.);
#3167 = LINE('',#3168,#3169);
#3168 = CARTESIAN_POINT('',(72.25,52.,6.));
#3169 = VECTOR('',#3170,1.);
#3170 = DIRECTION('',(-1.,0.,0.));
#3171 = PCURVE('',#1430,#3172);
#3172 = DEFINITIONAL_REPRESENTATION('',(#3173),#3177);
#3173 = LINE('',#3174,#3175);
#3174 = CARTESIAN_POINT('',(72.25,52.));
#3175 = VECTOR('',#3176,1.);
#3176 = DIRECTION('',(-1.,0.));
#3177 = ( GEOMETRIC_REPRESENTATION_CONTEXT(2) 
PARAMETRIC_REPRESENTATION_CONTEXT() REPRESENTATION_CONTEXT('2D SPACE',''
  ) );
#3178 = PCURVE('',#2024,#3179);
#3179 = DEFINITIONAL_REPRESENTATION('',(#3180),#3184);
#3180 = LINE('',#3181,#3182);
#3181 = CARTESIAN_POINT('',(0.,-6.));
#3182 = VECTOR('',#3183,1.);
#3183 = DIRECTION('',(1.,0.));
#3184 = ( GEOMETRIC_REPRESENTATION_CONTEXT(2) 
PARAMETRIC_REPRESENTATION_CONTEXT() REPRESENTATION_CONTEXT('2D SPACE',''
  ) );
#3185 = ORIENTED_EDGE('',*,*,#3186,.T.);
#3186 = EDGE_CURVE('',#3164,#3021,#3187,.T.);
#3187 = SURFACE_CURVE('',#3188,(#3193,#3200),.PCURVE_S1.);
#3188 = CIRCLE('',#3189,5.);
#3189 = AXIS2_PLACEMENT_3D('',#3190,#3191,#3192);
#3190 = CARTESIAN_POINT('',(-72.25,47.,6.));
#3191 = DIRECTION('',(0.,0.,1.));
#3192 = DIRECTION('',(1.,0.,0.));
#3193 = PCURVE('',#1430,#3194);
#3194 = DEFINITIONAL_REPRESENTATION('',(#3195),#3199);
#3195 = CIRCLE('',#3196,5.);
#3196 = AXIS2_PLACEMENT_2D('',#3197,#3198);
#3197 = CARTESIAN_POINT('',(-72.25,47.));
#3198 = DIRECTION('',(1.,0.));
#3199 = ( GEOMETRIC_REPRESENTATION_CONTEXT(2) 
PARAMETRIC_REPRESENTATION_CONTEXT() REPRESENTATION_CONTEXT('2D SPACE',''
  ) );
#3200 = PCURVE('',#1915,#3201);
#3201 = DEFINITIONAL_REPRESENTATION('',(#3202),#3206);
#3202 = LINE('',#3203,#3204);
#3203 = CARTESIAN_POINT('',(-0.,-6.));
#3204 = VECTOR('',#3205,1.);
#3205 = DIRECTION('',(-1.,0.));
#3206 = ( GEOMETRIC_REPRESENTATION_CONTEXT(2) 
PARAMETRIC_REPRESENTATION_CONTEXT() REPRESENTATION_CONTEXT('2D SPACE',''
  ) );
#3207 = FACE_BOUND('',#3208,.F.);
#3208 = EDGE_LOOP('',(#3209,#3210,#3211,#3212,#3236,#3259,#3288,#3316));
#3209 = ORIENTED_EDGE('',*,*,#1746,.T.);
#3210 = ORIENTED_EDGE('',*,*,#1634,.T.);
#3211 = ORIENTED_EDGE('',*,*,#1414,.T.);
#3212 = ORIENTED_EDGE('',*,*,#3213,.T.);
#3213 = EDGE_CURVE('',#1415,#3214,#3216,.T.);
#3214 = VERTEX_POINT('',#3215);
#3215 = CARTESIAN_POINT('',(75.25,-47.00000000004,6.));
#3216 = SURFACE_CURVE('',#3217,(#3222,#3229),.PCURVE_S1.);
#3217 = CIRCLE('',#3218,3.);
#3218 = AXIS2_PLACEMENT_3D('',#3219,#3220,#3221);
#3219 = CARTESIAN_POINT('',(72.25,-47.,6.));
#3220 = DIRECTION('',(0.,0.,1.));
#3221 = DIRECTION('',(1.,0.,0.));
#3222 = PCURVE('',#1430,#3223);
#3223 = DEFINITIONAL_REPRESENTATION('',(#3224),#3228);
#3224 = CIRCLE('',#3225,3.);
#3225 = AXIS2_PLACEMENT_2D('',#3226,#3227);
#3226 = CARTESIAN_POINT('',(72.25,-47.));
#3227 = DIRECTION('',(1.,0.));
#3228 = ( GEOMETRIC_REPRESENTATION_CONTEXT(2) 
PARAMETRIC_REPRESENTATION_CONTEXT() REPRESENTATION_CONTEXT('2D SPACE',''
  ) );
#3229 = PCURVE('',#1458,#3230);
#3230 = DEFINITIONAL_REPRESENTATION('',(#3231),#3235);
#3231 = LINE('',#3232,#3233);
#3232 = CARTESIAN_POINT('',(-0.,-6.));
#3233 = VECTOR('',#3234,1.);
#3234 = DIRECTION('',(-1.,0.));
#3235 = ( GEOMETRIC_REPRESENTATION_CONTEXT(2) 
PARAMETRIC_REPRESENTATION_CONTEXT() REPRESENTATION_CONTEXT('2D SPACE',''
  ) );
#3236 = ORIENTED_EDGE('',*,*,#3237,.T.);
#3237 = EDGE_CURVE('',#3214,#3238,#3240,.T.);
#3238 = VERTEX_POINT('',#3239);
#3239 = CARTESIAN_POINT('',(75.25,47.000000000045,6.));
#3240 = SURFACE_CURVE('',#3241,(#3245,#3252),.PCURVE_S1.);
#3241 = LINE('',#3242,#3243);
#3242 = CARTESIAN_POINT('',(75.25,-47.00000000004,6.));
#3243 = VECTOR('',#3244,1.);
#3244 = DIRECTION('',(0.,1.,0.));
#3245 = PCURVE('',#1430,#3246);
#3246 = DEFINITIONAL_REPRESENTATION('',(#3247),#3251);
#3247 = LINE('',#3248,#3249);
#3248 = CARTESIAN_POINT('',(75.25,-47.00000000004));
#3249 = VECTOR('',#3250,1.);
#3250 = DIRECTION('',(0.,1.));
#3251 = ( GEOMETRIC_REPRESENTATION_CONTEXT(2) 
PARAMETRIC_REPRESENTATION_CONTEXT() REPRESENTATION_CONTEXT('2D SPACE',''
  ) );
#3252 = PCURVE('',#2903,#3253);
#3253 = DEFINITIONAL_REPRESENTATION('',(#3254),#3258);
#3254 = LINE('',#3255,#3256);
#3255 = CARTESIAN_POINT('',(0.,-6.));
#3256 = VECTOR('',#3257,1.);
#3257 = DIRECTION('',(1.,0.));
#3258 = ( GEOMETRIC_REPRESENTATION_CONTEXT(2) 
PARAMETRIC_REPRESENTATION_CONTEXT() REPRESENTATION_CONTEXT('2D SPACE',''
  ) );
#3259 = ORIENTED_EDGE('',*,*,#3260,.T.);
#3260 = EDGE_CURVE('',#3238,#3261,#3263,.T.);
#3261 = VERTEX_POINT('',#3262);
#3262 = CARTESIAN_POINT('',(72.25,50.,6.));
#3263 = SURFACE_CURVE('',#3264,(#3269,#3276),.PCURVE_S1.);
#3264 = CIRCLE('',#3265,3.);
#3265 = AXIS2_PLACEMENT_3D('',#3266,#3267,#3268);
#3266 = CARTESIAN_POINT('',(72.25,47.,6.));
#3267 = DIRECTION('',(0.,0.,1.));
#3268 = DIRECTION('',(1.,0.,0.));
#3269 = PCURVE('',#1430,#3270);
#3270 = DEFINITIONAL_REPRESENTATION('',(#3271),#3275);
#3271 = CIRCLE('',#3272,3.);
#3272 = AXIS2_PLACEMENT_2D('',#3273,#3274);
#3273 = CARTESIAN_POINT('',(72.25,47.));
#3274 = DIRECTION('',(1.,0.));
#3275 = ( GEOMETRIC_REPRESENTATION_CONTEXT(2) 
PARAMETRIC_REPRESENTATION_CONTEXT() REPRESENTATION_CONTEXT('2D SPACE',''
  ) );
#3276 = PCURVE('',#3277,#3282);
#3277 = CYLINDRICAL_SURFACE('',#3278,3.);
#3278 = AXIS2_PLACEMENT_3D('',#3279,#3280,#3281);
#3279 = CARTESIAN_POINT('',(72.25,47.,0.));
#3280 = DIRECTION('',(-0.,-0.,-1.));
#3281 = DIRECTION('',(1.,0.,0.));
#3282 = DEFINITIONAL_REPRESENTATION('',(#3283),#3287);
#3283 = LINE('',#3284,#3285);
#3284 = CARTESIAN_POINT('',(-0.,-6.));
#3285 = VECTOR('',#3286,1.);
#3286 = DIRECTION('',(-1.,0.));
#3287 = ( GEOMETRIC_REPRESENTATION_CONTEXT(2) 
PARAMETRIC_REPRESENTATION_CONTEXT() REPRESENTATION_CONTEXT('2D SPACE',''
  ) );
#3288 = ORIENTED_EDGE('',*,*,#3289,.T.);
#3289 = EDGE_CURVE('',#3261,#3290,#3292,.T.);
#3290 = VERTEX_POINT('',#3291);
#3291 = CARTESIAN_POINT('',(-72.25,50.,6.));
#3292 = SURFACE_CURVE('',#3293,(#3297,#3304),.PCURVE_S1.);
#3293 = LINE('',#3294,#3295);
#3294 = CARTESIAN_POINT('',(72.25,50.,6.));
#3295 = VECTOR('',#3296,1.);
#3296 = DIRECTION('',(-1.,0.,0.));
#3297 = PCURVE('',#1430,#3298);
#3298 = DEFINITIONAL_REPRESENTATION('',(#3299),#3303);
#3299 = LINE('',#3300,#3301);
#3300 = CARTESIAN_POINT('',(72.25,50.));
#3301 = VECTOR('',#3302,1.);
#3302 = DIRECTION('',(-1.,0.));
#3303 = ( GEOMETRIC_REPRESENTATION_CONTEXT(2) 
PARAMETRIC_REPRESENTATION_CONTEXT() REPRESENTATION_CONTEXT('2D SPACE',''
  ) );
#3304 = PCURVE('',#3305,#3310);
#3305 = PLANE('',#3306);
#3306 = AXIS2_PLACEMENT_3D('',#3307,#3308,#3309);
#3307 = CARTESIAN_POINT('',(72.25,50.,0.));
#3308 = DIRECTION('',(0.,-1.,0.));
#3309 = DIRECTION('',(-1.,0.,0.));
#3310 = DEFINITIONAL_REPRESENTATION('',(#3311),#3315);
#3311 = LINE('',#3312,#3313);
#3312 = CARTESIAN_POINT('',(0.,-6.));
#3313 = VECTOR('',#3314,1.);
#3314 = DIRECTION('',(1.,0.));
#3315 = ( GEOMETRIC_REPRESENTATION_CONTEXT(2) 
PARAMETRIC_REPRESENTATION_CONTEXT() REPRESENTATION_CONTEXT('2D SPACE',''
  ) );
#3316 = ORIENTED_EDGE('',*,*,#3317,.T.);
#3317 = EDGE_CURVE('',#3290,#1719,#3318,.T.);
#3318 = SURFACE_CURVE('',#3319,(#3324,#3331),.PCURVE_S1.);
#3319 = CIRCLE('',#3320,3.);
#3320 = AXIS2_PLACEMENT_3D('',#3321,#3322,#3323);
#3321 = CARTESIAN_POINT('',(-72.25,47.,6.));
#3322 = DIRECTION('',(0.,0.,1.));
#3323 = DIRECTION('',(1.,0.,0.));
#3324 = PCURVE('',#1430,#3325);
#3325 = DEFINITIONAL_REPRESENTATION('',(#3326),#3330);
#3326 = CIRCLE('',#3327,3.);
#3327 = AXIS2_PLACEMENT_2D('',#3328,#3329);
#3328 = CARTESIAN_POINT('',(-72.25,47.));
#3329 = DIRECTION('',(1.,0.));
#3330 = ( GEOMETRIC_REPRESENTATION_CONTEXT(2) 
PARAMETRIC_REPRESENTATION_CONTEXT() REPRESENTATION_CONTEXT('2D SPACE',''
  ) );
#3331 = PCURVE('',#1734,#3332);
#3332 = DEFINITIONAL_REPRESENTATION('',(#3333),#3337);
#3333 = LINE('',#3334,#3335);
#3334 = CARTESIAN_POINT('',(-0.,-6.));
#3335 = VECTOR('',#3336,1.);
#3336 = DIRECTION('',(-1.,0.));
#3337 = ( GEOMETRIC_REPRESENTATION_CONTEXT(2) 
PARAMETRIC_REPRESENTATION_CONTEXT() REPRESENTATION_CONTEXT('2D SPACE',''
  ) );
#3338 = ADVANCED_FACE('',(#3339),#1458,.F.);
#3339 = FACE_BOUND('',#3340,.T.);
#3340 = EDGE_LOOP('',(#3341,#3342,#3343,#3344));
#3341 = ORIENTED_EDGE('',*,*,#2965,.T.);
#3342 = ORIENTED_EDGE('',*,*,#1442,.T.);
#3343 = ORIENTED_EDGE('',*,*,#3213,.T.);
#3344 = ORIENTED_EDGE('',*,*,#3345,.F.);
#3345 = EDGE_CURVE('',#2941,#3214,#3346,.T.);
#3346 = SURFACE_CURVE('',#3347,(#3351,#3358),.PCURVE_S1.);
#3347 = LINE('',#3348,#3349);
#3348 = CARTESIAN_POINT('',(75.25,-47.00000000004,0.));
#3349 = VECTOR('',#3350,1.);
#3350 = DIRECTION('',(0.,0.,1.));
#3351 = PCURVE('',#1458,#3352);
#3352 = DEFINITIONAL_REPRESENTATION('',(#3353),#3357);
#3353 = LINE('',#3354,#3355);
#3354 = CARTESIAN_POINT('',(-6.283185307164,0.));
#3355 = VECTOR('',#3356,1.);
#3356 = DIRECTION('',(-0.,-1.));
#3357 = ( GEOMETRIC_REPRESENTATION_CONTEXT(2) 
PARAMETRIC_REPRESENTATION_CONTEXT() REPRESENTATION_CONTEXT('2D SPACE',''
  ) );
#3358 = PCURVE('',#2903,#3359);
#3359 = DEFINITIONAL_REPRESENTATION('',(#3360),#3364);
#3360 = LINE('',#3361,#3362);
#3361 = CARTESIAN_POINT('',(2.13162820728E-14,0.));
#3362 = VECTOR('',#3363,1.);
#3363 = DIRECTION('',(0.,-1.));
#3364 = ( GEOMETRIC_REPRESENTATION_CONTEXT(2) 
PARAMETRIC_REPRESENTATION_CONTEXT() REPRESENTATION_CONTEXT('2D SPACE',''
  ) );
#3365 = ADVANCED_FACE('',(#3366),#1593,.F.);
#3366 = FACE_BOUND('',#3367,.F.);
#3367 = EDGE_LOOP('',(#3368,#3369,#3370,#3558));
#3368 = ORIENTED_EDGE('',*,*,#2589,.F.);
#3369 = ORIENTED_EDGE('',*,*,#1578,.T.);
#3370 = ORIENTED_EDGE('',*,*,#3371,.T.);
#3371 = EDGE_CURVE('',#1556,#3372,#3374,.T.);
#3372 = VERTEX_POINT('',#3373);
#3373 = CARTESIAN_POINT('',(-74.25,-42.96879648788,0.));
#3374 = SURFACE_CURVE('',#3375,(#3434,#3496),.PCURVE_S1.);
#3375 = B_SPLINE_CURVE_WITH_KNOTS('',8,(#3376,#3377,#3378,#3379,#3380,
    #3381,#3382,#3383,#3384,#3385,#3386,#3387,#3388,#3389,#3390,#3391,
    #3392,#3393,#3394,#3395,#3396,#3397,#3398,#3399,#3400,#3401,#3402,
    #3403,#3404,#3405,#3406,#3407,#3408,#3409,#3410,#3411,#3412,#3413,
    #3414,#3415,#3416,#3417,#3418,#3419,#3420,#3421,#3422,#3423,#3424,
    #3425,#3426,#3427,#3428,#3429,#3430,#3431,#3432,#3433),
  .UNSPECIFIED.,.F.,.F.,(9,7,7,7,7,7,7,7,9),(0.,2.653340169853E-02,
    4.596562167322E-02,7.801431198439E-02,0.153643079311,0.321241868904,
    0.48430818148,0.750698949261,1.),.UNSPECIFIED.);
#3376 = CARTESIAN_POINT('',(-75.25,-45.75125078222,1.));
#3377 = CARTESIAN_POINT('',(-75.25,-45.75125078222,0.990603437866));
#3378 = CARTESIAN_POINT('',(-75.2498990659,-45.75057879177,
    0.981204396577));
#3379 = CARTESIAN_POINT('',(-75.24969718198,-45.74923447737,
    0.971849151209));
#3380 = CARTESIAN_POINT('',(-75.24939693077,-45.74723783667,
    0.962575810679));
#3381 = CARTESIAN_POINT('',(-75.24900284972,-45.74462412333,
    0.953415086754));
#3382 = CARTESIAN_POINT('',(-75.24852078795,-45.74143877191,
    0.944391063073));
#3383 = CARTESIAN_POINT('',(-75.24795726291,-45.73773232275,
    0.93552196416));
#3384 = CARTESIAN_POINT('',(-75.24685123964,-45.73049626253,
    0.920448559543));
#3385 = CARTESIAN_POINT('',(-75.2463433342,-45.72718384574,0.91416423544
    ));
#3386 = CARTESIAN_POINT('',(-75.24579749562,-45.72363685221,
    0.907970745725));
#3387 = CARTESIAN_POINT('',(-75.24521605756,-45.71987356299,
    0.90186949044));
#3388 = CARTESIAN_POINT('',(-75.24460124332,-45.71591142164,
    0.895860631049));
#3389 = CARTESIAN_POINT('',(-75.24395511666,-45.71176667139,
    0.889943245415));
#3390 = CARTESIAN_POINT('',(-75.24327953259,-45.70745399228,
    0.884115482767));
#3391 = CARTESIAN_POINT('',(-75.24141592895,-45.69561750697,0.8689067335
    ));
#3392 = CARTESIAN_POINT('',(-75.24018034447,-45.68782904781,
    0.85967808926));
#3393 = CARTESIAN_POINT('',(-75.2388764153,-45.6796776838,0.850675241763
    ));
#3394 = CARTESIAN_POINT('',(-75.23751023217,-45.6712121725,0.84188519781
    ));
#3395 = CARTESIAN_POINT('',(-75.23608692217,-45.66247355968,
    0.833295244377));
#3396 = CARTESIAN_POINT('',(-75.23461067481,-45.65349563286,
    0.824892677795));
#3397 = CARTESIAN_POINT('',(-75.23308476818,-45.64430537476,
    0.816664532936));
#3398 = CARTESIAN_POINT('',(-75.22779920786,-45.6127837944,
    0.789560217925));
#3399 = CARTESIAN_POINT('',(-75.22382769783,-45.5896012262,
    0.771440352359));
#3400 = CARTESIAN_POINT('',(-75.21962944591,-45.56565156473,
    0.754060384944));
#3401 = CARTESIAN_POINT('',(-75.21522535174,-45.54111289934,
    0.73731391962));
#3402 = CARTESIAN_POINT('',(-75.21063081097,-45.51611271832,
    0.721120225053));
#3403 = CARTESIAN_POINT('',(-75.2058567718,-45.49074161176,
    0.705410764829));
#3404 = CARTESIAN_POINT('',(-75.20090899491,-45.46505446147,
    0.690128036837));
#3405 = CARTESIAN_POINT('',(-75.18444156733,-45.38151893013,
    0.642173811969));
#3406 = CARTESIAN_POINT('',(-75.17226849084,-45.32265624242,
    0.611019895749));
#3407 = CARTESIAN_POINT('',(-75.15931882765,-45.26297080111,
    0.581248337906));
#3408 = CARTESIAN_POINT('',(-75.14561681501,-45.20268872061,
    0.552658321068));
#3409 = CARTESIAN_POINT('',(-75.13118381157,-45.14198506627,
    0.525085540913));
#3410 = CARTESIAN_POINT('',(-75.1160319582,-45.08095649519,
    0.498437491567));
#3411 = CARTESIAN_POINT('',(-75.10016816618,-45.0196681373,
    0.472634173432));
#3412 = CARTESIAN_POINT('',(-75.06746201836,-44.8982877732,
    0.423277865285));
#3413 = CARTESIAN_POINT('',(-75.05066499745,-44.8382353047,
    0.399693597799));
#3414 = CARTESIAN_POINT('',(-75.03320647977,-44.77803895465,
    0.376820230868));
#3415 = CARTESIAN_POINT('',(-75.01509240287,-44.71773634646,
    0.354632438118));
#3416 = CARTESIAN_POINT('',(-74.99632838081,-44.65735692767,
    0.333117181211));
#3417 = CARTESIAN_POINT('',(-74.97691990771,-44.59692497305,
    0.312269013766));
#3418 = CARTESIAN_POINT('',(-74.95687242163,-44.53646109564,
    0.292087793602));
#3419 = CARTESIAN_POINT('',(-74.9024057171,-44.37718195736,
    0.240708241994));
#3420 = CARTESIAN_POINT('',(-74.86693058116,-44.27834653609,
    0.210632846321));
#3421 = CARTESIAN_POINT('',(-74.82978988362,-44.17955216033,
    0.182375376076));
#3422 = CARTESIAN_POINT('',(-74.79101054777,-44.08086302354,
    0.155992384832));
#3423 = CARTESIAN_POINT('',(-74.75062338045,-43.98233785004,
    0.131563598501));
#3424 = CARTESIAN_POINT('',(-74.70866403383,-43.88403430723,
    0.109185724313));
#3425 = CARTESIAN_POINT('',(-74.66517390601,-43.78601133382,
    8.897069018736E-02));
#3426 = CARTESIAN_POINT('',(-74.57811319478,-43.59691400678,
    5.427570963096E-02));
#3427 = CARTESIAN_POINT('',(-74.53472898895,-43.50580225745,
    3.951162617998E-02));
#3428 = CARTESIAN_POINT('',(-74.49008746671,-43.41504256852,
    2.686221175916E-02));
#3429 = CARTESIAN_POINT('',(-74.44423502831,-43.32469060601,
    1.644617699149E-02));
#3430 = CARTESIAN_POINT('',(-74.39722716524,-43.23481051917,
    8.396049935507E-03));
#3431 = CARTESIAN_POINT('',(-74.34913025495,-43.14547618971,
    2.859430506451E-03));
#3432 = CARTESIAN_POINT('',(-74.3000233555,-43.05677248114,
    2.448973232213E-07));
#3433 = CARTESIAN_POINT('',(-74.25000000025,-42.96879648803,0.));
#3434 = PCURVE('',#1593,#3435);
#3435 = DEFINITIONAL_REPRESENTATION('',(#3436),#3495);
#3436 = B_SPLINE_CURVE_WITH_KNOTS('',8,(#3437,#3438,#3439,#3440,#3441,
    #3442,#3443,#3444,#3445,#3446,#3447,#3448,#3449,#3450,#3451,#3452,
    #3453,#3454,#3455,#3456,#3457,#3458,#3459,#3460,#3461,#3462,#3463,
    #3464,#3465,#3466,#3467,#3468,#3469,#3470,#3471,#3472,#3473,#3474,
    #3475,#3476,#3477,#3478,#3479,#3480,#3481,#3482,#3483,#3484,#3485,
    #3486,#3487,#3488,#3489,#3490,#3491,#3492,#3493,#3494),
  .UNSPECIFIED.,.F.,.F.,(9,7,7,7,7,7,7,7,9),(0.,2.653340169853E-02,
    4.596562167322E-02,7.801431198439E-02,0.153643079311,0.321241868904,
    0.48430818148,0.750698949261,1.),.UNSPECIFIED.);
#3437 = CARTESIAN_POINT('',(2.843445331246,3.14159265359));
#3438 = CARTESIAN_POINT('',(2.843445331246,3.150989215724));
#3439 = CARTESIAN_POINT('',(2.843247687777,3.160388245255));
#3440 = CARTESIAN_POINT('',(2.842852299873,3.169744769627));
#3441 = CARTESIAN_POINT('',(2.842265085424,3.179021915775));
#3442 = CARTESIAN_POINT('',(2.841496478616,3.188190096951));
#3443 = CARTESIAN_POINT('',(2.840559927364,3.197226199566));
#3444 = CARTESIAN_POINT('',(2.839470390751,3.206112770018));
#3445 = CARTESIAN_POINT('',(2.837343814728,3.221226697841));
#3446 = CARTESIAN_POINT('',(2.836370483194,3.227531339954));
#3447 = CARTESIAN_POINT('',(2.835328395822,3.233748566083));
#3448 = CARTESIAN_POINT('',(2.834222966482,3.239877160425));
#3449 = CARTESIAN_POINT('',(2.833059361774,3.245917106671));
#3450 = CARTESIAN_POINT('',(2.831842393845,3.251869441525));
#3451 = CARTESIAN_POINT('',(2.83057641321,3.257736108212));
#3452 = CARTESIAN_POINT('',(2.827102678913,3.273058610383));
#3453 = CARTESIAN_POINT('',(2.824817787442,3.28236902255));
#3454 = CARTESIAN_POINT('',(2.82242740956,3.291464943901));
#3455 = CARTESIAN_POINT('',(2.819946008054,3.300359594034));
#3456 = CARTESIAN_POINT('',(2.817385762805,3.309065828317));
#3457 = CARTESIAN_POINT('',(2.814756707504,3.317596451446));
#3458 = CARTESIAN_POINT('',(2.812066866359,3.325964531015));
#3459 = CARTESIAN_POINT('',(2.802845954476,3.353579400924));
#3460 = CARTESIAN_POINT('',(2.796072466646,3.372124423586));
#3461 = CARTESIAN_POINT('',(2.789084134927,3.389997706505));
#3462 = CARTESIAN_POINT('',(2.781934172957,3.407306843817));
#3463 = CARTESIAN_POINT('',(2.774660744401,3.42413367922));
#3464 = CARTESIAN_POINT('',(2.767291069349,3.440548043286));
#3465 = CARTESIAN_POINT('',(2.759841856537,3.456609216633));
#3466 = CARTESIAN_POINT('',(2.735658179672,3.507312114517));
#3467 = CARTESIAN_POINT('',(2.718679895161,3.540730759549));
#3468 = CARTESIAN_POINT('',(2.701534041826,3.573159042206));
#3469 = CARTESIAN_POINT('',(2.684291906688,3.604821032426));
#3470 = CARTESIAN_POINT('',(2.667009190243,3.63590506838));
#3471 = CARTESIAN_POINT('',(2.649718132428,3.666529257882));
#3472 = CARTESIAN_POINT('',(2.632441603911,3.69680157992));
#3473 = CARTESIAN_POINT('',(2.598407267975,3.756010846583));
#3474 = CARTESIAN_POINT('',(2.581655659986,3.784948872061));
#3475 = CARTESIAN_POINT('',(2.564954255737,3.813697562066));
#3476 = CARTESIAN_POINT('',(2.548316942012,3.842310001675));
#3477 = CARTESIAN_POINT('',(2.531754927088,3.87082801085));
#3478 = CARTESIAN_POINT('',(2.515277636605,3.899286935454));
#3479 = CARTESIAN_POINT('',(2.498893169908,3.927718102318));
#3480 = CARTESIAN_POINT('',(2.456004817789,4.002594535368));
#3481 = CARTESIAN_POINT('',(2.42966845966,4.049037448127));
#3482 = CARTESIAN_POINT('',(2.40362939571,4.095596874763));
#3483 = CARTESIAN_POINT('',(2.377912312876,4.142367681816));
#3484 = CARTESIAN_POINT('',(2.352538274437,4.189431931325));
#3485 = CARTESIAN_POINT('',(2.32752595391,4.236867110078));
#3486 = CARTESIAN_POINT('',(2.302892260234,4.284751061051));
#3487 = CARTESIAN_POINT('',(2.255967506388,4.378470371311));
#3488 = CARTESIAN_POINT('',(2.233628777707,4.424237645852));
#3489 = CARTESIAN_POINT('',(2.2116482651,4.470532307196));
#3490 = CARTESIAN_POINT('',(2.190038303391,4.517420547009));
#3491 = CARTESIAN_POINT('',(2.16881161133,4.564971087012));
#3492 = CARTESIAN_POINT('',(2.147981437609,4.613258383941));
#3493 = CARTESIAN_POINT('',(2.127561706873,4.662365834513));
#3494 = CARTESIAN_POINT('',(2.107567165733,4.712388980385));
#3495 = ( GEOMETRIC_REPRESENTATION_CONTEXT(2) 
PARAMETRIC_REPRESENTATION_CONTEXT() REPRESENTATION_CONTEXT('2D SPACE',''
  ) );
#3496 = PCURVE('',#1784,#3497);
#3497 = DEFINITIONAL_REPRESENTATION('',(#3498),#3557);
#3498 = B_SPLINE_CURVE_WITH_KNOTS('',8,(#3499,#3500,#3501,#3502,#3503,
    #3504,#3505,#3506,#3507,#3508,#3509,#3510,#3511,#3512,#3513,#3514,
    #3515,#3516,#3517,#3518,#3519,#3520,#3521,#3522,#3523,#3524,#3525,
    #3526,#3527,#3528,#3529,#3530,#3531,#3532,#3533,#3534,#3535,#3536,
    #3537,#3538,#3539,#3540,#3541,#3542,#3543,#3544,#3545,#3546,#3547,
    #3548,#3549,#3550,#3551,#3552,#3553,#3554,#3555,#3556),
  .UNSPECIFIED.,.F.,.F.,(9,7,7,7,7,7,7,7,9),(0.,2.653340169853E-02,
    4.596562167322E-02,7.801431198439E-02,0.153643079311,0.321241868904,
    0.48430818148,0.750698949261,1.),.UNSPECIFIED.);
#3499 = CARTESIAN_POINT('',(0.,91.502501564456));
#3500 = CARTESIAN_POINT('',(9.396562134057E-03,91.502501564456));
#3501 = CARTESIAN_POINT('',(1.879559166477E-02,91.501829574002));
#3502 = CARTESIAN_POINT('',(2.81521160375E-02,91.500485259605));
#3503 = CARTESIAN_POINT('',(3.742926218499E-02,91.498488618905));
#3504 = CARTESIAN_POINT('',(4.659744336139E-02,91.495874905564));
#3505 = CARTESIAN_POINT('',(5.563354597617E-02,91.49268955414));
#3506 = CARTESIAN_POINT('',(6.452011642816E-02,91.488983104984));
#3507 = CARTESIAN_POINT('',(7.963404425088E-02,91.481747044765));
#3508 = CARTESIAN_POINT('',(8.593868636384E-02,91.478434627972));
#3509 = CARTESIAN_POINT('',(9.215591249315E-02,91.474887634442));
#3510 = CARTESIAN_POINT('',(9.828450683507E-02,91.471124345224));
#3511 = CARTESIAN_POINT('',(0.104324453082,91.467162203875));
#3512 = CARTESIAN_POINT('',(0.110276787935,91.463017453618));
#3513 = CARTESIAN_POINT('',(0.116143454622,91.458704774511));
#3514 = CARTESIAN_POINT('',(0.131465956793,91.446868289206));
#3515 = CARTESIAN_POINT('',(0.14077636896,91.439079830047));
#3516 = CARTESIAN_POINT('',(0.149872290311,91.43092846603));
#3517 = CARTESIAN_POINT('',(0.158766940444,91.422462954729));
#3518 = CARTESIAN_POINT('',(0.167473174727,91.413724341917));
#3519 = CARTESIAN_POINT('',(0.176003797856,91.404746415088));
#3520 = CARTESIAN_POINT('',(0.184371877426,91.395556156994));
#3521 = CARTESIAN_POINT('',(0.211986747334,91.364034576637));
#3522 = CARTESIAN_POINT('',(0.230531769996,91.340852008434));
#3523 = CARTESIAN_POINT('',(0.248405052915,91.31690234696));
#3524 = CARTESIAN_POINT('',(0.265714190227,91.292363681575));
#3525 = CARTESIAN_POINT('',(0.28254102563,91.267363500551));
#3526 = CARTESIAN_POINT('',(0.298955389696,91.241992393989));
#3527 = CARTESIAN_POINT('',(0.315016563043,91.216305243704));
#3528 = CARTESIAN_POINT('',(0.365719460927,91.132769712368));
#3529 = CARTESIAN_POINT('',(0.399138105959,91.073907024652));
#3530 = CARTESIAN_POINT('',(0.431566388616,91.014221583337));
#3531 = CARTESIAN_POINT('',(0.463228378837,90.953939502844));
#3532 = CARTESIAN_POINT('',(0.49431241479,90.893235848497));
#3533 = CARTESIAN_POINT('',(0.524936604293,90.832207277424));
#3534 = CARTESIAN_POINT('',(0.555208926331,90.77091891953));
#3535 = CARTESIAN_POINT('',(0.614418192993,90.649538555432));
#3536 = CARTESIAN_POINT('',(0.643356218471,90.58948608693));
#3537 = CARTESIAN_POINT('',(0.672104908476,90.529289736879));
#3538 = CARTESIAN_POINT('',(0.700717348085,90.468987128691));
#3539 = CARTESIAN_POINT('',(0.72923535726,90.408607709902));
#3540 = CARTESIAN_POINT('',(0.757694281864,90.348175755285));
#3541 = CARTESIAN_POINT('',(0.786125448728,90.287711877871));
#3542 = CARTESIAN_POINT('',(0.861001881778,90.12843273959));
#3543 = CARTESIAN_POINT('',(0.907444794537,90.02959731832));
#3544 = CARTESIAN_POINT('',(0.954004221173,89.930802942566));
#3545 = CARTESIAN_POINT('',(1.000775028227,89.832113805771));
#3546 = CARTESIAN_POINT('',(1.047839277735,89.733588632278));
#3547 = CARTESIAN_POINT('',(1.095274456488,89.635285089461));
#3548 = CARTESIAN_POINT('',(1.143158407462,89.537262116048));
#3549 = CARTESIAN_POINT('',(1.236877717722,89.348164789012));
#3550 = CARTESIAN_POINT('',(1.282644992262,89.257053039685));
#3551 = CARTESIAN_POINT('',(1.328939653606,89.166293350753));
#3552 = CARTESIAN_POINT('',(1.375827893419,89.075941388246));
#3553 = CARTESIAN_POINT('',(1.423378433422,88.986061301399));
#3554 = CARTESIAN_POINT('',(1.471665730352,88.896726971939));
#3555 = CARTESIAN_POINT('',(1.520773180923,88.808023263372));
#3556 = CARTESIAN_POINT('',(1.570796326795,88.720047270268));
#3557 = ( GEOMETRIC_REPRESENTATION_CONTEXT(2) 
PARAMETRIC_REPRESENTATION_CONTEXT() REPRESENTATION_CONTEXT('2D SPACE',''
  ) );
#3558 = ORIENTED_EDGE('',*,*,#3559,.F.);
#3559 = EDGE_CURVE('',#2590,#3372,#3560,.T.);
#3560 = SURFACE_CURVE('',#3561,(#3566,#3573),.PCURVE_S1.);
#3561 = CIRCLE('',#3562,4.4);
#3562 = AXIS2_PLACEMENT_3D('',#3563,#3564,#3565);
#3563 = CARTESIAN_POINT('',(-72.,-46.75,0.));
#3564 = DIRECTION('',(0.,0.,1.));
#3565 = DIRECTION('',(1.,0.,0.));
#3566 = PCURVE('',#1593,#3567);
#3567 = DEFINITIONAL_REPRESENTATION('',(#3568),#3572);
#3568 = LINE('',#3569,#3570);
#3569 = CARTESIAN_POINT('',(0.,4.712388980385));
#3570 = VECTOR('',#3571,1.);
#3571 = DIRECTION('',(1.,0.));
#3572 = ( GEOMETRIC_REPRESENTATION_CONTEXT(2) 
PARAMETRIC_REPRESENTATION_CONTEXT() REPRESENTATION_CONTEXT('2D SPACE',''
  ) );
#3573 = PCURVE('',#2628,#3574);
#3574 = DEFINITIONAL_REPRESENTATION('',(#3575),#3579);
#3575 = CIRCLE('',#3576,4.4);
#3576 = AXIS2_PLACEMENT_2D('',#3577,#3578);
#3577 = CARTESIAN_POINT('',(-72.,-46.75));
#3578 = DIRECTION('',(1.,0.));
#3579 = ( GEOMETRIC_REPRESENTATION_CONTEXT(2) 
PARAMETRIC_REPRESENTATION_CONTEXT() REPRESENTATION_CONTEXT('2D SPACE',''
  ) );
#3580 = ADVANCED_FACE('',(#3581),#1678,.T.);
#3581 = FACE_BOUND('',#3582,.F.);
#3582 = EDGE_LOOP('',(#3583,#3613,#3640,#3641));
#3583 = ORIENTED_EDGE('',*,*,#3584,.F.);
#3584 = EDGE_CURVE('',#3585,#3587,#3589,.T.);
#3585 = VERTEX_POINT('',#3586);
#3586 = CARTESIAN_POINT('',(-68.6,46.75,1.));
#3587 = VERTEX_POINT('',#3588);
#3588 = CARTESIAN_POINT('',(-68.6,46.75,4.5));
#3589 = SURFACE_CURVE('',#3590,(#3594,#3601),.PCURVE_S1.);
#3590 = LINE('',#3591,#3592);
#3591 = CARTESIAN_POINT('',(-68.6,46.75,0.));
#3592 = VECTOR('',#3593,1.);
#3593 = DIRECTION('',(0.,0.,1.));
#3594 = PCURVE('',#1678,#3595);
#3595 = DEFINITIONAL_REPRESENTATION('',(#3596),#3600);
#3596 = LINE('',#3597,#3598);
#3597 = CARTESIAN_POINT('',(-6.28318530718,0.));
#3598 = VECTOR('',#3599,1.);
#3599 = DIRECTION('',(-0.,-1.));
#3600 = ( GEOMETRIC_REPRESENTATION_CONTEXT(2) 
PARAMETRIC_REPRESENTATION_CONTEXT() REPRESENTATION_CONTEXT('2D SPACE',''
  ) );
#3601 = PCURVE('',#3602,#3607);
#3602 = CYLINDRICAL_SURFACE('',#3603,3.4);
#3603 = AXIS2_PLACEMENT_3D('',#3604,#3605,#3606);
#3604 = CARTESIAN_POINT('',(-72.,46.75,0.));
#3605 = DIRECTION('',(-0.,-0.,-1.));
#3606 = DIRECTION('',(1.,0.,0.));
#3607 = DEFINITIONAL_REPRESENTATION('',(#3608),#3612);
#3608 = LINE('',#3609,#3610);
#3609 = CARTESIAN_POINT('',(-0.,0.));
#3610 = VECTOR('',#3611,1.);
#3611 = DIRECTION('',(-0.,-1.));
#3612 = ( GEOMETRIC_REPRESENTATION_CONTEXT(2) 
PARAMETRIC_REPRESENTATION_CONTEXT() REPRESENTATION_CONTEXT('2D SPACE',''
  ) );
#3613 = ORIENTED_EDGE('',*,*,#3614,.F.);
#3614 = EDGE_CURVE('',#1663,#3585,#3615,.T.);
#3615 = SURFACE_CURVE('',#3616,(#3621,#3628),.PCURVE_S1.);
#3616 = CIRCLE('',#3617,3.4);
#3617 = AXIS2_PLACEMENT_3D('',#3618,#3619,#3620);
#3618 = CARTESIAN_POINT('',(-72.,46.75,1.));
#3619 = DIRECTION('',(0.,0.,1.));
#3620 = DIRECTION('',(-0.955882352941,-0.293749769933,0.));
#3621 = PCURVE('',#1678,#3622);
#3622 = DEFINITIONAL_REPRESENTATION('',(#3623),#3627);
#3623 = LINE('',#3624,#3625);
#3624 = CARTESIAN_POINT('',(-3.439739975934,-1.));
#3625 = VECTOR('',#3626,1.);
#3626 = DIRECTION('',(-1.,0.));
#3627 = ( GEOMETRIC_REPRESENTATION_CONTEXT(2) 
PARAMETRIC_REPRESENTATION_CONTEXT() REPRESENTATION_CONTEXT('2D SPACE',''
  ) );
#3628 = PCURVE('',#3629,#3634);
#3629 = TOROIDAL_SURFACE('',#3630,4.4,1.);
#3630 = AXIS2_PLACEMENT_3D('',#3631,#3632,#3633);
#3631 = CARTESIAN_POINT('',(-72.,46.75,1.));
#3632 = DIRECTION('',(0.,0.,1.));
#3633 = DIRECTION('',(-0.955882352941,-0.293749769933,0.));
#3634 = DEFINITIONAL_REPRESENTATION('',(#3635),#3639);
#3635 = LINE('',#3636,#3637);
#3636 = CARTESIAN_POINT('',(0.,3.14159265359));
#3637 = VECTOR('',#3638,1.);
#3638 = DIRECTION('',(1.,0.));
#3639 = ( GEOMETRIC_REPRESENTATION_CONTEXT(2) 
PARAMETRIC_REPRESENTATION_CONTEXT() REPRESENTATION_CONTEXT('2D SPACE',''
  ) );
#3640 = ORIENTED_EDGE('',*,*,#1660,.F.);
#3641 = ORIENTED_EDGE('',*,*,#3642,.T.);
#3642 = EDGE_CURVE('',#1661,#3587,#3643,.T.);
#3643 = SURFACE_CURVE('',#3644,(#3649,#3656),.PCURVE_S1.);
#3644 = CIRCLE('',#3645,3.4);
#3645 = AXIS2_PLACEMENT_3D('',#3646,#3647,#3648);
#3646 = CARTESIAN_POINT('',(-72.,46.75,4.5));
#3647 = DIRECTION('',(0.,0.,1.));
#3648 = DIRECTION('',(1.,0.,0.));
#3649 = PCURVE('',#1678,#3650);
#3650 = DEFINITIONAL_REPRESENTATION('',(#3651),#3655);
#3651 = LINE('',#3652,#3653);
#3652 = CARTESIAN_POINT('',(-0.,-4.5));
#3653 = VECTOR('',#3654,1.);
#3654 = DIRECTION('',(-1.,0.));
#3655 = ( GEOMETRIC_REPRESENTATION_CONTEXT(2) 
PARAMETRIC_REPRESENTATION_CONTEXT() REPRESENTATION_CONTEXT('2D SPACE',''
  ) );
#3656 = PCURVE('',#1706,#3657);
#3657 = DEFINITIONAL_REPRESENTATION('',(#3658),#3662);
#3658 = CIRCLE('',#3659,3.4);
#3659 = AXIS2_PLACEMENT_2D('',#3660,#3661);
#3660 = CARTESIAN_POINT('',(-72.,46.75));
#3661 = DIRECTION('',(1.,0.));
#3662 = ( GEOMETRIC_REPRESENTATION_CONTEXT(2) 
PARAMETRIC_REPRESENTATION_CONTEXT() REPRESENTATION_CONTEXT('2D SPACE',''
  ) );
#3663 = ADVANCED_FACE('',(#3664),#1784,.F.);
#3664 = FACE_BOUND('',#3665,.F.);
#3665 = EDGE_LOOP('',(#3666,#3854,#3875,#3876));
#3666 = ORIENTED_EDGE('',*,*,#3667,.T.);
#3667 = EDGE_CURVE('',#1663,#3668,#3670,.T.);
#3668 = VERTEX_POINT('',#3669);
#3669 = CARTESIAN_POINT('',(-74.25,42.968796487889,-2.22044604925E-16));
#3670 = SURFACE_CURVE('',#3671,(#3730,#3792),.PCURVE_S1.);
#3671 = B_SPLINE_CURVE_WITH_KNOTS('',8,(#3672,#3673,#3674,#3675,#3676,
    #3677,#3678,#3679,#3680,#3681,#3682,#3683,#3684,#3685,#3686,#3687,
    #3688,#3689,#3690,#3691,#3692,#3693,#3694,#3695,#3696,#3697,#3698,
    #3699,#3700,#3701,#3702,#3703,#3704,#3705,#3706,#3707,#3708,#3709,
    #3710,#3711,#3712,#3713,#3714,#3715,#3716,#3717,#3718,#3719,#3720,
    #3721,#3722,#3723,#3724,#3725,#3726,#3727,#3728,#3729),
  .UNSPECIFIED.,.F.,.F.,(9,7,7,7,7,7,7,7,9),(0.,2.6533401682E-02,
    4.596562165416E-02,7.801431196092E-02,0.153643079279,0.321241868859,
    0.484308181426,0.750698949194,1.),.UNSPECIFIED.);
#3672 = CARTESIAN_POINT('',(-75.25,45.751250782228,1.));
#3673 = CARTESIAN_POINT('',(-75.25,45.751250782228,0.990603437871));
#3674 = CARTESIAN_POINT('',(-75.2498990659,45.750578791775,
    0.981204396587));
#3675 = CARTESIAN_POINT('',(-75.24969718198,45.749234477379,
    0.971849151226));
#3676 = CARTESIAN_POINT('',(-75.24939693077,45.747237836682,
    0.962575810701));
#3677 = CARTESIAN_POINT('',(-75.24900284972,45.744624123343,
    0.953415086781));
#3678 = CARTESIAN_POINT('',(-75.24852078795,45.741438771923,
    0.944391063104));
#3679 = CARTESIAN_POINT('',(-75.24795726291,45.737732322771,
    0.935521964196));
#3680 = CARTESIAN_POINT('',(-75.24685123964,45.730496262557,
    0.920448559583));
#3681 = CARTESIAN_POINT('',(-75.24634333421,45.727183845766,
    0.91416423548));
#3682 = CARTESIAN_POINT('',(-75.24579749562,45.723636852238,
    0.907970745765));
#3683 = CARTESIAN_POINT('',(-75.24521605756,45.719873563022,
    0.90186949048));
#3684 = CARTESIAN_POINT('',(-75.24460124333,45.715911421673,
    0.89586063109));
#3685 = CARTESIAN_POINT('',(-75.24395511666,45.711766671418,
    0.889943245455));
#3686 = CARTESIAN_POINT('',(-75.2432795326,45.707453992313,
    0.884115482807));
#3687 = CARTESIAN_POINT('',(-75.24141592896,45.695617507011,
    0.86890673354));
#3688 = CARTESIAN_POINT('',(-75.24018034448,45.687829047854,
    0.859678089299));
#3689 = CARTESIAN_POINT('',(-75.2388764153,45.679677683839,
    0.850675241802));
#3690 = CARTESIAN_POINT('',(-75.23751023218,45.67121217254,0.84188519785
    ));
#3691 = CARTESIAN_POINT('',(-75.23608692218,45.662473559729,
    0.833295244416));
#3692 = CARTESIAN_POINT('',(-75.23461067482,45.653495632903,
    0.824892677834));
#3693 = CARTESIAN_POINT('',(-75.23308476819,45.64430537481,
    0.816664532976));
#3694 = CARTESIAN_POINT('',(-75.22779920787,45.612783794458,
    0.789560217964));
#3695 = CARTESIAN_POINT('',(-75.22382769784,45.589601226258,
    0.771440352398));
#3696 = CARTESIAN_POINT('',(-75.21962944592,45.565651564787,
    0.754060384982));
#3697 = CARTESIAN_POINT('',(-75.21522535175,45.541112899404,
    0.737313919658));
#3698 = CARTESIAN_POINT('',(-75.21063081098,45.516112718382,
    0.721120225091));
#3699 = CARTESIAN_POINT('',(-75.20585677181,45.490741611823,
    0.705410764867));
#3700 = CARTESIAN_POINT('',(-75.20090899492,45.46505446154,
    0.690128036875));
#3701 = CARTESIAN_POINT('',(-75.18444156734,45.381518930209,
    0.642173812006));
#3702 = CARTESIAN_POINT('',(-75.17226849085,45.322656242494,
    0.611019895785));
#3703 = CARTESIAN_POINT('',(-75.15931882767,45.262970801183,
    0.581248337941));
#3704 = CARTESIAN_POINT('',(-75.14561681503,45.20268872069,
    0.552658321103));
#3705 = CARTESIAN_POINT('',(-75.13118381158,45.141985066346,
    0.525085540947));
#3706 = CARTESIAN_POINT('',(-75.11603195822,45.080956495276,
    0.498437491602));
#3707 = CARTESIAN_POINT('',(-75.1001681662,45.019668137382,
    0.472634173466));
#3708 = CARTESIAN_POINT('',(-75.06746201839,44.898287773287,
    0.423277865318));
#3709 = CARTESIAN_POINT('',(-75.05066499748,44.838235304785,
    0.399693597831));
#3710 = CARTESIAN_POINT('',(-75.03320647979,44.778038954734,
    0.376820230899));
#3711 = CARTESIAN_POINT('',(-75.0150924029,44.717736346547,
    0.354632438149));
#3712 = CARTESIAN_POINT('',(-74.99632838084,44.657356927759,
    0.33311718124));
#3713 = CARTESIAN_POINT('',(-74.97691990774,44.596924973142,
    0.312269013795));
#3714 = CARTESIAN_POINT('',(-74.95687242166,44.536461095728,
    0.292087793631));
#3715 = CARTESIAN_POINT('',(-74.90240571713,44.377181957447,
    0.24070824202));
#3716 = CARTESIAN_POINT('',(-74.86693058119,44.278346536177,
    0.210632846345));
#3717 = CARTESIAN_POINT('',(-74.82978988365,44.179552160422,
    0.182375376099));
#3718 = CARTESIAN_POINT('',(-74.79101054781,44.080863023626,
    0.155992384853));
#3719 = CARTESIAN_POINT('',(-74.75062338049,43.982337850132,
    0.131563598521));
#3720 = CARTESIAN_POINT('',(-74.70866403386,43.884034307315,
    0.109185724331));
#3721 = CARTESIAN_POINT('',(-74.66517390605,43.786011333902,
    8.897069020399E-02));
#3722 = CARTESIAN_POINT('',(-74.57811319481,43.596914006835,
    5.427570963892E-02));
#3723 = CARTESIAN_POINT('',(-74.53472898901,43.505802257477,
    3.951162618197E-02));
#3724 = CARTESIAN_POINT('',(-74.49008746672,43.415042568516,
    2.686221175664E-02));
#3725 = CARTESIAN_POINT('',(-74.44423502822,43.324690605981,
    1.644617698606E-02));
#3726 = CARTESIAN_POINT('',(-74.39722716513,43.234810519105,
    8.396049928766E-03));
#3727 = CARTESIAN_POINT('',(-74.34913025494,43.145476189614,
    2.859430499981E-03));
#3728 = CARTESIAN_POINT('',(-74.30002335559,43.056772481017,
    2.44892907023E-07));
#3729 = CARTESIAN_POINT('',(-74.25,42.968796487889,0.));
#3730 = PCURVE('',#1784,#3731);
#3731 = DEFINITIONAL_REPRESENTATION('',(#3732),#3791);
#3732 = B_SPLINE_CURVE_WITH_KNOTS('',8,(#3733,#3734,#3735,#3736,#3737,
    #3738,#3739,#3740,#3741,#3742,#3743,#3744,#3745,#3746,#3747,#3748,
    #3749,#3750,#3751,#3752,#3753,#3754,#3755,#3756,#3757,#3758,#3759,
    #3760,#3761,#3762,#3763,#3764,#3765,#3766,#3767,#3768,#3769,#3770,
    #3771,#3772,#3773,#3774,#3775,#3776,#3777,#3778,#3779,#3780,#3781,
    #3782,#3783,#3784,#3785,#3786,#3787,#3788,#3789,#3790),
  .UNSPECIFIED.,.F.,.F.,(9,7,7,7,7,7,7,7,9),(0.,2.6533401682E-02,
    4.596562165416E-02,7.801431196092E-02,0.153643079279,0.321241868859,
    0.484308181426,0.750698949194,1.),.UNSPECIFIED.);
#3733 = CARTESIAN_POINT('',(0.,4.547473508865E-13));
#3734 = CARTESIAN_POINT('',(9.396562128715E-03,4.547402480522E-13));
#3735 = CARTESIAN_POINT('',(1.879559165393E-02,6.719904535501E-04));
#3736 = CARTESIAN_POINT('',(2.815211602127E-02,2.016304849492E-03));
#3737 = CARTESIAN_POINT('',(3.742926216359E-02,4.012945546334E-03));
#3738 = CARTESIAN_POINT('',(4.659744333501E-02,6.626658885208E-03));
#3739 = CARTESIAN_POINT('',(5.563354594497E-02,9.8120103051E-03));
#3740 = CARTESIAN_POINT('',(6.45201163923E-02,1.351845945762E-02));
#3741 = CARTESIAN_POINT('',(7.963404421061E-02,2.075451967077E-02));
#3742 = CARTESIAN_POINT('',(8.593868632352E-02,2.406693646202E-02));
#3743 = CARTESIAN_POINT('',(9.215591245282E-02,2.761392999044E-02));
#3744 = CARTESIAN_POINT('',(9.828450679475E-02,3.137721920669E-02));
#3745 = CARTESIAN_POINT('',(0.104324453041,3.53393605548E-02));
#3746 = CARTESIAN_POINT('',(0.110276787895,3.948411080979E-02));
#3747 = CARTESIAN_POINT('',(0.116143454582,4.379678991534E-02));
#3748 = CARTESIAN_POINT('',(0.131465956753,5.563327521682E-02));
#3749 = CARTESIAN_POINT('',(0.14077636892,6.342173437442E-02));
#3750 = CARTESIAN_POINT('',(0.149872290271,7.157309838966E-02));
#3751 = CARTESIAN_POINT('',(0.158766940404,8.003860968835E-02));
#3752 = CARTESIAN_POINT('',(0.167473174687,8.877722249904E-02));
#3753 = CARTESIAN_POINT('',(0.176003797816,9.775514932531E-02));
#3754 = CARTESIAN_POINT('',(0.184371877385,0.106945407418));
#3755 = CARTESIAN_POINT('',(0.211986747295,0.13846698777));
#3756 = CARTESIAN_POINT('',(0.230531769957,0.16164955597));
#3757 = CARTESIAN_POINT('',(0.248405052876,0.185599217442));
#3758 = CARTESIAN_POINT('',(0.265714190187,0.210137882825));
#3759 = CARTESIAN_POINT('',(0.282541025591,0.235138063846));
#3760 = CARTESIAN_POINT('',(0.298955389656,0.260509170406));
#3761 = CARTESIAN_POINT('',(0.315016563003,0.286196320688));
#3762 = CARTESIAN_POINT('',(0.365719460887,0.36973185202));
#3763 = CARTESIAN_POINT('',(0.39913810592,0.428594539734));
#3764 = CARTESIAN_POINT('',(0.431566388577,0.488279981045));
#3765 = CARTESIAN_POINT('',(0.463228378797,0.548562061538));
#3766 = CARTESIAN_POINT('',(0.494312414751,0.609265715882));
#3767 = CARTESIAN_POINT('',(0.524936604253,0.670294286953));
#3768 = CARTESIAN_POINT('',(0.555208926291,0.731582644846));
#3769 = CARTESIAN_POINT('',(0.614418192953,0.852963008941));
#3770 = CARTESIAN_POINT('',(0.643356218431,0.913015477443));
#3771 = CARTESIAN_POINT('',(0.672104908437,0.973211827494));
#3772 = CARTESIAN_POINT('',(0.700717348045,1.033514435681));
#3773 = CARTESIAN_POINT('',(0.72923535722,1.09389385447));
#3774 = CARTESIAN_POINT('',(0.757694281824,1.154325809087));
#3775 = CARTESIAN_POINT('',(0.786125448688,1.214789686501));
#3776 = CARTESIAN_POINT('',(0.861001881738,1.374068824781));
#3777 = CARTESIAN_POINT('',(0.907444794497,1.472904246051));
#3778 = CARTESIAN_POINT('',(0.954004221133,1.571698621806));
#3779 = CARTESIAN_POINT('',(1.000775028187,1.670387758602));
#3780 = CARTESIAN_POINT('',(1.047839277695,1.768912932096));
#3781 = CARTESIAN_POINT('',(1.095274456449,1.867216474913));
#3782 = CARTESIAN_POINT('',(1.143158407421,1.965239448327));
#3783 = CARTESIAN_POINT('',(1.236877717695,2.154336775393));
#3784 = CARTESIAN_POINT('',(1.282644992279,2.245448524752));
#3785 = CARTESIAN_POINT('',(1.328939653619,2.336208213713));
#3786 = CARTESIAN_POINT('',(1.375827893406,2.426560176248));
#3787 = CARTESIAN_POINT('',(1.42337843342,2.516440263123));
#3788 = CARTESIAN_POINT('',(1.471665730426,2.605774592614));
#3789 = CARTESIAN_POINT('',(1.520773181074,2.694478301212));
#3790 = CARTESIAN_POINT('',(1.570796326795,2.782454294339));
#3791 = ( GEOMETRIC_REPRESENTATION_CONTEXT(2) 
PARAMETRIC_REPRESENTATION_CONTEXT() REPRESENTATION_CONTEXT('2D SPACE',''
  ) );
#3792 = PCURVE('',#3629,#3793);
#3793 = DEFINITIONAL_REPRESENTATION('',(#3794),#3853);
#3794 = B_SPLINE_CURVE_WITH_KNOTS('',8,(#3795,#3796,#3797,#3798,#3799,
    #3800,#3801,#3802,#3803,#3804,#3805,#3806,#3807,#3808,#3809,#3810,
    #3811,#3812,#3813,#3814,#3815,#3816,#3817,#3818,#3819,#3820,#3821,
    #3822,#3823,#3824,#3825,#3826,#3827,#3828,#3829,#3830,#3831,#3832,
    #3833,#3834,#3835,#3836,#3837,#3838,#3839,#3840,#3841,#3842,#3843,
    #3844,#3845,#3846,#3847,#3848,#3849,#3850,#3851,#3852),
  .UNSPECIFIED.,.F.,.F.,(9,7,7,7,7,7,7,7,9),(0.,2.6533401682E-02,
    4.596562165416E-02,7.801431196092E-02,0.153643079279,0.321241868859,
    0.484308181426,0.750698949194,1.),.UNSPECIFIED.);
#3795 = CARTESIAN_POINT('',(1.358912982141E-13,3.14159265359));
#3796 = CARTESIAN_POINT('',(1.358912982141E-13,3.150989215719));
#3797 = CARTESIAN_POINT('',(1.97643468745E-04,3.160388245244));
#3798 = CARTESIAN_POINT('',(5.930313722482E-04,3.169744769611));
#3799 = CARTESIAN_POINT('',(1.180245819921E-03,3.179021915753));
#3800 = CARTESIAN_POINT('',(1.948852627075E-03,3.188190096925));
#3801 = CARTESIAN_POINT('',(2.885403878172E-03,3.197226199535));
#3802 = CARTESIAN_POINT('',(3.974940489879E-03,3.206112769982));
#3803 = CARTESIAN_POINT('',(6.101516511596E-03,3.2212266978));
#3804 = CARTESIAN_POINT('',(7.074848044789E-03,3.227531339913));
#3805 = CARTESIAN_POINT('',(8.116935416098E-03,3.233748566043));
#3806 = CARTESIAN_POINT('',(9.22236475574E-03,3.239877160385));
#3807 = CARTESIAN_POINT('',(1.038596946381E-02,3.245917106631));
#3808 = CARTESIAN_POINT('',(1.160293739231E-02,3.251869441485));
#3809 = CARTESIAN_POINT('',(1.286891802716E-02,3.257736108171));
#3810 = CARTESIAN_POINT('',(1.634265232263E-02,3.273058610342));
#3811 = CARTESIAN_POINT('',(1.86275437931E-02,3.28236902251));
#3812 = CARTESIAN_POINT('',(2.101792167499E-02,3.291464943861));
#3813 = CARTESIAN_POINT('',(2.349932318063E-02,3.300359593994));
#3814 = CARTESIAN_POINT('',(2.605956842824E-02,3.309065828277));
#3815 = CARTESIAN_POINT('',(2.868862372888E-02,3.317596451405));
#3816 = CARTESIAN_POINT('',(3.137846487328E-02,3.325964530975));
#3817 = CARTESIAN_POINT('',(4.059937675534E-02,3.353579400884));
#3818 = CARTESIAN_POINT('',(4.737286458474E-02,3.372124423547));
#3819 = CARTESIAN_POINT('',(5.436119630297E-02,3.389997706465));
#3820 = CARTESIAN_POINT('',(6.151115827159E-02,3.407306843777));
#3821 = CARTESIAN_POINT('',(6.878458682769E-02,3.424133679181));
#3822 = CARTESIAN_POINT('',(7.615426187836E-02,3.440548043246));
#3823 = CARTESIAN_POINT('',(8.360347469032E-02,3.456609216593));
#3824 = CARTESIAN_POINT('',(0.107787151554,3.507312114477));
#3825 = CARTESIAN_POINT('',(0.124765436064,3.54073075951));
#3826 = CARTESIAN_POINT('',(0.141911289399,3.573159042167));
#3827 = CARTESIAN_POINT('',(0.159153424536,3.604821032386));
#3828 = CARTESIAN_POINT('',(0.176436140981,3.635905068341));
#3829 = CARTESIAN_POINT('',(0.193727198795,3.666529257842));
#3830 = CARTESIAN_POINT('',(0.211003727312,3.696801579881));
#3831 = CARTESIAN_POINT('',(0.245038063248,3.756010846543));
#3832 = CARTESIAN_POINT('',(0.261789671236,3.784948872021));
#3833 = CARTESIAN_POINT('',(0.278491075486,3.813697562026));
#3834 = CARTESIAN_POINT('',(0.295128389211,3.842310001635));
#3835 = CARTESIAN_POINT('',(0.311690404134,3.87082801081));
#3836 = CARTESIAN_POINT('',(0.328167694618,3.899286935414));
#3837 = CARTESIAN_POINT('',(0.344552161314,3.927718102277));
#3838 = CARTESIAN_POINT('',(0.387440513434,4.002594535328));
#3839 = CARTESIAN_POINT('',(0.413776871563,4.049037448087));
#3840 = CARTESIAN_POINT('',(0.439815935514,4.095596874723));
#3841 = CARTESIAN_POINT('',(0.465533018348,4.142367681777));
#3842 = CARTESIAN_POINT('',(0.490907056787,4.189431931285));
#3843 = CARTESIAN_POINT('',(0.515919377315,4.236867110038));
#3844 = CARTESIAN_POINT('',(0.540553070991,4.284751061011));
#3845 = CARTESIAN_POINT('',(0.587477824846,4.378470371285));
#3846 = CARTESIAN_POINT('',(0.609816553524,4.424237645869));
#3847 = CARTESIAN_POINT('',(0.631797066145,4.470532307209));
#3848 = CARTESIAN_POINT('',(0.653407027876,4.517420546996));
#3849 = CARTESIAN_POINT('',(0.674633719945,4.564971087009));
#3850 = CARTESIAN_POINT('',(0.69546389365,4.613258384016));
#3851 = CARTESIAN_POINT('',(0.715883624371,4.662365834664));
#3852 = CARTESIAN_POINT('',(0.735878165579,4.712388980385));
#3853 = ( GEOMETRIC_REPRESENTATION_CONTEXT(2) 
PARAMETRIC_REPRESENTATION_CONTEXT() REPRESENTATION_CONTEXT('2D SPACE',''
  ) );
#3854 = ORIENTED_EDGE('',*,*,#3855,.T.);
#3855 = EDGE_CURVE('',#3668,#3372,#3856,.T.);
#3856 = SURFACE_CURVE('',#3857,(#3861,#3868),.PCURVE_S1.);
#3857 = LINE('',#3858,#3859);
#3858 = CARTESIAN_POINT('',(-74.25,45.751250782228,-2.22044604925E-16));
#3859 = VECTOR('',#3860,1.);
#3860 = DIRECTION('',(0.,-1.,0.));
#3861 = PCURVE('',#1784,#3862);
#3862 = DEFINITIONAL_REPRESENTATION('',(#3863),#3867);
#3863 = LINE('',#3864,#3865);
#3864 = CARTESIAN_POINT('',(1.570796326795,0.));
#3865 = VECTOR('',#3866,1.);
#3866 = DIRECTION('',(0.,1.));
#3867 = ( GEOMETRIC_REPRESENTATION_CONTEXT(2) 
PARAMETRIC_REPRESENTATION_CONTEXT() REPRESENTATION_CONTEXT('2D SPACE',''
  ) );
#3868 = PCURVE('',#2628,#3869);
#3869 = DEFINITIONAL_REPRESENTATION('',(#3870),#3874);
#3870 = LINE('',#3871,#3872);
#3871 = CARTESIAN_POINT('',(-74.25,45.751250782228));
#3872 = VECTOR('',#3873,1.);
#3873 = DIRECTION('',(0.,-1.));
#3874 = ( GEOMETRIC_REPRESENTATION_CONTEXT(2) 
PARAMETRIC_REPRESENTATION_CONTEXT() REPRESENTATION_CONTEXT('2D SPACE',''
  ) );
#3875 = ORIENTED_EDGE('',*,*,#3371,.F.);
#3876 = ORIENTED_EDGE('',*,*,#1770,.F.);
#3877 = ADVANCED_FACE('',(#3878,#3955),#1706,.T.);
#3878 = FACE_BOUND('',#3879,.T.);
#3879 = EDGE_LOOP('',(#3880,#3881,#3905,#3928,#3954));
#3880 = ORIENTED_EDGE('',*,*,#3642,.T.);
#3881 = ORIENTED_EDGE('',*,*,#3882,.T.);
#3882 = EDGE_CURVE('',#3587,#3883,#3885,.T.);
#3883 = VERTEX_POINT('',#3884);
#3884 = CARTESIAN_POINT('',(-71.00125078222,50.,4.5));
#3885 = SURFACE_CURVE('',#3886,(#3891,#3898),.PCURVE_S1.);
#3886 = CIRCLE('',#3887,3.4);
#3887 = AXIS2_PLACEMENT_3D('',#3888,#3889,#3890);
#3888 = CARTESIAN_POINT('',(-72.,46.75,4.5));
#3889 = DIRECTION('',(0.,0.,1.));
#3890 = DIRECTION('',(1.,0.,0.));
#3891 = PCURVE('',#1706,#3892);
#3892 = DEFINITIONAL_REPRESENTATION('',(#3893),#3897);
#3893 = CIRCLE('',#3894,3.4);
#3894 = AXIS2_PLACEMENT_2D('',#3895,#3896);
#3895 = CARTESIAN_POINT('',(-72.,46.75));
#3896 = DIRECTION('',(1.,0.));
#3897 = ( GEOMETRIC_REPRESENTATION_CONTEXT(2) 
PARAMETRIC_REPRESENTATION_CONTEXT() REPRESENTATION_CONTEXT('2D SPACE',''
  ) );
#3898 = PCURVE('',#3602,#3899);
#3899 = DEFINITIONAL_REPRESENTATION('',(#3900),#3904);
#3900 = LINE('',#3901,#3902);
#3901 = CARTESIAN_POINT('',(-0.,-4.5));
#3902 = VECTOR('',#3903,1.);
#3903 = DIRECTION('',(-1.,0.));
#3904 = ( GEOMETRIC_REPRESENTATION_CONTEXT(2) 
PARAMETRIC_REPRESENTATION_CONTEXT() REPRESENTATION_CONTEXT('2D SPACE',''
  ) );
#3905 = ORIENTED_EDGE('',*,*,#3906,.T.);
#3906 = EDGE_CURVE('',#3883,#3907,#3909,.T.);
#3907 = VERTEX_POINT('',#3908);
#3908 = CARTESIAN_POINT('',(-72.25,50.,4.5));
#3909 = SURFACE_CURVE('',#3910,(#3914,#3921),.PCURVE_S1.);
#3910 = LINE('',#3911,#3912);
#3911 = CARTESIAN_POINT('',(36.125,50.,4.5));
#3912 = VECTOR('',#3913,1.);
#3913 = DIRECTION('',(-1.,0.,0.));
#3914 = PCURVE('',#1706,#3915);
#3915 = DEFINITIONAL_REPRESENTATION('',(#3916),#3920);
#3916 = LINE('',#3917,#3918);
#3917 = CARTESIAN_POINT('',(36.125,50.));
#3918 = VECTOR('',#3919,1.);
#3919 = DIRECTION('',(-1.,0.));
#3920 = ( GEOMETRIC_REPRESENTATION_CONTEXT(2) 
PARAMETRIC_REPRESENTATION_CONTEXT() REPRESENTATION_CONTEXT('2D SPACE',''
  ) );
#3921 = PCURVE('',#3305,#3922);
#3922 = DEFINITIONAL_REPRESENTATION('',(#3923),#3927);
#3923 = LINE('',#3924,#3925);
#3924 = CARTESIAN_POINT('',(36.125,-4.5));
#3925 = VECTOR('',#3926,1.);
#3926 = DIRECTION('',(1.,0.));
#3927 = ( GEOMETRIC_REPRESENTATION_CONTEXT(2) 
PARAMETRIC_REPRESENTATION_CONTEXT() REPRESENTATION_CONTEXT('2D SPACE',''
  ) );
#3928 = ORIENTED_EDGE('',*,*,#3929,.F.);
#3929 = EDGE_CURVE('',#1691,#3907,#3930,.T.);
#3930 = SURFACE_CURVE('',#3931,(#3936,#3947),.PCURVE_S1.);
#3931 = CIRCLE('',#3932,3.);
#3932 = AXIS2_PLACEMENT_3D('',#3933,#3934,#3935);
#3933 = CARTESIAN_POINT('',(-72.25,47.,4.5));
#3934 = DIRECTION('',(0.,0.,-1.));
#3935 = DIRECTION('',(1.,0.,0.));
#3936 = PCURVE('',#1706,#3937);
#3937 = DEFINITIONAL_REPRESENTATION('',(#3938),#3946);
#3938 = ( BOUNDED_CURVE() B_SPLINE_CURVE(2,(#3939,#3940,#3941,#3942,
#3943,#3944,#3945),.UNSPECIFIED.,.T.,.F.) B_SPLINE_CURVE_WITH_KNOTS((1,2
    ,2,2,2,1),(-2.094395102393,0.,2.094395102393,4.188790204786,
6.28318530718,8.377580409573),.UNSPECIFIED.) CURVE() 
GEOMETRIC_REPRESENTATION_ITEM() RATIONAL_B_SPLINE_CURVE((1.,0.5,1.,0.5,
1.,0.5,1.)) REPRESENTATION_ITEM('') );
#3939 = CARTESIAN_POINT('',(-69.25,47.));
#3940 = CARTESIAN_POINT('',(-69.25,41.803847577293));
#3941 = CARTESIAN_POINT('',(-73.75,44.401923788647));
#3942 = CARTESIAN_POINT('',(-78.25,47.));
#3943 = CARTESIAN_POINT('',(-73.75,49.598076211353));
#3944 = CARTESIAN_POINT('',(-69.25,52.196152422707));
#3945 = CARTESIAN_POINT('',(-69.25,47.));
#3946 = ( GEOMETRIC_REPRESENTATION_CONTEXT(2) 
PARAMETRIC_REPRESENTATION_CONTEXT() REPRESENTATION_CONTEXT('2D SPACE',''
  ) );
#3947 = PCURVE('',#1734,#3948);
#3948 = DEFINITIONAL_REPRESENTATION('',(#3949),#3953);
#3949 = LINE('',#3950,#3951);
#3950 = CARTESIAN_POINT('',(-6.28318530718,-4.5));
#3951 = VECTOR('',#3952,1.);
#3952 = DIRECTION('',(1.,-0.));
#3953 = ( GEOMETRIC_REPRESENTATION_CONTEXT(2) 
PARAMETRIC_REPRESENTATION_CONTEXT() REPRESENTATION_CONTEXT('2D SPACE',''
  ) );
#3954 = ORIENTED_EDGE('',*,*,#1690,.T.);
#3955 = FACE_BOUND('',#3956,.T.);
#3956 = EDGE_LOOP('',(#3957));
#3957 = ORIENTED_EDGE('',*,*,#3958,.F.);
#3958 = EDGE_CURVE('',#3959,#3959,#3961,.T.);
#3959 = VERTEX_POINT('',#3960);
#3960 = CARTESIAN_POINT('',(-70.6,46.75,4.5));
#3961 = SURFACE_CURVE('',#3962,(#3967,#3974),.PCURVE_S1.);
#3962 = CIRCLE('',#3963,1.4);
#3963 = AXIS2_PLACEMENT_3D('',#3964,#3965,#3966);
#3964 = CARTESIAN_POINT('',(-72.,46.75,4.5));
#3965 = DIRECTION('',(0.,0.,1.));
#3966 = DIRECTION('',(1.,0.,0.));
#3967 = PCURVE('',#1706,#3968);
#3968 = DEFINITIONAL_REPRESENTATION('',(#3969),#3973);
#3969 = CIRCLE('',#3970,1.4);
#3970 = AXIS2_PLACEMENT_2D('',#3971,#3972);
#3971 = CARTESIAN_POINT('',(-72.,46.75));
#3972 = DIRECTION('',(1.,0.));
#3973 = ( GEOMETRIC_REPRESENTATION_CONTEXT(2) 
PARAMETRIC_REPRESENTATION_CONTEXT() REPRESENTATION_CONTEXT('2D SPACE',''
  ) );
#3974 = PCURVE('',#2275,#3975);
#3975 = DEFINITIONAL_REPRESENTATION('',(#3976),#3980);
#3976 = LINE('',#3977,#3978);
#3977 = CARTESIAN_POINT('',(0.,0.));
#3978 = VECTOR('',#3979,1.);
#3979 = DIRECTION('',(1.,0.));
#3980 = ( GEOMETRIC_REPRESENTATION_CONTEXT(2) 
PARAMETRIC_REPRESENTATION_CONTEXT() REPRESENTATION_CONTEXT('2D SPACE',''
  ) );
#3981 = ADVANCED_FACE('',(#3982),#1734,.F.);
#3982 = FACE_BOUND('',#3983,.T.);
#3983 = EDGE_LOOP('',(#3984,#3985,#4006,#4007));
#3984 = ORIENTED_EDGE('',*,*,#3929,.T.);
#3985 = ORIENTED_EDGE('',*,*,#3986,.T.);
#3986 = EDGE_CURVE('',#3907,#3290,#3987,.T.);
#3987 = SURFACE_CURVE('',#3988,(#3992,#3999),.PCURVE_S1.);
#3988 = LINE('',#3989,#3990);
#3989 = CARTESIAN_POINT('',(-72.25,50.,0.));
#3990 = VECTOR('',#3991,1.);
#3991 = DIRECTION('',(0.,0.,1.));
#3992 = PCURVE('',#1734,#3993);
#3993 = DEFINITIONAL_REPRESENTATION('',(#3994),#3998);
#3994 = LINE('',#3995,#3996);
#3995 = CARTESIAN_POINT('',(-1.570796326795,0.));
#3996 = VECTOR('',#3997,1.);
#3997 = DIRECTION('',(-0.,-1.));
#3998 = ( GEOMETRIC_REPRESENTATION_CONTEXT(2) 
PARAMETRIC_REPRESENTATION_CONTEXT() REPRESENTATION_CONTEXT('2D SPACE',''
  ) );
#3999 = PCURVE('',#3305,#4000);
#4000 = DEFINITIONAL_REPRESENTATION('',(#4001),#4005);
#4001 = LINE('',#4002,#4003);
#4002 = CARTESIAN_POINT('',(144.5,0.));
#4003 = VECTOR('',#4004,1.);
#4004 = DIRECTION('',(0.,-1.));
#4005 = ( GEOMETRIC_REPRESENTATION_CONTEXT(2) 
PARAMETRIC_REPRESENTATION_CONTEXT() REPRESENTATION_CONTEXT('2D SPACE',''
  ) );
#4006 = ORIENTED_EDGE('',*,*,#3317,.T.);
#4007 = ORIENTED_EDGE('',*,*,#1718,.F.);
#4008 = ADVANCED_FACE('',(#4009),#1860,.F.);
#4009 = FACE_BOUND('',#4010,.F.);
#4010 = EDGE_LOOP('',(#4011,#4032,#4033,#4054));
#4011 = ORIENTED_EDGE('',*,*,#4012,.T.);
#4012 = EDGE_CURVE('',#1800,#3021,#4013,.T.);
#4013 = SURFACE_CURVE('',#4014,(#4018,#4025),.PCURVE_S1.);
#4014 = LINE('',#4015,#4016);
#4015 = CARTESIAN_POINT('',(-77.25,47.000000000016,0.));
#4016 = VECTOR('',#4017,1.);
#4017 = DIRECTION('',(0.,0.,1.));
#4018 = PCURVE('',#1860,#4019);
#4019 = DEFINITIONAL_REPRESENTATION('',(#4020),#4024);
#4020 = LINE('',#4021,#4022);
#4021 = CARTESIAN_POINT('',(0.,0.));
#4022 = VECTOR('',#4023,1.);
#4023 = DIRECTION('',(0.,-1.));
#4024 = ( GEOMETRIC_REPRESENTATION_CONTEXT(2) 
PARAMETRIC_REPRESENTATION_CONTEXT() REPRESENTATION_CONTEXT('2D SPACE',''
  ) );
#4025 = PCURVE('',#1915,#4026);
#4026 = DEFINITIONAL_REPRESENTATION('',(#4027),#4031);
#4027 = LINE('',#4028,#4029);
#4028 = CARTESIAN_POINT('',(-3.141592653587,0.));
#4029 = VECTOR('',#4030,1.);
#4030 = DIRECTION('',(-0.,-1.));
#4031 = ( GEOMETRIC_REPRESENTATION_CONTEXT(2) 
PARAMETRIC_REPRESENTATION_CONTEXT() REPRESENTATION_CONTEXT('2D SPACE',''
  ) );
#4032 = ORIENTED_EDGE('',*,*,#3020,.T.);
#4033 = ORIENTED_EDGE('',*,*,#4034,.F.);
#4034 = EDGE_CURVE('',#1824,#3023,#4035,.T.);
#4035 = SURFACE_CURVE('',#4036,(#4040,#4047),.PCURVE_S1.);
#4036 = LINE('',#4037,#4038);
#4037 = CARTESIAN_POINT('',(-77.25,-47.,0.));
#4038 = VECTOR('',#4039,1.);
#4039 = DIRECTION('',(0.,0.,1.));
#4040 = PCURVE('',#1860,#4041);
#4041 = DEFINITIONAL_REPRESENTATION('',(#4042),#4046);
#4042 = LINE('',#4043,#4044);
#4043 = CARTESIAN_POINT('',(94.000000000016,0.));
#4044 = VECTOR('',#4045,1.);
#4045 = DIRECTION('',(0.,-1.));
#4046 = ( GEOMETRIC_REPRESENTATION_CONTEXT(2) 
PARAMETRIC_REPRESENTATION_CONTEXT() REPRESENTATION_CONTEXT('2D SPACE',''
  ) );
#4047 = PCURVE('',#1970,#4048);
#4048 = DEFINITIONAL_REPRESENTATION('',(#4049),#4053);
#4049 = LINE('',#4050,#4051);
#4050 = CARTESIAN_POINT('',(-3.14159265359,0.));
#4051 = VECTOR('',#4052,1.);
#4052 = DIRECTION('',(-0.,-1.));
#4053 = ( GEOMETRIC_REPRESENTATION_CONTEXT(2) 
PARAMETRIC_REPRESENTATION_CONTEXT() REPRESENTATION_CONTEXT('2D SPACE',''
  ) );
#4054 = ORIENTED_EDGE('',*,*,#1846,.F.);
#4055 = ADVANCED_FACE('',(#4056),#1915,.T.);
#4056 = FACE_BOUND('',#4057,.F.);
#4057 = EDGE_LOOP('',(#4058,#4079,#4080,#4081));
#4058 = ORIENTED_EDGE('',*,*,#4059,.T.);
#4059 = EDGE_CURVE('',#1876,#3164,#4060,.T.);
#4060 = SURFACE_CURVE('',#4061,(#4065,#4072),.PCURVE_S1.);
#4061 = LINE('',#4062,#4063);
#4062 = CARTESIAN_POINT('',(-72.25,52.,0.));
#4063 = VECTOR('',#4064,1.);
#4064 = DIRECTION('',(0.,0.,1.));
#4065 = PCURVE('',#1915,#4066);
#4066 = DEFINITIONAL_REPRESENTATION('',(#4067),#4071);
#4067 = LINE('',#4068,#4069);
#4068 = CARTESIAN_POINT('',(-1.570796326795,0.));
#4069 = VECTOR('',#4070,1.);
#4070 = DIRECTION('',(-0.,-1.));
#4071 = ( GEOMETRIC_REPRESENTATION_CONTEXT(2) 
PARAMETRIC_REPRESENTATION_CONTEXT() REPRESENTATION_CONTEXT('2D SPACE',''
  ) );
#4072 = PCURVE('',#2024,#4073);
#4073 = DEFINITIONAL_REPRESENTATION('',(#4074),#4078);
#4074 = LINE('',#4075,#4076);
#4075 = CARTESIAN_POINT('',(144.5,0.));
#4076 = VECTOR('',#4077,1.);
#4077 = DIRECTION('',(0.,-1.));
#4078 = ( GEOMETRIC_REPRESENTATION_CONTEXT(2) 
PARAMETRIC_REPRESENTATION_CONTEXT() REPRESENTATION_CONTEXT('2D SPACE',''
  ) );
#4079 = ORIENTED_EDGE('',*,*,#3186,.T.);
#4080 = ORIENTED_EDGE('',*,*,#4012,.F.);
#4081 = ORIENTED_EDGE('',*,*,#1900,.F.);
#4082 = ADVANCED_FACE('',(#4083),#1970,.T.);
#4083 = FACE_BOUND('',#4084,.F.);
#4084 = EDGE_LOOP('',(#4085,#4086,#4087,#4108));
#4085 = ORIENTED_EDGE('',*,*,#4034,.T.);
#4086 = ORIENTED_EDGE('',*,*,#3045,.T.);
#4087 = ORIENTED_EDGE('',*,*,#4088,.F.);
#4088 = EDGE_CURVE('',#1933,#3046,#4089,.T.);
#4089 = SURFACE_CURVE('',#4090,(#4094,#4101),.PCURVE_S1.);
#4090 = LINE('',#4091,#4092);
#4091 = CARTESIAN_POINT('',(-72.25,-52.,0.));
#4092 = VECTOR('',#4093,1.);
#4093 = DIRECTION('',(0.,0.,1.));
#4094 = PCURVE('',#1970,#4095);
#4095 = DEFINITIONAL_REPRESENTATION('',(#4096),#4100);
#4096 = LINE('',#4097,#4098);
#4097 = CARTESIAN_POINT('',(-4.712388980385,0.));
#4098 = VECTOR('',#4099,1.);
#4099 = DIRECTION('',(-0.,-1.));
#4100 = ( GEOMETRIC_REPRESENTATION_CONTEXT(2) 
PARAMETRIC_REPRESENTATION_CONTEXT() REPRESENTATION_CONTEXT('2D SPACE',''
  ) );
#4101 = PCURVE('',#2078,#4102);
#4102 = DEFINITIONAL_REPRESENTATION('',(#4103),#4107);
#4103 = LINE('',#4104,#4105);
#4104 = CARTESIAN_POINT('',(0.,0.));
#4105 = VECTOR('',#4106,1.);
#4106 = DIRECTION('',(0.,-1.));
#4107 = ( GEOMETRIC_REPRESENTATION_CONTEXT(2) 
PARAMETRIC_REPRESENTATION_CONTEXT() REPRESENTATION_CONTEXT('2D SPACE',''
  ) );
#4108 = ORIENTED_EDGE('',*,*,#1955,.F.);
#4109 = ADVANCED_FACE('',(#4110),#2024,.F.);
#4110 = FACE_BOUND('',#4111,.F.);
#4111 = EDGE_LOOP('',(#4112,#4133,#4134,#4135));
#4112 = ORIENTED_EDGE('',*,*,#4113,.T.);
#4113 = EDGE_CURVE('',#1986,#3140,#4114,.T.);
#4114 = SURFACE_CURVE('',#4115,(#4119,#4126),.PCURVE_S1.);
#4115 = LINE('',#4116,#4117);
#4116 = CARTESIAN_POINT('',(72.25,52.,0.));
#4117 = VECTOR('',#4118,1.);
#4118 = DIRECTION('',(0.,0.,1.));
#4119 = PCURVE('',#2024,#4120);
#4120 = DEFINITIONAL_REPRESENTATION('',(#4121),#4125);
#4121 = LINE('',#4122,#4123);
#4122 = CARTESIAN_POINT('',(0.,-0.));
#4123 = VECTOR('',#4124,1.);
#4124 = DIRECTION('',(0.,-1.));
#4125 = ( GEOMETRIC_REPRESENTATION_CONTEXT(2) 
PARAMETRIC_REPRESENTATION_CONTEXT() REPRESENTATION_CONTEXT('2D SPACE',''
  ) );
#4126 = PCURVE('',#2133,#4127);
#4127 = DEFINITIONAL_REPRESENTATION('',(#4128),#4132);
#4128 = LINE('',#4129,#4130);
#4129 = CARTESIAN_POINT('',(-1.570796326795,0.));
#4130 = VECTOR('',#4131,1.);
#4131 = DIRECTION('',(-0.,-1.));
#4132 = ( GEOMETRIC_REPRESENTATION_CONTEXT(2) 
PARAMETRIC_REPRESENTATION_CONTEXT() REPRESENTATION_CONTEXT('2D SPACE',''
  ) );
#4133 = ORIENTED_EDGE('',*,*,#3163,.T.);
#4134 = ORIENTED_EDGE('',*,*,#4059,.F.);
#4135 = ORIENTED_EDGE('',*,*,#2010,.F.);
#4136 = ADVANCED_FACE('',(#4137),#2078,.F.);
#4137 = FACE_BOUND('',#4138,.F.);
#4138 = EDGE_LOOP('',(#4139,#4140,#4141,#4162));
#4139 = ORIENTED_EDGE('',*,*,#4088,.T.);
#4140 = ORIENTED_EDGE('',*,*,#3069,.T.);
#4141 = ORIENTED_EDGE('',*,*,#4142,.F.);
#4142 = EDGE_CURVE('',#2042,#3070,#4143,.T.);
#4143 = SURFACE_CURVE('',#4144,(#4148,#4155),.PCURVE_S1.);
#4144 = LINE('',#4145,#4146);
#4145 = CARTESIAN_POINT('',(72.25,-52.,0.));
#4146 = VECTOR('',#4147,1.);
#4147 = DIRECTION('',(0.,0.,1.));
#4148 = PCURVE('',#2078,#4149);
#4149 = DEFINITIONAL_REPRESENTATION('',(#4150),#4154);
#4150 = LINE('',#4151,#4152);
#4151 = CARTESIAN_POINT('',(144.5,0.));
#4152 = VECTOR('',#4153,1.);
#4153 = DIRECTION('',(0.,-1.));
#4154 = ( GEOMETRIC_REPRESENTATION_CONTEXT(2) 
PARAMETRIC_REPRESENTATION_CONTEXT() REPRESENTATION_CONTEXT('2D SPACE',''
  ) );
#4155 = PCURVE('',#2188,#4156);
#4156 = DEFINITIONAL_REPRESENTATION('',(#4157),#4161);
#4157 = LINE('',#4158,#4159);
#4158 = CARTESIAN_POINT('',(-4.712388980385,0.));
#4159 = VECTOR('',#4160,1.);
#4160 = DIRECTION('',(-0.,-1.));
#4161 = ( GEOMETRIC_REPRESENTATION_CONTEXT(2) 
PARAMETRIC_REPRESENTATION_CONTEXT() REPRESENTATION_CONTEXT('2D SPACE',''
  ) );
#4162 = ORIENTED_EDGE('',*,*,#2064,.F.);
#4163 = ADVANCED_FACE('',(#4164),#2133,.T.);
#4164 = FACE_BOUND('',#4165,.F.);
#4165 = EDGE_LOOP('',(#4166,#4187,#4188,#4189));
#4166 = ORIENTED_EDGE('',*,*,#4167,.T.);
#4167 = EDGE_CURVE('',#2094,#3117,#4168,.T.);
#4168 = SURFACE_CURVE('',#4169,(#4173,#4180),.PCURVE_S1.);
#4169 = LINE('',#4170,#4171);
#4170 = CARTESIAN_POINT('',(77.25,47.,0.));
#4171 = VECTOR('',#4172,1.);
#4172 = DIRECTION('',(0.,0.,1.));
#4173 = PCURVE('',#2133,#4174);
#4174 = DEFINITIONAL_REPRESENTATION('',(#4175),#4179);
#4175 = LINE('',#4176,#4177);
#4176 = CARTESIAN_POINT('',(-9.60492131687E-17,0.));
#4177 = VECTOR('',#4178,1.);
#4178 = DIRECTION('',(-0.,-1.));
#4179 = ( GEOMETRIC_REPRESENTATION_CONTEXT(2) 
PARAMETRIC_REPRESENTATION_CONTEXT() REPRESENTATION_CONTEXT('2D SPACE',''
  ) );
#4180 = PCURVE('',#2220,#4181);
#4181 = DEFINITIONAL_REPRESENTATION('',(#4182),#4186);
#4182 = LINE('',#4183,#4184);
#4183 = CARTESIAN_POINT('',(94.000000000016,0.));
#4184 = VECTOR('',#4185,1.);
#4185 = DIRECTION('',(0.,-1.));
#4186 = ( GEOMETRIC_REPRESENTATION_CONTEXT(2) 
PARAMETRIC_REPRESENTATION_CONTEXT() REPRESENTATION_CONTEXT('2D SPACE',''
  ) );
#4187 = ORIENTED_EDGE('',*,*,#3139,.T.);
#4188 = ORIENTED_EDGE('',*,*,#4113,.F.);
#4189 = ORIENTED_EDGE('',*,*,#2118,.F.);
#4190 = ADVANCED_FACE('',(#4191),#2188,.T.);
#4191 = FACE_BOUND('',#4192,.F.);
#4192 = EDGE_LOOP('',(#4193,#4194,#4195,#4216));
#4193 = ORIENTED_EDGE('',*,*,#4142,.T.);
#4194 = ORIENTED_EDGE('',*,*,#3092,.T.);
#4195 = ORIENTED_EDGE('',*,*,#4196,.F.);
#4196 = EDGE_CURVE('',#2151,#3093,#4197,.T.);
#4197 = SURFACE_CURVE('',#4198,(#4202,#4209),.PCURVE_S1.);
#4198 = LINE('',#4199,#4200);
#4199 = CARTESIAN_POINT('',(77.25,-47.00000000001,0.));
#4200 = VECTOR('',#4201,1.);
#4201 = DIRECTION('',(0.,0.,1.));
#4202 = PCURVE('',#2188,#4203);
#4203 = DEFINITIONAL_REPRESENTATION('',(#4204),#4208);
#4204 = LINE('',#4205,#4206);
#4205 = CARTESIAN_POINT('',(-6.283185307176,0.));
#4206 = VECTOR('',#4207,1.);
#4207 = DIRECTION('',(-0.,-1.));
#4208 = ( GEOMETRIC_REPRESENTATION_CONTEXT(2) 
PARAMETRIC_REPRESENTATION_CONTEXT() REPRESENTATION_CONTEXT('2D SPACE',''
  ) );
#4209 = PCURVE('',#2220,#4210);
#4210 = DEFINITIONAL_REPRESENTATION('',(#4211),#4215);
#4211 = LINE('',#4212,#4213);
#4212 = CARTESIAN_POINT('',(0.,0.));
#4213 = VECTOR('',#4214,1.);
#4214 = DIRECTION('',(0.,-1.));
#4215 = ( GEOMETRIC_REPRESENTATION_CONTEXT(2) 
PARAMETRIC_REPRESENTATION_CONTEXT() REPRESENTATION_CONTEXT('2D SPACE',''
  ) );
#4216 = ORIENTED_EDGE('',*,*,#2173,.F.);
#4217 = ADVANCED_FACE('',(#4218),#2220,.F.);
#4218 = FACE_BOUND('',#4219,.F.);
#4219 = EDGE_LOOP('',(#4220,#4221,#4222,#4223));
#4220 = ORIENTED_EDGE('',*,*,#4196,.T.);
#4221 = ORIENTED_EDGE('',*,*,#3116,.T.);
#4222 = ORIENTED_EDGE('',*,*,#4167,.F.);
#4223 = ORIENTED_EDGE('',*,*,#2206,.F.);
#4224 = ADVANCED_FACE('',(#4225),#2275,.F.);
#4225 = FACE_BOUND('',#4226,.F.);
#4226 = EDGE_LOOP('',(#4227,#4248,#4249,#4250));
#4227 = ORIENTED_EDGE('',*,*,#4228,.F.);
#4228 = EDGE_CURVE('',#3959,#2236,#4229,.T.);
#4229 = SEAM_CURVE('',#4230,(#4234,#4241),.PCURVE_S1.);
#4230 = LINE('',#4231,#4232);
#4231 = CARTESIAN_POINT('',(-70.6,46.75,4.5));
#4232 = VECTOR('',#4233,1.);
#4233 = DIRECTION('',(-0.,-0.,-1.));
#4234 = PCURVE('',#2275,#4235);
#4235 = DEFINITIONAL_REPRESENTATION('',(#4236),#4240);
#4236 = LINE('',#4237,#4238);
#4237 = CARTESIAN_POINT('',(6.28318530718,0.));
#4238 = VECTOR('',#4239,1.);
#4239 = DIRECTION('',(0.,-1.));
#4240 = ( GEOMETRIC_REPRESENTATION_CONTEXT(2) 
PARAMETRIC_REPRESENTATION_CONTEXT() REPRESENTATION_CONTEXT('2D SPACE',''
  ) );
#4241 = PCURVE('',#2275,#4242);
#4242 = DEFINITIONAL_REPRESENTATION('',(#4243),#4247);
#4243 = LINE('',#4244,#4245);
#4244 = CARTESIAN_POINT('',(0.,0.));
#4245 = VECTOR('',#4246,1.);
#4246 = DIRECTION('',(0.,-1.));
#4247 = ( GEOMETRIC_REPRESENTATION_CONTEXT(2) 
PARAMETRIC_REPRESENTATION_CONTEXT() REPRESENTATION_CONTEXT('2D SPACE',''
  ) );
#4248 = ORIENTED_EDGE('',*,*,#3958,.F.);
#4249 = ORIENTED_EDGE('',*,*,#4228,.T.);
#4250 = ORIENTED_EDGE('',*,*,#2260,.T.);
#4251 = ADVANCED_FACE('',(#4252),#2330,.F.);
#4252 = FACE_BOUND('',#4253,.F.);
#4253 = EDGE_LOOP('',(#4254,#4277,#4304,#4305));
#4254 = ORIENTED_EDGE('',*,*,#4255,.F.);
#4255 = EDGE_CURVE('',#4256,#2291,#4258,.T.);
#4256 = VERTEX_POINT('',#4257);
#4257 = CARTESIAN_POINT('',(73.4,46.75,4.5));
#4258 = SEAM_CURVE('',#4259,(#4263,#4270),.PCURVE_S1.);
#4259 = LINE('',#4260,#4261);
#4260 = CARTESIAN_POINT('',(73.4,46.75,4.5));
#4261 = VECTOR('',#4262,1.);
#4262 = DIRECTION('',(-0.,-0.,-1.));
#4263 = PCURVE('',#2330,#4264);
#4264 = DEFINITIONAL_REPRESENTATION('',(#4265),#4269);
#4265 = LINE('',#4266,#4267);
#4266 = CARTESIAN_POINT('',(6.28318530718,0.));
#4267 = VECTOR('',#4268,1.);
#4268 = DIRECTION('',(0.,-1.));
#4269 = ( GEOMETRIC_REPRESENTATION_CONTEXT(2) 
PARAMETRIC_REPRESENTATION_CONTEXT() REPRESENTATION_CONTEXT('2D SPACE',''
  ) );
#4270 = PCURVE('',#2330,#4271);
#4271 = DEFINITIONAL_REPRESENTATION('',(#4272),#4276);
#4272 = LINE('',#4273,#4274);
#4273 = CARTESIAN_POINT('',(0.,0.));
#4274 = VECTOR('',#4275,1.);
#4275 = DIRECTION('',(0.,-1.));
#4276 = ( GEOMETRIC_REPRESENTATION_CONTEXT(2) 
PARAMETRIC_REPRESENTATION_CONTEXT() REPRESENTATION_CONTEXT('2D SPACE',''
  ) );
#4277 = ORIENTED_EDGE('',*,*,#4278,.F.);
#4278 = EDGE_CURVE('',#4256,#4256,#4279,.T.);
#4279 = SURFACE_CURVE('',#4280,(#4285,#4292),.PCURVE_S1.);
#4280 = CIRCLE('',#4281,1.4);
#4281 = AXIS2_PLACEMENT_3D('',#4282,#4283,#4284);
#4282 = CARTESIAN_POINT('',(72.,46.75,4.5));
#4283 = DIRECTION('',(0.,0.,1.));
#4284 = DIRECTION('',(1.,0.,0.));
#4285 = PCURVE('',#2330,#4286);
#4286 = DEFINITIONAL_REPRESENTATION('',(#4287),#4291);
#4287 = LINE('',#4288,#4289);
#4288 = CARTESIAN_POINT('',(0.,0.));
#4289 = VECTOR('',#4290,1.);
#4290 = DIRECTION('',(1.,0.));
#4291 = ( GEOMETRIC_REPRESENTATION_CONTEXT(2) 
PARAMETRIC_REPRESENTATION_CONTEXT() REPRESENTATION_CONTEXT('2D SPACE',''
  ) );
#4292 = PCURVE('',#4293,#4298);
#4293 = PLANE('',#4294);
#4294 = AXIS2_PLACEMENT_3D('',#4295,#4296,#4297);
#4295 = CARTESIAN_POINT('',(4.826259291316E-15,2.010941371382E-15,4.5));
#4296 = DIRECTION('',(0.,0.,1.));
#4297 = DIRECTION('',(1.,0.,0.));
#4298 = DEFINITIONAL_REPRESENTATION('',(#4299),#4303);
#4299 = CIRCLE('',#4300,1.4);
#4300 = AXIS2_PLACEMENT_2D('',#4301,#4302);
#4301 = CARTESIAN_POINT('',(72.,46.75));
#4302 = DIRECTION('',(1.,0.));
#4303 = ( GEOMETRIC_REPRESENTATION_CONTEXT(2) 
PARAMETRIC_REPRESENTATION_CONTEXT() REPRESENTATION_CONTEXT('2D SPACE',''
  ) );
#4304 = ORIENTED_EDGE('',*,*,#4255,.T.);
#4305 = ORIENTED_EDGE('',*,*,#2315,.T.);
#4306 = ADVANCED_FACE('',(#4307),#2385,.F.);
#4307 = FACE_BOUND('',#4308,.F.);
#4308 = EDGE_LOOP('',(#4309,#4330,#4331,#4332));
#4309 = ORIENTED_EDGE('',*,*,#4310,.F.);
#4310 = EDGE_CURVE('',#2994,#2346,#4311,.T.);
#4311 = SEAM_CURVE('',#4312,(#4316,#4323),.PCURVE_S1.);
#4312 = LINE('',#4313,#4314);
#4313 = CARTESIAN_POINT('',(73.4,-46.75,4.5));
#4314 = VECTOR('',#4315,1.);
#4315 = DIRECTION('',(-0.,-0.,-1.));
#4316 = PCURVE('',#2385,#4317);
#4317 = DEFINITIONAL_REPRESENTATION('',(#4318),#4322);
#4318 = LINE('',#4319,#4320);
#4319 = CARTESIAN_POINT('',(6.28318530718,0.));
#4320 = VECTOR('',#4321,1.);
#4321 = DIRECTION('',(0.,-1.));
#4322 = ( GEOMETRIC_REPRESENTATION_CONTEXT(2) 
PARAMETRIC_REPRESENTATION_CONTEXT() REPRESENTATION_CONTEXT('2D SPACE',''
  ) );
#4323 = PCURVE('',#2385,#4324);
#4324 = DEFINITIONAL_REPRESENTATION('',(#4325),#4329);
#4325 = LINE('',#4326,#4327);
#4326 = CARTESIAN_POINT('',(0.,0.));
#4327 = VECTOR('',#4328,1.);
#4328 = DIRECTION('',(0.,-1.));
#4329 = ( GEOMETRIC_REPRESENTATION_CONTEXT(2) 
PARAMETRIC_REPRESENTATION_CONTEXT() REPRESENTATION_CONTEXT('2D SPACE',''
  ) );
#4330 = ORIENTED_EDGE('',*,*,#2993,.F.);
#4331 = ORIENTED_EDGE('',*,*,#4310,.T.);
#4332 = ORIENTED_EDGE('',*,*,#2370,.T.);
#4333 = ADVANCED_FACE('',(#4334),#2628,.T.);
#4334 = FACE_BOUND('',#4335,.T.);
#4335 = EDGE_LOOP('',(#4336,#4366,#4395,#4417,#4418,#4419,#4420,#4421,
    #4445,#4473));
#4336 = ORIENTED_EDGE('',*,*,#4337,.T.);
#4337 = EDGE_CURVE('',#4338,#4340,#4342,.T.);
#4338 = VERTEX_POINT('',#4339);
#4339 = CARTESIAN_POINT('',(68.218796487889,49.,-2.22044604925E-16));
#4340 = VERTEX_POINT('',#4341);
#4341 = CARTESIAN_POINT('',(-68.21879648788,49.,-2.22044604925E-16));
#4342 = SURFACE_CURVE('',#4343,(#4347,#4354),.PCURVE_S1.);
#4343 = LINE('',#4344,#4345);
#4344 = CARTESIAN_POINT('',(71.001250782228,49.,-2.22044604925E-16));
#4345 = VECTOR('',#4346,1.);
#4346 = DIRECTION('',(-1.,0.,0.));
#4347 = PCURVE('',#2628,#4348);
#4348 = DEFINITIONAL_REPRESENTATION('',(#4349),#4353);
#4349 = LINE('',#4350,#4351);
#4350 = CARTESIAN_POINT('',(71.001250782228,49.));
#4351 = VECTOR('',#4352,1.);
#4352 = DIRECTION('',(-1.,0.));
#4353 = ( GEOMETRIC_REPRESENTATION_CONTEXT(2) 
PARAMETRIC_REPRESENTATION_CONTEXT() REPRESENTATION_CONTEXT('2D SPACE',''
  ) );
#4354 = PCURVE('',#4355,#4360);
#4355 = CYLINDRICAL_SURFACE('',#4356,1.);
#4356 = AXIS2_PLACEMENT_3D('',#4357,#4358,#4359);
#4357 = CARTESIAN_POINT('',(71.001250782228,49.,1.));
#4358 = DIRECTION('',(-1.,0.,0.));
#4359 = DIRECTION('',(0.,1.,0.));
#4360 = DEFINITIONAL_REPRESENTATION('',(#4361),#4365);
#4361 = LINE('',#4362,#4363);
#4362 = CARTESIAN_POINT('',(1.570796326795,0.));
#4363 = VECTOR('',#4364,1.);
#4364 = DIRECTION('',(0.,1.));
#4365 = ( GEOMETRIC_REPRESENTATION_CONTEXT(2) 
PARAMETRIC_REPRESENTATION_CONTEXT() REPRESENTATION_CONTEXT('2D SPACE',''
  ) );
#4366 = ORIENTED_EDGE('',*,*,#4367,.F.);
#4367 = EDGE_CURVE('',#4368,#4340,#4370,.T.);
#4368 = VERTEX_POINT('',#4369);
#4369 = CARTESIAN_POINT('',(-67.6,46.75,0.));
#4370 = SURFACE_CURVE('',#4371,(#4376,#4383),.PCURVE_S1.);
#4371 = CIRCLE('',#4372,4.4);
#4372 = AXIS2_PLACEMENT_3D('',#4373,#4374,#4375);
#4373 = CARTESIAN_POINT('',(-72.,46.75,0.));
#4374 = DIRECTION('',(0.,0.,1.));
#4375 = DIRECTION('',(1.,0.,0.));
#4376 = PCURVE('',#2628,#4377);
#4377 = DEFINITIONAL_REPRESENTATION('',(#4378),#4382);
#4378 = CIRCLE('',#4379,4.4);
#4379 = AXIS2_PLACEMENT_2D('',#4380,#4381);
#4380 = CARTESIAN_POINT('',(-72.,46.75));
#4381 = DIRECTION('',(1.,0.));
#4382 = ( GEOMETRIC_REPRESENTATION_CONTEXT(2) 
PARAMETRIC_REPRESENTATION_CONTEXT() REPRESENTATION_CONTEXT('2D SPACE',''
  ) );
#4383 = PCURVE('',#4384,#4389);
#4384 = TOROIDAL_SURFACE('',#4385,4.4,1.);
#4385 = AXIS2_PLACEMENT_3D('',#4386,#4387,#4388);
#4386 = CARTESIAN_POINT('',(-72.,46.75,1.));
#4387 = DIRECTION('',(0.,0.,1.));
#4388 = DIRECTION('',(1.,0.,0.));
#4389 = DEFINITIONAL_REPRESENTATION('',(#4390),#4394);
#4390 = LINE('',#4391,#4392);
#4391 = CARTESIAN_POINT('',(0.,4.712388980385));
#4392 = VECTOR('',#4393,1.);
#4393 = DIRECTION('',(1.,0.));
#4394 = ( GEOMETRIC_REPRESENTATION_CONTEXT(2) 
PARAMETRIC_REPRESENTATION_CONTEXT() REPRESENTATION_CONTEXT('2D SPACE',''
  ) );
#4395 = ORIENTED_EDGE('',*,*,#4396,.F.);
#4396 = EDGE_CURVE('',#3668,#4368,#4397,.T.);
#4397 = SURFACE_CURVE('',#4398,(#4403,#4410),.PCURVE_S1.);
#4398 = CIRCLE('',#4399,4.4);
#4399 = AXIS2_PLACEMENT_3D('',#4400,#4401,#4402);
#4400 = CARTESIAN_POINT('',(-72.,46.75,0.));
#4401 = DIRECTION('',(0.,0.,1.));
#4402 = DIRECTION('',(-0.955882352941,-0.293749769933,0.));
#4403 = PCURVE('',#2628,#4404);
#4404 = DEFINITIONAL_REPRESENTATION('',(#4405),#4409);
#4405 = CIRCLE('',#4406,4.4);
#4406 = AXIS2_PLACEMENT_2D('',#4407,#4408);
#4407 = CARTESIAN_POINT('',(-72.,46.75));
#4408 = DIRECTION('',(-0.955882352941,-0.293749769933));
#4409 = ( GEOMETRIC_REPRESENTATION_CONTEXT(2) 
PARAMETRIC_REPRESENTATION_CONTEXT() REPRESENTATION_CONTEXT('2D SPACE',''
  ) );
#4410 = PCURVE('',#3629,#4411);
#4411 = DEFINITIONAL_REPRESENTATION('',(#4412),#4416);
#4412 = LINE('',#4413,#4414);
#4413 = CARTESIAN_POINT('',(0.,4.712388980385));
#4414 = VECTOR('',#4415,1.);
#4415 = DIRECTION('',(1.,0.));
#4416 = ( GEOMETRIC_REPRESENTATION_CONTEXT(2) 
PARAMETRIC_REPRESENTATION_CONTEXT() REPRESENTATION_CONTEXT('2D SPACE',''
  ) );
#4417 = ORIENTED_EDGE('',*,*,#3855,.T.);
#4418 = ORIENTED_EDGE('',*,*,#3559,.F.);
#4419 = ORIENTED_EDGE('',*,*,#2613,.F.);
#4420 = ORIENTED_EDGE('',*,*,#2644,.T.);
#4421 = ORIENTED_EDGE('',*,*,#4422,.F.);
#4422 = EDGE_CURVE('',#4423,#2645,#4425,.T.);
#4423 = VERTEX_POINT('',#4424);
#4424 = CARTESIAN_POINT('',(74.25,-42.96879648788,-2.22044604925E-16));
#4425 = SURFACE_CURVE('',#4426,(#4431,#4438),.PCURVE_S1.);
#4426 = CIRCLE('',#4427,4.4);
#4427 = AXIS2_PLACEMENT_3D('',#4428,#4429,#4430);
#4428 = CARTESIAN_POINT('',(72.,-46.75,0.));
#4429 = DIRECTION('',(0.,-0.,1.));
#4430 = DIRECTION('',(0.955882352941,0.293749769933,0.));
#4431 = PCURVE('',#2628,#4432);
#4432 = DEFINITIONAL_REPRESENTATION('',(#4433),#4437);
#4433 = CIRCLE('',#4434,4.4);
#4434 = AXIS2_PLACEMENT_2D('',#4435,#4436);
#4435 = CARTESIAN_POINT('',(72.,-46.75));
#4436 = DIRECTION('',(0.955882352941,0.293749769933));
#4437 = ( GEOMETRIC_REPRESENTATION_CONTEXT(2) 
PARAMETRIC_REPRESENTATION_CONTEXT() REPRESENTATION_CONTEXT('2D SPACE',''
  ) );
#4438 = PCURVE('',#2791,#4439);
#4439 = DEFINITIONAL_REPRESENTATION('',(#4440),#4444);
#4440 = LINE('',#4441,#4442);
#4441 = CARTESIAN_POINT('',(0.,4.712388980385));
#4442 = VECTOR('',#4443,1.);
#4443 = DIRECTION('',(1.,0.));
#4444 = ( GEOMETRIC_REPRESENTATION_CONTEXT(2) 
PARAMETRIC_REPRESENTATION_CONTEXT() REPRESENTATION_CONTEXT('2D SPACE',''
  ) );
#4445 = ORIENTED_EDGE('',*,*,#4446,.T.);
#4446 = EDGE_CURVE('',#4423,#4447,#4449,.T.);
#4447 = VERTEX_POINT('',#4448);
#4448 = CARTESIAN_POINT('',(74.25,42.968796487889,0.));
#4449 = SURFACE_CURVE('',#4450,(#4454,#4461),.PCURVE_S1.);
#4450 = LINE('',#4451,#4452);
#4451 = CARTESIAN_POINT('',(74.25,-45.75125078222,-2.22044604925E-16));
#4452 = VECTOR('',#4453,1.);
#4453 = DIRECTION('',(0.,1.,0.));
#4454 = PCURVE('',#2628,#4455);
#4455 = DEFINITIONAL_REPRESENTATION('',(#4456),#4460);
#4456 = LINE('',#4457,#4458);
#4457 = CARTESIAN_POINT('',(74.25,-45.75125078222));
#4458 = VECTOR('',#4459,1.);
#4459 = DIRECTION('',(0.,1.));
#4460 = ( GEOMETRIC_REPRESENTATION_CONTEXT(2) 
PARAMETRIC_REPRESENTATION_CONTEXT() REPRESENTATION_CONTEXT('2D SPACE',''
  ) );
#4461 = PCURVE('',#4462,#4467);
#4462 = CYLINDRICAL_SURFACE('',#4463,1.);
#4463 = AXIS2_PLACEMENT_3D('',#4464,#4465,#4466);
#4464 = CARTESIAN_POINT('',(74.25,-45.75125078222,1.));
#4465 = DIRECTION('',(0.,1.,0.));
#4466 = DIRECTION('',(1.,0.,0.));
#4467 = DEFINITIONAL_REPRESENTATION('',(#4468),#4472);
#4468 = LINE('',#4469,#4470);
#4469 = CARTESIAN_POINT('',(1.570796326795,0.));
#4470 = VECTOR('',#4471,1.);
#4471 = DIRECTION('',(0.,1.));
#4472 = ( GEOMETRIC_REPRESENTATION_CONTEXT(2) 
PARAMETRIC_REPRESENTATION_CONTEXT() REPRESENTATION_CONTEXT('2D SPACE',''
  ) );
#4473 = ORIENTED_EDGE('',*,*,#4474,.F.);
#4474 = EDGE_CURVE('',#4338,#4447,#4475,.T.);
#4475 = SURFACE_CURVE('',#4476,(#4481,#4488),.PCURVE_S1.);
#4476 = CIRCLE('',#4477,4.4);
#4477 = AXIS2_PLACEMENT_3D('',#4478,#4479,#4480);
#4478 = CARTESIAN_POINT('',(72.,46.75,0.));
#4479 = DIRECTION('',(0.,0.,1.));
#4480 = DIRECTION('',(-0.293749769933,0.955882352941,0.));
#4481 = PCURVE('',#2628,#4482);
#4482 = DEFINITIONAL_REPRESENTATION('',(#4483),#4487);
#4483 = CIRCLE('',#4484,4.4);
#4484 = AXIS2_PLACEMENT_2D('',#4485,#4486);
#4485 = CARTESIAN_POINT('',(72.,46.75));
#4486 = DIRECTION('',(-0.293749769933,0.955882352941));
#4487 = ( GEOMETRIC_REPRESENTATION_CONTEXT(2) 
PARAMETRIC_REPRESENTATION_CONTEXT() REPRESENTATION_CONTEXT('2D SPACE',''
  ) );
#4488 = PCURVE('',#4489,#4494);
#4489 = TOROIDAL_SURFACE('',#4490,4.4,1.);
#4490 = AXIS2_PLACEMENT_3D('',#4491,#4492,#4493);
#4491 = CARTESIAN_POINT('',(72.,46.75,1.));
#4492 = DIRECTION('',(0.,0.,1.));
#4493 = DIRECTION('',(-0.293749769933,0.955882352941,0.));
#4494 = DEFINITIONAL_REPRESENTATION('',(#4495),#4499);
#4495 = LINE('',#4496,#4497);
#4496 = CARTESIAN_POINT('',(0.,4.712388980385));
#4497 = VECTOR('',#4498,1.);
#4498 = DIRECTION('',(1.,0.));
#4499 = ( GEOMETRIC_REPRESENTATION_CONTEXT(2) 
PARAMETRIC_REPRESENTATION_CONTEXT() REPRESENTATION_CONTEXT('2D SPACE',''
  ) );
#4500 = ADVANCED_FACE('',(#4501),#2791,.F.);
#4501 = FACE_BOUND('',#4502,.F.);
#4502 = EDGE_LOOP('',(#4503,#4689,#4690,#4691));
#4503 = ORIENTED_EDGE('',*,*,#4504,.F.);
#4504 = EDGE_CURVE('',#2864,#4423,#4505,.T.);
#4505 = SURFACE_CURVE('',#4506,(#4565,#4627),.PCURVE_S1.);
#4506 = B_SPLINE_CURVE_WITH_KNOTS('',8,(#4507,#4508,#4509,#4510,#4511,
    #4512,#4513,#4514,#4515,#4516,#4517,#4518,#4519,#4520,#4521,#4522,
    #4523,#4524,#4525,#4526,#4527,#4528,#4529,#4530,#4531,#4532,#4533,
    #4534,#4535,#4536,#4537,#4538,#4539,#4540,#4541,#4542,#4543,#4544,
    #4545,#4546,#4547,#4548,#4549,#4550,#4551,#4552,#4553,#4554,#4555,
    #4556,#4557,#4558,#4559,#4560,#4561,#4562,#4563,#4564),
  .UNSPECIFIED.,.F.,.F.,(9,7,7,7,7,7,7,7,9),(0.,2.653340152567E-02,
    4.596562137382E-02,7.801431147616E-02,0.153643078309,0.321241866811,
    0.484308178323,0.750698944367,1.),.UNSPECIFIED.);
#4507 = CARTESIAN_POINT('',(75.25,-45.75125078222,1.));
#4508 = CARTESIAN_POINT('',(75.25,-45.75125078222,0.990603437866));
#4509 = CARTESIAN_POINT('',(75.249899065904,-45.75057879177,
    0.981204396577));
#4510 = CARTESIAN_POINT('',(75.249697181987,-45.74923447737,
    0.971849151209));
#4511 = CARTESIAN_POINT('',(75.24939693077,-45.74723783667,
    0.962575810679));
#4512 = CARTESIAN_POINT('',(75.249002849722,-45.74462412333,
    0.953415086754));
#4513 = CARTESIAN_POINT('',(75.248520787954,-45.74143877191,
    0.944391063073));
#4514 = CARTESIAN_POINT('',(75.247957262912,-45.73773232275,
    0.93552196416));
#4515 = CARTESIAN_POINT('',(75.246851239646,-45.73049626253,
    0.920448559543));
#4516 = CARTESIAN_POINT('',(75.246343334209,-45.72718384574,
    0.91416423544));
#4517 = CARTESIAN_POINT('',(75.245797495625,-45.72363685221,
    0.907970745725));
#4518 = CARTESIAN_POINT('',(75.245216057564,-45.71987356299,
    0.90186949044));
#4519 = CARTESIAN_POINT('',(75.244601243326,-45.71591142164,
    0.895860631049));
#4520 = CARTESIAN_POINT('',(75.243955116662,-45.71176667139,
    0.889943245415));
#4521 = CARTESIAN_POINT('',(75.243279532595,-45.70745399228,
    0.884115482767));
#4522 = CARTESIAN_POINT('',(75.241415928958,-45.69561750697,0.8689067335
    ));
#4523 = CARTESIAN_POINT('',(75.240180344474,-45.68782904781,
    0.85967808926));
#4524 = CARTESIAN_POINT('',(75.238876415302,-45.6796776838,
    0.850675241763));
#4525 = CARTESIAN_POINT('',(75.237510232179,-45.6712121725,0.84188519781
    ));
#4526 = CARTESIAN_POINT('',(75.236086922178,-45.66247355968,
    0.833295244377));
#4527 = CARTESIAN_POINT('',(75.234610674819,-45.65349563286,
    0.824892677795));
#4528 = CARTESIAN_POINT('',(75.233084768185,-45.64430537476,
    0.816664532936));
#4529 = CARTESIAN_POINT('',(75.227799207867,-45.6127837944,
    0.789560217925));
#4530 = CARTESIAN_POINT('',(75.223827697833,-45.5896012262,
    0.771440352359));
#4531 = CARTESIAN_POINT('',(75.219629445911,-45.56565156473,
    0.754060384944));
#4532 = CARTESIAN_POINT('',(75.215225351748,-45.54111289934,
    0.73731391962));
#4533 = CARTESIAN_POINT('',(75.210630810976,-45.51611271832,
    0.721120225053));
#4534 = CARTESIAN_POINT('',(75.205856771805,-45.49074161176,
    0.70541076483));
#4535 = CARTESIAN_POINT('',(75.200908994914,-45.46505446147,
    0.690128036837));
#4536 = CARTESIAN_POINT('',(75.184441567335,-45.38151893014,
    0.642173811969));
#4537 = CARTESIAN_POINT('',(75.172268490842,-45.32265624242,
    0.611019895749));
#4538 = CARTESIAN_POINT('',(75.159318827658,-45.26297080111,
    0.581248337905));
#4539 = CARTESIAN_POINT('',(75.145616815013,-45.20268872061,
    0.552658321068));
#4540 = CARTESIAN_POINT('',(75.13118381157,-45.14198506627,
    0.525085540912));
#4541 = CARTESIAN_POINT('',(75.116031958208,-45.08095649519,
    0.498437491567));
#4542 = CARTESIAN_POINT('',(75.100168166183,-45.0196681373,
    0.472634173432));
#4543 = CARTESIAN_POINT('',(75.067462018369,-44.8982877732,
    0.423277865285));
#4544 = CARTESIAN_POINT('',(75.050664997458,-44.8382353047,
    0.399693597799));
#4545 = CARTESIAN_POINT('',(75.033206479774,-44.77803895465,
    0.376820230868));
#4546 = CARTESIAN_POINT('',(75.015092402877,-44.71773634646,
    0.354632438118));
#4547 = CARTESIAN_POINT('',(74.996328380819,-44.65735692767,
    0.333117181211));
#4548 = CARTESIAN_POINT('',(74.976919907712,-44.59692497305,
    0.312269013766));
#4549 = CARTESIAN_POINT('',(74.956872421637,-44.53646109564,
    0.292087793602));
#4550 = CARTESIAN_POINT('',(74.902405717102,-44.37718195736,
    0.240708241994));
#4551 = CARTESIAN_POINT('',(74.866930581161,-44.27834653609,
    0.210632846321));
#4552 = CARTESIAN_POINT('',(74.829789883627,-44.17955216033,
    0.182375376076));
#4553 = CARTESIAN_POINT('',(74.791010547776,-44.08086302354,
    0.155992384832));
#4554 = CARTESIAN_POINT('',(74.750623380456,-43.98233785004,
    0.131563598501));
#4555 = CARTESIAN_POINT('',(74.708664033831,-43.88403430723,
    0.109185724313));
#4556 = CARTESIAN_POINT('',(74.665173906015,-43.78601133382,
    8.897069018737E-02));
#4557 = CARTESIAN_POINT('',(74.578113193685,-43.59691400439,
    5.427570919238E-02));
#4558 = CARTESIAN_POINT('',(74.534728990877,-43.50580225069,
    3.951162533844E-02));
#4559 = CARTESIAN_POINT('',(74.490087464254,-43.41504256026,
    2.686221066853E-02));
#4560 = CARTESIAN_POINT('',(74.444235017978,-43.32469059778,
    1.644617582522E-02));
#4561 = CARTESIAN_POINT('',(74.397227152794,-43.23481050891,
    8.396048837948E-03));
#4562 = CARTESIAN_POINT('',(74.349130250568,-43.14547617351,
    2.859429593964E-03));
#4563 = CARTESIAN_POINT('',(74.300023358821,-43.05677245892,
    2.443093491281E-07));
#4564 = CARTESIAN_POINT('',(74.249999975259,-42.96879647316,0.));
#4565 = PCURVE('',#2791,#4566);
#4566 = DEFINITIONAL_REPRESENTATION('',(#4567),#4626);
#4567 = B_SPLINE_CURVE_WITH_KNOTS('',8,(#4568,#4569,#4570,#4571,#4572,
    #4573,#4574,#4575,#4576,#4577,#4578,#4579,#4580,#4581,#4582,#4583,
    #4584,#4585,#4586,#4587,#4588,#4589,#4590,#4591,#4592,#4593,#4594,
    #4595,#4596,#4597,#4598,#4599,#4600,#4601,#4602,#4603,#4604,#4605,
    #4606,#4607,#4608,#4609,#4610,#4611,#4612,#4613,#4614,#4615,#4616,
    #4617,#4618,#4619,#4620,#4621,#4622,#4623,#4624,#4625),
  .UNSPECIFIED.,.F.,.F.,(9,7,7,7,7,7,7,7,9),(0.,2.653340152567E-02,
    4.596562137382E-02,7.801431147616E-02,0.153643078309,0.321241866811,
    0.484308178323,0.750698944367,1.),.UNSPECIFIED.);
#4568 = CARTESIAN_POINT('',(5.062616992291E-14,3.14159265359));
#4569 = CARTESIAN_POINT('',(5.062616992291E-14,3.150989215724));
#4570 = CARTESIAN_POINT('',(1.976434689475E-04,3.160388245255));
#4571 = CARTESIAN_POINT('',(5.93031372933E-04,3.169744769627));
#4572 = CARTESIAN_POINT('',(1.18024582125E-03,3.179021915775));
#4573 = CARTESIAN_POINT('',(1.94885262923E-03,3.188190096951));
#4574 = CARTESIAN_POINT('',(2.885403881341E-03,3.197226199566));
#4575 = CARTESIAN_POINT('',(3.974940494233E-03,3.206112770018));
#4576 = CARTESIAN_POINT('',(6.101516517699E-03,3.221226697841));
#4577 = CARTESIAN_POINT('',(7.074848051368E-03,3.227531339954));
#4578 = CARTESIAN_POINT('',(8.116935423131E-03,3.233748566083));
#4579 = CARTESIAN_POINT('',(9.222364763207E-03,3.239877160425));
#4580 = CARTESIAN_POINT('',(1.038596947169E-02,3.245917106671));
#4581 = CARTESIAN_POINT('',(1.16029374006E-02,3.251869441525));
#4582 = CARTESIAN_POINT('',(1.286891803586E-02,3.257736108212));
#4583 = CARTESIAN_POINT('',(1.634265233236E-02,3.273058610383));
#4584 = CARTESIAN_POINT('',(1.862754380341E-02,3.28236902255));
#4585 = CARTESIAN_POINT('',(2.101792168587E-02,3.291464943901));
#4586 = CARTESIAN_POINT('',(2.349932319205E-02,3.300359594034));
#4587 = CARTESIAN_POINT('',(2.60595684402E-02,3.309065828317));
#4588 = CARTESIAN_POINT('',(2.868862374134E-02,3.317596451446));
#4589 = CARTESIAN_POINT('',(3.137846488621E-02,3.325964531015));
#4590 = CARTESIAN_POINT('',(4.059937676965E-02,3.353579400924));
#4591 = CARTESIAN_POINT('',(4.737286459992E-02,3.372124423586));
#4592 = CARTESIAN_POINT('',(5.436119631886E-02,3.389997706505));
#4593 = CARTESIAN_POINT('',(6.15111582882E-02,3.407306843817));
#4594 = CARTESIAN_POINT('',(6.8784586845E-02,3.42413367922));
#4595 = CARTESIAN_POINT('',(7.615426189628E-02,3.440548043285));
#4596 = CARTESIAN_POINT('',(8.360347470887E-02,3.456609216633));
#4597 = CARTESIAN_POINT('',(0.107787151574,3.507312114517));
#4598 = CARTESIAN_POINT('',(0.124765436085,3.540730759549));
#4599 = CARTESIAN_POINT('',(0.14191128942,3.573159042206));
#4600 = CARTESIAN_POINT('',(0.159153424557,3.604821032426));
#4601 = CARTESIAN_POINT('',(0.176436141003,3.63590506838));
#4602 = CARTESIAN_POINT('',(0.193727198817,3.666529257882));
#4603 = CARTESIAN_POINT('',(0.211003727334,3.69680157992));
#4604 = CARTESIAN_POINT('',(0.245038063271,3.756010846583));
#4605 = CARTESIAN_POINT('',(0.261789671259,3.784948872061));
#4606 = CARTESIAN_POINT('',(0.278491075509,3.813697562066));
#4607 = CARTESIAN_POINT('',(0.295128389234,3.842310001675));
#4608 = CARTESIAN_POINT('',(0.311690404157,3.87082801085));
#4609 = CARTESIAN_POINT('',(0.328167694641,3.899286935454));
#4610 = CARTESIAN_POINT('',(0.344552161337,3.927718102318));
#4611 = CARTESIAN_POINT('',(0.387440513457,4.002594535368));
#4612 = CARTESIAN_POINT('',(0.413776871586,4.049037448127));
#4613 = CARTESIAN_POINT('',(0.439815935536,4.095596874763));
#4614 = CARTESIAN_POINT('',(0.46553301837,4.142367681816));
#4615 = CARTESIAN_POINT('',(0.490907056809,4.189431931324));
#4616 = CARTESIAN_POINT('',(0.515919377335,4.236867110078));
#4617 = CARTESIAN_POINT('',(0.540553071012,4.284751061051));
#4618 = CARTESIAN_POINT('',(0.587477825451,4.378470372496));
#4619 = CARTESIAN_POINT('',(0.609816554136,4.42423765206));
#4620 = CARTESIAN_POINT('',(0.631797067821,4.470532312274));
#4621 = CARTESIAN_POINT('',(0.653407031071,4.517420547982));
#4622 = CARTESIAN_POINT('',(0.674633723756,4.564971088688));
#4623 = CARTESIAN_POINT('',(0.695463896548,4.613258394973));
#4624 = CARTESIAN_POINT('',(0.715883626416,4.662365854891));
#4625 = CARTESIAN_POINT('',(0.735878172122,4.712388980385));
#4626 = ( GEOMETRIC_REPRESENTATION_CONTEXT(2) 
PARAMETRIC_REPRESENTATION_CONTEXT() REPRESENTATION_CONTEXT('2D SPACE',''
  ) );
#4627 = PCURVE('',#4462,#4628);
#4628 = DEFINITIONAL_REPRESENTATION('',(#4629),#4688);
#4629 = B_SPLINE_CURVE_WITH_KNOTS('',8,(#4630,#4631,#4632,#4633,#4634,
    #4635,#4636,#4637,#4638,#4639,#4640,#4641,#4642,#4643,#4644,#4645,
    #4646,#4647,#4648,#4649,#4650,#4651,#4652,#4653,#4654,#4655,#4656,
    #4657,#4658,#4659,#4660,#4661,#4662,#4663,#4664,#4665,#4666,#4667,
    #4668,#4669,#4670,#4671,#4672,#4673,#4674,#4675,#4676,#4677,#4678,
    #4679,#4680,#4681,#4682,#4683,#4684,#4685,#4686,#4687),
  .UNSPECIFIED.,.F.,.F.,(9,7,7,7,7,7,7,7,9),(0.,2.653340152567E-02,
    4.596562137382E-02,7.801431147616E-02,0.153643078309,0.321241866811,
    0.484308178323,0.750698944367,1.),.UNSPECIFIED.);
#4630 = CARTESIAN_POINT('',(0.,1.634248292248E-13));
#4631 = CARTESIAN_POINT('',(9.396562134046E-03,1.634177263906E-13));
#4632 = CARTESIAN_POINT('',(1.879559166478E-02,6.719904542337E-04));
#4633 = CARTESIAN_POINT('',(2.815211603751E-02,2.016304851809E-03));
#4634 = CARTESIAN_POINT('',(3.742926218498E-02,4.012945550858E-03));
#4635 = CARTESIAN_POINT('',(4.659744336136E-02,6.626658892546E-03));
#4636 = CARTESIAN_POINT('',(5.563354597616E-02,9.812010315892E-03));
#4637 = CARTESIAN_POINT('',(6.452011642818E-02,1.351845947244E-02));
#4638 = CARTESIAN_POINT('',(7.963404425089E-02,2.075451969152E-02));
#4639 = CARTESIAN_POINT('',(8.593868636382E-02,2.40669364844E-02));
#4640 = CARTESIAN_POINT('',(9.215591249313E-02,2.761393001439E-02));
#4641 = CARTESIAN_POINT('',(9.828450683507E-02,3.137721923212E-02));
#4642 = CARTESIAN_POINT('',(0.104324453082,3.533936058166E-02));
#4643 = CARTESIAN_POINT('',(0.110276787935,3.948411083805E-02));
#4644 = CARTESIAN_POINT('',(0.116143454622,4.379678994498E-02));
#4645 = CARTESIAN_POINT('',(0.131465956793,5.563327524996E-02));
#4646 = CARTESIAN_POINT('',(0.14077636896,6.342173440958E-02));
#4647 = CARTESIAN_POINT('',(0.149872290311,7.157309842675E-02));
#4648 = CARTESIAN_POINT('',(0.158766940444,8.003860972734E-02));
#4649 = CARTESIAN_POINT('',(0.167473174727,8.877722253985E-02));
#4650 = CARTESIAN_POINT('',(0.176003797856,9.775514936784E-02));
#4651 = CARTESIAN_POINT('',(0.184371877426,0.106945407462));
#4652 = CARTESIAN_POINT('',(0.211986747334,0.138466987819));
#4653 = CARTESIAN_POINT('',(0.230531769997,0.161649556022));
#4654 = CARTESIAN_POINT('',(0.248405052915,0.185599217496));
#4655 = CARTESIAN_POINT('',(0.265714190227,0.210137882882));
#4656 = CARTESIAN_POINT('',(0.282541025631,0.235138063905));
#4657 = CARTESIAN_POINT('',(0.298955389696,0.260509170467));
#4658 = CARTESIAN_POINT('',(0.315016563043,0.286196320752));
#4659 = CARTESIAN_POINT('',(0.365719460927,0.369731852089));
#4660 = CARTESIAN_POINT('',(0.399138105959,0.428594539805));
#4661 = CARTESIAN_POINT('',(0.431566388617,0.488279981118));
#4662 = CARTESIAN_POINT('',(0.463228378836,0.548562061614));
#4663 = CARTESIAN_POINT('',(0.49431241479,0.609265715958));
#4664 = CARTESIAN_POINT('',(0.524936604292,0.670294287032));
#4665 = CARTESIAN_POINT('',(0.555208926331,0.731582644927));
#4666 = CARTESIAN_POINT('',(0.614418192993,0.852963009024));
#4667 = CARTESIAN_POINT('',(0.643356218471,0.913015477526));
#4668 = CARTESIAN_POINT('',(0.672104908476,0.973211827578));
#4669 = CARTESIAN_POINT('',(0.700717348085,1.033514435765));
#4670 = CARTESIAN_POINT('',(0.72923535726,1.093893854554));
#4671 = CARTESIAN_POINT('',(0.757694281864,1.154325809172));
#4672 = CARTESIAN_POINT('',(0.786125448728,1.214789686586));
#4673 = CARTESIAN_POINT('',(0.861001881778,1.374068824866));
#4674 = CARTESIAN_POINT('',(0.907444794537,1.472904246136));
#4675 = CARTESIAN_POINT('',(0.954004221173,1.57169862189));
#4676 = CARTESIAN_POINT('',(1.000775028227,1.670387758685));
#4677 = CARTESIAN_POINT('',(1.047839277735,1.768912932179));
#4678 = CARTESIAN_POINT('',(1.095274456489,1.867216474996));
#4679 = CARTESIAN_POINT('',(1.143158407462,1.965239448408));
#4680 = CARTESIAN_POINT('',(1.236877718906,2.154336777835));
#4681 = CARTESIAN_POINT('',(1.282644990553,2.245448531536));
#4682 = CARTESIAN_POINT('',(1.328939656235,2.336208221967));
#4683 = CARTESIAN_POINT('',(1.375827903773,2.426560184443));
#4684 = CARTESIAN_POINT('',(1.423378445833,2.516440273313));
#4685 = CARTESIAN_POINT('',(1.471665734834,2.60577460871));
#4686 = CARTESIAN_POINT('',(1.520773177853,2.694478323307));
#4687 = CARTESIAN_POINT('',(1.570796351536,2.782454309061));
#4688 = ( GEOMETRIC_REPRESENTATION_CONTEXT(2) 
PARAMETRIC_REPRESENTATION_CONTEXT() REPRESENTATION_CONTEXT('2D SPACE',''
  ) );
#4689 = ORIENTED_EDGE('',*,*,#2863,.T.);
#4690 = ORIENTED_EDGE('',*,*,#2667,.T.);
#4691 = ORIENTED_EDGE('',*,*,#4422,.F.);
#4692 = ADVANCED_FACE('',(#4693),#2903,.T.);
#4693 = FACE_BOUND('',#4694,.T.);
#4694 = EDGE_LOOP('',(#4695,#4696,#4697,#4698,#4699,#4722,#4745,#4773));
#4695 = ORIENTED_EDGE('',*,*,#2887,.F.);
#4696 = ORIENTED_EDGE('',*,*,#2940,.F.);
#4697 = ORIENTED_EDGE('',*,*,#3345,.T.);
#4698 = ORIENTED_EDGE('',*,*,#3237,.T.);
#4699 = ORIENTED_EDGE('',*,*,#4700,.F.);
#4700 = EDGE_CURVE('',#4701,#3238,#4703,.T.);
#4701 = VERTEX_POINT('',#4702);
#4702 = CARTESIAN_POINT('',(75.25,47.000000000045,4.5));
#4703 = SURFACE_CURVE('',#4704,(#4708,#4715),.PCURVE_S1.);
#4704 = LINE('',#4705,#4706);
#4705 = CARTESIAN_POINT('',(75.25,47.000000000045,0.));
#4706 = VECTOR('',#4707,1.);
#4707 = DIRECTION('',(0.,0.,1.));
#4708 = PCURVE('',#2903,#4709);
#4709 = DEFINITIONAL_REPRESENTATION('',(#4710),#4714);
#4710 = LINE('',#4711,#4712);
#4711 = CARTESIAN_POINT('',(94.000000000091,0.));
#4712 = VECTOR('',#4713,1.);
#4713 = DIRECTION('',(0.,-1.));
#4714 = ( GEOMETRIC_REPRESENTATION_CONTEXT(2) 
PARAMETRIC_REPRESENTATION_CONTEXT() REPRESENTATION_CONTEXT('2D SPACE',''
  ) );
#4715 = PCURVE('',#3277,#4716);
#4716 = DEFINITIONAL_REPRESENTATION('',(#4717),#4721);
#4717 = LINE('',#4718,#4719);
#4718 = CARTESIAN_POINT('',(-1.513576160478E-11,0.));
#4719 = VECTOR('',#4720,1.);
#4720 = DIRECTION('',(-0.,-1.));
#4721 = ( GEOMETRIC_REPRESENTATION_CONTEXT(2) 
PARAMETRIC_REPRESENTATION_CONTEXT() REPRESENTATION_CONTEXT('2D SPACE',''
  ) );
#4722 = ORIENTED_EDGE('',*,*,#4723,.F.);
#4723 = EDGE_CURVE('',#4724,#4701,#4726,.T.);
#4724 = VERTEX_POINT('',#4725);
#4725 = CARTESIAN_POINT('',(75.25,45.751250782228,4.5));
#4726 = SURFACE_CURVE('',#4727,(#4731,#4738),.PCURVE_S1.);
#4727 = LINE('',#4728,#4729);
#4728 = CARTESIAN_POINT('',(75.25,-23.50000000002,4.5));
#4729 = VECTOR('',#4730,1.);
#4730 = DIRECTION('',(0.,1.,0.));
#4731 = PCURVE('',#2903,#4732);
#4732 = DEFINITIONAL_REPRESENTATION('',(#4733),#4737);
#4733 = LINE('',#4734,#4735);
#4734 = CARTESIAN_POINT('',(23.500000000023,-4.5));
#4735 = VECTOR('',#4736,1.);
#4736 = DIRECTION('',(1.,0.));
#4737 = ( GEOMETRIC_REPRESENTATION_CONTEXT(2) 
PARAMETRIC_REPRESENTATION_CONTEXT() REPRESENTATION_CONTEXT('2D SPACE',''
  ) );
#4738 = PCURVE('',#4293,#4739);
#4739 = DEFINITIONAL_REPRESENTATION('',(#4740),#4744);
#4740 = LINE('',#4741,#4742);
#4741 = CARTESIAN_POINT('',(75.25,-23.50000000002));
#4742 = VECTOR('',#4743,1.);
#4743 = DIRECTION('',(0.,1.));
#4744 = ( GEOMETRIC_REPRESENTATION_CONTEXT(2) 
PARAMETRIC_REPRESENTATION_CONTEXT() REPRESENTATION_CONTEXT('2D SPACE',''
  ) );
#4745 = ORIENTED_EDGE('',*,*,#4746,.T.);
#4746 = EDGE_CURVE('',#4724,#4747,#4749,.T.);
#4747 = VERTEX_POINT('',#4748);
#4748 = CARTESIAN_POINT('',(75.25,45.751250782228,1.));
#4749 = SURFACE_CURVE('',#4750,(#4754,#4761),.PCURVE_S1.);
#4750 = LINE('',#4751,#4752);
#4751 = CARTESIAN_POINT('',(75.25,45.751250782228,0.));
#4752 = VECTOR('',#4753,1.);
#4753 = DIRECTION('',(-0.,-0.,-1.));
#4754 = PCURVE('',#2903,#4755);
#4755 = DEFINITIONAL_REPRESENTATION('',(#4756),#4760);
#4756 = LINE('',#4757,#4758);
#4757 = CARTESIAN_POINT('',(92.751250782274,0.));
#4758 = VECTOR('',#4759,1.);
#4759 = DIRECTION('',(0.,1.));
#4760 = ( GEOMETRIC_REPRESENTATION_CONTEXT(2) 
PARAMETRIC_REPRESENTATION_CONTEXT() REPRESENTATION_CONTEXT('2D SPACE',''
  ) );
#4761 = PCURVE('',#4762,#4767);
#4762 = CYLINDRICAL_SURFACE('',#4763,3.4);
#4763 = AXIS2_PLACEMENT_3D('',#4764,#4765,#4766);
#4764 = CARTESIAN_POINT('',(72.,46.75,0.));
#4765 = DIRECTION('',(-0.,-0.,-1.));
#4766 = DIRECTION('',(1.,0.,0.));
#4767 = DEFINITIONAL_REPRESENTATION('',(#4768),#4772);
#4768 = LINE('',#4769,#4770);
#4769 = CARTESIAN_POINT('',(-5.985037984835,0.));
#4770 = VECTOR('',#4771,1.);
#4771 = DIRECTION('',(-0.,1.));
#4772 = ( GEOMETRIC_REPRESENTATION_CONTEXT(2) 
PARAMETRIC_REPRESENTATION_CONTEXT() REPRESENTATION_CONTEXT('2D SPACE',''
  ) );
#4773 = ORIENTED_EDGE('',*,*,#4774,.F.);
#4774 = EDGE_CURVE('',#2864,#4747,#4775,.T.);
#4775 = SURFACE_CURVE('',#4776,(#4780,#4787),.PCURVE_S1.);
#4776 = LINE('',#4777,#4778);
#4777 = CARTESIAN_POINT('',(75.25,-45.75125078222,1.));
#4778 = VECTOR('',#4779,1.);
#4779 = DIRECTION('',(0.,1.,0.));
#4780 = PCURVE('',#2903,#4781);
#4781 = DEFINITIONAL_REPRESENTATION('',(#4782),#4786);
#4782 = LINE('',#4783,#4784);
#4783 = CARTESIAN_POINT('',(1.248749217817,-1.));
#4784 = VECTOR('',#4785,1.);
#4785 = DIRECTION('',(1.,0.));
#4786 = ( GEOMETRIC_REPRESENTATION_CONTEXT(2) 
PARAMETRIC_REPRESENTATION_CONTEXT() REPRESENTATION_CONTEXT('2D SPACE',''
  ) );
#4787 = PCURVE('',#4462,#4788);
#4788 = DEFINITIONAL_REPRESENTATION('',(#4789),#4793);
#4789 = LINE('',#4790,#4791);
#4790 = CARTESIAN_POINT('',(0.,0.));
#4791 = VECTOR('',#4792,1.);
#4792 = DIRECTION('',(0.,1.));
#4793 = ( GEOMETRIC_REPRESENTATION_CONTEXT(2) 
PARAMETRIC_REPRESENTATION_CONTEXT() REPRESENTATION_CONTEXT('2D SPACE',''
  ) );
#4794 = ADVANCED_FACE('',(#4795),#3277,.F.);
#4795 = FACE_BOUND('',#4796,.T.);
#4796 = EDGE_LOOP('',(#4797,#4825,#4826,#4827));
#4797 = ORIENTED_EDGE('',*,*,#4798,.T.);
#4798 = EDGE_CURVE('',#4799,#4701,#4801,.T.);
#4799 = VERTEX_POINT('',#4800);
#4800 = CARTESIAN_POINT('',(72.25,50.,4.5));
#4801 = SURFACE_CURVE('',#4802,(#4807,#4814),.PCURVE_S1.);
#4802 = CIRCLE('',#4803,3.);
#4803 = AXIS2_PLACEMENT_3D('',#4804,#4805,#4806);
#4804 = CARTESIAN_POINT('',(72.25,47.,4.5));
#4805 = DIRECTION('',(0.,0.,-1.));
#4806 = DIRECTION('',(1.,0.,0.));
#4807 = PCURVE('',#3277,#4808);
#4808 = DEFINITIONAL_REPRESENTATION('',(#4809),#4813);
#4809 = LINE('',#4810,#4811);
#4810 = CARTESIAN_POINT('',(-6.28318530718,-4.5));
#4811 = VECTOR('',#4812,1.);
#4812 = DIRECTION('',(1.,-0.));
#4813 = ( GEOMETRIC_REPRESENTATION_CONTEXT(2) 
PARAMETRIC_REPRESENTATION_CONTEXT() REPRESENTATION_CONTEXT('2D SPACE',''
  ) );
#4814 = PCURVE('',#4293,#4815);
#4815 = DEFINITIONAL_REPRESENTATION('',(#4816),#4824);
#4816 = ( BOUNDED_CURVE() B_SPLINE_CURVE(2,(#4817,#4818,#4819,#4820,
#4821,#4822,#4823),.UNSPECIFIED.,.T.,.F.) B_SPLINE_CURVE_WITH_KNOTS((1,2
    ,2,2,2,1),(-2.094395102393,0.,2.094395102393,4.188790204786,
6.28318530718,8.377580409573),.UNSPECIFIED.) CURVE() 
GEOMETRIC_REPRESENTATION_ITEM() RATIONAL_B_SPLINE_CURVE((1.,0.5,1.,0.5,
1.,0.5,1.)) REPRESENTATION_ITEM('') );
#4817 = CARTESIAN_POINT('',(75.25,47.));
#4818 = CARTESIAN_POINT('',(75.25,41.803847577293));
#4819 = CARTESIAN_POINT('',(70.75,44.401923788647));
#4820 = CARTESIAN_POINT('',(66.25,47.));
#4821 = CARTESIAN_POINT('',(70.75,49.598076211353));
#4822 = CARTESIAN_POINT('',(75.25,52.196152422707));
#4823 = CARTESIAN_POINT('',(75.25,47.));
#4824 = ( GEOMETRIC_REPRESENTATION_CONTEXT(2) 
PARAMETRIC_REPRESENTATION_CONTEXT() REPRESENTATION_CONTEXT('2D SPACE',''
  ) );
#4825 = ORIENTED_EDGE('',*,*,#4700,.T.);
#4826 = ORIENTED_EDGE('',*,*,#3260,.T.);
#4827 = ORIENTED_EDGE('',*,*,#4828,.F.);
#4828 = EDGE_CURVE('',#4799,#3261,#4829,.T.);
#4829 = SURFACE_CURVE('',#4830,(#4834,#4841),.PCURVE_S1.);
#4830 = LINE('',#4831,#4832);
#4831 = CARTESIAN_POINT('',(72.25,50.,0.));
#4832 = VECTOR('',#4833,1.);
#4833 = DIRECTION('',(0.,0.,1.));
#4834 = PCURVE('',#3277,#4835);
#4835 = DEFINITIONAL_REPRESENTATION('',(#4836),#4840);
#4836 = LINE('',#4837,#4838);
#4837 = CARTESIAN_POINT('',(-1.570796326795,0.));
#4838 = VECTOR('',#4839,1.);
#4839 = DIRECTION('',(-0.,-1.));
#4840 = ( GEOMETRIC_REPRESENTATION_CONTEXT(2) 
PARAMETRIC_REPRESENTATION_CONTEXT() REPRESENTATION_CONTEXT('2D SPACE',''
  ) );
#4841 = PCURVE('',#3305,#4842);
#4842 = DEFINITIONAL_REPRESENTATION('',(#4843),#4847);
#4843 = LINE('',#4844,#4845);
#4844 = CARTESIAN_POINT('',(0.,-0.));
#4845 = VECTOR('',#4846,1.);
#4846 = DIRECTION('',(0.,-1.));
#4847 = ( GEOMETRIC_REPRESENTATION_CONTEXT(2) 
PARAMETRIC_REPRESENTATION_CONTEXT() REPRESENTATION_CONTEXT('2D SPACE',''
  ) );
#4848 = ADVANCED_FACE('',(#4849),#3305,.T.);
#4849 = FACE_BOUND('',#4850,.T.);
#4850 = EDGE_LOOP('',(#4851,#4876,#4897,#4898,#4899,#4900,#4901,#4924));
#4851 = ORIENTED_EDGE('',*,*,#4852,.F.);
#4852 = EDGE_CURVE('',#4853,#4855,#4857,.T.);
#4853 = VERTEX_POINT('',#4854);
#4854 = CARTESIAN_POINT('',(71.001250782228,50.,4.5));
#4855 = VERTEX_POINT('',#4856);
#4856 = CARTESIAN_POINT('',(71.001250782228,50.,1.));
#4857 = SURFACE_CURVE('',#4858,(#4862,#4869),.PCURVE_S1.);
#4858 = LINE('',#4859,#4860);
#4859 = CARTESIAN_POINT('',(71.001250782228,50.,0.));
#4860 = VECTOR('',#4861,1.);
#4861 = DIRECTION('',(-0.,-0.,-1.));
#4862 = PCURVE('',#3305,#4863);
#4863 = DEFINITIONAL_REPRESENTATION('',(#4864),#4868);
#4864 = LINE('',#4865,#4866);
#4865 = CARTESIAN_POINT('',(1.248749217772,0.));
#4866 = VECTOR('',#4867,1.);
#4867 = DIRECTION('',(0.,1.));
#4868 = ( GEOMETRIC_REPRESENTATION_CONTEXT(2) 
PARAMETRIC_REPRESENTATION_CONTEXT() REPRESENTATION_CONTEXT('2D SPACE',''
  ) );
#4869 = PCURVE('',#4762,#4870);
#4870 = DEFINITIONAL_REPRESENTATION('',(#4871),#4875);
#4871 = LINE('',#4872,#4873);
#4872 = CARTESIAN_POINT('',(-1.868943649139,0.));
#4873 = VECTOR('',#4874,1.);
#4874 = DIRECTION('',(-0.,1.));
#4875 = ( GEOMETRIC_REPRESENTATION_CONTEXT(2) 
PARAMETRIC_REPRESENTATION_CONTEXT() REPRESENTATION_CONTEXT('2D SPACE',''
  ) );
#4876 = ORIENTED_EDGE('',*,*,#4877,.F.);
#4877 = EDGE_CURVE('',#4799,#4853,#4878,.T.);
#4878 = SURFACE_CURVE('',#4879,(#4883,#4890),.PCURVE_S1.);
#4879 = LINE('',#4880,#4881);
#4880 = CARTESIAN_POINT('',(36.125,50.,4.5));
#4881 = VECTOR('',#4882,1.);
#4882 = DIRECTION('',(-1.,0.,0.));
#4883 = PCURVE('',#3305,#4884);
#4884 = DEFINITIONAL_REPRESENTATION('',(#4885),#4889);
#4885 = LINE('',#4886,#4887);
#4886 = CARTESIAN_POINT('',(36.125,-4.5));
#4887 = VECTOR('',#4888,1.);
#4888 = DIRECTION('',(1.,0.));
#4889 = ( GEOMETRIC_REPRESENTATION_CONTEXT(2) 
PARAMETRIC_REPRESENTATION_CONTEXT() REPRESENTATION_CONTEXT('2D SPACE',''
  ) );
#4890 = PCURVE('',#4293,#4891);
#4891 = DEFINITIONAL_REPRESENTATION('',(#4892),#4896);
#4892 = LINE('',#4893,#4894);
#4893 = CARTESIAN_POINT('',(36.125,50.));
#4894 = VECTOR('',#4895,1.);
#4895 = DIRECTION('',(-1.,0.));
#4896 = ( GEOMETRIC_REPRESENTATION_CONTEXT(2) 
PARAMETRIC_REPRESENTATION_CONTEXT() REPRESENTATION_CONTEXT('2D SPACE',''
  ) );
#4897 = ORIENTED_EDGE('',*,*,#4828,.T.);
#4898 = ORIENTED_EDGE('',*,*,#3289,.T.);
#4899 = ORIENTED_EDGE('',*,*,#3986,.F.);
#4900 = ORIENTED_EDGE('',*,*,#3906,.F.);
#4901 = ORIENTED_EDGE('',*,*,#4902,.T.);
#4902 = EDGE_CURVE('',#3883,#4903,#4905,.T.);
#4903 = VERTEX_POINT('',#4904);
#4904 = CARTESIAN_POINT('',(-71.00125078222,50.,1.));
#4905 = SURFACE_CURVE('',#4906,(#4910,#4917),.PCURVE_S1.);
#4906 = LINE('',#4907,#4908);
#4907 = CARTESIAN_POINT('',(-71.00125078222,50.,0.));
#4908 = VECTOR('',#4909,1.);
#4909 = DIRECTION('',(-0.,-0.,-1.));
#4910 = PCURVE('',#3305,#4911);
#4911 = DEFINITIONAL_REPRESENTATION('',(#4912),#4916);
#4912 = LINE('',#4913,#4914);
#4913 = CARTESIAN_POINT('',(143.25125078222,0.));
#4914 = VECTOR('',#4915,1.);
#4915 = DIRECTION('',(0.,1.));
#4916 = ( GEOMETRIC_REPRESENTATION_CONTEXT(2) 
PARAMETRIC_REPRESENTATION_CONTEXT() REPRESENTATION_CONTEXT('2D SPACE',''
  ) );
#4917 = PCURVE('',#3602,#4918);
#4918 = DEFINITIONAL_REPRESENTATION('',(#4919),#4923);
#4919 = LINE('',#4920,#4921);
#4920 = CARTESIAN_POINT('',(-1.272649004451,0.));
#4921 = VECTOR('',#4922,1.);
#4922 = DIRECTION('',(-0.,1.));
#4923 = ( GEOMETRIC_REPRESENTATION_CONTEXT(2) 
PARAMETRIC_REPRESENTATION_CONTEXT() REPRESENTATION_CONTEXT('2D SPACE',''
  ) );
#4924 = ORIENTED_EDGE('',*,*,#4925,.F.);
#4925 = EDGE_CURVE('',#4855,#4903,#4926,.T.);
#4926 = SURFACE_CURVE('',#4927,(#4931,#4938),.PCURVE_S1.);
#4927 = LINE('',#4928,#4929);
#4928 = CARTESIAN_POINT('',(71.001250782228,50.,1.));
#4929 = VECTOR('',#4930,1.);
#4930 = DIRECTION('',(-1.,0.,0.));
#4931 = PCURVE('',#3305,#4932);
#4932 = DEFINITIONAL_REPRESENTATION('',(#4933),#4937);
#4933 = LINE('',#4934,#4935);
#4934 = CARTESIAN_POINT('',(1.248749217772,-1.));
#4935 = VECTOR('',#4936,1.);
#4936 = DIRECTION('',(1.,0.));
#4937 = ( GEOMETRIC_REPRESENTATION_CONTEXT(2) 
PARAMETRIC_REPRESENTATION_CONTEXT() REPRESENTATION_CONTEXT('2D SPACE',''
  ) );
#4938 = PCURVE('',#4355,#4939);
#4939 = DEFINITIONAL_REPRESENTATION('',(#4940),#4944);
#4940 = LINE('',#4941,#4942);
#4941 = CARTESIAN_POINT('',(0.,0.));
#4942 = VECTOR('',#4943,1.);
#4943 = DIRECTION('',(0.,1.));
#4944 = ( GEOMETRIC_REPRESENTATION_CONTEXT(2) 
PARAMETRIC_REPRESENTATION_CONTEXT() REPRESENTATION_CONTEXT('2D SPACE',''
  ) );
#4945 = ADVANCED_FACE('',(#4946),#3602,.T.);
#4946 = FACE_BOUND('',#4947,.F.);
#4947 = EDGE_LOOP('',(#4948,#4949,#4971,#4972));
#4948 = ORIENTED_EDGE('',*,*,#4902,.T.);
#4949 = ORIENTED_EDGE('',*,*,#4950,.F.);
#4950 = EDGE_CURVE('',#3585,#4903,#4951,.T.);
#4951 = SURFACE_CURVE('',#4952,(#4957,#4964),.PCURVE_S1.);
#4952 = CIRCLE('',#4953,3.4);
#4953 = AXIS2_PLACEMENT_3D('',#4954,#4955,#4956);
#4954 = CARTESIAN_POINT('',(-72.,46.75,1.));
#4955 = DIRECTION('',(0.,0.,1.));
#4956 = DIRECTION('',(1.,0.,0.));
#4957 = PCURVE('',#3602,#4958);
#4958 = DEFINITIONAL_REPRESENTATION('',(#4959),#4963);
#4959 = LINE('',#4960,#4961);
#4960 = CARTESIAN_POINT('',(-0.,-1.));
#4961 = VECTOR('',#4962,1.);
#4962 = DIRECTION('',(-1.,0.));
#4963 = ( GEOMETRIC_REPRESENTATION_CONTEXT(2) 
PARAMETRIC_REPRESENTATION_CONTEXT() REPRESENTATION_CONTEXT('2D SPACE',''
  ) );
#4964 = PCURVE('',#4384,#4965);
#4965 = DEFINITIONAL_REPRESENTATION('',(#4966),#4970);
#4966 = LINE('',#4967,#4968);
#4967 = CARTESIAN_POINT('',(0.,3.14159265359));
#4968 = VECTOR('',#4969,1.);
#4969 = DIRECTION('',(1.,0.));
#4970 = ( GEOMETRIC_REPRESENTATION_CONTEXT(2) 
PARAMETRIC_REPRESENTATION_CONTEXT() REPRESENTATION_CONTEXT('2D SPACE',''
  ) );
#4971 = ORIENTED_EDGE('',*,*,#3584,.T.);
#4972 = ORIENTED_EDGE('',*,*,#3882,.T.);
#4973 = ADVANCED_FACE('',(#4974),#3629,.F.);
#4974 = FACE_BOUND('',#4975,.F.);
#4975 = EDGE_LOOP('',(#4976,#4977,#4978,#5000));
#4976 = ORIENTED_EDGE('',*,*,#3667,.F.);
#4977 = ORIENTED_EDGE('',*,*,#3614,.T.);
#4978 = ORIENTED_EDGE('',*,*,#4979,.T.);
#4979 = EDGE_CURVE('',#3585,#4368,#4980,.T.);
#4980 = SURFACE_CURVE('',#4981,(#4986,#4993),.PCURVE_S1.);
#4981 = CIRCLE('',#4982,1.);
#4982 = AXIS2_PLACEMENT_3D('',#4983,#4984,#4985);
#4983 = CARTESIAN_POINT('',(-67.6,46.75,1.));
#4984 = DIRECTION('',(-4.440892098501E-16,-1.,0.));
#4985 = DIRECTION('',(1.,-4.440892098501E-16,0.));
#4986 = PCURVE('',#3629,#4987);
#4987 = DEFINITIONAL_REPRESENTATION('',(#4988),#4992);
#4988 = LINE('',#4989,#4990);
#4989 = CARTESIAN_POINT('',(2.843445331246,0.));
#4990 = VECTOR('',#4991,1.);
#4991 = DIRECTION('',(0.,1.));
#4992 = ( GEOMETRIC_REPRESENTATION_CONTEXT(2) 
PARAMETRIC_REPRESENTATION_CONTEXT() REPRESENTATION_CONTEXT('2D SPACE',''
  ) );
#4993 = PCURVE('',#4384,#4994);
#4994 = DEFINITIONAL_REPRESENTATION('',(#4995),#4999);
#4995 = LINE('',#4996,#4997);
#4996 = CARTESIAN_POINT('',(0.,0.));
#4997 = VECTOR('',#4998,1.);
#4998 = DIRECTION('',(0.,1.));
#4999 = ( GEOMETRIC_REPRESENTATION_CONTEXT(2) 
PARAMETRIC_REPRESENTATION_CONTEXT() REPRESENTATION_CONTEXT('2D SPACE',''
  ) );
#5000 = ORIENTED_EDGE('',*,*,#4396,.F.);
#5001 = ADVANCED_FACE('',(#5002,#5029),#4293,.T.);
#5002 = FACE_BOUND('',#5003,.T.);
#5003 = EDGE_LOOP('',(#5004,#5005,#5027,#5028));
#5004 = ORIENTED_EDGE('',*,*,#4877,.T.);
#5005 = ORIENTED_EDGE('',*,*,#5006,.T.);
#5006 = EDGE_CURVE('',#4853,#4724,#5007,.T.);
#5007 = SURFACE_CURVE('',#5008,(#5013,#5020),.PCURVE_S1.);
#5008 = CIRCLE('',#5009,3.4);
#5009 = AXIS2_PLACEMENT_3D('',#5010,#5011,#5012);
#5010 = CARTESIAN_POINT('',(72.,46.75,4.5));
#5011 = DIRECTION('',(0.,0.,1.));
#5012 = DIRECTION('',(1.,0.,0.));
#5013 = PCURVE('',#4293,#5014);
#5014 = DEFINITIONAL_REPRESENTATION('',(#5015),#5019);
#5015 = CIRCLE('',#5016,3.4);
#5016 = AXIS2_PLACEMENT_2D('',#5017,#5018);
#5017 = CARTESIAN_POINT('',(72.,46.75));
#5018 = DIRECTION('',(1.,0.));
#5019 = ( GEOMETRIC_REPRESENTATION_CONTEXT(2) 
PARAMETRIC_REPRESENTATION_CONTEXT() REPRESENTATION_CONTEXT('2D SPACE',''
  ) );
#5020 = PCURVE('',#4762,#5021);
#5021 = DEFINITIONAL_REPRESENTATION('',(#5022),#5026);
#5022 = LINE('',#5023,#5024);
#5023 = CARTESIAN_POINT('',(-0.,-4.5));
#5024 = VECTOR('',#5025,1.);
#5025 = DIRECTION('',(-1.,0.));
#5026 = ( GEOMETRIC_REPRESENTATION_CONTEXT(2) 
PARAMETRIC_REPRESENTATION_CONTEXT() REPRESENTATION_CONTEXT('2D SPACE',''
  ) );
#5027 = ORIENTED_EDGE('',*,*,#4723,.T.);
#5028 = ORIENTED_EDGE('',*,*,#4798,.F.);
#5029 = FACE_BOUND('',#5030,.T.);
#5030 = EDGE_LOOP('',(#5031));
#5031 = ORIENTED_EDGE('',*,*,#4278,.F.);
#5032 = ADVANCED_FACE('',(#5033),#4355,.F.);
#5033 = FACE_BOUND('',#5034,.F.);
#5034 = EDGE_LOOP('',(#5035,#5221,#5222,#5408));
#5035 = ORIENTED_EDGE('',*,*,#5036,.T.);
#5036 = EDGE_CURVE('',#4855,#4338,#5037,.T.);
#5037 = SURFACE_CURVE('',#5038,(#5097,#5159),.PCURVE_S1.);
#5038 = B_SPLINE_CURVE_WITH_KNOTS('',8,(#5039,#5040,#5041,#5042,#5043,
    #5044,#5045,#5046,#5047,#5048,#5049,#5050,#5051,#5052,#5053,#5054,
    #5055,#5056,#5057,#5058,#5059,#5060,#5061,#5062,#5063,#5064,#5065,
    #5066,#5067,#5068,#5069,#5070,#5071,#5072,#5073,#5074,#5075,#5076,
    #5077,#5078,#5079,#5080,#5081,#5082,#5083,#5084,#5085,#5086,#5087,
    #5088,#5089,#5090,#5091,#5092,#5093,#5094,#5095,#5096),
  .UNSPECIFIED.,.F.,.F.,(9,7,7,7,7,7,7,7,9),(0.,2.653340170889E-02,
    4.596562168407E-02,7.801431199599E-02,0.153643079322,0.32124186891,
    0.484308181478,0.750698949243,1.),.UNSPECIFIED.);
#5039 = CARTESIAN_POINT('',(71.001250782228,50.,1.));
#5040 = CARTESIAN_POINT('',(71.001250782228,50.,0.990603437862));
#5041 = CARTESIAN_POINT('',(71.000578791773,49.999899065904,
    0.981204396568));
#5042 = CARTESIAN_POINT('',(70.999234477375,49.999697181986,
    0.971849151197));
#5043 = CARTESIAN_POINT('',(70.997237836674,49.999396930769,
    0.962575810663));
#5044 = CARTESIAN_POINT('',(70.99462412333,49.999002849721,
    0.953415086734));
#5045 = CARTESIAN_POINT('',(70.991438771904,49.998520787953,
    0.944391063049));
#5046 = CARTESIAN_POINT('',(70.987732322745,49.997957262911,
    0.935521964134));
#5047 = CARTESIAN_POINT('',(70.980496262521,49.996851239644,
    0.920448559513));
#5048 = CARTESIAN_POINT('',(70.977183845727,49.996343334206,
    0.91416423541));
#5049 = CARTESIAN_POINT('',(70.973636852196,49.995797495623,
    0.907970745695));
#5050 = CARTESIAN_POINT('',(70.969873562977,49.995216057561,
    0.90186949041));
#5051 = CARTESIAN_POINT('',(70.965911421626,49.994601243323,
    0.895860631019));
#5052 = CARTESIAN_POINT('',(70.961766671369,49.993955116659,
    0.889943245385));
#5053 = CARTESIAN_POINT('',(70.957453992261,49.993279532591,
    0.884115482737));
#5054 = CARTESIAN_POINT('',(70.945617506953,49.991415928954,
    0.86890673347));
#5055 = CARTESIAN_POINT('',(70.937829047792,49.99018034447,0.85967808923
    ));
#5056 = CARTESIAN_POINT('',(70.929677683773,49.988876415298,
    0.850675241733));
#5057 = CARTESIAN_POINT('',(70.921212172471,49.987510232175,
    0.84188519778));
#5058 = CARTESIAN_POINT('',(70.912473559658,49.986086922173,
    0.833295244347));
#5059 = CARTESIAN_POINT('',(70.903495632828,49.984610674814,
    0.824892677765));
#5060 = CARTESIAN_POINT('',(70.894305374733,49.98308476818,
    0.816664532906));
#5061 = CARTESIAN_POINT('',(70.862783794372,49.97779920786,
    0.789560217896));
#5062 = CARTESIAN_POINT('',(70.839601226166,49.973827697826,
    0.77144035233));
#5063 = CARTESIAN_POINT('',(70.815651564691,49.969629445903,
    0.754060384916));
#5064 = CARTESIAN_POINT('',(70.791112899304,49.96522535174,
    0.737313919592));
#5065 = CARTESIAN_POINT('',(70.766112718278,49.960630810968,
    0.721120225024));
#5066 = CARTESIAN_POINT('',(70.740741611715,49.955856771796,
    0.705410764801));
#5067 = CARTESIAN_POINT('',(70.715054461428,49.950908994905,
    0.690128036808));
#5068 = CARTESIAN_POINT('',(70.631518930088,49.934441567324,
    0.642173811941));
#5069 = CARTESIAN_POINT('',(70.572656242367,49.922268490831,
    0.611019895721));
#5070 = CARTESIAN_POINT('',(70.51297080106,49.909318827645,
    0.581248337881));
#5071 = CARTESIAN_POINT('',(70.452688720551,49.895616815,0.55265832104)
  );
#5072 = CARTESIAN_POINT('',(70.391985066218,49.881183811556,
    0.525085540888));
#5073 = CARTESIAN_POINT('',(70.330956495134,49.866031958193,
    0.498437491541));
#5074 = CARTESIAN_POINT('',(70.269668137241,49.850168166167,
    0.472634173407));
#5075 = CARTESIAN_POINT('',(70.148287773142,49.817462018352,
    0.42327786526));
#5076 = CARTESIAN_POINT('',(70.088235304639,49.80066499744,
    0.399693597775));
#5077 = CARTESIAN_POINT('',(70.028038954588,49.783206479755,
    0.376820230845));
#5078 = CARTESIAN_POINT('',(69.9677363464,49.765092402858,0.354632438095
    ));
#5079 = CARTESIAN_POINT('',(69.907356927611,49.746328380799,
    0.333117181188));
#5080 = CARTESIAN_POINT('',(69.846924972993,49.726919907692,
    0.312269013745));
#5081 = CARTESIAN_POINT('',(69.786461095578,49.706872421616,
    0.292087793581));
#5082 = CARTESIAN_POINT('',(69.627181957298,49.652405717079,
    0.240708241975));
#5083 = CARTESIAN_POINT('',(69.528346536029,49.616930581137,
    0.210632846302));
#5084 = CARTESIAN_POINT('',(69.429552160275,49.579789883602,
    0.182375376059));
#5085 = CARTESIAN_POINT('',(69.33086302348,49.541010547751,
    0.155992384816));
#5086 = CARTESIAN_POINT('',(69.232337849987,49.50062338043,
    0.131563598486));
#5087 = CARTESIAN_POINT('',(69.134034307171,49.458664033804,
    0.109185724299));
#5088 = CARTESIAN_POINT('',(69.036011333759,49.415173905988,
    8.897069017489E-02));
#5089 = CARTESIAN_POINT('',(68.846914006711,49.328113194751,
    5.427570961886E-02));
#5090 = CARTESIAN_POINT('',(68.755802257371,49.284728988964,
    3.951162616723E-02));
#5091 = CARTESIAN_POINT('',(68.665042568428,49.240087466683,
    2.686221174653E-02));
#5092 = CARTESIAN_POINT('',(68.574690605911,49.194235028193,
    1.644617697981E-02));
#5093 = CARTESIAN_POINT('',(68.484810519053,49.147227165109,
    8.396049925544E-03));
#5094 = CARTESIAN_POINT('',(68.39547618958,49.099130254929,
    2.859430498873E-03));
#5095 = CARTESIAN_POINT('',(68.306772481,49.050023355586,
    2.448929053436E-07));
#5096 = CARTESIAN_POINT('',(68.218796487889,49.,0.));
#5097 = PCURVE('',#4355,#5098);
#5098 = DEFINITIONAL_REPRESENTATION('',(#5099),#5158);
#5099 = B_SPLINE_CURVE_WITH_KNOTS('',8,(#5100,#5101,#5102,#5103,#5104,
    #5105,#5106,#5107,#5108,#5109,#5110,#5111,#5112,#5113,#5114,#5115,
    #5116,#5117,#5118,#5119,#5120,#5121,#5122,#5123,#5124,#5125,#5126,
    #5127,#5128,#5129,#5130,#5131,#5132,#5133,#5134,#5135,#5136,#5137,
    #5138,#5139,#5140,#5141,#5142,#5143,#5144,#5145,#5146,#5147,#5148,
    #5149,#5150,#5151,#5152,#5153,#5154,#5155,#5156,#5157),
  .UNSPECIFIED.,.F.,.F.,(9,7,7,7,7,7,7,7,9),(0.,2.653340170889E-02,
    4.596562168407E-02,7.801431199599E-02,0.153643079322,0.32124186891,
    0.484308181478,0.750698949243,1.),.UNSPECIFIED.);
#5100 = CARTESIAN_POINT('',(0.,-2.84217094304E-14));
#5101 = CARTESIAN_POINT('',(9.396562138055E-03,-2.842881226466E-14));
#5102 = CARTESIAN_POINT('',(1.879559167291E-02,6.719904547465E-04));
#5103 = CARTESIAN_POINT('',(2.815211604966E-02,2.016304853534E-03));
#5104 = CARTESIAN_POINT('',(3.7429262201E-02,4.012945554244E-03));
#5105 = CARTESIAN_POINT('',(4.659744338111E-02,6.626658898051E-03));
#5106 = CARTESIAN_POINT('',(5.563354599952E-02,9.812010323988E-03));
#5107 = CARTESIAN_POINT('',(6.452011645503E-02,1.351845948353E-02));
#5108 = CARTESIAN_POINT('',(7.963404428105E-02,2.075451970707E-02));
#5109 = CARTESIAN_POINT('',(8.593868639402E-02,2.406693650116E-02));
#5110 = CARTESIAN_POINT('',(9.215591252333E-02,2.76139300323E-02));
#5111 = CARTESIAN_POINT('',(9.828450686526E-02,3.137721925116E-02));
#5112 = CARTESIAN_POINT('',(0.104324453112,3.533936060178E-02));
#5113 = CARTESIAN_POINT('',(0.110276787965,3.948411085923E-02));
#5114 = CARTESIAN_POINT('',(0.116143454652,4.379678996717E-02));
#5115 = CARTESIAN_POINT('',(0.131465956823,5.563327527476E-02));
#5116 = CARTESIAN_POINT('',(0.14077636899,6.342173443593E-02));
#5117 = CARTESIAN_POINT('',(0.149872290341,7.157309845458E-02));
#5118 = CARTESIAN_POINT('',(0.158766940474,8.003860975656E-02));
#5119 = CARTESIAN_POINT('',(0.167473174757,8.87772225704E-02));
#5120 = CARTESIAN_POINT('',(0.176003797886,9.775514939967E-02));
#5121 = CARTESIAN_POINT('',(0.184371877456,0.106945407495));
#5122 = CARTESIAN_POINT('',(0.211986747364,0.138466987856));
#5123 = CARTESIAN_POINT('',(0.230531770026,0.161649556062));
#5124 = CARTESIAN_POINT('',(0.248405052944,0.185599217537));
#5125 = CARTESIAN_POINT('',(0.265714190257,0.210137882925));
#5126 = CARTESIAN_POINT('',(0.28254102566,0.23513806395));
#5127 = CARTESIAN_POINT('',(0.298955389725,0.260509170513));
#5128 = CARTESIAN_POINT('',(0.315016563073,0.2861963208));
#5129 = CARTESIAN_POINT('',(0.365719460956,0.36973185214));
#5130 = CARTESIAN_POINT('',(0.39913810599,0.42859453986));
#5131 = CARTESIAN_POINT('',(0.431566388643,0.488279981169));
#5132 = CARTESIAN_POINT('',(0.463228378868,0.548562061675));
#5133 = CARTESIAN_POINT('',(0.494312414817,0.609265716012));
#5134 = CARTESIAN_POINT('',(0.524936604323,0.670294287093));
#5135 = CARTESIAN_POINT('',(0.55520892636,0.731582644987));
#5136 = CARTESIAN_POINT('',(0.614418193023,0.852963009086));
#5137 = CARTESIAN_POINT('',(0.643356218501,0.913015477589));
#5138 = CARTESIAN_POINT('',(0.672104908506,0.97321182764));
#5139 = CARTESIAN_POINT('',(0.700717348115,1.033514435828));
#5140 = CARTESIAN_POINT('',(0.72923535729,1.093893854617));
#5141 = CARTESIAN_POINT('',(0.757694281894,1.154325809235));
#5142 = CARTESIAN_POINT('',(0.786125448758,1.21478968665));
#5143 = CARTESIAN_POINT('',(0.861001881808,1.37406882493));
#5144 = CARTESIAN_POINT('',(0.907444794567,1.472904246199));
#5145 = CARTESIAN_POINT('',(0.954004221203,1.571698621953));
#5146 = CARTESIAN_POINT('',(1.000775028256,1.670387758748));
#5147 = CARTESIAN_POINT('',(1.047839277765,1.768912932241));
#5148 = CARTESIAN_POINT('',(1.095274456518,1.867216475057));
#5149 = CARTESIAN_POINT('',(1.143158407492,1.965239448469));
#5150 = CARTESIAN_POINT('',(1.236877717758,2.154336775517));
#5151 = CARTESIAN_POINT('',(1.282644992333,2.245448524857));
#5152 = CARTESIAN_POINT('',(1.328939653664,2.3362082138));
#5153 = CARTESIAN_POINT('',(1.375827893443,2.426560176317));
#5154 = CARTESIAN_POINT('',(1.423378433448,2.516440263175));
#5155 = CARTESIAN_POINT('',(1.471665730445,2.605774592648));
#5156 = CARTESIAN_POINT('',(1.520773181084,2.694478301228));
#5157 = CARTESIAN_POINT('',(1.570796326795,2.782454294339));
#5158 = ( GEOMETRIC_REPRESENTATION_CONTEXT(2) 
PARAMETRIC_REPRESENTATION_CONTEXT() REPRESENTATION_CONTEXT('2D SPACE',''
  ) );
#5159 = PCURVE('',#4489,#5160);
#5160 = DEFINITIONAL_REPRESENTATION('',(#5161),#5220);
#5161 = B_SPLINE_CURVE_WITH_KNOTS('',8,(#5162,#5163,#5164,#5165,#5166,
    #5167,#5168,#5169,#5170,#5171,#5172,#5173,#5174,#5175,#5176,#5177,
    #5178,#5179,#5180,#5181,#5182,#5183,#5184,#5185,#5186,#5187,#5188,
    #5189,#5190,#5191,#5192,#5193,#5194,#5195,#5196,#5197,#5198,#5199,
    #5200,#5201,#5202,#5203,#5204,#5205,#5206,#5207,#5208,#5209,#5210,
    #5211,#5212,#5213,#5214,#5215,#5216,#5217,#5218,#5219),
  .UNSPECIFIED.,.F.,.F.,(9,7,7,7,7,7,7,7,9),(0.,2.653340170889E-02,
    4.596562168407E-02,7.801431199599E-02,0.153643079322,0.32124186891,
    0.484308181478,0.750698949243,1.),.UNSPECIFIED.);
#5162 = CARTESIAN_POINT('',(-1.24344978758E-14,3.14159265359));
#5163 = CARTESIAN_POINT('',(-1.24344978758E-14,3.150989215728));
#5164 = CARTESIAN_POINT('',(1.976434690967E-04,3.160388245263));
#5165 = CARTESIAN_POINT('',(5.930313734428E-04,3.169744769639));
#5166 = CARTESIAN_POINT('',(1.180245822248E-03,3.179021915791));
#5167 = CARTESIAN_POINT('',(1.94885263085E-03,3.188190096971));
#5168 = CARTESIAN_POINT('',(2.88540388372E-03,3.197226199589));
#5169 = CARTESIAN_POINT('',(3.974940497493E-03,3.206112770045));
#5170 = CARTESIAN_POINT('',(6.101516522262E-03,3.221226697871));
#5171 = CARTESIAN_POINT('',(7.074848056286E-03,3.227531339984));
#5172 = CARTESIAN_POINT('',(8.116935428394E-03,3.233748566113));
#5173 = CARTESIAN_POINT('',(9.222364768797E-03,3.239877160455));
#5174 = CARTESIAN_POINT('',(1.03859694776E-02,3.245917106702));
#5175 = CARTESIAN_POINT('',(1.160293740682E-02,3.251869441555));
#5176 = CARTESIAN_POINT('',(1.286891804238E-02,3.257736108242));
#5177 = CARTESIAN_POINT('',(1.634265233963E-02,3.273058610413));
#5178 = CARTESIAN_POINT('',(1.862754381114E-02,3.28236902258));
#5179 = CARTESIAN_POINT('',(2.101792169402E-02,3.291464943931));
#5180 = CARTESIAN_POINT('',(2.349932320061E-02,3.300359594064));
#5181 = CARTESIAN_POINT('',(2.605956844915E-02,3.309065828347));
#5182 = CARTESIAN_POINT('',(2.868862375066E-02,3.317596451476));
#5183 = CARTESIAN_POINT('',(3.137846489589E-02,3.325964531045));
#5184 = CARTESIAN_POINT('',(4.059937678036E-02,3.353579400954));
#5185 = CARTESIAN_POINT('',(4.737286461132E-02,3.372124423616));
#5186 = CARTESIAN_POINT('',(5.436119633071E-02,3.389997706534));
#5187 = CARTESIAN_POINT('',(6.151115830065E-02,3.407306843846));
#5188 = CARTESIAN_POINT('',(6.878458685801E-02,3.42413367925));
#5189 = CARTESIAN_POINT('',(7.615426190963E-02,3.440548043315));
#5190 = CARTESIAN_POINT('',(8.36034747228E-02,3.456609216663));
#5191 = CARTESIAN_POINT('',(0.107787151588,3.507312114546));
#5192 = CARTESIAN_POINT('',(0.124765436101,3.54073075958));
#5193 = CARTESIAN_POINT('',(0.141911289434,3.573159042233));
#5194 = CARTESIAN_POINT('',(0.159153424575,3.604821032458));
#5195 = CARTESIAN_POINT('',(0.176436141018,3.635905068407));
#5196 = CARTESIAN_POINT('',(0.193727198835,3.666529257913));
#5197 = CARTESIAN_POINT('',(0.211003727351,3.69680157995));
#5198 = CARTESIAN_POINT('',(0.245038063288,3.756010846613));
#5199 = CARTESIAN_POINT('',(0.261789671277,3.784948872091));
#5200 = CARTESIAN_POINT('',(0.278491075526,3.813697562096));
#5201 = CARTESIAN_POINT('',(0.295128389251,3.842310001705));
#5202 = CARTESIAN_POINT('',(0.311690404174,3.87082801088));
#5203 = CARTESIAN_POINT('',(0.328167694658,3.899286935484));
#5204 = CARTESIAN_POINT('',(0.344552161355,3.927718102348));
#5205 = CARTESIAN_POINT('',(0.387440513474,4.002594535398));
#5206 = CARTESIAN_POINT('',(0.413776871602,4.049037448157));
#5207 = CARTESIAN_POINT('',(0.439815935552,4.095596874793));
#5208 = CARTESIAN_POINT('',(0.465533018386,4.142367681846));
#5209 = CARTESIAN_POINT('',(0.490907056825,4.189431931354));
#5210 = CARTESIAN_POINT('',(0.515919377351,4.236867110108));
#5211 = CARTESIAN_POINT('',(0.540553071027,4.284751061081));
#5212 = CARTESIAN_POINT('',(0.587477824876,4.378470371347));
#5213 = CARTESIAN_POINT('',(0.609816553549,4.424237645923));
#5214 = CARTESIAN_POINT('',(0.631797066166,4.470532307254));
#5215 = CARTESIAN_POINT('',(0.653407027892,4.517420547033));
#5216 = CARTESIAN_POINT('',(0.674633719957,4.564971087038));
#5217 = CARTESIAN_POINT('',(0.695463893658,4.613258384035));
#5218 = CARTESIAN_POINT('',(0.715883624375,4.662365834674));
#5219 = CARTESIAN_POINT('',(0.735878165579,4.712388980385));
#5220 = ( GEOMETRIC_REPRESENTATION_CONTEXT(2) 
PARAMETRIC_REPRESENTATION_CONTEXT() REPRESENTATION_CONTEXT('2D SPACE',''
  ) );
#5221 = ORIENTED_EDGE('',*,*,#4337,.T.);
#5222 = ORIENTED_EDGE('',*,*,#5223,.F.);
#5223 = EDGE_CURVE('',#4903,#4340,#5224,.T.);
#5224 = SURFACE_CURVE('',#5225,(#5284,#5346),.PCURVE_S1.);
#5225 = B_SPLINE_CURVE_WITH_KNOTS('',8,(#5226,#5227,#5228,#5229,#5230,
    #5231,#5232,#5233,#5234,#5235,#5236,#5237,#5238,#5239,#5240,#5241,
    #5242,#5243,#5244,#5245,#5246,#5247,#5248,#5249,#5250,#5251,#5252,
    #5253,#5254,#5255,#5256,#5257,#5258,#5259,#5260,#5261,#5262,#5263,
    #5264,#5265,#5266,#5267,#5268,#5269,#5270,#5271,#5272,#5273,#5274,
    #5275,#5276,#5277,#5278,#5279,#5280,#5281,#5282,#5283),
  .UNSPECIFIED.,.F.,.F.,(9,7,7,7,7,7,7,7,9),(0.,2.653340170967E-02,
    4.596562168543E-02,7.801431199837E-02,0.153643079327,0.321241868923,
    0.484308181499,0.750698949278,1.),.UNSPECIFIED.);
#5226 = CARTESIAN_POINT('',(-71.00125078222,50.,1.));
#5227 = CARTESIAN_POINT('',(-71.00125078222,50.,0.990603437862));
#5228 = CARTESIAN_POINT('',(-71.00057879177,49.999899065904,
    0.981204396568));
#5229 = CARTESIAN_POINT('',(-70.99923447737,49.999697181986,
    0.971849151197));
#5230 = CARTESIAN_POINT('',(-70.99723783667,49.999396930769,
    0.962575810663));
#5231 = CARTESIAN_POINT('',(-70.99462412333,49.999002849721,
    0.953415086734));
#5232 = CARTESIAN_POINT('',(-70.9914387719,49.998520787953,
    0.944391063049));
#5233 = CARTESIAN_POINT('',(-70.98773232274,49.997957262911,
    0.935521964134));
#5234 = CARTESIAN_POINT('',(-70.98049626252,49.996851239644,
    0.920448559513));
#5235 = CARTESIAN_POINT('',(-70.97718384572,49.996343334206,
    0.91416423541));
#5236 = CARTESIAN_POINT('',(-70.97363685219,49.995797495623,
    0.907970745695));
#5237 = CARTESIAN_POINT('',(-70.96987356297,49.995216057561,
    0.90186949041));
#5238 = CARTESIAN_POINT('',(-70.96591142162,49.994601243323,
    0.895860631019));
#5239 = CARTESIAN_POINT('',(-70.96176667136,49.993955116659,
    0.889943245385));
#5240 = CARTESIAN_POINT('',(-70.95745399226,49.993279532591,
    0.884115482737));
#5241 = CARTESIAN_POINT('',(-70.94561750695,49.991415928954,
    0.86890673347));
#5242 = CARTESIAN_POINT('',(-70.93782904779,49.99018034447,0.85967808923
    ));
#5243 = CARTESIAN_POINT('',(-70.92967768377,49.988876415298,
    0.850675241733));
#5244 = CARTESIAN_POINT('',(-70.92121217247,49.987510232175,
    0.84188519778));
#5245 = CARTESIAN_POINT('',(-70.91247355965,49.986086922173,
    0.833295244347));
#5246 = CARTESIAN_POINT('',(-70.90349563282,49.984610674814,
    0.824892677765));
#5247 = CARTESIAN_POINT('',(-70.89430537473,49.98308476818,
    0.816664532906));
#5248 = CARTESIAN_POINT('',(-70.86278379437,49.97779920786,
    0.789560217896));
#5249 = CARTESIAN_POINT('',(-70.83960122616,49.973827697826,
    0.77144035233));
#5250 = CARTESIAN_POINT('',(-70.81565156469,49.969629445903,
    0.754060384915));
#5251 = CARTESIAN_POINT('',(-70.7911128993,49.96522535174,0.737313919592
    ));
#5252 = CARTESIAN_POINT('',(-70.76611271827,49.960630810968,
    0.721120225024));
#5253 = CARTESIAN_POINT('',(-70.74074161171,49.955856771796,
    0.705410764801));
#5254 = CARTESIAN_POINT('',(-70.71505446142,49.950908994905,
    0.690128036809));
#5255 = CARTESIAN_POINT('',(-70.63151893008,49.934441567324,
    0.642173811941));
#5256 = CARTESIAN_POINT('',(-70.57265624237,49.922268490831,
    0.611019895722));
#5257 = CARTESIAN_POINT('',(-70.51297080105,49.909318827644,
    0.581248337878));
#5258 = CARTESIAN_POINT('',(-70.45268872056,49.895616815001,
    0.552658321043));
#5259 = CARTESIAN_POINT('',(-70.39198506621,49.881183811555,
    0.525085540886));
#5260 = CARTESIAN_POINT('',(-70.33095649513,49.866031958193,
    0.498437491542));
#5261 = CARTESIAN_POINT('',(-70.26966813724,49.850168166167,
    0.472634173406));
#5262 = CARTESIAN_POINT('',(-70.14828777314,49.817462018352,
    0.42327786526));
#5263 = CARTESIAN_POINT('',(-70.08823530463,49.80066499744,
    0.399693597775));
#5264 = CARTESIAN_POINT('',(-70.02803895458,49.783206479755,
    0.376820230845));
#5265 = CARTESIAN_POINT('',(-69.9677363464,49.765092402858,
    0.354632438095));
#5266 = CARTESIAN_POINT('',(-69.90735692761,49.746328380799,
    0.333117181188));
#5267 = CARTESIAN_POINT('',(-69.84692497299,49.726919907692,
    0.312269013745));
#5268 = CARTESIAN_POINT('',(-69.78646109557,49.706872421616,
    0.292087793581));
#5269 = CARTESIAN_POINT('',(-69.62718195729,49.652405717079,
    0.240708241975));
#5270 = CARTESIAN_POINT('',(-69.52834653602,49.616930581137,
    0.210632846302));
#5271 = CARTESIAN_POINT('',(-69.42955216027,49.579789883602,
    0.182375376059));
#5272 = CARTESIAN_POINT('',(-69.33086302348,49.541010547751,
    0.155992384816));
#5273 = CARTESIAN_POINT('',(-69.23233784998,49.50062338043,
    0.131563598486));
#5274 = CARTESIAN_POINT('',(-69.13403430717,49.458664033804,
    0.109185724299));
#5275 = CARTESIAN_POINT('',(-69.03601133375,49.415173905988,
    8.897069017488E-02));
#5276 = CARTESIAN_POINT('',(-68.84691400672,49.32811319476,
    5.427570962213E-02));
#5277 = CARTESIAN_POINT('',(-68.7558022574,49.284728988932,
    3.951162617326E-02));
#5278 = CARTESIAN_POINT('',(-68.66504256848,49.240087466695,
    2.686221175431E-02));
#5279 = CARTESIAN_POINT('',(-68.57469060598,49.194235028289,
    1.644617698824E-02));
#5280 = CARTESIAN_POINT('',(-68.48481051914,49.147227165223,
    8.39604993358E-03));
#5281 = CARTESIAN_POINT('',(-68.39547618968,49.099130254946,
    2.859430505522E-03));
#5282 = CARTESIAN_POINT('',(-68.30677248112,49.050023355508,
    2.448970437812E-07));
#5283 = CARTESIAN_POINT('',(-68.21879648803,49.000000000236,0.));
#5284 = PCURVE('',#4355,#5285);
#5285 = DEFINITIONAL_REPRESENTATION('',(#5286),#5345);
#5286 = B_SPLINE_CURVE_WITH_KNOTS('',8,(#5287,#5288,#5289,#5290,#5291,
    #5292,#5293,#5294,#5295,#5296,#5297,#5298,#5299,#5300,#5301,#5302,
    #5303,#5304,#5305,#5306,#5307,#5308,#5309,#5310,#5311,#5312,#5313,
    #5314,#5315,#5316,#5317,#5318,#5319,#5320,#5321,#5322,#5323,#5324,
    #5325,#5326,#5327,#5328,#5329,#5330,#5331,#5332,#5333,#5334,#5335,
    #5336,#5337,#5338,#5339,#5340,#5341,#5342,#5343,#5344),
  .UNSPECIFIED.,.F.,.F.,(9,7,7,7,7,7,7,7,9),(0.,2.653340170967E-02,
    4.596562168543E-02,7.801431199837E-02,0.153643079327,0.321241868923,
    0.484308181499,0.750698949278,1.),.UNSPECIFIED.);
#5287 = CARTESIAN_POINT('',(0.,142.00250156445));
#5288 = CARTESIAN_POINT('',(9.396562138047E-03,142.00250156445));
#5289 = CARTESIAN_POINT('',(1.879559167291E-02,142.001829574));
#5290 = CARTESIAN_POINT('',(2.815211604966E-02,142.0004852596));
#5291 = CARTESIAN_POINT('',(3.742926220101E-02,141.9984886189));
#5292 = CARTESIAN_POINT('',(4.659744338111E-02,141.99587490555));
#5293 = CARTESIAN_POINT('',(5.563354599952E-02,141.99268955413));
#5294 = CARTESIAN_POINT('',(6.452011645503E-02,141.98898310497));
#5295 = CARTESIAN_POINT('',(7.963404428105E-02,141.98174704474));
#5296 = CARTESIAN_POINT('',(8.593868639402E-02,141.97843462795));
#5297 = CARTESIAN_POINT('',(9.215591252333E-02,141.97488763442));
#5298 = CARTESIAN_POINT('',(9.828450686526E-02,141.9711243452));
#5299 = CARTESIAN_POINT('',(0.104324453112,141.96716220385));
#5300 = CARTESIAN_POINT('',(0.110276787965,141.96301745359));
#5301 = CARTESIAN_POINT('',(0.116143454652,141.95870477448));
#5302 = CARTESIAN_POINT('',(0.131465956823,141.94686828918));
#5303 = CARTESIAN_POINT('',(0.14077636899,141.93907983002));
#5304 = CARTESIAN_POINT('',(0.149872290341,141.930928466));
#5305 = CARTESIAN_POINT('',(0.158766940474,141.9224629547));
#5306 = CARTESIAN_POINT('',(0.167473174757,141.91372434188));
#5307 = CARTESIAN_POINT('',(0.176003797886,141.90474641505));
#5308 = CARTESIAN_POINT('',(0.184371877456,141.89555615696));
#5309 = CARTESIAN_POINT('',(0.211986747364,141.8640345766));
#5310 = CARTESIAN_POINT('',(0.230531770026,141.84085200839));
#5311 = CARTESIAN_POINT('',(0.248405052945,141.81690234691));
#5312 = CARTESIAN_POINT('',(0.265714190257,141.79236368153));
#5313 = CARTESIAN_POINT('',(0.28254102566,141.7673635005));
#5314 = CARTESIAN_POINT('',(0.298955389725,141.74199239394));
#5315 = CARTESIAN_POINT('',(0.315016563073,141.71630524365));
#5316 = CARTESIAN_POINT('',(0.365719460957,141.63276971231));
#5317 = CARTESIAN_POINT('',(0.399138105988,141.57390702459));
#5318 = CARTESIAN_POINT('',(0.431566388647,141.51422158328));
#5319 = CARTESIAN_POINT('',(0.463228378865,141.45393950278));
#5320 = CARTESIAN_POINT('',(0.49431241482,141.39323584843));
#5321 = CARTESIAN_POINT('',(0.524936604322,141.33220727736));
#5322 = CARTESIAN_POINT('',(0.555208926361,141.27091891946));
#5323 = CARTESIAN_POINT('',(0.614418193023,141.14953855537));
#5324 = CARTESIAN_POINT('',(0.643356218501,141.08948608686));
#5325 = CARTESIAN_POINT('',(0.672104908506,141.02928973681));
#5326 = CARTESIAN_POINT('',(0.700717348115,140.96898712862));
#5327 = CARTESIAN_POINT('',(0.72923535729,140.90860770983));
#5328 = CARTESIAN_POINT('',(0.757694281894,140.84817575522));
#5329 = CARTESIAN_POINT('',(0.786125448758,140.7877118778));
#5330 = CARTESIAN_POINT('',(0.861001881808,140.62843273952));
#5331 = CARTESIAN_POINT('',(0.907444794567,140.52959731825));
#5332 = CARTESIAN_POINT('',(0.954004221203,140.4308029425));
#5333 = CARTESIAN_POINT('',(1.000775028256,140.3321138057));
#5334 = CARTESIAN_POINT('',(1.047839277765,140.23358863221));
#5335 = CARTESIAN_POINT('',(1.095274456518,140.13528508939));
#5336 = CARTESIAN_POINT('',(1.143158407492,140.03726211598));
#5337 = CARTESIAN_POINT('',(1.236877717749,139.84816478895));
#5338 = CARTESIAN_POINT('',(1.282644992288,139.75705303963));
#5339 = CARTESIAN_POINT('',(1.328939653628,139.66629335071));
#5340 = CARTESIAN_POINT('',(1.375827893436,139.57594138821));
#5341 = CARTESIAN_POINT('',(1.423378433435,139.48606130137));
#5342 = CARTESIAN_POINT('',(1.471665730365,139.39672697191));
#5343 = CARTESIAN_POINT('',(1.520773180937,139.30802326335));
#5344 = CARTESIAN_POINT('',(1.570796326795,139.22004727025));
#5345 = ( GEOMETRIC_REPRESENTATION_CONTEXT(2) 
PARAMETRIC_REPRESENTATION_CONTEXT() REPRESENTATION_CONTEXT('2D SPACE',''
  ) );
#5346 = PCURVE('',#4384,#5347);
#5347 = DEFINITIONAL_REPRESENTATION('',(#5348),#5407);
#5348 = B_SPLINE_CURVE_WITH_KNOTS('',8,(#5349,#5350,#5351,#5352,#5353,
    #5354,#5355,#5356,#5357,#5358,#5359,#5360,#5361,#5362,#5363,#5364,
    #5365,#5366,#5367,#5368,#5369,#5370,#5371,#5372,#5373,#5374,#5375,
    #5376,#5377,#5378,#5379,#5380,#5381,#5382,#5383,#5384,#5385,#5386,
    #5387,#5388,#5389,#5390,#5391,#5392,#5393,#5394,#5395,#5396,#5397,
    #5398,#5399,#5400,#5401,#5402,#5403,#5404,#5405,#5406),
  .UNSPECIFIED.,.F.,.F.,(9,7,7,7,7,7,7,7,9),(0.,2.653340170967E-02,
    4.596562168543E-02,7.801431199837E-02,0.153643079327,0.321241868923,
    0.484308181499,0.750698949278,1.),.UNSPECIFIED.);
#5349 = CARTESIAN_POINT('',(1.272649004451,3.14159265359));
#5350 = CARTESIAN_POINT('',(1.272649004451,3.150989215728));
#5351 = CARTESIAN_POINT('',(1.272451360982,3.160388245263));
#5352 = CARTESIAN_POINT('',(1.272055973077,3.169744769639));
#5353 = CARTESIAN_POINT('',(1.271468758628,3.179021915791));
#5354 = CARTESIAN_POINT('',(1.27070015182,3.188190096971));
#5355 = CARTESIAN_POINT('',(1.269763600567,3.197226199589));
#5356 = CARTESIAN_POINT('',(1.268674063953,3.206112770045));
#5357 = CARTESIAN_POINT('',(1.266547487928,3.221226697871));
#5358 = CARTESIAN_POINT('',(1.265574156394,3.227531339984));
#5359 = CARTESIAN_POINT('',(1.264532069022,3.233748566113));
#5360 = CARTESIAN_POINT('',(1.263426639682,3.239877160455));
#5361 = CARTESIAN_POINT('',(1.262263034973,3.245917106702));
#5362 = CARTESIAN_POINT('',(1.261046067044,3.251869441555));
#5363 = CARTESIAN_POINT('',(1.259780086408,3.257736108242));
#5364 = CARTESIAN_POINT('',(1.256306352111,3.273058610413));
#5365 = CARTESIAN_POINT('',(1.25402146064,3.28236902258));
#5366 = CARTESIAN_POINT('',(1.251631082757,3.291464943931));
#5367 = CARTESIAN_POINT('',(1.24914968125,3.300359594064));
#5368 = CARTESIAN_POINT('',(1.246589436002,3.309065828347));
#5369 = CARTESIAN_POINT('',(1.2439603807,3.317596451476));
#5370 = CARTESIAN_POINT('',(1.241270539555,3.325964531045));
#5371 = CARTESIAN_POINT('',(1.23204962767,3.353579400954));
#5372 = CARTESIAN_POINT('',(1.225276139839,3.372124423616));
#5373 = CARTESIAN_POINT('',(1.21828780812,3.389997706534));
#5374 = CARTESIAN_POINT('',(1.21113784615,3.407306843846));
#5375 = CARTESIAN_POINT('',(1.203864417593,3.42413367925));
#5376 = CARTESIAN_POINT('',(1.196494742541,3.440548043315));
#5377 = CARTESIAN_POINT('',(1.189045529728,3.456609216663));
#5378 = CARTESIAN_POINT('',(1.164861852862,3.507312114546));
#5379 = CARTESIAN_POINT('',(1.147883568351,3.540730759578));
#5380 = CARTESIAN_POINT('',(1.130737715015,3.573159042237));
#5381 = CARTESIAN_POINT('',(1.113495579878,3.604821032454));
#5382 = CARTESIAN_POINT('',(1.096212863431,3.63590506841));
#5383 = CARTESIAN_POINT('',(1.078921805617,3.666529257911));
#5384 = CARTESIAN_POINT('',(1.061645277099,3.69680157995));
#5385 = CARTESIAN_POINT('',(1.027610941162,3.756010846613));
#5386 = CARTESIAN_POINT('',(1.010859333174,3.784948872091));
#5387 = CARTESIAN_POINT('',(0.994157928925,3.813697562096));
#5388 = CARTESIAN_POINT('',(0.977520615199,3.842310001705));
#5389 = CARTESIAN_POINT('',(0.960958600276,3.87082801088));
#5390 = CARTESIAN_POINT('',(0.944481309793,3.899286935484));
#5391 = CARTESIAN_POINT('',(0.928096843096,3.927718102348));
#5392 = CARTESIAN_POINT('',(0.885208490977,4.002594535398));
#5393 = CARTESIAN_POINT('',(0.858872132848,4.049037448157));
#5394 = CARTESIAN_POINT('',(0.832833068898,4.095596874793));
#5395 = CARTESIAN_POINT('',(0.807115986065,4.142367681846));
#5396 = CARTESIAN_POINT('',(0.781741947626,4.189431931354));
#5397 = CARTESIAN_POINT('',(0.7567296271,4.236867110108));
#5398 = CARTESIAN_POINT('',(0.732095933423,4.284751061081));
#5399 = CARTESIAN_POINT('',(0.685171179579,4.378470371339));
#5400 = CARTESIAN_POINT('',(0.662832450901,4.424237645878));
#5401 = CARTESIAN_POINT('',(0.640851938295,4.470532307218));
#5402 = CARTESIAN_POINT('',(0.619241976587,4.517420547025));
#5403 = CARTESIAN_POINT('',(0.598015284528,4.564971087025));
#5404 = CARTESIAN_POINT('',(0.57718511081,4.613258383955));
#5405 = CARTESIAN_POINT('',(0.556765380076,4.662365834527));
#5406 = CARTESIAN_POINT('',(0.536770838934,4.712388980385));
#5407 = ( GEOMETRIC_REPRESENTATION_CONTEXT(2) 
PARAMETRIC_REPRESENTATION_CONTEXT() REPRESENTATION_CONTEXT('2D SPACE',''
  ) );
#5408 = ORIENTED_EDGE('',*,*,#4925,.F.);
#5409 = ADVANCED_FACE('',(#5410),#4489,.F.);
#5410 = FACE_BOUND('',#5411,.F.);
#5411 = EDGE_LOOP('',(#5412,#5413,#5414,#5436));
#5412 = ORIENTED_EDGE('',*,*,#4474,.F.);
#5413 = ORIENTED_EDGE('',*,*,#5036,.F.);
#5414 = ORIENTED_EDGE('',*,*,#5415,.T.);
#5415 = EDGE_CURVE('',#4855,#4747,#5416,.T.);
#5416 = SURFACE_CURVE('',#5417,(#5422,#5429),.PCURVE_S1.);
#5417 = CIRCLE('',#5418,3.4);
#5418 = AXIS2_PLACEMENT_3D('',#5419,#5420,#5421);
#5419 = CARTESIAN_POINT('',(72.,46.75,1.));
#5420 = DIRECTION('',(0.,0.,1.));
#5421 = DIRECTION('',(-0.293749769933,0.955882352941,0.));
#5422 = PCURVE('',#4489,#5423);
#5423 = DEFINITIONAL_REPRESENTATION('',(#5424),#5428);
#5424 = LINE('',#5425,#5426);
#5425 = CARTESIAN_POINT('',(0.,3.14159265359));
#5426 = VECTOR('',#5427,1.);
#5427 = DIRECTION('',(1.,0.));
#5428 = ( GEOMETRIC_REPRESENTATION_CONTEXT(2) 
PARAMETRIC_REPRESENTATION_CONTEXT() REPRESENTATION_CONTEXT('2D SPACE',''
  ) );
#5429 = PCURVE('',#4762,#5430);
#5430 = DEFINITIONAL_REPRESENTATION('',(#5431),#5435);
#5431 = LINE('',#5432,#5433);
#5432 = CARTESIAN_POINT('',(-1.868943649139,-1.));
#5433 = VECTOR('',#5434,1.);
#5434 = DIRECTION('',(-1.,0.));
#5435 = ( GEOMETRIC_REPRESENTATION_CONTEXT(2) 
PARAMETRIC_REPRESENTATION_CONTEXT() REPRESENTATION_CONTEXT('2D SPACE',''
  ) );
#5436 = ORIENTED_EDGE('',*,*,#5437,.T.);
#5437 = EDGE_CURVE('',#4747,#4447,#5438,.T.);
#5438 = SURFACE_CURVE('',#5439,(#5498,#5560),.PCURVE_S1.);
#5439 = B_SPLINE_CURVE_WITH_KNOTS('',8,(#5440,#5441,#5442,#5443,#5444,
    #5445,#5446,#5447,#5448,#5449,#5450,#5451,#5452,#5453,#5454,#5455,
    #5456,#5457,#5458,#5459,#5460,#5461,#5462,#5463,#5464,#5465,#5466,
    #5467,#5468,#5469,#5470,#5471,#5472,#5473,#5474,#5475,#5476,#5477,
    #5478,#5479,#5480,#5481,#5482,#5483,#5484,#5485,#5486,#5487,#5488,
    #5489,#5490,#5491,#5492,#5493,#5494,#5495,#5496,#5497),
  .UNSPECIFIED.,.F.,.F.,(9,7,7,7,7,7,7,7,9),(0.,2.653340152583E-02,
    4.596562137411E-02,7.801431147674E-02,0.15364307831,0.321241866812,
    0.484308178324,0.750698944367,1.),.UNSPECIFIED.);
#5440 = CARTESIAN_POINT('',(75.25,45.751250782228,1.));
#5441 = CARTESIAN_POINT('',(75.25,45.751250782228,0.990603437866));
#5442 = CARTESIAN_POINT('',(75.249899065904,45.750578791774,
    0.981204396577));
#5443 = CARTESIAN_POINT('',(75.249697181987,45.749234477376,
    0.971849151209));
#5444 = CARTESIAN_POINT('',(75.24939693077,45.747237836677,
    0.962575810679));
#5445 = CARTESIAN_POINT('',(75.249002849722,45.744624123336,
    0.953415086754));
#5446 = CARTESIAN_POINT('',(75.248520787954,45.741438771912,
    0.944391063073));
#5447 = CARTESIAN_POINT('',(75.247957262912,45.737732322756,
    0.93552196416));
#5448 = CARTESIAN_POINT('',(75.246851239646,45.730496262537,
    0.920448559543));
#5449 = CARTESIAN_POINT('',(75.246343334209,45.727183845744,
    0.91416423544));
#5450 = CARTESIAN_POINT('',(75.245797495625,45.723636852214,
    0.907970745725));
#5451 = CARTESIAN_POINT('',(75.245216057564,45.719873562996,
    0.90186949044));
#5452 = CARTESIAN_POINT('',(75.244601243326,45.715911421646,
    0.895860631049));
#5453 = CARTESIAN_POINT('',(75.243955116662,45.71176667139,
    0.889943245415));
#5454 = CARTESIAN_POINT('',(75.243279532595,45.707453992283,
    0.884115482767));
#5455 = CARTESIAN_POINT('',(75.241415928958,45.695617506978,0.8689067335
    ));
#5456 = CARTESIAN_POINT('',(75.240180344474,45.687829047819,
    0.85967808926));
#5457 = CARTESIAN_POINT('',(75.238876415302,45.679677683801,
    0.850675241763));
#5458 = CARTESIAN_POINT('',(75.237510232179,45.671212172501,
    0.84188519781));
#5459 = CARTESIAN_POINT('',(75.236086922178,45.662473559688,
    0.833295244377));
#5460 = CARTESIAN_POINT('',(75.234610674819,45.65349563286,
    0.824892677795));
#5461 = CARTESIAN_POINT('',(75.233084768185,45.644305374766,
    0.816664532936));
#5462 = CARTESIAN_POINT('',(75.227799207867,45.612783794409,
    0.789560217926));
#5463 = CARTESIAN_POINT('',(75.223827697833,45.589601226205,
    0.771440352358));
#5464 = CARTESIAN_POINT('',(75.219629445911,45.565651564733,
    0.754060384945));
#5465 = CARTESIAN_POINT('',(75.215225351748,45.541112899346,
    0.73731391962));
#5466 = CARTESIAN_POINT('',(75.210630810976,45.516112718321,
    0.721120225052));
#5467 = CARTESIAN_POINT('',(75.205856771805,45.490741611762,
    0.70541076483));
#5468 = CARTESIAN_POINT('',(75.200908994914,45.465054461476,
    0.690128036837));
#5469 = CARTESIAN_POINT('',(75.184441567335,45.38151893014,
    0.642173811969));
#5470 = CARTESIAN_POINT('',(75.172268490842,45.322656242421,
    0.611019895748));
#5471 = CARTESIAN_POINT('',(75.159318827658,45.262970801114,
    0.581248337907));
#5472 = CARTESIAN_POINT('',(75.145616815013,45.202688720608,
    0.552658321066));
#5473 = CARTESIAN_POINT('',(75.131183811571,45.141985066276,
    0.525085540915));
#5474 = CARTESIAN_POINT('',(75.116031958207,45.080956495193,
    0.498437491566));
#5475 = CARTESIAN_POINT('',(75.100168166183,45.019668137302,
    0.472634173432));
#5476 = CARTESIAN_POINT('',(75.067462018369,44.898287773204,
    0.423277865285));
#5477 = CARTESIAN_POINT('',(75.050664997458,44.838235304702,
    0.399693597799));
#5478 = CARTESIAN_POINT('',(75.033206479774,44.778038954651,
    0.376820230868));
#5479 = CARTESIAN_POINT('',(75.015092402877,44.717736346463,
    0.354632438118));
#5480 = CARTESIAN_POINT('',(74.996328380819,44.657356927674,
    0.333117181211));
#5481 = CARTESIAN_POINT('',(74.976919907712,44.596924973057,
    0.312269013766));
#5482 = CARTESIAN_POINT('',(74.956872421637,44.536461095642,
    0.292087793602));
#5483 = CARTESIAN_POINT('',(74.902405717101,44.377181957362,
    0.240708241994));
#5484 = CARTESIAN_POINT('',(74.866930581161,44.278346536092,
    0.210632846321));
#5485 = CARTESIAN_POINT('',(74.829789883627,44.179552160338,
    0.182375376076));
#5486 = CARTESIAN_POINT('',(74.791010547776,44.080863023543,
    0.155992384832));
#5487 = CARTESIAN_POINT('',(74.750623380456,43.982337850049,
    0.131563598501));
#5488 = CARTESIAN_POINT('',(74.708664033831,43.884034307233,
    0.109185724313));
#5489 = CARTESIAN_POINT('',(74.665173906015,43.78601133382,
    8.897069018736E-02));
#5490 = CARTESIAN_POINT('',(74.578113193685,43.596914004393,
    5.427570919237E-02));
#5491 = CARTESIAN_POINT('',(74.534728990877,43.505802250692,
    3.951162533842E-02));
#5492 = CARTESIAN_POINT('',(74.490087464254,43.415042560261,
    2.68622106685E-02));
#5493 = CARTESIAN_POINT('',(74.444235017978,43.324690597785,
    1.644617582519E-02));
#5494 = CARTESIAN_POINT('',(74.397227152794,43.234810508915,
    8.39604883792E-03));
#5495 = CARTESIAN_POINT('',(74.349130250568,43.145476173517,
    2.85942959394E-03));
#5496 = CARTESIAN_POINT('',(74.300023358821,43.05677245892,
    2.443093307595E-07));
#5497 = CARTESIAN_POINT('',(74.249999975259,42.968796473167,0.));
#5498 = PCURVE('',#4489,#5499);
#5499 = DEFINITIONAL_REPRESENTATION('',(#5500),#5559);
#5500 = B_SPLINE_CURVE_WITH_KNOTS('',8,(#5501,#5502,#5503,#5504,#5505,
    #5506,#5507,#5508,#5509,#5510,#5511,#5512,#5513,#5514,#5515,#5516,
    #5517,#5518,#5519,#5520,#5521,#5522,#5523,#5524,#5525,#5526,#5527,
    #5528,#5529,#5530,#5531,#5532,#5533,#5534,#5535,#5536,#5537,#5538,
    #5539,#5540,#5541,#5542,#5543,#5544,#5545,#5546,#5547,#5548,#5549,
    #5550,#5551,#5552,#5553,#5554,#5555,#5556,#5557,#5558),
  .UNSPECIFIED.,.F.,.F.,(9,7,7,7,7,7,7,7,9),(0.,2.653340152583E-02,
    4.596562137411E-02,7.801431147674E-02,0.15364307831,0.321241866812,
    0.484308178324,0.750698944367,1.),.UNSPECIFIED.);
#5501 = CARTESIAN_POINT('',(4.116094335696,3.14159265359));
#5502 = CARTESIAN_POINT('',(4.116094335696,3.150989215724));
#5503 = CARTESIAN_POINT('',(4.115896692227,3.160388245255));
#5504 = CARTESIAN_POINT('',(4.115501304323,3.169744769627));
#5505 = CARTESIAN_POINT('',(4.114914089875,3.179021915775));
#5506 = CARTESIAN_POINT('',(4.114145483067,3.188190096951));
#5507 = CARTESIAN_POINT('',(4.113208931815,3.197226199566));
#5508 = CARTESIAN_POINT('',(4.112119395202,3.206112770018));
#5509 = CARTESIAN_POINT('',(4.109992819179,3.221226697841));
#5510 = CARTESIAN_POINT('',(4.109019487645,3.227531339954));
#5511 = CARTESIAN_POINT('',(4.107977400273,3.233748566083));
#5512 = CARTESIAN_POINT('',(4.106871970933,3.239877160425));
#5513 = CARTESIAN_POINT('',(4.105708366225,3.245917106671));
#5514 = CARTESIAN_POINT('',(4.104491398296,3.251869441525));
#5515 = CARTESIAN_POINT('',(4.10322541766,3.257736108212));
#5516 = CARTESIAN_POINT('',(4.099751683364,3.273058610383));
#5517 = CARTESIAN_POINT('',(4.097466791893,3.28236902255));
#5518 = CARTESIAN_POINT('',(4.09507641401,3.291464943901));
#5519 = CARTESIAN_POINT('',(4.092595012504,3.300359594034));
#5520 = CARTESIAN_POINT('',(4.090034767256,3.309065828317));
#5521 = CARTESIAN_POINT('',(4.087405711955,3.317596451446));
#5522 = CARTESIAN_POINT('',(4.08471587081,3.325964531015));
#5523 = CARTESIAN_POINT('',(4.075494958927,3.353579400924));
#5524 = CARTESIAN_POINT('',(4.068721471096,3.372124423587));
#5525 = CARTESIAN_POINT('',(4.061733139378,3.389997706504));
#5526 = CARTESIAN_POINT('',(4.054583177408,3.407306843817));
#5527 = CARTESIAN_POINT('',(4.047309748851,3.424133679221));
#5528 = CARTESIAN_POINT('',(4.0399400738,3.440548043285));
#5529 = CARTESIAN_POINT('',(4.032490860987,3.456609216633));
#5530 = CARTESIAN_POINT('',(4.008307184123,3.507312114516));
#5531 = CARTESIAN_POINT('',(3.991328899611,3.54073075955));
#5532 = CARTESIAN_POINT('',(3.974183046277,3.573159042204));
#5533 = CARTESIAN_POINT('',(3.956940911138,3.604821032429));
#5534 = CARTESIAN_POINT('',(3.939658194695,3.635905068377));
#5535 = CARTESIAN_POINT('',(3.922367136878,3.666529257884));
#5536 = CARTESIAN_POINT('',(3.905090608362,3.69680157992));
#5537 = CARTESIAN_POINT('',(3.871056272425,3.756010846583));
#5538 = CARTESIAN_POINT('',(3.854304664437,3.784948872061));
#5539 = CARTESIAN_POINT('',(3.837603260188,3.813697562066));
#5540 = CARTESIAN_POINT('',(3.820965946462,3.842310001675));
#5541 = CARTESIAN_POINT('',(3.804403931539,3.87082801085));
#5542 = CARTESIAN_POINT('',(3.787926641056,3.899286935454));
#5543 = CARTESIAN_POINT('',(3.771542174359,3.927718102318));
#5544 = CARTESIAN_POINT('',(3.72865382224,4.002594535368));
#5545 = CARTESIAN_POINT('',(3.702317464111,4.049037448127));
#5546 = CARTESIAN_POINT('',(3.67627840016,4.095596874763));
#5547 = CARTESIAN_POINT('',(3.650561317326,4.142367681816));
#5548 = CARTESIAN_POINT('',(3.625187278888,4.189431931324));
#5549 = CARTESIAN_POINT('',(3.600174958361,4.236867110078));
#5550 = CARTESIAN_POINT('',(3.575541264684,4.284751061051));
#5551 = CARTESIAN_POINT('',(3.528616510245,4.378470372496));
#5552 = CARTESIAN_POINT('',(3.50627778156,4.42423765206));
#5553 = CARTESIAN_POINT('',(3.484297267875,4.470532312275));
#5554 = CARTESIAN_POINT('',(3.462687304625,4.517420547982));
#5555 = CARTESIAN_POINT('',(3.44146061194,4.564971088688));
#5556 = CARTESIAN_POINT('',(3.420630439148,4.613258394973));
#5557 = CARTESIAN_POINT('',(3.40021070928,4.662365854892));
#5558 = CARTESIAN_POINT('',(3.380216163574,4.712388980385));
#5559 = ( GEOMETRIC_REPRESENTATION_CONTEXT(2) 
PARAMETRIC_REPRESENTATION_CONTEXT() REPRESENTATION_CONTEXT('2D SPACE',''
  ) );
#5560 = PCURVE('',#4462,#5561);
#5561 = DEFINITIONAL_REPRESENTATION('',(#5562),#5621);
#5562 = B_SPLINE_CURVE_WITH_KNOTS('',8,(#5563,#5564,#5565,#5566,#5567,
    #5568,#5569,#5570,#5571,#5572,#5573,#5574,#5575,#5576,#5577,#5578,
    #5579,#5580,#5581,#5582,#5583,#5584,#5585,#5586,#5587,#5588,#5589,
    #5590,#5591,#5592,#5593,#5594,#5595,#5596,#5597,#5598,#5599,#5600,
    #5601,#5602,#5603,#5604,#5605,#5606,#5607,#5608,#5609,#5610,#5611,
    #5612,#5613,#5614,#5615,#5616,#5617,#5618,#5619,#5620),
  .UNSPECIFIED.,.F.,.F.,(9,7,7,7,7,7,7,7,9),(0.,2.653340152583E-02,
    4.596562137411E-02,7.801431147674E-02,0.15364307831,0.321241866812,
    0.484308178324,0.750698944367,1.),.UNSPECIFIED.);
#5563 = CARTESIAN_POINT('',(0.,91.502501564456));
#5564 = CARTESIAN_POINT('',(9.396562134049E-03,91.502501564456));
#5565 = CARTESIAN_POINT('',(1.879559166479E-02,91.501829574002));
#5566 = CARTESIAN_POINT('',(2.815211603751E-02,91.500485259604));
#5567 = CARTESIAN_POINT('',(3.742926218497E-02,91.498488618905));
#5568 = CARTESIAN_POINT('',(4.659744336135E-02,91.495874905564));
#5569 = CARTESIAN_POINT('',(5.563354597615E-02,91.49268955414));
#5570 = CARTESIAN_POINT('',(6.452011642818E-02,91.488983104984));
#5571 = CARTESIAN_POINT('',(7.963404425088E-02,91.481747044765));
#5572 = CARTESIAN_POINT('',(8.593868636382E-02,91.478434627972));
#5573 = CARTESIAN_POINT('',(9.215591249314E-02,91.474887634442));
#5574 = CARTESIAN_POINT('',(9.828450683507E-02,91.471124345224));
#5575 = CARTESIAN_POINT('',(0.104324453082,91.467162203875));
#5576 = CARTESIAN_POINT('',(0.110276787935,91.463017453618));
#5577 = CARTESIAN_POINT('',(0.116143454622,91.458704774511));
#5578 = CARTESIAN_POINT('',(0.131465956793,91.446868289206));
#5579 = CARTESIAN_POINT('',(0.14077636896,91.439079830047));
#5580 = CARTESIAN_POINT('',(0.149872290311,91.430928466029));
#5581 = CARTESIAN_POINT('',(0.158766940444,91.422462954729));
#5582 = CARTESIAN_POINT('',(0.167473174727,91.413724341916));
#5583 = CARTESIAN_POINT('',(0.176003797856,91.404746415088));
#5584 = CARTESIAN_POINT('',(0.184371877426,91.395556156994));
#5585 = CARTESIAN_POINT('',(0.211986747334,91.364034576637));
#5586 = CARTESIAN_POINT('',(0.230531769997,91.340852008433));
#5587 = CARTESIAN_POINT('',(0.248405052914,91.316902346961));
#5588 = CARTESIAN_POINT('',(0.265714190227,91.292363681574));
#5589 = CARTESIAN_POINT('',(0.282541025631,91.26736350055));
#5590 = CARTESIAN_POINT('',(0.298955389695,91.24199239399));
#5591 = CARTESIAN_POINT('',(0.315016563044,91.216305243704));
#5592 = CARTESIAN_POINT('',(0.365719460927,91.132769712368));
#5593 = CARTESIAN_POINT('',(0.39913810596,91.073907024649));
#5594 = CARTESIAN_POINT('',(0.431566388615,91.014221583343));
#5595 = CARTESIAN_POINT('',(0.463228378839,90.953939502834));
#5596 = CARTESIAN_POINT('',(0.494312414788,90.893235848505));
#5597 = CARTESIAN_POINT('',(0.524936604294,90.832207277421));
#5598 = CARTESIAN_POINT('',(0.55520892633,90.77091891953));
#5599 = CARTESIAN_POINT('',(0.614418192993,90.649538555432));
#5600 = CARTESIAN_POINT('',(0.643356218471,90.58948608693));
#5601 = CARTESIAN_POINT('',(0.672104908476,90.529289736879));
#5602 = CARTESIAN_POINT('',(0.700717348085,90.468987128691));
#5603 = CARTESIAN_POINT('',(0.72923535726,90.408607709902));
#5604 = CARTESIAN_POINT('',(0.757694281864,90.348175755285));
#5605 = CARTESIAN_POINT('',(0.786125448728,90.28771187787));
#5606 = CARTESIAN_POINT('',(0.861001881778,90.12843273959));
#5607 = CARTESIAN_POINT('',(0.907444794537,90.02959731832));
#5608 = CARTESIAN_POINT('',(0.954004221173,89.930802942566));
#5609 = CARTESIAN_POINT('',(1.000775028227,89.832113805771));
#5610 = CARTESIAN_POINT('',(1.047839277735,89.733588632277));
#5611 = CARTESIAN_POINT('',(1.095274456488,89.635285089461));
#5612 = CARTESIAN_POINT('',(1.143158407462,89.537262116048));
#5613 = CARTESIAN_POINT('',(1.236877718906,89.348164786621));
#5614 = CARTESIAN_POINT('',(1.282644990553,89.25705303292));
#5615 = CARTESIAN_POINT('',(1.328939656235,89.166293342489));
#5616 = CARTESIAN_POINT('',(1.375827903773,89.075941380013));
#5617 = CARTESIAN_POINT('',(1.423378445834,88.986061291143));
#5618 = CARTESIAN_POINT('',(1.471665734834,88.896726955745));
#5619 = CARTESIAN_POINT('',(1.520773177853,88.808023241149));
#5620 = CARTESIAN_POINT('',(1.570796351536,88.720047255395));
#5621 = ( GEOMETRIC_REPRESENTATION_CONTEXT(2) 
PARAMETRIC_REPRESENTATION_CONTEXT() REPRESENTATION_CONTEXT('2D SPACE',''
  ) );
#5622 = ADVANCED_FACE('',(#5623),#4384,.F.);
#5623 = FACE_BOUND('',#5624,.F.);
#5624 = EDGE_LOOP('',(#5625,#5626,#5627,#5628));
#5625 = ORIENTED_EDGE('',*,*,#4979,.F.);
#5626 = ORIENTED_EDGE('',*,*,#4950,.T.);
#5627 = ORIENTED_EDGE('',*,*,#5223,.T.);
#5628 = ORIENTED_EDGE('',*,*,#4367,.F.);
#5629 = ADVANCED_FACE('',(#5630),#4462,.F.);
#5630 = FACE_BOUND('',#5631,.F.);
#5631 = EDGE_LOOP('',(#5632,#5633,#5634,#5635));
#5632 = ORIENTED_EDGE('',*,*,#4504,.T.);
#5633 = ORIENTED_EDGE('',*,*,#4446,.T.);
#5634 = ORIENTED_EDGE('',*,*,#5437,.F.);
#5635 = ORIENTED_EDGE('',*,*,#4774,.F.);
#5636 = ADVANCED_FACE('',(#5637),#4762,.T.);
#5637 = FACE_BOUND('',#5638,.F.);
#5638 = EDGE_LOOP('',(#5639,#5640,#5641,#5642));
#5639 = ORIENTED_EDGE('',*,*,#4746,.T.);
#5640 = ORIENTED_EDGE('',*,*,#5415,.F.);
#5641 = ORIENTED_EDGE('',*,*,#4852,.F.);
#5642 = ORIENTED_EDGE('',*,*,#5006,.T.);
#5643 = ( GEOMETRIC_REPRESENTATION_CONTEXT(3) 
GLOBAL_UNCERTAINTY_ASSIGNED_CONTEXT((#5647)) 
GLOBAL_UNIT_ASSIGNED_CONTEXT((#5644,#5645,#5646)) REPRESENTATION_CONTEXT
('Context #1','3D Context with UNIT and UNCERTAINTY') );
#5644 = ( LENGTH_UNIT() NAMED_UNIT(*) SI_UNIT(.MILLI.,.METRE.) );
#5645 = ( NAMED_UNIT(*) PLANE_ANGLE_UNIT() SI_UNIT($,.RADIAN.) );
#5646 = ( NAMED_UNIT(*) SI_UNIT($,.STERADIAN.) SOLID_ANGLE_UNIT() );
#5647 = UNCERTAINTY_MEASURE_WITH_UNIT(LENGTH_MEASURE(1.E-05),#5644,
  'distance_accuracy_value','confusion accuracy');
#5648 = PRODUCT_RELATED_PRODUCT_CATEGORY('part',$,(#7));
#5649 = MECHANICAL_DESIGN_GEOMETRIC_PRESENTATION_REPRESENTATION('',(
    #5650),#5643);
#5650 = STYLED_ITEM('color',(#5651),#15);
#5651 = PRESENTATION_STYLE_ASSIGNMENT((#5652,#5658));
#5652 = SURFACE_STYLE_USAGE(.BOTH.,#5653);
#5653 = SURFACE_SIDE_STYLE('',(#5654));
#5654 = SURFACE_STYLE_FILL_AREA(#5655);
#5655 = FILL_AREA_STYLE('',(#5656));
#5656 = FILL_AREA_STYLE_COLOUR('',#5657);
#5657 = COLOUR_RGB('',0.800000010877,0.800000010877,0.901960800373);
#5658 = CURVE_STYLE('',#5659,POSITIVE_LENGTH_MEASURE(0.1),#5660);
#5659 = DRAUGHTING_PRE_DEFINED_CURVE_FONT('continuous');
#5660 = COLOUR_RGB('',9.803921802644E-02,9.803921802644E-02,
  9.803921802644E-02);
ENDSEC;
END-ISO-10303-21;
